DocId,Date,Title,Source
SPSP190302050313,19030205,開廠施粥,shunpao
SPSP192401271021,19240127,寧波,shunpao
SPSP192103131023,19210313,旅滬甬商關心桑梓敎育,shunpao
SPSP191812041002,19181204,商界主張改正稅則電,shunpao
SPSP190305080909,19030508,丁甘仁善士令堂壽儀令郞儀移助本堂安懷捐淸單,shunpao
SPSP191911121111,19191112,關於賑務之消息,shunpao
SPSP190710012003,19071001,五月初一日起至八月三十日止經收藥捐淸單,shunpao
SPSP190103260907,19010326,庚子臘月份諸善士各寳號樂助施米捐總數登左,shunpao
SPSP190403020909,19040302,癸卯十二月十七日至三十日止施米施衣及藥捐清單,shunpao
SPSP190401241003,19040124,十一月份經收月捐清單,shunpao
SPSP190302090903,19030209,眼前功德,shunpao
SPSP190110311001,19011031,八月朔日起至月望日止雜項捐清單,shunpao
SPSP190203170908,19020317,正月份月捐清單,shunpao
SPSP190403221001,19040322,正月份經收月捐清單,shunpao
SPSP190404281004,19040428,二月份經收月捐淸單,shunpao
SPSP190307011005,19030701,五月份經收月捐清單,shunpao
SPSP190305100905,19030510,三月份經收月捐淸單,shunpao
SPSP190304110908,19030411,二月份經收各善士寳號月捐淸單,shunpao
SPSP190211110905,19021111,九月份經收月捐淸單,shunpao
SPSP190203020907,19020302,米捐總數,shunpao
SPSP190201230905,19020123,十一月份經收月捐清單,shunpao
SPSP190112220907,19011222,十月分經收月捐清單,shunpao
SPSP190101290910,19010129,十一月月捐淸單,shunpao
SPSP194610060612,19461006,小姐交友不當心。·誤入毒門被牽連,shunpao
SPSP190206180906,19020618,四月份經收月捐清單,shunpao
SPSP190105021001,19010502,正二月捐淸單,shunpao
SPSP190009301004,19000930,七八月份月捐清單登左,shunpao
SPSP190602141106,19060214,乙巳十一月十三日至丙午元月初七日施米捐清單,shunpao
SPSP190406071001,19040607,三月份經收月捐清單,shunpao
SPSP190804122007,19080412,二月份經收月捐清單,shunpao
SPSP190608281003,19060828,五六月份經收月捐清單,shunpao
SPSP190101050909,19010105,十月份月捐淸單,shunpao
SPSP192008111107,19200811,旅滬台屬水災急賑會乞賑電,shunpao
SPSP190702041809,19070204,銅洋助賑第二次報告,shunpao
SPSP191209010729,19120901,來件,shunpao
SPSP191502230202,19150223,命令,shunpao
SPSP191110241903,19111024,華洋義賑會之交替譚,shunpao
SPSP190310281004,19031028,七八月月捐淸單,shunpao
SPSP190306141002,19030614,三四月份經收月捐清單,shunpao
SPSP190205160908,19020516,三月份經收月捐淸單,shunpao
SPSP190108251001,19010825,五六月份月捐,shunpao
SPSP190412031004,19041203,九月份經收月捐洋貨號秋季捐淸單,shunpao
SPSP190409031004,19040903,六月份經收月捐淸單,shunpao
SPSP190601031003,19060103,十月十一日份經收月捐清單,shunpao
SPSP190607071011,19060707,四月閏四月份經收月捐清單,shunpao
SPSP190312311004,19031231,十月經收月捐淸單,shunpao
SPSP190406241002,19040624,四月份經收月捐清單,shunpao
SPSP190611110909,19061111,七八月經收月捐淸單,shunpao
SPSP190809122603,19080912,經收七月份月捐清單,shunpao
SPSP190008030909,19000803,五六月份月捐清軍,shunpao
SPSP190302021201,19030202,光緖二十九年孟春日上海北市六馬路西首仁濟善堂同人陳作霖,shunpao
SPSP191701130205,19170113,又令,shunpao
SPSP192401111105,19240111,寧波,shunpao
SPSP191611051006,19161105,上海總商會致南京電,shunpao
SPSP194704190410,19470419,朱葆三路恢復原名,shunpao
SPSP192301150704,19230115,杭州快信,shunpao
SPSP190111130905,19011113,七八九月經收月捐淸單,shunpao
SPSP190011301001,19001130,閏八月九月月捐淸單,shunpao
SPSP190410261002,19041026,七八月份經收月捐清單,shunpao
SPSP190604301001,19060430,正二三月經收月捐清單,shunpao
SPSP190705012009,19070501,正二月份經收月捐清單,shunpao
SPSP190709202009,19070920,六七两月份經收月捐清單,shunpao
SPSP191810111016,19181011,總商會電賀徐總統就任,shunpao
SPSP190112130315,19011213,澤被故鄉,shunpao
SPSP190909291914,19090929,官事。,shunpao
SPSP192407272203,19240727,醫訊一束,shunpao
SPSP190106290908,19010629,富貴壽考,shunpao
SPSP191707061110,19170706,紅會時疫醫院明日開幕,shunpao
SPSP191611051005,19161105,上海總商會又致北京電,shunpao
SPSP191205260205,19120526,寧波旅滬同鄕會電,shunpao
SPSP191904080710,19190408,南滙,shunpao
SPSP190107120314,19010712,仁術仁心,shunpao
SPSP189804020303,18980402,四明開礦,shunpao
SPSP191907261105,19190726,振餘廠控告總商會之結果,shunpao
SPSP190511031007,19051103,定期施粥,shunpao
SPSP190302120906,19030212,功德無量,shunpao
SPSP190707152004,19070715,滬北天后宫前廣益善堂三四五月經收月捐淸單,shunpao
SPSP190807142801,19080714,廣肇公所收捐報告,shunpao
SPSP190808142706,19080814,經收六月份月捐清單,shunpao
SPSP194706270425,19470627,溪口路恢復原名　仍稱為朱葆三路,shunpao
SPSP190205230308,19020523,速來領孩,shunpao
SPSP190511161003,19051116,戲資助賑,shunpao
SPSP190407270909,19040727,保赤慈幼,shunpao
SPSP190209120905,19020912,先聲之導,shunpao
SPSP190301120904,19030112,有求必應,shunpao
SPSP190104160314,19010416,册捐誌謝,shunpao
SPSP190009260905,19000926,永錫爾祉,shunpao
SPSP190509061103,19050906,美意延年,shunpao
SPSP190406120311,19040612,湯餅移捐,shunpao
SPSP190703101901,19070310,施種牛痘,shunpao
SPSP190003200908,19000320,錫爾純嘏,shunpao
SPSP190409071003,19040907,建醮捐淸單,shunpao
SPSP190409300301,19040930,放砲何爲,shunpao
SPSP190001140906,19000114,繼志述事,shunpao
SPSP190004150902,19000415,善捐誌谢,shunpao
SPSP190003290906,19000329,綏以多福,shunpao
SPSP190208070311,19020807,是乃仁術,shunpao
SPSP190310110310,19031011,施種牛痘,shunpao
SPSP190207300313,19020730,仁北慈隱惻,shunpao
SPSP190411100313,19041110,定期施粥,shunpao
SPSP190603291903,19060329,義塾增額,shunpao
SPSP192006161113,19200616,湖北義賑會之結束,shunpao
SPSP189912170904,18991217,及時施濟,shunpao
SPSP190011050909,19001105,康彊逢吉,shunpao
SPSP191012141804,19101214,華洋義振會會塲紀事續誌,shunpao
SPSP192008011108,19200801,四明公所募捐消息,shunpao
SPSP190307031006,19030703,樂善可風,shunpao
SPSP190011290905,19001129,同修善果,shunpao
SPSP190411180310,19041118,推解情殷,shunpao
SPSP190508111206,19050811,自求多福,shunpao
SPSP190512121007,19051212,自求多福,shunpao
SPSP190601161102,19060116,羣黎徧德,shunpao
SPSP190607151016,19060715,閏四月廿一日至五月二十日施藥捐清單,shunpao
SPSP190808071905,19080807,禀准保護善舉,shunpao
SPSP192403201405,19240320,旅滬甬人請免調寗波稅務司,shunpao
SPSP190003040905,19000304,功德無量,shunpao
SPSP190101010907,19010101,善氣彌綸,shunpao
SPSP190011060906,19001106,筵資移助,shunpao
SPSP190011130907,19001113,種種陰功,shunpao
SPSP191911031109,19191103,關於賑務之消息,shunpao
SPSP190207210906,19020721,五月經收各寳號諸善士月捐清單,shunpao
SPSP190805162010,19080516,三月份經收月捐清單,shunpao
SPSP194206230422,19420623,麥蘭區,shunpao
SPSP191510061008,19151006,籌議擴張餘干煤礦紀聞,shunpao
SPSP190307031007,19030703,施醫贈藥一文愿册捐清單,shunpao
SPSP190307120907,19030712,明德惟馨,shunpao
SPSP190109210313,19010921,勸節中秋筵資以充善舉說,shunpao
SPSP190210050309,19021005,善欵彚登,shunpao
SPSP190210270313,19021027,善捐誌謝,shunpao
SPSP190201160904,19020116,福並增,shunpao
SPSP190112090314,19011209,定期施粥,shunpao
SPSP190203260906,19020326,加福增夀,shunpao
SPSP190207270310,19020727,降福孔多,shunpao
SPSP190411120316,19041112,添設西塾,shunpao
SPSP190407110906,19040711,孝思維則,shunpao
SPSP190410250313,19041025,至諴感神,shunpao
SPSP190602021108,19060202,華英兩塾,shunpao
SPSP190507260311,19050726,寓滬浙省紳商議定自辦全浙鐵路致京師各電,shunpao
SPSP190907102611,19090710,賑務,shunpao
SPSP190908292604,19090829,第三次清單,shunpao
SPSP191704111102,19170411,商界挽留税務所長,shunpao
SPSP189911250314,18991125,有開必先,shunpao
SPSP190003060907,19000306,壽筵移助,shunpao
SPSP191205050726,19120505,來件,shunpao
SPSP191801311013,19180131,法領對於售劵助賑之諮詢,shunpao
SPSP194112050707,19411205,朱葆三路大火　俄救火員授獎,shunpao
SPSP192008031107,19200803,旅滬台人開會籌賑,shunpao
SPSP190308310311,19030831,再添名醫,shunpao
SPSP190309281002,19030928,法良意美,shunpao
SPSP190305210910,19030521,各洋貨號春季捐清單,shunpao
SPSP190302100312,19030210,康彊逢吉,shunpao
SPSP190211290310,19021129,修德獲報,shunpao
SPSP190204170903,19020417,馬路工程局紀事,shunpao
SPSP190204210907,19020421,施及其時,shunpao
SPSP190201020313,19020102,飢寒戴德,shunpao
SPSP190202170313,19020217,開廠施粥,shunpao
SPSP190203240315,19020324,恩膏疉沛,shunpao
SPSP190107110908,19010711,熾昌壽臧,shunpao
SPSP190012160904,19001216,法良意美,shunpao
SPSP190010080908,19001008,泉壤銘恩,shunpao
SPSP190206080312,19020608,請還捐册,shunpao
SPSP190104250906,19010425,仁施渥沛,shunpao
SPSP190010290910,19001029,廣益堂捐欵淸單,shunpao
SPSP190012300906,19001230,加福增壽,shunpao
SPSP190410140317,19041014,介爾景福,shunpao
SPSP190501280314,19050128,志切安懷,shunpao
SPSP190601061102,19060106,恩膏疉沛,shunpao
SPSP190602151201,19060215,情毁樂善,shunpao
SPSP190605141809,19060514,各洋貨號春季捐清單,shunpao
SPSP190604161812,19060416,介爾景福,shunpao
SPSP190403220307,19040322,恩深挾纊,shunpao
SPSP190403300906,19040330,樂善可風,shunpao
SPSP190703211902,19070321,丙午年冬季各洋貨號捐淸單,shunpao
SPSP190609061002,19060906,各洋寶號夏季清册,shunpao
SPSP192307041424,19230704,振務免費電照限滿展期,shunpao
SPSP189911160905,18991116,粥捐先聲,shunpao
SPSP190001110906,19000111,躊躇滿志,shunpao
SPSP190001150906,19000115,羣生蒙福,shunpao
SPSP190001170904,19000117,並邀天眷,shunpao
SPSP189912010909,18991201,挾纊銘恩,shunpao
SPSP190002090315,19000209,開廠施粥,shunpao
SPSP190005130905,19000513,惠澤旁敷,shunpao
SPSP190101180905,19010118,以善及人,shunpao
SPSP194107041002,19410704,擎杯慶祝,shunpao
SPSP192802051519,19280205,法公董局之通告,shunpao
SPSP192210251421,19221025,關於浙賑之孫寳琦覆電,shunpao
SPSP189306120404,18930612,澤被桑梓,shunpao
SPSP192609091513,19260909,法商會弔朱之一函　請總商會轉致,shunpao
SPSP192407181301,19240718,本埠新聞總商會選長昨又開匭未成　　省長已,shunpao
SPSP190208030311,19020803,得彩行善,shunpao
SPSP190208030904,19020803,俾熾俾昌,shunpao
SPSP190307151006,19030715,及時施惠,shunpao
SPSP190303290906,19030329,煦物皆春,shunpao
SPSP190212120905,19021212,崇實黜華,shunpao
SPSP190211260309,19021126,推解情深,shunpao
SPSP190301230309,19030123,實惠均沾,shunpao
SPSP190111200907,19011120,各洋貨號秋季捐清單,shunpao
SPSP190203160906,19020316,羣黎徧德,shunpao
SPSP190201020314,19020102,衆善奉行,shunpao
SPSP190112120312,19011212,望切解推,shunpao
SPSP190112150907,19011215,康彊逢吉,shunpao
SPSP190107160909,19010716,善舉同登,shunpao
SPSP190104180905,19010418,有開必先,shunpao
SPSP190103050312,19010305,開廠施粥,shunpao
SPSP190012110312,19001211,開廠施粥,shunpao
SPSP190108280909,19010828,各洋號季捐清單,shunpao
SPSP190105300909,19010530,各洋貨寳號春季捐,shunpao
SPSP190101270907,19010127,一口是求,shunpao
SPSP190403100313,19040310,施種牛痘,shunpao
SPSP190403150907,19040315,煦物皆春,shunpao
SPSP190403150908,19040315,癸卯冬季各洋貨寳號四季捐淸單,shunpao
SPSP190312111001,19031211,歡臚黎庶,shunpao
SPSP190412060313,19041206,施粥届期,shunpao
SPSP190407050909,19040705,救急功崇,shunpao
SPSP190402250312,19040225,開廠施粥,shunpao
SPSP190409270310,19040927,施種牛痘,shunpao
SPSP190410280908,19041028,吉人爲善,shunpao
SPSP190412231102,19041223,宏開,shunpao
SPSP190501170313,19050117,仁心爲質,shunpao
SPSP192209101414,19220910,寗波同鄉會乞賑之兩電,shunpao
SPSP189911130312,18991113,勸募棉衣,shunpao
SPSP189911260906,18991126,善捐誌謝,shunpao
SPSP190001010910,19000101,義粟仁漿,shunpao
SPSP190001100907,19000110,積善回天,shunpao
SPSP190001250906,19000125,藉免斯飢,shunpao
SPSP189912010310,18991201,定期施粥,shunpao
SPSP189911280908,18991128,情殷推解,shunpao
SPSP190005150906,19000515,善欵彚誌,shunpao
SPSP191806181021,19180618,廣益中醫院開幕,shunpao
SPSP190407271001,19040727,五月份且捐清單,shunpao
SPSP190002200907,19000220,已亥十二月份月捐年捐清單,shunpao
SPSP191309021009,19130902,洋行寄存砲彈之糾葛,shunpao
SPSP191607181102,19160718,第三區救火會之籌備,shunpao
SPSP191807211115,19180721,滬南廣益中醫院開幕記,shunpao
SPSP190208160308,19020816,福田廣種,shunpao
SPSP190208260309,19020826,厚德載福,shunpao
SPSP190308050311,19030805,施當其阨,shunpao
SPSP190308050312,19030805,太各翔洽,shunpao
SPSP190309180314,19030918,聞風興起,shunpao
SPSP190302170312,19030217,定期開塾,shunpao
SPSP190305250313,19030525,俾爾戢榖,shunpao
SPSP190205190913,19020519,各洋貨號四季捐淸單,shunpao
SPSP190212030310,19021203,推食食人,shunpao
SPSP190212160312,19021216,惠澤覃敷,shunpao
SPSP190212210906,19021221,貧病有依,shunpao
SPSP190211100310,19021110,休徵立至,shunpao
SPSP190204040314,19020404,遍呼將伯,shunpao
SPSP190203140908,19020314,去臘各洋貨號冬季捐清單,shunpao
SPSP190112150906,19011215,聿修厥德,shunpao
SPSP190112240314,19011224,藥石之言,shunpao
SPSP190107020313,19010702,請繳捐册,shunpao
SPSP190103070310,19010307,定期開塾并講鄕約,shunpao
SPSP190012150907,19001215,美意延年,shunpao
SPSP190106280906,19010628,善與人同,shunpao
SPSP190403020313,19040302,筵資造褔,shunpao
SPSP190403060314,19040306,定期開塾,shunpao
SPSP190312180311,19031218,定期施粥,shunpao
SPSP190412211003,19041221,德爲福基,shunpao
SPSP190409260311,19040926,如願以償,shunpao
SPSP190501290311,19050129,歌興飽德,shunpao
SPSP190501301005,19050130,筵資造福,shunpao
SPSP190603311806,19060331,煦物皆春,shunpao
SPSP190405020909,19040502,仁施稠疉,shunpao
SPSP190606121004,19060612,四月十二日至閏四月二十日施醫給藥捐清單,shunpao
SPSP190605111101,19060511,三月十四日至四月十一日止施藥捐育嬰捐清單,shunpao
SPSP190406030308,19040603,富貴壽考,shunpao
SPSP190406040310,19040604,仁施稠壘,shunpao
SPSP190507091107,19050709,同心行善,shunpao
SPSP190311300314,19031130,推解情殷,shunpao
SPSP192302101006,19230210,浙省長請赦李思浩,shunpao
SPSP192209041504,19220904,民達油廠獲獎,shunpao
SPSP190001010911,19000101,春回黍谷,shunpao
SPSP190001050310,19000105,添募棉衣,shunpao
SPSP190001060310,19000106,普沾實惠,shunpao
SPSP190001090903,19000109,載弄之璋,shunpao
SPSP189912131004,18991213,醫藥安懷册等捐清單,shunpao
SPSP190002160310,19000216,定期開塾,shunpao
SPSP190002240909,19000224,各洋貨寳號已亥冬季捐清單,shunpao
SPSP189911291002,18991129,各洋貨寶號秋季捐,shunpao
SPSP190008180905,19000818,各洋貨號夏季捐,shunpao
SPSP190005290310,19000529,添請各醫,shunpao
SPSP190011130906,19001113,預助粥捐,shunpao
SPSP190710070405,19071007,淞滬要聞,shunpao
SPSP192311281312,19231128,甬人請增警添械之覆電,shunpao
SPSP191705041102,19170504,反出售甬興輪船之近訊,shunpao
SPSP192008061109,19200806,四明公所募捐消息,shunpao
SPSP192107131113,19210713,寗波,shunpao
SPSP190310241003,19031024,七月初一日至八月十七日止施藥捐清單,shunpao
SPSP190304300314,19030430,孳孳爲善,shunpao
SPSP190212110906,19021211,羣黎徧德,shunpao
SPSP190203060308,19020306,續募春振,shunpao
SPSP190203100904,19020310,作善降祥,shunpao
SPSP190201210904,19020121,推解情殷,shunpao
SPSP190012090905,19001209,有美畢臻,shunpao
SPSP190012260905,19001226,厚惠有加,shunpao
SPSP190401020911,19040102,惠彼黎庶,shunpao
SPSP190409140311,19040914,定邀天眷,shunpao
SPSP190511301713,19051130,籌辦崇匯沙寳水災賑欵由屏號經收經放第八次淸單,shunpao
SPSP190603201807,19060320,願祝恆春,shunpao
SPSP190605181014,19060518,救急功崇,shunpao
SPSP190403261002,19040326,正月份經收施米捐施藥捐淸單,shunpao
SPSP190311290317,19031129,眼前功德,shunpao
SPSP190707142012,19070714,銅洋欵撥助雲南振濟,shunpao
SPSP190707142112,19070714,銅洋欵撥助雲南振濟,shunpao
SPSP190703231901,19070323,來函續添保赤,shunpao
SPSP192305101314,19230510,金淸輪肇事案判决後續聞,shunpao
SPSP190009070310,19000907,先聲之導,shunpao
SPSP190101210909,19010121,一視同仁,shunpao
SPSP191204300305,19120430,漢冶萍公司籲請護持電文,shunpao
SPSP191905061008,19190506,中行股東再致議和代表書,shunpao
SPSP192508031427,19250803,甬同鄉會選舉揭曉,shunpao
SPSP192308021506,19230802,甬同鄕會複選揭曉,shunpao
SPSP193604221311,19360422,特寫,shunpao
SPSP192601110872,19260111,花柳病指迷,shunpao
SPSP192601130878,19260113,花柳病指迷,shunpao
SPSP192403171408,19240317,大達輪步公司股東會紀,shunpao
SPSP192411201509,19241120,盛竹書等組織鎭海同鄉會,shunpao
SPSP192004151105,19200415,聯華總會年會紀,shunpao
SPSP191808041106,19180804,寗波同鄉特别大會紀事,shunpao
SPSP191810081110,19181008,小本成業會開會紀事,shunpao
SPSP191605160450,19160516,懷安施醫局特延陳伯威醫士耑治一切毒門花柳惡症,shunpao
SPSP192311270235,19231127,上海挹雲室敬謝,shunpao
SPSP190310271002,19031027,同心行善,shunpao
SPSP190109231001,19010923,六月廿四至七月三十止各善士樂助醫藥捐清單,shunpao
SPSP190303020904,19030302,延年却病,shunpao
SPSP190303120905,19030312,善捐誌謝,shunpao
SPSP190209270902,19020927,康彊逢吉,shunpao
SPSP190205050907,19020505,施當其阨,shunpao
SPSP190212250315,19021225,善欵彚登,shunpao
SPSP190211090307,19021109,預籌衣米,shunpao
SPSP190301180311,19030118,善捐併誌,shunpao
SPSP190201140903,19020114,貧民戴德,shunpao
SPSP190202240310,19020224,定期開塾,shunpao
SPSP190201270904,19020127,貧民戴德,shunpao
SPSP190207190311,19020719,添請醫士,shunpao
SPSP190412141002,19041214,挽回造化,shunpao
SPSP190602111205,19060211,定期開診,shunpao
SPSP190606171101,19060617,經收湖南被災賑款第二次清單,shunpao
SPSP190312270911,19031227,實惠均沽,shunpao
SPSP189911260905,18991126,共登仁壽,shunpao
SPSP190008240403,19000824,善欵彚登,shunpao
SPSP190007080905,19000708,與物同春,shunpao
SPSP191210180614,19121018,工商部電請赴會,shunpao
SPSP191107122002,19110712,衝撞,shunpao
SPSP192109291420,19210929,江浙皖水災義賑會紀事,shunpao
SPSP192405261425,19240526,定海同鄕會改選會董,shunpao
SPSP192004051111,19200405,廣濟醫院開幕紀,shunpao
SPSP192005081404,19200508,商界參觀英國兵艦紀,shunpao
SPSP190608250104,19060825,華商公議會廣告,shunpao
SPSP191509290116,19150929,商業會計所之露布,shunpao
SPSP192008141013,19200814,四明公所北廠募捐告成會紀,shunpao
SPSP194111021005,19411102,昨日愛多亞路　槍聲兩響,shunpao
SPSP190307270910,19030727,衆善奉行,shunpao
SPSP190205190309,19020519,完聚骨月,shunpao
SPSP190105210308,19010521,添醫初誌,shunpao
SPSP190102130907,19010213,九月至十二月二十日止除已登報章外藥捐計數,shunpao
SPSP190312080309,19031208,任卹風高,shunpao
SPSP190312150909,19031215,將伯助予,shunpao
SPSP190412111004,19041211,仁民愛物,shunpao
SPSP190501080311,19050108,總善流長,shunpao
SPSP190501090314,19050109,實惠均沾,shunpao
SPSP190407250909,19040725,作善降祥,shunpao
SPSP190408300910,19040830,惻隠爲懷,shunpao
SPSP190801232001,19080123,法租界捕房事　　馬長春吞没楊先山欵項方保初向永興洋行定貨不出均被控追由公堂飭提在案昨由包探將馬方先後帶入押候解訊某烟間經理陳阿金竊取烟鎗三枝及另星各物逃逸昨被店主傅春泉尋獲扭入押候訊究○小竊張亞五朱阿　[...],shunpao
SPSP190702271903,19070227,定期開診,shunpao
SPSP191604051019,19160405,委託參觀開籤之代表,shunpao
SPSP188904210908,18890421,上海虹口寳順里元濟善堂經收各善士樂助造堂捐欵第一次清單,shunpao
SPSP190003010904,19000301,旣飽乎德,shunpao
SPSP189912050312,18991205,善與人同,shunpao
SPSP189912180909,18991218,情殷祝嘏,shunpao
SPSP190002200906,19000220,惠而不費,shunpao
SPSP191110061801,19111006,天文臺報告,shunpao
SPSP192008211113,19200821,旅滬台人再電乞賑,shunpao
SPSP191605021041,19160502,介紹德醫朱壽田,shunpao
SPSP192407221306,19240722,朱葆三覆聞蘭亭等文,shunpao
SPSP192304251018,19230425,寗波,shunpao
SPSP191509231010,19150923,四明公所開會補誌,shunpao
SPSP194807240712,19480724,中華工商專科學校,shunpao
SPSP190309191001,19030919,閏五月六份經收月捐清單,shunpao
SPSP190302250905,19030225,壬寅十一月份經收月年捐捐洋貨號冬季捐淸單,shunpao
SPSP189611070311,18961107,英界公廨瑣案,shunpao
SPSP192008191026,19200819,慈善團合辦籌振會紀,shunpao
SPSP192307191410,19230719,朱葆三再介紹經乾堃入商會,shunpao
SPSP194702270433,19470227,本市簡訊,shunpao
SPSP190305290312,19030529,請繳捐册,shunpao
SPSP190305310315,19030531,添請醫士,shunpao
SPSP190209090301,19020909,上海官塲紀事,shunpao
SPSP190212290905,19021229,永保平安,shunpao
SPSP190112020312,19011202,安懷望切,shunpao
SPSP190207290911,19020729,五月初一至六月十一日止集福册捐等清單,shunpao
SPSP190312200313,19031220,澤及枯骨,shunpao
SPSP190409280907,19040928,救急功崇,shunpao
SPSP191803091022,19180309,視頌華孚銀行開幕,shunpao
SPSP189911190309,18991119,望切解推,shunpao
SPSP189911270901,18991127,皖學觀風,shunpao
SPSP190305630315,19030531,添請醫士,shunpao
SPSP192210151303,19221015,淞市政處對私圑圈地之主張,shunpao
SPSP190808301903,19080830,定海購運秈米,shunpao
SPSP192101041104,19210104,女子聖經學校之同樂會,shunpao
SPSP191808291134,19180829,山東路仁濟醫院誌謝,shunpao
SPSP191701101112,19170110,滬濱各校消息,shunpao
SPSP190703292006,19070329,華洋義振會經收捐欵第三十五次報告,shunpao
SPSP192404291704,19240429,平安旅社添新布置,shunpao
SPSP191810231003,19181023,總商會選舉會長之呈報,shunpao
SPSP192207021504,19220702,時役醫院開幕,shunpao
SPSP191803081108,19180308,電話自動機到申,shunpao
SPSP192206211305,19220621,旅滬浙人所接杭州覆電,shunpao
SPSP192609151408,19260915,英商會哀悼朱葆三請由會轉致,shunpao
SPSP192510271503,19251027,四明公所祿位升座,shunpao
SPSP192305191404,19230519,聯華總會歡送怡和經理回國,shunpao
SPSP192212291314,19221229,招商局股東之兩會議,shunpao
SPSP191803031102,19180303,慈善救濟會開會紀,shunpao
SPSP192106171112,19210617,上海時疫醫院定期開幕,shunpao
SPSP191908261011,19190826,總商會常會之三議案,shunpao
SPSP192406121504,19240612,逖百克律師返滬,shunpao
SPSP192601051611,19260105,醫訊,shunpao
SPSP192604091313,19260409,總商會明日開會董常會,shunpao
SPSP191712181004,19171218,定期公宴日本海軍軍官,shunpao
SPSP190311120314,19031112,預募棉衣,shunpao
SPSP190309011001,19030901,永綏福禄,shunpao
SPSP190306020909,19030602,三月初一日至四月三十集福册淸單,shunpao
SPSP190301040906,19030104,十月十七日至十一月望日安懷册捐清單,shunpao
SPSP190202270311,19020227,上海六馬路仁濟善堂施醫給藥啓,shunpao
SPSP190104061002,19010406,庚子冬季各洋貨寳號季捐,shunpao
SPSP190403070310,19040307,上海六馬路仁濟善堂施醫給藥開診啓,shunpao
SPSP190411140312,19041114,預募棉衣,shunpao
SPSP190406210307,19040621,添醫募欵,shunpao
SPSP190902061204,19090206,實業,shunpao
SPSP190810272701,19081027,日本歡迎美艦隊七誌,shunpao
SPSP189306030402,18930603,衆善共躋,shunpao
SPSP189306160406,18930616,堂宇落成布告同緣光臨啓,shunpao
SPSP189911140303,18991114,上海官塲紀事,shunpao
SPSP190001110905,19000111,仁心爲質,shunpao
SPSP191210180615,19121018,紅十字會之公電,shunpao
SPSP190411140307,19041114,起解棉衣,shunpao
SPSP190606121006,19060612,四馬路愼裕號經手第三次湖南賑捐清單,shunpao
SPSP190903131902,19090313,五誌租界食鹽事宜之交涉,shunpao
SPSP192401131315,19240113,法正領事昨日起程赴新,shunpao
SPSP192611281516,19261128,法租界外國酒店失愼,shunpao
SPSP192105101011,19210510,日輪大洋丸將抵滬,shunpao
SPSP191604010219,19160401,特聘西醫譚以禮設診華英藥房,shunpao
SPSP191811181106,19181118,商輪公司呈請備案,shunpao
SPSP194307230321,19430723,簡訊,shunpao
SPSP194712130420,19471213,私套外匯嫌疑兩起,shunpao
SPSP192407061520,19240706,來函,shunpao
SPSP192412172302,19241217,康成酒廠廉價二十一天,shunpao
SPSP192512042014,19251204,博郎餅乾到滬,shunpao
SPSP192308031102,19230803,杭州快信,shunpao
SPSP192012231118,19201223,加惠貧病之慈善家,shunpao
SPSP191505170107,19150517,遠東運動大會,shunpao
SPSP191809041024,19180904,滬商創辦釀酒廠,shunpao
SPSP191801201105,19180120,明强學校定期休假,shunpao
SPSP191706281020,19170628,明强學校預科畢業預誌,shunpao
SPSP194611040614,19461104,條用中國人名的路,shunpao
SPSP192312181420,19231218,時濟醫院昨日開幕,shunpao
SPSP192501031703,19250103,康成酒廠大廉價將届滿期,shunpao
SPSP192606132108,19260613,康成送禮之佳品,shunpao
SPSP192307211709,19230721,平安旅社注重淸潔,shunpao
SPSP191810101130,19181010,中華職業教育社特別通訊,shunpao
SPSP192206131310,19220613,舟山號輪船下水禮紀,shunpao
SPSP192111041530,19211104,又一挖租交涉,shunpao
SPSP191907251012,19190725,廣東銀行又開大宴會,shunpao
SPSP190801020303,19080102,旅漢浙江官商續開拒欵會,shunpao
SPSP192609141122,19260914,迷路女孩待領,shunpao
SPSP192103021104,19210302,台屬急振會續辦振米,shunpao
SPSP191810131315,19181013,介紹楊伯芳内科良醫濟世,shunpao
SPSP191708151023,19170815,閘北醫院添造病房,shunpao
SPSP191712221021,19171222,救濟婦孺會五周年大會預誌,shunpao
SPSP191611011003,19161101,産出,shunpao
SPSP192008181111,19200818,慈善團宴客籌賑,shunpao
SPSP191812131142,19181213,寜波同鄉會募捐近訊,shunpao
SPSP190212310308,19021231,叩募仁施,shunpao
SPSP190103060314,19010306,定期開診,shunpao
SPSP190103100314,19010310,上海六馬路仁濟善堂施醫給藥啓,shunpao
SPSP190206220308,19020622,痌瘝在抱,shunpao
SPSP190108150908,19010815,四月十六起至六月廿三日止藥捐,shunpao
SPSP190401151001,19040115,善捐誌謝,shunpao
SPSP190411161002,19041116,八月初二日至九月廿五日施藥捐有嬰捐清單,shunpao
SPSP190412290304,19041229,甬江寓滬諸紳商公禀外務部電文,shunpao
SPSP190501110311,19050111,亦衣亦食,shunpao
SPSP190512251004,19051225,有加無已,shunpao
SPSP190706192004,19070619,振務,shunpao
SPSP191010071911,19101007,縣批三則,shunpao
SPSP190004101001,19000410,本年正月至二月底止醫藥捐并各項捐清單,shunpao
SPSP191110211803,19111021,維持滬市之救急法,shunpao
SPSP192009271010,19200927,各方面之籌賑聲,shunpao
SPSP190605051005,19060505,商會經收舊金山賑欵第二次清單,shunpao
SPSP192503301707,19250330,舟山輪船股東會記,shunpao
SPSP192511211403,19251121,總商會今日開常會,shunpao
SPSP192512291606,19251229,廣益善堂前日行落成禮,shunpao
SPSP192210261409,19221026,中英人士祖餞英商務參贊紀,shunpao
SPSP192102031133,19210203,公布攔,shunpao
SPSP192111191514,19211119,華洋義振會消息,shunpao
SPSP191510040113,19151004,中國紅十字會敬謝吳炳章大善士以其令尊堂八十雙慶筵資撥助洋二百五十元,shunpao
SPSP192002071017,19200207,華豐銀行開幕,shunpao
SPSP190103270903,19010327,樹德務滋,shunpao
SPSP190612250103,19061225,中國圖書公司廣告,shunpao
SPSP190812152615,19081215,澤饑寒,shunpao
SPSP192401271702,19240127,罐頭食物將加贈品,shunpao
SPSP192609091605,19260909,同義善會新董事已舉足,shunpao
SPSP192609131606,19260913,總商會致朱荷三介紹會員函,shunpao
SPSP192212041305,19221204,浙災徵募大會開幕紀,shunpao
SPSP191608051011,19160805,警廳長並不調動,shunpao
SPSP192006241015,19200624,券物品交易所宴會與開會,shunpao
SPSP191509160315,19150916,特聘西醫譚以禮設診華英葯房,shunpao
SPSP191507191113,19150719,特聘西醫譚以禮設診華英葯房,shunpao
SPSP191801010225,19180101,德醫董振民,shunpao
SPSP191110211906,19111021,寗波同鄉致旅漢同鄉會電,shunpao
SPSP191910291113,19191029,總商會祝盧永祥壽之預備,shunpao
SPSP191905171009,19190517,護軍使再留總商會會長,shunpao
SPSP193607091514,19360709,永大洋行昨日開幕,shunpao
SPSP194703200204,19470320,滬上中共財產民盟實行接管,shunpao
SPSP190708102008,19070810,湖北廣益善堂代收淮海海賑捐淸單,shunpao
SPSP190612250511,19061225,英租界新　愛文　路六十四上海戒烟公局廣告號門牌　十一月十七日開辦恭奉　上諭嚴禁鴉片政務處亦有禁章五蒙各國欽使讚成無論　[...],shunpao
SPSP191007011802,19100701,本埠新聞L],shunpao
SPSP192707051528,19270705,來函,shunpao
SPSP192307231403,19230723,經乾堃入總商會案之通過,shunpao
SPSP191810121021,19181012,商界贊助職業學校之熱心,shunpao
SPSP191911191011,19191119,將有中日合辦大公司出現,shunpao
SPSP191905201113,19190520,盧護軍使再留總商會會長,shunpao
SPSP191812301106,19181230,救濟婦孺會六週會紀,shunpao
SPSP190607181008,19060718,愼裕號經手湖南賑第七次清單,shunpao
SPSP192609041316,19260904,朱葆三先生逝世後之哀音,shunpao
SPSP192607281514,19260728,法租界禁止發行俄僑獎劵,shunpao
SPSP192103281115,19210328,定海同鄉會選定正副會長,shunpao
SPSP192102211028,19210221,台屬急賑會接辦春賑,shunpao
SPSP191806221107,19180622,商會長歡宴新舊稅務所長,shunpao
SPSP191706111111,19170611,廣智學校募捐消息,shunpao
SPSP191707151128,19170715,請社員協同開票,shunpao
SPSP191912271018,19191227,贐别滬寧鐵路洋總管,shunpao
SPSP190509160403,19050916,匡助義舉,shunpao
SPSP190606221807,19060622,筵資助賑,shunpao
SPSP192503211310,19250321,總商會今日開會董臨時會,shunpao
SPSP192403211507,19240321,中法銀公司昨開董事會,shunpao
SPSP192604261604,19260426,三發洋行遷移擴充,shunpao
SPSP192605171906,19260517,飛雁牌罐頭食品運滬,shunpao
SPSP192704261311,19270426,一軍一師政治部招考宣傳員揭曉,shunpao
SPSP192906071527,19290607,金葉雙獅牌白蘭地贈品三天,shunpao
SPSP191610171102,19161017,徐道尹宴客,shunpao
SPSP192006141111,19200614,豐大銀行開幕,shunpao
SPSP192111201504,19211120,滬北地産公司之組織,shunpao
SPSP191601250208,19160125,特聘西醫譚以禮設診華英葯房,shunpao
SPSP191510021310,19151002,特聘西醫譚以禮設診華英葯房,shunpao
SPSP191810241003,19181024,總商會歡迎新職員之預備,shunpao
SPSP191805011117,19180501,關炯之夀辰預誌,shunpao
SPSP191805031003,19180503,法工部局之大宴會,shunpao
SPSP191804051026,19180405,總商會改期宴客,shunpao
SPSP191911021006,19191102,薩總領事缷任離滬之歡送,shunpao
SPSP191905171008,19190517,寗波同鄕會職員會紀聞,shunpao
SPSP193511251102,19351125,市聲,shunpao
SPSP194205220515,19420522,大同西煙行開幕,shunpao
SPSP190305300907,19030530,三月初一日至四月卅止藥捐淸單,shunpao
SPSP190204150909,19020415,正月朔日至二月二十九日止藥捐淸單,shunpao
SPSP190111300906,19011130,九月十六日至十月初十日止藥捐安懷册捐清單,shunpao
SPSP190403050312,19040305,定期施診,shunpao
SPSP190412020309,19041202,鴻嗷待哺,shunpao
SPSP190412120311,19041212,推食解衣,shunpao
SPSP190509201102,19050920,救急功崇,shunpao
SPSP190601181101,19060118,十月初二至十二月十二日施藥捐清單,shunpao
SPSP190704152002,19070415,振務,shunpao
SPSP190706122008,19070612,通信,shunpao
SPSP190706172002,19070617,振務,shunpao
SPSP190706082008,19070608,銅洋助振第五次報告清單,shunpao
SPSP190805222015,19080522,添醫募款,shunpao
SPSP190002150311,19000215,定期開診,shunpao
SPSP191206210721,19120621,來件,shunpao
SPSP191111292006,19111129,來函,shunpao
SPSP190606161003,19060616,愼裕經手湖南賑捐第五次清單,shunpao
SPSP192401201702,19240120,康成新印美女圖,shunpao
SPSP192605192107,19260519,康成造酒廠罐頭部運到大批食品,shunpao
SPSP192706171607,19270617,前夜民黨在檬姆歡宴,shunpao
SPSP192304271510,19230427,三區救火會更易主任,shunpao
SPSP192308031510,19230803,甬同鄉會新職員今日就職,shunpao
SPSP192206301410,19220630,霍亂症發現日多,shunpao
SPSP192203121604,19220312,演劇助賑皖災預誌,shunpao
SPSP192006071113,19200607,陜西義振會發起人宴客紀,shunpao
SPSP191510250310,19151025,特聘西醫譚以禮設診華英药房,shunpao
SPSP191606090213,19160609,聲明,shunpao
SPSP191606221110,19160622,仁濟醫院成績展覧會預誌,shunpao
SPSP191607081019,19160708,德醫董振民,shunpao
SPSP191612080905,19161208,特聘西醫譚以禮設診華英藥房,shunpao
SPSP192009221005,19200922,華洋義賑會公宴報界紀,shunpao
SPSP191909121114,19190912,一品香開幕續誌,shunpao
SPSP191902191113,19190219,滬南北廣益中醫院明日開診,shunpao
SPSP191901221035,19190122,美裕公司開幕,shunpao
SPSP194310070340,19431007,簡訊,shunpao
SPSP194310070440,19431007,簡訊,shunpao
SPSP194711080610,19471108,私立中華工商專校業經敎部核准立案,shunpao
SPSP192212221404,19221222,招商局股東歡迎檢查委員紀,shunpao
SPSP191808191011,19180819,中日實業公司之宴會,shunpao
SPSP189512030304,18951203,英廨會審,shunpao
SPSP191901070606,19190107,西報論中國關稅問題,shunpao
SPSP190705020201,19070502,黃懋章善十巨欵振,shunpao
SPSP190706122010,19070612,四月分代收淮徐海水災振捐清單,shunpao
SPSP190709022006,19070902,餅助振,shunpao
SPSP192401301509,19240130,挹雲室義賑近訊,shunpao
SPSP192701101119,19270110,滬西慈善團冬賑籌欵訊,shunpao
SPSP192201141517,19220114,興業公司開幕,shunpao
SPSP191704271002,19170427,寗波同鄉會維持航業,shunpao
SPSP191510301020,19151030,楊道尹之去思,shunpao
SPSP191506241009,19150624,時疫醫院開幕有期,shunpao
SPSP191712301103,19171230,送往迎來之宴會,shunpao
SPSP191004101905,19100410,海州待振之迫切,shunpao
SPSP191812041013,19181204,朱葆三辭取引所監查,shunpao
SPSP191911041012,19191104,中華實業大學籌備會預誌,shunpao
SPSP191909121109,19190912,辦理鄂皖賑務之消息,shunpao
SPSP191909041009,19190904,工部局華董問題之昨訊,shunpao
SPSP191908281005,19190828,美領贊助工部局加入華董,shunpao
SPSP193011081630,19301108,吴麟書明日舉殯,shunpao
SPSP194208110406,19420811,領取身份證等　如遇刁難准告發　整飭保甲綱紀必要措置,shunpao
SPSP190512110204,19051211,〔其六〕西員亦不以閧堂之事爲然,shunpao
SPSP190906301911,19090630,南市,shunpao
SPSP190910131909,19091013,救火聯合會選舉開票,shunpao
SPSP191007280316,19100728,上海時疫醫院仕商餋疴别墅新廣告,shunpao
SPSP192404151907,19240415,平安旅社改組後之刷新,shunpao
SPSP192312121528,19231212,時濟醫院選舉董事,shunpao
SPSP192605202006,19260520,醫訊,shunpao
SPSP192309031114,19230903,寗波,shunpao
SPSP192309291708,19230929,比國商業公司昨晚宴客,shunpao
SPSP192211121314,19221112,華顧問定期公宴工部局董事,shunpao
SPSP192211121504,19221112,浙同鄉歡迎葡公使誌,shunpao
SPSP192105251123,19210525,寗波旅滬同學會緩期開成立會,shunpao
SPSP192112181107,19211218,水災會代向甬同鄉乞振,shunpao
SPSP192202151603,19220215,汽車夫竊物收押候究,shunpao
SPSP192006011111,19200601,華茂彈花玻璃工廠開幕,shunpao
SPSP192105021104,19210502,國寳銀行開幕紀,shunpao
SPSP192110231416,19211023,滬上美國學校募捐團四誌,shunpao
SPSP191507241009,19150724,兩大實業之進行,shunpao
SPSP191805261015,19180526,兩商會公宴日商,shunpao
SPSP191702171110,19170217,政界會合宴客,shunpao
SPSP191704061018,19170406,森林會清明植樹,shunpao
SPSP191802171103,19180217,試造毛絨線之預備,shunpao
SPSP192009121002,19200912,軍政界歡讌新舊領袖總領事,shunpao
SPSP192008201114,19200820,呈請繼續發行塘工奬券,shunpao
SPSP191811061002,19181106,商募歐戰中事業經費,shunpao
SPSP191907311012,19190731,朱葆三復擔任商會會長說,shunpao
SPSP191902041113,19190204,查究投函借欵人,shunpao
SPSP192007110301,19200711,時評國民宣言之時機,shunpao
SPSP190304041002,19030404,正月初十至二月卅日藥捐清單,shunpao
SPSP190209170908,19020917,建醮捐淸單,shunpao
SPSP190703171904,19070317,銅洋助賑第四次報告,shunpao
SPSP191602131016,19160213,丐規改充濟益捐之規章,shunpao
SPSP191505261006,19150526,商會聨會聨合會之文稿,shunpao
SPSP191806011006,19180601,萬國商團華隊之十二週年紀念,shunpao
SPSP190009160905,19000916,六月初一至八月十五日藥捐登左,shunpao
SPSP191107111803,19110711,索還勸業會商股之公呈,shunpao
SPSP191103231901,19110323,旅滬甯波同鄉會職員表,shunpao
SPSP190501220909,19050122,十月十一月份經收月捐淸單,shunpao
SPSP192407171516,19240717,來函,shunpao
SPSP192401051024,19240105,寗波,shunpao
SPSP192601151721,19260115,康成造酒廠罐頭食物部大廉價,shunpao
SPSP192509291806,19250929,康成造酒廠營業發逹,shunpao
SPSP192305121805,19230512,徐君與張女士今日結婚,shunpao
SPSP191705051013,19170505,長生會開會紀略,shunpao
SPSP191704221102,19170422,洗衣作主中彈殞命五誌,shunpao
SPSP192004101007,19200410,華盛均記貿易公司宴會紀,shunpao
SPSP192108091421,19210809,煤業銀行開幕,shunpao
SPSP192011251103,19201125,寗波旅滬紳商歡迎寗台新鎭使紀,shunpao
SPSP192106031123,19210603,聯益會附設平價衣鞋所,shunpao
SPSP191605191004,19160519,六誌中交兩行之强弱,shunpao
SPSP191807191003,19180719,日美信託公司開幕,shunpao
SPSP191712101005,19171210,紀總商會之公宴外商,shunpao
SPSP191712251027,19171225,承租呢廠之就緒,shunpao
SPSP191706051013,19170605,四明公所之各業聯合會,shunpao
SPSP191611251112,19161125,同仁醫院紀念會舉定幹事員,shunpao
SPSP191205210713,19120521,組織國家保險公司,shunpao
SPSP191909291113,19190929,陳可良君開弔紀,shunpao
SPSP191811241002,19181124,華商訂期歡迎克蘭氏,shunpao
SPSP191901231038,19190123,慈善團聯合會開談話會,shunpao
SPSP193601012725,19360101,來函,shunpao
SPSP193404201403,19340420,滕白也承刻吳市長肖像,shunpao
SPSP193702251417,19370225,市府抗議上海大戲院案意領今晨答復,shunpao
SPSP191608071101,19160807,民國法律學校同學會紀事,shunpao
SPSP192006271105,19200627,四明公所宴會紀,shunpao
SPSP190808012203,19080801,華安水火人壽保險公司廣告,shunpao
SPSP190910042103,19091004,華安水火人壽保險公司廣告,shunpao
SPSP191007111308,19100711,華安水火人壽保險公司廣告,shunpao
SPSP191007261407,19100726,華安水火人壽保險公司廣告,shunpao
SPSP192502251525,19250225,两飯店夜不收市之科罰,shunpao
SPSP192502271525,19250227,两飯店夜不收市之科罰,shunpao
SPSP192611031311,19261103,朱宅喪務二誌,shunpao
SPSP192707311529,19270731,騙欵判押二月,shunpao
SPSP192305211408,19230521,甬同鄕會爲紙烟捐致浙長電,shunpao
SPSP192307131807,19230713,洋布聯益會選舉揭曉,shunpao
SPSP192207201516,19220720,潘家木橋之施診給藥所,shunpao
SPSP191704201003,19170420,關於滬巿金融之官商會議,shunpao
SPSP192203201613,19220320,定海旅滬同鄉會開第一週大會,shunpao
SPSP192109191018,19210919,江浙皖水災義賑會今日成立,shunpao
SPSP191609271620,19160927,中華銀行廣告,shunpao
SPSP189307190905,18930719,壽筵移賑,shunpao
SPSP191905131007,19190513,總商會爲佳電開特别會,shunpao
SPSP191811161109,19181116,李女士創設線廠續誌,shunpao
SPSP194006270812,19400627,金星影業公司成立,shunpao
SPSP190701141107,19070114,商會經收徐海等水灾賑款第九次淸單,shunpao
SPSP191010031904,19101003,浙江旅滬學會開週年大會,shunpao
SPSP192412121516,19241212,强搶旅客行李之押儆,shunpao
SPSP192503201420,19250320,上海國民銀行股東會紀,shunpao
SPSP192410090944,19241009,介紹儒醫曹松丞,shunpao
SPSP192610191008,19261019,追悼朱葆三大會籌備訊,shunpao
SPSP192512091415,19251209,國民拒毒會消息併誌,shunpao
SPSP192212221504,19221222,何豐林宴客紀,shunpao
SPSP192306081409,19230608,美國紐特賽會徵求商會歷史,shunpao
SPSP192105281120,19210528,寧波同鄉會消息,shunpao
SPSP191608211004,19160821,商會聯合會朱副會長辭職,shunpao
SPSP192006251114,19200625,坤範女學添設女工班,shunpao
SPSP191711261115,19171126,姨太太管理家産,shunpao
SPSP191612281004,19161228,會場執事,shunpao
SPSP191705271007,19170527,日本參謀次長赴漢,shunpao
SPSP191908071011,19190807,總商會長取消辭職,shunpao
SPSP190607121007,19060712,尚賢堂年曾報告,shunpao
SPSP192407221413,19240722,贛紳發起辦賑之宴會,shunpao
SPSP192407161407,19240716,上海時疫醫院昨日開幕,shunpao
SPSP192411170712,19241117,定海,shunpao
SPSP192502201513,19250220,黃包車夫串刦鈔票分别押儆,shunpao
SPSP192611040910,19261104,朱宅喪務三誌,shunpao
SPSP192905091613,19290509,黃黑藥水銷路暢達,shunpao
SPSP192308261405,19230826,台屬振災之滬訊,shunpao
SPSP192202081508,19220208,大同銀行開幕紀,shunpao
SPSP192202141604,19220214,兩醫士熱心義務之酬報,shunpao
SPSP191703141002,19170314,日暉呢廠債務業巳解决,shunpao
SPSP192008061113,19200806,各省乞賬之紛至,shunpao
SPSP192108071506,19210807,江順輪試車紀,shunpao
SPSP192108111415,19210811,日夜銀行開幕紀,shunpao
SPSP191807091009,19180709,梁士詒過滬赴港,shunpao
SPSP191101032701,19110103,振務華洋義賑會經募江皖義振本會因皖北之靈宿渦蒙亳州曁蘇省之邳州睢寗等處均患水災亟待振救經江皖督撫奏准仿丙午淮徐海辦法重行組織除飛電歐美日本各國分頭勸募外本埠收捐處由正金銀行鈴木君四馬路愼裕號朱葆三君經　[...],shunpao
SPSP192003171007,19200317,歡送麥克來氏歸國紀,shunpao
SPSP191910271005,19191027,今日迎送新舊美總領事大會之秩序,shunpao
SPSP191911281021,19191128,正利銀行開幕紀,shunpao
SPSP191909130715,19190913,寗波,shunpao
SPSP191909071106,19190907,建築商品陳列所工程逾半,shunpao
SPSP191902221113,19190222,寧波同鄕歡迎李次長,shunpao
SPSP191905041007,19190504,旅滬中國銀行股東開會紀,shunpao
SPSP190105251001,19010525,第二批集福册捐淸單,shunpao
SPSP190411251001,19041125,仁施稠疉,shunpao
SPSP190312290313,19031229,驩騰挾纊,shunpao
SPSP192210091502,19221009,主張借欵辦振之又一電,shunpao
SPSP192110221107,19211022,北京國民外交之活躍,shunpao
SPSP189010120403,18901012,勸捐順天水災急賑啓,shunpao
SPSP190007040907,19000704,四月十六起至五月三十止醫藥等捐淸單,shunpao
SPSP191908201002,19190820,加捐問題之昨訊,shunpao
SPSP190903162002,19090316,貧兒院舉定職員,shunpao
SPSP190808291907,19080829,推廣施救急痧醫院,shunpao
SPSP192411041109,19241104,林保漢呑烟自盡之檢騐,shunpao
SPSP192410091031,19241009,楊樹浦聖心醫院改作臨時治療所,shunpao
SPSP192605181509,19260518,汽車撞傷行人斃命之騐殮,shunpao
SPSP192606021419,19260602,,shunpao
SPSP192611121007,19261112,中外法律委員會順延今日舉行,shunpao
SPSP192610151007,19261015,朱葆三出殯經過公共租界之照辦,shunpao
SPSP192309011518,19230901,凌虐婢女罰二十元,shunpao
SPSP192303301513,19230330,西區市民加入救火會之組織,shunpao
SPSP192304091804,19230409,慈善醫院之發展,shunpao
SPSP192108251421,19210825,寗波旅滬同鄕會籌振紀,shunpao
SPSP192012191119,19201219,庇寒所安插災民,shunpao
SPSP192103111106,19210311,華法振業銀行將次成立,shunpao
SPSP191810221016,19181022,寗紹時症流行之救濟,shunpao
SPSP191606261013,19160626,仁濟醫院成績展覧會紀事,shunpao
SPSP191707161129,19170716,中華職業教育社通訊,shunpao
SPSP189109150402,18910915,鉅欵施衣,shunpao
SPSP188904100402,18890410,葛蕃甫先生世兄芹儀助賑第一單,shunpao
SPSP189608180304,18960818,公所落成,shunpao
SPSP190002101002,19000210,上海四馬路泰康里泰康祥絲棧內新嵊會恊賑公所經收捐欵及棉衣第六次清單,shunpao
SPSP191304290720,19130429,震日大學開游藝會,shunpao
SPSP191205200717,19120520,組織航業團總機關,shunpao
SPSP191903091012,19190309,商會公宴和平聯合會代表,shunpao
SPSP191907061024,19190706,仁濟善堂董事會紀事,shunpao
SPSP191811121020,19181112,意皇誕辰之祝賀,shunpao
SPSP193603142107,19360314,大光明舞廳開幕,shunpao
SPSP193411041405,19341104,甬商賀寀唐君逝世,shunpao
SPSP193705251108,19370525,俄捕自殺,shunpao
SPSP194111300813,19411130,救火車輛全部出動,shunpao
SPSP190202191001,19020219,去年十二月份經收月捐年捐清單,shunpao
SPSP191812111001,19181211,本埠新聞主張國際稅法平等會來往電文　　主,shunpao
SPSP190205150307,19020515,英美租界公堂會訊案,shunpao
SPSP191608151106,19160815,救濟婦孺會歡迎薩鼎銘,shunpao
SPSP190410050315,19041005,爲善最樂,shunpao
SPSP192401011520,19240101,浦東醫院董事會記,shunpao
SPSP192501301518,19250130,旅館私藏手槍烟土之科罰,shunpao
SPSP192609031302,19260903,朱葆三先生昨日作古,shunpao
SPSP192611100915,19261110,寧波,shunpao
SPSP192611231309,19261123,出版界消息,shunpao
SPSP192212111510,19221211,義賑會舉行浙賑揭曉會,shunpao
SPSP192212191517,19221219,法租界竊案查弔原贓,shunpao
SPSP192303211512,19230321,三區救火會公開整頓,shunpao
SPSP191608051104,19160805,反對自來水公司之借債,shunpao
SPSP191608171104,19160817,南滙駐滬義賑公所閉幕,shunpao
SPSP192204071512,19220407,四馬路商聯會選舉揭曉,shunpao
SPSP192108011502,19210801,寗波旅滬同鄉會複選揭曉,shunpao
SPSP192104191110,19210419,紗布貿易公司創立會紀,shunpao
SPSP191501220709,19150122,中華银銀行廣告,shunpao
SPSP191508011014,19150801,英界時疫醫院開幕記,shunpao
SPSP191710071011,19171007,商人認包租界食鹽,shunpao
SPSP191707091104,19170709,紅會時疫醫院開幕,shunpao
SPSP191809181016,19180918,商界贊助職業敎育,shunpao
SPSP191805311028,19180531,救濟劵行將開彩,shunpao
SPSP191201111803,19120111,敬禮軍人之歡宴,shunpao
SPSP191204090715,19120409,寗波同鄉開選舉會,shunpao
SPSP191812141030,19181214,組織湘賑聯合働會,shunpao
SPSP191811111106,19181111,公立醫院病舍落成,shunpao
SPSP193310071306,19331007,蔣作賓今晨赴日,shunpao
SPSP193512311109,19351231,紐約跳舞廳　俄閽仇殺經理　原因爲行動不檢而解職　伺門口擊斃後圖逃被逮,shunpao
SPSP190302180907,19030218,壬寅十二月朔至晦日醫藥捐各項捐淸單,shunpao
SPSP190511061104,19051106,籌辦崇匯寳沙火災賑捐欵由屏號經收經放第六次清單,shunpao
SPSP190406111001,19040611,美租界捕房紀事,shunpao
SPSP191502171005,19150217,鎭守使署之交替譚,shunpao
SPSP191508251103,19150825,廣肇公所來函,shunpao
SPSP191711251015,19171125,發給捐資興學之褒章,shunpao
SPSP189301030405,18930103,壽儀移助,shunpao
SPSP190002100904,19000210,粒我烝民,shunpao
SPSP190605011001,19060501,籌賑舊金山華民通告,shunpao
SPSP192407021418,19240702,天利洋行在輪船上宴客紀,shunpao
SPSP192112011409,19211201,商品陳列所宴請審查員紀,shunpao
SPSP191004181901,19100418,本埠新聞孤兒院新院依次遞遷,shunpao
SPSP191912201016,19191220,河南義賑會成立,shunpao
SPSP191908231011,19190823,中英美聯合俱樂部之組織,shunpao
SPSP190310030311,19031003,捐欵續登,shunpao
SPSP192401081413,19240108,救濟婦孺會改選董事揭曉,shunpao
SPSP192312251525,19231225,飯店容人酗酒之罰鍰,shunpao
SPSP192312071522,19231207,庽客控追行李證據不足,shunpao
SPSP192411221115,19241122,控儲蓄公司詐欺案候復訊再核,shunpao
SPSP192510171206,19251017,聨益之善會善舉,shunpao
SPSP192610291415,19261029,華洋義賑會職員會記,shunpao
SPSP192705101515,19270510,十七軍軍法官周炳堃在旅館病死,shunpao
SPSP192703201107,19270320,匪徒賺刧跑街夥莊票,shunpao
SPSP192811061523,19281106,嚇詐匪移解地方法院,shunpao
SPSP192810281506,19281028,主使索詐案歸法公廨審理,shunpao
SPSP192309071511,19230907,旅滬温嶺人關懷桑梓奇災,shunpao
SPSP192301221412,19230122,定海同鄉關心桑梓,shunpao
SPSP192203011605,19220301,江南銀行開幕誌,shunpao
SPSP192106061108,19210606,四明公所常年大會紀,shunpao
SPSP192110271413,19211027,集資造屋之宏願平準房租之計畫,shunpao
SPSP191504061002,19150406,救國儲金臨時通訊處紀事,shunpao
SPSP191809071019,19180907,西湖啤酒公司之佳况,shunpao
SPSP191804141108,19180414,熊督辦勸募春賑,shunpao
SPSP191806061009,19180606,日暉呢廠出租問題之近訊,shunpao
SPSP189207160903,18920716,上海鐵馬路廣益善堂謹將五月十七日起六月十四日止第十次施醫給藥延壽捐清單並附諸太善士樂助痧藥凉帽等項,shunpao
SPSP190001190904,19000119,羣黎徧德,shunpao
SPSP191304061004,19130406,商事公斷處選舉處長,shunpao
SPSP191112191803,19111219,集議徵收貨物税,shunpao
SPSP191207180718,19120718,紅十字報告大會詳誌,shunpao
SPSP192008161106,19200816,定海善長公所丙舍行落成禮,shunpao
SPSP192009301114,19200930,華義銀行開幕紀,shunpao
SPSP191907111106,19190711,時疫醫院開幕紀,shunpao
SPSP191911141005,19191114,沈知事迎送軍官之筵宴,shunpao
SPSP191905161008,19190516,總商會會董仍留兩會長,shunpao
SPSP191905311203,19190531,挽留總商會會長消息,shunpao
SPSP192010241105,19201024,定海旅滬同鄉會籌備會記,shunpao
SPSP194212300602,19421230,街頭小掌故補  高秀夫,shunpao
SPSP190612070910,19061207,來函,shunpao
SPSP192408042101,19240804,本埠增刋蔴線紗帶行銷南洋　　增盛蔴線帶廠係浙平陸星莊創辦迄已十載專製各色花蔴線球並印字紗帶均係機器製成顔色鮮艶出品精良行銷各省頗受歡迎曾由國貨維持會證明爲中國第一家發明國貨駕乎舶品之上近已推銷至南洋羣　[...],shunpao
SPSP190211060908,19021106,八月朔至九月廿日施藥捐淸單,shunpao
SPSP190206120906,19020612,三月朔至四月晦日藥捐清單,shunpao
SPSP190604090109,19060409,正月初九日至三月初十日經收施醫給藥捐清單,shunpao
SPSP190802282007,19080228,去歲八月十五日起經收施藥捐并冬季洋貨捐清單,shunpao
SPSP190702041808,19070204,銅洋助振第一次報告,shunpao
SPSP190005161001,19000516,官報,shunpao
SPSP190710182005,19071018,振務,shunpao
SPSP192507261602,19250726,控告謀害胞弟案之候核,shunpao
SPSP192505091514,19250509,私設賣烟機關罰緩併誌,shunpao
SPSP192504131515,19250413,寗紹公司股東會紀,shunpao
SPSP192502181510,19250218,黃包車夫串黨行刦西人之拘獲,shunpao
SPSP192403231624,19240323,聯益善公收殮近訊,shunpao
SPSP192308171406,19230817,總商會明日會董常會之議案,shunpao
SPSP192305121806,19230512,定海同鄕會徵求會員,shunpao
SPSP191610040902,19161004,中華銀行廣告,shunpao
SPSP191610050831,19161005,中華銀行廣告,shunpao
SPSP191608130435,19160813,中華銀行廣告,shunpao
SPSP192006091012,19200609,中國郵船公司股東代表赴美,shunpao
SPSP192004051003,19200405,華人贊成阻遏淫業之公函,shunpao
SPSP192205301413,19220530,食米採辦處董事常會紀,shunpao
SPSP192110151511,19211015,中法振業銀行預報,shunpao
SPSP191601030811,19160103,中華銀行廣告,shunpao
SPSP191601060309,19160106,中華銀行廣吿,shunpao
SPSP191510251632,19151025,中華銀行廣告,shunpao
SPSP191509160504,19150916,中華銀行廣告,shunpao
SPSP191510021311,19151002,中華銀行廣告,shunpao
SPSP191509031513,19150903,中華銀行廣告,shunpao
SPSP191508171613,19150817,中華銀行廣告,shunpao
SPSP191605231102,19160523,四明公所大會紀事,shunpao
SPSP191707021103,19170702,中華銀行股東會紀事,shunpao
SPSP191805020708,19180502,寗波,shunpao
SPSP191702200504,19170220,中華銀行廣告,shunpao
SPSP191702240913,19170224,中華銀行廣告,shunpao
SPSP191803041022,19180304,慈善救濟會之人物,shunpao
SPSP189307160404,18930716,黄君第四批壽分移賑,shunpao
SPSP189603160402,18960316,萬家蒙恩,shunpao
SPSP189710070307,18971007,控登告白,shunpao
SPSP189909290213,18990929,商人頌德,shunpao
SPSP191004281805,19100428,海州乞賑要電,shunpao
SPSP191909201006,19190920,萬國拒土會消息,shunpao
SPSP191910031003,19191003,交涉公署茶會紀,shunpao
SPSP191811221118,19181122,王道尹父母壽辰之熱鬧,shunpao
SPSP193307041517,19330704,世界銀行鉅竊案破獲,shunpao
SPSP193202030231,19320203,日飛機二次,shunpao
SPSP193412221506,19341222,鄂同鄕會昨歡迎張羣,shunpao
SPSP194609170512,19460917,小世界　金碧輝煌,shunpao
SPSP194112040610,19411204,三處大火案　從嚴究辦,shunpao
SPSP194111300814,19411130,延燒範圍達數十家,shunpao
SPSP192610102601,19261010,公司之沿革　　華安合群保壽公司始創於民國元年七月一日中華民國開國之歲亦即華安創設之年民國迄今凡十有五載故華安之歷史亦十有五載矣最初發起之者爲吕君岳泉其時中國保險事業猶未臻完善壽險尙少經營種類之如何分配　[...],shunpao
SPSP191803251014,19180325,甯波同鄉之慈善事業,shunpao
SPSP189603120401,18960312,妥幽濟隂,shunpao
SPSP189601170401,18960117,美捕房瑣事,shunpao
SPSP190510221102,19051022,上海六馬路仁濟善堂經收統捐施棺給藥等代收紅十字會七月十一日至廿日清單,shunpao
SPSP190708171918,19070817,公共公廨晚堂案許貴生控聞松林姚妙發圖賴洋元前晚奉襄　王肇之大令研訊許呈貨賑請究聞松林當堂繳洋一百元中人姚妙發供詞含糊判聞姚各交妥保俟傳齊人証再核○永昌等十五家控張紀泉騙取煤炭多担一案判押限三天算帳○陳　[...],shunpao
SPSP190809211804,19080921,浙江旅滬學會秋季大會,shunpao
SPSP192407221303,19240722,省長爲滬商會選長之咨部文,shunpao
SPSP192407261508,19240726,華興水火保險公司股東會記,shunpao
SPSP192503281312,19250328,總商會今日開會董常會,shunpao
SPSP192611071311,19261107,朱葆三先生殯儀記,shunpao
SPSP192306261522,19230626,滬南慈善會常年會紀,shunpao
SPSP191705041109,19170504,紅十字會接管吳淞防疫醫院,shunpao
SPSP191609191104,19160919,籌辦安徽義賑,shunpao
SPSP191703161110,19170316,官僚與紳商之酬酢,shunpao
SPSP192006231110,19200623,四明公所南廠籌備開幕再誌,shunpao
SPSP192205061611,19220506,春季賽馬跑香餅之餘聞,shunpao
SPSP192104221110,19210422,久勝洋行新遷開幕,shunpao
SPSP192103081114,19210308,中法實業銀行讌賓紀,shunpao
SPSP191507111002,19150711,法租界時疫醫院開幕記,shunpao
SPSP191709131102,19170913,哈同花園續開籌賑會,shunpao
SPSP191808231026,19180823,寗波同鄉會募捐消息,shunpao
SPSP191712160261,19171216,德醫董振民２,shunpao
SPSP189111240904,18911124,上海六馬路仁濟善堂籌賑公所施少欽經收山東賑捐十月十一日至二十日止淸單,shunpao
SPSP191209240726,19120924,來函,shunpao
SPSP192003221007,19200322,靑年會徵求會各隊之分數,shunpao
SPSP192009061003,19200906,總商會新職員歡宴舊職員,shunpao
SPSP192001131006,19200113,〔六〕工部局總董丕君之談話,shunpao
SPSP191907311102,19190731,湖州報告水災情形,shunpao
SPSP191911211114,19191121,神州醫院之董事會,shunpao
SPSP191905261202,19190526,四明公所常年大會紀事,shunpao
SPSP194112150409,19411215,湖北同鄉會訊,shunpao
SPSP190305010301,19030501,愼毋貽笑,shunpao
SPSP190203040907,19020304,去臘敝堂同人韓君潤生孫君復瑞丁君鹿蓀丁君甘仁經募沿江丹徒丹陽沙洲等處賑捐清册,shunpao
SPSP192101261013,19210126,函請永禁華界開設西酒店,shunpao
SPSP191803131020,19180313,申明自來水加價原因,shunpao
SPSP191910031004,19191003,美英華三國商界聯合大會記,shunpao
SPSP191909151020,19190915,湖北義賑會成立大會紀,shunpao
SPSP190412200201,19041220,力爭懲犯,shunpao
SPSP190606121001,19060612,曾少卿經收湖南振第六次清單,shunpao
SPSP190907211806,19090721,請奬殉夫殉學之女士,shunpao
SPSP192411231420,19241123,各公團追悼施子英,shunpao
SPSP192212071504,19221207,賑募徴浙之進行訊,shunpao
SPSP192306221310,19230622,法德正領事蒞任十週之紀念,shunpao
SPSP192211101503,19221110,嚴禁地敗假名圖利之布告,shunpao
SPSP192112221618,19211222,上海縣公署,shunpao
SPSP192011151104,19201115,救濟婦孺會宴請官紳賞菊,shunpao
SPSP191306271006,19130627,時疫醫院定期開幕,shunpao
SPSP191410301032,19141030,爭産案須再明白具禀,shunpao
SPSP191804171006,19180417,總商會歡宴美國官商,shunpao
SPSP191805301013,19180530,三誌華人購買英公債之踴躍,shunpao
SPSP191703061008,19170306,中華森林會記事,shunpao
SPSP192008261002,19200826,總商會選擧正副會長紀,shunpao
SPSP193305300914,19330530,綁魏廷榮案又續獲關係人汽車夫,shunpao
SPSP194609020426,19460902,溪口路景象凄涼　美貨攤繁華一夢,shunpao
SPSP192207081410,19220708,江灣推廣山莊墳地之反響,shunpao
SPSP191211240612,19121124,本埠新聞,shunpao
SPSP190205130905,19020513,二月十二日起至三月三十日正集福册捐清單,shunpao
SPSP190301090905,19030109,十月初三日至十一月卅日施藥捐清單,shunpao
SPSP190708262005,19070826,銅洋助振第六次報告清單,shunpao
SPSP190902181804,19090218,府海公司請歸商辦,shunpao
SPSP188909210401,18890921,樂府題名,shunpao
SPSP190704242006,19070424,振務,shunpao
SPSP190705072008,19070507,來件,shunpao
SPSP190707022003,19070702,華洋義振會第四十八次報告,shunpao
SPSP190703241901,19070324,華洋振會捐欵第三十四次報告,shunpao
SPSP190807300303,19080730,｛｛華安人壽保險有限公司第一期發息並續收股銀填换股票廣告,shunpao
SPSP192406031408,19240603,朱葆三為監犯請命,shunpao
SPSP192107061502,19210706,湖南急賑會之籌辦,shunpao
SPSP192012171103,19201217,勸業銀行開幕紀,shunpao
SPSP192106281107,19210628,科發藥廠參觀紀,shunpao
SPSP192103051115,19210305,聯合急募賑欵大會消息,shunpao
SPSP191709091007,19170909,日暉造呢廠之處置辦法,shunpao
SPSP191807021015,19180702,時疫醫院開幕紀,shunpao
SPSP191806261019,19180626,甯波旅滬同鄉會建築輸捐之先聲,shunpao
SPSP191810031024,19181003,京直奉義賑會之改組,shunpao
SPSP191607021102,19160702,時疫醫院開幕,shunpao
SPSP191812281014,19181228,歡送安立德君四誌,shunpao
SPSP189208260902,18920826,上海鐵馬路益善堂謹將閏六月十四起廿六日止第十二次施醫給藥延捐並附第一次安懷捐清單,shunpao
SPSP192009201012,19200920,各方面之籌賑聲,shunpao
SPSP191908021015,19190802,紅會副會長宴會滬紳商記,shunpao
SPSP191912101115,19191210,聚興誠銀行開幕,shunpao
SPSP191909061031,19190906,關於賑務之函電,shunpao
SPSP193705261306,19370526,俄捕自殺屍體昨日相騐,shunpao
SPSP194904010428,19490401,白神父借款受愚　朱啟新等被控訴,shunpao
SPSP192007150301,19200715,時評民國以來之兵禍,shunpao
SPSP190506260310,19050626,中日合辦織絹公司,shunpao
SPSP191010121806,19101012,皖撫致旅滬皖绅乞振電文,shunpao
SPSP192602242003,19260224,婚禮誌,shunpao
SPSP192606251613,19260625,命案改期再核,shunpao
SPSP192308071505,19230807,西區救火會歡迎會董紀,shunpao
SPSP192006221105,19200622,四明公所南廠開幕預誌,shunpao
SPSP192104121014,19210412,各社會協助華僑抗爭簿記案,shunpao
SPSP192110241506,19211024,江灣留養院之歡迎會,shunpao
SPSP191805281010,19180528,華人購買英公債之踴躍,shunpao
SPSP191612291003,19161229,來賓之戾止,shunpao
SPSP189301260402,18930126,葛韓二君第三批壽儀移助,shunpao
SPSP191202250611,19120225,寗波六邑士紳大會議,shunpao
SPSP191103221903,19110322,西報盛稱華醫院,shunpao
SPSP192005011011,19200501,甯波,shunpao
SPSP192003091012,19200309,靑年會徵求會第一次已揭曉,shunpao
SPSP191811141002,19181114,歐戰協濟會大會預紀,shunpao
SPSP194608200712,19460820,市塲花絮　美貨攤發利市　小店夥改價碼,shunpao
SPSP190612260101,19061226,招人打椿今有地皮一塊在蘇州河邊須招人承認打椿如願承辦者到江蘇藥水廠面議可也此布丁未年鴻雪齋繪圖五彩改良中西袖珍日記每本實洋四角上海大馬路棋盤街點石齋發行丁未年最新快覩軒官商便覽新增附送特别五彩春牛等圖　[...],shunpao
SPSP191404141001,19140414,本埠新聞城垣地收歸國有　　上海鄭鎭守使前,shunpao
SPSP190308101001,19030810,五月朔日至閏五月廿九日施藥等捐淸單,shunpao
SPSP190302160301,19030216,港澳緝匪記,shunpao
SPSP190605251201,19060525,壽分移振啓,shunpao
SPSP190610180911,19061018,滬西士商體操會試辦章程,shunpao
SPSP190908042712,19090804,賑務,shunpao
SPSP191803121002,19180312,息事寗人之契合,shunpao
SPSP189209290303,18920929,浙省官報,shunpao
SPSP188806291101,18880629,題徐介玉小影調寄柳梢青○是鏡中花是花中意是意中人於意云何間花無語對鏡凝神　一奩雅可隨身且莫管無情有情寄語東君修教醉後　喚真真  高昌寒食牛漫筆　[...],shunpao
SPSP189911300901,18991130,示設路燈,shunpao
SPSP191103172702,19110317,中國公立醫院第二次公啓,shunpao
SPSP191006231901,19100623,海贛永豐三廠股東會續紀　　十四日海豐贛豐永豐三公司股東繼續開會仍由主席許久香君宣讀脩正禀稿公决迅速呈遞股東三小鄔君提議訴訟開機當分投辦理以免停機愈久　折愈多公决遞訴訟禀後卽應呈請出示曉諭再有匪徒借飢聚　[...],shunpao
SPSP190705162001,19070516,釋○東新里姚阿三家失火捕房昨將姚妻林氏及二房東張阿美傳訊官以两人貧苦從寛開釋○庖人杜阿弟與安南巡捕衝突拘究判罰洋一元　[...],shunpao
SPSP190704071923,19070407,上海戒烟公局簡章,shunpao
SPSP190712220301,19071222,,shunpao
SPSP190909281802,19090928,本埠新聞,shunpao
SPSP192312171309,19231217,簡照南昨日開奠共到二萬餘人,shunpao
SPSP192411250856,19241125,英界二馬路雲南路　花柳病指迷安康里口永濟醫院,shunpao
SPSP192402291516,19240229,四明醫院開會記,shunpao
SPSP192606091303,19260609,斜橋昨晚火警,shunpao
SPSP192308041506,19230804,甬同鄕會新職員成立會紀,shunpao
SPSP192306171403,19230617,太古大班馬凱氏之臨别贈言,shunpao
SPSP192211080304,19221108,公電,shunpao
SPSP192204191417,19220419,華商電氣公司股東會續紀,shunpao
SPSP192203201407,19220320,南滙災賑之呼籲,shunpao
SPSP192006011015,19200601,陜西義賑會成立會記,shunpao
SPSP192007111109,19200711,各慈善圑組織湘陜閩籌賑處,shunpao
SPSP191604251019,19160425,寗波旅滬同鄉會常年會紀事,shunpao
SPSP191408301005,19140830,合組内國公債經理處,shunpao
SPSP191404201008,19140420,總商會選舉議董揭曉,shunpao
SPSP191709061109,19170906,大世界邀請官紳遊覽,shunpao
SPSP191709271016,19170927,承租日暉呢廠之有望,shunpao
SPSP191808141116,19180814,寗波同鄉會募捐消息,shunpao
SPSP191809201012,19180920,老九章綢緞莊明日喬遷,shunpao
SPSP191803101103,19180310,慈善救濟會繼續開會,shunpao
SPSP189302130503,18930213,上海鐵馬路廣益善堂謹將年終諸大善士樂助施衣米收數登左,shunpao
SPSP189709230906,18970923,告白,shunpao
SPSP189712010505,18971201,告白,shunpao
SPSP189803210310,18980321,求振憲函,shunpao
SPSP189712220503,18971222,告白,shunpao
SPSP191302010613,19130201,浙江,shunpao
SPSP191205070703,19120507,總商會舉定議董,shunpao
SPSP192010061009,19201006,收撫災孩所會議出發詳情,shunpao
SPSP192008241108,19200824,義賑會覆何護軍使之兩函,shunpao
SPSP191903101006,19190310,中法友誼會之組織,shunpao
SPSP191908211003,19190821,各代表爲加捐事謁英領紀,shunpao
SPSP193310251523,19331025,外埠,shunpao
SPSP193111291502,19311129,魏廷榮案,shunpao
SPSP190205110309,19020511,英美租界公堂會訊案,shunpao
SPSP190206100307,19020610,借漕濟民,shunpao
SPSP190506301205,19050630,四月份經收月捐清單,shunpao
SPSP192603261307,19260326,救濟米荒之昨訊,shunpao
SPSP192609181508,19260918,法公廨訊判僞鈔票,shunpao
SPSP192509271315,19250927,仁濟醫院華董籌捐會議,shunpao
SPSP192803181427,19280318,昨晨愛多亞路巡捕與匪格鬭,shunpao
SPSP192309091805,19230909,集會表,shunpao
SPSP191705121005,19170512,調停甬興船事之往來函稿,shunpao
SPSP192112251520,19211225,救濟婦孺會追悼大會,shunpao
SPSP192204301304,19220430,華洋義振會導淮消息,shunpao
SPSP192104141133,19210414,公布欄,shunpao
SPSP191606171003,19160617,總商會歡迎美實業家紀盛,shunpao
SPSP191709051002,19170905,總商會特别大會續紀,shunpao
SPSP191806201019,19180620,靑年會募捐之好消息,shunpao
SPSP191808251002,19180825,依周塘馬路舉行開工禮,shunpao
SPSP189210040904,18921004,上海鐵馬路廣益善堂今將諸大善士各寳號七月分月捐清單,shunpao
SPSP191904110715,19190411,寗波,shunpao
SPSP192012081023,19201208,各方面之籌賑聲,shunpao
SPSP193308071517,19330807,法領署公佈修正交通章程,shunpao
SPSP193501141117,19350114,賀寀唐君昨日領帖,shunpao
SPSP193705211204,19370521,叔父因喪事回里胞姪大肆荒唐,shunpao
SPSP194112280322,19411228,來函,shunpao
SPSP194805160414,19480516,輿論的搏鬥　酒吧遭越權處分　大美晚報抱不平,shunpao
SPSP191906011103,19190601,祭檯同濟醫校救護隊,shunpao
SPSP192010011015,19201001,各方面之籌賑聲,shunpao
SPSP190204260906,19020426,二目份經收月捐清單,shunpao
SPSP190410190901,19041019,上海縣署瑣案,shunpao
SPSP190408010901,19040801,龍眠盡意,shunpao
SPSP190512100201,19051210,爭之則不徒於兩國睦誼有傷恐於寓滬各西商亦有不利願各國總領事熟權之,shunpao
SPSP190803142009,19080314,振務,shunpao
SPSP190810141901,19081014,本埠新聞商會總協理上農工商部禀,shunpao
SPSP192306071512,19230607,甬同鄕會爲竈民呼籲,shunpao
SPSP192304091312,19230409,寗波同鄕集議取締土匪,shunpao
SPSP192110311402,19211031,國民外交代表重要之談話,shunpao
SPSP189512160307,18951216,照録善堂紳董禀道憲曁製造局憲稿,shunpao
SPSP190005040313,19000504,崇明水災求振公啓,shunpao
SPSP191611051001,19161105,本埠新聞上海總商會之重要問題,shunpao
SPSP192009121004,19200912,籌辦直省災賑之集議,shunpao
SPSP191905041001,19190504,本埠新聞和會正式續開之第廿五日　　平和通,shunpao
SPSP190503190502,19050319,天足會創辦學堂,shunpao
SPSP190602181204,19060218,上海六馬路仁濟善堂經收施粥捐十二月十五日至丙午正月十五日清單,shunpao
SPSP190703021902,19070302,華洋義振會經收中西善土捐款第二十八次報告,shunpao
SPSP190612120306,19061212,〔三〕淮揚道楊觀察致上海商會電,shunpao
SPSP192701041114,19270104,,shunpao
SPSP192810211518,19281021,嚇詐上訴聽候宣判,shunpao
SPSP192210021604,19221002,上海縣公署,shunpao
SPSP192305241407,19230524,昨日紀念佛誕之熱鬧,shunpao
SPSP192302081537,19230208,游民債劵闰籤記,shunpao
SPSP192207241302,19220724,總商會公斷處選舉職員揭曉,shunpao
SPSP192011281019,19201128,華洋義賑會擬在各省設分會,shunpao
SPSP192105301112,19210530,華北急賑紀念獎劵開獎紀,shunpao
SPSP192106231018,19210623,組設游民工藝廠之近聞,shunpao
SPSP192102251021,19210225,聯合急募賑欵大會成立會紀,shunpao
SPSP191602090118,19160209,揭破王洪氏助捐之用意,shunpao
SPSP191509061008,19150906,救國儲金團預備會記事,shunpao
SPSP191508071007,19150807,尚賢堂記事二則,shunpao
SPSP191503011002,19150301,購票踴躍,shunpao
SPSP191710061007,19171006,愛儷園籌賑會之結束,shunpao
SPSP191807141019,19180714,救濟婦孺會開會紀事,shunpao
SPSP191808271110,19180827,寗波同鄉會募捐消息,shunpao
SPSP191612221003,19161222,中行問題和平解决,shunpao
SPSP191704301006,19170430,反對出賣甬興輪船之轉圜,shunpao
SPSP189208040904,18920804,上海鐵馬路廣益善堂令將六月分月捐並附年捐夏季一交愿捐清單,shunpao
SPSP189003150901,18900315,題圖并引,shunpao
SPSP189703230402,18970323,廣行陰德,shunpao
SPSP192002261018,19200226,中西女塾歡迎會紀事,shunpao
SPSP192005101103,19200510,華商電氣公司股東會紀事,shunpao
SPSP192009131006,19200913,彙錄各處乞賑之電函,shunpao
SPSP191811011003,19181101,會議廳開會紀,shunpao
SPSP191909081102,19190908,楊善德靈柩過滬祭奠紀,shunpao
SPSP191905251212,19190525,寗波旅滬同鄕會大會紀事,shunpao
SPSP191811131003,19181113,歐戰協濟會之昨訊,shunpao
SPSP191901131109,19190113,開會追悼朱鑑塘,shunpao
SPSP193111111107,19311111,魏廷榮案綁匪續訊,shunpao
SPSP190308020309,19030802,興學小啓,shunpao
SPSP190309081002,19030908,五月初一日至六月三十日藥捐清單,shunpao
SPSP190601071103,19060107,振欵聲明,shunpao
SPSP190811062711,19081106,賑務,shunpao
SPSP190912101901,19091210,本埠新聞浙路新舊董事致浙京官電,shunpao
SPSP190001131001,19000113,十月十一月兩月捐,shunpao
SPSP190703171905,19070317,華洋義賑會經收捐欵第三十二次報告,shunpao
SPSP192407191308,19240719,法廨訊私造鈔票案許文斌紀,shunpao
SPSP192511141014,19251114,醫師公會之議案,shunpao
SPSP192212231402,19221223,各界宴餞張孝若三紀,shunpao
SPSP192304181417,19230418,聯華總會祖餞施肇基紀,shunpao
SPSP192302261308,19230226,閘北水電公司籌備大會紀,shunpao
SPSP192007171120,19200717,來函,shunpao
SPSP192111141505,19211114,金業交易所開幕紀,shunpao
SPSP191807200305,19180720,中日美信托公司之内容,shunpao
SPSP191806251015,19180625,紳商學報各界聯合會紀要,shunpao
SPSP189208100404,18920810,叩募四明清節堂創建善捐,shunpao
SPSP189207110905,18920711,上海鐵馬路廣益善堂今將諸大善士各寶號五月分月捐並附年捐淸單,shunpao
SPSP189207250404,18920725,添請醫生,shunpao
SPSP189902220904,18990222,口澤均沾,shunpao
SPSP191212060605,19121206,𡩋波電話公司立案,shunpao
SPSP191110242107,19111024,治牙之聖,shunpao
SPSP192002271017,19200227,歡迎意飛行家消息,shunpao
SPSP191812121004,19181212,關於請改稅法之公電,shunpao
SPSP191905151108,19190515,各公團歡宴楊交涉員,shunpao
SPSP191811121014,19181112,辦礦呈請備案之部批,shunpao
SPSP191901181005,19190118,組織糧食研究會,shunpao
SPSP193009051508,19300905,葉德明控生母妨害身體自由,shunpao
SPSP193612101612,19361210,舞女朱夢蘭控訴　誘姦不遂行兇　被告爲皇家舞場社寳生　法院昨日傳告訴人詢問,shunpao
SPSP190703141901,19070314,美租界捕房事　　張阿生報稱前晚行經甘肅路突被流氓多人持刀嚇禁聲張强剝衣服及攫取角洋而逸請爲究辦奉飭包探查拿解辦○江北人陳尤郎將東洋車租　王阿大前晚車忽失去向王索賠無著將王私刑弔打由旁人報知捕房飭探將陳　[...],shunpao
SPSP191612020101,19161202,,shunpao
SPSP192108100801,19210810,時評王占元與鄂,shunpao
SPSP190304121006,19030412,華昇公司花廠告白,shunpao
SPSP190605111008,19060511,曾少卿經收華僑振捐第二次淸單,shunpao
SPSP190712160310,19071216,路欵要聞,shunpao
SPSP192202221402,19220222,振濟俄災之進行訊,shunpao
SPSP192006071112,19200607,四明公所常年大會紀,shunpao
SPSP192004041006,19200404,錢業否認加捐之會議,shunpao
SPSP192006281107,19200628,四明公所南廠丙舍落成開幕,shunpao
SPSP192205151307,19220515,舟山輪船公司開創立會,shunpao
SPSP192103141004,19210314,游行之情形,shunpao
SPSP191511031004,19151103,歡送楊道尹北上紀盛,shunpao
SPSP191505301009,19150530,開訊寄頓盜贓之牽涉,shunpao
SPSP191607051012,19160705,孤兒院之粹德堂,shunpao
SPSP191704301002,19170430,中華職業敎育社之預備會,shunpao
SPSP189211160902,18921116,上海鐵馬路廣益善呇今將各善士八月份月捐清單並附醮擅捐,shunpao
SPSP189902280905,18990228,戊戌年十二月各善十寳號月捐,shunpao
SPSP191304070714,19130407,上海後馬路乾記弄明强戒烟醫院廣告,shunpao
SPSP191303160702,19130316,關讞員對付小販之持平,shunpao
SPSP191302171011,19130217,上海後馬路乾記弄明强戒烟醫院廣告,shunpao
SPSP193310131706,19331013,連襟之訴展期中　趙慰先與魏廷榮,shunpao
SPSP190103080901,19010308,撤退闈商,shunpao
SPSP190409130314,19040913,滬上中外救生善會啓,shunpao
SPSP190605010401,19060501,陶公子因觀劇與西人互毆鎭江　　鎭江道陶森甲之子年二十餘日以嫖賭爲事本月初二日夜公子約同某遊擊及警察員弁某某等詣小街玉潤戲園觀劇並招雛妓王金寳等到園以相娱樂夫幾公子與隔廂看戲之某洋行西人及棧某馮某兩名口　[...],shunpao
SPSP190707062009,19070706,華洋義振會結束誌謝並接辦雲南旱災急振募捐啓,shunpao
SPSP190802152001,19080215,調查清日貿易表,shunpao
SPSP190804281003,19080428,同知銜分省補用布理問盧廷光免補本班以知州仍分省補用候選州吏目任鳳年候選巡檢鄒增順候選從九許良圖均免選本班以縣丞選用陸軍部主事唐庚免補主事以員外郎遇缺即補并加三品銜前翰林院編修馮恩崐請開復革職處分仍以原　[...],shunpao
SPSP190810182602,19081018,賑務,shunpao
SPSP190902062003,19090206,善舉,shunpao
SPSP191707111005,19170711,防疫醫院擬交紅會管理,shunpao
SPSP192005191131,19200519,來件,shunpao
SPSP191612291001,19161229,本埠新聞黄蔡二公追悼大會紀事,shunpao
SPSP190411170908,19041117,壽儀移助,shunpao
SPSP190705050501,19070505,義勇隊排長黄勳伯君殯儀誌盛　　　昨日爲商團公會義勇隊排長黄君勳伯出殯之期先由公會同人在操塲搭盖彩篷將黄君靈柩及照像供設中央兩旁陳列輓聯祭幛五十餘事花圈二。十餘架。二點鐘開追悼會滬北體操隊振華軍樂隊義勇　[...],shunpao
SPSP190802152002,19080215,振務,shunpao
SPSP190710110504,19071011,商務總會選舉議董權數,shunpao
SPSP190903212027,19090321,來函,shunpao
SPSP192404211424,19240421,華商電氣公司股束會紀,shunpao
SPSP192212091510,19221209,大阪中華商會已募得四千餘日金,shunpao
SPSP191705051105,19170505,工商研究開會紀,shunpao
SPSP192012131105,19201213,閘北二段救火會行開車禮紀,shunpao
SPSP192205221513,19220522,四明公所常年大會紀,shunpao
SPSP191808281106,19180828,三圑體遷移新屋之開幕,shunpao
SPSP189906300303,18990630,議興醫院,shunpao
SPSP192007311119,19200731,中華慈善團之募捐啟,shunpao
SPSP193511191005,19351119,,shunpao
SPSP194709070426,19470907,昨逢星期六余案審半日　警局技正到庭作證　呢褲血跡確為人血,shunpao
SPSP191701060201,19170106,時評需要,shunpao
SPSP192008170301,19200817,時評自以爲成功,shunpao
SPSP192008110201,19200811,時評罪魁功首之今日,shunpao
SPSP190308100306,19030810,記商約公所會議事,shunpao
SPSP190302270313,19030227,籌募東振,shunpao
SPSP190805111804,19080511,甬屬集股大會記事,shunpao
SPSP190801232003,19080123,振務,shunpao
SPSP192509011607,19250901,鎭海同鄉會初選揭曉,shunpao
SPSP192006191002,19200619,仁濟善堂發起勸息湘戰,shunpao
SPSP189809230311,18980923,節讌移助,shunpao
SPSP191112102003,19111210,來函,shunpao
SPSP191901111123,19190111,朱葆三等來函,shunpao
SPSP191911061108,19191106,利華銀行招股章程,shunpao
SPSP191901151003,19190115,日商宴客紀,shunpao
SPSP191309200101,19130920,來稿論中國宜全體協力以策國事之進行,shunpao
SPSP190312071002,19031207,九月份經收月捐淸單,shunpao
SPSP190802232002,19080223,客冬十二月經收月捐并年捐清單,shunpao
SPSP190907292601,19090729,小說美人虹  英勞倫斯著瘦狷譯意,shunpao
SPSP190004041001,19000404,金陵官報,shunpao
SPSP190006081003,19000608,三四月份月捐清單,shunpao
SPSP194012180712,19401218,貧兒失學救濟所　第四次會議,shunpao
SPSP191802191101,19180219,米價增漲之原因　　南北米市新年紅盤較上年歲底每擔漲起四五角其原因,shunpao
SPSP190609180901,19060918,關道履新漢口　　桑鐵珊觀察已于七月念二日接任陳小石觀察准于月初起行回荆州道本任,shunpao
SPSP190611020301,19061102,浙路股東開會續記杭州　　浙江鐵路公司全體股東於初九初十拾一三日在金雅莊法政學堂開會情形已詳前報茲將執事員開出各件照錄於後以供衆覽　　　[...],shunpao
SPSP191612211001,19161221,本埠新聞參議院對於回復地方自治之督促,shunpao
SPSP191611041001,19161104,本埠新聞再誌圓銅圓之價格,shunpao
SPSP191610311001,19161031,本埠新聞總商會正副會長之產出,shunpao
SPSP191901181003,19190118,萬國禁烟會大會紀事,shunpao
SPSP190706182004,19070618,華洋義賑會經收捐欵第四十七次報告,shunpao
SPSP190612051707,19061205,華洋義振善會開第一次成立會,shunpao
SPSP192107281509,19210728,寗波旅滬同鄉會初選揭曉,shunpao
SPSP191703281011,19170328,租用日暉呢廠之呈文,shunpao
SPSP191801291010,19180129,華商電車電燈兩公司合併後之股東會,shunpao
SPSP189908220309,18990822,新嵊會三邑水災募振公啟,shunpao
SPSP189903191004,18990319,正月份各善士寳號月捐,shunpao
SPSP191210250613,19121025,地方通信,shunpao
SPSP192005211104,19200521,公祭簡母紀,shunpao
SPSP192001311006,19200131,前晚一品香歡宴王專使紀,shunpao
SPSP193108251501,19310825,[L本埠新聞二>英人林肯赴歐宣揚佛敎　將,shunpao
SPSP191805211001,19180521,本埠新聞美紅會譯正在華募捐名稱之報告,shunpao
SPSP190202260901,19020226,示捐屠戸,shunpao
SPSP190403110901,19040311,申斥商人,shunpao
SPSP192402201406,19240220,調查南洋醫專風潮之呈覆,shunpao
SPSP190206120902,19020612,英美租界公堂瑣案,shunpao
SPSP190103260906,19010326,上海六馬路仁濟善堂開廠施粥經收施粥捐庚子十二月初一至三十日淸單,shunpao
SPSP190408160905,19040816,柳管盛德,shunpao
SPSP190608281001,19060828,來函徐海告灾,shunpao
SPSP190903061901,19090306,本埠新聞三誌租界食鹽事宜之交涉,shunpao
SPSP192109271413,19210927,江浙皖水災義振會消息,shunpao
SPSP192106201014,19210620,救濟婦孺會八週大會紀,shunpao
SPSP191312021015,19131202,紅會第七次常議會紀事,shunpao
SPSP191810121018,19181012,聯義裡發生慘劇,shunpao
SPSP191809171002,19180917,取引所與交易所之爭逐,shunpao
SPSP191707221120,19170722,中華業敎育社通訊,shunpao
SPSP189302240903,18930224,上海鐵馬路廣益堂今將諸大善士各寳號十二月分月捐清單,shunpao
SPSP189405230312,18940523,譯諸董致工部局救犬信,shunpao
SPSP189803040501,18980304,｛｛公平洋行保險啓者本行保險向例多年信實而行今告者現下加保號棧生財貨物保價格外公道望欲保者祈請至本行面議可也特此佈告海利行請看容易發財本行新到美國著名電師創製之雷利毛士壳機器一副該機器能將各畫照演如生　[...],shunpao
SPSP191004130401,19100413,專電電一,shunpao
SPSP192009101002,19200910,法前總理宴中國軍政紳商界,shunpao
SPSP192008171008,19200817,滬商歡迎法前總理隨員紀,shunpao
SPSP193108261102,19310826,宣威誄話  陶在東,shunpao
SPSP193503281107,19350328,魏廷榮案綁匪　否認辱罵法官　仍謂喫官司寃枉　官諭候調查再訊,shunpao
SPSP193407161502,19340716,前晚虬江路之紛擾　意兵擊傷黄包車夫　羣衆又與意兵鬥毆,shunpao
SPSP194608290410,19460829,全市攤販聯合請願　市長堅決拒絕　認為所售貸物頗多盜竊而來　決定下月起嚴格取締,shunpao
SPSP191701050201,19170105,時評稍有轉機,shunpao
SPSP191809240201,19180924,時評○調人,shunpao
SPSP192010290301,19201029,時評爆裂物,shunpao
SPSP192907081313,19290708,紅會爲創始者建塔紀功,shunpao
SPSP191611151001,19161115,本埠新聞官商討論禁運銅元之辦法,shunpao
SPSP191105261801,19110526,本埠新聞國民會致聯合會電,shunpao
SPSP193607141401,19360714,游泳失蹤之日僑　龜井遺尋獲　　前日,shunpao
SPSP191810211001,19181021,本埠新聞總商會正副會長繼續當選　　昨日爲,shunpao
SPSP190209110901,19020911,上海縣署瑣案,shunpao
SPSP191110311901,19111031,留心十三下之警鐘,shunpao
SPSP192007170301,19200717,時評决戰,shunpao
SPSP190210190904,19021019,八月仿經收月捐清單,shunpao
SPSP190511081013,19051108,八九月經收月捐清單,shunpao
SPSP190509261006,19050926,五六七月份經收月捐清單,shunpao
SPSP190704142004,19070414,華洋義振會經收捐欵第三十七次報告,shunpao
SPSP190705092007,19070509,華洋義振會經收捐欵第四十一次報告,shunpao
SPSP190909082603,19090908,來函,shunpao
SPSP191007131901,19100713,本埠新聞姚科長遷怒押店,shunpao
SPSP192407261403,19240726,甬人籌備平民教養所公宴紀,shunpao
SPSP192405191514,19240519,甬人籌辦游民教費所之進行,shunpao
SPSP192202231408,19220223,籌振俄災會之兩次籌備會,shunpao
SPSP191512301017,19151230,救濟婦孺會三周大會紀事,shunpao
SPSP191805010706,19180501,寗波,shunpao
SPSP191612241101,19161224,公賣實行取締尤酷減種減製害及農工前舉代表具書請願衆議院方付審查財部忽將公賣抵借美欵報紙喧傳秘密締約飲酖解渴貽禍將來商等冒死抵抗誓不承認伏乞鈞院俯念民生打銷此約國計商情兼籌並顧以慰輿情曷勝迫切待命之　[...],shunpao
SPSP191701011104,19170101,婦孺救濟會四週大會紀,shunpao
SPSP189805261001,18980526,皖省官報,shunpao
SPSP189907141001,18990714,五月份各善士寳號月捐清單,shunpao
SPSP189904151004,18990415,二月份各善士寳號月捐淸單,shunpao
SPSP190004041003,19000404,正二月份月捐清單,shunpao
SPSP191112161801,19111216,本埠新聞司法獨立之樞機,shunpao
SPSP191206070701,19120607,軍法會議詳誌,shunpao
SPSP192009171003,19200917,華洋義賑會緊急籌賑會,shunpao
SPSP192009181003,19200918,淮海實業銀行開幕攝影,shunpao
SPSP192001131007,19200113,字林報紀要求市民權問題,shunpao
SPSP190703151801,19070315,濟良所又獲違章住妓院之幼女　　濟良所西董投公共公廨訴稱妓女王小保不愿賣娼由捕送入捕房據供鴇婦王月仙另蓄有幼女耕囡反傭婦洪陸氏之生女阿毛囡均在雉妓院内居住請堂上訊究襄讞王明府向之研訊王供年十六歲於十四歲　[...],shunpao
SPSP191610141001,19161014,本埠新聞商會重選會長之救濟法　　上海總商,shunpao
SPSP192009160201,19200916,時評戰局與和局,shunpao
SPSP191611161001,19161116,本埠新聞續誌官商討論禁運銅元之辦法,shunpao
SPSP191612191001,19161219,申報第三張本埠新聞滬人追悼黄蔡二公之通告,shunpao
SPSP191812041001,19181204,本埠新聞預定赴歐代表之艙位,shunpao
SPSP190310260310,19031026,勸募山東振捐啓,shunpao
SPSP190401241001,19040124,慈祥在抱,shunpao
SPSP192212011304,19221201,招商局股東維持會會議紀,shunpao
SPSP191612021109,19161202,房屋維持會紀事,shunpao
SPSP192004010301,19200401,時評挽回,shunpao
SPSP192006131101,19200613,故錢莊等無大宗解欵銀拆已小至七分　　國外滙兌上届,shunpao
SPSP191811191001,19181119,本埠新聞七誌慶祝戰功告成之盛况交涉公署之,shunpao
SPSP192007140201,19200714,商務印書館運售美國名廠出品運動用橡皮底鞋第二批已到美國La　Orosse　Rubbor　Mills　Oo.所出橡皮底鞋前一批不久卽罄後來諸君多抱向隅之憾深爲歉然現第二批已到幸速採購　男女大不無不具備每　[...],shunpao
SPSP190103100904,19010310,金陵官報,shunpao
SPSP190106260905,19010626,三四月份月捐,shunpao
SPSP190403110910,19040311,癸卯年十二月份經收月捐年捐淸單,shunpao
SPSP190705162009,19070516,華洋義振會經收捐欵第四十二次報告,shunpao
SPSP190705222003,19070522,振務,shunpao
SPSP190705230501,19070523,紀事浙路股東第日會議詳紀　　浙路股東昨日續行開會會議第一日未决事件先由議長樊君時勛宣告開　張菊生言湯總理又有請願書明春仍欲辭職股東對此意見若　張右企言此事應于明春再議議長言明年或請人協助此時不必議及滿　[...],shunpao
SPSP190710282003,19071028,八月份經收月捐清單,shunpao
SPSP191006252901,19100625,大美國面部專科女醫士吉凌漢由蘇回滬本醫士前經蘇省巨紳聘請醫治内眷現已醫愈于六月九號即華五月初三日早車回滬凡患面麻紅痣黑瘢雀斑瘰瘰瘡疤疙瘩縐紋髮低鬚多鬚黃髮白烟容酒滯皮膚粗糙以及面部一切不美之色均請照常　[...],shunpao
SPSP192210101414,19221010,上海模範工廠游民工廠開幕,shunpao
SPSP191712241006,19171224,救濟婦孺會五週大會紀,shunpao
SPSP191702221131,19170222,來件,shunpao
SPSP191701291011,19170129,龍華軍署開弔記,shunpao
SPSP191708011101,19170801,織呢廠廢棄可惜,shunpao
SPSP189506210902,18950621,滬北鐵馬路廣益善堂四月份月捐淸單,shunpao
SPSP189705290901,18970529,上海縣署瑣案,shunpao
SPSP189711150501,18971115,代理批發商家票全張十連號售洋二元中彩憑吕宋對號單立兌現洋,shunpao
SPSP191305101005,19130510,感謝友邦承認,shunpao
SPSP191104071901,19110407,滬上官紳歡送振糧美艦之酬酢,shunpao
SPSP192005101006,19200510,中國救濟婦孺會大會紀事,shunpao
SPSP193811191101,19381119,中國救濟婦孺總會　事工推進弗墜　五屆集婚今日舉行　　上海爲遠東一大商埠、居民雜處、良莠不齊、拐略之案、亦層出不鮮、法律雖有保障、官廳緝捕、有時而窮、爰於民國元年、由徐乾麟等發起、繼得朱葆三、虞洽卿王一　[...],shunpao
SPSP194112250502,19411225,平安旅社　火災慘案真相　被雖同人嗷首待援,shunpao
SPSP190512081102,19051208,杭垣官報,shunpao
SPSP190603230401,19060323,宿遷士绅禀甯學務處批南京　　禀及簡章均　天津悉查此案前據宿遷縣禀校士館孝廉堂公車賓興各欵數目籌議分撥興學並學人陸文椿等請改中學等情禀内批飭該縣會紳妥議禀復飭遵至今未見禀復茲據稱浮濫各條以有用之欵虚擲濫　[...],shunpao
SPSP190608250401,19060825,棉紗加稅定議　　好稅務司前因永裕碼頭各小輪所裝棉紗祇完常稅不報釐金避事就輕與新關稅務大有影響曾函請瑞觀察電禀大部請將常關稅則照新關一律加足七錢己奉部中核准一俟部文到日卽須實行所有從前裝出之貨亦須一律以　[...],shunpao
SPSP190711240501,19071124,樞臣變通禁烟辦法北京　　自副都御史管廷鶚修律大臣英瑞等均因戒烟斃命太后聞之甚爲悼惜現軍機處擬畧變通章程　[...],shunpao
SPSP190805281801,19080528,小說,shunpao
SPSP191905270301,19190527,時評北京政府其注意,shunpao
SPSP192008190301,19200819,時評新事發生,shunpao
SPSP192008260301,19200826,時評兵變,shunpao
SPSP192007160301,19200716,時評兄弟鬩于牆,shunpao
SPSP191406271001,19140627,本埠新聞財政部採納幣制條陳,shunpao
SPSP191710131001,19171013,本埠新聞敵襲擊船出現太平洋,shunpao
SPSP191409180101,19140918,譯稿德意志與山東,shunpao
SPSP191705141001,19170514,本埠新聞美國敎育家之臨别贈言,shunpao
SPSP192307060401,19230706,時論本館特約行政委員制與中國,shunpao
SPSP191706111001,19170611,本埠新聞各省脱離關係之影鄕,shunpao
SPSP190311070309,19031107,興學陳詞,shunpao
SPSP190301080905,19030108,十月十一月份經收捐清單,shunpao
SPSP192105301016,19210530,寗紹商輪公司股東會紀,shunpao
SPSP191809041101,19180904,甯波同鄉會募捐團大會紀,shunpao
SPSP189509150904,18950915,滬北鐵馬路廣益善堂六月份○月捐清單,shunpao
SPSP189901221004,18990122,十一月各善士寳號月捐淸單,shunpao
SPSP191812151113,19181215,組織全國義賑聯合會,shunpao
SPSP194608210415,19460821,潘議長慷慨陳詞　籌募貨金不容氣餒　更望大家激發天良,shunpao
SPSP192002090301,19200209,時評官僚之威權,shunpao
SPSP191909020201,19190902,天降洪流禍我華夏濱江各省先後成災而首當其衝受災倍酷者實爲湖北緣該省地處上游爲衆水滙聚入江之要道今年霪雨旣久各處山洪暴發水性汹湧急無歸蓄遂致漫溢四出如夏口孝感漢川漢陽應城安陸鍾祥京山天門潛江荆門松滋石首　[...],shunpao
SPSP192611101401,19261110,昨日銅元兌價漲極加跌,shunpao
SPSP191701041001,19170104,本埠新聞中美友人之親密,shunpao
SPSP191812091001,19181209,本埠新聞主張稅法平等會開會　　主張國際稅,shunpao
SPSP191707220201,19170722,時評滇川與粤桂,shunpao
SPSP192009060201,19200906,時評江蘇省長問題雜感,shunpao
SPSP192611072401,19261107,〔申報本埠增刊〕玻璃棚并,shunpao
SPSP191705091001,19170509,官紳會勘衣周塘　　會勘衣周塘工一事種種預備經紀前報茲悉江蘇齊省長所派委員金其照來滬後已於昨午,shunpao
SPSP191809131001,19180913,本埠新聞,shunpao
SPSP192008050301,19200805,時評罪己令,shunpao
SPSP192008160301,19200816,時評政府與人民之今日,shunpao
SPSP192008210301,19200821,時評用人與輿論,shunpao
SPSP191112030401,19111203,公電,shunpao
SPSP194611040601,19461104,上海路名考,shunpao
SPSP191810140201,19181014,時評今日之爭點,shunpao
SPSP191701040201,19170104,時評動與定,shunpao
SPSP190506180401,19050618,第四版毒斃差弁兇犯認供蘇州　　常備第一營差弁唐憲斌身死不明經長元二縣開棺檢驗一案已迭紀報端兹悉此案現經長洲縣蘇大令會同憲委葛大令研訊由周鑑山質証始據文宣臣供認與唐憲斌素有嫌隙現又被其揭破開堂收徒起意用　[...],shunpao
SPSP190704132008,19070413,丙午十一月十二月份經收月捐淸單,shunpao
SPSP190703191905,19070319,丙午十一十二月份經收月捐淸單,shunpao
SPSP190711172016,19071117,振務,shunpao
SPSP190711292007,19071129,振務,shunpao
SPSP190612281001,19061228,來函九十月份月捐淸單,shunpao
SPSP192403021419,19240302,甬同鄉會徵求開幕紀,shunpao
SPSP192209301303,19220930,今日總商會會董常會之議案,shunpao
SPSP192012301144,19201230,上海地方審判廳,shunpao
SPSP191705271107,19170527,江灣救濟婦孺會開會紀,shunpao
SPSP189209030901,18920903,浙省,shunpao
SPSP189112030901,18911203,定海廰紳士報銷淸帳并啓,shunpao
SPSP189711070501,18971107,包愈五淋白濁,shunpao
SPSP189908160907,18990816,美界捕房紀事,shunpao
SPSP191106081801,19110608,勸戒紙烟職員會記事　　前日下午鐘勸戒紙烟會在伍侍郎寓所開職員會先由朱少屏君報告推伍侍郎爲正會長繼由伍會長推定陳潤夫沈仲禮李平書爲副會長姚菊坡顧鉄僧徐粹菴尤惜陰俞鳳賓丁仲祜朱少屏爲編譯員朱謙甫爲駐會書記　[...],shunpao
SPSP191103211801,19110321,國外新聞土耳其路政交涉近聞,shunpao
SPSP191012292701,19101229,國外新聞印度國會近事二十六日倫敦,shunpao
SPSP193504251107,19350425,承包兩路餐車茶房　律師被控詐騙　柏鴻薰律師交五千元保,shunpao
SPSP191708030201,19170803,時評事前事後,shunpao
SPSP190803171001,19080317,畫史要摺補錄江督奏覆上海總工程局叅案摺,shunpao
SPSP191710151101,19171015,國貨陳列所宴客紀,shunpao
SPSP191809211001,19180921,本埠新聞中美兩國商人之歡聚,shunpao
SPSP191612251001,19161225,本埠新聞雲南首義紀念之慶典　　陽曆十二月,shunpao
SPSP191409100101,19140910,游記羗海雜誌,shunpao
SPSP192009210301,19200921,時評三省長,shunpao
SPSP192009180301,19200918,時評天時人事,shunpao
SPSP190203180601,19020318,上海法大馬路興聖街口廣智新學書局發兌政治經濟繙譯實學書籍○經售讀本四書五經學堂課本自科舉改章以來有志功名之士無不以購置新書爲簡揀揣摩之用本局不惜鉅資廣爲搜羅凡中西書籍之有關於政治藝學經學史學者咸採擇無　[...],shunpao
SPSP190506160401,19050616,[Ｈ第四版查明製造局各所物料　　江督委唐子中觀察郁王欽軒直剌來滬區分製造局物料昨日總辦魏蕃實觀察派員將煤鐵所銅鉛所實料所各物逐一查明約計共值銀九十餘萬兩禀覆觀察轉咨葉軍門請檢點船塢應用之物以便訂期點交　[...],shunpao
SPSP190904242601,19090424,小說譏彈小說滑稽魂,shunpao
SPSP192301251310,19230125,導淮事業之進行,shunpao
SPSP192111171407,19211117,華洋義賑會成立大會紀,shunpao
SPSP191506071006,19150607,救國儲金紀要,shunpao
SPSP191810071133,19181007,中華職業教育社特別通訊,shunpao
SPSP189505240905,18950524,上海六馬路仁濟善堂籌賑公所施少欽經收山東順直賑捐三月初一至三十日清單,shunpao
SPSP189712250501,18971225,告白,shunpao
SPSP191112030601,19111203,其二,shunpao
SPSP192002261011,19200226,一品香中西官商之叙宴,shunpao
SPSP192008221901,19200822,科學新潮無綫電話之發達及成績,shunpao
SPSP190801060401,19080106,浙路認股報告李少瞻二百股徐愼記一百四十股來義生高筱波各二百股陸仲和許鏡華浙西初等小學堂各二十股雙林兩等學堂函報該校職員一百八十股學生八十一股外埠留學生九十七股教育分會職員三百股學界來賓暨學生父兄三百八　[...],shunpao
SPSP192401281501,19240128,本埠新聞二一週間之糖市　　上週糖市以届陰,shunpao
SPSP191612271001,19161227,本埠新聞四誌貨單抵欵之大騙案,shunpao
SPSP189705080501,18970508,天下馳名廣東陳恒德堂秘製奇效耳聾丸○不靈還洋○假冐甚多購者認明耳聾一症皆因腎水下虧相火上炎或鬱火傷肝以致耳聾目昏視聽不靈總因心腎不交陰虧陽僭而其病原尤在氣虚血脉不能流通呼吸不能靈捷氣逆則虚火向上故有耳　[...],shunpao
SPSP190709142001,19070914,上海縣案,shunpao
SPSP190806281001,19080628,要件,shunpao
SPSP190904111801,19090411,各省籌辦諮議局舉行第三次初選舉投票江蘇蘇屬,shunpao
SPSP191907291101,19190729,仁濟堂電募賑捐,shunpao
SPSP191607190101,19160719,遊記海雜誌,shunpao
SPSP192009150301,19200915,時評不可不用,shunpao
SPSP191811281001,19181128,本埠新聞克蘭氏抵滬之大歡迎　　字林報云美,shunpao
SPSP190804122601,19080412,重錄江督奏覆上海總工程局參案摺此摺己於二月十五日登錄要摺攔兹,shunpao
SPSP190709010101,19070901,明經韓止仙丹陽名士也刋有前後蒙古紀事本末一書又精醫學從孟河費繩甫遊著瘧疾論行世尚有時病撮要五種未刋云今夏在滬懸壺因父故奔喪回里頃己到滬仍庽南市寳泰碼頭德明里診金不計抱恙者勿交臂失之　孟河孫復瑞啓　[...],shunpao
SPSP192207271506,19220727,聖芳濟校籌備擴建校舍宴紀,shunpao
SPSP188908070910,18890807,上海北巿絲業會舘籌賑公所施少欽經收瀘州火災賑捐六月十一至三十日另登淸單,shunpao
SPSP191612231001,19161223,本埠新聞袪除浮收釐稅之請求　　上海商號萬,shunpao
SPSP191708061101,19170806,廣東俱樂部開幕誌盛　　昨,shunpao
SPSP192003160301,19200316,時評一博,shunpao
SPSP191901180201,19190118,時評新生命,shunpao
SPSP190806232701,19080623,施行不勝枚舉〕此雖無關宏旨而亦感發讀者之興味推廣報章銷路之良法也謂余不信曷嘗試之　　一宜改良告白欄以振興商業也　　我國報章之告白地位最不道德試觀日本各報告白欄無不與正文互爲排印日出八頁或十六頁無一頁無　[...],shunpao
SPSP190806071801,19080607,白話小說暫停三天,shunpao
SPSP192612081801,19261208,後起之秀　　中國電影人才之難尤在小生一角雖其宗派不一而所倣皆不肖若范倫鐵拿若李却白率爾姆斯·若却理斯萊·若白爾穆阿約翰·若萊蒙拿懐拉輩之演藝在國產電影小生中妄稱宗其一派者殊不乏人苟求其演藝則膚淺不足取　[...],shunpao
SPSP191510060116,19151006,中國紅十字會誌謝,shunpao
SPSP191401010201,19140101,時　　祝民國三年,shunpao
SPSP189808240902,18980824,法界公堂瑣案,shunpao
SPSP192010221002,19201022,中華義勇軍贈奬會紀盛,shunpao
SPSP190504170401,19050417,蘇撫接篆本館專電,shunpao
SPSP190609190401,19060919,上海官紳致湘紳電,shunpao
SPSP190609110401,19060911,廷求治之意,shunpao
SPSP190811092601,19081109,專件創辦錫金女子職業學校意見書,shunpao
SPSP190909080501,19090908,湘鄂路欵草約尚須改訂北京,shunpao
SPSP192103040301,19210304,時評内閣與四大難題,shunpao
SPSP193907230801,19390723,兩報館突遭襲擊　鬧市中傷斃多人　中美防範機警未遭損害　大晚報工友一死二負傷　警探兜捕與暴徒大激戰　　路人受傷傷者十餘一西人被擊斃　　愛多亞路長耕里　[...],shunpao
SPSP192210101501,19221010,本埠新聞二呈請制止聯合山莊之省批,shunpao
SPSP192207261501,19220726,本埠新聞二槍斃辛治國▲殺人者人恒殺之,shunpao
SPSP192004120301,19200412,時評變,shunpao
SPSP191811101001,19181110,本埠新聞歐戰協濟會之進行,shunpao
SPSP191501130101,19150113,要件　　關於中俄國境變遷之提　　案,shunpao
SPSP191605020101,19160502,遊記羗海雜誌,shunpao
SPSP191405160101,19140516,調查述中國鐵路權之瓜分,shunpao
SPSP191903300201,19190330,時評蒙古之前途,shunpao
SPSP191810170201,19181017,時評或問,shunpao
SPSP191805021001,19180502,本埠新聞續誌小販求免加捐之風潮　　各小菜,shunpao
SPSP190403210901,19040321,厦島客譚,shunpao
SPSP190605091001,19060509,十張,shunpao
SPSP190704302003,19070430,華洋義振會捐欵第四十次報告,shunpao
SPSP190706042004,19070604,華洋義振捐欵第四十五次報告,shunpao
SPSP190708300101,19070830,明經韓止仙丹陽名士也刋有前後蒙古紀事本末一書又精醫學從孟河費繩甫遊著瘧疾論行世尚有時病撮要五種未刋云今夏在滬懸壺因父故奔喪回里頃己到滬仍庽南市寳泰碼頭德明里診金不計抱恙者勿交臂失之　孟河孫復瑞啓　[...],shunpao
SPSP191004232801,19100423,奧皇擬巡狩新土　　十一日柏靈電云奧皇擬於西六月間赴巴斯利亞及赫在戈維那二州以受州民服從之誓,shunpao
SPSP192006041002,19200604,十團體歡迎美公使紀,shunpao
SPSP192109251003,19210925,江蘇賑務處之預備會,shunpao
SPSP191502031001,19150203,三誌對付過犯之治標辦法,shunpao
SPSP191406011001,19140601,本埠新聞展覽會已開幕矣,shunpao
SPSP191609081001,19160908,本埠新聞中美間航業之發展　　大陸報云太平,shunpao
SPSP191712301101,19171230,日艦駛往長江遊弋,shunpao
SPSP191611061001,19161106,本埠新聞銀貴金賤之現狀　　邇來滬埠所存現,shunpao
SPSP191707211001,19170721,本埠新聞丁槐與總統之印,shunpao
SPSP189007050901,18900705,善長崇義兩公所來啓,shunpao
SPSP188809130901,18880913,蘇湖官場述事○安廬道了潜生觀察在莹蕪查辦匪案現因省垣有要公於上月抄回省屬員僚史咸紛紛恭送行旌○本月初二爲督　皖南牙厘總局孫樹人觀察縣弧令誕寅僚屬史致送壽饑者觀察耿介自持統行璧　及屆壽辰觀察深恐有勞僚屬　[...],shunpao
SPSP189807200303,18980720,三紀公所被奪後情形,shunpao
SPSP189812020908,18981202,上海北市絲業會館籌振公所施子英經順直山東湖北安東徐賑捐八月初一至十六日第四十五次淸單,shunpao
SPSP191111050401,19111105,江督致上海紳商電,shunpao
SPSP191111201801,19111120,本埠新聞章太炎抵滬之計,shunpao
SPSP191702120201,19170212,時評试驗,shunpao
SPSP192006061101,19200606,浦東農田發現害蟲續誌,shunpao
SPSP192106100301,19210610,時評國際銀行公會,shunpao
SPSP191804271001,19180427,本埠新聞段總理之行蹝　　松滬應護軍使昨接,shunpao
SPSP191705251101,19170525,救濟婦孺會請人參觀　　中國救濟婦孺會朱葆三君等通函各界云敬啓者敝會創辦己經五載幸賴各界大善士贊助多方始著成效惟鄙人等智識愚庸辦理不無缺憾茲定於陰曆四月初六日午後二時在江灣留養院特備茶點恭請各界男女來賓　[...],shunpao
SPSP192305301401,19230530,亞洲公司承辦宮家壩之美滿,shunpao
SPSP191805191001,19180519,本埠新聞鍾紫垣赴英交涉之作罷,shunpao
SPSP192005210801,19200521,國内要聞二南京快信　　省議會昨,shunpao
SPSP191811071001,19181107,本埠新聞紀籌募幸福捐之大會　　美總統威爾,shunpao
SPSP190604151701,19060415,營房附設徵兵局蘇州蘇省督練公所以蘇城現在開辦征兵自應擇地設局查得閶門外上新橋撫標右營營盤房屋寛大該營兵己分别派赴各處駐防營内僅留兵六十餘名自應即將該營盤作爲征兵局已分飭遵照矣　[...],shunpao
SPSP190702211801,19070221,公共公廨早堂案　　英署聽差,shunpao
SPSP190903261801,19090326,各省籌辦諮議局舉行初選舉開票江蘇蘇屬,shunpao
SPSP188909280901,18890928,上海四馬路文報局内山東收解處經收杭州同響堂七月分經募細户另登清單,shunpao
SPSP191106161801,19110616,本埠新聞任錫汾劉體乾通報各部各督撫立案呈,shunpao
SPSP191801220201,19180122,時評臨時參議院,shunpao
SPSP191410290101,19141029,遊記　　羗海雜誌,shunpao
SPSP191707280201,19170728,時評爲國爲民,shunpao
SPSP191605030101,19160503,遊記羗海雜誌,shunpao
SPSP191504010101,19150401,著述歐西報業舉要,shunpao
SPSP191609060201,19160906,時評今後之政務與財政  默,shunpao
SPSP191702200201,19170220,時評權利義務,shunpao
SPSP191711050201,19171105,時評作戰之準備,shunpao
SPSP191708270201,19170827,時評告外交當局,shunpao
SPSP191509280101,19150928,請投函申報館四號信箱詳詢一切上海紡織有限公司廣告本公司於英九月念八號起每日上午拾點鐘至下午四點鐘在四川路三并洋行給發老股息每股計派規銀七兩五錢正届時望各股東將老股單帶至該處憑單領取股息可也此佈　上海紡　[...],shunpao
SPSP191809250201,19180925,時評○法美例,shunpao
SPSP191701270301,19170127,時評憲法,shunpao
SPSP192009200301,19200920,時評省長與廢督,shunpao
SPSP190708310101,19070831,明經韓止仙丹陽名士也刋有前後蒙古紀事本末一書又精醫學從孟河費繩甫遊著瘧疾論行世尚有時病撮要五種未刋云今夏在滬懸壺因父故奔喪回里頃己到滬仍庽南市寳泰碼頭德明里診金不計抱恙者勿交臂失之　孟河孫復瑞啓　[...],shunpao
SPSP191006232901,19100623,庚戍年外交報十年紀念增刋兩册本館延定留學外洋法政專家撰著國際法學論說並於正月臘月各增一册逢五發行共出三十四册預訂全年本埠四元五角外埠五元二角外國六元辛丑至已酉九年報價詳裁本報所登廣告　再本館現因商務印　[...],shunpao
SPSP192103241002,19210324,本埠新聞,shunpao
SPSP191501271001,19150127,本埠新聞　　總統選舉法慶賀會紀　　親統選,shunpao
SPSP191611101001,19161110,本埠新聞買賣滙票之掃興,shunpao
SPSP191801061003,19180106,修改稅則委員會成立大會紀事,shunpao
SPSP191612201001,19161220,本埠新聞烟禁無展限餘地,shunpao
SPSP191701031001,19170103,本埠新聞慶賀年禧之盛况,shunpao
SPSP191610301001,19161030,本埠新聞農商部注意選舉總商會會長,shunpao
SPSP191812261101,19181226,虹口搜檢行人,shunpao
SPSP189709200901,18970920,上海縣案,shunpao
SPSP190002170903,19000217,上海六馬路仁濟善堂開廠施粥經收施粥捐十二月初一至三十日清單,shunpao
SPSP191303030701,19130303,本埠新聞組織北京電車公司之大會議,shunpao
SPSP191111181901,19111118,給發九月仍薪糧,shunpao
SPSP191111221801,19111122,本埠新聞章太炎抵滬之計,shunpao
SPSP191107141901,19110714,公立幼稚舍畢業式　　昨日午後二時西門外慶安里上海公立幼稚舍行畢業禮順序如下報告授證書給奬來賓演說畢業生致謝唱歌畢業生姓名如下郁賽寳　[...],shunpao
SPSP191312190101,19131219,要件　　劉樹堂擬請創辦全國森林意見書,shunpao
SPSP191810200201,19181020,時評文派之交戰,shunpao
SPSP191709070201,19170907,時評時局之解剖,shunpao
SPSP191801100201,19180110,時評新勢力,shunpao
SPSP190608231101,19060823,將茶禮送還小的因邀同叔父曾阿華並梁劉氏至鄧余氏家探問並未强搶實遭誣控梁劉氏供稱小婦人與曾剛四爲媒聘定鄧余氏之女嗣因氏女與益互換小照後忽嫌曾家貧難度起意賴婚瑞觀察以梁劉氏所供不合喝令掌頰十五下判與曾剛四　[...],shunpao
SPSP190703200401,19070320,越郡辦理因荒滋閙詳情紹興　　越郡貧民因粮價日昻故將城廂各米鋪全行搗毁等情迭紀前報茲悉各米鋪已指導巡勇拘獲三人解府時訊得一人係屬悮拘卽行省釋其餘朱某金某二人係爲首喝衆滋事之犯交會稽縣李大令嚴責千板分裝站　[...],shunpao
SPSP190904191801,19090419,各省籌辦諮議局舉行初選舉開票江蘇寗屬,shunpao
SPSP191801041001,19180104,本埠新聞魯皖督軍復總商會電,shunpao
SPSP191702151001,19170215,本埠新聞金業取締空盤買賣之辦法,shunpao
SPSP189706060501,18970606,本公司上海監理華友領領袖者爲　朱葆三先生帮理者爲　張麟魁先生葉明齋先生　本公司在中國日本總經理人爲漢密登先生副經理人爲陶爾薄先生本公司東方總局開設上海英界黃浦灘第六號門牌本公司在厦門汕頭廣州福州烟台天　[...],shunpao
SPSP192403171401,19240317,捲烟業依舊堅持　　函復警廳　　昨日本埠華界捲烟業仍停售捲烟、南·北·東·西·各區烟店、仍持堅決態度、午時該業公會八代表、往淞滬警應亞謁廳長、面陳具體意見、惟因適值星期、例不接見、代表回會後、即召集臨時　[...],shunpao
SPSP191910281001,19191028,湖北水災圖,shunpao
SPSP191910121101,19191012,海關定期焚土,shunpao
SPSP194010211101,19401021,母女捲逃案　姘夫控吿切盜　老姘婦揩油瓶女淫奔　並致函銀行禁止掛失,shunpao
SPSP192407191201,19240719,等聯合間人籌、設民報、業於日昨呈縣立案、一面已積極籌備、預定下月初當可出版矣、　　平湖　　乍浦交涉案辦理困難浙西乍浦山地交涉、自令平湖縣知事曹有成、辦理此案後、曹訂六十年租期期滿仍得續租之草約、平　[...],shunpao
SPSP192102020301,19210202,時評意思表示說,shunpao
SPSP192004031001,19200403,本埠新聞三商會公讌拉門德紀事　　拉氏演說,shunpao
SPSP192008090201,19200809,時評職與權,shunpao
SPSP191812291001,19181229,本埠新聞卡爾登歡送安立德紀　　昨日午刻上,shunpao
SPSP191811171001,19181117,本埠新聞五誌慶祝戰功告成之盛况冒雨提燈之,shunpao
SPSP192407161301,19240716,本埠新聞俄領館展至二十四日前交接,shunpao
SPSP192008230301,19200823,時評虜獲品,shunpao
SPSP191812140201,19181214,時評互責用兵,shunpao
SPSP190607151701,19060715,上海官事　　浙江湖州府知府李慕皋太守念兹委辦出洋學生照料所江西補用知縣謝筠庭明府　松補用都司葛都戎雲靑等昨均因公先後到道禀見○綢捐南十委員候補知縣魏明府允濟昨飭丁到道禀請續假十天○前日滬道瑞觀察在洋務　[...],shunpao
SPSP190605311001,19060531,正陽關來電新閘任振采兄鑒金山奇灾公電敬悉茲勉籌英洋五百元由大德通電　請察收入册並逹商會諸公胡銘業歌籌解湖南賑欵袁大京兆昨在洋務局邀請官商籌解湖南振欵議定由申派人前往散放除前電匯三萬兩外擬再行續電滙五萬　[...],shunpao
SPSP191705041101,19170504,緝私兵士不得隨意開槍,shunpao
SPSP191609231001,19160923,本埠新聞滬濱昨日之小風潮,shunpao
SPSP192203181501,19220318,死事之華捕出殯記　　公共租界巡捕房第一千一百六十三號華捕石炎森前晚被盜開槍擊斃定於十七號,shunpao
SPSP191410041001,19141004,本埠新聞中秋佳節之點綴,shunpao
SPSP191602261001,19160226,本埠新聞西報對於美艦來滬之揣測,shunpao
SPSP191604271001,19160427,本埠新聞商界又得無錫消息,shunpao
SPSP191702221101,19170222,紅十字分會施種牛痘　　滬城縣南街紅十字分會定於舊曆二月初一日,shunpao
SPSP191702231101,19170223,匪徒擾累行旅三誌,shunpao
SPSP191612221001,19161222,本埠新聞金融界之現狀,shunpao
SPSP191611221001,19161122,本埠新聞昨日滬上之金銀市况　　昨日,shunpao
SPSP191612161001,19161216,本埠新聞華法商人對於天津交涉案之期望,shunpao
SPSP191302091001,19130209,本埠新聞改組招商之磋議,shunpao
SPSP191112122001,19111212,閘北,shunpao
SPSP193408151401,19340815,僞造美星檀香粉拘究,shunpao
SPSP192011050301,19201105,時評告今之統一與護法者,shunpao
SPSP191707030201,19170703,時評眞力量,shunpao
SPSP191810160201,19181016,時評今選舉如何,shunpao
SPSP191809100201,19180910,時評巡閱,shunpao
SPSP191801110201,19180111,時評新勢力,shunpao
SPSP191704020201,19170402,時評新外交次長,shunpao
SPSP192106300601,19210630,時評蒙軍與蒙匪,shunpao
SPSP191810130201,19181013,眞情實狀,shunpao
SPSP192611072501,19261107,劇塲消息二　　朱葆三出殯影片昨晚已在其舞台開映甬紳朱葆三先生於昨日舉殯儀仗之盛經過各路觀者人山人海途幾爲塞各影片公司之攝新聞片者甚多大中國影片公司所攝獨多已加工洗印於昨日當晚即在其舞台開映觀者如目睹一　[...],shunpao
SPSP192306161501,19230616,本埠新聞二今日江灣賽馬之預測,shunpao
SPSP191612171001,19161217,本埠新聞梁任公在南洋公學演說紀畧　　梁任,shunpao
SPSP193702251401,19370225,財政部規定中國農民銀行責任,shunpao
SPSP190212190301,19021219,文星照淛,shunpao
SPSP190704121001,19070412,專件　　農工商部丙午年紀事簡明表,shunpao
SPSP191707130201,19170713,時評張勳不死,shunpao
SPSP192510170201,19251017,新敎育十卷四期體育專號遊戲與敎育之關係麥克樂體育與物理學丁嘉福體育在敎育上生物學之關係麥克樂歐美體育史盧頌恩譯體育與普通精神病理學的關係麥克樂習慣與姿勢陳榮祖譯體育上之興趣學說與努力學說之比麥克樂滅除　[...],shunpao
SPSP192004210301,19200421,時評感情,shunpao
SPSP191307090101,19130709,通信外蒙獨立及中俄交涉,shunpao
SPSP191412030101,19141203,要件　　北滿洲與俄國之關係,shunpao
SPSP191509030101,19150903,本館開設上海望平街第一百五十八九二號電話九十五號本館定報價目中國境内全年逐日寄大洋十二元半年六元日本全年十二元半年六元歐美各國全年十八元半年九元由西比利亞寄全年廿一元六角半年十元零八角報資先惠郵票不收　[...],shunpao
SPSP191505260101,19150526,中華民國四年西曆一千九百十五年四月廿六號星期三舊曆乙卯四月初十三日今天四張售大洋三分　第一萬五千一百八十八號本館開設上海望平街第一百五十八九二號電話九十五號　[...],shunpao
SPSP191805170201,19180517,時評外交軍費,shunpao
SPSP191805200201,19180520,時評簽約後之善後,shunpao
SPSP191701260301,19170126,時評幸歟不幸歟,shunpao
SPSP192002100301,19200210,時評早知今日,shunpao
SPSP191812020201,19181202,時評南方一致,shunpao
SPSP191705130201,19170513,時評時局之前途,shunpao
SPSP191703020201,19170302,時評恊約國之答覆,shunpao
SPSP191812200201,19181220,時評不和之根,shunpao
SPSP192311270201,19231127,預約機會止餘四天商務印書館出版英漢雙解韋氏大學字典售價廿四元預約十七元卽日訂購可省七元皮髮一巨册本年　出版外埠函訂以郵局日期翟戳爲據　[...],shunpao
SPSP192105021001,19210502,本埠新聞蘇省長咨交十年度預算案,shunpao
SPSP191312160101,19131216,來稿治邋路以利交通論,shunpao
SPSP192005300201,19200530,時評死杰中之段内閣,shunpao
SPSP190701140401,19070114,夏口廳辱官公文,shunpao
SPSP190609200401,19060920,武陵縣親解要犯禹之謨湖南　　湘省拿獲要犯禹之謨交長沙府審訊收管己詳前報茲己由大憲擬定監禁罪名解赴靖州寄監收禁昨過常德府常郡士民頗滋驚擾經武陵縣廖大令當衆宣布謂禹之謨巳定監禁不日將遞解靖州並無牽累株連之　[...],shunpao
SPSP190707192001,19070719,訟案,shunpao
SPSP190708041901,19070804,錢莊受虧公禀滬道　　法界潤昌煤油號韓潤生欠源利莊往來銀三萬兩及房產押欵銀七萬數千兩源利莊以該號遷延不付曾控諸公庭懸案至今未結潤昌曾挽朱葆三出塲商懇源利莊願還現銀五萬兩出期票二萬兩源利未允日前向英公廨控　[...],shunpao
SPSP192305141417,19230514,寗紹商輪公司股東常會紀,shunpao
SPSP191704271101,19170427,師範生之參觀,shunpao
SPSP191607231001,19160723,本埠新聞調查黨人存儲之軍火,shunpao
SPSP191408211001,19140821,本埠新聞歐洲戰事之上海觀,shunpao
SPSP191611121001,19161112,本埠新聞電請副總統催復自治,shunpao
SPSP191709031101,19170903,集議日暉呢廠之債務,shunpao
SPSP191808311001,19180831,本埠新聞美人効力社會續紀,shunpao
SPSP191801011101,19180101,鎗决傷害包探之盜犯　　盜匪鄒春泉張玉盛岳德勝李曉峯紏黨范瑞卿,shunpao
SPSP191801051001,19180105,本埠新聞再紀修改稅則委員會成立大會之參列,shunpao
SPSP191712171101,19171217,日暉織呢廠又議出租　　上海總商會會長朱葆三沈聨芳曁會董謝衡牕等會同滬紳郭建侯籌措資本承租省有龍華日暉造呢廠試造毛絨線已分呈農商部省長公署核准指令滬海道尹邀集各債權人開會磋商復候核辦旋經王道尹邀集該廠債　[...],shunpao
SPSP191607091001,19160709,本埠新聞新銀角不能通用四誌,shunpao
SPSP191607291001,19160729,本埠新聞裁撤軍政執法處,shunpao
SPSP191112040501,19111204,再紀財政大會議　　十二日軍政府在張園開大會議已將略情登載昨報茲又抄得議案詳布於下　　是日一鐘閘北商團奉滬軍都督命令排隊而至繼而商餘學會書業珠寳業米荳業各商團先後蒞止自安愷悌洋房門首以及四周前後護衞嚴密　[...],shunpao
SPSP192005011416,19200501,怡和洋行宴會紀,shunpao
SPSP191812101001,19181210,本埠新聞陸徵祥覆張季直電,shunpao
SPSP191905151101,19190515,總商會昨日開會紀,shunpao
SPSP192310051501,19231005,本埠新聞二復日大學消息,shunpao
SPSP191708290601,19170829,要聞二日本各黨會之美禁鐵輸出觀　　日本造船業者對於美國之禁止,shunpao
SPSP191612101001,19161210,本埠新聞甯杭路舉行通車禮紀盛,shunpao
SPSP191908211001,19190821,本埠新聞南方反對王揖唐之表示　　平和通信,shunpao
SPSP191811211001,19181121,本埠新聞九誌慶祝戰功告成之盛况交涉公署之,shunpao
SPSP192311260201,19231126,時論,shunpao
SPSP191708260201,19170826,時評出兵,shunpao
SPSP191702190201,19170219,時評行將揭曉,shunpao
SPSP191803210201,19180321,時評南京病疫,shunpao
SPSP191304020101,19130402,論說大借欵合同草案第五條評論,shunpao
SPSP191812060201,19181206,時評無兵說,shunpao
SPSP191707200201,19170720,時評失望,shunpao
SPSP191811130201,19181113,時評平和之聲,shunpao
SPSP190604250201,19060425,中國圖書有限公司緣起代論敎育者國民之基礎也書籍者敎育之所藉以轉移者也是以數千年之國髓傳於經史五洲各國進化之程度僉視新書出版之多寡以爲衡今者科舉廢學校興著譯之業盛行羣起以赴敎育之的然而書籍之不注意何也書　[...],shunpao
SPSP190609100401,19060910,等同叩箇,shunpao
SPSP190904011801,19090401,各省籌辦諮議局舉行重選舉投票　　江蘇蘇屬,shunpao
SPSP192206181201,19220618,本埠新聞浙廢督與旅滬浙人,shunpao
SPSP192412030301,19241203,時評　　張作霖出京,shunpao
SPSP191805031001,19180503,本埠新聞三誌小販求免加捐之風潮昨日仍未一,shunpao
SPSP192001111001,19200111,本埠新聞要求市民權之昨訊,shunpao
SPSP191812300201,19181230,時評確定,shunpao
SPSP190801030301,19080103,路欵要聞旅漢浙人開曾集股續誌,shunpao
SPSP190710181501,19071018,｛｛衞生第一秘寶大隆大藥房秘製固精發胖丹專治夢遺滑精永不再洩服後數日卽覺神完氣足容顔肥白蓋精體充滿故也一試便知夫天上三寳日月星地下三寳水火風人中三寳精氣神腎爲北方之水精爲天一之源人身五臟六腑十二經絡賴　[...],shunpao
SPSP192411020716,19241102,招商局股東大會紀,shunpao
SPSP191610161001,19161016,本埠新聞華絲貿易之調查,shunpao
SPSP191610191001,19161019,本埠新聞辦理黨人善後之周折　　各省旅滬黨,shunpao
SPSP191501311001,19150131,本埠新聞,shunpao
SPSP191609041001,19160904,本埠新聞旅滬粤人關懷桑梓　　本埠廣肇公所,shunpao
SPSP191609111001,19160911,本埠新聞回復地方自治之討論　　江蘇縣員聯,shunpao
SPSP191808101101,19180810,寗波同鄉會募捐消息,shunpao
SPSP191804181101,19180418,海軍辦公時間之規定,shunpao
SPSP191712201001,19171220,本埠新聞交涉署歡宴日本海軍人員,shunpao
SPSP191702061001,19170206,本埠新聞星期一之金融調查,shunpao
SPSP191706221001,19170622,第三章本埠新聞浙江陜西取消獨立之知照,shunpao
SPSP191306070601,19130607,要聞二大學校風潮近狀,shunpao
SPSP191911051001,19191105,湖北水災圖,shunpao
SPSP191911051002,19191105,本埠新聞,shunpao
SPSP191911141101,19191114,湖北義賑會董事會紀事,shunpao
SPSP194112060701,19411206,馬尼刺成為　外僑撤退集中點　駐平美軍及荷均撤退　巴輸貟運必需品來滬　兩週內形勢如無變化英輸或可復航,shunpao
SPSP192609071501,19260907,本埠新聞二各團體追悼朱葆三之籌備,shunpao
SPSP192211270801,19221127,寳塔牌寳塔香煙至可寶貴任誰吸之津津有味　中國南洋兄弟煙艸公司鞠部樷刋空前宏著戲曲大觀●周劍雲先生主任編輯●二十四名人悉心合撰增廣材料重加校勘發售預約祇有四天了▲三十五萬言▲百餘幅小影▲銅版精印▲精緻非　[...],shunpao
SPSP191608121001,19160812,本埠新聞三誌離奇駭怪之烟土案　　庽居湖北,shunpao
SPSP192204231501,19220423,律師公會今日開評議會　　上海律師公會訂於二十三日,shunpao
SPSP191406201101,19140620,候查木作場抵欠,shunpao
SPSP191406211001,19140621,本埠新聞福建路之無軌電車,shunpao
SPSP191810260501,19181026,懷安施醫局特請陳伯成醫士毒門耑科花柳毒莫多於滬上而花柳毒藥之廣告亦遍貼通衢稍不審愼誤服假品或劇烈之劑以致殘廢終身痛苦萬狀殊堪深恨至貧苦小民因醫藥價昻而失治者尢堪憐憫同人等因于六馬路電車轉角處和興米店東　[...],shunpao
SPSP192008290301,19200829,時評談話,shunpao
SPSP194008030901,19400803,昨晨同一時間內　發生暴行案三起　白俄領袖梅思拉遭慘殺　義泰興經理沈錦洲被綁　環龍路上綁架未遂槍傷巡捕　　通來本埠綁架暗殺之案、層見迭出、昨日領事團正爲會議遏止政治性暴行、不料昨晨八時二十分甫陽路二零八　[...],shunpao
SPSP191610111001,19161011,本埠新聞國慶紀念之盛况　　本年陽曆十月十,shunpao
SPSP191602090101,19160209,本館定報價目中國境内　全年逐日寄大洋十二元　半年六元　日本全年十二元　半年六元　歐美各國全年十八元　半年九元　由西比利亞寄全年廿一元六角　半年十元零八角　報資先惠　郵票不收　[...],shunpao
SPSP191308030101,19130803,外論論中國西通大鐵道之重要附譯地訥氏說略,shunpao
SPSP192008150301,19200815,時評戰之餘波,shunpao
SPSP191811120201,19181112,時評祝歐洲大戰告成,shunpao
SPSP192010251001,19201025,申報第三張本埠新聞川軍復渝之滬聞　　孫仲,shunpao
SPSP191801170201,19180117,時評北派,shunpao
SPSP191803070201,19180307,時評奉軍逼京,shunpao
SPSP191803050201,19180305,時評外事益緊急,shunpao
SPSP191901100101,19190110,本館現在置有銅版部専製粗細照相銅版及鋅版鉛版等件質料精良價格公道且製造之法非特迅速又極優美　特此告申報館啓　28巳A中國郵政局特准掛號認爲新聞紙纇　OAP　NUHS　明治四十一年四月二十一日第三種郵便　[...],shunpao
SPSP191307170101,19130717,要件中俄商訂蒙事協約節要,shunpao
SPSP191506190101,19150619,譯述歐西報業舉要,shunpao
SPSP191411100101,19141110,遊記羗海雜誌,shunpao
SPSP191411220101,19141122,要件　　北蒙古與俄國之關係,shunpao
SPSP191612260201,19161226,時評暮氣,shunpao
SPSP191612310201,19161231,時評進退,shunpao
SPSP192008140301,19200814,時評統一問題,shunpao
SPSP191805190201,19180519,時評戰無可戰,shunpao
SPSP191712020201,19171202,時評停戰,shunpao
SPSP191803230201,19180323,時評共扶危局,shunpao
SPSP191812260201,19181226,時評地點尙未解决,shunpao
SPSP192012080201,19201208,時評毆議員,shunpao
SPSP191709110201,19170911,時評可惜,shunpao
SPSP192005121401,19200512,本埠新聞法公董局之交誼會　　昨晚七時半法,shunpao
SPSP190304131201,19030413,上海四馬路補天藥局虔修各種丸散膏丹夫人身一小天地也精於醫與大易鴻範相表裏補天之名良有以也本藥局主人惻隱爲懷關心疾苦舉凡丸散膏丹各種藥酒以及眞正馬寳人參鹿茸官燕毛燕之類靡不逾格遴選十分鄭重以期馳名海内近　[...],shunpao
SPSP190507290201,19050729,美使開送禁工條約　　六月十九日北京報云日前美公使將現擬續訂之禁工條約開送外部其約内條欵與外部及梁星使所擬之稿大爲不合大約仍持苛禁之主義者也　[...],shunpao
SPSP190701241701,19070124,汴撫委員購運馬步槍彈漢口　　汴撫張安帥近委候補知縣兪某來漢在兵工局定購馬步槍枝百餘桿彈子一萬四千顆刻已由江漢關道頒發護照照前往領取　[...],shunpao
SPSP190612280101,19061228,諭旨恭錄,shunpao
SPSP191004221401,19100422,忠吿耳聾同胞僕安徽合肥人也少　酒色過度兩耳時常鳴響或　或　小便頻數然於聽聞尙未　聰至前年忽然兩耳交聾與人談論但見齒露唇動未知所說何語常常不應慢客孰甚屢醫罔效心甚焦灼家叔素患耳聾去冬回鄉帶歸上海望平街大　[...],shunpao
SPSP192611272201,19261127,論電影演藝與﹁懺悔﹂中之演員毅　　電影表情不假方或器物之力能溢於眉宇是爲内心表演非久練者不工歐美明星近皆趨習此派故新出之電影每多近攝甚至僅攝面部者凡劇中人之喜怒哀樂盡情流需於面上或曰此易事也喜則微笑怒　[...],shunpao
SPSP192612311801,19261231,書畫訊　　書畫家顧青瑶女士遷寓青瑶女士山水篆學研練工深超渾絶俗下筆無論巨幀尺幅彌不揮洒自如氣韻魄力兼工並妙一洗從來閨秀纎弱之習且詩文跋記每著題語自抒靈警不襲窠臼尤爲三絶女士之法書寳繪久已藝林推重求者踵　[...],shunpao
SPSP192304301701,19230430,本埠新聞三裕新號今日開始廉價,shunpao
SPSP191608011001,19160801,本埠新聞江蘇地方維持會要電,shunpao
SPSP191608021101,19160802,第三區救火會之籌備,shunpao
SPSP191608041001,19160804,本埠新聞演講通俗敎育及軍事敎育,shunpao
SPSP191610011001,19161001,本埠新聞諮詢租借房屋之習惯　　上海地方審,shunpao
SPSP191609161001,19160916,本埠新聞投機事業之思患預防,shunpao
SPSP192110251501,19211025,一品香之籌賑宴會,shunpao
SPSP191604211001,19160421,本埠新聞官塲所得之蘇州消息,shunpao
SPSP191605311001,19160531,本埠新聞舉定總商會正副會長,shunpao
SPSP191408141101,19140814,借單紏葛,shunpao
SPSP191403231001,19140323,本埠新聞觀察使索還公廨管理權,shunpao
SPSP191609021001,19160902,本埠新聞縣議員聨合會之要函　　江蘇全省縣,shunpao
SPSP191611141001,19161114,本埠新聞棉業聯合會成立,shunpao
SPSP191707021101,19170702,寰球學生會之同樂會　　寰球中國學生會夜校前晚八時舉行第二次同樂會首由校長徐紉蓀報告此届同樂會係英文科二三四五級組織而成諸同學乗此考試方畢濟濟一堂興高采烈樂莫由此云云繼遂接演各技　[...],shunpao
SPSP191809111101,19180911,巡船留難酒船之反動,shunpao
SPSP191708151001,19170815,本埠新聞調查德人在滬之存欵,shunpao
SPSP191804131001,19180413,本埠新聞英人商會常年會紀事,shunpao
SPSP191806051001,19180605,本埠新聞再紀滬上新流行之病症　　英文滬報,shunpao
SPSP191801061101,19180106,白克路發生刦案,shunpao
SPSP191712151001,19171215,本埠新聞閩省電滬乞援紀聞,shunpao
SPSP191712281101,19171228,違犯烟禁之情虚,shunpao
SPSP191612241001,19161224,本埠新聞黄克强先生靈柩由滬回湘之盛况,shunpao
SPSP191612261001,19161226,本埠新聞雲南首義紀念日之慶祝盛况　　昨日,shunpao
SPSP191802061001,19180206,本埠新聞再誌强搶男子之黑幕　　匪徒鄭洪慶,shunpao
SPSP191803061001,19180306,本埠新聞六年度兩路營業之盈虧,shunpao
SPSP190006211001,19000621,匯豐銀行告白啓者本行收足資本洋一千萬元公積洋一千一百五十萬元另議定備用股本洋一千萬元總行開設在香港分行在倫敦厦門暹羅包帶維亞孟買加拉吉打古隆北福州荷蘭漢口神户長崎意陸伊羅禮容呂宋紐約檳榔冷宮西貢舊金山　[...],shunpao
SPSP191111171801,19111117,申報第二張第二版來稿鄞縣童慕祖上各軍政府條陳意見書,shunpao
SPSP191907151001,19190715,本埠新聞L]慶祝法國共和紀念之盛况　　昨,shunpao
SPSP194805170401,19480517,民食調配會本既定方針　無限制繼續拋米　今仍分組出動控制各業市場,shunpao
SPSP190310020301,19031002,黄堂鞫梟姑蘇采訪友人云蟠踞上海南匯交界處之北帮梟首鄧海青經飛划營快領哨李標勝都戎正邦獲諸崑山縣境唯亭附近月初某日狎解省垣寄禁長洲縣獄初七日代理蘇州府知府田紹伯太守奉藩司效述堂方伯飭提研訊遂於午後五點鐘　[...],shunpao
SPSP190302050301,19030205,白下鶯啼,shunpao
SPSP190209050901,19020905,上海縣署案,shunpao
SPSP190505271601,19050527,元請俟補都司後以遊擊仍留原省補用以上福建勸捐請奬尋常六員甘肅補用道江聨葑請加二品銜甘肅試用通判李支請俟得缺後以直隸州知州月甘肅試用府經歴謝幹年甘肅試用縣丞陳清灝枃請俟得缺後以知縣用不論雙單月選用縣丞甘　[...],shunpao
SPSP192210104701,19221010,人壽保險之傳奇郁賜　　人壽保險之傳奇者美人所著之書名以述彼邦保壽事業之發達情形者也距今不滿百年以前美國境内之保壽營業尙爲别國公司所獨攬其後美人之首先自組保壽公司者亦賴來自英格蘭及蘇格蘭之專門家以助其成　[...],shunpao
SPSP191804161001,19180416,本埠新聞葡總領事遇險犯案葡人子姪之暴行,shunpao
SPSP191801301001,19180130,本埠新聞美領事對於華商運貨往美之主張,shunpao
SPSP191707211101,19170721,道勝銀行上年股利及餘利,shunpao
SPSP189703030105,18970303,公議中國銀行大槪章程,shunpao
SPSP189811241201,18981124,光緒二十四年九月三十日京報全錄,shunpao
SPSP192802040401,19280204,本館要電,shunpao
SPSP191610121001,19161012,本埠新聞再誌國慶紀念之盛况　　江蘇省敎育,shunpao
SPSP192007090301,19200709,時評弄兵,shunpao
SPSP192107191801,19210719,衛生夏令衛生之兩大敵害  蔡行素　　人莫不愛其身又莫不喜健康而惡疾病獨於發生疾病之大敵大害任其孳生任其繁殖不思所以袪除之法此非大愚即係至惰每年夏秋之季疾病叢生雖或因受暑或因着凉而媒介疾病最毒最厲之蚊蠅　[...],shunpao
SPSP191603101101,19160310,婦人賣烟被獲再紀,shunpao
SPSP191509091101,19150909,來函德大紗廠來函,shunpao
SPSP191403040701,19140304,九江,shunpao
SPSP191809100501,19180910,名馳寰宇效騐無匹立止白帶丸本醫生家傳秘方精選上等原料藥材按秘方煉製立止白帶丸發行於世已届四載名馳寰宇功效卓著治愈婦女帶下之症已不可思議謝函證書片如雪來咸推謂善治婦女帶下之症無上聖藥也究婦女之受此病者皆　[...],shunpao
SPSP191804071101,19180407,人命案不能成立,shunpao
SPSP191812221001,19181222,本埠新聞日本聘請法國航空員,shunpao
SPSP192008240301,19200824,時評新舊之北京,shunpao
SPSP191901160201,19190116,時評喜信,shunpao
SPSP193311051301,19331105,趙慰先訴魏廷榮父子敎唆誣告妨害自由　　　第二特院昨日開審旁聽者極衆　因捕房律師參加法官認爲不合　—結果未能進行將改期審理—　　前法租界中華義勇隊總司令中法銀公司經理元泰洋貨號主魏廷榮、係已故滬上巨紳朱　[...],shunpao
SPSP192310300301,19231030,時論,shunpao
SPSP192609041301,19260904,本埠新聞本埠所得漢口消息,shunpao
SPSP191605280701,19160528,和局决裂後之魯聞　　山東和議旣行决裂　　復現　黨人果與軍隊决一雌雄戰禍必及濟南故各紳士等累日奔走苦心調和今旣無效則此後風雲變幻殊爲危險欲免波及除避地外無他法故邇來有作泰由遊者有作天津行者整理行裝非常忙　[...],shunpao
SPSP191712180101,19171218,遊記羗海雜誌,shunpao
SPSP191707140201,19170714,時評各盡其能力,shunpao
SPSP191803200201,19180320,舊曆戊午二月初八日,shunpao
SPSP192309051301,19230905,本埠新聞關於日本地震大災之昨訊　　招商局,shunpao
SPSP191709240201,19170924,時評出兵與軍隊,shunpao
SPSP191707070201,19170707,時評非調停,shunpao
SPSP191704180201,19170418,時評受賄案,shunpao
SPSP191704220201,19170422,時評權利,shunpao
SPSP191805020201,19180502,時評爲人着想,shunpao
SPSP191711230201,19171123,自露眞相,shunpao
SPSP191812220201,19181222,時評先决問題,shunpao
SPSP190703131701,19070313,伊籐侯回韓,shunpao
SPSP190706212001,19070621,上海官事　　候補道蘇品仁太湖水師統領副將毆陽成祥昨均到道拜會新任寳山縣竇鎮山到道禀見　本城守備杜步階由松回到道禀知　[...],shunpao
SPSP190803230501,19080323,蘇城烟膏三帮同業公叩,shunpao
SPSP190612120301,19061212,各部近狀彙誌京師　　農工商部已於十八日將勸工陳列所之物件進呈太后大爲加奬　　農工商部所定商標章程亦於十八日咨送外部　　農工商部擬辦藝徒學堂已於十八日出奏定於二十日開學　　度支部溥尙書聞下月初旬卽可到京　[...],shunpao
SPSP190610310301,19061031,補紀袁鐵两大臣彰德閱操情形　　初五日觀操情形是日袁鐵兩大臣皆戎服佩刀於早九點鐘乘火車由彰德啟節九點半鐘至湯陰西門外易車而騎繞城東南至五里村高埠處駐馬豫撫張安帥先至有頃中央審判官報告两軍馬隊搜案漸已逼近　[...],shunpao
SPSP190812020201,19081202,上諭,shunpao
SPSP189702270501,18970227,自辦真正俄國咖喇大呢發售啓者我俄國此項咖喇大呢向蒙仕商賞鑒久已馳名中國近有一種奸商專辦僞貨混充我俄國牌名徧售於中國口岸致購者爲其所愚我俄國機廠亦因而受害貽誤匪輕茲特辦到俄國名機眞正咖喇大呢親自剔選各色　[...],shunpao
SPSP191009022501,19100902,屢試屢騐痔瘡第一靈丹辦香廬驥靈先生有道僕多年痔患時而痛癢時而膿血行動旣多不便坐臥更覺不安閱報悉先生法製化痔仙丹功效甚奇奈僕曾服過各處馳名痔藥照時稍愈不服卽發故心甚猶豫後遇同學張君述及渠患痔近二十年管生　[...],shunpao
SPSP191006092701,19100609,日購英國郵船公司股份,shunpao
SPSP191007212901,19100721,州洞庭東山葉氏修譜廣告我族宗譜溯自國初經　長馥公纂修後迄今二百餘載支繁派衍各省遍佈若不亟爲續修深恐將來攷輯愈難爰集同志重修凡我同宗請將自　始祖逵公至六世孫　石林公後　孫何世分派及歷代昭穆婚嫁名諱生年卒　[...],shunpao
SPSP192309041801,19230904,紀各校之開學禮,shunpao
SPSP191609141001,19160914,本埠新聞商會聯合會在京開會之紊亂　　漢口,shunpao
SPSP191609181001,19160918,本埠新聞西報紀帝制黨之舉動,shunpao
SPSP191607241001,19160724,本埠新聞周王兩君之絕學,shunpao
SPSP191610181001,19161018,本埠新聞敎育部維持敎育經費,shunpao
SPSP191308030301,19130803,行伐北孫氏對於推翻袁世凱頗具樂觀　　江蘇交涉使張煜全君接北京外交部來電謂據外交團通告洋兵佔據閘北僅一時權宜之計一俟亂事平定卽須撤退　　字林報云昨日上海接有消息日本商民與湘省商訂之借欵業巳訂成初定一千萬　[...],shunpao
SPSP191509091001,19150909,本埠新聞破獲私造炸彈機關續誌,shunpao
SPSP191603261001,19160326,廣西獨立亦無起色,shunpao
SPSP191606061001,19160606,本埠新聞杭省獨立後之綢捐,shunpao
SPSP191606121001,19160612,本埠新聞省敎育會聲嘶力竭之呼籲,shunpao
SPSP191606171101,19160617,關於洋商租開繭行之照會,shunpao
SPSP191609061001,19160906,本埠新聞華僑回國經營之宏願,shunpao
SPSP191806151101,19180615,發展中日商業之樞紐　　本埠各項通銷洋貨自歐戰開募後來貨逐漸減少惟東隣乘此時機對於運華貨品極力發展故洋貨業中亦皆舍歐西貨而趨重日貨現英租界後馬路之通之公司因注重運銷日貨已於節前遷至法大馬路中市該處屋宇尤　[...],shunpao
SPSP191808091101,19180809,夏樊納博士作古紀聞　　夏樊納法之著名文學家也生於一八六五年幼即聰頴凝重好學謙和長而學識赡富淹博古今而於漢學尤有心得近者積勞逝世年方五十有四噩耗傳來士林悼嘆夏君畢業於法京師範大學考取哲學敎員文憑後即攻習　[...],shunpao
SPSP191809101001,19180910,本埠新聞維持甬市金融之迫切　　密波旅滬同,shunpao
SPSP191801141101,19180114,騙取黄豆之否認,shunpao
SPSP191702021001,19170202,本埠新聞擬辦鐵路運輸稅之審愼,shunpao
SPSP191610251001,19161025,本埠新聞國外貿易之好機會,shunpao
SPSP191803091001,19180309,本埠新聞總商會今日之重要議題　　上海總商,shunpao
SPSP191802201101,19180220,儲蓄票繼續開籤之布告,shunpao
SPSP189802010501,18980201,｛｛我永安保人險公司者乃首次承保中國人之一公司又適出華文新譯章程之一公司也茲有告者本公司必欲使盡人皆知平日與他公司之顯有區别者微特辦法異而交涉無且尤有莫惑於聽睹者因近查有他公司中辦事之人嘗聲言該公司與　[...],shunpao
SPSP191110251901,19111025,謀夫案,shunpao
SPSP192908192601,19290819,劇塲消息,shunpao
SPSP191811250201,19181125,時評國人所宜急者,shunpao
SPSP192911141001,19291114,敎育消息,shunpao
SPSP192809171501,19280917,本埠新聞二朱誠惠鑄象碑文,shunpao
SPSP192112061201,19211206,國内要聞二粤中要訊,shunpao
SPSP192008080301,19200808,時評國會問題與道德問題,shunpao
SPSP192105291101,19210529,總商會第十一期常會紀,shunpao
SPSP191410270101,19141027,羗海雜誌,shunpao
SPSP191307160701,19130716,杭州質問槍斃罪犯案之函復朱都督復屈省長函云逕啓者本年七月十日准貴民政長移送省議會議長咨關案據本會議員任鳳　提出質問書一通相應備文咨送請煩查照答復施行等四兹附質問書一通過府准此查陸軍部頒行陸軍審判章程規　[...],shunpao
SPSP191506241101,19150624,同族賣地之爭執,shunpao
SPSP191609080401,19160908,瑞和洋行禮拜五拍賣貴重地產,shunpao
SPSP191812261001,19181226,本埠新聞主張國際稅法平等會正式大會紀,shunpao
SPSP191305270701,19130527,鎭江,shunpao
SPSP192002141001,19200214,本埠新聞大陸報評論巴克曼氏之投函　　學生,shunpao
SPSP192009080301,19200908,時評欠餉,shunpao
SPSP192009140301,19200914,時評救災與調劑民食,shunpao
SPSP192008180301,19200818,時評人心未厭戰,shunpao
SPSP191812021001,19181202,本埠新聞大批郵件將由美抵滬,shunpao
SPSP191811161001,19181116,本埠新聞四誌慶祝戰功告成之盛况,shunpao
SPSP193812181101,19381218,界外匪徒尋釁　滬西事態嚴重　昨晚迭生事故槍擊時作　補房佈鐵絲綱戒備森嚴　　滬西越界築路之曹家渡一帶、通來烟賭盜竊之風、日益滋蔓致該處居民、咸感不安、會請租界當局增派巡捕、以維治安、昨晨零時三十分許　[...],shunpao
SPSP194112010801,19411201,朱葆三路火塲　扒出屍體六具　前日兩處大火推原禍始均係囤積易燃品被延燒,shunpao
SPSP194905260401,19490526,安全委會即日辦公　顏惠慶被推為主委　首次會議決設九組分別推進工作　盼各界各安本位維持現狀,shunpao
SPSP192607110401,19260711,本館要電,shunpao
SPSP191609210201,19160921,時評借欵風潮  冷,shunpao
SPSP191501050101,19150105,要件　　關於中俄國境變遷之提案,shunpao
SPSP191501120101,19150112,要件　　關於中俄國境變遷之提　　案,shunpao
SPSP191312240101,19131224,游記新疆旅行記,shunpao
SPSP191502030101,19150203,通信　　近東之新風雲,shunpao
SPSP191412160101,19141216,要件　　新疆省與俄國之關係,shunpao
SPSP191601131101,19160113,帶堂並傳齊兩造見證人等請爲復訊先由穆律師向包探奚　安探夥陳阿四等逐一盤詰　與捕房代表牛門律師及原告等所延之　西律師互相辯論嗣因時已過午由兪代襄讞會同英領事君宜諭退庭被告帶回捕房候再復訊　[...],shunpao
SPSP191507020101,19150702,錢莊追索抵欵　姜讓代表鼎康衡通久大信成元生同豐源餘寗莊等八錢莊至法公堂控稱魏錫侯魏連奎叔姪將房產抵押於某洋商後向鼎康等莊商酌由各莊備本贖出即轉抵於鼎康等八家計銀四萬九千二百兩逾期不贖前在英公堂具控因該　[...],shunpao
SPSP191504280101,19150428,譯述歐西報業舉要,shunpao
SPSP191605100101,19160510,遊記羗海雜誌,shunpao
SPSP191605190101,19160519,遊記羗海雜誌,shunpao
SPSP191801090201,19180109,時評玄之又玄,shunpao
SPSP191703090201,19170309,時評條件,shunpao
SPSP191212131201,19121213,上海徐均福和記土號廣告本號開設漢口大馬頭六十餘年自運中外各土精製淸陳公膏早已馳名遠近兹因去秋鄂省起義以來旋將各士各膏裝運來滬現今租定法大馬路永興里口特將所存大小洋藥三年枯老川雲陜土以及淸水請公烟小土公　[...],shunpao
SPSP192009240301,19200924,時評敎育部之經費,shunpao
SPSP190706191901,19070619,禀陳議復洋商佔地案之批詞　　浦東塘工善後局董謝源深等禀陳美孚佔地一案議復情形由上海縣轉詳滬道核辦巳誌,shunpao
SPSP191503301001,19150330,本埠新聞全國商會聯合會紀事,shunpao
SPSP191803291001,19180329,本埠新聞防禦南京疫症之流傳,shunpao
SPSP191701010301,19170101,時評和之民國六年,shunpao
SPSP189610020801,18961002,新軿文武全部燈彩新戲西漢傳代閻登殿陰斷三魂漢高祖愛才不愛人吕皇后重文不重武漢張良爲韓報國仇三齊王貪功被除戮議後嗣張良荐四浩新狀元魂遊十殿府謂三王被害駡閻羅替登殿朝魂試眞才奏天表知慧星下凡斷三王鼎足三分　[...],shunpao
SPSP191211040201,19121104,命令,shunpao
SPSP192309071301,19230907,本埠新聞救濟日本地震大災消息種種　　中國,shunpao
SPSP191410280101,19141028,遊記　　羗海雜誌,shunpao
SPSP191711081001,19171108,本埠新聞愛儷園第三次籌賑會四誌　　昨爲哈,shunpao
SPSP191709050201,19170905,時評時局之解剖,shunpao
SPSP191709060201,19170906,時評時局之解剖,shunpao
SPSP192507150501,19250715,時評交涉以外,shunpao
SPSP192007060801,19200706,國内要聞二藏番蠢動之西訊,shunpao
SPSP192007080801,19200708,國内要聞二江西軍事談贛南軍隊開援萍鄉近訊　　三十日贛州通信云,shunpao
SPSP192004090201,19200409,時評不自爭之團體,shunpao
SPSP192004131001,19200413,本埠新聞各團體開會紀事討論對内對外問題,shunpao
SPSP191707250201,19170725,[L時評>决心,shunpao
SPSP191803190201,19180319,二月初七日,shunpao
SPSP192003201001,19200320,本埠新聞密勒氏論山東問題,shunpao
SPSP192001121001,19200112,本埠新聞要求市民權之昨聞　　㈠昨晚各方之,shunpao
SPSP190203200601,19020320,,shunpao
SPSP190607181701,19060718,三續粤漢鐵路風潮始末情形述畧港　各報謂岑督遑一己意氣之私破壞三省路政不顧豈無所見而云然哉官旣利用善棍善棍亦得藉官力欺壓股東自便私圖三月初間岑督以路事照會商會有督轅文案温宗堯被衆驅逐之商會文案江蘇人劉宗　[...],shunpao
SPSP190706231901,19070623,英德交親,shunpao
SPSP190612220601,19061222,廣東陳恒德堂神藥到申愈立小腸疝氣除根神藥本堂秘製立愈小腸疝氣膏藥其功之速無出其右無論陰囊腫脹陰核偏墜甚至坐臥不安痛苦難忍速將此膏貼之立覺陰囊縮小氣鳴脹消極至兩天包能除根屢試屢騐白發百中倘年久根深宜貼正　[...],shunpao
SPSP190801171901,19080117,江督批上海縣禀,shunpao
SPSP190710021901,19071002,電請催回游歷日人　　滬道電致鎭江關道略天據武進　禀東洋人入城賣藥内祗小藪彌一郎有滬給護照其餘五名曁雇工二人均無照可騐等語業已函准日領允飭回滬究罰茲又據該縣續報該日人等已於七月抄赴鎭江江隂游歷云云請飭查　[...],shunpao
SPSP190610010201,19061001,本報今日附送宜荊水災亟應賑恤報告一張尙祈善鑒宮門抄　　八月十二日召見軍機端方尹肇熙立憲論上來稿　　七月十三日。爲我中國國民一大紀念日。此日以前。爲數千年專制政體過去時代。此日以後。爲億萬𥜥立憲玫體未來　[...],shunpao
SPSP192607231601,19260723,改良閘北飲料往來函,shunpao
SPSP191608091101,19160809,海軍司令部之復舊,shunpao
SPSP191608211001,19160821,本埠新聞十二誌離奇駭怪之烟土案,shunpao
SPSP191610171001,19161017,本埠新聞考察日本絲業,shunpao
SPSP192203161601,19220316,本埠新聞二義振正劵開奬記,shunpao
SPSP192104121101,19210412,糧食維持會請禁私囤,shunpao
SPSP191602131001,19160213,本埠新聞滬𡩋火車碰撞誌聞,shunpao
SPSP191306110601,19130611,要聞二熊范輿免官原因熊范輿前充雲南國稅廳籌備處長私挪滇蜀鐵路,shunpao
SPSP191505261101,19150526,紀工業專門學校之技擊聨合會　　前日,shunpao
SPSP191406041001,19140604,本埠亲聞南商會爲陳良玉訴冤　　上海鎭守使署偵探余祖勳邵玉書二人於本月一號晚間至大馬頭陳仁琅,shunpao
SPSP191611171001,19161117,本埠新聞歡送伍總長就任預誌　　新任外交總,shunpao
SPSP191611181001,19161118,本埠新聞紀中國金融之危迫,shunpao
SPSP191807031101,19180703,新兵由徐到滬續誌,shunpao
SPSP191809181101,19180918,調查學校兒童意識之實行　　上海縣第一區學務委員賈粟香昨日致巿立各小學校函云逕啓者奉縣知事公署第二九○,shunpao
SPSP191712091101,19171209,申報第三張巡警毆辱婦女前晚九時許南巿荷花池東首三十六號朱楊氏家婦女三人在内同做手摇機女工適有某巡警經過其門忽聞機聲誤爲賭博搗門入内查問朱楊氏長女答言並非賭博此係機聲該警上樓查抄朱楊氏答稱吾係女流儘可任　[...],shunpao
SPSP191701161101,19170116,商界對於檢查印花之恐慌,shunpao
SPSP191704010301,19170401,要聞一承認俄新政府之手續,shunpao
SPSP191611251001,19161125,本埠新聞銀拆己鬆動矣,shunpao
SPSP191610281001,19161028,本埠新聞衆議院咨請回復自治之原文,shunpao
SPSP191609291001,19160929,本埠新聞尅日回復各級自治機關之請議,shunpao
SPSP189803010905,18980301,｛｛匯豐銀行告白,shunpao
SPSP191112190101,19111219,本館定報價日每份售大洋三分中國境内　全年逐日寄大洋十二元　半年六元　日本全年十二元　半年六元　歐美各國　全年十四元四角　半年七元二角　報資先惠　郵票不收　[...],shunpao
SPSP191112220101,19111222,本館定報價日每份售大洋三分中國境内　全年逐日寄大洋十二元　半年六元　日本全年十二元　半年六元　歐美各國　全年十四元四角　半年七元二角　報資先惠　郵票不收　[...],shunpao
SPSP191106222701,19110622,小說殖民小說,shunpao
SPSP191103030201,19110303,浙路嘉属集股總經理處催繳四五期股欵廣告我屬以路工先成之故各處按期分繳有增無减去秋會議以繳股爲請　後盾嗣後各處併期繳全已居多數現距二月念六日股東常會不遠務請提前繳集以維進行凡我　七邑股東有尙未照繳者切盼　[...],shunpao
SPSP193212271501,19321227,談言中國的瘋子太少  質,shunpao
SPSP193702261501,19370226,楊惠祺案綁匪改期再審　　因要犯被補趺傷尚未醫愈　　法租界愷自遞路一三,shunpao
SPSP193606141202,19360614,各國發起慶祝　虞洽卿七十壽啓,shunpao
SPSP193907151501,19390715,舊報新抄　六十七年六,shunpao
SPSP191703190201,19170319,時評進行與確定,shunpao
SPSP191804270201,19180427,時評繼續用武,shunpao
SPSP192405161501,19240516,本埠新聞二太平洋木材運費之議减,shunpao
SPSP192404120401,19240412,時評徼倖,shunpao
SPSP192610020301,19261002,時評自覺與外覺,shunpao
SPSP192608300401,19260830,本館要電,shunpao
SPSP192611061001,19261106,江陰　　收禁越獄盜犯安徽合肥人黃得勝於民國十三年陰曆正月十五夜間曾合夥行刦泗河鄕塘頭橋薛昆銘家一案嗣經緝獲由前知事張宗嶧任内訊明判處一等有期徒刑十一年收押執行於去春奉軍攻澄時越獄逃逸上月下旬被無錫水警　[...],shunpao
SPSP192803010401,19280301,本館要電,shunpao
SPSP192906042401,19290604,本埠增刋本埠增刋　　大新襪廠贈品四馬路大新街口大新襪廠、新到男女汗衫褲及大批草帽其統舞蹈絲襪等、質料堅固、經久不破、色樣新巧、定價又廉、購貨一元以上者、即奉送精美之贈品、以購貨之多寡分别贈品之高下、該　[...],shunpao
SPSP191608191701,19160819,來件改國民學校國文爲國語科議,shunpao
SPSP192004130801,19200413,國内要聞二廣東雜訊　　李懷霜被捕廣東北江通訊社云第二軍一團附,shunpao
SPSP192007180801,19200718,國内要聞二粤軍府之緊急會議　　又有一政團出現昨,shunpao
SPSP192007190301,19200719,時評消滅勢力之定例,shunpao
SPSP192107141801,19210714,科學天空呈色之原因  我裁　　吾人所見之光均由光源發出或由物體反射而入於眼簾故天空之呈藍色者蓋由於空中水滴塵埃等反射光缐之作用在此解釋未發現以前世人以天空之呈色由於空氣之有色如水爲無色之物體然水層之厚　[...],shunpao
SPSP192110171401,19211017,本埠新聞商敎聯席會議開會紀　　十月十六日,shunpao
SPSP192101180301,19210118,時評聽其自然,shunpao
SPSP192103131001,19210313,本埠新聞聯合急募賑欵會今日游行舉定之職員,shunpao
SPSP191501260101,19150126,通信　　近東之新風雲,shunpao
SPSP191512090101,19151209,西曆一千九百十五年十二月九號星期四舊曆乙卯十一月初三日今天五張售大洋三分第一萬五千三百八十五號本館開設上海望平街第一百五十八九二號電話九十五號本舘定報價目中國境内　全年逐日寄大洋十二元　半年六元　日本　[...],shunpao
SPSP191307131101,19130713,來函西班牙領事致交涉使函逕啓者接第九次萬國醫學氣候學地質學公會書記函稱該會將一千九百十三年十月在該國都邑馬特立舉行自十五號起至二十二號止請本領事將貴國所有醫士化學家及工程司之願往赴會者開列名單寄往等因　[...],shunpao
SPSP191506020101,19150602,快快快快去儲金救國譯述歐西報業舉要,shunpao
SPSP191506030101,19150603,譯述歐西報業舉要,shunpao
SPSP191507101101,19150710,註銷墊欵糾葛案,shunpao
SPSP191402221101,19140222,客棧違章,shunpao
SPSP191504261001,19150426,本埠新聞救國儲金紀要　　星期日循例停收昨,shunpao
SPSP191403070101,19140307,游記新疆旅行記,shunpao
SPSP191406260701,19140626,,shunpao
SPSP191406151001,19140615,本埠新聞錢業亦陳添造舊幣之有害無利　　上,shunpao
SPSP191711071401,19171107,自由談游戲文章災民求賑寒衣賦以,shunpao
SPSP191806281001,19180628,本埠新聞再誌官紳對於實業工廠之維持　　松,shunpao
SPSP191810120201,19181012,時評今後之徼倖以我意言之副總統與新國會能安然以選舉不至衝邀而無法此第一步之徼倖也握財政與借債權之二系,shunpao
SPSP191810141001,19181014,第三張本埠新聞總商會選舉會董紀事　　上海,shunpao
SPSP191809200501,19180920,中華民國七年九月二十日星期五申報第二張舊曆戊午八月十六日,shunpao
SPSP191702201401,19170220,自由談游戲文章反反送窮文  風,shunpao
SPSP191706240201,19170624,時評會議紛紛,shunpao
SPSP191803241001,19180324,中華民國七年三月二十四日星期日申報第三張舊曆戊午二月十二日,shunpao
SPSP191208010601,19120801,要聞二　　程都督離寗之佈置　　江蘇程都督於七月三十日由寗,shunpao
SPSP192003240801,19200324,國内要聞二雲南美醫生被刦磋商詳情　　雲南通信云楊天福自將美醫,shunpao
SPSP192003261001,19200326,[H第三張本埠新聞李德立提出工部局華董議,shunpao
SPSP192005130801,19200513,法界共舞台男女合演三月念五夜戲,shunpao
SPSP192005140201,19200514,商務印書館新到大批運動用橡皮底鞋此項橡皮底鞋係美國著名廠家LaCrosseRubberMillsCo最佳出品現特裝運大批來華託本館一家專售凡擊拳拍球旅行散步等用之極爲合宜共有五十餘種男女大小俱備價目自　[...],shunpao
SPSP192010201101,19201020,申報第三章菜子四十一包紙頭六百十七件點銅錫六十三件皮蛋一百件白菜五十六件木耳三十四件枝果白菌六十件茶梗五十六件麂皮四件白絲絲頭八件綢布五件猪鬃四十一件毯子菜乾仙米笋干等共八件藥材茯苓共一百十三件當日裝　[...],shunpao
SPSP192010030301,19201003,時評軍民分治之起點,shunpao
SPSP192008290801,19200829,國内要聞二戰事緊急中之桂省觀　　桂省方面陸榮廷素持保守主義對,shunpao
SPSP191812161001,19181216,本埠新聞茶葉貿易之比較　　中國茶業受國外,shunpao
SPSP191901150201,19190115,時評極大之覺悟,shunpao
SPSP193304270701,19330427,本市新聞蘇俄大使昨晨晉京　　拜訪外交部,shunpao
SPSP191608130101,19160813,張耀曾特別啟事今晨在滬杭車中購閱滬報見有孟淵旅社查獲煙土一則詞涉鄙人無任駭異鄙人此次由滇來滬僅攜隨身行李六件　[...],shunpao
SPSP190304221201,19030422,石印殿版直行二十四史全書出版廣告上海史學會社再啓　總經理處四馬路中西大藥房全史二百本校印精良紙張潔白早爲購股票諸公鑒賞方今　朝廷廢八股講實學考求政治學術非研究歷史不爲功是以去秋各省鄉塲及本屆會試題目一　[...],shunpao
SPSP190507210201,19050721,實行之效力　　第六條關於應盡前數條事務一切必須之事件,shunpao
SPSP190612271401,19061227,欲印五彩地圖銀錢票月份牌及照相銅版者鑒本館現從日本東京聘到精做五彩石印照相銅版工師十餘人製出各件極蒙大雅嘉許　各省官商如有欲做以上各件者務請　光臨無不價亷物美以副雅意伏乞垂鑒　上海商務印書館謹啓　[...],shunpao
SPSP190810031901,19081003,公舉興業分銀行總理,shunpao
SPSP192309091401,19230909,慈善團體今日追悼哈定　　上海中國濟生會聯合善團追悼美故總統哈定一節迭誌前報茲悉昨晚又開籌備會决定於今日午後二時假南京路議事廳開會追悼與會公團四十餘推定朱葆三君主席演説四人朱孔嘉　[...],shunpao
SPSP192309011801,19230901,紀各校之開學禮,shunpao
SPSP192308181801,19230818,學務叢載,shunpao
SPSP192302231401,19230223,續誌小世界與救火會之交涉,shunpao
SPSP191705031001,19170503,本埠新聞洪述祖在滬被控五誌　　暗殺前農林,shunpao
SPSP191608101101,19160810,城東女學預備開學,shunpao
SPSP191610021001,19161002,本埠新聞救濟婦孺會之蟊賊,shunpao
SPSP191610061001,19161006,本埠新聞四誌國慶紀念之預備　　本届雙十節,shunpao
SPSP191610071001,19161007,本埠新聞五誌國慶紀念預備,shunpao
SPSP191610081001,19161008,本埠新聞提倡職業敎育,shunpao
SPSP191704221001,19170422,本埠新聞總商會第八期常會議案　　四月二十,shunpao
SPSP191609171001,19160917,本埠新聞主持回復縣會之復函,shunpao
SPSP191609221001,19160922,本埠新聞縣議員聯合會代表赴寗,shunpao
SPSP192109231501,19210923,日僑亦人俘於事矣,shunpao
SPSP192206081501,19220608,中華民國十一年六月八日星期四,shunpao
SPSP192111251501,19211125,米價增漲中之歷年比較觀,shunpao
SPSP191412181001,19141218,本埠新聞　　組織上海商團之草章　　本邑紳,shunpao
SPSP191412100301,19141210,要聞一,shunpao
SPSP191510271001,19151027,本埠新聞三誌約期起事之謡言　　上海鎭守使,shunpao
SPSP191605221001,19160522,本埠新聞滬商會請速解决國事之電稿,shunpao
SPSP191405301001,19140530,大埠新聞法公堂續訊大帮嫌疑犯,shunpao
SPSP191609031001,19160903,本埠新聞再誌赴美留學之壯行　　寰球中國學,shunpao
SPSP191609121001,19160912,本埠新聞擴張市面之規畫,shunpao
SPSP191611131001,19161113,本埠新聞整頓團防之通令,shunpao
SPSP191708281001,19170828,本埠新聞宣戰後之海上風雲,shunpao
SPSP191710271001,19171027,本埠新聞洪述祖引渡地點之爭執　　暗殺前農,shunpao
SPSP191807091001,19180709,本埠新聞收買存土問題九誌　  政府收買存,shunpao
SPSP191806231101,19180623,香烟廠同事送殯,shunpao
SPSP191809051001,19180905,本埠新聞厦門吃緊之商電,shunpao
SPSP191809141001,19180914,本埠新聞美人供職前敵青年會,shunpao
SPSP191708121101,19170812,生鐵貨缺價昻,shunpao
SPSP191708201001,19170820,本埠新聞宣戰後之海上風雲,shunpao
SPSP191805110701,19180511,地方通信松江,shunpao
SPSP191801031001,19180103,本埠新聞津浦鐵路停運商貨之反動　　各省旅,shunpao
SPSP191712011101,19171201,神州法校畢業生名單,shunpao
SPSP191607041001,19160704,本埠新聞浙都督主張撤消軍務院,shunpao
SPSP191607041101,19160704,護軍使歡宴國上將,shunpao
SPSP191607071001,19160707,本埠新聞籌議取銷戒嚴之辦法,shunpao
SPSP191701051001,19170105,本埠新聞繭商否認加抽水利經費　　上海江浙,shunpao
SPSP191612301001,19161230,本埠新聞浙江政界暗潮之影響,shunpao
SPSP191612311001,19161231,本埠新聞星期六之金融調查　　連日銀拆飛漲,shunpao
SPSP191708081001,19170808,本埠新聞三誌代送印布委狀之敗露,shunpao
SPSP191705271001,19170527,本埠新聞吳淞防疫院經費有着,shunpao
SPSP191611211101,19161121,欵,shunpao
SPSP191608291001,19160829,本埠新聞省敎育會第十二次常年大會記　　江,shunpao
SPSP191608311001,19160831,本埠新聞西報紀檢查郵件之交涉,shunpao
SPSP191606261001,19160626,本埠新聞四川之刦運再開,shunpao
SPSP191610280601,19161028,要聞二中行兌現已通過國務院,shunpao
SPSP191610291001,19161029,本埠新聞總商會選舉會長之日期,shunpao
SPSP191609281001,19160928,本埠新問恢復各級自治之好音,shunpao
SPSP191607281001,19160728,本埠新聞中華革命黨本部之通告,shunpao
SPSP191607301001,19160730,本埠新聞商會聯合會應從緩開會,shunpao
SPSP191812201001,19181220,本埠新聞美國修改進口取締例,shunpao
SPSP189705071001,18970507,三井經理多年賠欵迅速如有房屋貨物傢私均可照保價極克已如蒙賜顧請臨四川路十七號面議東京水險專保中西各口洋面平安水漬均照英國章程接辦設有不測立卽賠償無論禮拜夜深均可改賜顧者請送交三井帳房新法奪標泰西照像家　[...],shunpao
SPSP189803141101,18980314,｛｛諺曰常將有日思無日莫待無時想有時旨哉斯言吾人不欲爲已身謀巳也若實欲爲將來預免人有我無患之計誠永有如購買保人命險一據爲最愈者但保險一事務必親投一極大極好且極穏妥之公司夫極大而好而穏者卽大美國之永衆保　[...],shunpao
SPSP189708181001,18970818,粤省保壽堂第一家始創參茸海狗腎種子衛生酒靈騐無比倘他家口舌强奪子孫永遠不昌倘本堂徒托空言毫無實效亦然不靈包退還洋本堂得始家傳奇騐揀選人參鹿茸海狗腎等珍貴純陽之品藥性温和不燥功效神速專治男子命門火虧下元　[...],shunpao
SPSP189708311101,18970831,竊維我孫氏由始祖怡善公遷居菱湖迄今四百餘　子姓　衍　　　　　　　　　五年卽加重訂及時修整庶無遺　誠恐歴年久則稽考爲難而疏脫　略之　行起也乃自道光九年續修宗譜之後巳越六十九年齒益世系益　不　者正　　明　　[...],shunpao
SPSP189802281001,18980228,蘇省官報,shunpao
SPSP189811030701,18981103,｛｛首創格致新法燕窩糖片贈額照登華興公司主人雅鑒橘井同功合肥李瀚章題華興公司主人鑑延年益壽二品銜道員用席時熙題贈連中大彩○快得頭彩○批發公道　天成票行華來賜票十一開彩全張四元對開二元四開一元八開六角分　[...],shunpao
SPSP191302140601,19130214,要聞二蒙藏交通公司之鐵路策,shunpao
SPSP191112170101,19111217,本館定報價日每份售大洋三分中國境内　全年逐日寄大洋十二元　半年六元　日本全年十二元　半年六元　歐美各國　全年十四元四角　半年七元二角　報資先惠　郵票不收　[...],shunpao
SPSP191105150201,19110515,海贛豐麵粉餅油公司股東鑒海豐贛豐兩廠前因　徐牽累勢已不支幸發起人組織董事局邀請朱曉南朱葆三樊時勛諸君出而維持擔任調匯朱曉南君首先仗義應允迨開股東會同人亦均認可公推並無異議維時海贛信用已失各錢莊不相往來　[...],shunpao
SPSP191101081801,19110108,本埠新聞滬北罷市風潮,shunpao
SPSP191003131201,19100313,實業繡業賽會之特品長沙,shunpao
SPSP191003172101,19100317,順氣化痰止咳天下第一奇方上海河南路廣東彭壽堂始創順氣化痰止咳四寳半夏露功效神速當面可試如不信將市上各藥分日比試立見眞僞優劣消痰止咳各藥到處皆有仿單詳載悉皆絶妙依次試服均屬子虚皆用成法古方改名製售並無實　[...],shunpao
SPSP191004271301,19100427,巾幗至寳愛理士紅衣補丸治愈月經不調蒙李君用行惠來証書并吳女士玉照,shunpao
SPSP191812011101,19181201,亞細亞公司奬賞華工,shunpao
SPSP191902221101,19190222,查究國民禦侮會傳單,shunpao
SPSP192910160601,19291016,時評菲律濱之獨立運動默·菲律濱羣島。僅有十一萬四千餘方哩之土地百萬餘之人。而處於美總督監督之下。經營,shunpao
SPSP193602241201,19360224,連宵霪雨後　天氣昨始放晴　下午六睹後朔風頻拂　早晨有霧輪船受阻延,shunpao
SPSP192308120401,19230812,時評財長問題,shunpao
SPSP192109200601,19210920,時評難乎爲閣,shunpao
SPSP191312230101,19131223,游記新疆旅行記,shunpao
SPSP191606030101,19160603,遊記羗海雜誌,shunpao
SPSP191606070101,19160607,要件游戲敎育,shunpao
SPSP191605120101,19160512,遊記羗海雜誌,shunpao
SPSP191605210101,19160521,遊記羗海雜誌,shunpao
SPSP191606160101,19160616,要件游戲敎育,shunpao
SPSP191401080101,19140108,游記　　新疆旅行記,shunpao
SPSP191402110101,19140211,社論片馬交涉始末記,shunpao
SPSP191401210101,19140121,社論片馬交涉始末記,shunpao
SPSP191810220201,19181022,時評誰與誰和,shunpao
SPSP191703230201,19170323,時評戰爭與革命,shunpao
SPSP191609300201,19160930,時評無一是處  冷,shunpao
SPSP191803100201,19180310,時評辭職,shunpao
SPSP191802270201,19180227,時評俄事,shunpao
SPSP191803020201,19180302,時評其意何居,shunpao
SPSP191803030201,19180303,時評勸,shunpao
SPSP191302190301,19130219,北京電,shunpao
SPSP191811300201,19181130,時評實質之會,shunpao
SPSP191707050201,19170705,時評眞力量,shunpao
SPSP191708020201,19170802,時評明潮與暗潮,shunpao
SPSP191707230201,19170723,時評搖搖不定,shunpao
SPSP191811060201,19181106,時評廉恥  冷,shunpao
SPSP191710030201,19171003,時評以我度之,shunpao
SPSP191708250201,19170825,時評告急與調和,shunpao
SPSP191801230201,19180123,時評無主名,shunpao
SPSP191707270201,19170727,時評能力與手段,shunpao
SPSP191812280201,19181228,時評第二次勸告,shunpao
SPSP193706220801,19370622,日本掌握東北經濟計劃,shunpao
SPSP192509281101,19250928,本埠新聞二浦東陸家宅火警,shunpao
SPSP192306180101,19230618,本館定報價目中國境内每月洋一元一角每三個月洋三元二角每六個月洋六元三角全年洋十二元日本朝鮮同,shunpao
SPSP192202150401,19220215,時評不能接近之各方,shunpao
SPSP191807051001,19180705,本埠新聞米糧出省之動議,shunpao
SPSP188903071401,18890307,光緒十五年正月廿二日京報全錄,shunpao
SPSP188909031101,18890903,光緒十五年七月廿八日京報全錄,shunpao
SPSP191201150701,19120115,江北近聞種種,shunpao
SPSP191804080201,19180408,時評倪嗣冲又到京,shunpao
SPSP192608080401,19260808,本館要電,shunpao
SPSP192308291701,19230829,本埠新聞三美最時洋行興遷開幕,shunpao
SPSP192204171501,19220417,本埠新聞二本星期成交之紗數,shunpao
SPSP192007100801,19200710,國内要聞二孫幾伊出獄之歡迎國民公報記者孫幾伊君因鼓吹文化運動,shunpao
SPSP192004210801,19200421,國内要聞二杜威在南京高師之演講,shunpao
SPSP192008040301,19200804,時評告今後之有權者,shunpao
SPSP192008091001,19200809,中華民國九年八月九日星期一,shunpao
SPSP192103200801,19210320,國内要聞二京聞拾零,shunpao
SPSP192111010701,19211101,時評南北兩凱旋,shunpao
SPSP191410120101,19141012,遊記　　羗海雜誌,shunpao
SPSP191410150101,19141015,遊記　　羗海雜誌,shunpao
SPSP191412260201,19141226,時評　　紀念日,shunpao
SPSP191307141101,19130714,來稿民國憲法論綱,shunpao
SPSP191308220101,19130822,通信論共和憲法三大模範及其行政立法兩權之消長,shunpao
SPSP191308240101,19130824,通信論共和憲法三大模範及其行政立法兩權之消長,shunpao
SPSP191509140301,19150914,倫敦電　　白星公司發表宣言書謂德國所稱轟沉阿刺伯號之理由按諸事實全不相符阿剌伯號船長並未看見潛艇故該船擬撞潛艇說當然不成問題再該船亦無希圖脫逃情事惟柁工看見魚雷時曾力止其柁機云　　　[...],shunpao
SPSP191510110301,19151011,東方通信社電,shunpao
SPSP191506090101,19150609,本館開設上海望平街第一百五十八九二號電話九十五號時評甌脱之時間,shunpao
SPSP191606020201,19160602,時評自視過高,shunpao
SPSP191605101001,19160510,本埠新聞澳大利亞禁運貨特之分别,shunpao
SPSP191605141001,19160514,本埠新聞中國交通兩銀行之强弱　　上海中國,shunpao
SPSP191411020101,19141102,遊記羗海雜誌,shunpao
SPSP191411100201,19141110,時評靑島將來之處置冷,shunpao
SPSP191505090101,19150509,譯述歐西報業舉要,shunpao
SPSP191505110101,19150511,譯述歐西報業舉要,shunpao
SPSP191404180201,19140418,時評一概主義,shunpao
SPSP191405270201,19140527,時評自由平等與法律,shunpao
SPSP191404050101,19140405,游記新疆旅行記,shunpao
SPSP191403300701,19140330,寗蘇長距離電話之紛擾,shunpao
SPSP191404280701,19140428,湖北,shunpao
SPSP191609120101,19160912,遊記羗海雜誌,shunpao
SPSP191701181001,19170118,本埠新聞丙辰年滬濱大事記,shunpao
SPSP191303180201,19130318,時評時局談,shunpao
SPSP192002290801,19200229,國内要聞二滇軍事件之將來　　聯合通信社粤函云自駐粤滇軍更動長,shunpao
SPSP192002080801,19200208,國内要聞二舊曆年關中之借欵問題　　五百萬鎊借欵美國公使近已得,shunpao
SPSP192003220801,19200322,國内要聞二九江新交涉近訊　　英領與傳道尹之非正式談話九江租界,shunpao
SPSP192009120301,19200912,時評武力與民意,shunpao
SPSP192009130801,19200913,國内要聞二惠州緊急中之桂軍人物此次惠州老隆戰事係劉達慶當前敵,shunpao
SPSP192008130301,19200813,時評政變之初定,shunpao
SPSP192008141001,19200814,本埠新聞歡宴法前總理隨員紀　　前晚八時中,shunpao
SPSP191901120201,19190112,本會於天津河北五馬路與吕緯路之旁建造扶輪公學校舍一所爲此招商投標包造如有殷實木廠願承包此項工程者可向本會領取圖様與說明書各一份隨交現洋二十元准於八年正月十三號下午二點鐘以前送到北京西長安街財政部對面本　[...],shunpao
SPSP191812301001,19181230,本埠新聞伍朝樞對大陸報代表談話詳述南方暫,shunpao
SPSP191812311001,19181231,本埠新聞南北議和消息併紀,shunpao
SPSP191608010101,19160801,要件游戲敎育,shunpao
SPSP191807230201,19180723,時評自由選擇,shunpao
SPSP191904031101,19190403,大場鎭大閙屍場案四誌寳山縣警察大場分駐所巡警毆斃鄉民葛杏元縣知事下鄉勘騐鄉民不服毆辱縣知事一案迭詳本報茲悉此案滬當道昨據該知事電報聚衆鄉民已督同該處防軍曁縣警察解散惟葛杏元屍身現已暫殮候騐等情滬當道對　[...],shunpao
SPSP192006301001,19200630,本埠新聞各方面急籌救濟之民食問題　　米業,shunpao
SPSP191307260101,19130726,通信俄國上下相轢之眞相,shunpao
SPSP191708190201,19170819,時評宣戰後之希望,shunpao
SPSP191812120201,19181212,時評混合代表,shunpao
SPSP192212220301,19221222,時評内閣與政局,shunpao
SPSP192310280301,19231028,時論,shunpao
SPSP191705070201,19170507,時評内閣動摇,shunpao
SPSP191409260101,19140926,遊記羗海雜誌,shunpao
SPSP191602190201,19160219,時評無心時事,shunpao
SPSP191602210201,19160221,時評威信,shunpao
SPSP191309140101,19130914,通信和蘭下院選舉及政黨之情勢,shunpao
SPSP191401180101,19140118,社論片馬交涉始末記,shunpao
SPSP191809110201,19180911,時評相爭相讓,shunpao
SPSP191809120201,19180912,時評第二電,shunpao
SPSP191804060201,19180406,時評平粤言和,shunpao
SPSP191612230201,19161223,時評妄費,shunpao
SPSP191612290101,19161229,者豆腐腦作楷書百字附具姓名年歲籍貫住址及略歷於已國六年一月十五日以前郵寄上海黃浦灘路八號本局局長辦公室收拆並於對面書明應考書記生字樣合格者屆時再行登報通知來局面試應考者並無一切費用特此廣告　　中國　[...],shunpao
SPSP190108020901,19010802,上海縣署瑣案前者楊子文卽楊心齋投上海縣署控張阿大將其女阿三誘逃縣主汪瑶庭大令准之前晚升堂研訊楊供小的,shunpao
SPSP192408271501,19240827,本埠新聞二汽車肇禍死傷外人之堂諭,shunpao
SPSP191705121001,19170512,本埠新聞總商會請撥吳淞防疫醫院經費,shunpao
SPSP192204210401,19220421,時評津浦路被阻,shunpao
SPSP192105060301,19210506,時評文章,shunpao
SPSP192008250301,19200825,中華民國九年八月二十五日星期三,shunpao
SPSP194612010601,19461201,市參議會二次大會　決定一月六日召開　公教人員配售品不切實用決請改善　英商自來水公司問題建議分年收回　　　[...],shunpao
SPSP190107060501,19010706,大减價大東輪船公司啓者本公司於五月十九日起申杭嘉一班各等艙位價目開列於左自上海到杭州官艙每位二元四角客艙每位八角蓬艙每位四角自上海到嘉興官艙每位一元客艙每位六角蓬艙每位四角貴客如欲雇船附拖包艙等請來面　[...],shunpao
SPSP190607121001,19060712,奉省添設文報分局奉天　　奉省文報局委員董柳莊太守遇春禀請軍帥添設文報分局八處以速消息刻己陸續開辦地名探錄如下新民府田莊台錦州遼陽興京開原　[...],shunpao
SPSP191007150201,19100715,上諭監國攝政王鈐章六月初八日内閣奉上諭讓藍旗滿洲副都統塔古什訥由繙譯生員總理衙門八品官隨使,shunpao
SPSP191004221501,19100422,古今苐一婦科續嗣容易降生丹京都天寶齋○婦科種子仙丹○服後受胎極速○如不信者有法可試素未生蛋之鷄餉以此丹半月後蛋自生矣虛言欺人罪我惟天夫婦人固無不育之理不育者即有病也然病多起於月經月經不調則非受孕之兆氣　[...],shunpao
SPSP192509042101,19250904,本埠增刋德隆烟公司添辦製烟機,shunpao
SPSP192212231501,19221223,本埠新聞二十一月内之中日貿易觀,shunpao
SPSP192308221801,19230822,學務叢載,shunpao
SPSP192207301101,19220730,常州,shunpao
SPSP191608051001,19160805,本埠新聞江蘇省縣議會之進行,shunpao
SPSP191608061001,19160806,本埠新聞日本人被害續誌　　公共租界崑山路,shunpao
SPSP191610051001,19161005,本埠新聞外人注意蘇州河釐卡,shunpao
SPSP191608161001,19160816,本埠新聞七誌離奇駭怪之烟土案,shunpao
SPSP191703141001,19170314,本埠新聞現銀進口之報告十二號各銀行由外洋,shunpao
SPSP191607161001,19160716,本埠新聞法國共和紀念之矜恤,shunpao
SPSP191607201001,19160720,本埠新聞西報再紀工部局鑄幤問題,shunpao
SPSP191610231001,19161023,本埠新聞發給黨人善後欵項續誌　　昨爲辦理,shunpao
SPSP192203031501,19220303,熊秉三爲俄災赴杭,shunpao
SPSP192201221201,19220122,本埠新聞二漢口路商聯會開會紀,shunpao
SPSP192108220701,19210822,時評俄我同病,shunpao
SPSP192205011501,19220501,本埠新聞二公共租界整頓入籍之風紀,shunpao
SPSP192205072001,19220507,國富之各國比較  旡用譯,shunpao
SPSP192205161401,19220516,駐京津之美水兵回斐過淞,shunpao
SPSP192011181101,19201118,友華銀行銀市報告,shunpao
SPSP192012241101,19201224,商界籌賑協會紀事,shunpao
SPSP191410161001,19141016,本埠新聞,shunpao
SPSP191306200601,19130620,要聞二庫倫俄勢之一斑　　自庫倫獨立後邊方近事言者莫詳近俄報有,shunpao
SPSP191511111001,19151111,本埠新聞上海鎭守使遇刺　　鄭汝成出缺,shunpao
SPSP191605061001,19160506,本埠新聞閘北崗警肇禍四誌　　閘北五區崗警,shunpao
SPSP191605241001,19160524,本埠新聞齊巡按力任維持省立學校之經費,shunpao
SPSP191604301101,19160430,毆斃車夫案之結束,shunpao
SPSP191505301001,19150530,本埠新聞紀也是園官紳之茶話會鄭鎭守使楊道,shunpao
SPSP191402011001,19140201,本埠新聞商餘學會案之結束,shunpao
SPSP191406141001,19140614,本埠新聞再誌遠東運動大會之籌備,shunpao
SPSP191609101001,19160910,6申報第三張第十版H]本埠新聞辦理黨人善,shunpao
SPSP191808191101,19180819,陜軍公推總副司令之通電,shunpao
SPSP191807021101,19180702,周浦鎭商家之興會,shunpao
SPSP191806301101,19180630,禁止剝取樹皮,shunpao
SPSP191810141101,19181014,緒綸公所重議租彩章程　　大東門外財神弄南北市緒綸緞公所内昔年由同業熱心公益者創設緒成租彩公司每年除開支外獲利四五千金當時曾推舉北市兆福里綺盛盛澤綢莊執事聞魯臣爲襄理議定章程對於主顧租彩收取租資同業各友　[...],shunpao
SPSP191804031101,19180403,烹食河豚之發覺,shunpao
SPSP191804071001,19180407,本埠新聞查明腦脊炎症之由來,shunpao
SPSP191801281101,19180128,同義學校寒假休業　　法租界打鐵浜中華同義義務學校於昨日,shunpao
SPSP191712191001,19171219,本埠新聞日本海軍人員考察續誌　　日本海軍,shunpao
SPSP191607031101,19160703,薩上將檢閱機械,shunpao
SPSP191607101001,19160710,本埠新聞滙豐鈔票並不停兌　　前晚七時後巿,shunpao
SPSP191607111001,19160711,本埠新聞江蘇地方維持會致政府電,shunpao
SPSP191702081001,19170208,本埠新聞風雲變幻中之商業,shunpao
SPSP191702101001,19170210,本埠新聞昨日運往倫敦之土産　　法國里昻城,shunpao
SPSP191705281001,19170528,本埠新聞會勘烟苗員蒞滬三誌　　會勘烟苗英,shunpao
SPSP191706251101,19170625,進步織造公司請免重征之部批,shunpao
SPSP191611011001,19161101,本埠新聞絲繭同業歡迎部員續紀　　農商部委,shunpao
SPSP191611071001,19161107,本埠新聞再誌銀貴金賤之現狀,shunpao
SPSP191611081001,19161108,本埠新聞馮副總統今日受任　　江蘇督軍馮國,shunpao
SPSP191611091001,19161109,本埠新聞慶賀馮副總統受任盛况　　昨日,shunpao
SPSP191612131001,19161213,本埠新聞西報之保禽譚,shunpao
SPSP191608301001,19160830,本埠新聞恢復各級自治之京訊,shunpao
SPSP191609271001,19160927,本埠新聞麥根路橋工之催促,shunpao
SPSP191607271001,19160727,本埠新聞擬設商圑臨時籌備處,shunpao
SPSP191607311001,19160731,本埠新聞詢問調回北軍之虚實,shunpao
SPSP189803161101,18980316,｛｛諺曰常將有日思無日莫待無時想有時旨哉斯言吾人不欲爲已身謀巳也若實欲爲將來預免人有我無患之計誠永有如購買保人命險一據爲最愈者但保險一事務必親投一極大極好且極穏妥之公司大極大而好而穏者卽大美國之永衆保　[...],shunpao
SPSP189807180501,18980718,建平永平金礦局告白啓者壬辰春　前北洋大臣李委潤等創辦建平金礦自顧菲材膺兹艱鉅不勝兢惕開辦以來疊於建平朝赤等處徧加採試或以石堅金薄不敷度支或以費鉅工艱難求速效頻年虧耗實屬不支迨丙申歲杪核計彌縫舊缺始有微　[...],shunpao
SPSP189806160501,18980616,｛｛新出石印洋務時事彚編近今風氣日開朝野上下咸以洋務爲急然求諸洋務各書類多叢雜不齊反淆閱者心目今本齋主人不惜重資敦請名宿專輯是　其所載提要發凡旣不苦其浩瀚亦無缺略之憾可謂約而且賅矣曰洋務時事彙編裝訂十　[...],shunpao
SPSP189806261101,18980626,｛｛新輯芥子園畫傳四集出書是書專採古今名家人物仕女畫稿其採擇印訂之精較前印之初二三集有過之無不及也前書旣已有目共賞不必再爲表揚今印之四集廣搜博採煞費苦心原爲振興畫學起見雅不欲爭競厚利故仍印四開大板襯訂　[...],shunpao
SPSP189708060501,18970806,,shunpao
SPSP190005291201,19000529,救世浙紹兪騰夫先生精岐黃術而具救世心壯遊燕北名播公卿滬上乃先生偶經之地求診者莫不著手成春嗣以丁艱回里本不復有遠志適余友張君繼香患癆傷幾劇海上名醫均形束手同人固知此症非先生不治隨叩先生之廬而三請焉不數劑　[...],shunpao
SPSP189811181201,18981118,｛｛上海老德記藥房遷移原處本藥房向在英大馬路開張五十餘年所售各種藥水藥酒藥丸藥粉藥膏參片以及香水香皂香油香粉牙刷牙粉並橣檬嗬囒水等久已馳名海外因去年房屋期滿遷移後馬路茲因該處進出不便故仍遷至英大馬路黃　[...],shunpao
SPSP191306070701,19130607,縣知事辯護之掩飾,shunpao
SPSP191812061001,19181206,本埠新聞商界擬在滬開聨合會,shunpao
SPSP191910031001,19191003,本埠新聞上海赴京請願代表被捕,shunpao
SPSP191811271001,19181127,本埠新聞預備發行祝勝紀念册,shunpao
SPSP191810301001,19181030,本埠新聞華僑創設汽船公司,shunpao
SPSP193304221101,19330422,京滬路今日起添售京錫滬來回票,shunpao
SPSP193304280701,19330428,省長制方案之内容減少行政費增加事業費,shunpao
SPSP193312220601,19331222,日貴員責問荒木軍人不應干政　　赤軍集中目的安在,shunpao
SPSP193301162001,19330116,談言說夢  吾,shunpao
SPSP192211190101,19221119,本館始剏自同治十一年即西曆一八七二年已在中國郵政特准掛號立劵按照總包特别優益寄送之報紙本館開設上海英租界山東路漢口路轉角第二十四號總理及編輯室電話一五七六號營業部電話九十五號公共日夜電話一五二七號本館　[...],shunpao
SPSP194608310401,19460831,逆產處理會議決　公告獎勵人民報告　三巨奸隱產業　各企業奸逆股份限期陳報　查封扣押兩處房地產,shunpao
SPSP192111091001,19211109,時評債與還,shunpao
SPSP191709120201,19170912,時評可惜,shunpao
SPSP191709010201,19170901,時評多匪多盜,shunpao
SPSP191706030201,19170603,時評國會何如,shunpao
SPSP191707170201,19170717,詩評善後,shunpao
SPSP192609081401,19260908,浙省昨在滬招兵,shunpao
SPSP192611071301,19261107,本埠新聞蘇省公會之國民會議電江蘇全省公會,shunpao
SPSP192608210401,19260821,本館要電,shunpao
SPSP192310140301,19231014,時論,shunpao
SPSP192308240301,19230824,時論,shunpao
SPSP192204240601,19220424,國内專電二　　北京電王景春電,shunpao
SPSP192006300801,19200630,國内要聞二梧州大水災紀聞　　廣西梧州上游馬江昭平平樂富川恭城,shunpao
SPSP192111301001,19211130,世界路透電二華會中之撤銷在華外郵,shunpao
SPSP191410020101,19141002,遊記羗海雜誌,shunpao
SPSP191409120101,19140912,遊記羗海雜誌,shunpao
SPSP191308120101,19130812,外論論中國西通大鐵道之重要附譯地内氏說略,shunpao
SPSP191510040101,19151004,請投函申報館四號信箱詳詢一切江灣大跑馬陰歷九月初一日下午起賽備有專車下午一點二十分二點鐘二點三十分届時早降爲荷　[...],shunpao
SPSP191508060701,19150806,江北,shunpao
SPSP191606091101,19160609,氏之子向有交誼至夥友拐逃伊女則並不與聞董警正飭送警廳司法科訊核,shunpao
SPSP191604091101,19160409,陳蘭薰明日到滬　　巴　馬賽會中國赴會監督陳琪昨由長崎電告其書記員曾　芳,shunpao
SPSP191604280101,19160428,遊記羗海雜誌,shunpao
SPSP191402150101,19140215,游記新疆旅行記,shunpao
SPSP191503041101,19150304,來件無湖商務總會再稟巡按使文,shunpao
SPSP191403151101,19140315,來函萬國商團華隊公會函,shunpao
SPSP191403160201,19140316,時評開放與收歸,shunpao
SPSP191403260101,19140326,游記新疆旅行記,shunpao
SPSP191411110101,19141111,遊記羗海雜誌,shunpao
SPSP191809291001,19180929,本埠新聞○李督軍防止招兵之原電江蘇李督軍,shunpao
SPSP191809090201,19180909,時評主意,shunpao
SPSP191805060201,19180506,時評兩敗俱傷,shunpao
SPSP191801050201,19180105,時評推想,shunpao
SPSP191712160201,19171216,時評統一能力,shunpao
SPSP191607070201,19160707,時評自視,shunpao
SPSP191701070201,19170107,時評大亂與小亂,shunpao
SPSP191706021001,19170602,本埠新聞各省脫離關係之影響,shunpao
SPSP191704290201,19170429,時評　　裁兵節餉問題,shunpao
SPSP191612151001,19161215,本埠新聞追悼蔡松坡先生之盛况　　昨爲本邑,shunpao
SPSP191612050201,19161205,時評權利,shunpao
SPSP191301190101,19130119,社論英藏交涉始未記,shunpao
SPSP191301230101,19130123,社論英藏交涉始末記,shunpao
SPSP191305241101,19130524,雜評三,shunpao
SPSP191305280701,19130528,杭州,shunpao
SPSP191303240101,19130324,時評不必有之波瀾,shunpao
SPSP192005071001,19200507,本埠新聞徐祖善等歡迎意飛行家　　昨晚七時,shunpao
SPSP192009230801,19200923,國内要聞二湘省自治案之波折　　湘省自治之進行迭詳前報現在此案,shunpao
SPSP192001191001,19200119,本埠新聞法蘭西新總統之歷史大陸報云昨夜十,shunpao
SPSP191812080301,19181208,時評交談,shunpao
SPSP191811291001,19181129,本埠新聞克蘭氏臨行之紀載　　克蘭氏昨日之,shunpao
SPSP194205210401,19420521,零售物品徵捐　自下月起實行　一律按總收入徵兩釐　攤販小販另徵執照費,shunpao
SPSP192008020301,19200802,時評政事犯與常事犯,shunpao
SPSP192111160701,19211116,時評惟恐不窮,shunpao
SPSP192110200701,19211020,時評未來之張獻忠,shunpao
SPSP191510311001,19151031,本埠新聞四誌謡言黨人起事之防備,shunpao
SPSP191706140201,19170614,朱仲賓聲明　　昨報載朱仲賓啓事兩則係他人冐名擅登閱之殊深該長此等冒揑之人志在挑撥惡感　陷害人實屬罪大惡極除追查控告外特此聲明以免傳誤　時評哀國會　[...],shunpao
SPSP191207140201,19120714,命令七月十二日臨時大總統令,shunpao
SPSP191911050801,19191105,大舞臺九月十三夜禮聘超等藝員准演傑作好戲價目注意包廂一元官廳八角二等四角三層二角趙竹卿佳楣陳嘉璘　浣花溪　[...],shunpao
SPSP192010221001,19201022,申報第三張本埠新聞納稅華人選舉理事紀盛,shunpao
SPSP192309110301,19230911,時論,shunpao
SPSP192202090601,19220209,時評投機銀行與軍閥銀行,shunpao
SPSP191508190201,19150819,時評一起一伏,shunpao
SPSP191402171101,19140217,雜評三,shunpao
SPSP191609070201,19160907,時評無謂  冷,shunpao
SPSP191702240201,19170224,時評是非利害,shunpao
SPSP191702280201,19170228,一誤耶抑兩者俱眞而其意　變耶他且勿論如最有關係之總統也副總統也總理也外交總長與次長也而前後不符何如是乎然則今日之情形依然不甚明瞭而已　[...],shunpao
SPSP191803110201,19180311,時評人各一心,shunpao
SPSP192009171001,19200917,本埠新聞張南通抵吳淞紀事,shunpao
SPSP190703071801,19070307,英界火警續志　　前晚英界山東路麥家圈對門綺園烟館後面失火己紀昨報茲悉起火之家係一百十三號門牌雉妓院據云因賭互毆致將火油燈碰翻旋成潦原之勢計延燒前面宏大洋貨號門面二間愼源祥鞋靴店及祥興廣東雜貨店又妓院間　[...],shunpao
SPSP190811292101,19081129,瓣香廬藥室萬病回春虎骨熊油膏此膏通三十六處血脈鎖二十四道骨節專治風寒濕熱手足拘攣骨節酸痛久年痞塊女子血瘕以及腰疼心痛痰核瘰癧胸痞脹滿小腸疝氣夢遺滑精陽痿不舉心胃氣痛脾胃虚寒負重傷力遍體作痛楊梅毒瘋赤白　[...],shunpao
SPSP192505241501,19250524,本埠新聞二甬七邑游民乞丐敎養所徵捐開幕,shunpao
SPSP192212221401,19221222,閘北東新民路双有水管交涉　　聨合通信社云閘北地方自治籌備會前日,shunpao
SPSP192309291801,19230929,浸信會今晚舉行同樂會,shunpao
SPSP192308231401,19230823,虹口菜塲攤户呈工部局文,shunpao
SPSP192304031801,19230403,第二張南通三校過滬旅行西湖,shunpao
SPSP192304171801,19230417,南市將有公共閱報社,shunpao
SPSP191705081001,19170508,本埠新聞中華職業敎育社成立大會記事,shunpao
SPSP191608091001,19160809,本埠新聞召集省議會之一緩一急,shunpao
SPSP191610040901,19161004,[Ｇ>眞正婦科調經續嗣秘寶,shunpao
SPSP191609211001,19160921,本埠新聞赴美留學生注重實業,shunpao
SPSP191703121001,19170312,本埠新聞公共租界本年度預算案　　上海公共,shunpao
SPSP191607181001,19160718,本埠新聞催發省校經費之覆電,shunpao
SPSP191607211001,19160721,本埠新聞黃瓜棚内發也之鎗彈,shunpao
SPSP192007010401,19200701,時評條件與效力,shunpao
SPSP192004151101,19200415,法輪船離滬消息　　法國輪船公司之阿孟陪　克號及其船主高鸞君定於今日,shunpao
SPSP192109190401,19210919,時評辭,shunpao
SPSP192205251501,19220525,本埠新聞二童子軍大比賽之職員題名,shunpao
SPSP192111121501,19211112,一商風潮之旁論,shunpao
SPSP192111051801,19211105,自由談閑話塞王喪禮記（一）,shunpao
SPSP191603081001,19160308,本埠新聞業廣公司之營業,shunpao
SPSP191509011101,19150901,流氓糾黨行兇,shunpao
SPSP191506240301,19150624,東方通信社電,shunpao
SPSP191506250301,19150625,東方通信社電,shunpao
SPSP191604231001,19160423,本埠新聞蘇州大開會議之疑惑　　昨日,shunpao
SPSP191606161001,19160616,本埠新聞中國銀行商股聨合會開會紀　　上海,shunpao
SPSP191606181001,19160618,本埠新聞總商會電駁交通部不負交通銀行責任,shunpao
SPSP191605301101,19160530,宣講所之議案,shunpao
SPSP191408161101,19140816,在途奪妻之笑話,shunpao
SPSP191411010601,19141101,要聞二直隷省之敎育本報行記者抱一　　吾國各省敎育以何省爲最發,shunpao
SPSP191402041001,19140204,本埠新聞探報黨人與宗社黨之聨絡,shunpao
SPSP191406091001,19140609,本埠新聞畫一檢疫章程之動議,shunpao
SPSP191406241001,19140624,本埠新聞滬甯長距離電話之計劃,shunpao
SPSP191609071001,19160907,本埠新聞監視抛棄烟土之呈復　　江海新關近,shunpao
SPSP191710080601,19171008,要聞二三日特别閣議之要題　　昨日,shunpao
SPSP191708221001,19170822,本埠新聞宣戰後之海上風雲,shunpao
SPSP191807041101,19180704,懲治虚張場面之騙子,shunpao
SPSP191806251101,19180625,東亞同文書院卒業式預誌　　東亞同文書院於月之三十號,shunpao
SPSP191808031101,19180803,滬南工巡捐局長明日宴客　　滬南工巡捐局長姚志祖訂定四日,shunpao
SPSP191810071001,19181007,本埠新聞,shunpao
SPSP191808250801,19180825,第一台十九日日戲價目花樓四角官廳四角特包三角頭廳二角二三等一角增長勝●牧虎關　金阿慶元元旦馮志奎　羅夢大破南京　王蘭芳小楊猴水上飄　翠屏山　李春利三麻子石月明羅筱寳苗勝春　張松献地圖　趙雲卿王靈珠李錦　[...],shunpao
SPSP191805011001,19180501,本埠新聞小販求免加捐之風潮,shunpao
SPSP191804031001,19180403,本埠新聞寗鎭通車後之防疫,shunpao
SPSP191805261001,19180526,本埠新聞七大團體歡送美總領事,shunpao
SPSP191711261001,19171126,本埠新聞美國禁止蛋質進口之力争,shunpao
SPSP191712021101,19171202,國貨維持會評議常會記　　國貨維持曾於前日星期五晚八時開評議常會討論一切進行事宜首由主席汪星一君報告各項應議事由遂依次討論表决如下　[...],shunpao
SPSP191712031001,19171203,本埠新聞寗波事平後之滬濱消息　　潰兵來滬,shunpao
SPSP191712071101,19171207,周浦鎭之火警,shunpao
SPSP191712291101,19171229,主肇之出殯路由,shunpao
SPSP191702071401,19170207,自由談游戲文章地府歡迎慶親王傳,shunpao
SPSP191703041001,19170304,本埠新聞最近之金融調查　　滬上北巿各錢莊,shunpao
SPSP191706051001,19170605,〔申報第三張〕本埠新聞各省脱離關係之影響,shunpao
SPSP191611021001,19161102,本埠新聞回復地方自治之二次請願,shunpao
SPSP191612091001,19161209,本埠新聞江海關焚燬私土紀詳　　江海關定期,shunpao
SPSP191610271001,19161027,本埠新聞鐵路接軌近訊,shunpao
SPSP191609241001,19160924,再誌滬上之小風潮　　去年夏間颶風爲災損失頗巨滬上商民餘痛迄尙未已乃前日,shunpao
SPSP191611301401,19161130,自由談游戲文章L]戲擬大辮子壽,shunpao
SPSP191803271001,19180327,本埠新聞防禦南京疫症之流傳,shunpao
SPSP191802150601,19180215,要聞二關於戰局之各面觀赴戰各軍之近况,shunpao
SPSP189807070501,18980707,,shunpao
SPSP189801200601,18980120,新選小題鴻寳近來小題之富幾於汗牛充棟曰三萬曰四萬五萬還之類不一面足然攷近今時務之文寳所罕見兼之石印近出之本　[...],shunpao
SPSP191303090701,19130309,本埠新聞開會討論服制,shunpao
SPSP191306020301,19130602,譯電,shunpao
SPSP191205290201,19120529,北京熊總長電,shunpao
SPSP191103050201,19110305,代吳樾辯誣者請看鄙人前登告白質問吳樾干涉繼案之故爲日許久未見答覆意者吳樾非吾郡人乎今忍由族長開崧名登載報紙廣分傳單爲吳樾作辯護士砌詞架空種種謊繆不値一笑本不欲浪費筆墨化此無謂之申辯顧置若罔聞彼不幾疑爲　[...],shunpao
SPSP192010131101,19201013,友華銀行銀市報告,shunpao
SPSP191812011001,19181201,本埠新聞美國入口照已無限期,shunpao
SPSP191908301001,19190830,本埠新聞西南各省對主揖唐之態度　　平和通,shunpao
SPSP192012031101,19201203,南滙商會函告反對兩新稅　　上海南北兩商會昨日均接南滙縣商會來函云逕啓者民國以來所行政治無體恤商艱之至意　[...],shunpao
SPSP192012041101,19201204,麵筋業請求保護,shunpao
SPSP193212190901,19321219,閩人電林主席提閩政方案,shunpao
SPSP193304170601,19330417,出席華府談話會　　踵英相之後赫禮歐啓程赴美　　法駐美新使遞國書　　意國代表决定琴佫　　日擬利用機會　　打破孤立局面　　　[...],shunpao
SPSP193108161801,19310816,虞和德等挽留戴季陶,shunpao
SPSP193606281501,19360628,卡車壓死五齡童,shunpao
SPSP193902110301,19390211,日軍突在海南島登陸　華防守部隊正抵抗中　違反對法諾言法將提出强硬抗議菲島及港新交通並感受重大威脅各國海軍人士現密切注視其發展　　英政府認為事態嚴重　　　[...],shunpao
SPSP193907080901,19390708,兩租界特別警衛下　昨日已平安渡過　今晨起各處均撤消戒備　捕房昨拘嫌疑犯五百人　　昨日本市兩租界當局實施緊急戒備、各娛樂塲所及沿愛多亞路福煦路法租界一面之商店、均暫停營業、昨全日安謐、今日起撤消戒備、茲　[...],shunpao
SPSP194711060201,19471106,民盟公告,shunpao
SPSP192211220301,19221122,商務印書館出版新書▲十一年十月下旬▲【共學社叢書】▲時代叢書新軍論法國M.Jaures著劉文島廖世邵合譯卓　氏爲法國社會黨首領本書卽採社會主義之宗旨就國民助　與國際和平一問題上之討論爲改良國民軍制之　　[...],shunpao
SPSP192009261001,19200926,本埠新聞公推英總領事爲領袖領事,shunpao
SPSP194603150401,19460315,商業新聞黃金買戶裏足　配給居然收效　滙價仍未動,shunpao
SPSP192211020301,19221102,時評借欵與監督與報告,shunpao
SPSP192311191301,19231119,本埠新聞警察廳長問題之昨訊　　淞滬警察廳,shunpao
SPSP191403131001,19140313,本埠新聞破獲盜案之迅速　　法新租界敏體尼,shunpao
SPSP191801180201,19180118,時評最後議案,shunpao
SPSP191302280101,19130228,社說河東抗命始末記,shunpao
SPSP193812071001,19381207,南匯御家橋潘家宅一帶　中日軍隊昨晨激戰　徐鴻發引導日軍進攻　自晨五時起至九時止　潘家宅民房大火延燒　　浦東南匯縣遠北市第四區北蔡鎭南首五里許之御家橋·潘家宅一帶、昨日淸晨五時以後、中日軍隊發生猛烈交戰　[...],shunpao
SPSP192403260401,19240326,時論,shunpao
SPSP192511030301,19251103,時評三歧,shunpao
SPSP192203160401,19220316,時評翻雲覆雨,shunpao
SPSP192109010801,19210901,時評懲戒性質之賠償,shunpao
SPSP191404210101,19140421,游記新疆旅行記,shunpao
SPSP191812061101,19181206,協緝厦門捲逃之軍官,shunpao
SPSP191905080301,19190508,時評北京之示威與教育,shunpao
SPSP194606100301,19460610,傳西國積極組臨時政府　代替弗朗哥政權　強國正用壓力加速其成,shunpao
SPSP192804011001,19280401,無錫　　錢大鈞部來錫接防駐錫獨立第六師第一團、奉令撥歸兵站總監部指揮、所遺防地、則由三十二軍錢大鈞部來錫接防、嗣因接防部隊迄未到達、暫行留錫、維持治安、乃昨日縣政府接得三十二軍錢大鈞所部補充團團長魏湛　[...],shunpao
SPSP192210030301,19221003,時評各式其式,shunpao
SPSP192311280201,19231128,時論,shunpao
SPSP192206231301,19220623,本埠新聞軍警戒備之加嚴,shunpao
SPSP191705050201,19170505,時評混沌,shunpao
SPSP191705090201,19170509,時評宣戰之交議,shunpao
SPSP191705110201,19170511,時評激烈,shunpao
SPSP191705160201,19170516,時評時局與督軍,shunpao
SPSP191705190201,19170519,時評漸漸引入内亂,shunpao
SPSP191705210201,19170521,時評顧惜國家,shunpao
SPSP191607170201,19160717,時評懲辦與廓淸,shunpao
SPSP191607210201,19160721,時評難關,shunpao
SPSP192007120801,19200712,國内要聞二旅鄂川人籲請息戰電熊錦帆唐蓂賡劉如周顧小齋王電倫趙,shunpao
SPSP192111251401,19211125,本埠新聞總商會再電請禁粤新角進口,shunpao
SPSP192111021401,19211102,本埠新聞總商會商品陳列所開幕紀盛　　開幕,shunpao
SPSP192110120601,19211012,靳内閣之去留,shunpao
SPSP191512081101,19151208,鎗决傷害鄭鎭守使之刺客行刺前上海鎭守使鄭汝成君　刺客王曉峰王明山由公共公廨訊明引渡後經軍署迭次訊供承認不諱奉飭禁押營倉嚴加看守一面電禀中央政府及陸軍部司法部等請示在案外間風傳該兩刺客巳押解赴省並非眞相　[...],shunpao
SPSP191603040201,19160304,時評立法院,shunpao
SPSP191306180101,19130618,時論南美洲各國宜設代表,shunpao
SPSP191309240101,19130924,外論中英間之禁烟問題,shunpao
SPSP191309040101,19130904,外論英報論外力擴張詆其政府失計,shunpao
SPSP191510211101,19151021,中華民國四雜評三,shunpao
SPSP191509170101,19150917,譯述歐西報業舉要,shunpao
SPSP191508011101,19150801,復訊呑股本案,shunpao
SPSP191605090201,19160509,時評樞機,shunpao
SPSP191605170201,19160517,時評相時,shunpao
SPSP191605280101,19160528,遊記海雜誌,shunpao
SPSP191604120101,19160412,遊記羗海雜誌,shunpao
SPSP191606150201,19160615,時評經驗,shunpao
SPSP191411041101,19141104,來函下關商埠商會來函,shunpao
SPSP191406040101,19140604,遊記　羌海雜誌,shunpao
SPSP191312290101,19131229,游記新疆旅行記,shunpao
SPSP191711010201,19171101,時評兩敗俱傷,shunpao
SPSP191809220201,19180922,時評龍匪,shunpao
SPSP191708150201,19170815,時評宣戰發表,shunpao
SPSP191805050201,19180505,時評限期五日,shunpao
SPSP191712280201,19171228,時評世界和平之機,shunpao
SPSP191607050201,19160705,時評權力,shunpao
SPSP191702130201,19170213,時評試驗之感覺,shunpao
SPSP191702160201,19170216,時評對德外交雜聞,shunpao
SPSP191702220201,19170222,時評决斷,shunpao
SPSP191612280201,19161228,時評中國將來之難關,shunpao
SPSP191706050201,19170605,時評中俄之現狀,shunpao
SPSP191704090201,19170409,時評疏通建議,shunpao
SPSP191303030101,19130303,鐵業公啓,shunpao
SPSP191305311101,19130531,陳述專棧新章之大不便,shunpao
SPSP192003200801,19200320,國内要聞二屈周案尙在相持中　　山東之外交問題正在驚風駭浪之中,shunpao
SPSP192009230301,19200923,命令九月二十一日大總統令楨威將軍王廷楨着來京供職此令又令任命張景惠爲察哈爾都統此令又令任命張景惠兼陸軍第十六師師長此令又令經濟調查局總裁張元奇呈請辭職張元奇准免本職此令又令特派李國筠爲經濟調查局總裁此　[...],shunpao
SPSP192008130801,19200813,國内要聞二陸榮廷之和議態度　　廣西通信云日前龍州會議曾由軍政,shunpao
SPSP191812140601,19181214,要聞北京特别通信,shunpao
SPSP193604221301,19360422,申報國貨專刊,shunpao
SPSP191602170201,19160217,時評三戒備,shunpao
SPSP191710070201,19171007,時評措詞和平,shunpao
SPSP191707060201,19170706,時評决戰,shunpao
SPSP191801200201,19180120,時評單獨議和,shunpao
SPSP191707310201,19170731,時評戰戰兢兢,shunpao
SPSP192404031401,19240403,世界教育會消息,shunpao
SPSP192606081301,19260608,本埠新聞滬廨案定期繼續會議　　收回滬會審,shunpao
SPSP192808013101,19280801,出版界消息　　工程季刋今日出版　工程季刋爲中國工程學會所編印、今日出版之第三卷第四號、內容較前更爲豐富、都十餘萬言、附有圖書照片表説甚多、篇目如張蔭煊之機車鍋鑪、大面之材料問題、沈亮之鋼軌內部發生裂痕　[...],shunpao
SPSP192304191801,19230419,江亢虎因校事北上　　南方大學本學期來極謀發展近因某項要事該校校長江亢虎博士於昨晨,shunpao
SPSP192304211801,19230421,本星期六南方校之演說,shunpao
SPSP192311181601,19231118,路員舞弊革究,shunpao
SPSP192302271401,19230227,考察司法日員今日着手調查　　日本政府所派來華調查司法事宜之參事官北田正元及事務官山本熊一通譯官興津良鄕等各員由蘇州乘火車來申寓萬歲館二十九號茲定於二十七號　[...],shunpao
SPSP191608021001,19160802,本埠新聞請求恢復省會之公函,shunpao
SPSP191608031001,19160803,本埠新聞預防風暴之通告,shunpao
SPSP191610031001,19161003,本埠新聞預誌國慶紀念之盛况　　本月十號,shunpao
SPSP191609171101,19160917,,shunpao
SPSP191608171001,19160817,本埠新聞巿政報告中之租界幣制　　本星期公,shunpao
SPSP191607141001,19160714,本埠新聞西報紀工部局鑄幣問題之談話,shunpao
SPSP191607141101,19160714,立界石云警廳協緝盛冠文,shunpao
SPSP191607171001,19160717,本埠新聞總商會勸用新銀角,shunpao
SPSP191610201001,19161020,本埠新聞慶祝總統壽誕之盛况　　昨日,shunpao
SPSP191610211001,19161021,本埠新聞三誌辦理黨人善後之周折　　各省黨,shunpao
SPSP191610221001,19161022,本埠新聞辦理黨人善後之背馳,shunpao
SPSP192106130301,19210613,時評殺兵與殺民,shunpao
SPSP192109051501,19210905,武衞會徵求會第二次揭曉　　昨星期六爲南市中華武術會徵求大會第二次揭曉之期此次南洋兄弟烟草公司簡照南君亦送到千圓總商會副會長秦潤卿前會長朱葆三曁朱晋漁盛竹書葉景樵陳甫沈卓吾徐文彬均加入贊助至晚八時開會到　[...],shunpao
SPSP192109271801,19210927,自由談閒話旅歐觀察談,shunpao
SPSP192101240401,19210124,時評政府確定收束軍隊辦法,shunpao
SPSP192107151801,19210715,自由談閒話英倫風俗叢談（六）,shunpao
SPSP192105310301,19210531,時評蒙陜,shunpao
SPSP192205201401,19220520,張欣生毒父案之昨訊,shunpao
SPSP191502021001,19150202,本埠新間　　民國路開行電車　　蓋商電車公司興法界電車公司訂立合同於民國路,shunpao
SPSP191603051101,19160305,隊長轉述廳長之言,shunpao
SPSP191601201001,19160120,本埠新聞西報對於日本武員來滬之探問大陸報,shunpao
SPSP191312120801,19131212,非洲樹皮丸爲第一良葯固精生力補腦健胃推　  衞生一術乃人之生命保障故愈研究而愈增養生之益其種種害身之疾苦自能得其細微之原因然防害之方法若非藥力補助豈能使人身精强力壯耶樹皮丸一藥乃滋養人身之要品於腦弱精　[...],shunpao
SPSP191307090301,19130709,契稅暫行條例之厘訂,shunpao
SPSP191307140301,19130714,衆議員質問豫督案河南都督張鎭芳案民國不幸共和以來水旱頻仍匪徒猖獗内政不修何以圖治内亂不息何以圖外各省都督民政長及行政統兵各官應如何正重如何認眞方可以剔積弊靖内亂乃豫督張鎭芳漠視民命冒功領賞對於白狼破唐　[...],shunpao
SPSP191308010301,19130801,大借欵之現狀,shunpao
SPSP191307280301,19130728,要聞一上海兵禍記,shunpao
SPSP191509221101,19150922,婦人行竊,shunpao
SPSP191510130301,19151013,要聞一英法總攻擊之德公報　　十月五日德軍大本營公報詳述英法聨,shunpao
SPSP191509040301,19150904,東方通信社電,shunpao
SPSP191606021001,19160602,本埠新聞再誌總商會正副會長之虚懸,shunpao
SPSP191604091001,19160409,滬濱防務紀　　保衛租界安寗開駐滬外交團爲保衛租界治安起見曾於昨晨,shunpao
SPSP191606201001,19160620,本埠新聞軍事茶話會記聞,shunpao
SPSP191603301001,19160330,本埠新聞西報紀梁士詒之私函,shunpao
SPSP191404210201,19140421,時評說法律,shunpao
SPSP191405250201,19140525,時評地方新官制之發表,shunpao
SPSP191405130201,19140513,時評政治堂之改組說,shunpao
SPSP191609011001,19160901,本埠新聞赴美留學之壯行,shunpao
SPSP191709011001,19170901,本埠新聞宣戰後之海上風雲,shunpao
SPSP191708310601,19170831,要聞二京報記者與外部秘書談話　　自對德奥宣戰後我國之外交問題,shunpao
SPSP191707051101,19170705,身藏炸彈案定期再訊　　皖人方殿選湖南人劉桂卿因身藏炸彈行經公共租界雲南路北海路轉角被老閘捕房中西包探查獲搜出炸彈一併帶至捕房解經公共公廨訊有同黨朱葭　[...],shunpao
SPSP191807111001,19180711,本埠新聞戒嚴期内之慶祝恢復共和,shunpao
SPSP191808081101,19180808,甯波同鄉會募捐消息,shunpao
SPSP191809061001,19180906,本埠新聞拒絶指銷存土之猛進中外合拒之發起,shunpao
SPSP191804011001,19180401,本埠新聞防禦南京疫症之流傳,shunpao
SPSP191805171101,19180517,偵獲日人控告之行兇人,shunpao
SPSP191805181001,19180518,本埠新聞請示對付回國學生之方針,shunpao
SPSP191803301001,19180330,本埠新聞防禦南京疫症之流傳,shunpao
SPSP191703271101,19170327,郭建侯乘車北上,shunpao
SPSP191712230601,19171223,要聞二時局悲觀之外論,shunpao
SPSP191711271101,19171127,婦人投浦遇救,shunpao
SPSP191607011001,19160701,本埠新聞第三次抽籤禁閉之烟膏土店,shunpao
SPSP191701261801,19170126,老申報四十年来之囬頋尊聞閣選緣起,shunpao
SPSP191701271001,19170127,本埠新聞全國紡織廠調查錄　　近年以來我國,shunpao
SPSP191706011001,19170601,本埠新聞再誌各省脫離闗係之影響　　自安徽,shunpao
SPSP191706121001,19170612,本埠新聞海軍總長蒞滬之久長　　海軍總長程,shunpao
SPSP191611211001,19161121,本埠新聞公堂審訊積欠烟稅案譯畧　　昨晚文,shunpao
SPSP191611231001,19161123,本埠新聞昨日之銀市狀况　　昨日,shunpao
SPSP191612130201,19161213,時評議會又開議,shunpao
SPSP191612141001,19161214,本埠新聞工部局修訂營造規則,shunpao
SPSP191612081001,19161208,本埠新聞取締華人保險公司之討論　　七日字,shunpao
SPSP191609251001,19160925,本埠新聞日本人被害十三誌　　公廨提前復訊,shunpao
SPSP191707171001,19170717,本埠新聞丁槐之鄭重國寳與國會,shunpao
SPSP191803200701,19180320,中華民國七年三月二十日星期三申報第二張舊曆戊午二月李厚生姚鐵嗚陳亞東同叩眞第二通電云安徽黄省長馬鎭守使省議會商會敎育會各官廳各法團各省安徽同鄉會壽州殷鎭守使安武軍各統領各營長各縣知事各縣議會商會敎育會　[...],shunpao
SPSP191803150601,19180315,中華民國七年三月十五日星期五申報第二張舊曆戊午二月初三日,shunpao
SPSP191802221001,19180222,本埠新聞海關開訊普濟失事案三誌　　昨日普,shunpao
SPSP191802161101,19180216,航商留意,shunpao
SPSP189607311001,18960731,乃爲市上最好如貴商光顧代客轉買者,shunpao
SPSP191301310601,19130131,要聞二大理院規定選舉訴訟要電,shunpao
SPSP191302140201,19130214,社說西藏用兵記,shunpao
SPSP191012171801,19101217,要摺憲政館奏遵限考核京外各衙門第三年第一次籌備憲政成績摺,shunpao
SPSP192005180301,19200518,時評各督軍與段,shunpao
SPSP192008151101,19200815,顓橋鄉董辦理平糶之經過,shunpao
SPSP191812131001,19181213,本埠新聞省議員加費之反響,shunpao
SPSP191812051001,19181205,第三張本埠新聞委内瑞拉號之行程,shunpao
SPSP191910161001,19191016,本埠新聞歡迎斐律濱要人紀事　　斐律濱議會,shunpao
SPSP191810291101,19181029,民生女學開校董會　　法租界霞飛路仁和里民生女學前日,shunpao
SPSP193304140701,19330414,蘇俄未雨綢繆赤軍出動邊境　　僞國向俄索車未接正式答覆俄方有僅願放還被扣貨車說日俄衝突勢難避免,shunpao
SPSP193303110701,19330311,李頓勳爵論日本退出國聯　　國聯不能因此展緩其行動　　應作外交接洽對日用壓力,shunpao
SPSP192909020701,19290902,時評俄方之宣言草案,shunpao
SPSP193311090601,19331109,時評整肅軍紀  仁,shunpao
SPSP193206091001,19320609,自衛軍一度收復阿城二日午中日軍激戰　　　　哈爾濱通訊、阿城縣於五月三十日晨間、爲自衛軍攻佔、守城之吉林僞軍第八旅陳德才部、大部被包圍繳械、祇餘步兵一營、及迫撃砲·機關螥槍各一連隨僞旅長陳德才遁回哈埠、　[...],shunpao
SPSP193503161601,19350316,規模宏大設備完全　中央巡捕房落成　高達百英盡以上共分十層　定下月一日遷入正式辦公,shunpao
SPSP193702241101,19370224,本埠連日大霧昨午驟雨,shunpao
SPSP193611051201,19361105,美人馬丁　毆斃黃包車夫　舞場暢飮出外不知東西　車夫狂奔數里反遭擊斃　市府重視民命應加交涉　　昨晨三時餘、南市大木橋俞家宅附近、發生美僑馬丁　[...],shunpao
SPSP194611220401,19461122,礦工合同昨午夜期滿　美煤礦準備總罷工　勞工聯合會表示決爲後盾　陸軍奉命開礦區擔任警戒,shunpao
SPSP194611280201,19461128,對冀豫國軍包圍攻勢　共軍八萬大舉出犯　濮陽以南有激戰國軍後撤,shunpao
SPSP194706280601,19470628,紗布市場如何穩定　紡調會昨全日會議　未獲具體結果　一筆開辦費約耗卅億　經常費半年四十億元,shunpao
SPSP194107041001,19410704,朱葆山路一酒排間　白俄法兵衝突　白俄舉杯高呼俄國萬歲　雙方誤會動武幸即平息,shunpao
SPSP194902250301,19490225,奧和約主要障礙消除　南放棄割土要求　建議加省一部改為自治　賠款問題留有妥協餘地,shunpao
SPSP192401240601,19240124,時論,shunpao
SPSP192506120301,19250612,時評尚無端倪,shunpao
SPSP192503222001,19250322,出版界消息　　望平街中西書局因鑒於近來化妝品銷數頗繁而中國各廠製造出品尤少得社會歡迎良以製法不精故特請專門實業家編輯化妝品講義一書内容文字淺識如製造雪花膏白玉霜生髮水等原料製法講解明白照法製造可保成功　[...],shunpao
SPSP192809121401,19280912,警備司令部定期交代,shunpao
SPSP192210211401,19221021,第四張,shunpao
SPSP192306090301,19230609,時評張内閣之一任期,shunpao
SPSP192108250701,19210825,時評吳佩孚與時局,shunpao
SPSP191203240201,19120324,公電,shunpao
SPSP192001200301,19200120,時評分之覺悟,shunpao
SPSP191904070301,19190407,時評和議復開,shunpao
SPSP191511261001,19151126,本埠新聞商會聨合會臨時會紀事　　全國商會,shunpao
SPSP191612040201,19161204,時評不能成立,shunpao
SPSP191712080201,19171208,時評謬妄之謡,shunpao
SPSP191703010201,19170301,時評表示,shunpao
SPSP192405070301,19240507,時評今後之財政問題,shunpao
SPSP192406211401,19240621,赴丹童子軍六人已選出　　定二十九日興敎　四人起程　　江蘇童子軍聯合會籌備選派江蘇童子軍赴丹委員會、於十七日假江蘇省敎育會舉行巨內考斌、十九日召集成續優良者、假公共體育塲試騐戶外功課其結果如下、正取六人　[...],shunpao
SPSP192110070601,19211007,時評三事,shunpao
SPSP191705010201,19170501,時評舉措不定,shunpao
SPSP191705170201,19170517,時評冷靜,shunpao
SPSP191607260101,19160726,遊記羗海雜誌,shunpao
SPSP192006280801,19200628,國内要聞二岳州危迫中之鄂兩會　　二十四日武昌通信云張敬堯自棄,shunpao
SPSP192109220601,19210922,申報第二張時評不可分,shunpao
SPSP191410241101,19141024,來函,shunpao
SPSP191409190101,19140919,譯稿德意志與山東,shunpao
SPSP191409200101,19140920,遊記羗海雜誌,shunpao
SPSP191306280701,19130628,湖南　　湘政府實行合署辦公湘省祖織行政公署業經都督飭擬章程分發各司尅日議覆並定期七月一日實行成立在案茲都督以各司議復章程已經修改特於十九號召集各司司長開政務會議當經决定各司應去應留人員由各司司長酌定本　[...],shunpao
SPSP191509081101,19150908,氣候報告,shunpao
SPSP191509241101,19150924,雜評三中秋防範,shunpao
SPSP191506231101,19150623,來函論蒼蠅殺人之害,shunpao
SPSP191506271101,19150627,專件照錄赴美賽會監督處致上海總商會書　　逕啓者查我國報聘實業,shunpao
SPSP191403130201,19140313,時評政府之威信,shunpao
SPSP191809180201,19180918,時評老謀深算,shunpao
SPSP191809200201,19180920,時評勸退派,shunpao
SPSP191805080201,19180508,時評何徐子之不憚煩,shunpao
SPSP191607090201,19160709,時評滿意,shunpao
SPSP191702140201,19170214,時評外交勢又稍緩,shunpao
SPSP191702170201,19170217,時評衆說紛紛,shunpao
SPSP191702180201,19170218,時評籌商答覆,shunpao
SPSP191703030201,19170303,時評美之武裝中立說,shunpao
SPSP191702210201,19170221,時評沉靜,shunpao
SPSP191702230201,19170223,時評時勢,shunpao
SPSP191702250201,19170225,時評發表態度,shunpao
SPSP191702270201,19170227,時評半,shunpao
SPSP191701110201,19170111,時評會議與議會,shunpao
SPSP191706130201,19170613,時評法與力之决鬭,shunpao
SPSP191705300201,19170530,時評倪之脫離說,shunpao
SPSP191706270201,19170627,時評取消獨立之各省默,shunpao
SPSP191706290201,19170629,時評依然無進步,shunpao
SPSP191606290201,19160629,時評名位,shunpao
SPSP191302240101,19130224,社說河東抗命始末記,shunpao
SPSP191306091101,19130609,說明文昌宫基地七畝八分七厘八毫租價尚未定妥兹假定每畝年租銀圓一百二十元合符前數登明　　第二項敎育費公欵之收入銀圓三千一百九十三元八角二分四厘　　第一目各典存欵息銀圓一行六百八十元說明前欵分存各典銀　[...],shunpao
SPSP192005051001,19200505,本埠新聞航空俱樂部歡迎意飛行家,shunpao
SPSP192005101001,19200510,本埠新聞昨日全埠紀念國恥之概况　　昨日,shunpao
SPSP192008230601,19200823,中華民國九年八月二十三日星期一,shunpao
SPSP192001150201,19200115,時評平時與一旦,shunpao
SPSP192003151001,19200315,本埠新聞孫中山之西南大學校址談,shunpao
SPSP193709200301,19370920,時評如何安慰忠勇將士,shunpao
SPSP193907190901,19390719,游擊隊奉賢總隊、因本月初　匯之戰、將士用命、當塲斬獲日僞指揮官及士兵等一百餘人、並繳獲敵方輕重軍實無算、蘇浙行動委員會忠義救國軍第一縱隊總指揮部得報、以其地處前方、每臨交綏、必爲先鋒、已傳令獎勵、　[...],shunpao
SPSP194509160101,19450916,台灣重入祖國懷抱　我國旗到處飄揚　張廷孟率員接收台北空軍基地,shunpao
SPSP194801140201,19480114,社論從美國女敎士被殺說起,shunpao
SPSP192211180301,19221118,商務印書館英語週刋第三七二期出版！本刊有下開之諸大特色（一）研究文學之　梯（二）學習會話之良友（三）立作文之基礎（四）禾圖　之門徑（五）初學新聞之敎本（六）學界消息之媒介本期要目　○名　　　-雨雪其霏　[...],shunpao
SPSP190210030301,19021003,鳩水文鱗,shunpao
SPSP190902261401,19090226,,shunpao
SPSP190806090201,19080609,上諭,shunpao
SPSP192504240401,19250424,時評委曲,shunpao
SPSP192511080401,19251108,國内專電二　　北京昨日關會無,shunpao
SPSP192611040901,19261104,本埠新聞各界主張廢約文電　　總商會之兩江,shunpao
SPSP192604071401,19260407,警廳保護清丈局,shunpao
SPSP192703041401,19270304,自由談,shunpao
SPSP192701262101,19270126,各團體消息秋心義校舉行年假禮南門外秋心義校於昨日舉行年假禮函邀各界參觀到者甚衆行禮後各分贈該校出版秋心教育號外界函索請附郵四分致本埠南門外該校便得一份浦東陶羣社消息浦東青年會通俗新劇團爲該會一般熱心會　[...],shunpao
SPSP192612141701,19261214,本埠增刊阿片及嗎啡中毒的病理實騐林幾　　在海外聞得國内上海各地拒毒會的努力呐喊聲不覺對國内禁烟情形生,shunpao
SPSP192810012001,19281001,拒毒遺訓  孫文,shunpao
SPSP192311051301,19231105,本埠新聞安格聯北上　　總稅務司安格聯氏及,shunpao
SPSP192301041501,19230104,本埠新聞二附加振捐期滿停徵,shunpao
SPSP192302251501,19230225,本埠新聞二小世界與救火會交涉案三誌,shunpao
SPSP192208251501,19220825,本埠新聞二航業消息彚紀,shunpao
SPSP192112091201,19211209,國内要聞二杭州快信　　法校學生發起之外交後援會昨開會經加入各,shunpao
SPSP191608110601,19160811,要闻二衆議院選舉臨臨時議長　　昨日,shunpao
SPSP191610041001,19161004,本埠新聞要求回復自治之進行　　江蘇縣議員,shunpao
SPSP191608141001,19160814,本埠新聞五誌離奇駭怪之烟土案　　庽居湖北,shunpao
SPSP191608151001,19160815,本埠新聞六誌離奇駭怪之烟土案　　庽居湖北,shunpao
SPSP191607261001,19160726,本埠新聞丹徒縣巿鄉議會廣爲聯絡,shunpao
SPSP191610151001,19161015,本埠新聞百忙中之剪辮令,shunpao
SPSP192203221601,19220322,本埠新聞二中易股東之恐慌,shunpao
SPSP192108090701,19210809,時評恐慌之豫言（三）,shunpao
SPSP192206111501,19220611,中華民國十一年六月十一日星期日,shunpao
SPSP192106280401,19210628,時評零星借欵,shunpao
SPSP192111130801,19211113,命令,shunpao
SPSP192110160701,19211016,時評南北戰談,shunpao
SPSP192103111001,19210311,本埠新聞私運白米充公出售　　崑山縣知事查,shunpao
SPSP191502011001,19150201,本埠新聞,shunpao
SPSP191511290301,19151129,東方通信社電,shunpao
SPSP191512110301,19151211,東方通信社電,shunpao
SPSP191601281001,19160128,本埠新聞乙卯年滬江大事紀,shunpao
SPSP191511300301,19151130,其二,shunpao
SPSP191511301001,19151130,本埠新聞商會聨合會臨時會紀事,shunpao
SPSP191308150301,19130815,八月八日之參議院會　　八月八日上午八時開會副議長王正廷君主席兩次延長至九點二十分始足法定人數首由議長謂蒙古議員二人前因未到院今有王劉二君報到業咨國務院查照現二君己到院應諮詢全院是否候國務院咨覆再爲核辦　[...],shunpao
SPSP191510221001,19151022,本埠新聞中外官商睦誼會紀盛　　滬海道尹兼,shunpao
SPSP191509180301,19150918,要聞一戰爭聲中之新發明,shunpao
SPSP191509290101,19150929,請投函申報館四號信箱詳詢一切受盤聲明啓者所盤荔香園店基裝修生財等物件今已憑荔香園經手股東代表點交清楚與　崇德堂新東經理陳君接受執管所有盤店價洋共計五千元後又再三懇商情加洋五百元以上價洋當日立據照數付清　[...],shunpao
SPSP191510310301,19151031,要聞一法國負債日重,shunpao
SPSP191506160301,19150616,特約路透電　　海牙電出口之糖巳減三分之一,shunpao
SPSP191506190301,19150619,德國之戰時通信談,shunpao
SPSP191508220101,19150822,本館開設上海望平街第一百五十八九二號電話九十五號本館定報價目中國境内　全年　日寄大洋十二元　半年六元　日本全年十二元　半年六元　[...],shunpao
SPSP191507311101,19150731,偵緝隊截留拐匪,shunpao
SPSP191606041001,19160604,本埠新聞商會法無可更動,shunpao
SPSP191605011001,19160501,雜評一本埠新聞金山縣境之紛擾,shunpao
SPSP191605181401,19160518,自由談游戲文章戲擬滑頭銀行發兌,shunpao
SPSP191605261101,19160526,婦人僅有母舅,shunpao
SPSP191604251001,19160425,本埠新聞滬寗火車阻斷中之無錫惡耗,shunpao
SPSP191604251101,19160425,被控竊取紅土,shunpao
SPSP191606101101,19160610,車夫拾遺之敗露.,shunpao
SPSP191408120701,19140812,趙倜報告擊斃白狼電,shunpao
SPSP191402040201,19140204,時評折中說,shunpao
SPSP191404111001,19140411,本埠新聞全國商會聯合會紀事,shunpao
SPSP191406030301,19140603,,shunpao
SPSP191406260301,19140626,雜評一,shunpao
SPSP191405170701,19140517,浙省貨物附加稅不准免除,shunpao
SPSP191405190701,19140519,粤人反對焚燬紙幣會近訊李心靈之表明　　昨維持紙幣委員會長函覆黄挺飛文云接誦大函箴規深切何幸如之日前有人藉口維持紙幣電京請弛賭禁心靈電京反對遂有謂心靈受澳門賭商之賄者今有類於山票之焚燬紙幣會通過又有謂心　[...],shunpao
SPSP191405200701,19140520,朱,shunpao
SPSP191405281001,19140528,本埠新聞上海電車公司之股東會,shunpao
SPSP191403141001,19140314,本埠新聞騷擾商店之怪現狀,shunpao
SPSP191611111001,19161111,本埠新聞要求請願恢復自治之覆電,shunpao
SPSP191611201001,19161120,本埠新聞中國金融之危迫,shunpao
SPSP191710041001,19171004,本埠新聞工部局令德奥人註册問題　　公共租,shunpao
SPSP191709091001,19170909,本埠新聞宣戰後之海上風雲,shunpao
SPSP191710160601,19171016,要聞二衡山劇戰時之湘政局　　昨日上午十二時督署發出衡山戰訊一,shunpao
SPSP191710170601,19171017,要聞二國務會議與湘事前途　　本日,shunpao
SPSP191709250901,19170925,真崎洋行專售做麵機器　彈花機器　電汽馬達電燈機器　毛巾機器　發動引擎　織布機器　打繩機器　各種俱全上海北蘇州路一百卅號電話一七三六　[...],shunpao
SPSP191806190501,19180619,包醫小便腫爛白濁腫痛横痃魚口眞立包單包愈祖傳王雨香在申臨證三十餘年見多識廣治法精良其愈最速●秘製花柳掃毒珠黄丸靈效無匹專治男婦一切毒症小便輕重腫爛横痃魚口便毒下疳血淋剌痛婦女下身破爛囊癰偏墜内外癰痔服　[...],shunpao
SPSP191806111001,19180611,本埠新聞政府收買存土之新交易,shunpao
SPSP191810061401,19181006,自由談游戲文章齒舌宣戰  彭佛,shunpao
SPSP191804251601,19180425,留園西式汽水盆湯新增白磁浴溏擇於三月初十日重新開幕特别大减價一年本園設在虹口百老滙路外虹橋西首靖遠街對面弄内己歷年所久爲各界所贊賞然以游浴稱懷衆意僉歸衣冠楚楚座各常滿本主人自應不惜工本力求美滿以供光顧　[...],shunpao
SPSP191805280801,19180528,四月十九夜本台特煩全體優等藝員准演雙齣好戲　價目注意特别包廂七角　特别官廳五角　二等正廳三角　三層包廂二角孫慶芬▲六月飛雪　張桂芬　馬俊山駡閻羅　佳楣　沈韻秋　姚俊卿　陳月樓　趙竹卿大溪皇莊　田桂枝　　[...],shunpao
SPSP191803300701,19180330,杭州快信　　義烏東鄕不灣地方土匪吳兆槐駱品昻,shunpao
SPSP191801111001,19180111,本埠新聞普濟輪船失事六誌,shunpao
SPSP191701061401,19170106,自由談游戲文章爲伍子胥札知浙江,shunpao
SPSP191701161201,19170116,護送公共捕房轉送回寓火油船被氷撞翻,shunpao
SPSP191612111001,19161211,本埠新聞滬商電請勸戒國會議員,shunpao
SPSP191612121001,19161212,本埠新聞金融界之譚話金價最低之推算　　記,shunpao
SPSP191608281001,19160828,本埠新聞痛陳金業抛盤之貽害,shunpao
SPSP191606241001,19160624,本埠新聞變賣公產之會議,shunpao
SPSP191803240701,19180324,中華民國七年三月二十四日星期日申報第剝削何以立足將來結果可知所謂提高鈔價鞏固兩行計畫皆爲紙片之文章適得其反比例中國事假公濟私名不符實未有如此之甚者今欲稍遏陰謀挽回萬一則當請鈞院裁决厲行數事　[...],shunpao
SPSP191302160201,19130216,社說西藏用兵記,shunpao
SPSP191304210301,19130421,新總統就任地點之研究　　國會事務局提出正式總統就任地點一案前各總長在總統府會議主張不一約分三派,shunpao
SPSP191210100702,19121010,舉行國慶之盛典,shunpao
SPSP192005160301,19200516,時評不負責任,shunpao
SPSP191812141001,19181214,本埠新聞贊成請改關稅之函電,shunpao
SPSP191811091101,19181109,青年會今晚開同樂會　　四川路青年會今晚,shunpao
SPSP191812081001,19181208,本埠新聞旅滬法人之慶祝,shunpao
SPSP191908021001,19190802,本埠新聞上海將有大風之預報,shunpao
SPSP191911041001,19191104,湖北水災圖,shunpao
SPSP191908201001,19190820,本埠新聞中國航空事務之發軔,shunpao
SPSP191811261001,19181126,要埠新聞再慶歐戰勝利之籌備　　本月二十八日爲政府所定慶祝歐戰公共勝利之期業已通行京内外一體舉行茲將本埠各機關預備情形彙錄於下　　駐滬陳交涉員以本月二十八日爲吾國慶祝歐戰勝利之期除已預備一切外并定於是日　[...],shunpao
SPSP191811271101,19181127,閘北振興市面之預計,shunpao
SPSP191905011001,19190501,本埠新聞和會正式續開之第廿二日平和通信社,shunpao
SPSP191811131001,19181113,本埠新聞慶祝戰功告成之盛况　　協約各國官,shunpao
SPSP192012061101,19201206,郁屏翰興學之紀念會,shunpao
SPSP193304120601,19330412,華盛頓會議日本擬利用機會施展外交手腕　　將勸誘美國放棄史汀生原則　　冀獲到經濟上援助　　代表人選以石井呼聲爲最高　　　[...],shunpao
SPSP193305202101,19330520,文藝和葭夢廬先生元韵,shunpao
SPSP193302130801,19330213,蔣委員長嚴令各部密切聯絡　　昨游西山萬壽宮,shunpao
SPSP194007070901,19400707,蘆溝橋事變三週年　滬各界沉默紀念　停止娛樂哀悼殉難軍民　租界當局採取嚴峻戒備,shunpao
SPSP194112010301,19411201,遠東局勢日趨緊急　美總統決提前返京　赫爾哈立法克斯又作長談東條昨發表斥責英美演說,shunpao
SPSP194807050201,19480705,社論　中美雙邊協定的檢討　　關於美援之雙,shunpao
SPSP192808262001,19280826,攝影學會定期參觀名園　　中國攝影羣會定本月三十一日,shunpao
SPSP192811221401,19281122,巿指委會第五十七次常會　　上海特别巿黨務指導委員會、昨日上午十時、開第五十七次常會、到會委員王延松·陳德徵·熊式輝·劉蘅靜·許孝炎·潘公展、潘公展主席、施公猛紀録、首由劉蘅靜報告奉令晋京經過、隨即討論　[...],shunpao
SPSP192209101401,19220910,,shunpao
SPSP192307131401,19230713,湖南戰事復興之電訊,shunpao
SPSP192007020401,19200702,時評安福之罪惡,shunpao
SPSP192008030301,19200803,時評掃除反覆,shunpao
SPSP191410090101,19141009,遊記　　羗海雜誌,shunpao
SPSP191307160101,19130716,要件中俄商訂蒙事協約節要,shunpao
SPSP191506060101,19150606,譯述歐西報業舉要,shunpao
SPSP191401190101,19140119,社論片馬交涉始末記,shunpao
SPSP191504250101,19150425,譯述上海附近製造洋襪業之勃興,shunpao
SPSP191405120101,19140512,調查述中國鐵路權之瓜分,shunpao
SPSP191808090301,19180809,時評可以息肩,shunpao
SPSP191612300201,19161230,時評内務總長之否决,shunpao
SPSP191206170701,19120617,李總長爲市長辯誣,shunpao
SPSP191203260201,19120326,公電,shunpao
SPSP191206130701,19120613,本埠新聞莫市長與少年保國會大起交涉,shunpao
SPSP192010050301,19201005,時評護法之末路,shunpao
SPSP192001110301,19200111,時評兩意,shunpao
SPSP191903170701,19190317,京華短簡　　政府近得巴黎報告陸專使因舊病復發已赴瑞士休養外間有謂現在巴黎之某政客將代專使或以某使升補之說惟政府方面聲明某政客赴歐僅擔任以個人爲文字上之鼓吹不便任爲專使若以某使升任亦認爲非宜政府之意如陸　[...],shunpao
SPSP191901161101,19190116,各學校消息併紀　　縣立女中學西門外黃家闕路縣立女子中學,shunpao
SPSP192311080301,19231108,時評一事無成,shunpao
SPSP191709250201,19170925,時評水深火熱,shunpao
SPSP191712250201,19171225,時評停戰布告,shunpao
SPSP192410240301,19241024,時評變化,shunpao
SPSP192401101301,19240110,本埠新聞法正領事升任閩職之歡送會,shunpao
SPSP192403181301,19240318,本埠新聞新交涉署落成典禮紀盛,shunpao
SPSP192611031301,19261103,本埠新聞總商會關於註册之文件,shunpao
SPSP192905282201,19290528,本埠增刋,shunpao
SPSP192209220401,19220922,時評塗飾與破綻,shunpao
SPSP191705080201,19170508,時評外交問題之解决方法,shunpao
SPSP191703120201,19170312,時評今後政府之責任,shunpao
SPSP192004061001,19200406,本埠新聞兩團體歡讌拉門德紀事　　昨午美國,shunpao
SPSP192011211001,19201121,本埠新聞總商會徵求會董意見　　上海總商會,shunpao
SPSP191511291701,19151129,專件著作權法,shunpao
SPSP191601050201,19160105,時評路透電文之二疑義,shunpao
SPSP191408171301,19140817,自由談游戲文章戲代某警署詳復縣,shunpao
SPSP191711091001,19171109,本埠新聞閘北與南市分治之進行閘北各紳商以,shunpao
SPSP191709080201,19170908,時評時局之解剖,shunpao
SPSP191707010201,19170701,時評護法,shunpao
SPSP191810150201,19181015,時評平和又近一步,shunpao
SPSP191708140201,19170814,時評宣戰及以後,shunpao
SPSP191702090201,19170209,時評國格,shunpao
SPSP191706090201,19170609,時評能發不能收,shunpao
SPSP191708050201,19170805,時評國力,shunpao
SPSP191708070201,19170807,時評國力,shunpao
SPSP191606230201,19160623,時評廣東取消獨立,shunpao
SPSP191707180201,19170718,時評徐世昌總統說,shunpao
SPSP191802170201,19180217,時評又有主和之說,shunpao
SPSP192001131001,19200113,本埠新聞要求市民權之昨日波瀾　　要求市民,shunpao
SPSP191812100201,19181210,時評打手,shunpao
SPSP191811160201,19181116,時評停戰之比較,shunpao
SPSP192508031401,19250803,各工會之消息　　碼頭棧務工人消息國民通訊社云昨日浦東藍烟囱碼頭全體職工得消息有英艦沃利批力士載有洋貨數千噸將於今　[...],shunpao
SPSP192405020401,19240502,國內專電　　北京電　吉林保安副司令張作相未發表前、張作霖曾電,shunpao
SPSP192403081101,19240308,南京快信　　軍界少校以上軍官昨在軍署公宴勞軍專員李鳳樓席間李朗讀曹訓官佐士兵詞三時散席　　交部特派視察護路專員錢錫霖　[...],shunpao
SPSP192505020401,19250502,時評是非證,shunpao
SPSP192609211801,19260921,常識内爭與外交,shunpao
SPSP192610291401,19261029,總商會爲蠟綫税之商榷,shunpao
SPSP192602282201,19260228,石路養正公學開校,shunpao
SPSP192811010701,19281101,時評　　策之之後,shunpao
SPSP192809020401,19280902,白崇禧昨訪各使館,shunpao
SPSP192309050401,19230905,社論,shunpao
SPSP192308251701,19230825,本埠新聞三中華皮鞋公司之新出品,shunpao
SPSP192308251801,19230825,曼麗畢克福幼年軼事之自述（十）　　其後一片,shunpao
SPSP192304051701,19230405,本埠新聞三拍葛公司資遣華職員赴英,shunpao
SPSP192304071801,19230407,南洋中學體育會消息,shunpao
SPSP192304251801,19230425,普陀歸客之游歷談　　寗波旅滬同鄕會會員王君昨自普陀乘輪返滬據其談普陀現狀云「普陀有南海佛國之稱其寺之大者曰普濟　[...],shunpao
SPSP192301081301,19230108,本埠新聞閘北水電案已公布,shunpao
SPSP192110011801,19211001,自由談遊記浙皖旅行記新安江之觀,shunpao
SPSP191608081001,19160808,第三張本埠新聞巡警與匪徒開鎗對敵續誌,shunpao
SPSP191608101001,19160810,本埠新聞離奇駭怪之烟土案　　寓居湖北路孟,shunpao
SPSP191609191001,19160919,本埠新聞日人對於遠東運動會之豫備　　寰球,shunpao
SPSP191608201001,19160820,本埠新聞十一誌離奇駭怪之烟土　　案公廨研,shunpao
SPSP192203280301,19220328,時評鬥蟋蟀說,shunpao
SPSP192203191601,19220319,本埠新聞二青夜學校今日歡迎新校董　　閘北,shunpao
SPSP192006100301,19200610,時評和戰索隱,shunpao
SPSP192007070301,19200707,時評北京之謠言,shunpao
SPSP192012111001,19201211,本埠新聞青年會歡迎聶雲臺大會紀　　上海總,shunpao
SPSP192106081401,19210608,自由談游記旅歐觀察談,shunpao
SPSP192105310801,19210531,法界共舞臺男女合演念四夜戲,shunpao
SPSP192205131501,19220513,本埠新聞二太湖流域防災會成立會紀　　江蘇,shunpao
SPSP192205301401,19220530,閩學生代表請釋劉開祥等訊國聞通信社云閩學生劉開祥等被誣與陳謝案内嫌疑一案迄今已將二載尚未結束該生等久覊異鄉貧病交侵狀至危急閩省各界有鑒及此已組福建滬案後援會專事援救本日有該會派赴京滬代表劉學基到滬聞卽　[...],shunpao
SPSP192104050301,19210405,時評選舉之表裏觀,shunpao
SPSP192104070401,19210407,時評閒暇,shunpao
SPSP192111170701,19211117,時評經濟戰爭,shunpao
SPSP192110271501,19211027,江浙皖鄂魯水災振務消息,shunpao
SPSP192110180701,19211018,時評南北戰談（三）,shunpao
SPSP191501061101,19150106,妓院容留幼女,shunpao
SPSP191501201101,19150120,錢價案交保候訊,shunpao
SPSP191502261001,19150226,本埠新聞,shunpao
SPSP191501301001,19150130,本埠新聞　　請求修改商會法近聞　　全國商,shunpao
SPSP191409140901,19140914,存濟局周文卿治毒專科包醫包愈花柳爲害盡人皆知每見報上登載醫治頗多售花柳丸之家如林考其有效者甚少或病家貪速求效皆用輕粉水銀倒提熏藥不但愈後復發而且染妻絶嗣終身殘疾可不懼哉不是借人名譽混售僞藥尚稱濟世妄　[...],shunpao
SPSP191602111001,19160211,本埠新聞中國郵船公司之航期,shunpao
SPSP191602191101,19160219,以儆拐賣女子之辯論,shunpao
SPSP191601031101,19160103,楊善德君奉任爲松滬護軍使以後已將裁併松江上海兩鎭守使另行改組護軍使一切編制呈報中央現已奉批照准並任命趙禪爲護軍使署參謀長范毓　爲副官長王吉檀爲軍法長馮汝玠爲軍需長以重職守云　[...],shunpao
SPSP191601051101,19160105,事擬向上海縣沈知事商借銀一萬兩作爲開辦經費一俟舊監獄基地召變當即歸還云,shunpao
SPSP191512311101,19151231,頒發國旗圖式,shunpao
SPSP191312021001,19131202,本埠新聞盜匪行刑於市　　盜匪小丹陽即朱福,shunpao
SPSP191312070201,19131207,專電,shunpao
SPSP191307010701,19130701,雜評二　　軍政執法處之預審無論軍政執法處爲軍事機關其所轄應以軍人爲限卽使不限於軍人而其權與警察機關相等亦祗有補助司法上逮捕罪犯之責而無審問罪犯之權我國刑訴法草案以預審之權授之於檢察廳論者尚嫌其與各國司　[...],shunpao
SPSP191306120701,19130612,廣州,shunpao
SPSP191308231101,19130823,小文棧違犯烟禁,shunpao
SPSP191511021001,19151102,本埠新聞六誌謡言黨人起事之防備,shunpao
SPSP191510171101,19151017,小河内發現失足溺斃之女尸,shunpao
SPSP191506030801,19150603,案前驚觸新加坡商董來函云因操勞過度腦筋衰殘如何使精力復原憂慮與煩腦過甚每致腦筋損傷若加以操勞過度更易使週身精力衰殘諸恙從此百出矣宋君鑑之乃新加坡大馬路一百七址四號與一百七十五號門牌華益華隆兩號之股東與　[...],shunpao
SPSP191508041101,19150804,再誌呑產避匿之訴訟,shunpao
SPSP191606080701,19160608,濟聞零拾,shunpao
SPSP191605151401,19160515,自由談游戲文章自由談編輯部組織,shunpao
SPSP191605161401,19160516,自由談游戲文章救急理財策  燕,shunpao
SPSP191604111101,19160411,債務人繳洋了事,shunpao
SPSP191606221001,19160622,本埠新聞法公廨第三次研訊陳其美被害案,shunpao
SPSP191411050601,19141105,要聞二東省近事𢑥聞　　駐京日使之表明　日軍在龍口及金家口勞山,shunpao
SPSP191503060301,19150306,,shunpao
SPSP191403011101,19140301,邀同公正人理賬,shunpao
SPSP191406031001,19140603,本埠新聞破獲小沙渡黨人機關三誌　　上月三,shunpao
SPSP191405211101,19140521,儘可安居勿驚,shunpao
SPSP191405261001,19140526,本埠新聞吳淞海灘試放快炮　　上海製造局此,shunpao
SPSP191405140601,19140514,要聞二新政府組織中之中央地方兩官制,shunpao
SPSP191403240201,19140324,時評亂之種,shunpao
SPSP191403251101,19140325,合股經商之糾葛,shunpao
SPSP191401291501,19140129,中華銀行廣告本銀行曾於二月念六號股東大會議决改爲商業儲蓄銀行並於四月十四號移至北市福州路第十三號交易迭經登報通告凡有零欵存儲儲蓄櫃者計息三個月週年四厘五毫六個月週年五厘一年週年六厘活期週年三厘凡有躉欵　[...],shunpao
SPSP191403301001,19140330,本埠新聞全國商會聯合會紀事,shunpao
SPSP191609051001,19160905,本埠新聞發起地方自治研究會,shunpao
SPSP191710300201,19171030,時評第一第二第三第四,shunpao
SPSP191806220701,19180622,蘇省會接開臨時會,shunpao
SPSP191806291101,19180629,白副領事因病請假,shunpao
SPSP191411200201,19141120,時評　　嘗試,shunpao
SPSP191805071101,19180507,監犯患病殞命,shunpao
SPSP191801011001,19180101,本埠新聞民國七年元旦之慶賀　　今日,shunpao
SPSP191801170701,19180117,徐州短簡　　長江巡閱副使王廷楨今早,shunpao
SPSP191801180701,19180118,時局緊急中之贛訊近聞和議决裂第二路軍隊將行實開拔來贛陳督軍除電張懷芝張敬堯婉却並迭電李秀山督軍請代致意二張毋勞重兵入贛外茲又急電李督重申前請務欲逹到阻止之目的乃聞李督昨日最後覆贛督一電略謂張軍入贛此間　[...],shunpao
SPSP191607080301,19160708,公電,shunpao
SPSP191702121401,19170212,自由談游戲文章老申報歌  楓隱,shunpao
SPSP191702240901,19170224,久痔斷根永不复發余同事十三人患痔瘡者計有六人之多其間雖内外輕重不同獨余之患痔最久最重每值飲酒過度或勞苦太甚其發必劇肛外管長數寸四圍紅腫紫血淋漓適遇大便痛徹心肺甚至大呼痛哭不能坐臥一種困苦狼狽之狀筆不能　[...],shunpao
SPSP191612181001,19161218,本埠新聞蔡靈由滬回湘之盛况,shunpao
SPSP191612241401,19161224,自由談游戲文章戲擬林黛玉被逮乞,shunpao
SPSP191706031001,19170603,本埠新聞各省脫離關係之影響,shunpao
SPSP191611280201,19161128,時評國會之失職,shunpao
SPSP191611031001,19161103,本埠新聞銅圓銀圓價格之騰漲　　此兩星期内,shunpao
SPSP191608251001,19160825,本埠新聞西報紀租界售烟問題　　字林報昨載,shunpao
SPSP191608271001,19160827,本埠新聞西報對於鴉片問題之平議,shunpao
SPSP191606281001,19160628,本埠新聞海軍加入護國軍後之各方消息海軍第,shunpao
SPSP191606290101,19160629,本館定報價目中國境內　全年逐日寄大洋十二元　半年六元　日本全年十二元　半年六元　歐美各國全年二十五元二角　半年十二元六角　報資先惠　郵票不收　[...],shunpao
SPSP191803151001,19180315,中華民國七年三月十五日星期五申報第三張舊曆戊午二月初三日,shunpao
SPSP191211140601,19121114,要聞二溫州鎗斃亂黨,shunpao
SPSP191306060601,19130606,要聞二北京大學風潮聲中之敎育部北京大學自二十八日風潮　起勒令,shunpao
SPSP191305171101,19130517,國内紀事世界語與南洋高等監獄學校,shunpao
SPSP191304280701,19130428,地方通信蘇州,shunpao
SPSP191211220701,19121122,區長何甞拘罰,shunpao
SPSP191206210701,19120621,本埠新聞遣散衞隊營之危機　陸軍混成第二旅,shunpao
SPSP191207180701,19120718,挑選軍士之限制,shunpao
SPSP192008121001,19200812,本埠新聞租界納税華人會討論會預紀,shunpao
SPSP191811091001,19181109,本埠新聞歐戰協濟會開會紀　　歐戰協濟會詳,shunpao
SPSP191812071001,19181207,本埠新聞,shunpao
SPSP191908021101,19190802,滬杭路消息彚記　　滬杭甬鐵路已於昨日,shunpao
SPSP191901191501,19190119,上海棋盤街文明書局冬令通信廡價部▲希有之廉價▲難得之機會▲一月爲限　限滿仍照原價本局曾于春夏二季設立廉價部均以本埠爲限外埠諸君屢以函購爲請本局因此特選各種圖書百三十種設立通信廉價部以便本埠外埠諸君俱可　[...],shunpao
SPSP193301072201,19330107,談言民國廿一年的回顧  金門,shunpao
SPSP193304150901,19330415,國軍收復東鄉新淦劉峙决長期駐撫督勦,shunpao
SPSP193206011001,19320601,鄂財廳長籌措勦匪經費　　銀行界决定貸欵,shunpao
SPSP193206051101,19320605,國外要電二日泛繋黨披猖,shunpao
SPSP193104261401,19310426,稅則研究會　　　呈請減免營業稅　　本市各業同業公會稅則研究委員會、昨爲請求分別减免桂圓、及土布營業稅事、呈市政府云、呈爲據情彙請採擇、仰祈鑒核事、竊杳營業稅則之創設、爲我國稅制上之一大改革、當此籌辦之　[...],shunpao
SPSP193306020801,19330602,軍縮公約着手整理　　起草委員會以英美計劃擬成約文　　不理會日本商訂海軍新協定建議　　初讀後休會四星期　　　[...],shunpao
SPSP193312280701,19331228,政務繁忙中羅斯福仍埋首著述　　「在前進途中」三月出版　　闡發經濟理論,shunpao
SPSP193305241701,19330524,談言電報歟？槍砲歟？  天方　　在這大動亂的年頭，看到國内一切情形、倒行逆施的狀態，真使人哭笑不得，丨不，惟有憤怒丨　　現在東北四省失地，尙未收復，平津又告危急，凡是身體内流着黄帝子孫的血液，頭頂着『　[...],shunpao
SPSP193305260901,19330526,本市新聞　　吳市長發表對時局重要談话,shunpao
SPSP193205210701,19320521,國内要電國聨調查團中止入黑　　李頓等一行定今晨由哈赴瀋　　專員十人乘飛機赴黑垣考察,shunpao
SPSP193206131001,19320613,上海電話公司、一九三二·六·十一、,shunpao
SPSP193602211401,19360221,舞場血案相騐　兇手亦戳破大腸　現在昏迷狀態中　　法租界朱葆三路二十六號　姝舞塲、西崽嘉定人樊毛弟、於十九日上午九時、睡在三樓小房間內、尚未起身、突被同事金阿梅持刀戳斃、兇手亦自己戳傷、圖盡各情、已誌昨　[...],shunpao
SPSP193501312301,19350131,業餘信箱夫婦間的貞操觀編者先生：　　茲有敝友聞君於去年，由媒人介紹，與一女子訂婚，訂婚時共用去禮金等費，約二三百元。惟最近聞君聽得各方之傳說，謂乙女前曾與人發生苟且之事，彼遂親向女家各親戚處探聽，結果　[...],shunpao
SPSP194205190401,19420519,水電及自來火　即將實行加價　加價標準自一倍至兩倍　法租界方面無此種意思　　上海泰晤士報云、工部局董事會於上星期六舉行特別會議、核准三大公用事業公司從五月二十日起、修正取費、該三公用事業爲上海電力公司·　[...],shunpao
SPSP194810130201,19481013,社論　　中國科學家與國家建設　——祝十科,shunpao
SPSP194812100101,19481210,蚌宿戰局漸入新階段　南下兵團兩處大捷　永城東北殲菲共達兩萬,shunpao
SPSP194711090201,19471109,星期論壇　　縣長民選問題的商榷　儲子潤　　我國憲法定於十二月,shunpao
SPSP192312150301,19231215,時評架空法,shunpao
SPSP192211200301,19221120,上海游民工厰唘事本工廠自　盧前護軍使提創以來蒙　何護軍使繼續維持業於本年雙十節正式開幕出品如橡皮地毯玩具等項製作精良已具發達氣象各界參觀備承謬許惟是一切經費從前幸頼慈善劵餘利撥助現在慈善劵　限停止本工　[...],shunpao
SPSP192211240101,19221124,本館始剏自同治十一年即西曆一八七二年已在中國郵政特准掛號立劵按照總包特别優益寄送之報紙本館開設上海英租界山東路漢口路轉角第二十四號總理及編輯室電話一五七六號營業部電話九十五號公共日夜電話一五二七號本館　[...],shunpao
SPSP192211260101,19221126,本館始剏自同治十一年即西曆一八七二年已在中國郵政特准掛號立劵按照總包特别優益寄送之報紙本館開設上海英租界山東路漢口路轉角第二十四號總理及編輯室電話一五七六號營業部電話九十五號公共日夜電話一五二七號本館　[...],shunpao
SPSP191606090101,19160609,ＯＡＰＮＵＨＳ中華民國五年西曆一千九百十六年六月九號·星期五舊曆丙辰五月初九日今天四張售大洋三分第一萬五千五百六十一號本館開設上海望平街第一百五十八九二號電話九十五號　[...],shunpao
SPSP192405030301,19240503,時評失敗者之成功,shunpao
SPSP192402231501,19240223,本埠新聞二上海商業市况彚錄,shunpao
SPSP192610251001,19261025,各方要訊陳儀軍隊今日可過滬赴杭昨日南京聯軍總司令部特向滬寗路局調撥機車二輛廂車五十輛分配專車兩列停靠寗站計第一列掛車二十七輛第二列掛車二十三輛係爲載運駐防徐州之第一師陳儀部下軍隊赴杭之用大約今日可以過　[...],shunpao
SPSP192803141001,19280314,哈幣整理後現狀　　外國銀行從中操縱公署布告哈票交易六日哈爾濱通信此間各法團因近頃哈票依然跌落推厥原因皆緣外國銀行操縱牟利所致五日下午特開聯席會議於總商會議决聯名向長官公署呈請取締外國銀行操縱其呈文云　[...],shunpao
SPSP192210010301,19221001,時評大戰小戰,shunpao
SPSP192212190201,19221219,時評　　張閣通過國會,shunpao
SPSP192209261501,19220926,本埠新聞二鐵路重建材料廠　　滬杭甬鐵路甬,shunpao
SPSP191705100201,19170510,時評外交與内閣,shunpao
SPSP191608120201,19160812,時評得手與失足,shunpao
SPSP191705220201,19170522,時評今日之情形,shunpao
SPSP192204230601,19220423,公電,shunpao
SPSP191409290101,19140929,遊記羗海雜誌,shunpao
SPSP191308050801,19130805,青浦城廂保安團簡章,shunpao
SPSP191506081701,19150608,申報弟五張,shunpao
SPSP191711060201,19171106,時評無可如何,shunpao
SPSP191709150201,19170915,時評印,shunpao
SPSP191709220201,19170922,時評川湘之變端,shunpao
SPSP191709020201,19170902,時評内,shunpao
SPSP191709030201,19170903,時評參議院,shunpao
SPSP191709090201,19170909,時評敎育實業,shunpao
SPSP191708280201,19170828,時評西南問題外之問題,shunpao
SPSP191808161001,19180816,本埠新造解廨經李襄钀會同美副領事德君復訊先由原告代表律師上堂釋明案情並詰據原告張阿弟供稱向在虹口小菜場開設長與水牛肉店曾經工部局允准給照營業詎本月六號上午十一句鐘被告忽糾六七人突至我處内有二有手持斧頭　[...],shunpao
SPSP191804250201,19180425,時評議席上之五端,shunpao
SPSP191801210201,19180121,時評若有所待,shunpao
SPSP191705240201,19170524,時評相持相解,shunpao
SPSP191705260201,19170526,時評新内閣何如,shunpao
SPSP191704280201,19170428,財政總長,shunpao
SPSP191704300201,19170430,時評　　兩同意案,shunpao
SPSP191803090201,19180309,時評張作霖之主張,shunpao
SPSP191812251001,19181225,本埠新聞稅法平等會今日大會　　主張國際稅,shunpao
SPSP192506270401,19250627,時評二者不可得兼,shunpao
SPSP192202020601,19220202,時評政局之戰與勝,shunpao
SPSP191502090101,19150209,通信　　近東之新風雲,shunpao
SPSP191412210101,19141221,要件　　新疆省與俄國之關係,shunpao
SPSP191312140101,19131214,通信法國憲法成立之歷史,shunpao
SPSP191309180101,19130918,通信和蘭下院選舉及政黨之情勢,shunpao
SPSP191503310701,19150331,湖北,shunpao
SPSP191404240101,19140424,調查述中國鐵路權之瓜分,shunpao
SPSP191710020201,19171002,時評决口,shunpao
SPSP191810211401,19181021,自由談祝詞恭賀申報館新屋落成之,shunpao
SPSP191810230201,19181023,時評停攻,shunpao
SPSP191907011001,19190701,本埠新聞商業團對保留問題來往電,shunpao
SPSP191902121001,19190212,本埠新聞南北和議之昨訊　　會議規則八條昨,shunpao
SPSP191905061001,19190506,本埠新聞和會正式續開之第廿七日　　聨合通,shunpao
SPSP192407090401,19240709,時評防匪防盜,shunpao
SPSP192405101701,19240510,常識常談手相術,shunpao
SPSP192401111101,19240111,鎭江,shunpao
SPSP192504301401,19250430,華僑鉅商來滬考察,shunpao
SPSP192410070901,19241007,本埠新聞　　盧永祥抵滬後之戰事消息,shunpao
SPSP192508302101,19250830,本埠增刋中華商店之創辦,shunpao
SPSP192609161401,19260916,華界外人一例納税之波折　　東南通信社云據日人消息關於華界徴税問題各關係領事團與中國官場之交涉定於昨,shunpao
SPSP192607020401,19260702,本館要電,shunpao
SPSP192701121101,19270112,本埠新聞二名中醫又弱一個,shunpao
SPSP192804040601,19280404,時評　　人與我之比,shunpao
SPSP192611301001,19261130,國貨臨時商場昨開聯席會　　本埠總商會商品陳列所第四屆國貨展覽會并附設臨時商塲現因開幕在即特於昨日,shunpao
SPSP192212191501,19221219,本埠新聞二,shunpao
SPSP192211031601,19221103,小工壓傷身死,shunpao
SPSP192306111401,19230611,江灣第一百次游戲賽預誌,shunpao
SPSP192303281801,19230328,影戲事業之述評（八）　　專造影戲背景之木匠所建之梭羅門聖廟　　美國前郵務司海士君影戲論文疊誌本報茲續譯之現美國全國無不有攝影塲之建築其每處工料之費亦須年約五百萬元有餘故木材暢銷至於數百萬尺而木商木匠及　[...],shunpao
SPSP192303301801,19230330,佛誕二千九百五十年之紀念,shunpao
SPSP192301221001,19230122,國内要聞三蕪湖近信,shunpao
SPSP192206201501,19220620,本埠新聞二中華銀盾比賽記　第二次干庭輝占,shunpao
SPSP192211191301,19221119,上海寳善街裕興隆鞋帽莊遷回原處茲於夏曆十月初二日先行交易擇吉開幕如蒙親友惠賜禮物一槪辭謝尙祈諒之此啓上海五馬路復亨怡醬鷄號現因新屋落成仍回原處擇於十月初二日開張照常交易特此聲明環球汽車電話中央二二三九　[...],shunpao
SPSP192112141401,19211214,本埠新聞各方面歡迎威廉博士之昨訊,shunpao
SPSP191608071001,19160807,日本人被害三誌,shunpao
SPSP191610091001,19161009,本埠新聞縣議員聯合會記事,shunpao
SPSP191705161001,19170516,本埠新園省議會否認加征省附稅江蘇省議會咨　公署文　爲　行事前准袁公署咨交滬認地了加征省附稅二角　分一案内開案　蘇省地丁省附稅三角　[...],shunpao
SPSP191608131001,19160813,本埠新聞裁釐加稅之討論　　中華國貨維持會,shunpao
SPSP191608191001,19160819,本埠新聞十誌離奇駭怪之烟土案　　公廨研鞫,shunpao
SPSP191607200701,19160720,皖省近事,shunpao
SPSP191607251001,19160725,本埠新聞恢復商圑之籌備,shunpao
SPSP191610131001,19161013,本埠新聞福建省議會請復縣會,shunpao
SPSP192008060301,19200806,時評在不復用,shunpao
SPSP192106171401,19210617,自由談游記旅歐觀察談,shunpao
SPSP192101271401,19210127,自由談閑話白門隨感錄,shunpao
SPSP192102160401,19210216,時評反比例,shunpao
SPSP192101071001,19210107,本埠新聞　　管店站火車相撞慘劇之滬聞前日,shunpao
SPSP192107261801,19210726,第五張自由談閒話還鄉日記（三）,shunpao
SPSP192205091501,19220509,本埠新聞二浙師範生旅行團赴寗過滬　　浙江,shunpao
SPSP192103220301,19210322,時評爲虺勿摧,shunpao
SPSP192106211401,19210621,自由談閒話上海閒話,shunpao
SPSP192111112001,19211111,本埠新聞鐵箱案須查要證　　隆茂洋行買辦程,shunpao
SPSP192111031801,19211103,自由談閑話巴黎繁會記  昭實,shunpao
SPSP192101160301,19210116,時評三反,shunpao
SPSP192103140301,19210314,時評曹張又將入京,shunpao
SPSP191512140301,19151214,編輯餘談失敗與成功,shunpao
SPSP191602101101,19160210,北市錢業盈餘單,shunpao
SPSP191601041101,19160104,派探警將陳拘獲解案研訊陳供不知從何起火王君以此次之火貽累商民甚衆諭令拘留候送淞滬警廳司法科訊究,shunpao
SPSP191601120301,19160112,東京電聯合各國派遣特使祝賀日皇即位大典業已先後通知日本政府矣,shunpao
SPSP191306121101,19130612,媒解案請示經中西官訊悉前情判發濟良所留養,shunpao
SPSP191306240701,19130624,揚州,shunpao
SPSP191308310301,19130831,熊總理大政方針之披露　　熊總理抵京有某君往訪談叙一時餘之久熊自言此次到京對於就職問題尙未决定必須將就職以前之種種問題先行解决始能正式受職此時於就職一節自己尙不敢斷定因恐將來有負委任也其語意之間頗以時事　[...],shunpao
SPSP191510070101,19151007,包工者注意茲有水泥鋼質房屋數宅造於上海南京及漢口等處包工者如欲投標請向博物院路十七號本行領取圖樣及承攬可也　[...],shunpao
SPSP191509061101,19150906,雜評三引以爲戒,shunpao
SPSP191506050101,19150605,譯述歐西報業舉要,shunpao
SPSP191508061201,19150806,,shunpao
SPSP191508310301,19150831,要聞一英國艦隊之損失表,shunpao
SPSP191603251101,19160325,見證供詞不實,shunpao
SPSP191605161001,19160516,本埠新聞三誌中交兩行之强弱　　上海中國交,shunpao
SPSP191605181001,19160518,本埠新聞五誌中交兩行之强弱　　上海中國銀,shunpao
SPSP191605201001,19160520,本埠新聞金金陵輪船在途失愼　　昨聞太古公,shunpao
SPSP191604191101,19160419,緝私統領部遷移來滬,shunpao
SPSP191606121101,19160612,誘拐有夫婦女,shunpao
SPSP191505140101,19150514,江蘇省立第一工業學校招工建築本校現欲添造實習工廠一所如有熟悉此項工程願來承包者希於本月二十三號以前來本校接洽閲投標規程爲盼　南京復成橋本校啓　[...],shunpao
SPSP191503090301,19150309,柏林電　　德國外交部宣布本日大本營公報如下昨日德軍在伊泊爾東南回擊英軍獲戰壕一道法軍圖在洛萊特聖母院高地所奪之地位攻擊德軍受失傳而退被俘若干人香巴業法軍仍在貝爾臺及曼斯尼爾附近從事進攻被俘軍官五員兵一　[...],shunpao
SPSP191503090601,19150309,要聞二交涉進行中之日本重行通告　　通告要求條個　　昨日,shunpao
SPSP191406020201,19140602,時評武人與敎育,shunpao
SPSP191406061001,19140606,本埠新聞物産股票交通處之計畫,shunpao
SPSP191406151101,19140615,流氓擾飯店,shunpao
SPSP191405100701,19140510,江西人攻擊李廷玉,shunpao
SPSP191403140201,19140314,時評三權併立,shunpao
SPSP191611191001,19161119,歡送伍總長之兩盛會　　昨日爲本埠工商各界開會歡送新任外交總長伍廷芳之期各界男女赴會者約一千餘人除發起人中華國貨維持會會長王文典等外官界之到會者爲滬海道道尹徐鶴仙外交特派交涉員楊小种代理上海縣知事景毓華　[...],shunpao
SPSP191709171001,19170917,本埠新聞參觀日本旗艦記　　日本第三水雷戰,shunpao
SPSP191807050701,19180705,嘉興　　省議員初選風潮本届省議會議員初選於七月一日舉行城區因各調查員將選民通告扣住不發致釀成激烈鄕民張鳳雲當時押入警所至於三日由士紳萬某保釋出外選民陳思成等以選舉違法舞弊情形具呈官廳提起選舉訴訟矣王店　[...],shunpao
SPSP191806181101,19180618,店夥被疑之怨憤,shunpao
SPSP191810120601,19181012,要聞二段四閣之最後會議　　昨日,shunpao
SPSP191805041001,19180504,本埠新聞小販風潮業已平息,shunpao
SPSP191804040701,19180404,西南對付段閣这熊度,shunpao
SPSP191806030701,19180603,地方通信松江,shunpao
SPSP191711251101,19171125,稽查夾帶私鹽,shunpao
SPSP191801090701,19180109,湘省金融問題之可危　　湘省金融紊亂爲經年所不能解决之問題自湯薌銘督湘濫發各項紙幣至四千餘萬元之多湘省現金皆爲紙幣之驅逐流出省外精髓已告竭蹶譚組庵督湘一年亦未得整理之結果由是滙水自一兩七八高至四兩有奇傅　[...],shunpao
SPSP191712210601,19171221,要聞二川鄂軍電之京聞　　兹從某要人處探悉鄂督王占元昨晚又拍來,shunpao
SPSP191712261101,19171226,皮絲同業涉訟,shunpao
SPSP191712270601,19171227,要聞二陸榮廷希望和平之通電,shunpao
SPSP191801150701,19180115,樅陽鎭黨人舉事失敗紀　　皖省桐城縣屬樅陽鎭,shunpao
SPSP191607021001,19160702,本埠新聞海軍加入護國軍後之聞見,shunpao
SPSP191702080301,19170208,時評中國今日應取之態度,shunpao
SPSP191702081401,19170208,自由談游戲文章擬代某帥謝贈貂褂,shunpao
SPSP191702121201,19170212,函告愛國公債還本情形,shunpao
SPSP191701150701,19170115,粤省長電陳解欵爲難,shunpao
SPSP191704151001,19170415,本埠新聞西報紀中國覊留美艦　　字林報云依,shunpao
SPSP191704040201,19170404,時評不戰不和,shunpao
SPSP191611290201,19161129,時評外官之失職,shunpao
SPSP191612151401,19161215,自由談游戲文章請設議場衛生隊書,shunpao
SPSP191612061401,19161206,自由談游戲文章擬袁世凱致袁世凱,shunpao
SPSP191612080201,19161208,時評如何,shunpao
SPSP191606250701,19160625,奉天復縣有不靜消息　　奉天軍署昨日,shunpao
SPSP191609240901,19160924,治痔瘡奇功立奏　　辦香廬驥雲先生有遒僕患痔多年時而痛癢時而　血行劫旣多水便坐臥更覺不安閱報悉先生化痔仙丹功效甚奇奈僕會服過各處馳名痔藥服時稍盒不服即發故心甚猶豫後遇同學張君述及渠患痔近二十年管生四處發　[...],shunpao
SPSP191609261001,19160926,本埠新聞恢復地方自治之好模範,shunpao
SPSP191803251001,19180325,中華民國七年三月二十五日星期一申報第三張舊曆戊午二月十三日,shunpao
SPSP191803181101,19180318,中華民國七年三月十八日星期一申報雉妓違章拖人,shunpao
SPSP191802270601,19180227,要聞二府院二十三日之大會議,shunpao
SPSP191812191001,19181219,本埠新聞稅法平等會將開大會,shunpao
SPSP191812231001,19181223,本埠新聞張季直來滬先聲,shunpao
SPSP191812241001,19181224,本埠新聞棉業前途之推測　　二三年内價格看,shunpao
SPSP191301250301,19130125,赴薩包一帶現在省城兵力軍薄不敷分布擬請飭撥步兵一團砲兵一營來晉暫歸錫山節制調遣再由錫山調派步兵一團騎兵一營前往痛加剿辦並懇令飭駐紮河南軍隊於沿河一帶酌量情形防守助剿以免竄擾臨電屏營無任迫切待命之至山西　[...],shunpao
SPSP191202090201,19120209,代論敎育部總長蔡元培對於新敎育之意見,shunpao
SPSP191212131101,19121213,虧弱之軀可爲强健鐵漢欲健體質强,shunpao
SPSP192005230301,19200523,時評似是而非,shunpao
SPSP192005260301,19200526,命令,shunpao
SPSP192008270801,19200827,軍府攻閩失利後之觀察　　廣西通信云邕垣各界於十八日接香港商人來電謂桂粤兩軍已於饒平樟林等處對敵卓廷貴,shunpao
SPSP191812171001,19181217,本埠新聞茶葉貿易之比較,shunpao
SPSP191908100701,19190810,中美新聞社京訊,shunpao
SPSP191811121001,19181112,本埠新聞歐戰協濟會討論進行　　昨日午刻十,shunpao
SPSP193307302001,19330730,跳舞塲腿樹肉林  楊墨耘　　舞女是一個跳舞塲的靈魂。眞的，一個跳舞場若没有幾個可以對付過去的舞女，那還是早點兒關門大吉爲妙。　　她們爲了要增加她們的肉咸，有時不惜犧牲色相的連襪子也不穿，一直赤裸到大腿　[...],shunpao
SPSP193312200701,19331220,世界食糧過剩聲中蘇俄餓莩載道　最肥沃之區竟亦告荒歉　本年死於飢饉逾百萬人　人類相食極人間之慘况　丨奥京天主敎會議之報告丨　　維也納　此處天主敎中之國際區際會議、今日由主席英尼載爾敎主發表報告稱、蘇俄在　[...],shunpao
SPSP193606301501,19360630,黃河路命案　屍屬泣訴援助　　請求各界主張公道爲伯申冤　市民會四分會今開緊急會議本埠法租界黃河路義和茶樓、於日前發生華捕擊斃南通人事士林一案、法捕房會將其弟季阿二拘捕、認有傷害及殺人未遂罪、公訴於第二特　[...],shunpao
SPSP193305110601,19330511,接受休稅　　日本附有兩條件,shunpao
SPSP193412231301,19341223,恊康錢莊保鑣勇猛擊斃一盜　三盜不敢刧一物飛奔逃逸　弄口司閽捕被盜擊傷甚劇　丨保鑣因追捕他盜亦略受槍傷丨　[...],shunpao
SPSP194003310701,19400331,兩租界昨戒備嚴密　情况呈特殊緊張　非必要馬路橋樑均封鎖　警探防衛森嚴幸無事故,shunpao
SPSP193905031601,19390503,大陸電台播送開獎號碼　　法商救濟雖民慈善獎券第九期、準於今天,shunpao
SPSP193811021201,19381102,春秋潘必正絕食諫父  佛　　潘必正絕食諫父，眞堪　書特書，表彰表彰他特行的，潘必正為什麽要絕食，因為,shunpao
SPSP194008041001,19400804,浦江今起秋汛　棧貨另策安全　十四家銀行倉庫已通知貨主,shunpao
SPSP194705100501,19470510,本市專科以上學校昨舉行　國語演說競賽　滬江女生高宛眞榮獲冠軍,shunpao
SPSP194111300301,19411130,尋求太平洋持久和平美國立場堅定不移　認日本行動與希特勒如出一轍　日軍不退出中國越南決不妥協,shunpao
SPSP194902090101,19490209,滬代表團今晨飛古　團員三人預定勾留一週　邵力子抵滬決隨同北上,shunpao
SPSP192405290301,19240529,時論,shunpao
SPSP191507170201,19150717,時評官與商,shunpao
SPSP191801080201,19180108,時評借疑,shunpao
SPSP191801270201,19180127,時評奇異之變化,shunpao
SPSP192802251901,19280225,各團體消息　　儉德會星期同樂會　儉德儲蓄會定於本星期日,shunpao
SPSP191704260201,19170426,時評　　賄案與外交,shunpao
SPSP191312221301,19131222,自由談游戲文章勵章雨解,shunpao
SPSP191409180201,19140918,時評戰外國之利害,shunpao
SPSP191606090501,19160609,天蟾舞臺五月初十禮拜六日戲紳商特煩傑作先行露布李玉海　鎖五龍　李春利　　花蝴蝶　李人俊　李德山　林樹森　水淹七軍　　[...],shunpao
SPSP191603300201,19160330,時評以我度之,shunpao
SPSP191408131301,19140813,自由談游戲文章縫工竹匠戰紀,shunpao
SPSP191505170101,19150517,本館開設上海望平街第一百五十八九二號電話九十五號本館定報價目中國境内　全年逐日寄大洋十二元　半年六元　日本全年十二元　半年六元　歐美各國全年十八元　半年九元　由西比利亞寄全年念一元六角　半年十元零八角　[...],shunpao
SPSP191709130201,19170913,時評可惜,shunpao
SPSP191708300201,19170830,時評一千萬借欵,shunpao
SPSP191707110201,19170711,時評停頓,shunpao
SPSP191808041101,19180804,浦東華商工廠近况煉鐵廠,shunpao
SPSP191411160101,19141116,要件　　北蒙古與俄國之關係,shunpao
SPSP191804240201,19180424,時評兩言而决,shunpao
SPSP191607110201,19160711,時評原諒,shunpao
SPSP191702110201,19170211,時評抗議後之預備,shunpao
SPSP191706230201,19170623,時評李内閣,shunpao
SPSP193304160901,19330416,宋部敎導團由汾陽赴前綫　　經過太原轉往張垣由團長支應遴督率沿途民衆熱烈歡送　　太原通訊、自民十九以還、移駐晋境之客軍、近因對日戰事發動、均已先後奉令關赴前線、除宋哲元、龐炳勛·孫殿英等大部外、目下僅有　[...],shunpao
SPSP194405010101,19440501,社評本報設立科學獎金　　本報為推進科學研,shunpao
SPSP192507140501,19250714,時評巧妙與質實,shunpao
SPSP192407210301,19240721,時評殘缺不全之北京,shunpao
SPSP192401120401,19240112,時評出力,shunpao
SPSP192505220401,19250522,時評移軍就餉,shunpao
SPSP192410140201,19241014,時評　　治安問題,shunpao
SPSP192403260601,19240326,國內專電二,shunpao
SPSP192509030601,19250903,時評損人利己,shunpao
SPSP192603170401,19260317,時評大沽事件,shunpao
SPSP192611112101,19261111,出版界消息　　「歧途」劇集出版　文學研究會最近出版之通俗戲曲叢書「歧途」劇集、爲民新影專敎務長徐公美君所編、集中包含三個劇本、　[...],shunpao
SPSP192611202301,19261120,藝術界聽莫奇萊夫斯基奏演後,shunpao
SPSP192702110601,19270211,時評　　和平明白,shunpao
SPSP192611301901,19261130,劇場消息　　東華開映綠菊影片與﹁愛國熱﹂東華大戲院院主丁君嘗以自種之菊出賽于上海蒔花會得獎極多尤以其中綠菊一種爲最名貴特由英美烟公司電影部派人攝製電影新聞片定于今晚在東華大戲院與﹁愛國熱﹂名片同時開映　[...],shunpao
SPSP192809271701,19280927,自由談上海療養院中  瘦鵑,shunpao
SPSP192808230901,19280823,時評勾結,shunpao
SPSP192309021701,19230902,本埠新聞三飛利浦洋行昨日開幕,shunpao
SPSP192309060401,19230906,時評川湘粤之戰事,shunpao
SPSP192305190801,19230519,自由談一知半解  虞山人,shunpao
SPSP192305251501,19230525,本埠新聞二日本改用陪審制之預備,shunpao
SPSP192304101701,19230410,本埠新聞三中孚銀行喬遷誌盛　　上海中孚銀,shunpao
SPSP192310180301,19231018,時評弄巧成拙,shunpao
SPSP192308021501,19230802,本埠新聞二姚文枬宴請國會議員,shunpao
SPSP192307171801,19230717,紀各校之畢業禮　　昨得各校消息其關於畢業或休業禮者如下　　中醫專門西門石皮弄上海中醫專門學校第四屆學生畢業禮已誌本報茲再詳載畢業生姓名如下㈠優等張承楣·戴觀·張伯臾·諸文萱·杜厚之·黄水如·賀檜芬·徐　[...],shunpao
SPSP192307191701,19230719,本埠新聞三葡萄酒之運售,shunpao
SPSP192301211301,19230121,本埠新聞閘北區域糾葛之解剖,shunpao
SPSP192105211401,19210521,自由談遊記絲業團旅行日記,shunpao
SPSP191610060701,19161006,杭州快信,shunpao
SPSP191610101001,19161010,本埠新聞今日之大祝典　　陽曆十月十號爲武,shunpao
SPSP191609201001,19160920,本埠新聞敎育界之座右銘,shunpao
SPSP191608130601,19160813,要聞二院外談話會之開幕　　昨日,shunpao
SPSP191608170601,19160817,要聞二政潮中官制官規之變遷,shunpao
SPSP191608241001,19160824,本埠新聞討論租界幣制問題之往來函稿　　上,shunpao
SPSP191607161401,19160716,自由談游戲文章爲文科新辭典進一,shunpao
SPSP191607221001,19160722,本埠新聞陳其美被害案預審終結,shunpao
SPSP191607221101,19160722,婦人不安於室,shunpao
SPSP191607260301,19160726,川商述張師過宜狀况,shunpao
SPSP192204091501,19220409,本埠新聞二兩日間滬杭車運來之現洋　　滬杭,shunpao
SPSP192007191101,19200719,昨日滬寗車運來之貨物　　昨晨,shunpao
SPSP192008010301,19200801,時評對付罪魁之辦法,shunpao
SPSP192011050801,19201105,國内要聞二琿春交涉之棘手一日得外交界密訊日本政府對於琿春案巳,shunpao
SPSP192109041201,19210904,國内要聞二中俄間之新問題　　北京搜查俄代表行李事件上月中旬北,shunpao
SPSP192109221801,19210922,筆記朝露記  西雲,shunpao
SPSP192109251001,19210925,西南派遣太議代表中止說,shunpao
SPSP192101300301,19210130,時評閣員之責任,shunpao
SPSP192011220301,19201122,時評入於窮途,shunpao
SPSP192012141401,19201214,自由談閒話南溟息羽記,shunpao
SPSP192107240801,19210724,時評粤事與統一,shunpao
SPSP192011150301,19201115,時評兩頭政譛,shunpao
SPSP192104090801,19210409,國内要聞二廣州選舉總統實現　　聯合通信社消息云廣州總統選舉運,shunpao
SPSP192105141401,19210514,自由談遊記絲業團旅行日記（五）,shunpao
SPSP192103200301,19210320,時評華俄通商之今日,shunpao
SPSP192105050301,19210505,時評名實與天津會議,shunpao
SPSP192105070801,19210507,國内要聞二莫斯科有派代表來京説　　據外交界消息云中俄通商正在,shunpao
SPSP192103260301,19210326,時評餘孽,shunpao
SPSP192103300301,19210330,時評奇貨,shunpao
SPSP192106280801,19210628,國内要聞二厦門籌辦自來水之會議,shunpao
SPSP192111190701,19211119,時評金融問題與關餘,shunpao
SPSP192111161801,19211116,自由談閑話美情識小録  李茘,shunpao
SPSP192110201801,19211020,自由談閑話巴黎繁會記  昭實,shunpao
SPSP192103100801,19210310,國内要聞二鄂省之選舉延期觀　　鄂省選舉競爭在距今數週以前頗具,shunpao
SPSP192103130801,19210313,國内要聞二唐繼堯抵粤之先聲,shunpao
SPSP192103140801,19210314,國内要聞二廣州通信,shunpao
SPSP191410140201,19141014,時評　　中國人之對於時局,shunpao
SPSP191412221101,19141222,雜評三,shunpao
SPSP191501250101,19150125,通信　　近東之新風雲,shunpao
SPSP191512100301,19151210,要聞一美國軍事著作家之戰局譚,shunpao
SPSP191603111101,19160311,流氓攫取金挖耳,shunpao
SPSP191602281101,19160228,,shunpao
SPSP191307040701,19130704,地方通信南,shunpao
SPSP191306261001,19130626,本埠新聞祁性初逮捕解寗,shunpao
SPSP191510161101,19151016,調戲行兇之示儆,shunpao
SPSP191510201101,19151020,中華民國四模完善敎授切實第二初小學生五十七人查閲四年級生國文成績能作百餘字短文略見清順周校長授二年級習字注重學生執筆姿勢頗合每週讀經　[...],shunpao
SPSP191509020301,19150902,美國之社會種種　　本館旅行記者抱一　　　　周游美國履其二十七省之土地　其二十六都市之景物願撮其所聞見拉雜叙寫俾讀吾報者略知美國社會槪况焉　　請先言美國之家庭男子婚期約以二十五至三十歲爲率女子約以二十至　[...],shunpao
SPSP191506261101,19150626,來稿交通銀行之發逹譯四月分倫敦商業雜誌,shunpao
SPSP191605071401,19160507,自由談海上瑤琴新編歌劇秦廷,shunpao
SPSP191604021101,19160402,曾否通同舞弊,shunpao
SPSP191604101101,19160410,拘獲一羣過犯,shunpao
SPSP191604151001,19160415,本埠新聞決定中立中之上海　　自浙省獨立後,shunpao
SPSP191604211101,19160421,木作頭揑造票據,shunpao
SPSP191604271101,19160427,駕車不愼,shunpao
SPSP191401160701,19140116,雜評二,shunpao
SPSP191410310301,19141031,北京電　　英文京報主筆胡特海特君業經辭退將於本月杪出館因抱排,shunpao
SPSP191505090201,19150509,時評東方人之醜態,shunpao
SPSP191503141101,19150314,追悼龔伯瑛紀事,shunpao
SPSP191403030701,19140303,武昌,shunpao
SPSP191403070701,19140307,地方通信山東,shunpao
SPSP191404161101,19140416,匪徒攫鐲,shunpao
SPSP191404040701,19140404,地方通信天津,shunpao
SPSP191403220701,19140322,云云鎭江,shunpao
SPSP191403140601,19140314,要聞二第一届知事試騐之總榜,shunpao
SPSP191404300201,19140430,時評矛盾之弊,shunpao
SPSP191710020601,19171002,要聞二川省會討議南北大局　　九月十二號省議會開茶話會到會議員,shunpao
SPSP191710060601,19171006,要聞二政府議添模範軍之外論,shunpao
SPSP191709201001,19170920,本埠新聞宣戰後之海上風雲,shunpao
SPSP191709280601,19170928,要聞二衡永獨立後之湖南,shunpao
SPSP191808100301,19180810,時評無期,shunpao
SPSP191809300201,19180930,時評　　○左右,shunpao
SPSP191810220701,19181022,肇和附南後之狀况,shunpao
SPSP191810231001,19181023,本埠新聞安華海輪下水記　　南市機廠街求新,shunpao
SPSP191810271001,19181027,本埠新聞印度上海之棉花市况,shunpao
SPSP191804210701,19180421,杭州快信　　援閩出征軍隊續於皓日上午一律完全出發是日錢江義渡暫停載客半天　　省議會開會在即朱秦兩副議長昨又召集報到各議員續開第二次談話會　　嘉湖戒嚴司令部副官周蔭軒經夏司令官呈請撤差遺缺昨奉楊督軍委任　[...],shunpao
SPSP191804300701,19180430,杭州快信　　上海兵工廠昨運到大批鎗彈應援閩軍隊急需已派員護送解赴童營收納　　督署參謀長范毓靈奉派赴江寗會議昨已公畢乘早車旋省　　第一師援閩擔架隊司務長潘自源因事不克赴差昨奉楊督軍改委胡勳馳往接替　　財　[...],shunpao
SPSP191806020701,19180602,杭州快信　　官電童保喧已由漳州拔隊抵武平日内將有戰事　　一師軍需官沈大椿隨同童師長出征赴閩現因水土不服疾病叢生已准給假旋浙同時反省者尚不止沈某一人　　督署昨　[...],shunpao
SPSP191805130201,19180513,時評自擾,shunpao
SPSP191712110701,19171211,皖省近事　　皖省前破獲之黨案業經訊明受滬上黨魁指揮來皖設立機關當分别呈請倪督核辦昨第一路統部接倪督來電謂黨首代表武道明　[...],shunpao
SPSP191801310601,19180131,要聞二總統出京後之府院情形　　馮總統出京曾留秘書處張仲仁軍事,shunpao
SPSP191712220201,19171222,時評暫擱,shunpao
SPSP191801190601,19180119,要聞二京津防疫之進行　　内務部對於防疫事宜現正積極進行昨復提,shunpao
SPSP191607121001,19160712,本埠新聞維持敎育經費,shunpao
SPSP191701281401,19170128,自由談游戲文章反送窮文  召侯,shunpao
SPSP191704130601,19170413,要聞二最近外交問題之各方意見,shunpao
SPSP191704300701,19170430,杭州快信　　省城電燈迭次走電危險異常昨督軍省長會飭警廳定期將各裝户實行檢查　　警備隊本月份經費九萬八百四十元業由財政廳撥解司令部　　湖墅混堂巷昨晚大火　　奎頭巷鹽商何耕生　[...],shunpao
SPSP191611201401,19161120,自由談游戲文章擬代哭庵老人致候,shunpao
SPSP191611221401,19161122,自由談游戲文章擬花神判芝蘭爭長,shunpao
SPSP191611241001,19161124,本埠新聞續誌巡警與商店之衝突,shunpao
SPSP191611271401,19161127,自由談游戲文章咏海上時裝婦女,shunpao
SPSP191611300201,19161130,時評政黨之失職,shunpao
SPSP191606290701,19160629,碌能不再起衝突則大幸也茲事關於　事之各電文録下　　岑都司令致龍督電,shunpao
SPSP189802070401,18980207,枷犯求食,shunpao
SPSP191303050301,19130305,柏林電,shunpao
SPSP191305230301,19130523,簽定該約,shunpao
SPSP191305280601,19130528,要聞二徐軍長被炸後紀,shunpao
SPSP192005241401,19200524,自由談閒話潮影鶯聲錄,shunpao
SPSP192009111001,19200911,本埠新聞惠州陷落之滬聞　　昨,shunpao
SPSP192008270601,19200827,中華民國九年八月二十七日星期五,shunpao
SPSP191812181001,19181218,本埠新聞再誌辭退德華清理員請追損失　　義,shunpao
SPSP191811070701,19181107,沈鴻英電告瓊州願降,shunpao
SPSP192001211101,19200121,舊棉花行被刦,shunpao
SPSP191908131001,19190813,本埠新聞赴美學生消息,shunpao
SPSP191904041001,19190404,本埠新聞和議停頓中之消息,shunpao
SPSP193206231301,19320623,自由談九三老人馬相伯語录土貨的,shunpao
SPSP193303021001,19330302,中央庚欵借欵統計,shunpao
SPSP193306040901,19330604,僑委會討論救濟僑胞方策,shunpao
SPSP193205230701,19320523,東北義勇軍捐欵昨訊,shunpao
SPSP193308110801,19330811,時評,shunpao
SPSP193206151001,19320615,商界反對鴉片公賣愛文義路九路商聯會宣言,shunpao
SPSP193203180701,19320318,國内要電中央常務會議　　改組中央財務委會,shunpao
SPSP193612011801,19361201,春秋藍色文化街,shunpao
SPSP194610070301,19461007,王懋功奉命新蒞指示　嚴厲抑平蘇錫糧價　新上白限售五萬四千元絕對不得超過　糧商請加運費利潤遭駁斥,shunpao
SPSP194601060501,19460106,淞滬警備總司令部破獲日秘密機關　竟圖發動大規模暴動,shunpao
SPSP194211010401,19421101,工部局具體實施　「低物價」政策　成立公會課與各業聯絡統制處長稻垣發表談話,shunpao
SPSP194110130401,19411013,維護自由與安全　美洲團結益固　哥倫布紀念前夕　羅斯福發表文告,shunpao
SPSP194405270101,19440527,社評沉着迎戰,shunpao
SPSP194809130201,19480913,社論,shunpao
SPSP194807240201,19480724,社論,shunpao
SPSP192211150101,19221115,本館始剏自同治十一年即西曆一八七二年已在中國郵政特准掛號立劵按照總包特别優益寄送之報紙本館開設上海英租界山東路漢口路轉角第二十四號總理及編輯室電話一五七六號營業部電話九十五號公共日夜電話一五二七號本館　[...],shunpao
SPSP192211180101,19221118,本館始剏自同治十一年即西曆一八七二年已在中國郵政特准掛號立劵按照總包特别優益寄送之報紙本館開設上海英租界山東路漢口路轉角第二十四號總理及編輯室電話一五七六號營業部電話九十五號公共日夜電話一五二七號本館　[...],shunpao
SPSP192410210201,19241021,時評東北與東南,shunpao
SPSP192505091401,19250509,琦大雄現帶日本國僧人四名至吾國南方各處視察宗教嗣聞班禪來滬隆琦遂由台灣乘大阪公司之盛京丸輪赴來上海專誠謁見班禪業於昨日到滬聞即赴班禪寓所晤會云　　普陀山方面特派上海佛教會會長曁普濟寺知衆仰西法師·　[...],shunpao
SPSP192504080301,19250408,時評消極之人物觀,shunpao
SPSP192511040301,19251104,時評各行其自,shunpao
SPSP192604021701,19260402,自由談名人小名錄  冷秋,shunpao
SPSP192112040601,19211204,時評朝三暮四之結果,shunpao
SPSP191704270201,19170427,時評　　又有賄案,shunpao
SPSP192206120301,19220612,時評暫行,shunpao
SPSP191501180101,19150118,要件　　關於中俄國境變遷之提案,shunpao
SPSP191501200101,19150120,要件　　關於中俄國境變遷之提案,shunpao
SPSP191307110101,19130711,來稿讀組織債務專律有感,shunpao
SPSP191401120101,19140112,游記新疆旅行記,shunpao
SPSP191401170101,19140117,社論片馬交涉始末記,shunpao
SPSP191402160701,19140216,廣東,shunpao
SPSP191505250101,19150525,譯述歐西報業舉要,shunpao
SPSP191412290201,19141229,時評　　秘密使命,shunpao
SPSP191404220101,19140422,游記新疆旅行記,shunpao
SPSP191403050101,19140305,游記新疆旅行記,shunpao
SPSP191404170101,19140417,游記新疆旅行記,shunpao
SPSP191405140101,19140514,調查述中國鐵路權之瓜分,shunpao
SPSP191806290201,19180629,時評曹張又南下,shunpao
SPSP191304060101,19130406,論說大借欵合同草案第五條評論,shunpao
SPSP192407201301,19240720,本埠新聞總商會選長風潮之昨訊,shunpao
SPSP192607310801,19260731,[Ｇ>瑞和洋行　禮拜六拍賣　住宅准於念二日上午十點鐘在北河南路第七號内拍賣書樓大菜間臥房間木器沙法大椅山扒酒架大菜檯椅冰箱火爐白漆房間式銅床木床熱水鍋門簾刀叉以及一應另星什物等不計各客欲拍者預先一日可　[...],shunpao
SPSP192211061301,19221106,本埠新聞銅圓價驟漲三紀,shunpao
SPSP192006101001,19200610,本埠新聞寗波同鄉會開會紀事,shunpao
SPSP192008040601,19200804,專電二,shunpao
SPSP191312161301,19131216,自由談游戲文章孔留別孔敎會諸君,shunpao
SPSP191710120201,19171012,時評歧途,shunpao
SPSP191707040201,19170704,時評眞力量,shunpao
SPSP191804260201,19180426,時評拒絕言和,shunpao
SPSP191801240201,19180124,時評再談和局,shunpao
SPSP191706210201,19170621,時評取消,shunpao
SPSP191811100201,19181110,時評息戰裁兵立國,shunpao
SPSP193312142101,19331214,呌火燭  曲辰,shunpao
SPSP194207270701,19420727,自由談,shunpao
SPSP194412050301,19441205,十二次防空日　訓練警報報時間　循例舉行防空訓練,shunpao
SPSP192506010401,19250601,時評學生流血之痛言,shunpao
SPSP192411120401,19241112,時論,shunpao
SPSP192411131101,19241113,本埠新聞二龍華保衛團之近况,shunpao
SPSP192404281401,19240428,寧紹公司股東會紀　　上年盈餘十萬餘元　股東官利發給七釐　　昨日下午、奪紹商輸公司、　西藏路奪波同鄕會舉行第十五屆股東會、到方椒伯·袁履登·謝謹卿·陳蓉館·洪雁賓·孫茂堂·周仰山·樓恂如·何梅軒·張延鍾　[...],shunpao
SPSP192404290701,19240429,蚌埠快信　　前皖北鎭守使殷恭先、前由津赴寗為蘇齊祝壽、沁,shunpao
SPSP192505260401,19250526,時評反常,shunpao
SPSP192504250401,19250425,時評人人而悅,shunpao
SPSP192504281201,19250428,常識衛生勞工出汗與身體安全之關係  養氣　　人之身體爇炭之火爐也消化循環常爇不息以此燃燒遂生熱量就成人言之當燕息不動作時所生熱量約爲二千四百卡洛利　[...],shunpao
SPSP192411240401,19241124,時評尺寸,shunpao
SPSP192408051301,19240805,本埠新聞閘北水電公司創立會紀　　修改公司,shunpao
SPSP192403271401,19240327,辦理省敎育經費預算之省令　　令省立各校依十二年度數目列計　　令敎廳派定審核預算委員　　江蘇省長公署訓令　[...],shunpao
SPSP192509181501,19250918,本埠新聞二預省採購軍用品專員被誣之乞援,shunpao
SPSP192509021901,19250902,本埠增刋南洋烟草工廠又裝新電機,shunpao
SPSP192508081301,19250808,本埠新聞恢復兵工廠工作之擬議,shunpao
SPSP192610011001,19261001,吳凱聲對陳阿堂案之進行,shunpao
SPSP192609181801,19260918,常識成敗之因,shunpao
SPSP192609202101,19260920,各商店消息　　大羅天昨日開幕南京路雲南路口之大羅天食品公司業,shunpao
SPSP192605111401,19260511,各省區公民恊會對時局主張電　　各省區旅滬公民協會通電云全國諸父老昆仲均鑒吾國不幸擾攘迄今約法憲法之爭甚囂塵上卒之如治絲益紛終無解决辦法民脈幾何能堪再誤敝會今集合各省區公民大意正告於諸父老昆仲之前曰處今　[...],shunpao
SPSP192608250601,19260825,時評變化,shunpao
SPSP192608020401,19260802,本館要電,shunpao
SPSP192606190501,19260619,第二張時評英雄與政治家,shunpao
SPSP192607180401,19260718,本館要電,shunpao
SPSP192507281501,19250728,本埠新聞二總商會對修訂百貨稅率之意見,shunpao
SPSP192702130401,19270213,本館要電,shunpao
SPSP192611261901,19261126,劇塲消息二　　九畝地大戲院開幕記自故紳姚伯欣君創辦新舞台滬南巿面爲之一振繼遷九畝地所聘皆一時名角營業蒸蒸日上比因時局影響京劇輟演巿面蕭條識者憂之兹有姚獻廷君就該台原址組織九畝地大戲院開映中外著名影片座　[...],shunpao
SPSP192611272001,19261127,出版界消息,shunpao
SPSP192702090401,19270209,本館要電,shunpao
SPSP192701010801,19270101,本館要電,shunpao
SPSP192707011501,19270701,本埠新聞二中華航業公會之發軔,shunpao
SPSP192806141301,19280614,市參事會繼續討論市公債案　　上海特别市參事會、因繼續討論發行市公債案、於昨日下午三時在市政府會議室、提前舉行第十八次常會、到王一亭·虞洽卿·顧馨一·葉惠鈞·管際安·馮少山·姚紫若·　[...],shunpao
SPSP192812131701,19281213,自由談閱報啼笑錄  濟癯　　爭,shunpao
SPSP192812061201,19281206,自由談勞星吐芒記,shunpao
SPSP192812102101,19281210,自由談梅花為國花之研究  清癯,shunpao
SPSP192906081401,19290608,徐交涉員之談話,shunpao
SPSP192905281901,19290528,自由談海外零訊  海客,shunpao
SPSP192811050401,19281105,日政府尚無解决中日各案誠意,shunpao
SPSP192901042201,19290104,元旦的芳心  黄德正,shunpao
SPSP192809230901,19280923,各社電訉二裁軍籌備會日期尙難確定,shunpao
SPSP192806181501,19280618,本埠新聞二律師受賄案提起公訴,shunpao
SPSP192812271701,19281227,自由談北平聾啞學校學生蒞滬表演,shunpao
SPSP192907281401,19290728,新大明家屬昨請伍律師進行交涉,shunpao
SPSP192903302701,19290330,劇塲消息　好來塢開映黄柳霜新片、中國黄柳霜歷演諸片、久爲國人所注意、處女奔情一片、亦爲黄阿媚之傑作、描寫兒女私情、演來入木三分、引人入勝、好來塢戲院購得開映權、今日起連映四日夜、價格照舊、　今日與明日　[...],shunpao
SPSP192210190301,19221019,時評享福,shunpao
SPSP192208181501,19220818,本埠新聞二澳大利皇后號第一次到滬　　中國,shunpao
SPSP192208211501,19220821,本埠新聞二遠東公學之常識演講會,shunpao
SPSP192210310301,19221031,時評豫匪,shunpao
SPSP192309191801,19230919,觀「殘鐘憾」後之意見　　殘鐘憾一劇杜撰我國之故事可謂近數年來影片中之罕覯者此劇情節甚佳惜演來不甚高明且説明卑謬失却精神不少若在舊台上演之必見異彩矣　　劇中叙當唐宋之際計時無器羣民恒仰宗廟神鐘之鳴以紀子　[...],shunpao
SPSP192309230301,19230923,時評鄂軍入湘,shunpao
SPSP192309261801,19230926,皇后末路之詳細内容　　「皇后末路」曾在卡爾登戲院映過一旬頗受觀者稱許此片分新舊二片新片計有九本舊片僅七本劇情說明則同卡爾登所映者爲新片今申江大戲院所映者係由卡爾登租來故亦爲新片原名曰passion爲滑　[...],shunpao
SPSP192305241401,19230524,上海開世界博覽會之建議,shunpao
SPSP192305291701,19230529,本埠新聞三東方銀行滬行將開幕　　東方商業,shunpao
SPSP192304271801,19230427,影戲事業之述評（十）（三）,shunpao
SPSP192304021801,19230402,法國影戲院贈送華麗照片,shunpao
SPSP192304091801,19230409,精武會畢業禮之盛况,shunpao
SPSP192304131701,19230413,本埠新聞三新出之嗶嘰與春花呢便帽,shunpao
SPSP192304161701,19230416,本埠新聞三第二批捲鉛筆刀運滬,shunpao
SPSP192311110301,19231111,時評徐國樑被狙擊,shunpao
SPSP192308051801,19230805,本埠新聞三銅鐵床廉售廿九日,shunpao
SPSP192208250401,19220825,時評每况愈下,shunpao
SPSP192208281801,19220828,自由談座右銘  吕坤,shunpao
SPSP192207031601,19220703,公布欄江蘇高等審判廳　　民庭判决　沈士林與周元慶為欠欵涉訟聲請回復一案,shunpao
SPSP192207091301,19220709,本埠新聞南北市電話通線問題,shunpao
SPSP192207111301,19220711,本埠新聞總商會新會長會董就職紀,shunpao
SPSP192207271501,19220727,本埠新聞二滬北免費之防疫注射,shunpao
SPSP192105210801,19210521,國内要聞二河南第一師校之大風潮　　開封快訊云省立第一師校自五,shunpao
SPSP192112031201,19211203,國内要聞二羣龍無首之魯議會,shunpao
SPSP192112220301,19211222,時評張弧之財政計畫,shunpao
SPSP192202221601,19220222,本埠新聞二集資儲蓄之訟案,shunpao
SPSP191704180701,19170418,王占元赴京會議,shunpao
SPSP191704231401,19170423,自由談游戲文章新修褉說  楓隱,shunpao
SPSP191705191001,19170519,本埠新聞日本參謀次長蒞滬　　松滬盧護軍使,shunpao
SPSP191705210701,19170521,地方通信松江　　協和典懸緝竊賊,shunpao
SPSP191609151001,19160915,本埠新聞中國收郵政權之朕兆,shunpao
SPSP191608141701,19160814,譯稿一千九百十六年五月四號德國倍倫子博士在江蘇敎育總會演說稿,shunpao
SPSP191608181001,19160818,本埠新聞九誌離奇駭怪之烟土案　　公廨研鞫,shunpao
SPSP191608231001,19160823,本埠新聞十四誌離奇駭怪之烟土案,shunpao
SPSP191703121401,19170312,自由談游戲文章觀音大士新勸世文,shunpao
SPSP191607160701,19160716,蕪湖快信,shunpao
SPSP191607180701,19160718,魯省護國軍之消息,shunpao
SPSP192203151801,19220315,自由談遊記遊羅馬敎王宫觀油畫記,shunpao
SPSP192007080301,19200708,時評旣不能令又不受命,shunpao
SPSP192004150801,19200415,國内要聞二邕垣將開會議之消息,shunpao
SPSP192007121101,19200712,疋頭業加價之通告　　本埠疋頭業所組織之金融維持會自十日,shunpao
SPSP192007300601,19200730,專電二,shunpao
SPSP192006270301,19200627,時評議和條件,shunpao
SPSP192008071001,19200807,本埠新聞美議員團到滬續紀,shunpao
SPSP192107062001,19210706,常識常評同情  覺,shunpao
SPSP192106150801,19210615,國內要聞二蘇議會紀事,shunpao
SPSP192106161401,19210616,自由談游記旅歐觀察談,shunpao
SPSP192109101401,19210910,本埠新聞太平洋航業之鋭減　　青星輪船取消,shunpao
SPSP192108171301,19210817,籌備處九江路一號即大通銀行二層樓上電話中央一千一百○三專醫新老白濁凡初患白濁時即用最新無痛美法醫治極易斷根若不急早醫治則其淋蟲移進致成後尿道病遂成老白濁矣斯時雖未覺許多痛苦然而日久不治其症變化不窮如封　[...],shunpao
SPSP192108291201,19210829,國内要聞二萍煤斷運風潮暫告結束,shunpao
SPSP192108311201,19210831,國内要聞二濱江通訊,shunpao
SPSP192011191001,19201119,本埠新聞院部電緝徐樹錚,shunpao
SPSP192011231001,19201123,本埠新聞蔡孑民氏昨晚抵滬　　蔡孑民先生昨,shunpao
SPSP192106040801,19210604,國内要聞二川省之收束軍隊辦法　　川局善後會議以現將收束軍隊預,shunpao
SPSP192107301801,19210730,自由談閒話還鄉日記（七）  禹,shunpao
SPSP192205221601,19220522,靖江同鄕會成立,shunpao
SPSP192206010801,19220601,自由談閒話繁華風轉記昭實,shunpao
SPSP192206011401,19220601,閘北軍隊戳斃人命紀聞　　第六混成旅第二團第二營陸軍駐紥閘北倪家浜地方昨日清晨五句餘鐘有該營第八連伙夫手持洋瓶兩個上巿購物甫經過營門前之操場邊小木橋數十步　[...],shunpao
SPSP192206161501,19220616,本埠新聞二創設民國美術展覽會之建議　　蔡,shunpao
SPSP192205291801,19220529,自由談遊記步行環遊全球記（四）,shunpao
SPSP192011140401,19201114,時評新銀團與華資,shunpao
SPSP192011150801,19201115,國内要聞二皖事近聞,shunpao
SPSP192104080801,19210408,國内要聞二湖南省長問題之形勢,shunpao
SPSP192103150301,19210315,時評財窮與中國,shunpao
SPSP192103190301,19210319,時評前内閣,shunpao
SPSP192103210301,19210321,時評棄國,shunpao
SPSP192104140301,19210414,時評原諒,shunpao
SPSP192103240401,19210324,時評睡與醒,shunpao
SPSP192103241101,19210324,日本皇后號將抵淞　　昌興公司日本皇后號由香港開來二十四號,shunpao
SPSP192103260801,19210326,國内要聞二福州通訊,shunpao
SPSP192103290301,19210329,時評奉直問題,shunpao
SPSP192106200401,19210620,時評减少爭端,shunpao
SPSP192106201801,19210620,道德叢話西方格言,shunpao
SPSP192106220801,19210622,國内要聞二廣東合建公署計劃,shunpao
SPSP192106230401,19210623,時評勇私怯公,shunpao
SPSP192110241601,19211024,本埠新聞二屢次私賣烟膏罰洋五百元,shunpao
SPSP192110271801,19211027,自由談閑話巴黎繁會記  昭霞,shunpao
SPSP192110221201,19211022,國内要聞二俄黨圖佔外蒙之野心,shunpao
SPSP192109301801,19210930,自由談遊記仙巖紀遊（三）  質,shunpao
SPSP192110312201,19211031,常識常評中國人最後之野心  老圃,shunpao
SPSP192101141001,19210114,本埠新聞駐墨代理公使之談話　　駐墨西哥國,shunpao
SPSP192012221401,19201222,自由談遊記遼東半島紀行,shunpao
SPSP192103091001,19210309,本埠新聞吳淞商埠局布告全埠暫依前清所定範,shunpao
SPSP192102270801,19210227,國内要聞二河南選舉聲中之活劇河南選舉競爭情形曾紀前報刻下距法,shunpao
SPSP192102281001,19210228,本埠新聞籌備義務教育之談話會　　上海縣勸,shunpao
SPSP191410020201,19141002,建城之所可容數千户左右兩小河繞歲急流西有金沙江東有大朔山南北亦層巒疊嶂可稱天險以地偏南微有不足人意耳而卜宅於此招商關埠一年成聚二年成邑三年成都可以預卜縱入衆食多巴塘之糧不敷則得榮　城鹽并江卡三壩白玉皆　[...],shunpao
SPSP191410040201,19141004,烹羊以享同族數日往探肢體殘盡復宰牛羊邀同族大之病不問醫不服藥惟恃刺麻諷經咒佛前清水灌之燒羊骨以問休咎蒙番遇事必燒羊骨察其紋理云有篆文形可卜吉凶兆有病者更數數焚之據番老云試之極有驗也　[...],shunpao
SPSP191410070101,19141007,遊記　　羗海雜誌,shunpao
SPSP191410160201,19141016,時評　　中國人之對於時局,shunpao
SPSP191410200201,19141020,時評　　中國人之對於時局,shunpao
SPSP191511291001,19151129,本埠新聞商會聯合會臨時會紀事,shunpao
SPSP191512120301,19151212,,shunpao
SPSP191512181101,19151218,禁錮男女拐匪,shunpao
SPSP191601010801,19160101,精神丸補心補精神補補腦筋補腎補元陽補脾補血分人之不瓶五之元,shunpao
SPSP191601060301,19160106,何事早一分鐘諸人方在餐室談笑快樂遲一分鐘已身處茫茫大海中之一葉舟中神思恍惚肢體腫痛眼見華麗之輪船覆滅於海波之下魚雷爆裂時全船皆震惟在艙面者尙有逃生之望海水湧入迅速異常船客多爲波浪捲去衆奮勇速放救生船四　[...],shunpao
SPSP191601261001,19160126,本埠新聞乙卯年滬江大事紀,shunpao
SPSP191601290301,19160129,今雖注意世界戰事然輿情對於中國事務仍頗關心亞洲學會在柏林屢次開會到者甚爲擁擠故將來擬在其他各城分開會議柯爾尼斯區日報宣布去年十二月三十日開羅消息謂阿典英軍地位頗爲阽危英軍現力抗土耳其與阿刺伯軍隊者共二　[...],shunpao
SPSP191512291101,19151229,浦東之行路難,shunpao
SPSP191512301101,19151230,揑造謠言之懲儆,shunpao
SPSP191307080701,19130708,地方通信蘇州　　軍警小衝突蘇垣,shunpao
SPSP191306140701,19130614,漢口,shunpao
SPSP191306171101,19130617,來函上海警察事務所來函,shunpao
SPSP191306180601,19130618,第六版要聞二李烈鈞免官後之贛省情形　　政界方面前督李烈鈞於十,shunpao
SPSP191308050101,19130805,外論論中國西通大鐵道之重要附譯地訥氏說略,shunpao
SPSP191308130101,19130813,外論論中國西通大鐵道之重要附譯訥氏說略,shunpao
SPSP191309270701,19130927,襄務云　　趙團長靈輀前本擬停駐萬壽寺茲因偕同迎歸者有蕭營長王牌長及某兵士,shunpao
SPSP191307190701,19130719,揚州　　自請取銷屬官薪餉前第二軍取銷之步隊第四十六團屬官向歸陸軍第二十四旅,shunpao
SPSP191307270301,19130727,特約路透電北京電,shunpao
SPSP191306261101,19130626,專件蘇五屬鹽政局交代呈文　　呈江蘇都督爲交代完畢呈報撤局並繳,shunpao
SPSP191412070101,19141207,要件　　北滿洲與俄國之關係,shunpao
SPSP191412120201,19141212,時評,shunpao
SPSP191511070301,19151107,要聞一戰事拾零,shunpao
SPSP191509210301,19150921,日人僞造我國紙幣案,shunpao
SPSP191509290301,19150929,增加進口稅定於九月二十二日實施如自由車汽車影戲片鐘表玻璃帽子等均課三成三分三釐之重稅藥品較前約加二倍茶葉咖啡乾點等則增五成酒一加倫增三辦士砂糖增一先令　[...],shunpao
SPSP191510020301,19151002,歐洲大戰一年之總賬,shunpao
SPSP191510050101,19151005,滬寗鐵路大通轉運銀洋公司廣告啓者國家徵收印花稅已于九月一號實行按照印花章程凡與銀洋有關係之要件均須粘貼查敝公司所出之銀洋提單尤爲緊要嗣後如蒙委託裝運銀洋務乞　貴客自行照章粘貼印花在提單之上並希加蓋戳記　[...],shunpao
SPSP191510070301,19151007,華盛頓電　　美政府巳議决海軍新議案增築巡洋快艦,shunpao
SPSP191509020901,19150902,申報第三張中華民國四年西歷一千九百十五年九月二號星期四舊曆乙卯七月廿三日共四張,shunpao
SPSP191509050101,19150905,本館開設上海望平街第一百五十八九二號電話九十五號本館定報價目中國境内全年逐日寄大洋十二元半年六元日本全年十二元半年六元歐美各國全年十八元半年九元由西比利亞寄全年廿一元六角半年十元零八角報資先惠郵票不收　[...],shunpao
SPSP191508011001,19150801,[H第二張本埠新聞滬濱大風記,shunpao
SPSP191506210301,19150621,新約範圍之日人主張　　中日新約簽字後一切批准簽字之手續均己完備中日兩政府自當協定實行此項新約之範圍今據日本某報所載日本將來所欲行使之條約上權利多軼出於條約範圍以外今節錄其言如下一關於山東省者吾日人依條　[...],shunpao
SPSP191506221101,19150622,藏匿來歷不明之小孩,shunpao
SPSP191507141101,19150714,閘北之烟禁,shunpao
SPSP191507301101,19150730,叔嫂之穢褻交涉,shunpao
SPSP191603261101,19160326,扭控拐賣婦人之首要,shunpao
SPSP191606010701,19160601,地方通信蘇州,shunpao
SPSP191606070701,19160607,長沙獨立後之炸彈　　日昨,shunpao
SPSP191605071101,19160507,緝私隊會拿梟匪,shunpao
SPSP191605190201,19160519,時評勢之力與理之力,shunpao
SPSP191605271401,19160527,自由談游戲文章發行勳爵劵芻議附,shunpao
SPSP191604011101,19160401,五金雜貨業之别會,shunpao
SPSP191604070301,19160407,要聞一危急聲中之湖南,shunpao
SPSP191604241101,19160424,懇請給還墊欵,shunpao
SPSP191606151001,19160615,本埠新聞上海商業之好現象,shunpao
SPSP191605300701,19160530,湘桂議和之告成,shunpao
SPSP191605310701,19160531,蕪湖快信,shunpao
SPSP191408011101,19140801,監守自盜之懲儆,shunpao
SPSP191411020201,19141102,時評土耳其與中國,shunpao
SPSP191411080101,19141108,遊記羗海雜誌,shunpao
SPSP191411080201,19141108,時評嗚呼靑島,shunpao
SPSP191411090201,19141109,時評金錢與血,shunpao
SPSP191402190701,19140219,必要一俟復到自應賠償將來賠欵即由本特派員而知貴副總領事及顧總領事飭該洋行敎會就近在九江或在漢口銀行領取此時本特派員未據地方官查復又未經奉部復准實屬無憑照　此等小事且係普通一律辦法　[...],shunpao
SPSP191401061301,19140106,自由談游戲文章馬浪蕩說  了靑,shunpao
SPSP191401101301,19140110,自由談游戲文章國會行述,shunpao
SPSP191402120201,19140212,時評鹽務署,shunpao
SPSP191402141101,19140214,持刀行兇之罰歀,shunpao
SPSP191402151101,19140215,,shunpao
SPSP191402161101,19140216,英專使次第調查英國政府以長江一帶爲英人商務薈萃之區辛亥革命及上年各省兵燹所受損失爲數不貲曾派專使柯爾君來華調查以便向我政府索償賠欵現柯專使已於上月來華將滬地英商损失調查完竣業於日前乘輪赴鎭江一帶次第調　[...],shunpao
SPSP191408290201,19140829,時評眞正之中國人,shunpao
SPSP191410300101,19141030,遊記　　羗海雜誌,shunpao
SPSP191410300201,19141030,相消力,shunpao
SPSP191504030701,19150403,地方通信鎭江,shunpao
SPSP191503060201,19150306,時評收買黨人,shunpao
SPSP191402060301,19140206,公電,shunpao
SPSP191404100701,19140410,鄂警官因黨人嫌疑被捕,shunpao
SPSP191406050701,19140605,愼防軍火漏入匪手,shunpao
SPSP191406181101,19140618,華捕索賄例之押辦公共公廨於前清時代本有公禁皂三班差役　於光復之初公廨暫歸外人管理後以該差役等遇案索詐一律裁　即由　房改派中西探捕承值俾清積獘豈知日久玩生近亦時閱有向當事人索費情事前日甬人唐和良被英商乃　[...],shunpao
SPSP191406190701,19140619,地方通信湖南,shunpao
SPSP191406210701,19140621,辦,shunpao
SPSP191406220701,19140622,鎭江,shunpao
SPSP191406140601,19140614,要聞二下關市政近聞下關特約員,shunpao
SPSP191406150601,19140615,要聞二舊欠新提之兩借欵　　提起借款八百萬磅二次借欵久未聞何等,shunpao
SPSP191404011101,19140401,謀斃探夥案辯論終結　　陸阿根,shunpao
SPSP191403310601,19140331,要聞二約法會議中之要案兩起　　第一議案起草報告二十四日約法會,shunpao
SPSP191404300701,19140430,長沙,shunpao
SPSP191312311101,19131231,小孩屢被轉買,shunpao
SPSP191709160601,19170916,要聞二協約國公使之中國參戰談,shunpao
SPSP191709021701,19170902,老申報四十年来之囬頋尊聞閣選四十年前之絲茶西國茶案,shunpao
SPSP191710221001,19171022,本埠新聞放賑員報告在京開會情形　　本埠紅,shunpao
SPSP191707111001,19170711,本埠新聞代總統就職之照會領事圑,shunpao
SPSP191807311401,19180731,自由談游戲文章荷花大少生日壽序,shunpao
SPSP191806201001,19180620,本埠新聞收買存土問題六誌　　此次政府收買,shunpao
SPSP191806090701,19180609,和議聲中之鄂戰事,shunpao
SPSP191806130701,19180613,甯屬浮報選民之爭議,shunpao
SPSP191808240701,19180824,借欵之新消息,shunpao
SPSP191809260201,19180926,時評　　○交易之調和說,shunpao
SPSP191809281001,19180928,本埠新聞　○推究銀價昂貴之原因英文滬報云,shunpao
SPSP191805010701,19180501,地方通信蘇州,shunpao
SPSP191805040701,19180504,北京電燈公司被控案近訊,shunpao
SPSP191804150701,19180415,地方通信蘇州,shunpao
SPSP191804081101,19180408,女子味良之申斥　　無錫婦人丁朱氏家之童養媳朱阿金於三年前被人誘拐來滬賣與垃圾橋北堍和記馬車行小主楊鴻發爲妻迨至去冬經丁朱氏與子丁桂祥　[...],shunpao
SPSP191805150201,19180515,時評人禍我福,shunpao
SPSP191805160201,19180516,時評自信與人信,shunpao
SPSP191711151401,19171115,自由談游戲文章夢遊文苑記,shunpao
SPSP191711160601,19171116,要聞二粤湘問題之京訊外問傳聞昨日公府開秘密會議惟聞有人以電話,shunpao
SPSP191711170701,19171117,魯省近事紀濟南各團聯合會開會自日人在青島坊子張店濟南各處設立民政署東省人民聯絡各團籌畫抵制方法日昨該會開成立大會各界代表到會者三百餘人當由主席張公制報告開會宗旨并詳述近來政府對日交涉情形繼由許德一報告　[...],shunpao
SPSP191711231401,19171123,自由談游戲文章平平説,shunpao
SPSP191801030301,19180103,公府會議與閣議　　昨日,shunpao
SPSP191801071001,19180107,本埠新聞普渡輪船失事續誌　　招商局普濟商,shunpao
SPSP191801090601,19180109,要聞二西報論北京最近防疫事,shunpao
SPSP191801230601,19180123,要聞二西報紀中國參戰與遠東商務,shunpao
SPSP191801151201,19180115,商務國外匯兌　一月十四日上海滙至倫敦,shunpao
SPSP191712161101,19171216,工巡捐局催換渡船牌照,shunpao
SPSP191712180201,19171218,時評不偏重,shunpao
SPSP191712310301,19171231,布告停戰後之各省態度　　停戰布告發表後人人所最亟欲知者南北各省之反響若何是也昨探查兩粤方面尚未來電據共同通信社報告貴州劉督軍已有電到京大意謂中央毅然布告停戰息事寗人無任感佩惟環讀布告内並無停戰字樣究屬　[...],shunpao
SPSP191711270301,19171127,杭州快信,shunpao
SPSP191711290701,19171129,黨人來蕪圖謀之失敗　　蕪湖本月二十五日下秆四時有駐紥江口安武軍第一路第五營兵士十餘人荷鎗配彈在洋街順江樓茶酒館第五號房間捕去衣裳齊楚者七人見者皆未悉何故嗣始悉兩日前有黨人邱車卽　[...],shunpao
SPSP191607100701,19160710,追紀川省之軍事　　成都通信員　　成都緊急時之文電二十二日周駿由簡陽來電云十萬火急陳將軍馮旅長伍旅長丁團長徐參謀長稽處長鑒頃接陳福五　[...],shunpao
SPSP191702060301,19170206,時評孔子之道,shunpao
SPSP191703041401,19170304,自由談游戲文章百花生日徵收賀禮,shunpao
SPSP191612180201,19161218,時評思想之中心點冷,shunpao
SPSP191701071401,19170107,自由談游戲文章擬玉皇敕錢塘江江,shunpao
SPSP191612281001,19161228,本埠新聞梁任公在上海總商會之演說,shunpao
SPSP191701271201,19170127,寳羅製藥公司新年特别廣告恭賀新禧,shunpao
SPSP191704100201,19170410,時評若有若無,shunpao
SPSP191704110201,19170411,時評一致,shunpao
SPSP191704110601,19170411,要聞二哈埠俄人獲得平等自由,shunpao
SPSP191704010701,19170401,皖省近事,shunpao
SPSP191704021401,19170402,自由談游戲文章擬代議員主張文裝,shunpao
SPSP191704041401,19170404,自由談游戲文章禁烟節煙鬼哀辭,shunpao
SPSP191704060201,19170406,時評美參院議决戰爭狀態,shunpao
SPSP191704070701,19170407,蘇垣瑣聞　　蘇州郵政局上年因營業漸廣較昔年增入十分之三現已列爲一等一級局長應立本係德人此次緣國交斷絶已奉交通部停止職務另委奧人佐麻薩臘接替於四月一號交接任事前局長已辭職赴滬聞部中仍發半俸准其留滬居住局　[...],shunpao
SPSP191704080201,19170408,時評中國之狀態,shunpao
SPSP191706201401,19170620,自由談游戲文章治宅說  蔡選青,shunpao
SPSP191706301401,19170630,自由談游戲文章擬護法韋馱討逆文,shunpao
SPSP191611270201,19161127,時評政府之失職,shunpao
SPSP191612101401,19161210,自由談游戲文章孫行者傳  老范,shunpao
SPSP191612051401,19161205,自由談游戲文章處死刑者亦必褫奪,shunpao
SPSP191609260701,19160926,,shunpao
SPSP191803231001,19180323,中華民國七年三月二十三日星期六申報第三張舊曆戊午二月十一日,shunpao
SPSP191803070601,19180307,要聞二黑龍江邊防之緊急,shunpao
SPSP191812191101,19181219,工人軋斃案之覆訊,shunpao
SPSP189803090401,18980309,美界火警,shunpao
SPSP189802170401,18980217,｛｛,shunpao
SPSP189802270401,18980227,髹工滋事,shunpao
SPSP191301170101,19130117,社論英藏交涉始末記,shunpao
SPSP191302090201,19130209,,shunpao
SPSP191302241001,19130224,自由談游戲文章風流紀念會,shunpao
SPSP191302260301,19130226,要聞一迷離惝恍之蒙古問題  北京特約訪員一葉子,shunpao
SPSP191305070101,19130507,要件宋案證據全錄,shunpao
SPSP191303210701,19130321,本埠新聞電請取締商輪,shunpao
SPSP191306020701,19130602,鎭江,shunpao
SPSP191306090701,19130609,成都焚燬大宗煙土,shunpao
SPSP191304230701,19130423,雜評二默中國之花柳毒問題,shunpao
SPSP191208020601,19120802,要聞二甘軍與李議長之惡感,shunpao
SPSP191301040301,19130104,爲説明其詳如下售曆每年首月稱正月陽歷則改稱一月以昔人三統凡稱正月或建寅或建子或建丑皆有所取義陽曆之首月旣無所建自不便乃稱正月致使名實不符月旣以一二三等數紀名故日與時首亦以一二三等數紀之俾歸一律　[...],shunpao
SPSP192002070301,19200207,時評種種新警信,shunpao
SPSP192005210301,19200521,時評答覆之不答覆,shunpao
SPSP192005220801,19200522,國内要聞二直軍撤防之湘訊　　駐湘直軍之撤防除閻相文旅長所部業,shunpao
SPSP192005140801,19200514,廣舞臺特聘詠太平第一班全班三月念六日演孝義正本東生滅奸　扶弱主　靚文仔烈　女挽山河　靚標義子　存忠孝　全班合演日價　特等　大洋　五角　頭等　大洋　三角　二等　小洋　二角念六夜演超羣齣頭宦海潮　太子卓遭　[...],shunpao
SPSP192005261801,19200526,自由談遊記舊金山瑣談,shunpao
SPSP192005281401,19200528,自由談遊記舊金山瑣談,shunpao
SPSP192003291101,19200329,上海學生聯合會消息　　爲浙江一師事致敎育部函敎育部鈞鑒浙江第一師範校長經亨頣順應世界潮流適合時代精神對於敎授管理方面曾有根本改革之設施内部組織則職員專任學生自治感情融洽全體愛戴方謂新學已茁萌芽文化植其　[...],shunpao
SPSP192010010301,19201001,時評救荒與兵爭,shunpao
SPSP192009240801,19200924,國内要聞二晋人救荒認捐之踴躍　　十七日上午十二鐘旱災救濟會在,shunpao
SPSP192009181001,19200918,本埠新聞蘇社請迅决蘇人治蘇電,shunpao
SPSP192008140801,19200814,中華民國九年八月十四日星期六國内要聞二王揖唐撤換後之和局,shunpao
SPSP192008151001,19200815,中華民國九年八月十五日星期日,shunpao
SPSP192008200601,19200820,世界路透電華沙危迫中之轉機　　十八日巴黎電聞波蘭軍之狀况大有進步而尤以下列三地點爲最,shunpao
SPSP192008220601,19200822,專電二北,shunpao
SPSP191906140101,19190614,天虚我生編家庭常識第八集現己出版訂購預約諸君請憑劵向原購處取書是幸　第八集全一册價洋三角第一集至第八集全部價洋二元四角附贈錦匣一只外埠函購郵費加一發行所　上海棋盤街文明書局代售處各省中華書局　[...],shunpao
SPSP191908171001,19190817,本埠新聞王揖唐任總代表後之反對,shunpao
SPSP191912011001,19191201,本埠新聞彙紀力爭閩事之公電　　全國各界聯,shunpao
SPSP191908221001,19190822,本埠新聞唐總代表秘書盧信之談話,shunpao
SPSP191811251001,19181125,本埠新聞明日慶賀比王回京　　江蘇特派交涉,shunpao
SPSP191903301001,19190330,本埠新聞和議停頓中之消息,shunpao
SPSP191810280701,19181028,贛議會搗亂这又一法　　今日,shunpao
SPSP191811301001,19181130,本埠新聞太平洋運費已减,shunpao
SPSP192010290801,19201029,國内要聞二舊松屬欵產之爭潮　　舊府治七縣慈善敎育欵產聯合會議,shunpao
SPSP192010310801,19201031,國内要聞二日人對於尼港案提出之條件　　尼港案件已開始交涉惟日,shunpao
SPSP192012031001,19201203,本埠新聞關於華顧問問題之往來函件,shunpao
SPSP193012151301,19301215,自由談柯銅付之一笑海客　　少年,shunpao
SPSP193212171301,19321217,西湖爲永久放生池,shunpao
SPSP193304100901,19330410,齋藤與日政局,shunpao
SPSP193304130601,19330413,時評安内攘外信　　我國今日之國難。愈見緊急。外則日軍迫近長城。熱河淪没之後。灤東勢甚緊急。多倫張家口,shunpao
SPSP193304201001,19330420,新仁和輪中謀殺案　　五小販被投海中慘死　　船上夾帶毒品爲警局查獲　　疑小販洩漏秘密謀斃五命　　撫卹死者家屬此案始發覺　　南京楊家渡街第一零四號裕興輪船公司、總經理顧少卿、協理王冠仙、置有新仁和輪船一艘　[...],shunpao
SPSP193206200701,19320620,倫敦人士爭觀東方婚儀　　▲路透社十八日倫敦電華人馬韶鴻,shunpao
SPSP193302260801,19330226,國聯報告書　　美政府表示滿意　　新國務卿堅决表示維持條約　　赫爾與史汀生會商國聯覆文,shunpao
SPSP193302280701,19330228,熱帶醫學會將在南京舉行會議,shunpao
SPSP193303070701,19330307,[H申報第二張>　　馮玉祥有日内人晉說,shunpao
SPSP193303080901,19330308,本市新聞廢兩改元實行在卽,shunpao
SPSP193011101101,19301110,本埠新聞二黃魚案審訊記,shunpao
SPSP193304291201,19330429,菲律賓考察團今晨登輪返菲　　太平洋聯社等分别設宴招待　　商會討論中菲商業上諸問題　　菲律賓考察團、曁友誼觀光團等團員、前晚離京返滬、於昨晨抵埠、正午由太平洋聯社招待、下午三時、市商會開談話會、討論中菲　[...],shunpao
SPSP193312270701,19331227,行政院决議修正公務員懲戒法　　全國度量衡局改爲標準局　　任命劉和鼎爲三九軍軍長　　徐東藩任威海衛管理專員　　　[...],shunpao
SPSP193306230601,19330623,時評,shunpao
SPSP193305241001,19330524,蘇俄大使來滬任務　　短期内不晋京觀望形勢　　滬領館一二星期内辦公　　商約等談判均無形停頓　　新新社云、蘇俄大使鮑格莫洛夫由京返滬後、外間頗有種種揣測、新新社記者、昨晨特往新閘路俄使館辦事處、訪問俄使　[...],shunpao
SPSP193305182001,19330518,無題  文　　丨感於特殊的報販而作丨　　許多男子都在代爲揚眉吐氣，雀躍三百，而女子本身倒並不怎樣在乎。話說自歐風美雨東漸以還，咱們貴國的人事社會，雖細節末枝，都起了突然的變異，加冠上一頂洋幌子，說起來　[...],shunpao
SPSP193311192601,19331119,職業譚藪販報經騐談  羅海涵　　如果你是個失業者，而手頭還有幾十個銅元存着，或者可以向朋友那裏借得幾十個銅元的。或者，你雖然是有職業的，但所得到的酬勞是非常的微小，以致不能養活你自己或你的家庭，而在時　[...],shunpao
SPSP193206121201,19320612,自由談二一枝譚「東方之日」詩的,shunpao
SPSP193302141101,19330214,本市新聞日畏抵貨將在國際商會提案,shunpao
SPSP193212211001,19321221,今日起十日內封鎖鎮江附近航道半日　　檢閱要塞實彈射擊　　通告中外航商查照　　軍政部檢閱長江要塞各砲臺、施放實彈砲、以驗彈力射程、特組織檢閱要塞委員會、事前與交通·外交·海軍·各部、會商檢閱時封鎖航道·　[...],shunpao
SPSP193203120601,19320312,上海事件二,shunpao
SPSP193203150201,19320315,京洛航綫,shunpao
SPSP193203160701,19320316,國内要電二汪精衛等昨在崑山勞軍,shunpao
SPSP193512291101,19351229,市地方協會遷新址,shunpao
SPSP193501311501,19350131,各業同業公會羣起反對電話加價,shunpao
SPSP193501182201,19350118,上海郵政管理局封發郵件時刻表,shunpao
SPSP193405042701,19340504,電影專刊中華民國貳拾叄年　伍月肆日星期伍　　TheShunPaoSer,shunpao
SPSP193201261101,19320126,本埠新聞二田潤生之哀榮▲執紼者四千人華捕,shunpao
SPSP193607061101,19360706,本市新聞昨今兩日盛大慶祝　虞老自述旅滬,shunpao
SPSP194001290901,19400129,全市昨紀念一二八　情緒極悲壯肅穆　各處發現傳單詞多朂勉　租界戒備嚴密竟日無事,shunpao
SPSP193707111601,19370711,外灘公園靑年唱救亡歌被捕,shunpao
SPSP194007080801,19400708,馬元放等　被誘捕經過,shunpao
SPSP193901012401,19390101,難民收容所毆斃難民案　捕房律師陳述案情　謂各被告喪心病狂　應請依法從重處罪　　滬西法華鎭第四十二難民收容所、係隸屬於上海市慈善團體聯合會浦東大樓分會所管轄、由常州人沈芝光任主任、而甬人宋梅茜。本邑人曹　[...],shunpao
SPSP193912201001,19391220,浦江中貨船被刦　舟子六人被害　貨物五六萬元盡被刦奪發現空船毫無綫索可尋　　本月十二日午夜、浦江中曾發生據刦貨船、並槍殺舟子六人命案、僅有一人脫逃獲救、茲探得詳情如下、　　黑夜遇匪貨船被刦　　本地人張四　[...],shunpao
SPSP194010080701,19401008,英駐華艦隊司令　諾貝爾大將來滬　傳將晤赫德商遠東局勢　美軍政長官昨舉行會議　在滬美海軍後備兵待命出發　　英美兩國海軍、將在太平洋聯合封鎖日本海軍之消息傳滬後、本埠社會人心、大為振奮、在沘德　日之三國同　[...],shunpao
SPSP194610010301,19461001,海鷗炮艦走私潛逃　湛江口外捕獲運貨兩駁船　廣州澈查接收軍品舞弊案,shunpao
SPSP194704210201,19470421,盟軍總部命令日政府　償還盟國人民財產　規定自去年十一月起實施,shunpao
SPSP194601090101,19460109,三人委員會二次會停戰命令日內將發出,shunpao
SPSP194210030301,19421003,法西非總督決心保衛達加下令撤退該地歐人家屬,shunpao
SPSP194110100801,19411010,美宣告明年秋問　以大批飛機助華　中國官方極表歡迎　盼美儘速運交應用,shunpao
SPSP194112020301,19411202,日本力圖避免戰爭　決定賡續與美談判　同時並聲明中止派軍至越南赫爾昨與野村來梄再度晤談,shunpao
SPSP194112020601,19411202,臨時接奉緊急命令　英輪將匆促南駛　北洋綫各輪均中止赴津荷輪不及裝貨直駛香港　　駐滬美總領署昨再勸婦孺等撤離　　英僑方面、自上月中英大使館通吿撒僑後、進行殊為積極、專輪安微號已於上月梢抵滬、定於明日載業　[...],shunpao
SPSP194201250301,19420125,銀聯準備委員會明日起收兌破鈔票　市上各業已一律通用,shunpao
SPSP194805150201,19480515,社論項國統治聖地結束以後,shunpao
SPSP194802040201,19480204,社論安定第一！法紀至上！　　國家現正入於,shunpao
SPSP194809050201,19480905,星期論壇　　從體育瞻國運　　全國各級學校秋季又將開學了。我們,shunpao
SPSP194606280201,19460628,美衆院外委會通過　對華軍事協助案　期限爲十年已提交衆院,shunpao
SPSP194609240601,19460924,北平文敎兩大案　傅斯年分別提出意見,shunpao
SPSP194807190201,19480719,社論,shunpao
SPSP192211010201,19221101,上海商務印書館出版十一年十月上半月新書,shunpao
SPSP192211220201,19221122,自稱招商局股東張士記潘宏記仝鑒頃滬上發現一種印刷品署名呈控上海招商局董事文件具呈人自稱招商局股東張士記潘宏記查本局張士記户名股分共九十股其三十股在滬上已詢明該所有者並未預聞此事餘六十股係香港股東所執並　[...],shunpao
SPSP192211230301,19221123,大豐鹽墾公司召集臨時股東會緊要通告敬啓者本公司負債甚巨工程未完荏苒因循萬分危險昨經滬上重要股東提議須亟召集全體股東就滬開臨時會議迅籌補救之策茲擇陰歷十月初十日午後就滬上香港路銀行公會開大豐臨時股東會公　[...],shunpao
SPSP192404011501,19240401,本埠新聞二上海商業市況彚錄　　金融　　昨,shunpao
SPSP192605100301,19260510,時評混沌中之途徑,shunpao
SPSP192610100701,19261010,時評戰之雙十節,shunpao
SPSP192208040301,19220804,時評澈底覺悟,shunpao
SPSP192303190301,19230319,時評活動時期,shunpao
SPSP191610160201,19161016,時評不安  冷,shunpao
SPSP191610210201,19161021,時評又是人之問題  冷,shunpao
SPSP192204071301,19220407,本埠新聞總商會爲碼頭捐之往來電　　非但捐,shunpao
SPSP192109250601,19210925,時評去留與國事,shunpao
SPSP191312180101,19131218,要件劉樹堂擬請創辦全國森林意見書　　我國千百年來以東南為財賦,shunpao
SPSP191307130101,19130713,來稿讀組織債務專律有感,shunpao
SPSP191401090101,19140109,游記新疆旅行記,shunpao
SPSP191411190101,19141119,要件　　北蒙古與俄國之關係,shunpao
SPSP191810210201,19181021,時評整軍弭盜安民,shunpao
SPSP191712030201,19171203,時評人心不同,shunpao
SPSP191612160201,19161216,時評内外,shunpao
SPSP191802280201,19180228,時評俄事,shunpao
SPSP191803060201,19180306,時評中國之出兵,shunpao
SPSP191304040101,19130404,論說大借欵合同草案第五條評論,shunpao
SPSP191208160701,19120816,本埠新聞,shunpao
SPSP192008261101,19200826,發瘋病被火車碾斃　　蘇州亞細煤油公司繙譯員唐某年三十四歲廣東人上月忽患神經病昨日,shunpao
SPSP191811020201,19181102,時評稍變,shunpao
SPSP191811070201,19181107,時評多此一舉  冷,shunpao
SPSP191910111001,19191011,本埠新聞昨日國慶之盛况　　爲八年來所未有,shunpao
SPSP191810281001,19181028,本埠新聞工部局發表虹口鬧事之特别報告　今,shunpao
SPSP192902131601,19290213,交署爲姜華祖案轉函警備部　　▲日領之强詞奪理　　交涉公署爲日本警察至滬寗車站越界拘捕姜華祖案、致警備司令部函云、逕啟者、案查日本警察在滬寗車站越界拘捕姜華袓一案、前經提出抗議、函請日總領事制止、以後不　[...],shunpao
SPSP192211250101,19221125,本館始剏自同治十一年即西曆一八七二年已在中國郵政特准掛號立劵按照總包特别優益寄送之報紙本館開設上海英租界山東路漢口路轉角第二十四號總理及編輯室電話一五七六號營業部電話九十五號公共日夜電話一五二七號本館　[...],shunpao
SPSP192202021001,19220202,國外要聞華盛頓通信,shunpao
SPSP191408161301,19140816,自由談游戲文章林文烟傳  天虚,shunpao
SPSP191712050201,19171205,時評國民安在,shunpao
SPSP191706180201,19170618,時評退一步與進一步,shunpao
SPSP192001081001,19200108,本埠新聞要求市民權問題　　交涉經過情形,shunpao
SPSP193812130901,19381213,兩性衛生　愛情飢荒的婦女　都由丈夫性弱所造成  俄國勞働大學醫科畢業揚道南著　　愛情強烈的婦女，她對於性潮的表現很為明顯，差不多在她日常的一舉一動中都可窺知的。可惜世間呆笨的丈夫太多了，不能依妻的心理　[...],shunpao
SPSP190705012001,19070501,會訊賣酒舞弊案　　荷蘭商德昌洋行控前買辦馮梅卿賣酒舞弊一案前日由王襄讞卽荷阿領事復訊德昌洋行西人到堂請追虧損銀五千餘兩馮延高易律師到堂稱該酒如果不佳豈能售盡令現售罄斷難承認大令商之阿君判分别退去候商定　[...],shunpao
SPSP192407130601,19240713,社論吿南京大會後之敎育家,shunpao
SPSP192405010401,19240501,時評無中生有,shunpao
SPSP192407070601,19240707,時評吿災,shunpao
SPSP192405081701,19240508,常識常談新劇之進步,shunpao
SPSP192408250601,19240825,時評軍事行動,shunpao
SPSP192506191801,19250619,亭子間置備氣筒之我見  張餘,shunpao
SPSP192507120601,19250712,時評日英間之結合,shunpao
SPSP192407150401,19240715,時論,shunpao
SPSP192411200301,19241120,時論,shunpao
SPSP192503011701,19250301,申報第五張自由談,shunpao
SPSP192503111401,19250311,,shunpao
SPSP192405281801,19240528,自由談崇明一日記（上）,shunpao
SPSP192403151401,19240315,十一路商聯會緊急會　　閘北十一路商界聯合會昨夜十一時開臨時緊急會議、到各路會員一百餘人、首由出席代表佘錫品姜懷素報告本日關於祥經被焚曁水電案一切詳情畢、各會員當謂、我等一致自動罷業、非俟公布商辦、　[...],shunpao
SPSP192509080501,19250908,時評屈服,shunpao
SPSP192509031901,19250903,本埠增刋馬敦和刷新舖面,shunpao
SPSP192511160701,19251116,國内要聞二東沙荒島勞工被困詳情　　工人多數病死　　國聞社厦門,shunpao
SPSP192609241101,19260924,本埠新聞二朱葆三追悼會籌備訊,shunpao
SPSP192610031101,19261003,本埠新聞二昨日上海賽馬之成績第一次,shunpao
SPSP192610041001,19261004,定海同鄕昨日追悼朱葆三,shunpao
SPSP192609040401,19260904,本館要電,shunpao
SPSP192508020501,19250802,力與實,shunpao
SPSP192604260301,19260426,時評京中治安,shunpao
SPSP192606071401,19260607,女士及上海市民提倡國貨會陳翊庭君等演講「提倡國貨」到會男婦及學生約八百餘人陳良玉主席報告本會今日開夏季通俗演講會强國之道首在開通民智救國之策端在提倡國貨故今日第一次演講特請提倡國貨有年終始熱忱毅力的徐　[...],shunpao
SPSP192611122101,19261112,藝術界音樂化的德意志,shunpao
SPSP192611081801,19261108,出版界消息,shunpao
SPSP192611100401,19261110,時評狃,shunpao
SPSP192611181301,19261118,自由談人名與地名,shunpao
SPSP192611192101,19261119,藝術界蕭伯納得一九二五处諾貝爾文學獎金,shunpao
SPSP192512240301,19251224,時評京津與奉天,shunpao
SPSP192608251601,19260825,新兵過滬運浙　　浙江總司令盧香亭曾經派員前往徐州等處招募新兵由寗陸續裝車來滬赴浙編練補充等情疊誌本報兹悉昨日　[...],shunpao
SPSP192608290401,19260829,本館要電,shunpao
SPSP192608070401,19260807,本館要電,shunpao
SPSP192608070501,19260807,時評眞力,shunpao
SPSP192608081601,19260808,張維城催浚瀏河及運河,shunpao
SPSP192608030401,19260803,本館要電,shunpao
SPSP192606300401,19260630,本館要電,shunpao
SPSP192607100401,19260710,本館要電,shunpao
SPSP192606230601,19260623,時評顔辭通電,shunpao
SPSP192712170601,19271217,北京雜電　　北京昨政府與内國銀行八家商年關墊欵各行以前借未償還實無騰挪地嗣謂至陰歷年關各行結賬後或可量力由各行凑墊若干但數目不定云云　[...],shunpao
SPSP192703061701,19270306,自由談,shunpao
SPSP192702100401,19270210,本館要電,shunpao
SPSP192701040401,19270104,時評　　倖免與枉費,shunpao
SPSP192701152101,19270115,出版界消息　　肺癆病最新療法之成功出版　肺癆古稱絶症近今醫學進步然肺癆之特効藥迄無發明今德國最有名之貝靈血清研究所即發明白喉血清者最近發明治癆專劑力派脫倫一藥爲一種藥特靈與類脂肪之混合物注入人體後能發　[...],shunpao
SPSP192701190501,19270119,時評　　攻守,shunpao
SPSP192806121401,19280612,市學聯舉行學生軍檢閱餘聞上海學生聯合會軍事訓練委員會、成立在五月六日、旋即積極進行、不遺餘力、催促各校籌分會、成立學生軍、業於前日舉行全滬學生軍大檢閱、距成立爲期僅一月、而有此驚人成績、各界均表示敬佩　[...],shunpao
SPSP192906032101,19290603,自由談瑣瑣屑屑  海客應的飛行,shunpao
SPSP192906071301,19290607,本埠新聞　　楊海部長昨晨抵滬　　决定海軍,shunpao
SPSP192901141901,19290114,自由談聞奉方開印「四庫全書」之,shunpao
SPSP192809132101,19280913,自由談劍影刀光壯國殤  無畏庵,shunpao
SPSP192809192101,19280919,自由談廣東禁娼之新政策  李俊,shunpao
SPSP192809201701,19280920,自由談西湖二怪誌  陶懋　　役,shunpao
SPSP192809271301,19280927,本埠新聞籌備國慶紀念昨聞　　民衆熱烈參加,shunpao
SPSP192809232101,19280923,自由談馮玉祥在豫閱兵瑣記  程,shunpao
SPSP192809251401,19280925,南市襪職工昨晨罷工　　南市五十餘家襪機職工七百餘人、因截至昨日止、各該廠主對於工方所提之承認工會改良待遇及廢除包工制等要求二十條、仍無明顯表示容納、或誠意與工方磋商解决、特根據本月二十日第二次會員大會　[...],shunpao
SPSP192809251701,19280925,自由談哈爾濱舞女之滑稽離婚案,shunpao
SPSP192902282001,19290228,影戲塲葛雷菲士對製片家之忠告  薛白　　葛雷菲士。世稱導演泰斗者。其最新作品爲「異性的衝突」。乃一變其作風。趨向時代化。而偏重於熱情與浪漫。於星期三起開映於本埠光陸及卡爾登兩大影戲院。葛氏力主每一製片　[...],shunpao
SPSP192903292201,19290329,本埠增刋團體消息　中國婦女會之茶舞大會　籌備多日之中國婦女會茶舞會、將於四月一日、在大華飯店舉行、由會長陳炳章夫人唐瑛、夏路德、及施氏姊妹等十數人、積極進行、銷售舞券、不遺餘力、聞已盡五百餘張、以後之　[...],shunpao
SPSP192212131301,19221213,本埠新聞,shunpao
SPSP192309121701,19230912,本埠新聞尙本廬之胃寳及半夏精,shunpao
SPSP192309151701,19230915,本埠新聞三華威銀行定期開幕,shunpao
SPSP192308231701,19230823,本埠新聞三靈生廠廣製油墨,shunpao
SPSP192308121801,19230812,本埠新聞三永雅公司將開幕　　八月十八日,shunpao
SPSP192308151801,19230815,景影戲發明史（三）　　㈢初試墨氏之成績使受迪生開始其影片生活但如照墨氏之法則二十四架之照相機所攝之動作時問僅二秒鐘若欲攝一分鐘之跑馬影片則需照相架七百二十架之多所費旣巨運用又且不便故愛氏所遇之第一難題　[...],shunpao
SPSP192308290401,19230829,時論,shunpao
SPSP192304050301,19230405,社說敬告軍人）抱一,shunpao
SPSP192303090401,19230309,時人名論,shunpao
SPSP192304111701,19230411,本埠新聞三新到照相鏡廉價出售,shunpao
SPSP192304231801,19230423,參觀顧家宅無線電臺紀,shunpao
SPSP192311051701,19231105,本埠新聞三蒙藏銀行滬行昨日開幕,shunpao
SPSP192310190301,19231019,時評臨案之餘波,shunpao
SPSP192308011701,19230801,本埠新聞三茂德利畢行二十週紀念,shunpao
SPSP192308020701,19230802,北京通信,shunpao
SPSP192308061801,19230806,學務彙誌　　敎育界之各項消息合載如次　　青夜義務校昨開委員會青夜義務學校昨日正午在青年會舉行第一次委員會到委員姜維良等十一人比即將委員會章程修改完竣正式通過并選出職員七人茶點散會其當選職員列下　[...],shunpao
SPSP192306291801,19230629,魔術團今晚獻技在法國影戲院,shunpao
SPSP192307211801,19230721,塔文氏姊妹之幼時軼事　　塔文氏三姊妹,shunpao
SPSP192207020601,19220702,命令,shunpao
SPSP192211051101,19221105,滬杭甬路滬杭叚行車時刻表上海北站　▲上午八·正,shunpao
SPSP192105270601,19210527,,shunpao
SPSP192105280801,19210528,國内要聞二蘇議會紀事（七）本日,shunpao
SPSP192112020601,19211202,國内專電二　　北京電交行决議,shunpao
SPSP192112072001,19211207,常識常評交易所與賭博塲  箴,shunpao
SPSP192112210401,19211221,時評不平與眞和,shunpao
SPSP192202241401,19220224,本埠新聞俄國災荒振濟會宴各界紀　　推舉董,shunpao
SPSP191608060701,19160806,曹錕仍擬返駐岳州,shunpao
SPSP191608070301,19160807,公電,shunpao
SPSP191610010701,19161001,浙民政廳改組電,shunpao
SPSP191610030101,19161003,要件游戲敎育,shunpao
SPSP191609140701,19160914,,shunpao
SPSP191609160701,19160916,過其章程則尙須修改也此案通過後方入議題,shunpao
SPSP191609190701,19160919,,shunpao
SPSP191608150701,19160815,皖省黨案解除之波折,shunpao
SPSP191608160701,19160816,地方通信蘇州,shunpao
SPSP191608230701,19160823,寗波快信　本埠各機關今晨,shunpao
SPSP191703160201,19170316,時評關稅問題,shunpao
SPSP191607250701,19160725,地方通信　　蘇州　　常熟知事請,shunpao
SPSP192203111801,19220311,自由談遊記遊羅馬敎王宫觀名畫記,shunpao
SPSP192204070601,19220407,國内要聞二酌量開放膠濟路沿線都市,shunpao
SPSP192203270801,19220327,自由談遊記游黃山日記（四）,shunpao
SPSP192112261201,19211226,來函黄炎培來函,shunpao
SPSP192112281201,19211228,本埠新聞二鴇與妓之違章案,shunpao
SPSP192004161001,19200416,本埠新聞章士釗請留軍府欵項之復審,shunpao
SPSP192004171001,19200417,本埠新聞伍廷芳偕林森到滬,shunpao
SPSP192007170801,19200717,國内要聞二交通方面之戰事說　　京津線中間,shunpao
SPSP192011061401,19201106,自由談游記游美隨筆,shunpao
SPSP192106100801,19210610,國內專電二報界對英日續盟之表示,shunpao
SPSP192106150301,19210615,時評自治管見,shunpao
SPSP192106160301,19210616,時評中外共棄之當局,shunpao
SPSP192106160801,19210616,國內要聞吉會路借約之內容,shunpao
SPSP192106161101,19210616,外洋輪船進出口行程紀　　昌興公司蒙梯格爾號現由香港開來將於明日,shunpao
SPSP192108201201,19210820,國内要職二湖北公民大會再紀　　全鄂公民大會於十五日下午一句鐘復假自治籌備處開聯席會議討論一切進行方法公推吳方琳爲臨時主席劉功甫爲紀錄先由主席報告本會應速即函催旅省各同鄉會限三日内各推代表到會當有馮英夫　[...],shunpao
SPSP192108211201,19210821,國内要聞二廣州之罷工潮流,shunpao
SPSP192108091201,19210809,國内要聞二旅墨華僑請訂新約之近切,shunpao
SPSP192108141201,19210814,國内要聞二京學界對經費問題之恐慌　　京敎𠎫結束以後因政府不名,shunpao
SPSP192109261801,19210926,申報第五張H]自由談閒話旅歐觀,shunpao
SPSP192101221401,19210122,自由談閑話南溟息羽記,shunpao
SPSP192101251401,19210125,自由談閑話旅杭雜談（二）,shunpao
SPSP192101260601,19210126,專電二,shunpao
SPSP192101300801,19210130,國内要聞二鄂北軍攻克施鶴捷電,shunpao
SPSP192011220801,19201122,國内要聞二湘省平江兵變紀,shunpao
SPSP192011261401,19201126,自由談閑話中國婚禮奇譚,shunpao
SPSP192101040801,19210104,國内要聞二邕垣通信學生力爭琿春案之巡行　邕垣省立第一中學校學,shunpao
SPSP192101080801,19210108,國内要聞二,shunpao
SPSP192106030301,19210603,時評信託公司之勃興,shunpao
SPSP192106040601,19210604,命令,shunpao
SPSP192106060801,19210606,國内要聞二蘇議會紀事（九）　　本日,shunpao
SPSP192107281201,19210728,國内要聞二閩下游戰事近况,shunpao
SPSP192205012001,19220501,常識（一）投稿本增刋者其料料隂衛生法制道德經濟四項外增教育科學宗教市政雜錄問答六項其語涉攻盰個人者恕不登載（一）投稿者篇末須開明姓名曁詳細地址並黏一名片每句請自加單圈若籍幅過長及繕寫潦章字跡不易辨認者　[...],shunpao
SPSP192206051001,19220605,中華民國十一年六月五日星期一,shunpao
SPSP192011130801,19201113,國内要聞二南昌通信財政廳籌借軍餉之大會議　　江西軍隊共有五混,shunpao
SPSP192011160401,19201116,時評不得要領,shunpao
SPSP192104061001,19210406,本埠新聞灰絲業代表之報告書,shunpao
SPSP192105111401,19210511,自由談遊記絲業團旅行日記,shunpao
SPSP192105150801,19210515,開封通信,shunpao
SPSP192105161001,19210516,本埠新聞寗波同鄉會新會所開幕紀,shunpao
SPSP192105181001,19210518,本埠新聞遠東運動會消息　　菲列賓全體運動,shunpao
SPSP192104201001,19210420,本埠新聞河南兵變之影響　　滬寗滬杭甬路停,shunpao
SPSP192104221001,19210422,本埠新聞砲台灣地畝禁售外人之布告,shunpao
SPSP192103151001,19210315,本埠新聞選舉訴訟開庭紀被告沈寳昌未到候補,shunpao
SPSP192103171601,19210317,常識本增刋三次修正投稿簡則　　（一）投稿本增刊者其材料除衛生道德法制經濟四項外持增雜錄一項仍以有關常識者爲限其有　涉攻計個人者恕不登載　　（一）投稿者篇末須開明姓名曁詳細地址最好黏一名片每句請自加單圈　[...],shunpao
SPSP192103211001,19210321,本埠新聞羅卜票價格大漲,shunpao
SPSP192105041001,19210504,本埠新聞赴美法絲業代表返滬紀,shunpao
SPSP192105050801,19210505,國内要聞二王占元赴津後之鄂訊,shunpao
SPSP192104141001,19210414,本埠新聞今日納捐外人年會之議案,shunpao
SPSP192104181001,19210418,本埠新聞唐蔚芝等催辦減賦,shunpao
SPSP192103291001,19210329,中華民國十年三月二十九日星期二,shunpao
SPSP192106230801,19210623,國内要聞二開封通信,shunpao
SPSP192111210701,19211121,時評金融風潮感言,shunpao
SPSP192111171401,19211117,本埠新聞太會國民代表之來電　　本埠省敎育,shunpao
SPSP192111092001,19211109,本埠新聞二浙江省憲協進會遷移會址,shunpao
SPSP192110270701,19211027,時評甌脫之時,shunpao
SPSP192110291001,19211029,世界路透電二國際勞工會議,shunpao
SPSP192110212001,19211021,常識常評調停  覺,shunpao
SPSP192101200301,19210120,時評無一不敗,shunpao
SPSP192012280801,19201228,國内要聞二廣東報界之厄運　　昨十九晚九時有便衣武裝數人到七十,shunpao
SPSP192012291001,19201229,本埠新聞民國九年上海大事紀,shunpao
SPSP192102180801,19210218,國内要聞二無錫敎育會被燬案續記　　無錫縣敎育會被燬一節已紀前,shunpao
SPSP192102200801,19210220,國内要聞二賑糶米糧免稅之截止期,shunpao
SPSP192102210801,19210221,國内要聞長春防疫之狀况,shunpao
SPSP192103010801,19210301,國内要聞二廣州通信,shunpao
SPSP192103080801,19210308,地方通信松江衆議員初選餘紀,shunpao
SPSP192103110601,19210311,kjkjkj　國外專電倫敦電　　丹京電訊關於俄國時局　　..之消息多相牴觸據芬,shunpao
SPSP192103120801,19210312,國内要聞二京津鄂人之排王運動,shunpao
SPSP191501070201,19150107,時評　　積少成多,shunpao
SPSP191501110101,19150111,要　　關於由俄國境變遷之提案,shunpao
SPSP191410060101,19141006,遊記羗海雜誌,shunpao
SPSP191410060201,19141006,時評　　非結約說,shunpao
SPSP191410080201,19141008,,shunpao
SPSP191410100201,19141010,時評　　戰爭與國慶日,shunpao
SPSP191410120201,19141012,時評　　久暫,shunpao
SPSP191410180201,19141018,時評　　中國人之對於時局,shunpao
SPSP191410240201,19141024,時評　　王治馨案,shunpao
SPSP191410260201,19141026,時評　　難,shunpao
SPSP191412160201,19141216,時評,shunpao
SPSP191412220101,19141222,要件　　新疆省與俄國之關係,shunpao
SPSP191412220201,19141222,時評　　人之解釋,shunpao
SPSP191412240201,19141224,時評　　非約,shunpao
SPSP191501190101,19150119,譯件　　民國三年中華鐵路小史　　字林報云中國輻負廣大非有鐵路貫通其間則各省有呼應不靈之虞一九一一年之光復及去年之狼禍皆足證明京漢鐵路之軍事價值者也去年此一方面獲利最豐一九一三年十一月十四日簽定之浦信合　[...],shunpao
SPSP191501230101,19150123,通信　　近東之新風雲,shunpao
SPSP191501231101,19150123,掮客不交貨,shunpao
SPSP191502240801,19150224,MEDICALPAPERFORCLEANINGLENSES,shunpao
SPSP191501290101,19150129,通信　　近東之新風雲,shunpao
SPSP191511270301,19151127,編輯餘談日本人之美日戰爭談,shunpao
SPSP191601011101,19160101,,shunpao
SPSP191601101101,19160110,煤炭號失愼,shunpao
SPSP191601221001,19160122,本埠新聞演說自動敎育之清理,shunpao
SPSP191512251101,19151225,來函溫黃氏來函　　敬啓者氏夫温楚珩祖籍山西少學東瀛憂國有心大氐書生之習摶雞無力何至曾參殺人祇以生事艱難暫作海滬覊旋固已杜門謝客早置理亂不聞析屋分租方謂聊紓經濟池魚殃及誰知竟被株連禍來天外被髮往援變起夢　[...],shunpao
SPSP191602231101,19160223,,shunpao
SPSP191511301101,19151130,驗明被人勒斃之男尸,shunpao
SPSP191307051001,19130705,本埠新聞第一營附和暴動之結束,shunpao
SPSP191307070701,19130707,安慶,shunpao
SPSP191307110701,19130711,雜評二,shunpao
SPSP191307150701,19130715,湖北,shunpao
SPSP191307170701,19130717,廣東行商注意軍民分治行商陳文致函粤中報界云敬啓者此閱報載日昨陳都督柬請各界茶會徴集政見仰見陳都督博採輿論至意商等不勝景佩惟所言軍民分治誓不宣於粤局商等愚昧實所未喻謹將鄙見所及爲我粤諸公討論之查軍民分治　[...],shunpao
SPSP191308140101,19130814,通信論共和憲法三大模範及其行政立法兩權之消長,shunpao
SPSP191308170101,19130817,通信論共和憲法三大模範及其行政立法兩權之消長,shunpao
SPSP191309020701,19130902,地方通信松江,shunpao
SPSP191309060701,19130906,鎭江,shunpao
SPSP191309130701,19130913,地方通信杭州密令捕拿著匪本月六,shunpao
SPSP191307231001,19130723,自由談游戲文章游戲文章八股條,shunpao
SPSP191307251001,19130725,自由談疾苦呻吟上海新竹枝詞,shunpao
SPSP191308310101,19130831,通信論共和憲法三大模範及其行政立法兩權之消長,shunpao
SPSP191412010101,19141201,要件　　北蒙古與俄國之關係,shunpao
SPSP191412060101,19141206,要件　　北滿洲與俄國之關係,shunpao
SPSP191412060201,19141206,時評　　勿自亂,shunpao
SPSP191412080101,19141208,要件　　北滿洲與俄國之關係,shunpao
SPSP191511030301,19151103,要聞一交戰各國銀行之存金,shunpao
SPSP191509171101,19150917,勒限交還定洋,shunpao
SPSP191509210101,19150921,譯述歐西報業舉要,shunpao
SPSP191509230301,19150923,要聞一維爾拉之陷落談,shunpao
SPSP191510101101,19151010,中保以租地爲由騙去洋八百數十元一案前經地方審判廰開庭辯論判　照約履行在案兹悉此案延宕至今尚未地結　昨原告投案具禀聲請强制執行袁廰長據禀後以該原告前經一再具呈曾經明晰批示所請應母庸議　[...],shunpao
SPSP191510151101,19151015,串放白鴿案移送檢廰　　住居北四川路一百四十二號門牌之朱笑山控議謀慶福陳明甫孔金壽,shunpao
SPSP191510030301,19151003,大戰一年之總賬,shunpao
SPSP191510031101,19151003,懲辦攫飾之匪徒,shunpao
SPSP191510270101,19151027,普通敎科書出版預告,shunpao
SPSP191510291101,19151029,錢債案缺席判决,shunpao
SPSP191510301101,19151030,押追往來貨欵,shunpao
SPSP191509301101,19150930,西憲行竊時鐘之訊實,shunpao
SPSP191506061401,19150606,自由談游戲文章小熱昏  息游,shunpao
SPSP191506070101,19150607,譯述歐西報業舉要,shunpao
SPSP191508111101,19150811,串竊並無證據,shunpao
SPSP191506161101,19150616,祖國之富饒　　經濟問題一事德人深信無乏惟恐歐洲之他中立國交戰國及南美之小國將有不能保持之狀一經開戰德人即樂輸軍費銀行及政府收進甚豐誠想不到有如是多金耳　　德人深得法人之法於一八七一年曾見法之能驟得巨金　[...],shunpao
SPSP191506180701,19150618,地方通信鎭江,shunpao
SPSP191507170101,19150717,譯述歐西報業舉要,shunpao
SPSP191507231101,19150723,誌謝,shunpao
SPSP191507270301,19150727,補錄德國公報　　九日柏林電　奥潛艇一艘以魚雷擊沉意國鐵甲巡艦亞瑪爾菲號　　十日柏林電　法軍在洛洛瓦及班塞進攻受挫而退　德軍轟擊波塞旭爾西北法軍前鋒戰壕一道并擴張泊里斯特森林之陣地德軍在末斯河與摩塞爾河　[...],shunpao
SPSP191508281101,19150828,雜評三非具文也,shunpao
SPSP191504270101,19150427,譯述上海附近製造洋襪業之勃興,shunpao
SPSP191504290101,19150429,譯述歐西報業舉要,shunpao
SPSP191603220601,19160322,要聞二北京徴實桂警後之情形　　事實與影響中央政府自接到廣西省,shunpao
SPSP191603280201,19160328,時評勸進與勸退,shunpao
SPSP191603281001,19160328,本埠新聞再誌大批軍火之發現,shunpao
SPSP191606100201,19160610,時評誠信與惡感,shunpao
SPSP191605010201,19160501,時評權利思想,shunpao
SPSP191605210701,19160521,蕪湖破獲黨人機關詳誌,shunpao
SPSP191605251401,19160525,自由談游戲文章廢票利用法  劍,shunpao
SPSP191605290201,19160529,時評顚倒錯亂,shunpao
SPSP191604110201,19160411,時評議和與停戰,shunpao
SPSP191606110601,19160611,要聞二黎大總統之畧歷,shunpao
SPSP191606150601,19160615,要聞二實施舊約法與召集舊議員,shunpao
SPSP191604261101,19160426,欠牛價尚須覆訊,shunpao
SPSP191604270201,19160427,時評緊要關頭,shunpao
SPSP191409010101,19140901,遊記羗海雜誌,shunpao
SPSP191408060701,19140806,蘇州,shunpao
SPSP191408181101,19140818,專件財政部附屬機關對於各官署公文程式,shunpao
SPSP191408220201,19140822,時評山東戰塲,shunpao
SPSP191411060101,19141106,遊記羗海雜誌,shunpao
SPSP191402231101,19140223,律嚴辦騙子病斃,shunpao
SPSP191401110701,19140111,廣東,shunpao
SPSP191401140901,19140114,京都天寳齋○婦科種子仙丹○服後受胎極速○如不信者有法可試素未生蛋之鷄餉以此丹半月後蛋自生矣虚言欺人罪我惟天古今第一婦科續嗣容易降生丹夫婦人固無不育之理不育者即有病也然病多起於月經月經不調則非受孕之兆氣　[...],shunpao
SPSP191401161301,19140116,自由談游戲文章民國二年風流史,shunpao
SPSP191402101101,19140210,警廳司法科批示　　閘北警察分廳司法科昨日發出批示二則照錄於下,shunpao
SPSP191402150701,19140215,廣東,shunpao
SPSP191408300101,19140830,遊記羗海雜誌,shunpao
SPSP191504170701,19150417,地方通信,shunpao
SPSP191504230101,19150423,譯述上海附近製造洋襪業之勃興,shunpao
SPSP191504020101,19150402,著述歐西報業舉要,shunpao
SPSP191504110101,19150411,譯述歐西報業舉要,shunpao
SPSP191503031401,19150303,自由談愛國叢談愛國叢談為祖國故,shunpao
SPSP191503310101,19150331,著述歐西報業舉要,shunpao
SPSP191411260101,19141126,要件　　北蒙古與俄國之關係,shunpao
SPSP191411280101,19141128,要件　　北蒙古與俄國之關係,shunpao
SPSP191411280201,19141128,時評　　經濟方面,shunpao
SPSP191411300101,19141130,要件　　北蒙古與俄國之關係,shunpao
SPSP191412280701,19141228,地方通信,shunpao
SPSP191412290101,19141229,要件　　新疆省與俄國之關係,shunpao
SPSP191412300201,19141230,時評匪亂,shunpao
SPSP191403060701,19140306,湘省將有大鐵橋發見,shunpao
SPSP191404101001,19140410,本埠新聞全國商會聯合會紀事,shunpao
SPSP191406021101,19140602,小工失足溺斃,shunpao
SPSP191406050201,19140605,時評奮發與休養,shunpao
SPSP191406051301,19140605,自由談游戲文章老老傳,shunpao
SPSP191406090701,19140609,地方通食蘇州,shunpao
SPSP191406120701,19140612,杭州　　督府會議軍費昨日,shunpao
SPSP191406130601,19140613,要聞二日本大隈首相之外交政策,shunpao
SPSP191406170301,19140617,院秉公判斷,shunpao
SPSP191405231101,19140523,等件搬入解裝室眼同解裝,shunpao
SPSP191405311101,19140531,專件參政院人物一覽表,shunpao
SPSP191405101101,19140510,夏粹方之追悼會,shunpao
SPSP191404030101,19140403,游記新疆旅行記,shunpao
SPSP191404050701,19140405,南京,shunpao
SPSP191403231501,19140323,美國璧柯臣化製養生素西名雷夫士道義克之功力古今何曾有不死藥空勞理想中外何人得長生術枉費研求此爲世界上人人共悉者也偉哉美國璧柯臣竟兩奇想天開奪造化之妙用化製一種能壯身能長命排除百病能造後天之養生素出現曾　[...],shunpao
SPSP191401211101,19140121,雉妓暫留濟良所　　山東人田正山,shunpao
SPSP191403261101,19140326,漆作夥之無良,shunpao
SPSP191403291101,19140329,來函凌鉞自東京來函,shunpao
SPSP191609090101,19160909,要件游戲敎育十八  婺州廢民譯芬來專遜女史原著　　若空間時間,shunpao
SPSP191611101401,19161110,自由談遊戲文章擬請爲籌安會六君,shunpao
SPSP191710071401,19171007,自由談游戲文章孔子生日徵收賀禮,shunpao
SPSP191711091401,19171109,自由談游戲文章酸先生傳一塵先生,shunpao
SPSP191709171701,19170917,老申報四十年来之囬頋尊聞閣選四十年前之日本日本礦業,shunpao
SPSP191709190601,19170919,要聞二調停聲中之劉承恩廣西省長劉承恩到京以後先謁段總理陳述西,shunpao
SPSP191710301401,19171030,自由談游戲文章東籬處士傳,shunpao
SPSP191707121401,19170712,自由談游戲文章募重修中華名閣疏,shunpao
SPSP191806170701,19180617,杭縣農工銀行之開幕,shunpao
SPSP191411130101,19141113,遊記　　羗海雜誌,shunpao
SPSP191411170101,19141117,要件　　北蒙古與俄碼之關係,shunpao
SPSP191411240201,19141124,時評　　新謠之由來,shunpao
SPSP191411250101,19141125,要件　　北蒙古與俄國之關係,shunpao
SPSP191411250301,19141125,戰訊擇要　　華德日報云德意志帝國會之議員共有六十五人從軍出征而其中籍隷社會共和黨者二十五人　　十月十七日俄國西伯利亞鐵路旁之赤大地方到有德國俘虜九百人當場被俄國鎗斃者九十六人詢其所以鎗斃德國俘虜之故則　[...],shunpao
SPSP191810110201,19181011,時評,shunpao
SPSP191809261001,19180926,本埠新聞,shunpao
SPSP191810240201,19181024,時評武力與兵,shunpao
SPSP191810260201,19181026,時評張勳與平匪,shunpao
SPSP191805020701,19180502,松江,shunpao
SPSP191805050701,19180505,地方通信松江,shunpao
SPSP191804020701,19180402,勝負未定之粤戰局,shunpao
SPSP191805260201,19180526,時評不和,shunpao
SPSP191806040601,19180604,要聞二曹宣撫回津續聞,shunpao
SPSP191805120201,19180512,時評赦張勳,shunpao
SPSP191803310701,19180331,汕頭破獲機關紀聞　　西南援閩總司令陳炯明於本月二十日電飭將校巡察隊長李士善派暗探馬克明吳海卿楊振邦等多人赴汕頭和樂街順成棧四號拿獲細探福建泉州人葉青眼許水泉張祖恩陳炳飛等八人又在奇碌新興街第九號拿獲陳　[...],shunpao
SPSP191703300201,19170330,時評再徵國會同意,shunpao
SPSP191711111401,19171111,自由談游戲文章無腸公子傳,shunpao
SPSP191711171401,19171117,自由談游戲文章鐵之自傳,shunpao
SPSP191801030201,19180103,時評新舊之爭,shunpao
SPSP191712200201,19171220,時評分别辦理,shunpao
SPSP191712260201,19171226,時評反對之二人,shunpao
SPSP191801171301,19180117,自由談游戲文章三新年爭長記,shunpao
SPSP191712140201,19171214,時評兩可,shunpao
SPSP191712180301,19171218,政界大員且抱親德觀念之中國乎丹人爲中國之良友亦爲協約國之良友吾人决不因那森氏一人前與德商之關係而遽批評其全體亦不欲對於丹人在中國之合法營業而有所訾議且非謂那森氏係以商人資格謀取利益外而有他種意思第常此　[...],shunpao
SPSP191703021401,19170302,自由談游戲文章推廣潛水艇功用說,shunpao
SPSP191702281501,19170228,包愈吐血永遠斷根吐血一症皆由身體虚弱或咳嗽而傷肺而其病原尤在憂鬱患慮過度日久不愈致成癆瘵性命攸關本齋利濟爲懷皆得祖傳良方不惜工本秘製此膏專治一切吐血之症以及痰傷嗽咳無論男女老少雖十年二十年老症服之立刻　[...],shunpao
SPSP191612301401,19161230,自由談游戲文章彈劾雪神滕六文,shunpao
SPSP191701301401,19170130,自由談游戲文章爲民國官吏題新年,shunpao
SPSP191701311401,19170131,自由談游戲文章新年竹枝詞  楓,shunpao
SPSP191706040201,19170604,時評名,shunpao
SPSP191706041401,19170604,自由談游戲文章兒戲解  孱保,shunpao
SPSP191706060201,19170606,時評眞意,shunpao
SPSP191704081401,19170408,自由談游戲文章大運動家傳  楓,shunpao
SPSP191704141401,19170414,自由談游戲文章爲桃花告龍華游客,shunpao
SPSP191706101401,19170610,自由談游戲問題第七問揭曉九代圖,shunpao
SPSP191707281401,19170728,自由談游戲文章白中書傳,shunpao
SPSP191611210701,19161121,山東金融之危險,shunpao
SPSP191611251801,19161125,新自由談短篇小說偵探小說應徴續,shunpao
SPSP191611260201,19161126,時評促憲法,shunpao
SPSP191611010201,19161101,時評敬告副總統,shunpao
SPSP191612030201,19161203,時評苛稅,shunpao
SPSP191612060201,19161206,時評停頓,shunpao
SPSP191612070201,19161207,時評反對與羞,shunpao
SPSP191610251401,19161025,自由談游戲文章最新海上顧曲詞四,shunpao
SPSP191610290101,19161029,本號自運江西景德鎮信古名磁久為中外釗商所贊許今因遷移在即惟存貨甚多特于今日起將積存各色名磁八千餘種照原本概打八折出售如蒙各界惠顧窰知言之　不謬也　[...],shunpao
SPSP191802230601,19180223,要聞一馮倪相持之近狀,shunpao
SPSP191812271001,19181227,本埠新聞民國七年上海大事紀,shunpao
SPSP191812281001,19181228,本埠新聞梁任公抵滬之迎護　　梁任公前電本,shunpao
SPSP189505210601,18950521,｛｛禮拜二拍賣,shunpao
SPSP191301180101,19130118,社論英藏交涉始末記,shunpao
SPSP191301220101,19130122,社論英藏交涉始末記,shunpao
SPSP191303120301,19130312,柏林電,shunpao
SPSP191305200701,19130520,南京,shunpao
SPSP191305231001,19130523,自由談游戲文章談鬼,shunpao
SPSP191305040101,19130504,要件宋案證據全錄,shunpao
SPSP191305070701,19130507,,shunpao
SPSP191305100101,19130510,要件宋案證據全錄,shunpao
SPSP191303251001,19130325,本埠新聞,shunpao
SPSP191306081101,19130608,來函中華女子同義會義捐啟嗟乎吾中華女界之沉淪四千年於兹矣對於社會不負絲毫之義務立於世界不享尺寸之權利若循此以往故步自封雖日望平權歲言參政基礎未立效果難言可預揣也雄飛麗春等雖係女流敢荒天職不揣冒昧組織同　[...],shunpao
SPSP191304190701,19130419,廣東官山拖輪焚斃多命慘劇,shunpao
SPSP191305301001,19130530,自由談游戲文章續新燄口,shunpao
SPSP191208110301,19120811,日俄協約後之邊防策　　日俄兩國協約成立與東三省前途甚有關係日來總統府因此迭開會議議决條件甚多即於昨日用密電分致奉吉黑三都督飭令遵行其最要條件如左　[...],shunpao
SPSP191301070101,19130107,中國郵政局特准掛號認爲新聞紙類明治四十一年四月二十一日第三種　便認可第一版社論俄蒙交涉檔案,shunpao
SPSP191301080101,19130108,中國郵政局特准掛號認爲新聞紙類明治四十一年四月二十一日第三種　便認可第一版社論俄蒙交涉檔案,shunpao
SPSP191301130101,19130113,中國郵政局特准掛號認爲新聞紙類明治四十二年四月二十一日第三種郵便認可第一版評論今後之大難問題,shunpao
SPSP191204140701,19120414,本埠新聞漢冶萍股東大會記　　四月十三號卽,shunpao
SPSP192002250801,19200225,國内要聞二紀梧州之火災　　梧州撫河口平安客棧於昨早,shunpao
SPSP192002261401,19200226,自由談社談重洋咨訪記,shunpao
SPSP192002270801,19200227,國内要聞二江西之實業譚,shunpao
SPSP192002060601,19200206,公電,shunpao
SPSP192002080301,19200208,時評勿忘根本,shunpao
SPSP192003221001,19200322,本埠新聞杜威博士南來之先聲,shunpao
SPSP192003260801,19200326,國内要聞二北京政府對軍事協定聲明電　　前軍政府根據唐總代表艶,shunpao
SPSP192003280801,19200328,國内要聞二魯省會之茶話會　　外交問題不滿於靳閣之答覆　　山東,shunpao
SPSP192005131001,19200513,本埠新聞工部局示諭妓寮領照辦法　　十三日,shunpao
SPSP192005291401,19200529,自由談閒話碧茵倩舞錄,shunpao
SPSP192005310201,19200531,時評死灰中之靳内閣,shunpao
SPSP192004300301,19200430,時評注意,shunpao
SPSP192009260301,19200926,時評政府除外之事業,shunpao
SPSP192009271001,19200927,本埠新聞山東外交協會蘇分會開會記　　山東,shunpao
SPSP192009100201,19200910,時評北方之大饑,shunpao
SPSP192008101001,19200810,本埠新聞美議員團離滬紀　　行程之更改美議,shunpao
SPSP191811050301,19181105,戰電　　倫敦電土耳,shunpao
SPSP191811101101,19181110,青年會今晚之演說　　四川路青年會德育演講會於本星期晚,shunpao
SPSP192003100601,19200310,專電北京,shunpao
SPSP191901101001,19190110,本埠新聞華絲出口之調查　　上海各洋行所購,shunpao
SPSP191911071001,19191107,本埠新聞英商會聨合會通過之議案　　字林報,shunpao
SPSP191912281001,19191228,本埠新聞民國八年上海大事紀,shunpao
SPSP191909090301,19190909,時評疏通吳佩孚,shunpao
SPSP191811240201,19181124,時評公理與實力,shunpao
SPSP191811241001,19181124,本埠新聞正式祝勝第三日盛况　公共租界昨日,shunpao
SPSP191811260201,19181126,時評眞心悔禍,shunpao
SPSP191811110701,19181111,南京快信,shunpao
SPSP191811151001,19181115,本埠新聞三誌慶祝戰功告成之盛况　　自十一,shunpao
SPSP191811170601,19181117,要聞陸子欣與歐戰和會,shunpao
SPSP191810280201,19181028,時評調和,shunpao
SPSP192010260801,19201026,申報第二張國内要闻二川軍佔領瀘叙紀　　國慶日之增一紀念　　川軍總攻擊瀘縣已有旬日未聞大動靜乃昨日突傳瀘縣被川軍佔領成都各界方以今年之國慶節冷淡寂寞得此消息頓增興味省城衞戍司令部亦張貼吿示令與人民同仲慶　[...],shunpao
SPSP192010301701,19201030,常識常評是非之心,shunpao
SPSP192012040801,19201204,國内要聞二旅京豫代表請求查辦趙倜　　旅京河南自治促進社對於河,shunpao
SPSP192012050801,19201205,國内要聞二孫中山到後之粤局　　孫庚伍抵粤後業與陳總司令商定三,shunpao
SPSP193001102501,19300110,本埠增刋商塲消息,shunpao
SPSP193302170901,19330217,宋子文在平之言動　　中央决定抗日　　成敗在所不計　　連日與張學良密商軍政問題　　接見各國公使及中外各記者　　北平通訊、宋子文日前由滬抵平、自有其特殊任務、十二晚七時、軍分會委員長張學良、在順承王府設宴　[...],shunpao
SPSP193302182201,19330218,職業的失業者  玉侖,shunpao
SPSP193304231201,19330423,汕頭路暗殺案,shunpao
SPSP193304190701,19330419,軍委會令易幹甫著就地槍决,shunpao
SPSP193206061301,19320606,本埠新聞陳銘樞昨電中央辭職,shunpao
SPSP193206221301,19320622,自由談童子口中的吃黨同志,shunpao
SPSP193302200701,19330220,王家烈電京報告黔變經過,shunpao
SPSP193302221001,19330222,本市新聞　　驚人慘耗　　男女工死傷百餘,shunpao
SPSP193303050901,19330305,巴拉圭參院,shunpao
SPSP193101291101,19310129,付之一笑海客　　少年,shunpao
SPSP193307050901,19330705,時評中國與國聯之技術合作  梓三日哈瓦斯社日内瓦電述宋子文向國聯行政院陳述技術合作計劃請。求指派聯絡,shunpao
SPSP193312300901,19331230,實部訂購巡艦七艘,shunpao
SPSP193312230701,19331223,羅斯福批准銀約世界銀價得穩定　　頒布文告鑄造銀幣　　遠東貿易因可大增　　倫敦觀察並不樂觀,shunpao
SPSP193311050601,19331105,時評進剿濼東土匪須注意善後工作  實,shunpao
SPSP193205221101,19320522,政友會護憲運動,shunpao
SPSP193308012601,19330801,盡盡人事罷了  士本　　『　郎　郎』一陣鈴聲，强有力地刺進我的耳鼓來。心想又是怎麽地方在開會議，搖鈴召集鎭民去參加。後來夾在鈴聲裏面又來了一聲：『大家打防疫針去！』，健忘的我頓時想起在幾天前A鎭上，已　[...],shunpao
SPSP193305281201,19330528,全市六十餘家,shunpao
SPSP193511191101,19351119,國際文化合作恊會昨舉行改組慶祝會　　國際文化中國協會、成立已近二載、最近因應國際間文化合作之需要、改組爲國際文化合作恊會、業於日前改組成立、在徐家匯徐園、舉行慶祝會、計到各國新舊會員與來賓百餘人、國籍　[...],shunpao
SPSP193503241101,19350324,新仁和輪　青年男女投江自殺　因婚姻問題而厭惡塵世　船主停輪施救已經不及　　航行崇明海門啟東上海之新仁和輸、於本月二十一日下午五時、由滬南五號碼頭開往海啟各港、於七時三刻、駛經吳淞口外獅子嶺之西、浮筒附　[...],shunpao
SPSP193407050701,19340705,時評新稅則與棉織業經,shunpao
SPSP193608251801,19360825,春秋女人與夜,shunpao
SPSP193710210501,19371021,專論敵人軍事上的第一次搖動,shunpao
SPSP193903261101,19390326,盛宅老僕之子　圖綁小主被捕　　綁架未成又圖索詐　　老僕得訊報捕拘獲　　漢冶萍煤礦公司經理盛澤承,shunpao
SPSP193907070901,19390707,防衛界內治安　兩租界戒備周密　各馬路要道於昨晚封鎖　交通孔道均將實施搜檢　　愛多亞路各馬路交通要道以及較僻小路、於昨晚十時半前、卽被封鎖、公共租界方面在愛多亞路外灘·江西路·山東路·西摩路·威梅衛路·　[...],shunpao
SPSP193906021101,19390602,頣中烟廠　香烟被竊案　小湖北圖害仇人　魏鴻林供出眞相　　浦東　商顧中烟草公司出品、委託楊道生以駁船包運出口、本年四月十四日夜間在浦江中、被竊賊乘夜深之際、盜去五大箱、共計二萬五千支、該案發生後、有湖北　[...],shunpao
SPSP193908021001,19390802,法租界報館區　防範愈行週密　雜糧交易所啓閉受限制　恐怖黨徒不能有所作為,shunpao
SPSP194009230801,19400923,吃角子老虎大五　犯案達十七次　拉愛來自稱係智利人　但財產則向美領登記　　「吃角子老虎大王」美籍猶太人傑克拉愛來因經營賭窟由工部局總辦費利溥、函請駐滬美領事館、加以逮捕、前日　[...],shunpao
SPSP194107121001,19410712,西報載中共文吿　實行民治主義　矢忠於「國家第一」觀念　團結各黨各派抵抗侵略,shunpao
SPSP194610110101,19461011,中常會一致通過蔣主席任期延長　全國各地共慶雙十節,shunpao
SPSP194310090101,19431009,社評　　論「公」與「私」　　「公」與「私,shunpao
SPSP194601060201,19460106,麥帥頒佈新指令後　日閣陷進退維谷　現正着手編造撤職人員名單　日官吏愛牽連將達二萬人,shunpao
SPSP194205180301,19420518,明永曆皇太后等　信奉天主教史料（上）,shunpao
SPSP194205200401,19420520,公共租界公用事業發表改訂新價定今日起一致實行　　公共租界上海電力公司·上海自來水公司·上海自來火公司、擬共同增加服務資費、業經工部局董事會核准、自今　[...],shunpao
SPSP194806060401,19480606,河南路硫磺爆炸大火災　列傷百餘消防警長殉職　食庫肇禍四隣遭殃損失無從估計,shunpao
SPSP194805110201,19480511,社論撲減五月漲風！,shunpao
SPSP194606270501,19460627,教育與体育　　滇主席准省參會請求　撥教育補助費廿億　雲南大學將得十分之三,shunpao
SPSP194609300601,19460930,馬帥向白部長等介紹　電化教育偉大成就　我國將大量拍製軍教影片,shunpao
SPSP192211160101,19221116,本館始剏自同治十一年即西曆一八七二年已在中國郵政特准掛號立劵按照總包特别優益寄送之報紙本館開設上海英租界山東路漢口路轉角第二十四號總理及編輯室電話一五七六號營業部電話九十五號公共日夜電話一五二七號本館　[...],shunpao
SPSP192211230101,19221123,本館始剏自同治十一年即西曆一八七二年已在中國郵政特准掛號立劵按照總包特别優益寄送之報紙本館開設上海英租界山東路漢口路轉角第二十四號總理及編輯室電話一五七六號營業部電話九十五號公共日夜電話一五二七號本館　[...],shunpao
SPSP192211240301,19221124,學藝雜誌四卷五號出版欲知杜里舒博士哲學的根據請看本誌的生機論！！！生機論………費鴻年教育哲學的體系,shunpao
SPSP192212120201,19221212,時評聽命於人,shunpao
SPSP192303030601,19230303,府原議軼出於範圍之外則同乙說高唱入雲謂『今日並無中國』謂今日中國『受惡人之統治』不能享此權利此在吾輩誠不必爲惡人辯護然中國自中國要不因其出有惡人而喪失國家之資格試觀各國歷史惡人何代無之政爭亦何代無之豈　[...],shunpao
SPSP192310270301,19231027,時評以敵攻敵之策,shunpao
SPSP192112060601,19211206,時評犧牲與和好,shunpao
SPSP192202050601,19220205,時評賣國,shunpao
SPSP191609200201,19160920,時評自作孽  冷,shunpao
SPSP191610200201,19161020,時評擱置  默,shunpao
SPSP191509050201,19150905,時評何必,shunpao
SPSP191603191101,19160319,美人結婚,shunpao
SPSP191710111001,19171011,本埠新聞祝賀國慶紀念之盛况　　昨爲雙十節,shunpao
SPSP191804010201,19180401,時評軍事三計畫,shunpao
SPSP191804070201,19180407,時評取粤,shunpao
SPSP191701030201,19170103,時評定,shunpao
SPSP191803040201,19180304,時評總統辭職說,shunpao
SPSP191304030101,19130403,論說大借欵合同草案第五條,shunpao
SPSP191305261001,19130526,本埠新聞宋案今日觀,shunpao
SPSP191811270201,19181127,時評光明正大,shunpao
SPSP192309061301,19230906,本埠新聞二關於日本地震大災之昨訊　　今日,shunpao
SPSP191604060201,19160406,時評三要人與十九省電,shunpao
SPSP194001211101,19400121,新政酒排間　經理昨被謀殺　身上發現現刀傷多處　起意似屬搶刦錢財　　英文大美晚報云、公館馬路朱葆三路廿六號「新政」酒吧間今　[...],shunpao
SPSP193812051001,19381205,海防中國領事館　便利客貨運輸　與海防中國旅行社合作　爲內地貨商報關及運輸,shunpao
SPSP192211240201,19221124,自稱招商局股東張士記頃滬上發現一種印刷品署名呈控上海招商局董事文件具呈人自稱招商局股東張士記潘宏記查本局張士記户名股分共九十股其三十股在滬上已詢明該所有者並未預聞此事餘六十股係香港股東所執並不在滬至潘　[...],shunpao
SPSP192006111001,19200611,本埠新聞舊國會議員談話會紀　　昨日,shunpao
SPSP192405210301,19240521,時評緊要之今日,shunpao
SPSP192405120801,19240512,負病游錫記（五）,shunpao
SPSP192504271201,19250427,常識增刋投稿新例　　一本增刊之材料包衛生經濟道德法制及敎育科學禮俗宗敎市政家政藝衛時箴字說雜錄問答各項投稿者請於篇首標題前將某項標明并請於信面標明申報館常識部　　一本增刊自十三年六月二十八日起每逢星期　[...],shunpao
SPSP192410090201,19241009,時評　　不戰屈人,shunpao
SPSP192403241301,19240324,本埠新聞捲煙業叟特稅之昨聞,shunpao
SPSP192403210601,19240321,國內專電二　　天津電　　馮玉祥催發表張之江綏還都統、曹恐馬福祥落空、猶躊躇、昨旅京甘人呈府院、以甘人治甘、馬將調甘肅省長、　[...],shunpao
SPSP192508091301,19250809,本埠新聞邢部第五團預備遷入龍華軍署,shunpao
SPSP192511140901,19251114,本埠新聞關於時局之本埠消息　　兩軍各取守,shunpao
SPSP192609091501,19260909,H>第四張本埠新聞二閘北市公所請廢截角,shunpao
SPSP192508071301,19250807,本埠新聞檢查出貨委員會之昨訊,shunpao
SPSP192605291901,19260529,本埠周刋天氣報告,shunpao
SPSP192606081901,19260608,本埠增刊團體消息參觀「春假」以後,shunpao
SPSP192606101301,19260610,本埠新聞公廨案交涉昨訊　　國聞通信社云關,shunpao
SPSP192611132301,19261113,藝術界藝術文化與都市,shunpao
SPSP192611141401,19261114,申報第四張次在一枝香列席三省人士會議籌備組織聨合會情形王恪成補充報告經列席諸君討論議决,shunpao
SPSP192611182101,19261118,藝術界提琴名家莫奇萊夫斯基到滬　燾　　▲今晚九時一刻在市政廳奏演　　莫奇萊夫斯基,shunpao
SPSP192611061301,19261106,〔申報第四張〕本埠新聞華界昨晚又特别戒嚴,shunpao
SPSP192608111601,19260811,工部局塡發新開米店執照工部局接上海總商會來函謂據米業嘉榖堂函稱兹有順大新開米店,shunpao
SPSP192608060501,19260806,時評統一,shunpao
SPSP192606210401,19260621,時評暫時不談,shunpao
SPSP192607150401,19260715,本館要電,shunpao
SPSP192607040401,19260704,本館要電,shunpao
SPSP192604182101,19260418,本埠增刊團體消息記者會舉行餐會之續聞　　新聞記者聨歡會本月份聚餐會係由汪英賓謝福生馬崇淦李嵩生四君輪,shunpao
SPSP192509271301,19250927,本埠新聞滬兵工廠决定結束,shunpao
SPSP192711011401,19271101,特别市黨部消息,shunpao
SPSP192712211301,19271221,本埠新聞中央全體會議,shunpao
SPSP192702172001,19270217,各團體消息公餘乒乓隊第二次大會萬國儲蓄會公餘乒乓隊於昨日下午一時假座該會叙餐室開第二次大會當由陳芹香君爲主席報告宗旨次選舉結果宋豹雄君當選爲第二任隊長末盡歡而散云楊凛知律師出席法公廨楊凛知律師因事務紛　[...],shunpao
SPSP192701080401,19270108,時評　　統籌大局,shunpao
SPSP192701090401,19270109,時評　　近年之變遷,shunpao
SPSP192708090601,19270809,時評不相値,shunpao
SPSP192812082301,19281208,今文選○遊雪浪山同瘦鵑珍侯兩伉儷曁伯翔大佛介子時敏條甫夢蝶爾仁作  百熙,shunpao
SPSP192906062201,19290606,蓓開聽曲記  舍予　　日前往蓓開唱片公司。適該公司去臘在北平所收名伶之樣片由德國寄到。飽聽一過。心暢神怡。無異到北平聽來一次堂會。計楊小樓之夜奔冀州城。馬富祿之玉堂春。　[...],shunpao
SPSP192905302101,19290530,自由談,shunpao
SPSP192906091501,19290609,本埠新聞二吳子培之荒唐結果,shunpao
SPSP192906101701,19290610,自由談,shunpao
SPSP192901101901,19290110,自由談勵志社開幕追記  羽軍,shunpao
SPSP192809190901,19280919,本館要電,shunpao
SPSP192901231301,19290123,本埠新聞　　　　芳澤定今日晉京　　　　日,shunpao
SPSP192902052101,19290205,自由談衛生部見聞紀  鄒味韶,shunpao
SPSP192908031301,19290803,本埠新聞　　昨日交部接收建委會無綫電,shunpao
SPSP192907301401,19290730,軍政部接收航空會告竣,shunpao
SPSP192210020301,19221002,時評飢鷹餓虎,shunpao
SPSP192210230301,19221023,時評今後時局之變化,shunpao
SPSP192208171001,19220817,國内要聞二魯案中日委員會會議紀,shunpao
SPSP192212151001,19221215,國內要聞二　　洛陽整頓鄂省稅欵之會議,shunpao
SPSP192212171301,19221217,本埠新聞,shunpao
SPSP192212241501,19221224,本埠新聞二　　一週間之金融調查　　進出口,shunpao
SPSP192309081701,19230908,本埠新聞三中法錦繡部之廉價,shunpao
SPSP192309020401,19230902,時論,shunpao
SPSP192309061701,19230906,本埠新聞三太平洋公司廉價將滿期,shunpao
SPSP192308271801,19230827,評「恃富欺貧」影片　　上海大戲院近演聶哥拉魔術特於日間開映影戲將已映過之佳片每日輪流重映前日映恃富欺貧一片余以上次未往遂乘機往觀焉此劇情節略述美洲西部有一小村落山環水繞景色秀麗村中有一少女名巴蘭者與祖　[...],shunpao
SPSP192310010301,19231001,國内專電　　北京電陷,shunpao
SPSP192308131701,19230813,本埠新聞三新到大批留聲機之中國唱片,shunpao
SPSP192308151701,19230815,本埠新聞三蜜心糖果公司開幕誌　　靜安寺路,shunpao
SPSP192308311701,19230831,本埠新聞三天怡洋行經售獅馬牌香烟,shunpao
SPSP192303261801,19230326,對日外交之通俗演講會紀　演講種種眼前之急務新閘路西新康里民國公學將開通俗演講會已誌昨報茲悉昨日上午十時該校實行開會校長許上　召集全體學生列席學生家屬男女來賓均甚衆首由校長報告一切次由方巽光演講題爲「二　[...],shunpao
SPSP192311091501,19231109,本埠新聞二軍使令築新西區道路,shunpao
SPSP192311120201,19231112,時論,shunpao
SPSP192310150301,19231015,時評一手經理,shunpao
SPSP192308031701,19230803,本埠新聞三石印用之印石到滬,shunpao
SPSP192308091301,19230809,本埠新聞江浙弭兵運動之昨訊,shunpao
SPSP192308101801,19230810,「義夫碑」影片之又一評論　　上海大戲院映演之「義夫碑」影片爲美國環球Univensal影片公司一九一九年出品其原題BlindHusband之命意係指一種愚昧之男子自減其夫婦間之愛情而任其妻室之另就新歡　[...],shunpao
SPSP192305301701,19230530,本埠新聞三柯達公司之新目錄　　江西路六十,shunpao
SPSP192301230301,19230123,時評閩局之收拾,shunpao
SPSP192301151001,19230115,國内要聞三閩局可望和平解决,shunpao
SPSP192301280801,19230128,自由談家庭週刋第七十四期家庭革,shunpao
SPSP192207172001,19220717,常識　　（一）投稿本增刋者其材料除衛生法制道德經濟四項外增教育科學宗教市政雜錄問答六項其語涉攻訐個人者恕不登載　　（一）投稿者篇末須開明姓名曁詳細地址最好黏一名片每句請自加單圈若篇幅過長及繕寫潦章字跡　[...],shunpao
SPSP192112012001,19211201,常識常評一百六十人之兩月  箴,shunpao
SPSP192110110601,19211011,時評進退與情面,shunpao
SPSP192202031201,19220203,國内要聞二温佩珊在寗之演講　　太平洋會議情形　　本日,shunpao
SPSP192202041201,19220204,國内要聞二江蘇義務敎育期成大會期　　時間……二月二十五日,shunpao
SPSP192112162001,19211216,常識常評裁兵之第一人  覺,shunpao
SPSP191608040201,19160804,時評今之人才,shunpao
SPSP191608080701,19160808,紀山東安邱之小衝突,shunpao
SPSP191610010201,19161001,時評言之價値  冷,shunpao
SPSP191610020201,19161002,時評合從連横  冷,shunpao
SPSP191704171501,19170417,四十年前之鉅案　　楊月樓案,shunpao
SPSP191609220701,19160922,蘇省警廳紀念會續誌　　寗垣於十九號開蘇省會警察廳三過紀念會會場情形已錄昨報茲再將是日開會節目并呈　錄後　　開會程序行禮　[...],shunpao
SPSP191608180701,19160818,鎭江鄕民聚衆焚毁小輪,shunpao
SPSP191608221001,19160822,本埠新聞十三誌離奇駭怪之烟土案　　公廨研,shunpao
SPSP191703100201,19170310,時評保障,shunpao
SPSP191703101401,19170310,自由談游戲文章擬鳳凰訓誡百鳥詔,shunpao
SPSP191607151001,19160715,本埠新聞滙豐經理贊成工部局自發鈔幣,shunpao
SPSP191610170701,19161017,說得如何可怕然至今未聞有何影響聞十一日某又至軍署報告云有匪徒旦夕將在武漢暴動擬放火焚掠巿場王仍信以爲實當復密令各師旅團營加緊戒嚴增派部隊巡緝放哨連日未敢稍涉鬆懈所　省垣並無火警漢口日來雖曾兩次報火　[...],shunpao
SPSP191610210701,19161021,,shunpao
SPSP192203040601,19220304,國内專電二　　北京電今日閣議,shunpao
SPSP192204110301,19220411,時評倒行逆施,shunpao
SPSP192203172001,19220317,常識常評非選舉（二）,shunpao
SPSP192203201001,19220320,國内要聞二陳樹藩在川之行動,shunpao
SPSP192203231001,19220323,國内要聞二廣東中美人士歡宴美使演說華會之結果,shunpao
SPSP192201181601,19220118,常識常評亡國之兆,shunpao
SPSP192201191601,19220119,常識常評清議,shunpao
SPSP192201201601,19220120,常識常評戒媚竈說  老圃,shunpao
SPSP192201211601,19220121,常識常評王八說,shunpao
SPSP192112291201,19211229,本埠新聞二甘肅正劵開奬誌,shunpao
SPSP192007090801,19200709,國内要聞二譚延闓已返長沙　　譚延闓赴岳之行名爲賑災犒軍實則尚,shunpao
SPSP192004010801,19200401,國内要聞二漢口美商會成立,shunpao
SPSP192004101001,19200410,本埠新聞中英商界在卡爾登之盛會　　怡和洋,shunpao
SPSP192004111001,19200411,本埠新聞參觀荷蘭過滬艦隊紀　　今日尚可前,shunpao
SPSP192004151001,19200415,本埠新聞學生全體大會紀事　　上海學生聯合,shunpao
SPSP192004231401,19200423,自由談閒話滬濱隨感錄,shunpao
SPSP192007110801,19200711,國内要聞二段祺瑞請拿辦曹吳呈文,shunpao
SPSP192007250801,19200725,國内要聞二黨人圖粤紀,shunpao
SPSP192011041401,19201104,自由談閒話中國婚禮奇談,shunpao
SPSP192011070801,19201107,國内要聞二魯公署之救濟財政會山東田兼省長定於本月三號下午二鐘,shunpao
SPSP192107082001,19210708,常評適當與準確  漸無論求學與辦事貴有適當與準確之知識是説也蓋人人能道之然而適當未易言也準確更未易言也能適當矣或能準確矣往往有理論雖極準確而按之事實或不甚適當者事實固亦適當而按之理論或不甚準確者故欲兼　[...],shunpao
SPSP192106111601,19210611,常識常評文治與武力,shunpao
SPSP192106191001,19210619,本埠新聞穆抒齋爲裁釐抵補稅宴客紀　　德大,shunpao
SPSP192108191201,19210819,陳光遠勸湘鄂息爭　　南北戰爭五年不决國家破産人民塗炭江西界鄰湘粤時有風鶴之驚近者湘鄂戰爭影響贛省甚大贛人旣不以捲入漩渦爲然陳督亦惟於贛之西南增兵防邊不肯輕易啓釁月初蔣作賓曾有來電請守中立湘鄂要人如黎元　[...],shunpao
SPSP192109150601,19210915,時評各　督商議,shunpao
SPSP192108022001,19210802,常識常評耳學  老圃,shunpao
SPSP192108031201,19210803,國内要聞二山東黃河決口之慘狀　　山東利津縣居黃河下游險工林立,shunpao
SPSP192108032001,19210803,常識常評外交與内争覺,shunpao
SPSP192108071201,19210807,國内要聞二東三省通訊,shunpao
SPSP192101271001,19210127,本埠新聞舊曆庚申年金業之盈餘,shunpao
SPSP192101290601,19210129,專電二,shunpao
SPSP192011200801,19201120,國内要聞二福州通信,shunpao
SPSP192102140801,19210214,國内要聞二紀北京之青年自立會靜觀　　舊曆新年中有價值之點綴,shunpao
SPSP192102161001,19210216,本埠新聞上海呢絨業公會致各洋行函　　擬具,shunpao
SPSP192102170801,19210217,國内要聞二湘省舊年關之經過,shunpao
SPSP192101050801,19210105,國内要聞二厦門柴米之恐慌　　厦門柴米專仰漳州運來上年又有南洋,shunpao
SPSP192101100601,19210110,,shunpao
SPSP192106010801,19210601,國内要聞二粤軍人騷擾省銀行,shunpao
SPSP192106021601,19210602,常識常評解釋之誤解,shunpao
SPSP192106030601,19210603,命令,shunpao
SPSP192205071501,19220507,本埠新聞二紗業徴稅局長彙送零收賑捐,shunpao
SPSP192205151501,19220515,本埠新聞二益德會徴求第一次揭曉,shunpao
SPSP192206031301,19220603,本埠新聞徐世昌出京之外訊,shunpao
SPSP192011121701,19201112,常識常評號馬考,shunpao
SPSP192011151401,19201115,自由談閑話南溟息羽記,shunpao
SPSP192011171001,19201117,本埠新聞法租界請展限調查選,shunpao
SPSP192104100601,19210410,專電,shunpao
SPSP192105130801,19210513,國内要聞二孫中山廣州就職紀昨五日爲孫中山就職之期午前八時半先,shunpao
SPSP192105171001,19210517,本埠新聞中國學生在美國之榮譽,shunpao
SPSP192103190801,19210319,國内要聞二京滬間之郵便飛行談　　中美新聞社譯密勒評論報北京通,shunpao
SPSP192103220801,19210322,國内要聞二劉存厚解職後之成都　　熊錦帆氏下野人多知其有大作用,shunpao
SPSP192105081001,19210508,本埠新聞請提地税等槪作省税之意見,shunpao
SPSP192104121001,19210412,本埠新聞工部局增加地稅房捐之提議,shunpao
SPSP192103231001,19210323,本埠新聞津浦路防疫近訊　　疫勢已减滬寗滬,shunpao
SPSP192103250601,19210325,中華民國十年三月二十五日星期五,shunpao
SPSP192104301001,19210430,本埠新聞續誌旅館内盜匪拒捕案　　昨日解公,shunpao
SPSP192106260801,19210626,國内要聞二浙省憲紀聞（四）,shunpao
SPSP192106271401,19210627,本埠新聞昨日之國民大會　　軍警把守公共體,shunpao
SPSP192111121001,19211112,命令,shunpao
SPSP192111141201,19211114,國内要聞二南方要人之北伐論　　粤軍凱旋各方要人均來廣州子昨謁,shunpao
SPSP192110152001,19211015,常識常評處世  老圃,shunpao
SPSP192101150801,19210115,國内要聞一豫財廳交代中之糾葛,shunpao
SPSP192101180801,19210118,國内要聞二天津災區中之警匪,shunpao
SPSP192101190801,19210119,國内要聞二蘇議會被毁案預審紀　　機工搗毁議會毆傷議員案地檢廳,shunpao
SPSP192012211401,19201221,自由談遊記遼東半島紀行,shunpao
SPSP192012310801,19201231,國内要聞二東三省通訊,shunpao
SPSP191501030901,19150103,本埠新聞,shunpao
SPSP191501060101,19150106,要件　　關於中俄國境變遷之提案,shunpao
SPSP191501150101,19150115,要件　　關於中俄國境變遷之提案,shunpao
SPSP191312260701,19131226,廣東,shunpao
SPSP191410040101,19141004,遊記羗海雜誌,shunpao
SPSP191502020701,19150202,無　錫,shunpao
SPSP191502200701,19150220,揚州,shunpao
SPSP191412200201,19141220,時評,shunpao
SPSP191412250901,19141225,驥製珍品参茸廣嗣金丹古云孤陰不生獨陽不長陰陽交合而後萬物青焉故草木先凋而開花結寔禽獸交尾而物類滋生此天地自然之至理即陰陽變化之大道也顧男女秉陰陽二氣以蕃殖其種族若男子陽精不足或女子陰血虧損則雖有交合之　[...],shunpao
SPSP191501160101,19150116,要件　　關於中俄國境變遷之提　　案,shunpao
SPSP191501311101,19150131,雜評三,shunpao
SPSP191511190101,19151119,遊記羗海雜誌續編,shunpao
SPSP191512041101,19151204,氣候報告,shunpao
SPSP191512101401,19151210,自由談游戲文章戲擬小的賀大人老,shunpao
SPSP191512110201,19151211,時評各行其是,shunpao
SPSP191512180201,19151218,時評中國人之中立性,shunpao
SPSP191601111101,19160111,稱曾在張陳氏身畔搜出僞小洋數角請爲訊究質之被告等均供不承認中西官以僞小洋旣在張氏身畔抄出豈容狡賴判張陳氏押女所半年劉與夏李氏從寛斥釋　[...],shunpao
SPSP191601210201,19160121,時評困難之時,shunpao
SPSP191312061401,19131206,自由談游戲文章戲代殷洪喬答二川,shunpao
SPSP191312100101,19131210,通信　　法國憲法成立之歷史,shunpao
SPSP191312121401,19131212,自由談游戲文章戲代阿招再上某警,shunpao
SPSP191307051101,19130705,法租界,shunpao
SPSP191307061101,19130706,法租界,shunpao
SPSP191307111101,19130711,法租界,shunpao
SPSP191307130701,19130713,南京各軍官尚其少安毌躁北京陸軍部前接南京軍界聯合會函呈一件文字蕪雜不堪卒讀且牽及鐵血團措詞甚爲荒謬味其語意係請將南京各軍官提前補授實官段總長閱後以匿名函件本可不理惟軍人集會久懸嚴禁該軍官等竟敢揭　軍界　[...],shunpao
SPSP191306101001,19130610,自由談游戲文章擬爲毛于思致唐紹,shunpao
SPSP191306210101,19130621,外論飛行術與軍事上之關係,shunpao
SPSP191306220301,19130622,關于籌備藏約之預聞　　中英兩方面因西藏事將於大吉嶺各派代表商訂條約並准西藏加入協議一事久誌各報茲探聞關於籌備西藏條約二事如下　　　[...],shunpao
SPSP191308180101,19130818,通信諭共和憲法三大模範及其行政立法兩權之消長,shunpao
SPSP191309201001,19130920,自由談游戲文章擬月覆吳彩鸞書,shunpao
SPSP191309251101,19130925,專件國務會議議决六條,shunpao
SPSP191309060101,19130906,外論英人之上海治安論,shunpao
SPSP191309091101,19130909,閘北第二初級審判廳批谭三大扭訴許王氏欠租逃避案批戕悉已據許王氏聲請分三期拔還儘本月十五日以前繳洋六元四角十月份繳洋六元十一月份全數繳清仰即按期來廳具領可也樓連生訴賢秀積欠房租案批旣據呈稱欠租已經收到自　[...],shunpao
SPSP191307211001,19130721,自由談游戲文章兩議院賦仿阿房宫,shunpao
SPSP191306271001,19130627,本埠新聞宋敎仁安葬誌盛　　昨日爲前農林部,shunpao
SPSP191412020701,19141202,地方通信　　蘇州　　圖差之神通,shunpao
SPSP191412050101,19141205,要件　　北滿洲與俄國之關係,shunpao
SPSP191412130101,19141213,要件　　新疆省與俄國之關係,shunpao
SPSP191412130701,19141213,地方通信,shunpao
SPSP191511041101,19151104,公共公廨瑣案彚錄,shunpao
SPSP191510260101,19151026,譯述歐西報業舉要,shunpao
SPSP191509220201,19150922,時評名實,shunpao
SPSP191509230101,19150923,專件民國實業銀行章程第一章總則　　第一條本銀行以輔助實業發逹,shunpao
SPSP191509261101,19150926,皮匠急病身死,shunpao
SPSP191509270201,19150927,時評速决,shunpao
SPSP191509271101,19150927,鄰人乘間行竊衣物,shunpao
SPSP191510111401,19151011,自由談游戲交章新字類賦目補遺,shunpao
SPSP191509041301,19150904,友人洵不我欺敬啟者鄙人體氣素弱自担任路局職務繁重昕夕不遑用腦過甚輒覺頭目眩暈腰酸背痛雖在壯年頗現頽唐之象友人勸服五洲大藥房自來血據云渠亦曾患同等之疾幾成怯症繼服自來血一月諸恙悉除鄙人當即購服逾兩星期之　[...],shunpao
SPSP191510270701,19151027,實現也,shunpao
SPSP191510281001,19151028,中華民國四年十月二十八日星期日,shunpao
SPSP191506010101,19150601,譯述歐西報業舉要,shunpao
SPSP191506040101,19150604,快快快快去儲金救國譯述　　歐西報業舉要,shunpao
SPSP191506130101,19150613,歐西報業舉要,shunpao
SPSP191508030301,19150803,俄軍之近訊,shunpao
SPSP191508030701,19150803,地方通信蘇州,shunpao
SPSP191508080701,19150808,地方通信鎭江,shunpao
SPSP191506140101,19150614,譯述歐西報業舉要,shunpao
SPSP191506180201,19150618,時評再論平民生計,shunpao
SPSP191506181101,19150618,來件美康南耳大學中國學生致留美同學及僑胞,shunpao
SPSP191506201101,19150620,來稿中國自救議一　　譯公論西報美國博士李佳白著　　吾人對於中國具天然之,shunpao
SPSP191506220701,19150622,揚州　　卜易憤恨　生揚州古旗亭街居民卜易前在南京法政學校畢業頗具愛國熱心去歳以監獄未能實行改良曾著監獄改良書上司法部未蒙錄用近因蘇贛粤官銷印土又復著有一書曰敬告蘇贛粤同胞書篇幅顯長兹於月之十五號忽然離　[...],shunpao
SPSP191507221101,19150722,泥水匠跌傷面部,shunpao
SPSP191507280701,19150728,地方通信松江,shunpao
SPSP191507300201,19150730,時評天警,shunpao
SPSP191507301701,19150730,救國儲金中國銀行收欵清單　　七月二十日第八十五次報告　　第四百六十四册八十七號至九十七號萬哲蓀五元俞式龍三元林慶　一元殷企成三元程璧恒三元陳望山五元郭聲洲一元戴君卿一元楊大坤一元金時中三元祥元公司五月　[...],shunpao
SPSP191506260701,19150626,鎭江,shunpao
SPSP191506290201,19150629,時評特别律,shunpao
SPSP191606030201,19160603,時評命令之解釋,shunpao
SPSP191606040201,19160604,時評北京之今日,shunpao
SPSP191606060201,19160606,時評天道循環,shunpao
SPSP191606061101,19160606,乘間行竊,shunpao
SPSP191606070201,19160607,時評前總統袁世凱去世,shunpao
SPSP191605050101,19160505,遊記羗海雜誌,shunpao
SPSP191605051101,19160505,誘賭受罰,shunpao
SPSP191605070201,19160507,時評夢想不到,shunpao
SPSP191605210201,19160521,時評千變萬化,shunpao
SPSP191605250701,19160525,岑都司令兩要電,shunpao
SPSP191604051101,19160405,攔路搶刦類誌　　匪徒吳文雲在南京路　取桂周氏值洋圓百元之珠花一朶由捕追獲拘押捕房昨晨解送公共公廨經關讞員會同美副領事郭君訊實判吳押西牢半年贓交原告領回　　蔡胡氏控流氓朱阿榮陸阿德諸　榮在牯嶺路串搶金挖　[...],shunpao
SPSP191604061101,19160406,展限繳淸地價陳掌全至法公堂控前充四國地保之林鴻生虧欠地產找價洋三百元屢向索取置之不理判林交人銀兩保限七天還淸今已届限原告又求訊追林繳洋二百元餘求寛限措繳判展限七天繳淸　[...],shunpao
SPSP191604090201,19160409,時評無法可施,shunpao
SPSP191604121101,19160412,串竊香烟,shunpao
SPSP191604130201,19160413,時評浙江獨立,shunpao
SPSP191604131001,19160413,本埠新聞喧傳浙江獨立之影響昨日滬杭火車不,shunpao
SPSP191604140101,19160414,遊記羗海雜誌,shunpao
SPSP191604150101,19160415,遊記羗海雜誌,shunpao
SPSP191604190201,19160419,時評間隙,shunpao
SPSP191604260101,19160426,遊記羗海雜誌,shunpao
SPSP191606110201,19160611,時評根本與枝葉,shunpao
SPSP191606170601,19160617,要聞二帝制派有下台消息　　張勳電請　刻據某方消息云徐州張定武,shunpao
SPSP191604290201,19160429,命令,shunpao
SPSP191409021101,19140902,中人捺住地價,shunpao
SPSP191409030101,19140903,遊記羗海雜誌,shunpao
SPSP191409110101,19140911,遊記羗海雜誌,shunpao
SPSP191408190201,19140819,時評土耳其與中國,shunpao
SPSP191411040201,19141104,時評習慣性,shunpao
SPSP191411060201,19141106,時評說忠,shunpao
SPSP191411091101,19141109,雜評三紅十字旗訥,shunpao
SPSP191402211101,19140221,搜獲烟土,shunpao
SPSP191401121301,19140112,自由談游戲文章嘲便壺,shunpao
SPSP191401141101,19140114,調查誘匿養媳之虚實虹口胡家木橋鄉民翟長雲控金榮富誘匿養媳有婦人吳徐氏爲證當經閘北警區將金拘送初級廳移解地方廳請爲訊辦前日山檢察官預審金不供認並稱實遭吳徐氏挾借錢不遂之嫌任意誣害判金押候派警赴胡家木橋調　[...],shunpao
SPSP191401190901,19140119,京都達仁堂我京師同仁堂自前清康熈壬午年開設迄今近三百載虔修各種丸散膏丹選料不惜重價必求其精泡製不憚煩難必合平法是以服食者效應如響中外馳名歷久愈著比來南中往購者紛至沓來大有應接不暇之勢達仁感當時相需之殷　[...],shunpao
SPSP191401060701,19140106,專件　　張總長道制草案,shunpao
SPSP191402131101,19140213,洋三元充公以儆王根福前日至南京路全昌祥洋貨店以購物爲由乘間竊取羽綢一疋當被察破鳴捕拘入捕房昨解公堂訊供不諱判王押西牢一年王阿榮控姚杏生行竊皮衣三件昨由捕房將姚拘解公堂訊知事出内地判送地方檢察廳訊辦　[...],shunpao
SPSP191402160101,19140216,游記新疆旅行記,shunpao
SPSP191402170101,19140217,游記新疆旅行記,shunpao
SPSP191505060101,19150506,譯述歐西報業舉紀要,shunpao
SPSP191505150201,19150515,時評我國人之所思,shunpao
SPSP191505231001,19150523,本埠新聞遠東運動會比賽之結果　　　　遠東,shunpao
SPSP191503300101,19150330,著述歐西報業舉要,shunpao
SPSP191411260201,19141126,時評　　日本之政爭,shunpao
SPSP191411290101,19141129,要件　　北蒙古與俄國之關係,shunpao
SPSP191411290701,19141129,地方通信,shunpao
SPSP191404230101,19140423,游記新疆旅行記,shunpao
SPSP191402031401,19140203,自由談游戲文章新年竹枝詞,shunpao
SPSP191402050201,19140205,時評回扣,shunpao
SPSP191406210201,19140621,時評白狼,shunpao
SPSP191406101101,19140610,誌謝,shunpao
SPSP191406101401,19140610,自由談游戲文章參政員薪水之解剖,shunpao
SPSP191406160701,19140616,南京,shunpao
SPSP191406161101,19140616,來函六安縣商學界顧民喦等函,shunpao
SPSP191406180201,19140618,時評白狼又突圍矣,shunpao
SPSP191405051101,19140505,來函方子雲等來函,shunpao
SPSP191405100101,19140510,調查述中國鐵路權之瓜分,shunpao
SPSP191404071401,19140407,自由談游戲文章拿破崙論,shunpao
SPSP191403160701,19140316,要件褒揚條例,shunpao
SPSP191403290701,19140329,賽會勸導員蒞寗紀,shunpao
SPSP191609040201,19160904,時評底力  冷,shunpao
SPSP191611161501,19161116,[Ｇ>　　一等槳耑治小兒百病無憂散　　本　虔條小兒百病無憂散又名加味保亦萬應散專治小兒急慢驚風談延　塞　吐不乳五疳十積瀉痢　　肚大項細大便不得夜啼口爛停飮停食等症如病在上焦一吐腳愈病在中焦一汗即愈　[...],shunpao
SPSP191708241401,19170824,自由談游戲文章乞巧辭,shunpao
SPSP191708290201,19170829,時評不明之點,shunpao
SPSP191806080201,19180608,時評龍濟光,shunpao
SPSP191411120201,19141112,時評　　靑島以外之戰區,shunpao
SPSP191411220201,19141122,時評　　一致,shunpao
SPSP191411230101,19141123,要件　　北蒙古與俄國之關係,shunpao
SPSP191810070201,19181007,時評,shunpao
SPSP191809040601,19180904,要聞二西報紀外交兩事禁止金銀銅出境問題改換中東路軌道問題,shunpao
SPSP191809160201,19180916,時評窺測時局,shunpao
SPSP191809210201,19180921,時評把握,shunpao
SPSP191708170201,19170817,時評宣戰後之希望,shunpao
SPSP191804211001,19180421,本埠新聞拯救海參崴華僑八誌,shunpao
SPSP191804280701,19180428,山東茌平縣失陷詳情　　山東茌平縣失陷消息早誌本報兹又得詳函錄之如下十六號早四鐘匪乘守城者疲勞睡熟之際由南城用杉篙綠梯而入約有二十餘人遂即開門縱大隊進城首刦鹽店時某知事在該店打牌甫竣聞警戰慄無人色幸經侍　[...],shunpao
SPSP191805080701,19180508,要聞二示禁止無如日久玩生每於夕陽將下時仍萌故態六號傍晚又有王,shunpao
SPSP191805091001,19180509,本埠新聞英人對於中國稅務之議論,shunpao
SPSP191804120601,19180412,要聞二湘鄂最近之情况,shunpao
SPSP191805270201,19180527,時評智盡能竭,shunpao
SPSP191803290601,19180329,要聞二邊警中之江省消息俄過激派在庫倫煽動聲勢甚盛庫倫辦事長官,shunpao
SPSP191703280201,19170328,時評第四步,shunpao
SPSP191703310701,19170331,南京快信　　軍署連日開軍事會議關防極嚴聞馮副座昨晚巳有極長密電致致府報告會議結果　　省議會今日,shunpao
SPSP191711110701,19171111,杭州快信敎育廳經費年定四萬金内部组織僅設三科每科一科長四科員另設助理若干員新任伍廳長南下時總次兩長薦函已逹二十一名之多現各機關又紛紛舉薦一時苦難安挿頗費躊躇艮山門火藥庫自八月間觸電被燬後至今尙未收復昨　[...],shunpao
SPSP191711111001,19171111,本埠新聞調查滬市貨幣流通狀况上海總商會致,shunpao
SPSP191711120301,19171112,日美宣言與中國政府日美兩國以中國題目交换意見發表宣言無論其内容如何自中國言之當認爲非常之事乃石井渡美三月未聞我政府有何等活動有何等準備目光精力全用在國内西南之一角今日美宣言突然披露聞政府數日前始擬議及　[...],shunpao
SPSP191711130201,19171113,時評俄國之政變,shunpao
SPSP191711150701,19171115,第二張,shunpao
SPSP191711151101,19171115,私運紅土之捕風捉影海關扦巡昨據線人密報謂有潮州人某甲由香港購買紅土三麻袋搭輪來滬停泊浦東等情該扦巡當即前往查抄無着旋據該碼頭巡丁云該輪於十二號夜十一時傍埠翌日黎明時見一客人排帶行李及蔴袋包三個雇工搬運　[...],shunpao
SPSP191801250601,19180125,要聞二中央最近對於時局之主張　　昨,shunpao
SPSP191712130201,19171213,時評神經有病,shunpao
SPSP191702181401,19170218,自由談游戲文章擬上界女仙預防女,shunpao
SPSP191703040201,19170304,時評國會同意,shunpao
SPSP191703060201,19170306,一叚决去則繼者以徐王爲最近,shunpao
SPSP191703070701,19170307,鄂省抗告中之陳時案鄂省議員趙光弼等控當選參議員陳時年齡不合被選資格一案陳時於高等廳二次傳訊之際忽以拒却審判爲詞提出抗告由高等廳將全案卷宗理院核辦嗣陳時忽又通電全國指斥高等廳確有袒庇原告情事致觸高等廳長　[...],shunpao
SPSP191612220201,19161222,時評上行下效,shunpao
SPSP191701291401,19170129,自由談游戲文章人日獻國民幸福頌,shunpao
SPSP191706020201,19170602,時評聲勢洶洶,shunpao
SPSP191704120201,19170412,時評外交與軍人,shunpao
SPSP191706181001,19170618,本埠新聞交涉員聲述馮副總統之政見　　交涉,shunpao
SPSP191704020701,19170402,南京快信　　省議會昨,shunpao
SPSP191704030201,19170403,時評外交前途,shunpao
SPSP191706250201,19170625,時評寗人息事之見解,shunpao
SPSP191706250701,19170625,杭州快信,shunpao
SPSP191706280701,19170628,取消立後之皖省,shunpao
SPSP191611280101,19161128,要件游戲敎育,shunpao
SPSP191612010201,19161201,時評約縱連横之借欵,shunpao
SPSP191608290701,19160829,鄂省小票問題　　湖北各縣近因官票充斥銅元缺乏以票兌錢折扣甚巨故持票購物商店皆不肯找零市面滯百物昂貴民生困迫日甚於是各城鎭商會著名商店遂有發行小票活動市面之舉其票面價格自五十文百文以至五百文不等乃發行未　[...],shunpao
SPSP191610270701,19161027,,shunpao
SPSP191610300701,19161030,,shunpao
SPSP191607300701,19160730,地方通信蘇州　　撤換國民學校校,shunpao
SPSP191803270601,19180327,要聞二中央各機關瑣誌,shunpao
SPSP191803010201,19180301,時評停,shunpao
SPSP191803030601,19180303,要聞二和戰併行時之鄂聞,shunpao
SPSP191301150101,19130115,評論政治目的與經濟目的之衝突,shunpao
SPSP191301240101,19130124,評論余之時局評,shunpao
SPSP191301250101,19130125,社論差强人意之消息,shunpao
SPSP191301290101,19130129,社說西藏用兵記,shunpao
SPSP191302161001,19130216,自由談游戲文章重婚法開喪,shunpao
SPSP191302181001,19130218,自由談游戲文章娛樂之改良觀,shunpao
SPSP191302260101,19130226,社說河東抗命始末記,shunpao
SPSP191305221101,19130522,專件江蘇省會議决案　　咨民政長議决本省單行條例公布施行規則案,shunpao
SPSP191305281001,19130528,本埠新聞宋案今日觀,shunpao
SPSP191305090301,19130509,要聞一衆議院第三次會議,shunpao
SPSP191305101101,19130510,法租界,shunpao
SPSP191305111101,19130511,拐匿無憑,shunpao
SPSP191306011101,19130601,實行改組警察廳,shunpao
SPSP191306040301,19130604,武穴自治商會公叩印沁等語合特轉逹併請大總根究揑改電報之人以昭事實黎元洪儉印二軍官報告之虚妄奉都督府傳知九江歐陽師長通電一件中有武穴進兵一節全屬子虚前者湖北遣散軍隊甚多瑞昌毗連鄂境距武穴四十五里派兵一營　[...],shunpao
SPSP191305140101,19130514,通信論巴爾幹戰後及歐陸政局,shunpao
SPSP191305141001,19130514,自由談游戲文章巿政廳閉門記,shunpao
SPSP191305181101,19130518,惠書誌謝,shunpao
SPSP191301100101,19130110,,shunpao
SPSP191301110101,19130111,中國郵政局特准掛號認爲新聞紙類明治四十二年四月二十二日第三種　便認可第二版社論俄蒙交涉檔案,shunpao
SPSP191209260701,19120926,本埠新聞外交圑又欲擴張馬路　　北四川路迤,shunpao
SPSP192002131001,19200213,本埠新聞王專使與京津學生代表談話　　反對,shunpao
SPSP192002061001,19200206,本埠新聞英人抨擊借欵之又一快論　　字林報,shunpao
SPSP192002071001,19200207,本埠新聞全國各界聯合會對外宣言,shunpao
SPSP192002100801,19200210,國内要聞二京華短簡　　昨日星期六國務例會上午十一點十五分開議,shunpao
SPSP192002111001,19200211,本埠新聞滬各界爭外交救學生之表示　　華界,shunpao
SPSP192005111401,19200511,自由談閑話歇浦閒話,shunpao
SPSP192005271401,19200527,自由談遊記舊金山瑣談,shunpao
SPSP192003310801,19200331,國内要聞二豫匪慘殺英敎士紀詳,shunpao
SPSP192009260801,19200926,國内要聞二廣州通信平,shunpao
SPSP192009270801,19200927,國内要聞二東三省使署之大會議　　張巡閱使以鮑吉督現巳來奉特於,shunpao
SPSP192009170601,19200917,專電二,shunpao
SPSP192008210601,19200821,專電二香,shunpao
SPSP191812160601,19181216,要聞北方决定代表後消息　　北方議和代表已於前晚由國務院發給第,shunpao
SPSP192003100801,19200310,國内要聞二閩粤軍衝突之機復動,shunpao
SPSP192003141001,19200314,本埠聞新南洋公學圖書館開幕禮紀　　交通部上海工業專門學校,shunpao
SPSP192001030601,19200103,專電二北,shunpao
SPSP192001091001,19200109,本埠新聞要求市民權之昨訊　　聯合通信社云,shunpao
SPSP192003080801,19200308,國内要聞二駐粤滇軍開戰後之形勢平　　李根源方面初期頗失利,shunpao
SPSP191903030201,19190303,時評停和,shunpao
SPSP191907311001,19190731,本埠新聞十圑體對美提調停八欵之主張　　江,shunpao
SPSP191909141801,19190914,一週間世界問題之經過　　山東問題　本問題於最近一週問未有車實上之進展然綜合各方面之消息觀之則種種態度有可得而言者美參議院方面除民主黨主張批准外共和黨之大部分仍持修正說甚堅其一小部分如滑震等别有調停之說　[...],shunpao
SPSP191811200201,19181120,時評兵,shunpao
SPSP191810300201,19181030,時評和平會之程序,shunpao
SPSP192010281001,19201028,本埠新聞上海民治會開會續紀　　丕爾斯演說,shunpao
SPSP192010281801,19201028,法律法律上之廢督說,shunpao
SPSP192012040301,19201204,時評滑稽之護法,shunpao
SPSP193102121101,19310212,本埠新聞二昨晚天主堂街盜刦格斃一匪,shunpao
SPSP193103101001,19310310,新昌船主請組海事審判,shunpao
SPSP193107141501,19310714,本埠新聞二被綁後騙去鉅欵　　被綁年餘尚未,shunpao
SPSP193012251101,19301225,自由談天集付之一笑海客甲近來我,shunpao
SPSP193304120701,19330412,新造鋼質拖輪出售,shunpao
SPSP193206192001,19320619,公共租界,shunpao
SPSP193303100801,19330310,湖南募集救國借欵　　依財産等第募集五百萬元　　作救濟國難及維持省防費　　長沙通訊、湖南黨政軍民　合組織抗日勦共總動員宣傳週、業於六日舉行、黨政軍民各領袖、并於是日下午二時、在第四路軍總指揮部開聯席席會　[...],shunpao
SPSP193103231101,19310323,本埠新聞二麥鐵拿欣賞記,shunpao
SPSP193105260501,19310526,時評白里安辭職說,shunpao
SPSP193012181101,19301218,自由談付之一笑海客　　主婦,shunpao
SPSP192909151501,19290915,本埠新聞二大賭案定期辯論　　斐斯請傳徐謨,shunpao
SPSP193310142601,19331014,職業介紹,shunpao
SPSP193206100901,19320610,國外要電二日衆院通過追加預息案　　電通社九日東京電衆議院本會議、於今日,shunpao
SPSP193302112201,19330211,談言舊事重提  吾,shunpao
SPSP193212211601,19321221,自由談蓮花落㈡  穆時英,shunpao
SPSP193308090901,19330809,時評訓練民間都市防空梓　　航空署長徐培根發展空軍之談話。曾見五日本報。其中注重訓練民間都市防空一節。,shunpao
SPSP192912101801,19291210,團體消息,shunpao
SPSP193203090301,19320309,國内外要電二白里安逝世各國一致哀悼　　人皆稱爲和平健將或稱國際的法國人定星期六舉行國葬　　倫敦全世界現皆稱讀已故白里安爲和平使者、今晨倫敦各報、皆著社論悼之並登載其平生事略、泰語士報稱、白里安篤愛和平　[...],shunpao
SPSP193205300701,19320530,國外要電二德國在東普魯士計劃建築要塞,shunpao
SPSP193505171301,19350517,教育新聞蔣委員長召集滇垣校長訓話　本新生活要義管訓學生,shunpao
SPSP193602201401,19360220,舞塲慘殺血案　兩西崽結仇甚深　金阿梅殺樊毛弟　　法租界朱葆三路二十六號門牌麗姝跳舞場、於一二八後、由嘉定人　[...],shunpao
SPSP193404231201,19340423,鄒連森在旅館自殺,shunpao
SPSP193503051001,19350305,國際婦女節市婦女會擬作盛大紀念　　廣播宣傳婦女節之意義　　開會紀念先賢策勵來兹　　發告婦女書喚同胞奮起　　本市法定婦運團體上海市婦女會、鑒於年來婦女界對於三八節之消沉、及婦女遭受壓廹之深重、擬於三月八　[...],shunpao
SPSP193202030201,19320203,英工黨自由黨贊助對日經濟抵制　　保守黨不表贊同,shunpao
SPSP193703031101,19370303,法租界朱葆三路,shunpao
SPSP193305080601,19330508,時評　　復興農村會議以後實　　復興農村會議窮兩日之力。分組審議各項原則并擬在行政院指導之下。就各省設,shunpao
SPSP193305100601,19330510,中央舉行　　五九國恥紀念會　　葉楚傖報告如何湔雪國恥,shunpao
SPSP193306181401,19330618,魏廷榮案水落石出趙慰先宣判無罪　　丨警備司令部昨公佈判决書丨　　魏本人唆綁匪誣扳趙慰先亦有關係　　各匪供出眞相第二特院有筆錄可稽　　民國十八年、法租界前中華義勇軍總司令魏廷榮被綁案中、陸續獲犯蔡維才·　[...],shunpao
SPSP193306210601,19330621,時評世界經濟會議之暗影實世界之經濟恐慌。其來源甚久遠。其内容極複雜。要約言之。不外兩端。第一。在政治,shunpao
SPSP193306070801,19330607,巴黎舉行反法西斯會議,shunpao
SPSP193306101101,19330610,漢江水勢飛漲　　=水標卅九尺較廿年高尺餘=　　=夏斗寅電將請示防汎辦法=漢口通信、鄂省自二十年水災後、人民創鉅痛深、談水色變、本年人夏以來、霪雨兼旬、山洪又發、江襄兩水、同時並漲、迄今仍飛漲不已、漢口　[...],shunpao
SPSP193710200501,19371020,為傷亡將士籌募?養基金,shunpao
SPSP193710220601,19371022,對日經濟絕交會登記日貨辦法　　分向各同業公會發記　最後期限十一月一日　　上海市國民對日經濟絕交委員會、登記本市八一三以前購進日貨存貨辦法、業已决定、交由市商會轉各同業公會辦理、茲悉各種登記表　[...],shunpao
SPSP194007310601,19400731,杜佛港空戰　德機被擊落二十架　英轟炸機夜襲歐陸十七處　英武裝漁船一艘觸雷沉沒　　倫敦　航空部公報稱、星期日英轟炸機夜襲德國北部西部軍事目標、德荷比境及法國北部、被炸目標有貯油庫船塢貨　及飛機塲十七處、　[...],shunpao
SPSP193811091001,19381109,黃浦江中　兩隻神秘木箱　舢舨夫打撈遭槍傷　箱中所藏聞爲烟土　浦東搶土發生械鬥　　徐州人劉金海、年卅三歲、寗波人張動强、與劉同年、彼此均爲浦江中舳版船夫、在江海關與陸家嘴海關碼頭往來擺渡、昨日傍晚九時五　[...],shunpao
SPSP193908090801,19390809,滬市自今晨起　將復呈警戒景象　兩租界全體動員聯防　通入西區道路均封鎖　　公共租界與法租界之戒備、已於昨晚十時半起、先後實行、其規劃與防範、更較以往為嚴密週詳、法租界方面、於下午十時半後、首先將沿愛多亞　[...],shunpao
SPSP194611210301,19461121,沈鴻烈將出巡浙東　完成全省攷績爲新政參酌,shunpao
SPSP194310080101,19431008,社評,shunpao
SPSP194612300101,19461230,政院報告行政措施　舉行政治檢討會議　政府改組尚在磋商階段,shunpao
SPSP194705260501,19470526,台省科學調查團　昨已赴蘭嶼考察　一行六十餘人携帶儀器等六十餘噸,shunpao
SPSP194602080201,19460208,雙方同意理事會聲明希臘問題告結束　英蘇代表在鼓掌聲中言歸於好　大會昨日討論美軍駐荷印問題,shunpao
SPSP194205200501,19420520,撤退英美僑民迄無確切辦法有計劃實則毫無把握數問題意見尚未一致,shunpao
SPSP194203080401,19420308,法租界麵包廠八家　限期勒令停閉　原因：濫費麵粉製造不良,shunpao
SPSP194901070101,19490107,李宗仁張治中邵力子等　研商走向和談途徑　白崇禧邀張羣赴漢禮察,shunpao
SPSP194801300201,19480130,社論慰問市長痛惜敎育！,shunpao
SPSP194808270201,19480827,專論,shunpao
SPSP194803270601,19480327,中研院全體評議員投票選舉院士選舉結果今可公布,shunpao
SPSP194803280801,19480328,每週畫刊本報攝影室主編　第十六期　本刋每逢星期日出版營口之槪觀　　營品位於遼河之側，百餘年來，悔岸綫泥土堆積，為遼河沖積之平原，故有「三角洲」之稱，於道光初年，始名「沒溝營」，以後改名營口。遼河上遊之　[...],shunpao
SPSP194803080501,19480308,昆市發現慘絕人寰血案　妻殺夫子弒父兄戕妺　兇犯曹新成在逃　從兩具女孩屍體　探獲奪產大悲劇,shunpao
SPSP194803120301,19480312,安理會大國否決權　美主張應予限制　向小型大會正式提建議,shunpao
SPSP194803030301,19480303,英法荷比盧五國同盟本月中旬可實現　政軍與經濟謀緊密聯擊五國總理將集會比京起草條約細則,shunpao
SPSP194901170101,19490117,總統邀宴民靑兩黨領袖　愼重聽取和平意見　今晨再召開中政會研討,shunpao
SPSP194901170601,19490117,廣告,shunpao
SPSP192404150301,19240415,時評决戰之點在閩南,shunpao
SPSP192312031501,19231203,本埠新聞二外報論中國普及敎育運動,shunpao
SPSP192509270501,19250927,國内專電二　　濟南徑,shunpao
SPSP191509040201,19150904,時評守法,shunpao
SPSP191804280201,19180428,時評段之長江行,shunpao
SPSP191801160201,19180116,時評疫與兵,shunpao
SPSP191811050201,19181105,時評和戰暗潮,shunpao
SPSP191811230201,19181123,時評祝戰勝,shunpao
SPSP191901191001,19190119,本埠新聞税法平等會致歐洲電主張國際税法平,shunpao
SPSP191901211001,19190121,本埠新聞焚燒存土之第四日昨日,shunpao
SPSP193010161401,19301016,絲廠同業續開代表大會　　▲議定攤償公債辦法　　江浙兩省絲廠同業、因絲市疲滯、資金虧折殆盡、無力支持、紛紛宣告停業、勢將全部破產、公議、呈請政府、發行蘇浙滬廠絲業公債一千萬元、以資救濟、分推代表來滬、組　[...],shunpao
SPSP193501081201,19350108,申報第三張敎育新聞　　中央擬撥一百五十萬,shunpao
SPSP192211241201,19221124,天蟾舞台十月初六夜戲,shunpao
SPSP192211130601,19221113,上海小東門内源昌祥皮貨大減價一月九月初一起各貨廉價表交灘皮套　每件念八元西狐腿褂　每件十七元正交灘皮褂　每件十八元正辛珠皮褂　每件五元半狗皮褥子　每條一元八角各口羊皮　特别廉價貨價不合包退還洋信大祥皮　[...],shunpao
SPSP192211141301,19221114,茂興花園松柏樹木花草出售本園栽種各國著名花樹出售以來久蒙各界贊爲價廉物美刻因大麗花秋菊等盛開且新種甚多本園仍願廉價出讓以期佳種遍傳我國永久無失起見故特廉價三星期　諸君如願選購每日午後一時至五時請臨西門　[...],shunpao
SPSP192211200101,19221120,本館始剏自同治十一年即西曆一八七二年已在中國郵政特准掛號立劵按照總包特别優益寄送之報紙本館開設上海英租界山東路漢口路轉角第二十四號總理及編輯室電話一五七六號營業部電話九十五號公共日夜電話一五二七號本館　[...],shunpao
SPSP192406181301,19240618,本埠新聞省議會議决米鹽兩案之咨文,shunpao
SPSP192509290601,19250929,泥靑以五十三票當選其總票額僅八十餘張黄梅選民報省者僅三千餘名及投票日臨時補發七千餘票連前共有萬票以故刑事逃犯之石璜竟得勾結知事買票當選其他如黄岡宜昌江陵之選民則多至二三十萬至十數萬不等如此非法價值可知　[...],shunpao
SPSP192208110301,19220811,時評愈惡劣,shunpao
SPSP192207050601,19220705,時評容忍,shunpao
SPSP192202040601,19220204,時評吳張與徐梁,shunpao
SPSP191608160201,19160816,時評省議會,shunpao
SPSP192109120601,19210912,時評地盤與主義,shunpao
SPSP192111011401,19211101,本埠新聞國民外交大會籌備三誌商會幹事之意,shunpao
SPSP192110191401,19211019,本埠新聞全國商會聯合會第七次開會紀昨晨之,shunpao
SPSP191710290201,19171029,時評罷粤督,shunpao
SPSP191807130201,19180713,時評積極進行,shunpao
SPSP191804050201,19180405,時評貫澈主張,shunpao
SPSP192407110401,19240711,時論,shunpao
SPSP192402091801,19240209,評上海明星二公司新片　　近月來最哄動社會之中國自製新片有二「明星」影片公司之「孤兒救祖記」與「上海」影片公司之「棄兒」是也二片均合中國社會心理以用意論前者敎孝敎節後不如之以結搆論後者略勝　　「孤兒救祖　[...],shunpao
SPSP192405020301,19240502,時論,shunpao
SPSP192405081301,19240508,本埠新聞盛竹書報吿接洽收回公廨問,shunpao
SPSP192408081301,19240808,本埠新聞日本增加進口苛稅之昨聞,shunpao
SPSP192407220401,19240722,時評兵甚於匪,shunpao
SPSP192410200301,19241020,時評處變,shunpao
SPSP192411160401,19241116,時評會議與主張,shunpao
SPSP192406161301,19240616,本埠新聞總商會初選揭曉　　選定會董三十五,shunpao
SPSP192404040601,19240404,國內要聞二　　香港電孫定江,shunpao
SPSP192312110301,19231211,國内專電　　北京電　維持銀元,shunpao
SPSP192502251101,19250225,,shunpao
SPSP192412300301,19241230,時評　　軍人自由,shunpao
SPSP192412310401,19241231,時評　　罪孽,shunpao
SPSP192405301301,19240530,本埠新聞法飛行家昨晨出發　　上午九時抵徐,shunpao
SPSP192403090301,19240309,時評對俄問題,shunpao
SPSP192403281501,19240328,本埠新聞二上海商業市況彚錄　　金融,shunpao
SPSP192402271201,19240227,國内要聞三浙省留日學生請加費　　浙江留日官費生聯合會具呈敎育,shunpao
SPSP192602231101,19260223,自由談雪窗零話,shunpao
SPSP192606101901,19260610,本埠增刊商塲消息新新洋雜部新到各貨,shunpao
SPSP192606112101,19260611,本埠增刋天氣報告,shunpao
SPSP192606041301,19260604,本埠新聞滬廨案暫在停頓中所聞,shunpao
SPSP192606041901,19260604,本埠增刋天氣報告,shunpao
SPSP192610090401,19261009,本館要電,shunpao
SPSP192602041301,19260204,本埠新聞法權會議前途觀察談　　列國將以不,shunpao
SPSP192608170401,19260817,本館要電,shunpao
SPSP192608180601,19260818,時評眞實,shunpao
SPSP192608190401,19260819,本館要電,shunpao
SPSP192608280601,19260828,時評徼倖與意外,shunpao
SPSP192608291401,19260829,雷雨聲中之講演,shunpao
SPSP192606181301,19260618,本埠新聞公廨案要訊　　收回會審公廨問題自,shunpao
SPSP192607151301,19260715,本埠新聞昨日法國國慶紀念盛况昨爲法國改立,shunpao
SPSP192603311301,19260331,本埠新聞聯太平洋協會聚餐會紀　　巴爾姆演,shunpao
SPSP192604211701,19260421,本埠增刋天氣報告徐家匯天文台昨日下午四時三十分氣象預報云天晴日本北部有大旋風沿海自馬鞍島以北有和緩之北風與東北風不等其南則風勢不穩定又昨日下午三時前二十四小時内本埠氣温最高七五·四最低四九·八去年同日　[...],shunpao
SPSP192604171701,19260417,本埠增刊團體消息日輪發見珊瑚礁,shunpao
SPSP192508201301,19250820,本埠新聞郵局華員昨日復工,shunpao
SPSP192706291901,19270629,本埠增刋各團體消息,shunpao
SPSP192706101701,19270610,本埠增刋商店消息　　夏布大會後天開幕四馬路石路口上海夏布大會爲提倡國貨起見特派專員馳赴江西萬載湖南瀏陽四川各地採辦名機極品銀絲夏布數萬疋又新發明各色自由葛西施葛黃嬙葛等數十種减價出售茲定於十二日開幕减　[...],shunpao
SPSP192703210301,19270321,時評　　爲事,shunpao
SPSP192707291701,19270729,本埠增刋上海市之衞生上海特别市衞生局中華衞生敎育會合輯　　（一）公共衞生敎育是什麽公共衞生敎育是一種基本的敎育必須分兩部研究　[...],shunpao
SPSP192906242001,19290624,本埠增刋,shunpao
SPSP192901013301,19290101,自由談梅訊  約聞,shunpao
SPSP192809161301,19280916,本埠新聞胡漢民　說明訓政大綱提案,shunpao
SPSP192809201501,19280920,本埠新聞二德日飛機將過滬　　德　昨日淞滬,shunpao
SPSP192809211301,19280921,本埠新聞籌備國慶紀念　  籌備游藝大會,shunpao
SPSP192901241201,19290124,自由談　　續記蘇州空前慘案,shunpao
SPSP192901262401,19290126,本埠增刊大釗商塲消息,shunpao
SPSP192902252101,19290225,自由談大風堂觀畫記（上）  公,shunpao
SPSP192907241301,19290724,本埠新聞政府重視對俄宣傳,shunpao
SPSP192810021701,19281002,自由談轟傳杭城之大被敎  葉曾,shunpao
SPSP192903141901,19290314,自由談紀念總理一生以外之紀念（,shunpao
SPSP192212011301,19221201,本埠新聞瑞典政府批准新稅則,shunpao
SPSP192212041301,19221204,第三張本埠新聞第三次抽閉妓寮明日舉行,shunpao
SPSP192210161001,19221016,國内要聞二陜西中秋節之贖路會,shunpao
SPSP192208050301,19220805,時評匀攤主義,shunpao
SPSP192309011301,19230901,本埠新聞省長召集省議會第三期常會,shunpao
SPSP192309030401,19230903,時評悲日本地震大火災,shunpao
SPSP192309031401,19230903,洞庭東山同鄕會秋季大會紀　　洞庭東山旅滬同鄕會於前日,shunpao
SPSP192309150301,19230915,時評變化無定,shunpao
SPSP192308171701,19230817,新到大批玩具手槍,shunpao
SPSP192308191701,19230819,本埠新聞三派克牛奶公司之新建築,shunpao
SPSP192308201501,19230820,本埠新聞二江蘇童子軍聯合會董事會記　　昨,shunpao
SPSP192308211301,19230821,本埠新聞留美學生之最近歸國者,shunpao
SPSP192211031501,19221103,本埠新聞二被逼致死劉鴻生案之詳訊　　證人,shunpao
SPSP192210130301,19221013,時評閩局,shunpao
SPSP192305160301,19230516,時評自作孽,shunpao
SPSP192305260201,19230526,時評剿撫,shunpao
SPSP192303240301,19230324,命令,shunpao
SPSP192303011001,19230301,政府設立外交委員會内幕　　上星期二,shunpao
SPSP192311040301,19231104,時論,shunpao
SPSP192311050301,19231105,時評中國之三權,shunpao
SPSP192307010401,19230701,時論,shunpao
SPSP192306300401,19230630,時論,shunpao
SPSP192206241501,19220624,本埠新聞二顔料市况之一斑,shunpao
SPSP192207271301,19220727,本埠新聞唐紹儀覆廣肇公所電,shunpao
SPSP192211081501,19221108,本埠聞二中國對外貿易發展之西訊　　世界新聞社譯美商部遠東科報告云吾美人多知本世紀首二十年間中國之對外貿易有可　之發展但對於中國國內商業之可能性及其近年發展之狀况則罕有所知須知純粹中國國產貨品之貿易今亦　[...],shunpao
SPSP192105220801,19210522,開封通信　　吳佩孚與河南自治　　汴學界與新文化運動近來各省區提倡自治高唱入雲不謂災荒·兵燹·之汴省亦有此種聲浪隨悲慘哀呼之請願聲而起河謂非吾汴三千萬人一線之希望也查汴省發揮自治之原動力向推靑年學子蓋當　[...],shunpao
SPSP192105250601,19210525,世界路透電上西萊西亞亂事近聞,shunpao
SPSP192105270801,19210527,國内要聞二蘇議會紀事（六）本 日,shunpao
SPSP192112081001,19211208,國内要聞二陜局戰亂三誌,shunpao
SPSP192112082001,19211208,常識常評瑣談（四）  老圃,shunpao
SPSP192110090601,19211009,時評鬩與亂,shunpao
SPSP192202011601,19220201,本埠新聞二戴小四子尙須覆訊,shunpao
SPSP192112120601,19211212,國外專電華盛頓電英日盟約今日正式宣佈取銷,shunpao
SPSP192112180601,19211218,國外專電二　　華盛頓電　哈定總統不欲即將四國協定文送交参議院大約將俟各項協議一律,shunpao
SPSP192202100601,19220210,時評九千餘萬之鹽餘公債,shunpao
SPSP192201161601,19220116,常識常評新月令,shunpao
SPSP191608010201,19160801,時評做官忠言,shunpao
SPSP191608041701,19160804,譯件食物保存與微生物之關係勃坎能原著鍾心煊譯述,shunpao
SPSP191704250201,19170425,時評内戰與外戰,shunpao
SPSP191705150201,19170515,時評督軍與疏通,shunpao
SPSP191705180201,19170518,時評横議,shunpao
SPSP191705200201,19170520,時評先後内外,shunpao
SPSP191705230201,19170523,時評督軍赴徐,shunpao
SPSP191703140201,19170314,時評表裏,shunpao
SPSP191703170201,19170317,時評平靜,shunpao
SPSP191607150201,19160715,時評懲治禍首之發表,shunpao
SPSP191607220201,19160722,時評金錢與光陰  冷,shunpao
SPSP191610230701,19161023,,shunpao
SPSP192204250301,19220425,時評戰者皆不利,shunpao
SPSP192203291001,19220329,國内要聞二粤軍再克武鳴,shunpao
SPSP192007041801,19200704,申報星期增刊紀載一週間世界大事撮要,shunpao
SPSP192007061001,19200706,本埠新聞再誌裁撤松滬護軍使之反響　　榮道,shunpao
SPSP192004051001,19200405,本埠新聞學術講演會講演經濟學紀　　湯蒼園,shunpao
SPSP192004110801,19200411,國内要聞二廣州國會移滬說　　滇軍改編問題自李部長烈鈞前日歸來,shunpao
SPSP192006170801,19200617,國内要聞二南京快信　　齊省長因省議會彈劾案通過又因財廳長問題,shunpao
SPSP192004211001,19200421,本埠新聞伍博士離粤後之唐繼堯電　　謂軍府,shunpao
SPSP192007150801,19200715,國内要聞二蘇滬通車後之蘇州情形　　軍隊回防人心大定十三日上午,shunpao
SPSP192006231001,19200623,本埠新聞各路商界聯席大會議,shunpao
SPSP192006251001,19200625,本埠新聞九大公團對於時局之迥電,shunpao
SPSP192106191401,19210619,自由譚　小說特刊,shunpao
SPSP192109171401,19210917,本埠新聞蔡徐二氏之行蹤,shunpao
SPSP192109181401,19210918,申報第二張本埠新聞伍特將軍抵滬記,shunpao
SPSP192108011201,19210801,國内要聞二西北商界反對京綏路捐局,shunpao
SPSP192109282001,19210928,常識常評精神奴隸  箴,shunpao
SPSP192101220801,19210122,國内要聞二粤官商會議籌欵問題,shunpao
SPSP192011201801,19201120,家庭常識火災應付法之補遺,shunpao
SPSP192011270801,19201127,國内要聞二川省自治之兩面觀,shunpao
SPSP192102120801,19210212,國内要　二東三省通訊,shunpao
SPSP192102121401,19210212,自由談隂曆新年號二演講痛感錄（,shunpao
SPSP192102141601,19210214,常識本增刋三次修正投稿簡則　　（一）投稿本增刊者其材料除衛生道德法制經濟四項外特增雜録一項仍以有關常識者爲限共有語涉攻訐個人者恕不登載　　（一）投稿者篇末須開明姓名曁詳細項址最好黏一名片每句請自加單圈　[...],shunpao
SPSP192101101601,19210110,常識常評　　一念,shunpao
SPSP192012160601,19201216,專電二,shunpao
SPSP192106091001,19210609,本埠新聞武昌警耗之滬聞,shunpao
SPSP192107241801,19210724,自由譚　小說特刊,shunpao
SPSP192107262001,19210726,常識常評自稱,shunpao
SPSP192205082001,19220508,常識　　（一）投稿本增刊者其材料除衛生法制道德經濟四項外增教育科學宗敎市政雜錄問答六項其語涉攻訐個人者恕不登載（一）投稿者篇末須開明姓名曁詳細地址並黏一名片每句請自加單圈若篇幅過長及繕寫潦章字跡不易辨　[...],shunpao
SPSP192011180801,19201118,國内要聞二粤商會籌欵之大會議决借一百萬元　　日前廣東廖財廳長,shunpao
SPSP192105101001,19210510,本埠新聞紀昨日之國恥紀念　　各商店之休業,shunpao
SPSP192105121001,19210512,本埠新聞歡送五顧問就職大會紀　　昨日爲工,shunpao
SPSP192104261001,19210426,本埠新聞昨晚滬寗特别車遲到原因　　昨日,shunpao
SPSP192103141601,19210314,常識本增刋三次修正投稿簡則　　（一）投稿本增刊者其材料除衛生道德法制經濟四項外特增雜錄一項仍以有關常識者爲限其有語涉攻訐個人者恕不登載　　（一）投稿者　末須開明姓名曁詳細地址最好黏一名片每句請自加單　　[...],shunpao
SPSP192103181801,19210318,常識本增刋三次修正投稿簡則,shunpao
SPSP192105090601,19210509,國内要聞北京通信,shunpao
SPSP192104161001,19210416,本埠新聞選舉訴訟案地審廳審判結果　　上海,shunpao
SPSP192106240601,19210624,命令,shunpao
SPSP192106240801,19210624,國内要聞二浙省憲紀聞（三）,shunpao
SPSP192111012001,19211101,常識常評何晏與王安石  老圃魏何晏粉白不去手行步顯影宋王安石囚首喪面而談詩書二者皆失也中國舊學家以囚首喪面者爲多今之歐美留學生以粉白不去手行步顧影者爲多觀何晏之貌可以知何晏之爲人范寗謂晏之罪浮子桀紂其　[...],shunpao
SPSP192110151001,19211015,專電二,shunpao
SPSP192111300601,19211130,時評會議與齟齬,shunpao
SPSP192111302001,19211130,常識常評自動車  老圃,shunpao
SPSP192101111601,19210111,常識常評一轉移間,shunpao
SPSP191410181101,19141018,來函,shunpao
SPSP191410201101,19141020,黃渡鄕招領女屍,shunpao
SPSP191410231101,19141023,訊理串竊銅錫案,shunpao
SPSP191412171401,19141217,自由談游戲文章賊伯伯致狗奶奶書,shunpao
SPSP191412180201,19141218,時評　　繼續,shunpao
SPSP191501230701,19150123,鎭江,shunpao
SPSP191511150101,19151115,譯述歐西報業舉要,shunpao
SPSP191511161101,19151116,又是兩個過犯,shunpao
SPSP191511241101,19151124,氣候報告上海徐家滙天文臺天氣測候報告,shunpao
SPSP191511260301,19151126,第二版　　彝士灣擱淺今巳被拖起未受損傷刻向阿典駛去,shunpao
SPSP191512031101,19151203,婦人不願還鄉,shunpao
SPSP191512130101,19151213,遊記羗海雜誌,shunpao
SPSP191512151101,19151215,來函啓明女學校開音樂游藝會之通告,shunpao
SPSP191512171101,19151217,氣候報告,shunpao
SPSP191602181101,19160218,補錄命令,shunpao
SPSP191602191701,19160219,西曆一千九百十六年　　二月十九號星期六　　舊曆丙辰正月十七日　　共五張　　專件　　中國銀行民國四年損益表　　說明上期損益係根據各處决算表之數目　　下期損益係根據各處函電報告十二月三十一日帳上結出之　[...],shunpao
SPSP191603071101,19160307,過犯騙洋之懲儆,shunpao
SPSP191603080201,19160308,時評何以善後,shunpao
SPSP191601081001,19160108,第十版本埠新聞王正延之體育談昨晚八時寰球,shunpao
SPSP191601090201,19160109,時評憲法與中國之命運,shunpao
SPSP191601110201,19160111,時評虚實,shunpao
SPSP191601270201,19160127,時評其一先其所急　　登極與平滇政府謂先其所急故於滇未平之先不能登極政府亦知先後緩急之道乎雖然苟無可緩,shunpao
SPSP191512241101,19151224,竊賊解廳候究,shunpao
SPSP191602251101,19160225,,shunpao
SPSP191312020101,19131202,通信法國憲法成立之歷史,shunpao
SPSP191312060701,19131206,江西,shunpao
SPSP191312101401,19131210,自由談游戲文章原人論,shunpao
SPSP191307121101,19130712,來函製造局來函,shunpao
SPSP191306131101,19130613,來函唐愼坊來函,shunpao
SPSP191306220101,19130622,外論飛行術與軍事上之關係,shunpao
SPSP191308090101,19130809,外論論中國西通大鐵道之重要附譯地訥氏說略,shunpao
SPSP191308130601,19130813,要聞二皖省取消獨立後種種,shunpao
SPSP191309101001,19130910,本埠新聞中外合组南京救濟會,shunpao
SPSP191307300101,19130730,外論論中國西通大鐵道之重要附譯地訥氏說略,shunpao
SPSP191307310101,19130731,外論論中國西通大鐵道之重要附譯地訥氏說略,shunpao
SPSP191412140201,19141214,時評,shunpao
SPSP191511030101,19151103,譯述歐西報業舉要,shunpao
SPSP191511051101,19151105,來件發起武進推廣國貨圑之說明書,shunpao
SPSP191511071701,19151107,來件武進推廣國貨團簡章,shunpao
SPSP191511081301,19151108,,shunpao
SPSP191510181101,19151018,雜評三防亂,shunpao
SPSP191510230101,19151023,譯述歐西報業舉要,shunpao
SPSP191510231101,19151023,來函救國儲金發起人馬佐臣來函一,shunpao
SPSP191510251101,19151025,拖人者被人拖去,shunpao
SPSP191509131101,19150913,第十版　  平均度以上　十二日下午四時三十分預測上海及南方微有東北和風山東遼東有南風揚子江口天氣熱而潮濕且多雲　　十二日下午四時前二十四小時内上海氣候温至高八五八至低六五八去年同日至高八一九至低六○四　[...],shunpao
SPSP191509170301,19150917,南京快信,shunpao
SPSP191509200201,19150920,時評遏制内辭,shunpao
SPSP191509271401,19150927,自由談游戲文章滑稽新聞  漱冰,shunpao
SPSP191509281101,19150928,影戲接排演,shunpao
SPSP191510120301,19151012,南京快信,shunpao
SPSP191509071101,19150907,照錄烟酒公賣分局之條示,shunpao
SPSP191509300201,19150930,時評公民大會之兩說,shunpao
SPSP191508040701,19150804,揚州,shunpao
SPSP191508050701,19150805,杭州　　織工罷工風潮巳平息緯成公司於上月二十九日因　工朱勝和王阿寳翁坤發沈永泉張今水胡長生等六人自進公司派機上工以後每每無故不到如將該機招他工派　彼等聞信又到公司上工如是者巳經數次該公司爰將朱勝和等六　[...],shunpao
SPSP191506160201,19150616,時評帝位,shunpao
SPSP191506221401,19150622,自由談游戲文章推廣官賣策  詩,shunpao
SPSP191506240201,19150624,時評人心不安,shunpao
SPSP191508151101,19150815,來件中國紅十字會駐淮施藥處簡章,shunpao
SPSP191508171101,19150817,來件西區高等小學校簡章,shunpao
SPSP191508191401,19150819,自由談游戲文章四書别解,shunpao
SPSP191508231401,19150823,自由談游戲文章糊塗知事説  泗,shunpao
SPSP191507010701,19150701,地方通信蘇州,shunpao
SPSP191507151101,19150715,限期將女交案,shunpao
SPSP191507271101,19150727,工巡捐局批示照錄,shunpao
SPSP191507291401,19150729,自由談游戲文章代各縣得奬之助理,shunpao
SPSP191506300701,19150630,鎭江,shunpao
SPSP191603171101,19160317,調停水爐業爭端之牌示,shunpao
SPSP191603211101,19160321,美國與中國之貿易　　在中國對外貿易上觀察中國與美國之貿易頗形發逹兩國貿易之價値雖年年流動不定然皆趨於進步如一八七０年與一八九五年間其每年貿易價値由一千七百萬元至二千九百萬元美金或增或減游移不定至一九０　[...],shunpao
SPSP191603220201,19160322,時評富貴功名,shunpao
SPSP191603231101,19160323,雜評二宋鈍初之追悼,shunpao
SPSP191606020101,19160602,遊記羗海雜誌,shunpao
SPSP191606080201,19160608,時評二中國前途之福,shunpao
SPSP191605050201,19160505,時評疑問,shunpao
SPSP191605100601,19160510,要聞二密議中之退位與停戰　　五項關係　現在時局上最關切要之舉,shunpao
SPSP191605150201,19160515,時評紙幣不兌換,shunpao
SPSP191605200701,19160520,追紀四川代表往晤蔡總司令事　　四川將軍署顧問劉一淸日前赴川南晤滇軍總司令蔡松坡代表一切往復情形曾紀報端惟劉君晤蔡司令後所籌商事實外間不知其詳茲得成都通信員報告追錄於下　　昨日往晤劉一淸君於私宅詢以此次　[...],shunpao
SPSP191605230201,19160523,時評一定,shunpao
SPSP191605230701,19160523,吉林之金融問題,shunpao
SPSP191605240101,19160524,遊記羗海雜誌,shunpao
SPSP191604061401,19160406,自由談游戲文章帝制卦  楊介淸,shunpao
SPSP191604070201,19160407,中國人之忍耐性,shunpao
SPSP191604101001,19160410,本埠新聞前昨兩日夜之滬濱動靜　　人小試其,shunpao
SPSP191604150201,19160415,時評多助寡助,shunpao
SPSP191604201101,19160420,津浦路總管來滬,shunpao
SPSP191604210201,19160421,時評退位之研究,shunpao
SPSP191604220301,19160422,左右爲難之南京,shunpao
SPSP191604250101,19160425,遊記羗海雜誌,shunpao
SPSP191604250201,19160425,時評之推測,shunpao
SPSP191606210201,19160621,時評自愛,shunpao
SPSP191409020101,19140902,遊記羗海雜誌,shunpao
SPSP191409090101,19140909,遊記羗海雜誌,shunpao
SPSP191402181101,19140218,來件商辦輪船招商局航業估價清册　　一上海,shunpao
SPSP191402211401,19140221,自由談游戲文章自由神歸去來辭,shunpao
SPSP191401070201,19140107,時評　　法國之滇川鐵路,shunpao
SPSP191505041001,19150504,本埠新聞表示中國禁煙之决心全國禁烟聯合總,shunpao
SPSP191505050101,19150505,譯述歐西報業舉要,shunpao
SPSP191505100101,19150510,譯述歐西報業舉要,shunpao
SPSP191505101401,19150510,自由談愛國叢談某艦長  花奴,shunpao
SPSP191504051301,19150405,枸櫞茶每瓶售大洋一元正每打十二瓶售大洋十元正,shunpao
SPSP191503120701,19150312,江西,shunpao
SPSP191503031101,19150303,賭棍開設花會,shunpao
SPSP191503280101,19150328,著述歐西報業舉要,shunpao
SPSP191406221101,19140622,機關之稽征負照第二十一條分别懲罰〕　　第六章官吏服務規則　　第十四條現旣改辦產銷進出併征凡百貨物祇收一稅須按所裝貨數實足征收不准稍有折减從前捐票蓋有沿途加儎照章補捐紅戳此後單證上不得再蓋此等戳記　　第　[...],shunpao
SPSP191406111101,19140611,誌謝,shunpao
SPSP191406160601,19140616,要聞二審計院編制法案三讀通過矣　　政府交議之咨文爲咨行事查中,shunpao
SPSP191406301101,19140630,汽車夫旣賠又罰,shunpao
SPSP191403241101,19140324,雜評三,shunpao
SPSP191312291101,19131229,,shunpao
SPSP191711051401,19171105,自由談游戲文章橫行介士賦以橫行,shunpao
SPSP191711110201,19171111,時評外交緊急,shunpao
SPSP191808150601,19180815,要聞新國會開幕紀昨日,shunpao
SPSP191806160201,19180616,時評張倪,shunpao
SPSP191806081101,19180608,寶山參院初選揭曉寶山縣於本月五日在城内農會舉行參議院議員初選舉投票該縣選民二百三十一名實到投票者一百八十餘人當選姓名錄後王鍾琦　[...],shunpao
SPSP191806100201,19180610,時評,shunpao
SPSP191808070201,19180807,時評曹張倪與岑陸,shunpao
SPSP191806270201,19180627,時評副座,shunpao
SPSP191810080201,19181008,時評,shunpao
SPSP191809261101,19180926,○盜犯臨刑時請改姓名松滬護軍使署軍法課昨日奉命將搶刦大通路某姓家之盜犯王錦芳陸根生兩名執行槍決詎梆赴刑場後該兩犯向衛兵聲說曰王錦芳實姓羅錦芳陸根生實係周根生請姓名更改俾家屬聞悉前來收屍云云衛兵以事已無　[...],shunpao
SPSP191809010201,19180901,時評選舉總統,shunpao
SPSP191809170201,19180917,時評陷於絶地,shunpao
SPSP191804020201,19180402,時評段派之和戰,shunpao
SPSP191804060601,19180406,要聞二克長後之湘鄂戰訊,shunpao
SPSP191804061101,19180406,本埠新第三張四號洋房内之西崽陳月明等聞聲開門出視旋有巡捕到來問明情由將被告與我一併拘入捕房轉解到案是實既經王襄讞會同英卓副領事向被告海立處略詰數語判令帶回捕房原告留侯西醫驗明展期七天再行研訊　[...],shunpao
SPSP191804080601,19180408,要聞二返津前之梁士詒消息>,shunpao
SPSP191805280201,19180528,時評作用,shunpao
SPSP191805310501,19180531,要聞二兩日之中央政紀　　二十七日之公府二十七,shunpao
SPSP191805210201,19180521,時評去疑,shunpao
SPSP191805220201,19180522,時評大學生風潮,shunpao
SPSP191805230201,19180523,時評今之所謂能人,shunpao
SPSP191703250201,19170325,時評中美之態度,shunpao
SPSP191703290201,19170329,時評職分,shunpao
SPSP191711131401,19171113,自由談游戲文章時事聯珠,shunpao
SPSP191711250201,19171125,時評忽上忽下,shunpao
SPSP191801070201,19180107,時評迷途,shunpao
SPSP191712010201,19171201,時評勉强,shunpao
SPSP191801290601,19180129,要聞二總統南下之各方所聞　　自岳州告警馮總統忽有親自南下之意,shunpao
SPSP191712300201,19171230,時評術語與預言,shunpao
SPSP191607010201,19160701,時評最後之目的巳逹,shunpao
SPSP191703010701,19170301,蕪湖快信近日有人冒充道署稽查在外藉搜查煙土爲名實行其敲詐伎俩並敢私造封條事經祝道尹所聞除派員秘密訪拿外並出示佈告俾免商民受愚蕪湖易泰圩農民洪子才等數十人具禀道尹公署以天成圩有礙水利請禁止開墾倪省長近接　[...],shunpao
SPSP191703070201,19170307,時評段總理返京,shunpao
SPSP191703080201,19170308,時評外交内政,shunpao
SPSP191612190201,19161219,時評治亂解,shunpao
SPSP191701100201,19170110,時評兵治國,shunpao
SPSP191701180201,19170118,時評命令與謡言,shunpao
SPSP191706080201,19170608,時評紛擾中之紛擾,shunpao
SPSP191704080601,19170408,要聞二部長與疆吏之更調消息　　内務繪長孫洪伊免職後其繼任人物,shunpao
SPSP191704130201,19170413,時評外交與内政,shunpao
SPSP191704140201,19170414,再論軍事會議與外交,shunpao
SPSP191705310101,19170531,游記羗海雜誌,shunpao
SPSP191705310201,19170531,時評大局如何,shunpao
SPSP191706260201,19170626,時評自信,shunpao
SPSP191706280201,19170628,時評無可,shunpao
SPSP191611040701,19161104,,shunpao
SPSP191612150701,19161215,而復聲請校長懲戒湯錫祥以挺　敎　之處分風　之發生卽緑此而起焉　　校長王舜臣得汪敎習之報告亦不加查察　徇汪之要求將湯錫祥記大過三次牌示諸生當時二年級生經汪之喝止湯之辯駁各自返室　見校長牌示湯生記三大　[...],shunpao
SPSP191612020201,19161202,時評借欵之阻碍,shunpao
SPSP191612090201,19161209,時評糾葛,shunpao
SPSP191607300201,19160730,時評做官忠言,shunpao
SPSP191802040201,19180204,時評依然傾軋,shunpao
SPSP191301270101,19130127,社說西藏用兵記,shunpao
SPSP191302131001,19130213,自由談游戲文章多妻黨秘密會紀事,shunpao
SPSP191305080101,19130508,要件宋案證據全錄,shunpao
SPSP191305120101,19130512,要件宋案證據全錄,shunpao
SPSP191305160101,19130516,論說鹽之研究,shunpao
SPSP191305191001,19130519,自由談游戲文章戲擬檢察廳公訴白,shunpao
SPSP191305200101,19130520,專件調查奉天吉林黑龍江三省砂金情形佈告,shunpao
SPSP191304220101,19130422,專件調查奉天吉林黑龍江三省砂金情形佈告,shunpao
SPSP191304300101,19130430,社論茶寮議會,shunpao
SPSP191203220701,19120322,千崖土司被獲南京内務部聞有雲南千崖土司刁安仁刁郗安等勾串土酋覬覦内地情事刻已濳來南京冀運動一切特密令巡警局吳總監立派偵探隊緝拿聞已在中西旅館拿獲禀部核辦　[...],shunpao
SPSP192002270601,19200227,命令,shunpao
SPSP192002100601,19200210,專電,shunpao
SPSP192003180801,19200318,國内要聞二張謇致日本政府書,shunpao
SPSP192005011001,19200501,國内要聞二農部辦理債券與銀行,shunpao
SPSP192005051401,19200505,自由談遊記歐遊通信,shunpao
SPSP192005091001,19200509,本埠新聞女子參政同盟會開會紀事　　中國赴,shunpao
SPSP192005211401,19200521,自由談閒話歇浦閒話,shunpao
SPSP192005151001,19200515,本埠新聞護軍使署會議解嚴問題　　松滬護軍,shunpao
SPSP192005251401,19200525,自由談遊記舊金山瑣談,shunpao
SPSP192004261401,19200426,自由談閒話歇浦閒話,shunpao
SPSP192010131601,19201013,常識常評取巧爲萬敗之原,shunpao
SPSP192010031001,19201003,本埠新聞西報紀紅黨俄人在滬開會,shunpao
SPSP192008150801,19200815,國内要聞二鄱陽閙礦案紀要　　鄱陽樂平兩縣民性向來强悍時有大械,shunpao
SPSP191811011401,19181101,自由談百問共和與和平  去名,shunpao
SPSP191812040201,19181204,時評疎通萬能,shunpao
SPSP191812050201,19181205,時評督軍之眞相,shunpao
SPSP192003091001,19200309,本埠新聞華商紗廠聯合會常年會紀事　　華商,shunpao
SPSP192001101001,19200110,本埠新聞要求市民權問題　　文匯報云租界華,shunpao
SPSP192001211401,19200121,自由談旅行談俄游雜憶,shunpao
SPSP192001271401,19200127,自由談旅行談俄游雜憶,shunpao
SPSP192001311001,19200131,本埠新聞商界歡迎王專使紀詳　　王專使謂補,shunpao
SPSP191811221001,19181122,本埠新聞共同祝勝第一日盛况　　公共租界昨,shunpao
SPSP191811150601,19181115,要聞歐戰告終中之津埠盛况　　協商國歡祝媾和德國承認協約國所提,shunpao
SPSP191811171401,19181117,自由談新談停戰時日  元武漢起,shunpao
SPSP191903300401,19190330,唯一毒門陳伯威醫士六馬路電車轉角處和興米店東首第五石庫門左懷安施醫局花柳一症首在愼醫陳君伯威懸壺海上越念餘年凡經治愈指不勝屈近更參用注射血清新法見效益臻妥速世有患者幸注意焉贊成人　朱葆三沈聯芳楊少川周　[...],shunpao
SPSP192010211401,19201021,自由談遊記徐滙勝遊短記,shunpao
SPSP192010230801,19201023,申報第二張國内要聞二江蘇軍費之調查　　江蘇人民提倡廢督幾於全,shunpao
SPSP193302161301,19330216,大上海男女雙服毒女身畔發現字條,shunpao
SPSP193302191001,19330219,法意邦交惡化意國大批軍火由奧運匈法國對奧提出嚴厲牒文,shunpao
SPSP193304111201,19330411,破獲滬東最鉅賭窟,shunpao
SPSP193304240601,19330424,交部添加京滬間長途電話線,shunpao
SPSP193304240801,19330424,本市新聞　　蘇俄大使昨日滬蒞　　數百俄,shunpao
SPSP193304250801,19330425,（阿克郞）號姊妹船試飛成功　　哈瓦斯二十四日紐約電美國海軍大型飛船,shunpao
SPSP193304260901,19330426,西裝行人助巡捕擒一盜,shunpao
SPSP193304211001,19330421,南洋烟廠工程長李輝侵占奬金,shunpao
SPSP193303060901,19330306,本市新聞孫科主張張學良速辭職謝國人,shunpao
SPSP193302091301,19330209,奸商運菜子案已了,shunpao
SPSP193302241201,19330224,春秋闢中國無文化可言之讕言  許如煇　　本月十八日、報載英國文學戲劇家蕭伯訥氏，由粤來滬，本埠名流報,shunpao
SPSP193303031201,19330303,二區市聯會電請全國將士抗敵　　並勸全區市民　　節衣縮食後援　　上海市第二特區市民聯合會於前日正式成立、當時議决通電全國將士、一致抗敵、及勸告全區市民、節衣縮食、捐資禦侮等案、茲悉該會電文及勸告書、業　[...],shunpao
SPSP193105280601,19310528,時評芬俄間局勢嚴重,shunpao
SPSP193005111901,19300511,拍賣瑞和洋行　禮拜一拍賣　住宅准於五月十二日上午十點鐘並下午二點半鐘在九江路,shunpao
SPSP193012081301,19301208,自由談付之一笑  海客　　甲童,shunpao
SPSP193312281501,19331228,自由談「崇洋」與「迷舊」  林,shunpao
SPSP193305270901,19330527,本市新聞,shunpao
SPSP193310132701,19331013,做戲的人生　  光漢,shunpao
SPSP193312190501,19331219,時評法德關係之推移與世界經濟恐慌之强  英·　　自意大利倡議基本改組國聯而歐洲各國外交使者倥偬活動秘,shunpao
SPSP193312211701,19331221,自由談論大出喪  姚克,shunpao
SPSP193206080901,19320608,要聞東北之謎Ｋ（一）簡直是一齣喜劇　　國聯調查團、已於六月四,shunpao
SPSP193212231701,19321223,自由談萌芽（一）  衡,shunpao
SPSP193305300901,19330530,李國杰案昨日續審　　美麗園管門與園丁均到庭作證　　李言前在檢察處供詞矛盾甚多　　丨今日續審西人薩得利到庭作證丨　　招商局前總經理李國杰、被控背售損害該局利益、及行賄陳孚木七十萬兩一案、昨日下午一時、高　[...],shunpao
SPSP193509212301,19350921,美術　　　　毛執中美術講習座　　航業,shunpao
SPSP193603190401,19360319,時評,shunpao
SPSP193410021101,19341002,本市新聞歐亞巨型機試飛滬新航綫,shunpao
SPSP193407192301,19340719,電影專刊大衆語的建設與電影  旭人　　我們知道，［先要提倡大衆語。建立,shunpao
SPSP193501142101,19350114,駱駝之涙,shunpao
SPSP193305011201,19330501,日軍增兵攻南天門　　古北口日軍達三萬以上　　翁照垣師收復盧龍經過　　北平特信、日軍撤灤東之兵、出全力以攻古北口、志在奪得南天門、居高臨下、以攻我軍、二十一日八道樓子一吼、砲樓爲日軍砲火所燬、炸爲粉碎、　[...],shunpao
SPSP194003100501,19400310,英義關係緊張擊中　德外長突訪羅馬　對歐局交換重要意見　圖重樹堅強軸心關係　　柏林　德國外長里賓特洛甫一、今晨九時十五分　[...],shunpao
SPSP193306141201,19330614,兩路三四等,shunpao
SPSP193711150401,19371115,津浦線戰事猛烈正面我扼守晏城　　臨邑商河殺敵極夥　平漢綫擾亂敵交通　大名東南發生鏖戰　　［徐州］聞津浦綫正面、我軍現扼守晏城、右翼濟陽、左翼齊河、十三十四兩日均有激戰、　[...],shunpao
SPSP193409130801,19340913,希特勒　　接見外交團,shunpao
SPSP193903081001,19390308,荳米業市塲　嚴厲執行限價　公告各帮維護民食繼續販運　米業團體發表米價飛漲原因　公會致函租界當局訂購洋米　[...],shunpao
SPSP193904221001,19390422,日步德意後塵　鼓勵結婚生育　希望每戶須有六孩　將實行「銃後計畫」　　大陸報雲、據明日,shunpao
SPSP193812151001,19381215,雪園弄外　空車中一死屍　頸間有蔴繩似係自縊　身畔僅存儲輔幣七分　　公共租界靜安寺路跑馬廳畔第九十六弄雪園食堂弄外、於昨晨八時許、經由捕房第四百二十一號華捕發覺停在該弄口中之某英人第一一八三九號照會之篷　[...],shunpao
SPSP194604180401,19460418,商業新聞　　警局再三警告　債市仍然活動　昨午實行搜查　拘去七,shunpao
SPSP194610030201,19461003,目前財政金融情況　政府決盡力改善　宋院長對滬請願團說明財經政策　務使通貨收縮物價不揚,shunpao
SPSP194610050201,19461005,使用兵力逾廿萬人　魯共軍全面進攻　鄒平被攻陷後復經收復,shunpao
SPSP194610060501,19461006,萬紫千紅空前慘劇　新光劇院血肉橫飛　暴徒投擲手榴彈　轟然一聲當場炸倒十二人　兩人重任性命堪虞,shunpao
SPSP194604250601,19460425,敎育與體育　　高等普通檢定考試　今日本市育才中學開始舉行,shunpao
SPSP194703060101,19470306,東北大局已趨穩定國軍兼程渡松花江　吉長鐵路分頭着手修復,shunpao
SPSP194602180201,19460218,在加拿大境內　蘇佈置大間諜綱　　性質類似第五縱隊已獲證據　工作人員神經失常事始敗露,shunpao
SPSP194601060101,19460106,國軍首批空運部隊　已由北平飛抵長春,shunpao
SPSP194509120201,19450912,湯總司令召見松井　接受日軍投降　面交滬字第一號命令,shunpao
SPSP194106270901,19410627,教育消息國立専科以上校　教授休假進修辦法　教育部最近公布十七條,shunpao
SPSP194404080201,19440408,農業增產策進會核定全部經費額　糧食部養成農事指導人員　　南京七日中央社電　行政院農業增產策進委員會，爲推進工作，於蘇浙皖三省及南京上海兩市，籌設鄉鎭農業協進會六百處，及其隸屬機關互助社四千所，全部設立　[...],shunpao
SPSP194803240501,19480324,流通券站得穩嗎？　一個爭執中的問題,shunpao
SPSP194803080601,19480308,臺省各級教育迅速進展　國語教育普遍推行　教部傳令嘉獎許恪士等,shunpao
SPSP194804250201,19480425,星期論壇　科學與人生,shunpao
SPSP194801130201,19480113,社論伊斯蘭世界的動盪　　同教朝聖團一行五,shunpao
SPSP194810040301,19481004,安理會討論柏林事件前夕　蘇表示願重開談判　索帥解釋柏林實際未封鎖　西方分裂德國政策爲造成「危機」主因　　　[...],shunpao
SPSP194811100201,19481110,社論　　盡人關切的吃飯問題　　目前的吃飯,shunpao
SPSP194807300301,19480730,英外相文在下院宣布停止復員應付大局　蘇陛當局如具有和平誠意願與之談判整個歐洲問題,shunpao
SPSP192211250201,19221125,臨池家注意▲石牌精印嶧山碑二册四角▲珂㼈版印廣武將軍碑一册三元▲珂㼈版印孔祭酒碑一册三元半尙有多種詳圖書彙報商務印書館啟商務印書館代演活動影戲本館自製活動影片共有數十種内分風景　時事　古劇　時刻　教育　[...],shunpao
SPSP192405141001,19240514,國內要聞二日政府派員赴粵,shunpao
SPSP192510201001,19251020,拉夫風潮未息　南北巿昨日仍有拉夫昨日南巿閘北等處仍有　廳人員四出拉夫除短衣苦力外長衣路人亦有波及被拉之人多送往蘇鍚前缐服役家屬多向各處懇求然徼倖被釋省峯峯無幾　改拉吳淞江灣鄉民連日滬埠拉夫之事經各公團　[...],shunpao
SPSP191512231001,19151223,本埠新聞商界反對加稅之會議　　上海稅務所,shunpao
SPSP191711240201,19171124,時評内閣之交替,shunpao
SPSP191811090201,19181109,時評和之解釋,shunpao
SPSP194212170501,19421217,爲避免秩序紊亂　憑房捐票購油　兩租界每戶可購買二斤　市區憑戶口證准購半斤,shunpao
SPSP191409191001,19140919,本埠新聞修治江陰要塞之砲位海軍總長劉君以,shunpao
SPSP192010221101,19201022,申報第三張國外輪船　　歐亞好時洋行之芝梅奴克Tjimanoek從德國之漢堡及荷蘭國之落得旦來華已於昨日進口停泊於虹口公和祥碼頭之浦心起貨載來貨物中有顔料鐵器靛青等預定二十三日清晨開赴荷蘭在上海裝往之出　[...],shunpao
SPSP192405061701,19240506,常識常談膠濟路之危機,shunpao
SPSP192407030601,19240703,時論,shunpao
SPSP192405101301,19240510,本埠新聞五九紀念日之上海,shunpao
SPSP192407251401,19240725,美移民律正式公文今晚到滬,shunpao
SPSP192409070301,19240907,時評戰略談,shunpao
SPSP192406031701,19240603,常識常談最良之市稅,shunpao
SPSP192404110301,19240411,時論,shunpao
SPSP192404251701,19240425,常識常談對於日本對華文化事業之感想,shunpao
SPSP192312120301,19231212,時論英國選舉競爭感言,shunpao
SPSP192408031301,19240803,本埠新聞省署諮詢停止縣會改選疑點,shunpao
SPSP192405280401,19240528,時評南北兩炸彈案Z>,shunpao
SPSP192407301301,19240730,本埠新聞總商會致駐日華僑會之要函,shunpao
SPSP192403141301,19240314,本埠新聞川公路織綢廠失火慘劇四誌,shunpao
SPSP192403311301,19240331,本埠新聞法飛行家長距離航空消息,shunpao
SPSP192511110201,19251111,時評不戰不爭,shunpao
SPSP192605281701,19260528,本埠增刋天氣報告,shunpao
SPSP192606051901,19260605,本埠增刊天氣報告,shunpao
SPSP192611121301,19261112,自由談不知所云錄,shunpao
SPSP192512161301,19251216,本埠新聞江海關新屋奠基禮誌盛　　海關朱監,shunpao
SPSP192601240401,19260124,時評北方之殷憂,shunpao
SPSP192608141101,19260814,教育消息專電,shunpao
SPSP192605311901,19260531,本埠增刊團體消息記慕爾堂女高專修學校之音樂會,shunpao
SPSP192706281701,19270628,本埠增刋團體消息,shunpao
SPSP192706091701,19270609,本埠增刋商塲消息　　立道飯店昨已開幕寗波路四號,shunpao
SPSP192802162101,19280216,本埠增刋商場消息,shunpao
SPSP192802171901,19280217,本埠增刊,shunpao
SPSP192906202201,19290620,本埠增刊,shunpao
SPSP192906222401,19290622,申報本埠增刊,shunpao
SPSP192809152201,19280915,紅氍毹李渭漁先生戲裝照片小誌  吉孚,shunpao
SPSP192809291701,19280929,自由談殊味的月餅  張菊屏,shunpao
SPSP192903041701,19290304,自由談都門近事錄大維  鍾靈,shunpao
SPSP192903111901,19290311,自由談諺語索引  清癯,shunpao
SPSP192903071701,19290307,自由談西湖博覽會近聞片片  笑,shunpao
SPSP192210211501,19221021,第四張,shunpao
SPSP192208141501,19220814,本埠新聞二道路會第二次執行董事會記　　中,shunpao
SPSP192212160301,19221216,時評　　國會本相,shunpao
SPSP192208071501,19220807,本埠新聞二京戴間實行飛行郵遞之滬聞　　聯,shunpao
SPSP192309090301,19230909,時評天作孽與自作孽,shunpao
SPSP192309190301,19230919,時論,shunpao
SPSP192305231901,19230523,常識常談博羅遺書（一）  老圃,shunpao
SPSP192305240201,19230524,時論,shunpao
SPSP192303071001,19230307,國内要聞二閩省長問題解决前之紛擾　　劉冠雄回閩無建白而去孫傳,shunpao
SPSP192209230401,19220923,時評財長之爭,shunpao
SPSP192311071301,19231107,本埠新聞天津銀行公會力爭内債基金　　函告,shunpao
SPSP192307011301,19230701,本埠新聞總商會民治委員會選舉揭曉　　聶雲,shunpao
SPSP192307160301,19230716,時論,shunpao
SPSP192308081301,19230808,本埠新聞齊韓復滬寗杭各商會之電文,shunpao
SPSP192307231801,19230723,本星期各影戲院之新片　　上海大戲院星期一至星期三演,shunpao
SPSP192301011201,19230101,國内要聞三粤省會改選停頓之原因,shunpao
SPSP192302251401,19230225,江灣新年大賽之第四日,shunpao
SPSP192206300601,19220630,國內專電二　　漢口電　孫傳芳日內來省與蕭商裁兵事宜通山土匪聞官兵進剿逃入九宮山等處臨行時焚民房百餘家勒欵四千餘串知事馮錦文現已返縣　[...],shunpao
SPSP192207280301,19220728,時評軍費與教育費,shunpao
SPSP192105191601,19210519,常識常評希姓與天擇,shunpao
SPSP192105201001,19210520,本埠新聞遠東運動會消息　　全城游戲會之委,shunpao
SPSP192105260801,19210526,國内要聞二川省民政長問題之近勢,shunpao
SPSP192202010601,19220201,時評奉直與總統,shunpao
SPSP192202081401,19220208,本埠新聞上海納捐人會執行委員會紀,shunpao
SPSP192112161401,19211216,本埠新聞余蔣電告國民對太會應持之態度,shunpao
SPSP192201091601,19220109,常識常評寓錢,shunpao
SPSP192202101401,19220210,本埠新聞總商會修改稅則委員會組織綱要,shunpao
SPSP192202120601,19220212,時評非華僕註册說,shunpao
SPSP192201160601,19220116,國内專電二　　漢口電　川鄂和,shunpao
SPSP192201171601,19220117,常識常評知識與科學,shunpao
SPSP191610040201,19161004,時評運動  冷,shunpao
SPSP191610060201,19161006,時評黑幕  冷,shunpao
SPSP191705140201,19170514,時評問題,shunpao
SPSP191608171701,19160817,來件江海關稅務司戴樂爾對於裁釐加稅條議,shunpao
SPSP191703110201,19170311,時評,shunpao
SPSP191610190701,19161019,,shunpao
SPSP192204251301,19220425,本埠新聞公共租界納稅華人會開會紀　　修正,shunpao
SPSP192203120601,19220312,特約路透電二南非罷工者之劇戰,shunpao
SPSP192203180601,19220318,法約路透電二法國之海軍計畫,shunpao
SPSP192006091001,19200609,本埠新聞唐王携手後之西報消息,shunpao
SPSP192006091401,19200609,自由談自由談遊記祤園隨筆,shunpao
SPSP192007280601,19200728,専電二　　北京電奉天拿獲之姚步瀛等十三人從犯就地懲辦首要解京,shunpao
SPSP192011091601,19201109,常識常評善惡之奮鬧,shunpao
SPSP192107011001,19210701,世界路透電英日續盟將延數月二十九日倫敦電據確實消息英日續盟問題大約將延宕數月在此時期内現約仍有效力俾容加拿大首相美恩氏澳洲首相休士氏歸與閣員會商如有必要尙須將是否贊成帝國大會所須解决之提議一事取决於人　[...],shunpao
SPSP192106151001,19210615,本埠新聞華人反對英日續盟之外論,shunpao
SPSP192106171001,19210617,本埠新聞旅滬浙人反對停止省會選舉,shunpao
SPSP192109190601,19210919,國內專電　　北京電靳發辭職通電後丶曹張吳尚無覆電丶截止明天如,shunpao
SPSP192101230601,19210123,專電二,shunpao
SPSP192011221701,19201122,常識常評我國之貧富觀,shunpao
SPSP192102151601,19210215,常識本增刋三次修正投稿簡則　　（一）投稿本增刊者其材料除衛生道德法制經濟四項外特增雜録一項仍以有關常識者爲限共有語涉攻訐個人者恕不登載　　（一）投稿者篇末須開明姓名曁詳細項址最好黏一名片每句請自加單圈　[...],shunpao
SPSP192106071601,19210607,常識常評社會主義與無政府主義之區别,shunpao
SPSP192107151001,19210715,專電二,shunpao
SPSP192107162001,19210716,常識常評言與行  漸,shunpao
SPSP192011181601,19201118,常識常評國民應盡之責任,shunpao
SPSP192105121601,19210512,常識常評行伍出身,shunpao
SPSP192105141001,19210514,本埠新聞交通大學滬校歡迎主任就職　　徐家,shunpao
SPSP192105151801,19210515,第八十六期一週問世界大事撮要,shunpao
SPSP192103170601,19210317,命令,shunpao
SPSP192104280601,19210428,命令,shunpao
SPSP192106211001,19210621,本埠新聞工部局發表關於食米之函件工部局今,shunpao
SPSP192106280601,19210628,命令,shunpao
SPSP192106301001,19210630,國内要聞二鄂同鄉之救濟兵變運動湖北旅京同鄉會因該省迭起兵變認,shunpao
SPSP192111111001,19211111,時評遠近索欵,shunpao
SPSP192111181001,19211118,世界路透電二限制海軍案中之潛艇問題,shunpao
SPSP192110191001,19211019,專電二,shunpao
SPSP192012271001,19201227,本埠新聞民國九年上海大事紀,shunpao
SPSP191501090201,19150109,時評　　新道　說,shunpao
SPSP191412270201,19141227,時評日本議會解散,shunpao
SPSP191409210101,19140921,遊記羗海雜誌,shunpao
SPSP191512081401,19151208,自由談游戲文章官餟政策談  劍,shunpao
SPSP191512131101,19151213,聽候查明核辦失竊古董,shunpao
SPSP191512190301,19151219,東方通信社電,shunpao
SPSP191602121701,19160212,專件淸理江蘇官產處通飭各縣文,shunpao
SPSP191602130201,19160213,時評平亂,shunpao
SPSP191602161701,19160216,補錄命令,shunpao
SPSP191602230201,19160223,時評沉機觀變,shunpao
SPSP191603020201,19160302,時評進退,shunpao
SPSP191603060201,19160306,時評叙府,shunpao
SPSP191603160201,19160316,時評用兵之道,shunpao
SPSP191601091101,19160109,竊賊推人落水,shunpao
SPSP191601130201,19160113,時評爲帝制之説者,shunpao
SPSP191601170201,19160117,時評大使中止說,shunpao
SPSP191601290201,19160129,時評其一展緩帝制與浮言　　外電謂政府方草展緩帝制之令以息浮言余謂此信必非確也使帝制而應有也何必展緩使,shunpao
SPSP191602270201,19160227,時評臨機,shunpao
SPSP191602290201,19160229,時評今竟何如,shunpao
SPSP191312010101,19131201,通信　　法國憲法成立之歷史,shunpao
SPSP191312041301,19131204,自由談游戲文章富策擬上財政總長,shunpao
SPSP191312090201,19131209,時評吿政治會議,shunpao
SPSP191308080101,19130808,論中國西通大鐵道之重要附譯地訥氏說略,shunpao
SPSP191307200701,19130720,杭州,shunpao
SPSP191307270101,19130727,外論論中國西通大鐵道之重要附譯地訥氏說略,shunpao
SPSP191307280101,19130728,外論論中國西通大鐵道之重要附譯地訥氏說略,shunpao
SPSP191308301101,19130830,來件求實小學校簡章　　宗旨遵中華民國敎育,shunpao
SPSP191412080201,19141208,時評　　歐戰與國土,shunpao
SPSP191412120701,19141212,杭州,shunpao
SPSP191511061101,19151106,氣候報告,shunpao
SPSP191510180701,19151018,鎭江　　軍商衝突之飭查陸軍警察與西城外王家巷口裕泰昌銅爐坊衝突一節迭誌前報兹悉丹徒縣章知事於日前將陸軍警寨吳達王亞維咨提到縣並將受傷店東之弟俞廣成店夥祝锦堂傳案審訊當據陸軍警察吳達等供述情形核與原告人　[...],shunpao
SPSP191509100401,19150910,華商拍賣啓者今禮拜五即八月初二日二句半鐘在本公司拍賣凈漬各色粗細厚呢數十疋均不限價届時祈請降臨面拍可也此佈　[...],shunpao
SPSP191509190401,19150919,禮拜一拍賣奉江海關諭寶和洋行准于十二日下午二點鐘在海關棧内拍賣六神丸二百餘盒食米雜物等不計是日上午可觀此佈寳和洋行啓　[...],shunpao
SPSP191510090101,19151009,秉記藥號緊要廣告茲因號夥舞弊私冒圖章出立存票今事已敗露正在追究所有向用秉記兩字腰圓圖章及秉記號回單五字長方圖章兩顆今已銷燬另刻别式圖章爲憑誠恐尙有前項私印在外圖騙銀洋等情概與本號無涉特此聲明請投函申報　[...],shunpao
SPSP191510090301,19151009,西人述我國鐵道經營之進步,shunpao
SPSP191510041101,19151004,來件中國青年總會演說部專員凌道揚在南京,shunpao
SPSP191509010201,19150901,時評難題,shunpao
SPSP191509011401,19150901,自由談游戲文章籌安詞  潘葛民,shunpao
SPSP191508051101,19150805,註銷誘拐婦女案　　安徽無爲縣人汪言文在上海地方檢察廳呈控在逃之汪言祺誘拐伊弟嬉齊氏與住居公共租界新馬路二百零七號屋内之劉雲卿　[...],shunpao
SPSP191508071101,19150807,來函滬海道尹公署來函,shunpao
SPSP191508091101,19150809,清道人書畫之名貴,shunpao
SPSP191508101101,19150810,工巡捐局批示,shunpao
SPSP191506140701,19150614,安慶,shunpao
SPSP191508221401,19150822,自由談游戲文章弔吉林模範監獄文,shunpao
SPSP191507180201,19150718,時評模範,shunpao
SPSP191507220201,19150722,時評模範國民,shunpao
SPSP191603200201,19160320,時評動搖,shunpao
SPSP191603260201,19160326,時評時勢,shunpao
SPSP191606050201,19160605,時評貿然出來,shunpao
SPSP191605010101,19160501,遊記羗海雜誌,shunpao
SPSP191605250601,19160525,要聞二京訊中之南京會議觀,shunpao
SPSP191605270201,19160527,時評羽冀已成,shunpao
SPSP191604051401,19160405,自由談游戲文章擬楊晳子赴美文上,shunpao
SPSP191604230201,19160423,時評組織内閣,shunpao
SPSP191606150101,19160615,要件游戲敎育,shunpao
SPSP191606190201,19160619,時評岑西林之電,shunpao
SPSP191604270101,19160427,遊記羗海雜誌,shunpao
SPSP191605310201,19160531,專電,shunpao
SPSP191408100601,19140810,要聞二歐洲戰事之北京觀　  政事堂之封呈政事堂人云日昨徐國務,shunpao
SPSP191408200701,19140820,六案敎案牽及八角亭之交涉,shunpao
SPSP191411010701,19141101,揚州撥欵補助工廠　　前兩淮運使張岱山君創立貧民工廠三所一在東台丁立棠君爲經理一在南通商言志君爲經理一在十二圩汪秉忠君爲經理該廠雖巳成立惟經濟支絀前經該三廠經理聯名禀請淮運司姚文敷君撥欵扶助當准在交通銀　[...],shunpao
SPSP191410301301,19141030,自由談　　游戲文章　　送王治馨,shunpao
SPSP191505111101,19150511,閘北檢察分庭批示三則陳秀梅訴楊陸氏串拐伊妻由爾妻究被何人拐去楊陸氏有無勾串情事前經集訊尙無端倪因於初六日將楊陸氏交保限三日内尋交嫌疑人金姓在案據訴前情應俟期滿後如楊陸氏不將金姓交案傳訊可也陳少亭訴沈錫　[...],shunpao
SPSP191505150601,19150515,要聞二交涉結束後之北京各界觀　　交涉之結束此次中日交涉吾國忍,shunpao
SPSP191505180101,19150518,快！快！快！快去儲金救國譯述歐西報業舉要,shunpao
SPSP191404241101,19140424,由包　將倪氏拘解公堂訊實判罰洋三元充公以後不准再將嗣廠幼女虐待,shunpao
SPSP191406220601,19140622,要聞二白狼復擾秦南紀,shunpao
SPSP191405091401,19140509,自由談游戲文章爲財政部代籌推廣,shunpao
SPSP191403191301,19140319,申報弟三張中華民國三年西暦一千九百十四年三月十九號星期四舊暦甲寅二月廿三日共四張真人参鹿茸靈芝野术海狗腎補血生精如意丸彭壽堂藥房精製眞正衞生秘寶○欲充腎氣欲廣嗣續欲强身體欲除百病但服此丸無不如願以償此　[...],shunpao
SPSP191403131401,19140313,自由談游戲文章文官考試叢書目錄,shunpao
SPSP191611110201,19161111,時評讀松坡遺言,shunpao
SPSP191710040201,19171004,時評無獨有偶,shunpao
SPSP191709040201,19170904,時評時局前途觀,shunpao
SPSP191708310201,19170831,時評粤東近事,shunpao
SPSP191707080201,19170708,時評不誠之龜鑑,shunpao
SPSP191807211001,19180721,本埠新聞虹口方面前夜之大激鬭　　連日虹口,shunpao
SPSP191806081001,19180608,本埠新聞呈請修正商會聯合會辦法上海總商會,shunpao
SPSP191806120201,19180612,時評三星期,shunpao
SPSP191806140201,19180614,時評兩種運動,shunpao
SPSP191810021101,19181002,○船戶防遏盜患嘉興平湖楓涇松江等南帮各船戶張元林周金生黃長生周桂生等前以該船等專裝米麥雜糧糖北貨等貨往來申浙之間近來盜匪充斥被刦者不知凡幾貨主每有推諉責任船主殊與生業有關特召集同業每人納費五角設立事務　[...],shunpao
SPSP191810060201,19181006,時評,shunpao
SPSP191808270201,19180827,時評盜鈴不掩耳,shunpao
SPSP191808280201,19180828,時評同性相殘,shunpao
SPSP191809291101,19180929,○甯波同鄉會募捐消息甯波同鄉會建築新會所設立商業學校募捐二十萬元其最近捐欵細目錄後　洪慶祥君募鄭良棠君二十元無名氏十四元陳忠臬宋廷　竺仁志王維明四君各十元李南琛洪慶雲二君各五元李菊初四元李炳忠三元陳楚　[...],shunpao
SPSP191809080601,19180908,要聞二現内閣與未來内閣預備辭職中之閣議　　昨日,shunpao
SPSP191809180601,19180918,要聞二南北妥洽問題之現况　　徐東海因各省函電催促就任一節已無,shunpao
SPSP191809190201,19180919,時評議和之音,shunpao
SPSP191708130201,19170813,時評討劉,shunpao
SPSP191804040201,19180404,時評國會問題,shunpao
SPSP191703200201,19170320,時評伍外長辭職,shunpao
SPSP191703210201,19170321,時評糧食問題,shunpao
SPSP191703270201,19170327,時評第三步之動機,shunpao
SPSP191703310201,19170331,時評三原因,shunpao
SPSP191711151001,19171115,第三章本埠新聞歡迎日本記者紀事日本東京國,shunpao
SPSP191711190201,19171119,時評上台下台,shunpao
SPSP191801250201,19180125,恩　化培任宗熙爲陸軍步兵中校陳光仁爲陸軍工兵中校並加陸軍工兵上校銜范世傑爲陸軍騎兵中校候旅爲陸軍工兵中校王亞特爲陸軍步兵少校並加陸軍步兵中校銜方承矩爲陸軍騎兵少校并加陸軍騎兵中校銜羅金元加陸軍工兵中校　[...],shunpao
SPSP191711270201,19171127,時評非我本意,shunpao
SPSP191703050201,19170305,時評内閣辭職,shunpao
SPSP191701090201,19170109,時評省制與軍隊,shunpao
SPSP191706010201,19170601,時評國内之斷交,shunpao
SPSP191708040201,19170804,時評宣戰,shunpao
SPSP191704150201,19170415,時評取决機關,shunpao
SPSP191706160201,19170616,時評果能無事耶,shunpao
SPSP191705250201,19170525,時評告國會議員,shunpao
SPSP191705290101,19170529,遊記羌海雜誌,shunpao
SPSP191704010201,19170401,時評西班牙罷工,shunpao
SPSP191704050201,19170405,時評中美俄三國之態度,shunpao
SPSP191707300201,19170730,時評武力,shunpao
SPSP191706300201,19170630,時評近事雜感,shunpao
SPSP191606250201,19160625,時評輿論與政黨,shunpao
SPSP191609280201,19160928,時評再論徐州會議  冷,shunpao
SPSP191607280201,19160728,時評吾之所憂,shunpao
SPSP191707160201,19170716,時評掃孽與造孽,shunpao
SPSP191803250201,19180325,〔二〕時評反復〔冷〕,shunpao
SPSP191803150201,19180315,日星期五,shunpao
SPSP191803170201,19180317,戊午二月初四日,shunpao
SPSP191304051101,19130405,王家嘴角幾致失火,shunpao
SPSP191305271001,19130527,本埠新聞宋案今日觀　　京師地方檢察廳公函,shunpao
SPSP191304240101,19130424,調查長蘆鹽政情形,shunpao
SPSP191304280101,19130428,調查長蘆鹽政情形,shunpao
SPSP191203210701,19120321,本埠新聞三誌新兵要求發餉之風潮駐紮城内舊,shunpao
SPSP192003221801,19200322,老申報國内舊聞訛傳邊釁,shunpao
SPSP192005111001,19200511,本埠新聞蘇社在南通開成立會之滬聞　　由滬,shunpao
SPSP192010150601,19201015,專電二,shunpao
SPSP192010201001,19201020,申報第三張本埠新聞全國敎育會聯合會今日開,shunpao
SPSP192010061001,19201006,本埠新聞俄領事離滬赴京,shunpao
SPSP192008110601,19200811,太平洋路透電,shunpao
SPSP192008151801,19200815,申報星期增刊紀載一週世界大事撮要,shunpao
SPSP192008250601,19200825,中華民國九年八月二十五日星期三,shunpao
SPSP191812151001,19181215,本埠新聞贊成國際稅法平等電,shunpao
SPSP191812180201,19181218,時評犧牲,shunpao
SPSP191811051001,19181105,本埠新聞南京浦口將建鐡橋,shunpao
SPSP191812081401,19181208,自由談思想日記詩經戲  不名,shunpao
SPSP192001070601,19200107,各通信社電　　北京電河間衛隊六營改編混成旅交王廷楨統帶赴察駐,shunpao
SPSP192001231101,19200123,第十師又請購米護照松滬盧兼使昨咨江蘇齊省長文云案查陸軍第十師現駐松滬境内各軍所需食米歷蒙發給護照採購在案茲經預算本年上半年需用軍米共計一萬二千三百十三包　[...],shunpao
SPSP192001252201,19200125,商業○一千九百十九年上海對外貿易槪况,shunpao
SPSP192003081001,19200308,本埠新聞各團體聯合談話會紀　　中華工界志,shunpao
SPSP191911140401,19191114,唯一毒門陳伯威醫士六馬路電車轉角處後面東首第五石庫門左,shunpao
SPSP191911150401,19191115,唯一毒門陳伯威醫士六馬路電車轉角處後面東首第五石庫門左,shunpao
SPSP191811231001,19181123,本埠新聞正式祝勝第三日順序　　今日星期六,shunpao
SPSP191811280201,19181128,時評告擁兵者,shunpao
SPSP191811290401,19181129,唯一毒门陳伯威醫士六馬路電車轉角處和興米店東首第五石庫門左懷安施醫局花柳一症首在愼醫陳君伯威懸壺海上越念餘年凡經治愈指不勝屈近更參用注射血清新法見効益臻妥速世有患者幸注意焉　[...],shunpao
SPSP192010231001,19201023,申報第三張本埠新聞納稅華人會選舉理事揭曉,shunpao
SPSP193107130901,19310713,本埠新聞各界今日開會共籌對日辦法　　下午,shunpao
SPSP193012281101,19301228,自由談一得之言逸梅,shunpao
SPSP193304221201,19330422,英人哈威開快車判罰金五十鎊,shunpao
SPSP193303090901,19330309,美金潮漸趨平定,shunpao
SPSP193302231101,19330223,絲業衰落一瞥　現在開工者僅十家滬埠向爲我國蠶絲集散總市塲、輸往歐美各國之華絲、大半由滬關出口、是以滬、市單雙宮絲廠、共達一百十三家、近年來因受世界經濟恐慌、人造絲充斥、以及日絲在海外廉價競銷、與夫一二　[...],shunpao
SPSP193304301401,19330430,讀者顧問　　再論「農村回得去嗎」尤懷臯　　我在討論本問題前，有幾句極誠懇的話來正告讀者，我狠不贊成用譏諷刻薄的語氣來攻擊任何投稿的人，徒然耗費了篇幅，結果是一無所得，這不是申報創設讀者顧問的本意，所以　[...],shunpao
SPSP193306051701,19330605,自由談「風頭」辯  曹聚仁我一,shunpao
SPSP193312260901,19331226,市商會等五團體積極籌備婦女國貨年　　元旦汽車游行并舉行交誼會　　市商會等五團體、爲使婦女界提倡國貨起見、故特公認明年爲婦女國貨年、定元旦日舉行汽車游行及交誼大會、昨日下午四時、在湖社開第三次籌備會、通　[...],shunpao
SPSP193312240801,19331224,贛東勦匪告一段落　　各僞軍團均經擊潰　　吳奇偉部功績最偉　　南昌通信、贛東赤匪、乘閩變之機、分三路向贛東進犯、其崩潰情形如次、中路方面　　中路方面、匪由彭德懷指揮、以僞三軍團爲主力、佐以僞五七兩軍團各　[...],shunpao
SPSP193312250701,19331225,日本明年度預算案成立以後,shunpao
SPSP193206110901,19320611,國外要電二日政府反對平價減低兩月内召集臨時議會齋藤與政友總裁會見,shunpao
SPSP193302121001,19330212,德國多難煤氣廠油廠爆炸薩爾區死數百傷千餘,shunpao
SPSP193308011801,19330801,電力公司職員工人聯合向工部局請願　　要求保障前電氣處職工工作提待遇案七項請向公司交涉上海電力公司工人爲要求恢復工會理事倪文富等工作、及四項待遇條件、未獲結果、日前曾全體向市黨部請願、同時該公司職員方面　[...],shunpao
SPSP193511191701,19351119,電影,shunpao
SPSP193405262101,19340526,佛敎徒參加辱國大會  雅非,shunpao
SPSP193704121001,19370412,川災救濟協會滬分會昨開首次會議　　四川旱災、日益嚴重、該省旅滬同鄉會及蜀商公益會、曾於上月二十九日、在此間合組川災救濟協會、並先後派代表李睛帆等入京、聯合旅京同鄉會、共同組織、並向中央呼籲、該代表等已　[...],shunpao
SPSP194002180501,19400218,英艦入挪威領海　搜查德輔助艦一艘　救出德艦所載大批英俘虜　搜查前德艦員曾猛烈抵抗　　挪京　外交部頃發表正式文吿稱、「德國輪船「阿爾脫瑪克」號、於本月十六日午後駛過我國領海、當即由我國魚雷艇加以監視、迨　[...],shunpao
SPSP193306061401,19330606,春秋救國禮劵  舞霜送禮，是人生的藝術，處世哲學上的開宗明義第一章。結婚，做壽，生子，要送禮，開吊，,shunpao
SPSP193306080801,19330608,印度抵制日貨棉布進口增抽特稅日本排英繼長增高　　西謨拉　印度政府佈告、凡非英國所製平面原色棉布之緊急最小特稅、將由按値百分之五十增至百分之七十五、此舉因日金貶價、及因日貨在印競爭甚烈、致印度棉布業與其　[...],shunpao
SPSP193707111701,19370711,高橋海濱浴塲昨招待新聞界,shunpao
SPSP193708121401,19370812,“原野”觀感,shunpao
SPSP194007300501,19400730,泛美各國全體一致　通過「哈伐那宣言」　避免西半球屬地被轉讓　大會批准今日即簽字　　哈伐那　泛美會議、今日當廿一國代表全體一致通過反西半球歐洲屬地移轉之哈伐那決議時、實際上已完成其工作、僅兩種形式上之舉　[...],shunpao
SPSP194610110601,19461011,方治發表時局意見　國大爲憲政階梯　希望各黨派以國家爲重　集中制憲討論勿逞意氣,shunpao
SPSP194610070601,19461007,上海妇女服装滄桑史,shunpao
SPSP194310070101,19431007,社評,shunpao
SPSP194310130301,19431013,武進同鄕會　舉行敬老會,shunpao
SPSP194602200201,19460220,原子秘密案重要發展　美偵緝人員抵加　在加被拘者中傳有一次長階級　加取消蘇之訂貨合同,shunpao
SPSP194211030601,19421103,春秋,shunpao
SPSP194211050601,19421105,自由談,shunpao
SPSP194212230601,19421223,自由談,shunpao
SPSP194508210101,19450821,布置簽訂停戰條約　馬尼刺兩度會議　初步洽商結束日代表返國,shunpao
SPSP194105290801,19410529,工部局新公積　昨已已認銷結束　六百五十萬元公開發行　認購者逾一千五百萬元　　工部局之六百五十萬元分債、昨日　[...],shunpao
SPSP194310290301,19431029,烟草組合抽查　小賣商存貨,shunpao
SPSP194307060101,19430706,社評,shunpao
SPSP194404100101,19440410,社評上海興亡上海人有責,shunpao
SPSP194805060601,19480506,足球戰揭開序幕　浙江勝菲律賓　在延長時間內連中三元　空軍以五對一輕取漢口,shunpao
SPSP194805070801,19480507,限制滬穗匯款及運現辦法　財部已同意取消　取締金鈔黑市決定標本兼治,shunpao
SPSP194605130501,19460513,中國大學教授復教　何校長定日內晉京情顧,shunpao
SPSP194807280101,19480728,監察院會議通過要案　成立行署及巡察團　咨政院派幹員主持熱政　十二行署監委將於今晨會中推選,shunpao
SPSP194802270301,19480227,捷共政變威脅人民自由　美英法嚴辭譴責　美可能對捷施經濟制裁,shunpao
SPSP192402120601,19240212,時論,shunpao
SPSP192506101301,19250610,本埠新聞南京路慘案之昨訊　　各國委員今晨,shunpao
SPSP192409120301,19240912,時評非停戰說,shunpao
SPSP192311250201,19231125,時評說中立派,shunpao
SPSP191812230201,19181223,時評全國和平會,shunpao
SPSP193605141601,19360514,體育消息　　全市十九區小英雄　會,shunpao
SPSP194611300301,19461130,行總浙署撥款　廣建草舍庇貧農　武康等數縣各蓋一百所,shunpao
SPSP192405010601,19240501,國內專電二　　重慶電　劉湘以賴心輝暫駐東道、田頌堯唐廷牧李家鈺等師亦紛回東道駐防、致謠諑繁興、恐滋糾為、乃暫借八師陳洪範九師劉文輝防區安置賴部、聞陳劉已允、暗潮可望消弭、　　重慶電　田頌堯旅長係震、中　[...],shunpao
SPSP192407040601,19240704,時評繼任,shunpao
SPSP192408071301,19240807,本埠新聞會審公廨案卷到滬,shunpao
SPSP192408101401,19240810,清華赴美學生已有一部抵滬　　北京清華學生係以庚子賠欵遣送且其護照由駐京美公使簽字故絶對不受美國新移民律之拘束此次有教興二人偕學生於本月二十日乘提督公司傑弗遜總統號由滬啓程等情迭誌本報茲悉該校學生來滬者　[...],shunpao
SPSP192401160401,19240116,時評删除浮文冷,shunpao
SPSP192502271701,19250227,中華民國十四年二月二十五日星期三,shunpao
SPSP192410120301,19241012,時評　　命運,shunpao
SPSP192408010601,19240801,時論,shunpao
SPSP192408011301,19240801,本埠新聞函請協爭日本禁阻華工上陸　　駐日,shunpao
SPSP192410031001,19241003,（五）戰事中水道消息,shunpao
SPSP192403091401,19240309,全國運動會消息　　昨自漢發出第二號通告　　全國運動會　定於五月二十二日至二十四日在武昌舉行籌備情形迭誌本報昨聞該會名譽書記葛雷博士將於四月一日往武昌與常軸接洽三四日即須返滬又該會已自武昌發出第二號通告　[...],shunpao
SPSP192312291301,19231229,本埠新聞蘇閩軍事當局覆何東氏電,shunpao
SPSP192403201301,19240320,本埠新聞西商會年會紀,shunpao
SPSP192403221501,19240322,本埠新聞二今日上海賽馬之預測　　第一次克,shunpao
SPSP192403270301,19240327,時論,shunpao
SPSP192509050701,19250905,時評鬥氣,shunpao
SPSP192508131101,19250813,岳陽形勢與長江新潮,shunpao
SPSP192602180401,19260218,尙有評前廣告轉入第二張第五版閱者注意東方墾植銀公司第八次分股劵第一標弍萬一標有末一字二標有末二字三標有末二字四標有末二字五標有末二字一標至五標均有前四字之獎全張三元每頁三角　新正月十二日開標　九次分劵　[...],shunpao
SPSP192609081501,19260908,本埠新聞二南京滬寗車站昨晚失火之滬訊,shunpao
SPSP192609191701,19260919,自由談換妻奇聞,shunpao
SPSP192609201701,19260920,自由談飲膽錄,shunpao
SPSP192604271701,19260427,本埠增刊藝術界觀「胭脂涙」後　　昨日,shunpao
SPSP192606071901,19260607,本埠增刊團體消息上海藝術大學展覧會之第三日,shunpao
SPSP192606091701,19260609,本埠增刊天氣報告,shunpao
SPSP192606031901,19260603,本埠增刊本刋編輯部啟事,shunpao
SPSP192611102101,19261110,劇塲消息　　夏令配克新片之試映　昨日下午一時半夏令配克影戲院試映本年名導演西席地密耳照片「黨人魂」先期由周世勳君柬請報界電影界蒞院參觀到者有嚴獨鶴孫道勝張靜廬任矜蘋陣壽蔭程步高陳天魏秀寳李曼麗等六十餘　[...],shunpao
SPSP192606140401,19260614,時評自害之策,shunpao
SPSP192608191001,19260819,浙江苦旱中之報雨報風浙省七十五縣當入夏以來幾無縣不遭旱荒稻禾枯萎田埂龜裂秋收有絕望之虞各縣知事設壇祈雨以求甘霖下降各縣法團紛紛電省勘災以冀豁免糧賦幸本月十五日天從人願省垣得雨夏省長當電詢各縣兹得復電幾　[...],shunpao
SPSP192605031301,19260503,本埠新聞修改洋涇浜章程委員會昨晚開會,shunpao
SPSP192604231901,19260423,本埠增刊自製簡易無線電話收音機問題,shunpao
SPSP192712151301,19271215,本埠新聞粤亂平後之各方消息,shunpao
SPSP192707011901,19270701,本埠增刋團體消息　　國民革命軍第二十二師六十五團團黨部於日昨,shunpao
SPSP192801091701,19280109,談囂俄和他的哀史  趙家璧　　記得前天聽見魯迅先生說「指揮刀是革命軍人的前驅確也能引導文學家的革命」中國革了十六年的命至今還沒有見到偉大的革命文學家可是我們翻讀法蘭西的革命史我們會相信魯迅先生的話是不　[...],shunpao
SPSP192801111901,19280111,本埠增刋　　各團體消息　　靑年會開攝影展覽會靑年會職業學校今日三時舉行攝影展覽會陳列該會童子部七時爲該校行寒假休業禮請有董修甲君演說　　蘇州旅滬公學昨行休業式新閘路武林里蘇州旅滬公學昨日　[...],shunpao
SPSP192707301901,19270730,本埠增刊商塲消息　　南洋襪廠開設分店五馬路南洋襪廠出品精良定價平正開設至今已歷數載雖年來時局多故而該,shunpao
SPSP192707311901,19270731,本埠增刋商塲消息,shunpao
SPSP192906012601,19290601,本埠增刋　　商場消息　　榮昌祥廉價狀况南京路榮昌祥、特設夏季,shunpao
SPSP192906052401,19290605,本埠增刋,shunpao
SPSP192906062401,19290606,本埠增刊,shunpao
SPSP192906182201,19290618,本埠增刋商場消息,shunpao
SPSP192906262601,19290626,本埠增刋商場消息　　警犬會徵求會員　粤商馬文甲君宣稱、本人創,shunpao
SPSP192906162201,19290616,本埠增刋團體消息　　海外之中國音樂會　留法學界同人、於去冬發起互助學會、經過情形、曾誌本報該會成立亦及半載、成績則已斐然可觀、今春該會俱樂部幹事諸君、爲聨絡會員歡誼并宣揚中華技術起見、特與法國東方文化　[...],shunpao
SPSP192906302401,19290630,本埠增刋商塲消息,shunpao
SPSP192902261601,19290226,兩人服毒自盡之相騐,shunpao
SPSP192901311201,19290131,自由談憶少年  AA女士,shunpao
SPSP192811302101,19281130,○團體消息　　青年友社籌備會　倪絅賢徐賡鰲等十一人、自發起組織青年友社以來、去函詢問而欲加入者日必數起、至昨日止、收到各處信件已有六百餘封、正式請求加入者在二百人左右、該社發起人已議定於陽歷十二月二日　[...],shunpao
SPSP192904111501,19290411,本埠新聞二男子投浦自殺,shunpao
SPSP192210011001,19221001,國内要聞二山西通信,shunpao
SPSP192212080601,19221208,國内要聞二張閣同意案提出衆院之别報　　黎黄陂本擬徇張紹曾之意,shunpao
SPSP192212130201,19221213,時評　　又有王代閣,shunpao
SPSP192309111301,19230911,本埠新聞黎黃陂實行南下昨日乘輪抵淞,shunpao
SPSP192309130301,19230913,時評兩闢謠,shunpao
SPSP192309021301,19230902,本埠新聞護路聲中之蘇敎育會通電,shunpao
SPSP192210081301,19221008,本埠新聞韓省長定今日返寗,shunpao
SPSP192305221901,19230522,常識常談撫匪之正當辦法  箴,shunpao
SPSP192305241901,19230524,常識常談博羅遺書（二）  老圃,shunpao
SPSP192303080601,19230308,特約路透電二匈少年發明取電器械,shunpao
SPSP192209250401,19220925,時評搜括拼凑,shunpao
SPSP192310250301,19231025,時論來稿論中國不宜工業化,shunpao
SPSP192311121501,19231112,本埠新聞二一週間紗花概况　　美棉最近估計,shunpao
SPSP192301240301,19230124,時評近聞雜感,shunpao
SPSP192206191001,19220619,國内要聞二哈埠金融之接濟法,shunpao
SPSP192105251001,19210525,本埠新聞遠東運動會消息　　日本與菲列濱二,shunpao
SPSP192202060601,19220206,時評華會結束,shunpao
SPSP192201060101,19220106,,shunpao
SPSP191705040201,19170504,第二　時評議會與外交,shunpao
SPSP191705060201,19170506,命令,shunpao
SPSP191704170201,19170417,時評意氣消散,shunpao
SPSP191704240201,19170424,時評　　破裂不全之國務院,shunpao
SPSP191609131001,19160913,本埠新聞西報紀中國制錢運往日本,shunpao
SPSP191609240201,19160924,時評訂約廢約  冷,shunpao
SPSP191610190201,19161019,時評互相破壞冷,shunpao
SPSP192204210601,19220421,國内專電二　　漢口電邊守靖皓,shunpao
SPSP192203061601,19220306,本埠新聞二閩高檢長赴任過滬,shunpao
SPSP192203111401,19220311,本埠新聞霞飛上將抵滬後第二日情形　　法國,shunpao
SPSP192204030601,19220403,國内要聞二紛擾牽制時期中之内閣談　　今之政府可謂巳陷於無辦法,shunpao
SPSP192008060601,19200806,公電,shunpao
SPSP192008081801,19200808,申報星期增刊紀載一週間世界大事撮要,shunpao
SPSP192107091001,19210709,國内專電二　　北京電赫列查斯,shunpao
SPSP192106131001,19210613,本埠新聞傅德祿夫人演講西洋美術史　　法國,shunpao
SPSP192108081001,19210808,命令,shunpao
SPSP192101291001,19210129,昨日金價又大漲舊曆庚申年先令滙率驟漲驟落商業中之與有關係者損失居其多數惟金業僅上半年稍受虧耗至秋冬先令大條步縮以是該同業大都獲利所有各號盈餘數　己紀日前本報各金號先敗後勝己得滿意之結果　故皆預備結束度　[...],shunpao
SPSP192011280601,19201128,專電二,shunpao
SPSP192102021001,19210202,本埠新聞遠東運動會消息　　會期五月三十日,shunpao
SPSP192101081601,19210108,常識常評自治,shunpao
SPSP192012151001,19201215,本埠新聞維持河南敎育之呼籲　　河南學生代,shunpao
SPSP192205081001,19220508,國内要聞二調停成都軍界暗潮之經過　　成都軍界因爭意見致起暗潮,shunpao
SPSP192205221301,19220522,本埠新聞拒用輕質銅元之决議　　昨日聯席大,shunpao
SPSP192205181301,19220518,本埠新聞青年會歡迎顧維鈞紀　　顧維鈞演講,shunpao
SPSP192206061501,19220606,中華民國十一年六月六日星期二,shunpao
SPSP192202260601,19220226,國内專電二　北京電三代表電京,shunpao
SPSP192202281401,19220228,本埠新聞關於國是會議之兩會議紀　　議决今,shunpao
SPSP192104020601,19210402,命令,shunpao
SPSP192105100201,19210510,時評兩以去就爭,shunpao
SPSP192103271001,19210327,本埠新聞各公團救濟留法學生電　　江蘇省敎,shunpao
SPSP192103310601,19210331,世界路透電上西萊西亞暴動之眞相,shunpao
SPSP192106231001,19210623,本埠新聞關於米店領照之工部局函件,shunpao
SPSP192106251401,19210625,本埠新聞關於米店領照事之消息,shunpao
SPSP192111101201,19211110,東三省通訊,shunpao
SPSP192111101401,19211110,本埠新聞全國外交大會籌備十二誌　　舉行預,shunpao
SPSP192110232201,19211023,（第一百零八期星期增刋一週間國内外大事撮要　　本國之部,shunpao
SPSP192111281001,19211128,國外要聞二維也納通信,shunpao
SPSP192101130601,19210113,公電,shunpao
SPSP192012270601,19201227,世界路透電法議院中之對德談話,shunpao
SPSP192103040801,19210304,國内要聞二湘省自治根本法之起草,shunpao
SPSP191410221101,19141022,來稿　　比國官電及調查公報　　比總領事來函　　比國政府官電　比政府出離,shunpao
SPSP191502031101,19150203,來稿,shunpao
SPSP191409161001,19140916,本埠新聞會議改組法公廨問題,shunpao
SPSP191602120201,19160212,時評共和紀念,shunpao
SPSP191602200201,19160220,時評取消年號之建議,shunpao
SPSP191603120201,19160312,時評治安,shunpao
SPSP191601070201,19160107,時評爭戰者,shunpao
SPSP191601081101,19160108,第十一版聶襄讞會同英領卓君升坐民庭研訊先由原告代表律師上堂聲稱原告與被告股開森記灰廠計共四股原被各一股尙有孫子雲等二股合計洋四千元嗣因營業不甚發逹將廠出盤計洋五千六百元照股分派各將股單收回詎被告捐交收　[...],shunpao
SPSP191601190201,19160119,時評國論,shunpao
SPSP191602250201,19160225,時評暗戰,shunpao
SPSP191306150701,19130615,李知事得報已於十一日帶領衞兵乘輿前往矣,shunpao
SPSP191307191101,19130719,專件通海農産品評會參觀記,shunpao
SPSP191511121101,19151112,來件試製電池緣起胡國光,shunpao
SPSP191509141101,19150914,蘇梓軒又被控告,shunpao
SPSP191509190201,19150919,時評國民,shunpao
SPSP191509201401,19150920,自由談游戲文章論出售晋朝黄庭堅,shunpao
SPSP191510071101,19151007,氣候報告,shunpao
SPSP191510051101,19151005,來函上海總商會來函,shunpao
SPSP191509031101,19150903,氣候報告,shunpao
SPSP191508231601,19150823,,shunpao
SPSP191507040201,19150704,時評暗潮,shunpao
SPSP191507051101,19150705,粤路股東來函　　申報主任台鑒粤路招股之初章程載一股有參議之權一元有五千之利矿股東不惜短衣縮食相與認股詎近日公司責難股東則根據招股章程而所作所爲則不遵照招股章程卽如總公司一部向祗有一收支所今則収支之外有　[...],shunpao
SPSP191508251401,19150825,自由談游戲文章,shunpao
SPSP191605250201,19160525,時評暗鬭,shunpao
SPSP191604020201,19160402,時評冷心,shunpao
SPSP191604050201,19160405,時評調停與退位,shunpao
SPSP191604290101,19160429,遊記羗海雜誌,shunpao
SPSP191411030701,19141103,取新來妓女,shunpao
SPSP191411051101,19141105,來件江蘇吳縣紳民請免帶徵水利經費禀,shunpao
SPSP191401010801,19140101,美貌嬌容　華粧麗水　美顔水美顔水使紳士淑女整齊姿容發揮光耀獨一無二之靈水也美顔水効用　面如小瘡膚裂烟氣蛟臭虫之時顔色增艶美皮膚生光澤用以融化折粉頗易擦敷大日本大阪　桃谷順天館上海總批發小林洋行日信大藥　[...],shunpao
SPSP191505040101,19150504,譯述歐西報業舉要,shunpao
SPSP191505061701,19150506,申報第五張中華民國四年　　西曆一千九百十五年五月六號星期四舊曆乙卯　　三月二十三日　　共五張救國儲金二　　中華救國儲金團總事務所幹事名單萬建生葉鴻英葉苾荃黃叔平黃式如吳麟書吳引之吳惠卿吳甘伯田祈原葛虞　[...],shunpao
SPSP191503111101,19150311,商務印書館擬刊四部舉要說略,shunpao
SPSP191503030201,19150303,時評賣國奴,shunpao
SPSP191411251101,19141125,客棧屢　烟禁,shunpao
SPSP191412280201,19141228,時評　　三年,shunpao
SPSP191404121101,19140412,拿獲匪徒,shunpao
SPSP191404031001,19140403,本埠新聞交通部關於招商局事之佈告,shunpao
SPSP191709300201,19170930,時評參議院之命令,shunpao
SPSP191707120201,19170712,時評張勳,shunpao
SPSP191808140201,19180814,時評政局慣例,shunpao
SPSP191808180201,19180818,時評立足地點,shunpao
SPSP191807190201,19180719,時評私宅戒嚴,shunpao
SPSP191807200201,19180720,時評專事,shunpao
SPSP191806250201,19180625,時評計畫確定,shunpao
SPSP191808060201,19180806,時評統率力,shunpao
SPSP191708110201,19170811,時評財政計畫,shunpao
SPSP191708160201,19170816,時評宣戰後之希望,shunpao
SPSP191708220201,19170822,時評除宣戰外,shunpao
SPSP191804270601,19180427,要聞二川陜軍事紀聞　　陳樹藩無力援川　　劉存厚困守廣元　　陜,shunpao
SPSP191804100201,19180410,時評正開銷,shunpao
SPSP191803290201,19180329,時評强力統一,shunpao
SPSP191703220201,19170322,時評今之内閣責任,shunpao
SPSP191703240201,19170324,時評加入與條件,shunpao
SPSP191801130601,19180113,要聞二晋邊疫症有東侵之勢　　自晉邊發現鼠疫以來京畿人心頗爲震,shunpao
SPSP191801310201,19180131,時評討伐令與停戰令,shunpao
SPSP191607030201,19160703,時評出處,shunpao
SPSP191702030201,19170203,時評歐戰劇烈時代,shunpao
SPSP191702260201,19170226,時評外交以外之要事,shunpao
SPSP191706100201,19170610,時評力,shunpao
SPSP191706110201,19170611,時評無一而可,shunpao
SPSP191705270201,19170527,時評組閣之敎訓,shunpao
SPSP191705280201,19170528,時評李内閣,shunpao
SPSP191705290201,19170529,時評果覺悟歟,shunpao
SPSP191706200201,19170620,時評政治,shunpao
SPSP191706240401,19170624,瑞和洋行禮拜一拍賣押欵顔料五月初七日下午二點半鐘在本行拍賣硫化元十五桶潮藍五桶餘貨不計欲拍者於初五日起至本行觀看可也　[...],shunpao
SPSP191612170401,19161217,,shunpao
SPSP191609260201,19160926,時評守法,shunpao
SPSP191802060201,19180206,時評恢復舊狀,shunpao
SPSP191803140201,19180314,時評督軍團之解部,shunpao
SPSP191803120201,19180312,時評慰留,shunpao
SPSP191301310101,19130131,社說西藏用兵記,shunpao
SPSP191204010701,19120401,本埠新聞　　司法總長與滬軍都督往來公文,shunpao
SPSP192005291001,19200529,本埠新聞萬國拒土會年會記　　萬國拒土會上,shunpao
SPSP192003301001,19200330,本埠新聞青年會第八次全國大會消息　　南方,shunpao
SPSP192010080601,19201008,專電二,shunpao
SPSP192009030601,19200903,專電二,shunpao
SPSP192008130601,19200813,命令,shunpao
SPSP192008141601,19200814,常識常評共和國以道德爲立國之本,shunpao
SPSP192008240601,19200824,中華民國九年八月二十四日星期二,shunpao
SPSP192008300601,19200830,專電二,shunpao
SPSP191812100601,19181210,要聞二京華短簡,shunpao
SPSP192001281001,19200128,本埠新聞各公團歡宴王專使紀江蘇省敎育會上,shunpao
SPSP191903081001,19190308,和議停頓中南方代表之一郭君椿森肖像,shunpao
SPSP193001052201,19300105,本埠增刋介紹學生指南·讓　　▲勤奮書局出版,shunpao
SPSP193304181001,19330418,敎育消息,shunpao
SPSP193005191301,19300519,本埠新聞陳英士　　殉國紀念大會　　昨晨在,shunpao
SPSP193306031201,19330603,朱培德等來滬朱培德·朱家驊·甘乃光·邵力子·陳紹寛·昨晚由京乘夜車來滬、今嚴抵滬、菲督九日可到滬菲農商部長來滬迎迓新任菲列濱總督乘柯立芝總統號過滬赴菲就任、已誌前報、茲聞該輪約於九日抵滬、菲督在滬勾留　[...],shunpao
SPSP193112031801,19311203,上海市場影戲素描·蘆·夢·殊　　Ccmmon　Law　　百代,shunpao
SPSP193112051801,19311205,上海市場商場消息滬南小西門蓬萊市塲沈衡莊美術文具商店宣稱本店,shunpao
SPSP193403251401,19340325,金象崙談暹羅最近僑况　　暹羅晨鐘晨刊總編輯金象崙君、昨日由暹返國抵滬、卽來參觀本報、以資借鑑、記者順叩最近僑情、據談如下、　[...],shunpao
SPSP193306171101,19330617,衡潭各縣霪雨成災　　長沙衡·潭·寳·常等縣霪雨成災省賑會請抽淮附加賑捐三百票救濟、,shunpao
SPSP193306111401,19330611,亞洲電器公司昨招待報界參觀新廠美商亞洲電器公司、昨午假福州路美國總會六樓招待本市新聞界、到申·新·時事·晨·民五報記者十餘人、由該公司總理瓊森等殷勤接待、席間由該公司職員梅鶴亭君致歡迎詞、並報吿營業情　[...],shunpao
SPSP193306120701,19330612,六十五國參加經濟會議今日開幕英皇與首相致開會辭會議前途各國觀察不同,shunpao
SPSP193707011901,19370701,國選事務所舉行盛大宣傳,shunpao
SPSP194603090401,19460309,商業新聞中行配售烚赤　金市漲風稍定,shunpao
SPSP194310100301,19431010,粳統會今日　照常辦公　採辦二期登記　今日下午截止,shunpao
SPSP194701140101,19470114,主席朂勉增加生產恢復戰前經濟狀况　在紀念週檢討過去一年,shunpao
SPSP194201240301,19420124,本届泛美各國大會接受兩項重要建議　在華盛頓組織防務委員會嚴格限制軸心國人民活動,shunpao
SPSP194307050101,19430705,社評,shunpao
SPSP194307070101,19430707,社評　　我們的反省　　六年前的今天，不幸,shunpao
SPSP194401100401,19440110,國民簡易體操　中華全國體育會編製社會福利部審定　　要點　　　本操法，定名國民簡易體操，由社會　利部力　制定，曾在着　推行，人大能操練，以鍛練身心，促進國民身健之健康體力之向上爲出的。　　　本操法共分十　[...],shunpao
SPSP194407210201,19440721,滬市防疫委員會　加强化注射辦法　二期注射八月一日開始　　滬市防疫委員會昨,shunpao
SPSP194806030201,19480603,社論學習林則徐先生的精神！　　　一年一度,shunpao
SPSP194803170601,19480317,考試及格分發人員　儘先任用不得裁遺　教部令直屬各機關各司處遵照,shunpao
SPSP194803180201,19480318,社論上海兵役如何辦理妥善　　　　上海市本,shunpao
SPSP194605310701,19460531,遼陽之春在共軍的手裏溜走　迎來了可愛的夏天  十四日遼陽航訊　關榮欽,shunpao
SPSP194603290401,19460329,商業新聞拋出統內三百萬　結果一逃了事　請看投機的下塲！,shunpao
SPSP194609260901,19460926,陰影中的綏遠  特約記者許如,shunpao
SPSP194801310301,19480131,甘地遇害舉世奪悼　印總理尼赫魯宣布國喪　英相呼籲印回消餘異見,shunpao
SPSP194811300301,19481130,中立國調解柏林爭端　向四強提出新方案　主張幣制統一先達成協議俾柏林封鎖得以同時解除,shunpao
SPSP194812270201,19481227,社論,shunpao
SPSP194903180801,19490318,自由談南京路漫想  江上宇,shunpao
SPSP192211171201,19221117,三馬路大新街亦舞台九月念九夜戲,shunpao
SPSP192211140201,19221114,商務印書館出牌新書十一年十月下旬【共學社叢書】▲時代叢書新軍論法國ＭＪaures著劉文島廖世邵合譯卓　氏爲法國社會　首領本書卽採社會主義之宗旨就「國民禦興國際和平」問题上之討論爲改良國民軍制之商榷雖爲　[...],shunpao
SPSP192405072001,19240507,常談漢口發現人肉包子之傳,shunpao
SPSP192405092001,19240509,常識常談不淸潔之習慣,shunpao
SPSP192408091301,19240809,本埠新聞抗爭日本苛稅電文彚録　　商總聯會,shunpao
SPSP192408111301,19240811,本埠新聞開浚吳淞江昨日動工　　開浚吳淞江,shunpao
SPSP192407221301,19240722,本埠新聞北京商聯會通告五次大會期　　九月,shunpao
SPSP192506230901,19250623,本埠新聞慘案移京後之上海昨訊　　張學良北,shunpao
SPSP192507230401,19250723,時評伺機,shunpao
SPSP192406012201,19240601,森林與氣候之關係,shunpao
SPSP192406050301,19240605,時評中俄協定簽後之責任,shunpao
SPSP192404300301,19240430,時論,shunpao
SPSP192404021301,19240402,本埠新聞捲烟業昨開業大會,shunpao
SPSP192401071001,19240107,[>國内要聞二粤省孫陳議和說　　雙方已二度接洽　　但時機尙未,shunpao
SPSP192402190401,19240219,時評不相容,shunpao
SPSP192505011301,19250501,本埠新聞班禪抵滬續誌　　定今日上午九時專,shunpao
SPSP192403131301,19240313,本埠新聞上寳平民敎育促進會大會紀　　選出,shunpao
SPSP192403191301,19240319,本埠新聞全國商聯會徵詢開會日期　　全國商,shunpao
SPSP192403211301,19240321,本埠新聞美國環繞全球飛機來滬訊,shunpao
SPSP192403161301,19240316,本埠新聞閘北市民爭水電罷市第二日,shunpao
SPSP192508171301,19250817,本埠新聞總商會昨日重要會議討論開工與不開,shunpao
SPSP192609091701,19260909,自由談棺之奇題,shunpao
SPSP192604241901,19260424,本埠增刊外商在華航業之槪况,shunpao
SPSP192604261901,19260426,申報本埠增刊本埠增刊藝術界介紹捷克雕刻家高祺懋悉　　雕刻是很古的美術自古希臘以來,shunpao
SPSP192606011901,19260601,本埠增刊外輪在華航業之槪况,shunpao
SPSP192606021901,19260602,本埠增刊觀「勃留皮特小姐」後,shunpao
SPSP192611111701,19261111,自由談鼠困拿破崙,shunpao
SPSP192604191701,19260419,本埠增刊商塲消息王順泰之西裝衣服,shunpao
SPSP192604221901,19260422,本埠增刊藝術界聽麥氏歌唱記張若谷　　世界空前絶技的大歌唱家愛爾蘭人麥克考梦克,shunpao
SPSP192712021701,19271202,本埠增刋團體消息　　啓英女學游藝大會啓美女校定陽曆十二月三號即本星期六晚假北四川路中央大會舉行籌金游藝會㈠奏樂　[...],shunpao
SPSP192706261901,19270626,本埠增刋各團體消息,shunpao
SPSP192707171601,19270717,自由談奇人,shunpao
SPSP192709061501,19270906,本埠增刊商塲消息,shunpao
SPSP192708281901,19270828,本埠增刊各圑體消息　　精武女子十週紀念　精武女子體育會於本月二十八日,shunpao
SPSP192708021701,19270802,千秋萬歲本埠增刊各團體消息　　精武會國語專科組織同學會北四川路精武體育會國語專修科、成立多年、歷由簡,shunpao
SPSP192712081901,19271208,本埠增刊商場消息,shunpao
SPSP192812062101,19281206,本埠增刋○團體消息　　婚禮誌　鄧君以誠、前肄業上海商科大學旋赴美留學、卒業於華盛頓大學商科、得商學上位、歸國後、任漢口忠信昌茶棧經理、俄商茶業出口恊助會買辦等職、少年英俊、爲商界中後起之秀、茲於本月二　[...],shunpao
SPSP192812102301,19281210,本埠增刊商塲消息,shunpao
SPSP192812281501,19281228,本埠新聞二,shunpao
SPSP192908012101,19290801,本埠增刊團體消息,shunpao
SPSP192811091901,19281109,團體消息　　婚禮誌　吳君壽民定於本月二十九日,shunpao
SPSP192811262301,19281126,本埠增刋從搪瓷面盆上的技術談到舞臺上的搪瓷　　界技術　　　　沈　凱　　面盆、是日用品的一種、也是搪瓷出品中的一種、開門幾件事、少他不來的、就各項面盆的插類言、大約有搪瓷的、　[...],shunpao
SPSP192212170601,19221217,國內要聞　　北京通信,shunpao
SPSP192309170301,19230917,時評恐嚇,shunpao
SPSP192309250201,19230925,時論,shunpao
SPSP192303031501,19230303,本埠新聞二徽館夥友自盡之原因,shunpao
SPSP192303051001,19230305,國内要聞二許軍與大埔駐軍衝突,shunpao
SPSP192303091001,19230309,國内要聞二東三省通信,shunpao
SPSP192303131501,19230313,本埠新聞二惠工儲户債權圑常會紀,shunpao
SPSP192311111301,19231111,本埠新聞徐國樑昨晚在愛多亞路遇剌　　彈傷,shunpao
SPSP192307080601,19230708,時評欲心不死,shunpao
SPSP192112041601,19211204,本埠新聞二救國十人團團員大會　　中華救國,shunpao
SPSP191705030201,19170503,時評宣戰之期近,shunpao
SPSP191705120201,19170512,時評公民圑與政府,shunpao
SPSP191608050201,19160805,時評生命與國家,shunpao
SPSP191704201001,19170420,本埠新聞分送美國棉花種子,shunpao
SPSP191703180201,19170318,時評俄革命與戰爭,shunpao
SPSP192204270601,19220427,特約路透電日諾瓦會議中之法俄　　二十五日日諾瓦電俄代表齊吉林昨在專家會議席發表一文言及俄國之困難内稱,shunpao
SPSP192204190601,19220419,國外要聞二　美總統說明藍石協約已失效　　世界新聞社云美國參議,shunpao
SPSP192203131401,19220313,本埠新聞霞飛上將離滬紀昨乘銀邦號赴美,shunpao
SPSP192204091301,19220409,本埠新聞章太炎講學第二日紀　　日昨爲江蘇,shunpao
SPSP192007011001,19200701,本埠新聞恐慌漸减之民食問題　　租界已禁止,shunpao
SPSP192007041001,19200704,本埠新聞人心漸定之民食問題　　米價漸有轉,shunpao
SPSP192004010601,19200401,命令,shunpao
SPSP192006201801,19200620,申報星期增刊紀載一週間世界大事撮要　　英俄通商問題對俄通商問,shunpao
SPSP192007290601,19200729,公電,shunpao
SPSP192008011001,19200801,本埠新聞各公團籌備歡迎美議員消息　　江蘇,shunpao
SPSP192101251001,19210125,本埠新聞一年來各公司航業之調查,shunpao
SPSP192102111001,19210211,太平洋路透電二哈爾濱之疫病與賤幣,shunpao
SPSP192102130601,19210213,公電,shunpao
SPSP192106071001,19210607,本埠新聞華僑宴菲代表與學報二界紀　　菲列,shunpao
SPSP192105291801,19210529,,shunpao
SPSP192206140601,19220614,中華民國十一年六月十四日星期三,shunpao
SPSP192104040601,19210404,太平洋路透電,shunpao
SPSP192109301401,19210930,本埠新聞青年會歡迎羅基菲勒記,shunpao
SPSP192101311001,19210131,本埠新聞陳己生演講河南情形,shunpao
SPSP191312181301,19131218,自由談游戲文章第二次上內閣總理,shunpao
SPSP191312201301,19131220,自由談游戲文章戲于與公冶長,shunpao
SPSP191410170701,19141017,蘇州,shunpao
SPSP191410261301,19141026,自由談　　游戲文章　　特别贈彩,shunpao
SPSP191412200501,19141220,百病多從痰病起人生斯世外有風寒暑濕相侵内有七情六欲之感偶一不愼皆足以致疾病而戕人生命顧疾病之害人身無論寒熱虚實必有痰以作先導古人所以有百病多從痰病起之語也盖五臟六腑皆能生痰不獨肺經一部即外膚癱疽癢瘡各　[...],shunpao
SPSP191409240201,19140924,時評沉靜,shunpao
SPSP191409270101,19140927,遊記羗海雜誌,shunpao
SPSP191409280201,19140928,時評戰地區域,shunpao
SPSP191409300101,19140930,遊記羗海雜誌,shunpao
SPSP191409300201,19140930,時評注目之點,shunpao
SPSP191511191101,19151119,冒名索詐之詰訊,shunpao
SPSP191512170201,19151217,時評警視,shunpao
SPSP191602150201,19160215,時評自作孽,shunpao
SPSP191512281101,19151228,結婚場遺失珠練條,shunpao
SPSP191312010701,19131201,地方通信,shunpao
SPSP191312101101,19131210,淞滬驚察廳批示,shunpao
SPSP191308040801,19130804,典守者不得辭其過,shunpao
SPSP191510191101,19151019,中華民國,shunpao
SPSP191509101101,19150910,調查被告家產,shunpao
SPSP191510140301,19151014,追祭之國慶日,shunpao
SPSP191510011101,19151001,閘北檢察分庭之批示,shunpao
SPSP191603240201,19160324,時評帝制之罪孽,shunpao
SPSP191605030201,19160503,時評自決,shunpao
SPSP191604221401,19160422,自由談游戲文章周公聲明書  劍,shunpao
SPSP191606120201,19160612,時評公言,shunpao
SPSP191606180201,19160618,時評曲折,shunpao
SPSP191409021301,19140902,自由談游戲文章狗屁集序  東方,shunpao
SPSP191411081301,19141108,自由談游戲文章戲擬陳仲子訴孟某,shunpao
SPSP191401050201,19140105,時評　　政治會議之能方,shunpao
SPSP191408291301,19140829,自由談游戲文章新式遺囑  劍秋,shunpao
SPSP191505170701,19150517,地方通信蘇州,shunpao
SPSP191411291301,19141129,自由談游戲文章牛皮先生傳  仁,shunpao
SPSP191312281301,19131228,自由談游戲文章經正則庶民興解,shunpao
SPSP191710050201,19171005,時評千幹萬枝,shunpao
SPSP191709140201,19170914,時評中俄之同病,shunpao
SPSP191709180201,19170918,時評火鐵金銀,shunpao
SPSP191709100201,19170910,時評可惜,shunpao
SPSP191708240201,19170824,時評除督軍等以外,shunpao
SPSP191709290201,19170929,時評作事之程序,shunpao
SPSP191707090201,19170709,時評張勳之處置,shunpao
SPSP191806180201,19180618,時評軍政聨席會,shunpao
SPSP191810140601,19181014,要聞二滿蒙邊訊種種　　俄屬東部濱海之阿穆爾省近有德奥俘虜在結,shunpao
SPSP191708120201,19170812,時評對德對川,shunpao
SPSP191708180201,19170818,時評宣戰後之希望,shunpao
SPSP191708200201,19170820,時評宣戰後之希望,shunpao
SPSP191708210201,19170821,時評宣戰後之希望,shunpao
SPSP191803300201,19180330,時評和歟戰歟,shunpao
SPSP191703260201,19170326,時評外交總長之難題,shunpao
SPSP191801290201,19180129,時評折回,shunpao
SPSP191712190201,19171219,時評裂紋,shunpao
SPSP191712251001,19171225,本埠新聞改訂關稅委員會定期成立改訂關稅委,shunpao
SPSP191607130201,19160713,時評踐言,shunpao
SPSP191702100201,19170210,時評决定,shunpao
SPSP191708060201,19170806,時評國力,shunpao
SPSP191708100201,19170810,時評預測今後中國之時局,shunpao
SPSP191704160201,19170416,時評軍事會議之命意,shunpao
SPSP191706181401,19170618,自由談游戲文章中華國賦,shunpao
SPSP191706190201,19170619,時評破壞與組織,shunpao
SPSP191707290201,19170729,時評千曲萬折,shunpao
SPSP191606280201,19160628,時評歡迎與責難,shunpao
SPSP191707190201,19170719,時評對德宣戰,shunpao
SPSP191707240201,19170724,時評問題,shunpao
SPSP191803270201,19180327,時評屈服,shunpao
SPSP191802020201,19180202,時評罪己令,shunpao
SPSP191803130201,19180313,時評獨流鎭大會,shunpao
SPSP191302140801,19130214,城内地方審判廳民庭批,shunpao
SPSP191305181301,19130518,自由談游戲文章瞽者同盟會宣布馬,shunpao
SPSP192002040601,19200204,公電,shunpao
SPSP192010160601,19201016,專電二,shunpao
SPSP192009020601,19200902,太平洋路透電海參崴近事記,shunpao
SPSP192009040601,19200904,國人要内要聞二[Ｐ北京通信,shunpao
SPSP192009191001,19200919,本埠新聞米價忽又奇漲　　上海十七元　　無,shunpao
SPSP191812110201,19181211,時評和之預備,shunpao
SPSP192001251001,19200125,本埠新聞王專使抵滬誌詳歐王專使王儒堂先生,shunpao
SPSP191911160401,19191116,唯一毒門陳伯威醫士六馬路電車轉角處後面東首第五石庫門左,shunpao
SPSP193302181201,19330218,德國舊日軍官再起,shunpao
SPSP193102271101,19310227,本埠新聞二朱荷三路掘出古棺古錢,shunpao
SPSP193010041901,19301004,拍賣魯意師摩洋行始創自同治十三年即英一千八百七十四年禮拜六拍賣准於四號九時半在本地前間拍賣打鳥鎗木器打字機脚踏機汽車狗靈鏡沙發地毯古唱機唱片　火爐書櫥書籍屛風冰箱大櫥五屜櫥梳妝檯鐵床縫紉機檯椅燈鏡銅磁　[...],shunpao
SPSP193312291301,19331229,自由談論沉默  吳溪,shunpao
SPSP193205240701,19320524,國内要電二　津日租界炸彈案日警大索兇犯　　韓人三名被捕,shunpao
SPSP193301171201,19330117,春秋雪的相對論  瞻廬,shunpao
SPSP193305290701,19330529,湘各縣自治不停辦,shunpao
SPSP193305301101,19330530,敎育消息,shunpao
SPSP193203140601,19320314,要聞二國府與黨部紀念總理逝世,shunpao
SPSP193407191301,19340719,申時電訊社昨舉行　十週紀念園遊茶會　到中外來賓二百餘人盛極一時　吳市長及各名流均有懇切演說　　申時電訊社昨日下午四時半起、在本埠巨潑來斯路二六三號張宅、舉行園遊茶會、計到黨·政·軍·及各國使·領·曁　[...],shunpao
SPSP193501212101,19350121,無綫電播音莭目歌唱　　上海無綫電劇社　　永生,shunpao
SPSP193305071701,19330507,自由談,shunpao
SPSP193306161101,19330616,西北角上的馮玉祥（四）國安　　（四）始終服從中央的馮占海在下行五點鐘的時候、我冒着雨、踏着爛泥、立在橋東面的大佈告板下、很小心的讀完了我們基督將軍就抗日同盟軍總司令職的大佈告、我可惜沒有抄錄下來、大槪　[...],shunpao
SPSP193409111301,19340911,中華路　　今晨火警　　灼傷老幼七人　　今晨零點十分許、西門中華路西區救火會附近某沙發椅店突然失愼、頓時冒穿屋頂、爲勢不可嚮邇、待屋内諸人驚覺、則火勢巳成、不可收拾、烟霧迷漫、均被迷住、無從逃避、幸　[...],shunpao
SPSP193409120801,19340912,羅斯福擬向各國建議　　軍火製造歸國家管理　　禁運玻巴軍火案　　英國附條件贊同,shunpao
SPSP193905300901,19390530,經政府管理之後　全國對外貿易激增　惜淪陷區各關入超消除困難　日傾銷沾第一各國均受影響　　海關發表今年一月至四月全國對外貿易、洋貨進口凈値國幣三萬。千三百九十六萬二千七百五十元、出口土貨凈値國幣二萬五千　[...],shunpao
SPSP194701040701,19470104,宋院長在滬舉行會議　商討抑平物價問題　中央銀行行黃金政策不變,shunpao
SPSP194108220901,19410822,專科以上學業競賽　滬區複試圓滿結束　　參加者共二十院校四七三人　　敎育部爲培養專科以上學校學生學術研究風尙並提高其程度水準起見、特舉辦全國學業競賽、分初試複試兩部份、初試由學校自行辦理、複試則分區舉辦　[...],shunpao
SPSP194603080201,19460308,伊朗總理返抵德黑蘭　蘇阻止伊軍接防　伊議會前連續發生暴動,shunpao
SPSP194403290201,19440329,市府令派吳頌任　一區公署署長　業於昨日接任視事　　第一區公署主任秘　吳頌皋氏，頃舉市政府令派為該署署長，業於昨　[...],shunpao
SPSP194705280701,19470528,在勘察團　出帆前夕　閒談　三平洋上　海防前哨　紅頭嶼  臺北廿四日航訊　本報特派員暮雲,shunpao
SPSP194602170301,19460217,歷八載風霜·朱顏永不變　春光重映西子湖  本報特派員　儲裕生寄杭州　　勝利後的第一個春天來了，上杭州去！　　八九年來，杭州大自然的風景不殊，但是在靈陽，凈寺附近，蘇堤，白堤上，都有敵八警戒，不得通過。　[...],shunpao
SPSP194206090701,19420609,春秋,shunpao
SPSP194110300901,19411030,敎育新聞　　戰時經濟統制下　馬來亞華僑文,shunpao
SPSP194110310901,19411031,敎育新聞　　哥侖比亞大學　中日語文系研究,shunpao
SPSP194306250301,19430625,德生力軍開抵希臘　增强東南歐防務　羅美爾任法南部防軍司令　英美對土神經戰愈演愈烈　　東京二十四日中央社電　據哈瓦斯社前保京電，該地於二十三日接德方消息：德生力軍已開抵希臘，此次德軍之增援一如二年以前，　[...],shunpao
SPSP194302270501,19430227,出售麺製食品商店　兩當局免徵零售捐　餅饅油條業繼續請求配粉,shunpao
SPSP194307130201,19430713,視察南方完成任務　東條首相安返東京　前後歷時共十三日　政治上具重大意義,shunpao
SPSP194405100201,19440510,防空避難訓練　各區分別演習　當局派員指導成績美滿,shunpao
SPSP194404140201,19440414,經濟保安處　昨正式成立　蘇渡兩副局長發表談話　　本市第一警察局經濟保安處，於昨,shunpao
SPSP194412040101,19441204,爲完遂大東亞戰　中日應緊密團結　日派遺軍新舊總司令談話,shunpao
SPSP194803300701,19480330,國民營紡織業代表建議　花紗布聯合配銷　委員會下設原料外銷內銷三組,shunpao
SPSP194810160601,19481016,同業展開採購工作以後　米市場到貨漸增　各地壓抑購米斤量米商頗感困難,shunpao
SPSP194604280701,19460428,商業新聞　　食糧市競爭異常混亂　粳秈出四萬關　糧部接洽採辦洋,shunpao
SPSP194901150601,19490115,社會服務申報主辦第二屆,shunpao
SPSP192309121301,19230912,本埠新聞黎黄陂昨日抵滬　　黎黄陂氏特包日,shunpao
SPSP191709230201,19170923,時評兩方之眞相,shunpao
SPSP193812111001,19381211,林康侯談滬市金融依然穩定　決能安渡年關　恢復國貨事業各項放款　活期存款增加定期反減　　抗戰時期之全國金融、經財政當局處置適當、依然穩定、新聲社記者昨特往訪銀行公會秘書長林康侯氏、叩以金融情形、據談、滬　[...],shunpao
SPSP191606090401,19160609,貴重地產禮拜五拍賣奉公堂諭魯意師摩洋行始創自同治十三年即英一千八百七十四年准於初九日下午四句半在本行拍賣貴重地產計坐落寳山英册道契七十九號計地四分八釐上連房屋三幢二進連廂房又地二分五釐以上均在靶子路北　[...],shunpao
SPSP192402090701,19240209,國外要聞東京通信徐之圭,shunpao
SPSP192405050301,19240505,時論,shunpao
SPSP192506210801,19250621,唐繼虞入桂之失敗,shunpao
SPSP192501301501,19250130,申報第四張本埠新聞二航業要訊　　日本派艦,shunpao
SPSP192410111001,19241011,（六）各界之救濟兵民　　嘉定旅滬同鄉致江浙議員電　本埠嘉定旅滬臨時維持會昨致北京參衆兩院江浙同鄉函云參衆兩院江浙同鄉諸先生均鑒江浙不幸突肇兵災烽火連天哀鴻遍地迄今匝月禍猶未紓被災之區就蘇論列尤以嘉定靑　[...],shunpao
SPSP192409290201,19240929,時評久戰與利害冷,shunpao
SPSP192609051501,19260905,本埠新聞二朱宅昨日之弔客朱葆三先生逝世後,shunpao
SPSP192604252101,19260425,本埠增刊外商在華航業之概况,shunpao
SPSP192606062101,19260606,本埠增刋天氣報告,shunpao
SPSP192611071901,19261107,本埠增刊各團體消息　　持螯賞菊會誌先是莊通三等發起持螯賞菊會贊同者頗不乏人乃擬定種種辦法並假商務俱樂,shunpao
SPSP192610111501,19261011,本埠新聞二今日江灣賽馬預測第一次二哩,shunpao
SPSP192611021901,19261102,？？[L本埠增刊>各團體消息　　上海各校音樂敎授之聯合上海音樂敎授劉質平李恩科潘伯英韓傳煒傅彥長張若,shunpao
SPSP192608090701,19260809,國内要聞二吉省政局突變　　鄭代省長長准辭奉方擬以任毓麟繼,shunpao
SPSP192604201901,19260420,本埠增刊藝術界現代大歌家麥克戈買克,shunpao
SPSP192712031901,19271203,本埠增刋團體消息▲儉德會舉行第二次同學會及第一次結分、儉德儲蓄會、定於本月四日星期日上午十時起、在該會演講廳、舉行第二次會員同樂大會、除敦請蔡孑民先生演講外、并有電影音藥歌舞幻術等、節目均係非常精彩、　[...],shunpao
SPSP192706111701,19270611,本埠增刊今日引翔鄕賽馬預測　下午一點鐘起賽,shunpao
SPSP192709051701,19270905,團體消息　　南洋高商上課山海關路南洋高級高業學校昨已開學定於九月六日上課新舊學生到校者約有三百餘人而各處學生請求轉學者尙衆該校爲愼重各轉學生程度起見暫設有特別生額以便轉學生隨意插班旁聽然後升入相當班次　[...],shunpao
SPSP192712061701,19271206,團體消息,shunpao
SPSP192712091901,19271209,本埠增刋商場消息華盛頓鐘表行減價展期南京路中市華盛鐘表行於上,shunpao
SPSP192802131901,19280213,本埠增刋團體消息　　儉德會昨日之同樂會儉德儲蓄會於昨日,shunpao
SPSP192802141901,19280214,本埠增刋婚禮誌,shunpao
SPSP192802271701,19280227,本埠增刋昨日引翔鄉賽馬之成績　　第一次、,shunpao
SPSP192708301701,19270830,本埠增刊各圑體消息　　南洋大學赴美學生圑近聞　南洋大學本屆畢業生張錫蕃·方善垕·顧毓瑔·汪經鎔·任家,shunpao
SPSP192706301901,19270630,各團體消息　　滬南興安桂元雜貨號職工會第一分會該會籌備已經就緒於前日,shunpao
SPSP192703311201,19270331,虹口房總聯會之發起,shunpao
SPSP192906082601,19290608,本埠增刊商場消息,shunpao
SPSP192811030701,19281103,時評　　事不能獨立,shunpao
SPSP192806201401,19280620,世界第一富翁發表不老術合衆聯合通訊云。據美國汽車大王亨利福特氏之返老還童法。在每天一定之時候。熱心服務其一定的　務。但其職務應擇其於自身最有興味者方可。然現下德國發明之還少新藥　[...],shunpao
SPSP192811282301,19281128,本埠增刊圑體消息　　婚禮誌國民黨第一届中執委傅汝霖君與上海法科大學學生李俊英女士於昨日下午假一品香旅,shunpao
SPSP192309261301,19230926,本埠新聞衆院秘書孫曜到滬後之談話,shunpao
SPSP192309280201,19230928,時評選災,shunpao
SPSP192304251001,19230425,國内要聞二天津之五七國恥紀念辦法　　天津團體代表會通電云全國,shunpao
SPSP192311130601,19231113,國内要聞二吳景濓聯絡中立派之效果　　調和之聲漸起　　自甘石橋,shunpao
SPSP192301121001,19230112,國内要聞二浙議會紀事,shunpao
SPSP192112101601,19211210,本埠新聞二燮昌經理之嘉惠災孩,shunpao
SPSP191704190201,19170419,時評風紀,shunpao
SPSP191704200201,19170420,時評内外兩大事,shunpao
SPSP191703150201,19170315,時評宣布斷交,shunpao
SPSP192204290601,19220429,國内專電二　　香港電伍决實行,shunpao
SPSP192203051401,19220305,本埠新聞總商會談話會紀　　報告會務開辦商,shunpao
SPSP192204101601,19220410,本埠新聞商總聯會反對官設魯案理事會,shunpao
SPSP192203220601,19220322,國内新聞　鮑内閣尙難實現,shunpao
SPSP192109181801,19210918,申報星期刊星期增刊,shunpao
SPSP192109281001,19210928,公電,shunpao
SPSP192205210601,19220521,國内專電二　　北京電美砲兵上,shunpao
SPSP191501010201,19150101,迎民國四年,shunpao
SPSP191312271301,19131227,自由談游戲文章戲擬梁鼎芬遺摺,shunpao
SPSP191410240701,19141024,松江,shunpao
SPSP191409240101,19140924,遊記羗海雜誌,shunpao
SPSP191502230201,19150223,時評　　令人迷茫,shunpao
SPSP191502260201,19150226,時評　　新聞政策,shunpao
SPSP191511180101,19151118,譯述歐西報業舉要,shunpao
SPSP191603100201,19160310,時評宣撫使,shunpao
SPSP191312021301,19131202,自由談游戲文章有趣之吿白,shunpao
SPSP191312070701,19131207,雜評二,shunpao
SPSP191312081301,19131208,自由談游戲文章財政總長批了靑臭,shunpao
SPSP191507111001,19150711,本埠新聞搜查蝗蝻之認眞,shunpao
SPSP191507171001,19150717,本埠新聞新泰輪遭風覆没之慘劇　　滬南十六,shunpao
SPSP191603191001,19160319,本埠新聞總商會議事廳今日開幕　　上海總商,shunpao
SPSP191606090201,19160609,命令,shunpao
SPSP191604040201,19160404,時評危,shunpao
SPSP191409101301,19140910,自由談游戲文章擬壽頭麻子質問滑,shunpao
SPSP191411091301,19141109,自由談游戲文章擬妓女致在津敗露,shunpao
SPSP191402231301,19140223,第三十版自由談游戲文章管仲治臍,shunpao
SPSP191410311301,19141031,自由談,shunpao
SPSP191711070201,19171107,時評單方之舉動,shunpao
SPSP191709190201,19170919,時評所爲何事,shunpao
SPSP191709210201,19170921,時評不能爲,shunpao
SPSP191710140201,19171014,時評武力解决,shunpao
SPSP191708230201,19170823,時評除西南外,shunpao
SPSP191707100201,19170710,時評警告當局,shunpao
SPSP191807250201,19180725,時評顧忌,shunpao
SPSP191807140701,19180714,南京快信,shunpao
SPSP191809020201,19180902,時評過渡,shunpao
SPSP191805040201,19180504,時評徐樹錚,shunpao
SPSP191805090601,19180509,要聞二湘東第二路之失敗史　　上月杪第二路在攸醴一帶失利北軍方,shunpao
SPSP191711170201,19171117,時評　　段内閣冷,shunpao
SPSP191711290201,19171129,時評内閣,shunpao
SPSP191607040201,19160704,時評今之官,shunpao
SPSP191706070201,19170607,時評不上不下,shunpao
SPSP191708080201,19170808,時評國力,shunpao
SPSP191708090201,19170809,時評國力,shunpao
SPSP191707260201,19170726,時評不能動,shunpao
SPSP191707150201,19170715,時評誰任其責,shunpao
SPSP191302120301,19130212,柏林電,shunpao
SPSP191302270801,19130227,草房失愼,shunpao
SPSP191305031101,19130503,泉漳帮衆商意見書,shunpao
SPSP191304151101,19130415,本會函授部章程　　定名中華民國世界語會函授部各地方事務所不另設函授部俾免分歧宗旨輔講習部所不逮逹本會普及之旨學員能閲淺近中文不論何人均得爲本部學員學期一年爲修學期滿平時由本部通信試騐期滿由本會流動部矯　[...],shunpao
SPSP192002250601,19200225,專電,shunpao
SPSP192002021001,19200202,本埠新聞○基督徒在天安堂歡迎王使紀王專使,shunpao
SPSP192010180801,19201018,國内要聞二湘市民與省議會交涉　　撤除省議會旗幟　　湘省市民對,shunpao
SPSP192001151001,19200115,本埠新聞要求市民權問題告一段落領袖領事已,shunpao
SPSP191812090201,19181209,時評地人時,shunpao
SPSP191811140201,19181114,時評讀休戰條約,shunpao
SPSP193110151001,19311015,湘省水利委員會成立　　第一步規劃修復堤垸　　長沙通信、湘省大年水災之慘重、爲近百年所未有、僅濱洞庭湖之十縣、損失垸田、已在四百萬畝以上、歲穫减少二千餘萬石、若不速將堤垸修復、來年春耕絶望、濱湖各縣人民　[...],shunpao
SPSP193303302301,19330330,小說夢裏光陰,shunpao
SPSP193303312101,19330331,市場,shunpao
SPSP193011011601,19301101,春江旅館查出肉票,shunpao
SPSP193010311201,19301031,交部通飭保護國際電台,shunpao
SPSP193309152401,19330915,戲劇　　戰爭與和平（二）（五）,shunpao
SPSP193203080601,19320308,要聞二日海軍艦來烟　　要求在海關設司令部並派員窺探東山砲台芝,shunpao
SPSP193203100201,19320310,郵局要息彙誌上海郵局消息、自三月八日起、上海與南京間航空郵運、每日,shunpao
SPSP193502232601,19350223,鳳鳴社　　中華,shunpao
SPSP193703021601,19370302,佛教徒籌設國際平和會,shunpao
SPSP193305091001,19330509,美人萊夫科　　警告上海公衆　　注意加拿大人仇里安　　昨有美人萊夫科警告上海公衆注意加拿大人仇里安、仇氏因在美被控以煤油股票詐欺取材、逃審來滬、美當道刻正計劃引渡歸案訊辦　但仇氏自稱其逃審原因、由於探悉　[...],shunpao
SPSP193305121001,19330512,天主敎　　羅馬朝聖團今晨赴意　　代表三十一人陸隱耕爲領隊　　大通公司特派渡輪熱烈歡送　　今年爲西歷一九三三年、係耶穌逝世十九週紀念　[...],shunpao
SPSP193306130901,19330613,奥政治暗殺案,shunpao
SPSP193912261001,19391226,自由談隔膜解  霂長,shunpao
SPSP193903081201,19390308,刦奪華捕手槍襲擊警車　劇盜判刑念年　陳茂堂處徒刑十七年　　總巡捕房稽查處華探長朱壽齡·王潤和·探目龐瑞卿·注家駒等、前拘獲劇盜紹興人陳茂棠·及江北人徐小四子　[...],shunpao
SPSP193904271001,19390427,政記輪船公司　業經裁定解散　渝法院已指定清算人　香港高審廳公吿開審　　民營政記輪船公司、已由招商局申請裁定解散、指定蔡增基·王雲五·章鼎峙等三人爲淸算人、日方企圖强買泊港六輪、船員呼籲堅決反對、泊在華　[...],shunpao
SPSP193910231201,19391023,申報,shunpao
SPSP193910251201,19391025,申報,shunpao
SPSP194108241101,19410824,兩學生被綁　捕房迅即破獲　在天然飯店內救出肉票　拘獲綁匪九名續緝餘黨,shunpao
SPSP194604190501,19460419,台灣人與內地人  四月十二日航訊　本報台北特派員暮時,shunpao
SPSP194605040701,19460504,商業新聞,shunpao
SPSP194602190301,19460219,最複雜最錯綜萬族大熔爐　夏威夷鑄新血統　中太平洋自由天堂巡禮,shunpao
SPSP194207260701,19420726,商業新聞,shunpao
SPSP194409200201,19440920,海關當局盼商民檢舉關員需索,shunpao
SPSP194509150101,19450915,湯司令官招待記者　談接收京滬工作　本大公無私精神劃分步驟進行,shunpao
SPSP194110290901,19411029,敎育新聞　　黃海化學工業研究社　研究工業,shunpao
SPSP194305270301,19430527,東綫德空軍活躍　炸毀蘇大飛機工廠一所　德大規模肅清蘇遊擊隊,shunpao
SPSP194404110301,19440411,「物動物資」申請移動辦法　申請書須轉送物資統審會　　頃據記者探悉，關係「物動物資」之申請移動，商統會曾奉行政院頒發處理辦法，令飭遵辦，聞此項「物動物資」計分：　各種汽車及其另件，　汽油及石油類，　各種　[...],shunpao
SPSP194405290101,19440529,社評京滬兩市民食臨時措置綱要頒布以後,shunpao
SPSP194810010701,19481001,本市偽中畢業生甄審　調查覆核竣事　全部合格者一二一名,shunpao
SPSP194605150601,19460515,中央銀行隨機　金價昨已平定　美鈔隨金市轉移,shunpao
SPSP194609230701,19460923,貨物稅率一成半　毛紡業大爲震動　生產量有限無補於稅收　外貨壓迫下實不堪重徵,shunpao
SPSP194609291001,19460929,電影戲劇每星期日出版,shunpao
SPSP194902030101,19490203,甘介侯奉命再度來滬　敦促顏惠慶等赴平　邵力子昨返京即訪李代總統談話　京人民代表團離靑北飛,shunpao
SPSP192211211201,19221121,三馬路大新街亦舞台十月初三夜戲,shunpao
SPSP191302280801,19130228,聚賭受罰,shunpao
SPSP192506210901,19250621,本埠新聞慘案交涉移京後之上海　　蔡曾有今,shunpao
SPSP192507141601,19250714,〔申報第四張〕,shunpao
SPSP192409021301,19240902,本埠新聞,shunpao
SPSP192411030201,19241103,時評未來之局,shunpao
SPSP192411050201,19241105,時評蒙氣,shunpao
SPSP192405310301,19240531,時論,shunpao
SPSP192602250801,19260225,土國之油合同,shunpao
SPSP192609221301,19260922,自由談中秋夕之兩奇景,shunpao
SPSP192512280601,19251228,蚌埠槍聲後之臨時警備辦法　　蚌埠五方雜處良莠不齊現值隆冬防衞最應嚴密兼之主客各軍,shunpao
SPSP192608201301,19260820,本埠新聞南北軍站加嚴檢查憲兵司令汪其昌兩,shunpao
SPSP192712012101,19271201,本埠增刋各團體消息尚文小學懇親游藝會　月之二十六日爲上海特别市市立尚文小學舉行黨化敎育懇親游藝會之期該校創辦於民九迄今八載於兹學生已達三百餘人校舍兩經擴充校具完備該校敎員俱女界俟秀敎授重實際注重兒童自　[...],shunpao
SPSP192712041901,19271204,本埠增刋爲編製工資指數事敬告上海各工廠　上海特别市市政府　農工商局,shunpao
SPSP192709011901,19270901,本埠增刋文釗各圑體消息　　勞農學院開辦販賣部國立第三中山大學勞農學院以該院僻處鄉間院内學生欲購買日用物品殊多不便生活上亦感枯寂現特設販賣部本合作的精神以謀全院同人購買上之便利並增其生活上之愉快内部組織　[...],shunpao
SPSP192707021901,19270702,本埠增刋轉體消息　　商務職工會發起醒世社寳山路商務印書館總務處職工會第二分會、于前日下午二時、開全體組長會議、由該會第二組長鄭省一君提議、請該會宣傳部組織一個「革命醒世化裝演講社」、純演警惕國人革命醒　[...],shunpao
SPSP192708011701,19270801,本埠增刋世界的「口號」,shunpao
SPSP192708031701,19270803,本埠增刋團體消息　　▲商務書館函授學社英文科現銀獎案上海商務印書館函授學社開辦迄今、已歷十有三載、現設國文英文商業算學國語五科、學員二萬餘人、成績卓著、該社並爲鼓勵學員起見、特定現金奬勵章程、每年舉行　[...],shunpao
SPSP192801122101,19280112,囂俄「哀史」述略汪倜然　　囂俄底「哀史」,shunpao
SPSP192801141901,19280114,本埠增刊　　囂俄哀史述略汪倜然　　㈤高姗特　　一千八百二十三年聖誕節旁晚的時候有一個形狀詭秘的人怱怱,shunpao
SPSP192712071901,19271207,本埠增刋團體消息,shunpao
SPSP192802151701,19280215,本埠增刋各團體消息　　國立藝術院借定尙賢堂爲考試地點中華民國大學院在西湖創辦之國立藝術院已在上海南京西湖三處同時招生該院以上海爲交通便利之區故特將考試地點定在上海茲聞已由該院院長林風眠借定霞飛路薩波賽　[...],shunpao
SPSP192802181701,19280218,本埠增刊各團體消息　　音樂研究會定期上課貝勒路恒慶里上海音樂研究會本星期爲第十五次招收男女學員自登報,shunpao
SPSP192802241701,19280224,本埠增刊團體消息　　儉德會勸導會第十次結分　儉德储蓄會第七届勸導會、自開幕以來、將及三月、業已先後結,shunpao
SPSP192803051901,19280305,本埠增刋商塲消息　　成德泰扼採辦新茶之預備　南市裡馬路成德泰茶莊開辦以來營業頗爲發達近日天氣漸暖新茶已經發芽昨晚開股柬會議因今年採辦新茶公推程雲卿君赴杭山採辦龍井雨前早春推程潤身君赴寗州山採辦武彛烏龍　[...],shunpao
SPSP192802261901,19280226,本埠增刋今日引翔鄉賽馬預測　　下午一點起賽共賽十一次　　第一次四分之三哩（一）狄習雪脫,shunpao
SPSP192802281701,19280228,本埠增刋團體消息,shunpao
SPSP192711291701,19271129,本埠增刋各團體消息,shunpao
SPSP192906032601,19290603,本埠增刊商場消息,shunpao
SPSP192806182101,19280618,菜館新雅茶點粵菜北四川路上海戲院對門　奧迪安影戲院南首十餘家雪園跑馬廳華安下層東首各式美女牌冰淇淋每客小洋二角午餐一元花旗素菜湯焊板魚汰汰沙司格利牛番薯片鷄肝恩利蛋燒山鷄飼養沙司煎番茄燜洋蔥黃瓜生菜白　[...],shunpao
SPSP192905062101,19290506,本埠增刊折西　　團體消息　　壽禮誌　五月七日,shunpao
SPSP192904132401,19290413,本埠增刊商場消息,shunpao
SPSP192908022101,19290802,本埠增刊團體消息　　蔡仁抱之奔走忙　怡和機器公司華經理蔡仁抱君、前因滬記者團參觀博覽會、經程副會長何,shunpao
SPSP192309232001,19230923,電車作弊及加價問題之投函　　一函謂賣票人揩油爲國民之恥辱應即設法補救又一函謂公司應先求能使乘客平穏安適方可加價昨日大陸報載ＤＹＲ氏　[...],shunpao
SPSP192209300301,19220930,時評軍械,shunpao
SPSP192311090601,19231109,國内要聞二北京通信,shunpao
SPSP192311021301,19231102,本埠新聞吳淞江水利協會之第二日,shunpao
SPSP192311190201,19231119,時評護路案,shunpao
SPSP192306250301,19230625,時論本館特約行政委員制之一先例,shunpao
SPSP192301170301,19230117,時評同意案之條件,shunpao
SPSP192105241001,19210524,本埠新聞遠東運動會消息　　葛萊博士云遠東,shunpao
SPSP192110021801,19211002,（第一百零五期）星　期增刋一週間國内外時事撮要本國之部,shunpao
SPSP192110101401,19211010,本埠新聞國慶日之五光十色　　中外官廳之防,shunpao
SPSP192202041001,19220204,世界路透電二各國近事記,shunpao
SPSP191609130701,19160913,首先報告議事日程先議追認各校優異生減免學費及津貼膳雜費辦法案由政務委員登台說明理由陳鐘琪問此種單行條例是否爲法律案可以追認林卓質問如此鼓勵將來能得若何之效果委員逐一答復胡炳旒方贊修余壽堃對於此案意　[...],shunpao
SPSP191607150401,19160715,,shunpao
SPSP191607230201,19160723,時評敬告議員  冷,shunpao
SPSP192203060701,19220306,八校敎職員對新學制之意見　　主張共同設一高級中學　　北京國立八校敎職員會以第七次全國敎育聨合會議訂之新學制案採用四二及三三制提高學生程度增進學術地位爲法甚善但現在國中畢業之各中學校學生泰半係四年級程度　[...],shunpao
SPSP192201311001,19220131,交通大學無線電　　華盛頓電　總統哈定氏自開會以來第一次干涉會務關於山東問題哈定氏堅囑中國代表收受日本最後讓步之條件現中國代表已電北京請示「日本最後之條件即日本借欵於中國以贖膠濟路以國庫劵作抵分五年至十　[...],shunpao
SPSP192004091001,19200409,本埠新聞公共租界納捐人年會續紀　　取締印,shunpao
SPSP192106111001,19210611,本埠新聞阿西亞斯演說菲島商業敎育　　菲列,shunpao
SPSP192106121001,19210612,本埠新聞總商會第十二期常會紀　　昨日,shunpao
SPSP192101240601,19210124,世界路透電巴黎大會之英代表,shunpao
SPSP192205050601,19220505,國外要聞二奉直戰爭之日本態度　　世界新聞社東京通信云日本對於,shunpao
SPSP192205170601,19220517,國外要聞日諾瓦會議組織專家委員會,shunpao
SPSP192205190601,19220519,國内要聞北京特約通信,shunpao
SPSP192105061001,19210506,本埠新聞輕質銅圓問題之昨訊　　官商議决止,shunpao
SPSP192111161601,19211116,本埠新聞二火車乘客跌傷　　昨日,shunpao
SPSP192111021601,19211102,本埠新聞二同濟學校紀事,shunpao
SPSP191312141301,19131214,自由談游戲文章戲代陳季常辨誣,shunpao
SPSP191410271301,19141027,自由談,shunpao
SPSP191409291001,19140929,本埠新聞華商不認華德買賣合同之作罷,shunpao
SPSP191409301001,19140930,本埠新聞西報紀絲業貸欵問題,shunpao
SPSP191409160101,19140916,遊記羗海雜誌,shunpao
SPSP191409220201,19140922,時評言論與實際,shunpao
SPSP191511240201,19151124,時評中國之今日,shunpao
SPSP191510220201,19151022,時評外交界之現象,shunpao
SPSP191509111601,19150911,,shunpao
SPSP191509171601,19150917,國貨有二大特色茲因歐西戰爭外貨日來稀少然我中華民國地大物博天產豐富盡人皆知正好提倡我國士貨振興實業之好機會也邇來熱心志士愛用國貨日見發展以補漏巵外溢則我國前途有幸也本公司亦盡愛國一分之責聘請名醫疊次研　[...],shunpao
SPSP191508040201,19150804,時評得罪權貴,shunpao
SPSP191508150701,19150815,地方通信北京　　熊督辦請假省親,shunpao
SPSP191508160401,19150816,良醫難得余席兩江督幕埀三十年公餘習醫亦十餘年凡江蘇盛名鼎鼎之醫士莫不窮其底藴而求一名實相副如高子波君者蓋未見其人余家多小兒亦多婦女凡有驚風痧痘胎產癆弱以及喉症眼疾全恃此君爲主治卒無不瘥親友中或有病傷寒　[...],shunpao
SPSP191507110701,19150711,地方通信蘇州,shunpao
SPSP191603310201,19160331,命令,shunpao
SPSP191408181301,19140818,自由談游戲文章閻王請某園主推廣,shunpao
SPSP191411021301,19141102,自由談游戲文章趣妒  刧餘,shunpao
SPSP191411061301,19141106,自由談游戲文章戲擬登徒子呈檢察,shunpao
SPSP191401171301,19140117,自由談游戲文章擬推廣無給制議,shunpao
SPSP191401041301,19140104,自由談游戲文章捕虱談,shunpao
SPSP191402161301,19140216,自由談游戲文章愛妾夏娃傳,shunpao
SPSP191408311301,19140831,自由談游戲文章擬妓女紅廟燒香疏,shunpao
SPSP191710010201,19171001,時評自後如何,shunpao
SPSP191709200201,19170920,時評亦有所爲,shunpao
SPSP191710200601,19171020,要聞二協商國對我答覆之意見,shunpao
SPSP191807141001,19180714,本埠新聞江南造船所之魄力,shunpao
SPSP191411140201,19141114,時評　　中日之感情,shunpao
SPSP191411160201,19141116,時評　　親疎大小之別,shunpao
SPSP191411180201,19141118,時評　　邪說,shunpao
SPSP191810030501,19181003,時,shunpao
SPSP191803310201,19180331,時評不戰不和,shunpao
SPSP191606270201,19160627,時評約法,shunpao
SPSP191707210201,19170721,時評人心,shunpao
SPSP191302121001,19130212,自由談游戲文章舊曆新年賦,shunpao
SPSP191303020801,19130302,上洋大馬路石路口新開天然江浙旅舍廣告本舍主人為安全行旅起見特就英大馬路石路口天然舊址擴充改良組織江浙大旅舍並請老於經騐之任錦堂君經理佈置清潔飲食精良地位幽靜招呼週到電燈電話鐵床被褥完備無缺現在開張伊始　[...],shunpao
SPSP192002020601,19200202,專電二北,shunpao
SPSP192009250601,19200925,世界路透電英國礦工罷工之續行談判　　二十二日倫敦電三角聯盟會,shunpao
SPSP192009280601,19200928,國外要聞英國特約通信,shunpao
SPSP192008310601,19200831,國内要聞　　北京通信,shunpao
SPSP191811080201,19181108,和之實際,shunpao
SPSP192003180601,19200318,專電二香,shunpao
SPSP192001090601,19200109,國内要聞北京通訊,shunpao
SPSP192001231001,19200123,本埠新聞陸專使回國過滬紀各團體一致表示外,shunpao
SPSP191909231101,19190923,寰球學生會演説山西進步情形寰球中國學生會現定於今日,shunpao
SPSP193010121101,19301012,接國内要聞　　連同本片聲請電影検檢查委員會檢查、,shunpao
SPSP193304152101,19330415,市塲,shunpao
SPSP193302211101,19330221,國聯十九特委會,shunpao
SPSP193303010901,19330301,秦島日僑退出　　日兵營開到在鄉軍人　　九門口形勢突告緊張,shunpao
SPSP193305251001,19330525,首批新茶運歐,shunpao
SPSP193203110601,19320311,美日互相攻擊,shunpao
SPSP193203170601,19320317,要聞日暗殺案事態漸形擴大,shunpao
SPSP193511131701,19351113,電影,shunpao
SPSP193603261801,19360326,一個痛心的故事  白玲,shunpao
SPSP193405141901,19340514,自由談北寗綫上  徐盈,shunpao
SPSP193404042101,19340404,假面具  敬嘉,shunpao
SPSP193404222301,19340422,專著最近世界經濟之一瞥  凡夫　　雖則說是世界經濟恐慌依然深化下去，可是當我們回顧一九三三年世界經濟的各種統計的時候，事實却又有些不盡然的様子。謂予不信，請看：一九三三年工業生産指數表一九三二年一九三　[...],shunpao
SPSP193502132101,19350213,上海郵政管理局封發郵件時刻表　　上海各支局皆可寄遞掛號快信航空郵件及辦理滙兌儲金等事務寄往處所　舟車名目　日期　平常信件發封時刻長江各埠　火車輪船　每日　十三點及廿一點卅北洋各埠　[...],shunpao
SPSP193501302001,19350130,上海郵政管理局封發郵件時刻表　　上海各支局皆可寄遞掛號快信航空郵件及辦理滙兌儲金等事務　　寄往處所　　　　　　　　　舟車名目　　日　　　　期　平常信件發封時刻　　長江各埠　　　　　　　　　火車輪船　[...],shunpao
SPSP193305051501,19330505,自由談,shunpao
SPSP194004041201,19400404,舊報新抄　六十七年前,shunpao
SPSP193907120601,19390712,英國態度決定後　德對但澤暫時觀望　軍政界要人離柏林假　國社黨九月初舉行大會　希特勒正在草擬演說稿,shunpao
SPSP193907121101,19390712,運輸公司職員　業務侵佔被捕　囑運貨物私自變賣　返滬被捕聽候判懲　　江西路永吉里三號松記轉運公司主何松壽、於民國二十六年十月廿四日、飭夥定海人蔣忠耀、押運價値二千九百元之玻璃一百箱至蕪湖、交聯華五金號收　[...],shunpao
SPSP193906132001,19390613,申報,shunpao
SPSP193904171601,19390417,申報,shunpao
SPSP193911081001,19391108,春秋參見盲童福啞兩學校  曹靈佑　　我們級中的英文敎本，採取了聞名世界的盲聾女子海倫克勒,shunpao
SPSP193910271201,19391027,申報,shunpao
SPSP194609020901,19460902,星期論壇　　有心人的痛苦  周厚鈞　　（一）三種事實的對比,shunpao
SPSP194609041001,19460904,國際知識,shunpao
SPSP194610280601,19461028,上海物價今昔觀,shunpao
SPSP194610290901,19461029,中國新興特種部隊　傘兵勇士在成長中  廿四日蘇州訊　本報駐蘇記者吳守仁,shunpao
SPSP194605020501,19460502,廣告頁,shunpao
SPSP194610010701,19461001,當局傳詢狂漲原因　人造絲漲勢略定　紡建公司發表代理配售之經過　存貨發現七百箱尚未全數交出,shunpao
SPSP194610090901,19461009,馬蹄輕敲青石版　風塵僕僕徐淮道  二日淮陰訊　本報特派員杭舟,shunpao
SPSP194705290701,19470529,八十萬港幣大騙案　香港永興洋行經理失蹤「打單匪」逐漸銷聲匿跡  香港廿四日航訊　本報特約記者程志政　　「打單匪」跋扈一時　　香港表現着畸形的繁榮，同時也充滿着欺騙和恐怖。　　最鬧得利害的，是滿城風雨的　[...],shunpao
SPSP194602140501,19460214,商業新聞金鈔證券愈高　暗息高至一角八美鈔扒結者甚多,shunpao
SPSP194602090301,19460209,國軍與分裂派不斷衝突　新疆局勢的輪廓　本報專稿　朱民威自新疆歸來後寄　　新疆省——這一個寒帶沙漠中豐饒而尙待開發的處女地——有四百萬人口，其中除漢族外，其他宗族如哈族，維族，蒙族等，紛然　處，數十年間　[...],shunpao
SPSP194601040301,19460104,法艦載人犯擅自離滬　我當局嚴重抗議　外部辦事處發表交涉經過　　法國駐滬總領事館，在滬擅捕法國納粹人犯之消息傳出後，此間各界以法方藐視我國主權，深為篤訝憤慨。并悉，前法公董局法籍職員卡可平諾，於去年十二　[...],shunpao
SPSP194601080401,19460108,自由談通訊錦旗拾錦  陳封雄,shunpao
SPSP194602230301,19460223,閻錫山在太大海撈針　對本報記者暢談軍政局勢  北古特派員　張劍梅　　記者抵太原之次日,shunpao
SPSP194206110701,19420611,自由談,shunpao
SPSP194409060201,19440906,防空形勢緊張　繼續實施訓練　防空本部舉行首次記者月會,shunpao
SPSP194509140101,19450914,滬市軍事接收繳械　今晨起開始實施　牟楊兩軍長將親率領官兵辦理　美國新聞處南京十二日電　中國陸軍總司令何應欽將軍之參諜長　毅肅將軍今日宣稱，估計約一百二十二萬五千名日本在華軍隊之解除武裝，業已開始。蕭將　[...],shunpao
SPSP194304270501,19430427,自由談「惻隱之心」,shunpao
SPSP194304080301,19430408,高加索北部庫班區　蘇大規模攻勢失敗　德完成唐納資河肅清戰,shunpao
SPSP194404020301,19440402,市府秘書長　吳頌皋氏繼任　熊劍東繼任滬保安處長,shunpao
SPSP194411020301,19441102,倉庫堆棧存貨　今日開始調查　市政當局盼商民合作檢舉,shunpao
SPSP194801070201,19480107,社論美國八十屆國會開幕　——美國朝野將對,shunpao
SPSP194808150601,19480815,二十五萬票面關金劵明日起正式發行　央行負責人談現鈔恐慌可解除,shunpao
SPSP194804020301,19480402,蘇聯突實施嚴格管制　柏林東西交通阻斷　英美法佔領當局嚴重抗議,shunpao
SPSP194606260701,19460626,谷部長蒞揚施賬　白叟黃童爲誰流浪？　忍飢待哺何日還鄉？　　本報廿二日揚州訊　特約記者王公瀚　　自從消息傳來，國府令派社會部部長谷正　氏主持蘇北難民救濟事宜以來，揚邑一般民衆先就有這麼個簡單的感覺：中央　[...],shunpao
SPSP192411060901,19241106,本埠新聞闗於北方政變之滬上昨聞　　津浦隴,shunpao
SPSP192406020301,19240602,時評勉力為國,shunpao
SPSP192410130201,19241013,時評　　血戰,shunpao
SPSP192603191301,19260319,本埠新聞昨日本埠忽聞回聲之由來,shunpao
SPSP192605302101,19260530,本埠增刊本刋啟事　　投稿諸君注意下列各事,shunpao
SPSP192801131901,19280113,本埠增刊囂俄哀史述略汪倜然　　巴黎城裏有位姑娘名叫芳丁,shunpao
SPSP192801101901,19280110,本埠增刋　　囂俄與「哀史」丁留餘　　這幾年來歐美電影的趨勢漸漸側重到名家小說的一方面所以却爾司迭更司底雙城記和賊史大仲馬底三劍客和情仇小仲馬的茶花女等都已相繼攝製了以名家傑出的小說表現於銀幕之上這是何　[...],shunpao
SPSP192701271201,19270127,客棧主夥違章拉客之罰鍰,shunpao
SPSP192309081301,19230908,本埠新聞昨日之救濟日災消息救護回國難民團,shunpao
SPSP192308261401,19230826,小學敎員今日開始試驗　　江蘇省立第二師範學校校長賈豐臻現奉蘇敎育廳委任爲檢定小學敎員第三路主試臨時委員就該校布設試塲示期於本月二十六日　[...],shunpao
SPSP192105261001,19210526,本埠新聞遠東運動會消息　　今明續到之選手,shunpao
SPSP192202111001,19220211,國内要聞二華會中之中東路决議案　　華會之共管中東路問題經顧維,shunpao
SPSP191703130201,19170313,時評今後吾人之希望,shunpao
SPSP192201200601,19220120,世界路透電華會關於中國之新議案,shunpao
SPSP192004070601,19200407,各通信社電二　　北京電某派議員以陸徵祥久不銷假政府亦不另提外,shunpao
SPSP192107051401,19210705,本埠新聞米業反對領照舉動之實行四租界米店,shunpao
SPSP192111041601,19211104,本埠新聞二毆斃高玉山案三誌,shunpao
SPSP192101111001,19210111,第三張H]本埠新聞小麥一百八十三包紅棗二,shunpao
SPSP191409271001,19140927,本埠新聞法使對於特姆特姆槍彈之聲明,shunpao
SPSP191409200201,19140920,時評歐事冷觀,shunpao
SPSP191408141301,19140814,自由談游戲文章游夜花園仿小熱昏,shunpao
SPSP191711040201,19171104,時評戰局,shunpao
SPSP191709160201,19170916,時評統一之難點,shunpao
SPSP191710160201,19171016,時評湘,shunpao
SPSP192009041001,19200904,Ｈ>第三張［Ｐ>本埠新聞會務進行幸母延誤,shunpao
SPSP193302251201,19330225,本市新聞航空恊會組織徵求隊,shunpao
SPSP193205251001,19320525,要聞日報論日本改革運動,shunpao
SPSP193405111901,19340511,業餘信箱珠胎暗結編者行狂：,shunpao
SPSP193405151701,19340515,自由談碎月灘和如意寺  英子,shunpao
SPSP193305061201,19330506,大批仇魚運滬後　　漁業團體紛謀抵制　　昨開緊急會議通過對付辦法　　奸商秘密販售爲漁檢會查獲　　本市漁業檢查仇貨委員會前日據密報、查有日漁輪海陽丸運來仇貨黄魚三千餘箱、來滬傾銷、昨日下午三時、特召集緊急　[...],shunpao
SPSP194003311001,19400331,舊報新抄　六十七年前,shunpao
SPSP194004020901,19400402,教育消息兒童節瞬息即至籌委會　今日舉行全體會議　訂定游藝節目各校分別舉行　昨日商店學校續將恩物送會,shunpao
SPSP193907171201,19390717,教育消息全國大學課程概況（上）　課程除醫學院外由各校自訂　以致課目泛複凌亂程度不齊,shunpao
SPSP193907280601,19390728,交部關懷失業技術船員　八月底前辦理登記　　寗波通訊、寗波航政辦事處近奉交通部訓令略開、查自戰事發生以還、船員頗多失業、其生活困難、本部深爲軫念、自應由政府統籌、酌予救濟、免資利用、飭即詳查報部、以憑統　[...],shunpao
SPSP193904152001,19390415,申報,shunpao
SPSP193911061201,19391106,申報,shunpao
SPSP193911101001,19391110,巡邏捕拘獲携槍男子　破獲軍火機關　據供擬往暗殺某姓　　法租界警務處近因冬防已屆、故連日對界內防務、異常嚴密、除全部鐵甲車出巡外、並分組巡邏隊、在各馬路兜巡搜查、前晚七時三刻、有巡邏隊中西探捕多名、巡查　[...],shunpao
SPSP194008151201,19400815,舊報新抄　六十七年前,shunpao
SPSP194008181201,19400818,舊報新抄　六十七年前,shunpao
SPSP194008191001,19400819,畫報斬抄　六十七年前,shunpao
SPSP194610281201,19461028,自由談　　賣屋  少夫　　據說,shunpao
SPSP194604120601,19460412,春秋,shunpao
SPSP194610031201,19461003,自由談,shunpao
SPSP194610041201,19461004,自由談　　榮譽軍人  少夫,shunpao
SPSP194610051201,19461005,自由談,shunpao
SPSP194610080901,19461008,台茶在萎縮狀態中  十八日臺灣航訊　本報特派員江暮雲　　台灣的特產品，現在一毅的　呈現着產銷萎縮狀態。人們愛追憶從前日本統治時代的數字，例如民國二十九年的　品　　輪入數字是四〇八·六五〇　[...],shunpao
SPSP194612180901,19461218,臺灣特殊化機構　專賣局·貿易局橫斷面  臺北四日航訊　本報特派員江暮雲　　被稱爲經濟的「眞空地帶」的台灣，在光復一年餘的現在，仍保留了原先的特殊姿態。過去的現象是：台灣銀行拒絕了中中交農的設立，帶了全　[...],shunpao
SPSP194602130601,19460213,春秋男女間  謝東平　　男女間的最大不同，自然是在一是男，一是女。它裏面包括着生理上的不同，和生理上,shunpao
SPSP194601050601,19460105,自由談社會戲場秩序維持之我見,shunpao
SPSP194602260601,19460226,自由談科學一九四五年科學十大事,shunpao
SPSP194509170101,19450917,張發奎長官蒞廣州　主持日投降儀式　顧祝同時軍在杭召見日軍代表,shunpao
SPSP194405090401,19440509,社會服務能否劃出公園一角　供羽毛球遊戲　　謹啓者，近日報上，見到公園中藥止拍羽毛球消息，這在我們都市巾的靑年們，是多大的不幸呀！在這金醉紙遠的都市中，一般靑年，欲在課餘或業餘之戰，作有益身心的消遣，簡　[...],shunpao
SPSP194404130401,19440413,海軍,shunpao
SPSP194404150301,19440415,營業所得稅　實施查賬催徵　防止不法商人逃避抗納稅額,shunpao
SPSP194306080601,19430608,經濟界　小言論實物俸給,shunpao
SPSP194404300401,19440430,星期評論,shunpao
SPSP194408280201,19440828,本市電力限制　警局嚴格執行　一般營業時間特加規定　　本市警察局爲執行電力節約消費及厲行戰時生活期於澈底起見，對一般營業時間及有關事項，特加限制規定計：　　普通營業：營業時問最遲以下午七時爲限，在每日下　[...],shunpao
SPSP194405280301,19440528,慶祝日海軍節　運動大會盛况　近藤少將親臨致詞　　新聞照合會爲慶祝　邦日本第三十九日海軍師·於昨,shunpao
SPSP194405300301,19440530,昨日風雨中與舉行　民間防空訓練　各區演習情形緊張成績良佳　　上海日本陸海軍防空司令部規定舉行之中日外綜合民防空訓練，於昨　[...],shunpao
SPSP194804040701,19480404,自由談孩子們,shunpao
SPSP194802260701,19480226,社會局昨拋售一萬三千石米市漲風仍未息　在全面配售以前拋米繼續供應,shunpao
SPSP194807290701,19480729,十四屆世界運動會　今日在倫敦揭幕　六十一國參加選手共六千餘人　比賽項目十七種展開空前盛況,shunpao
SPSP194901240501,19490124,南通糧食之謎  本報記者叢永樞,shunpao
SPSP192307041401,19230704,何鋒鈺卸職來滬,shunpao
SPSP192405241501,19240524,本埠新聞二天津春季賽馬之滬聞,shunpao
SPSP192403271001,19240327,國內要聞二敎育部不管北洋學潮　　學生請願不準傳達　　部中自謂,shunpao
SPSP192508271301,19250827,本埠新聞陸部阻止龍華駐兵之兩電　　陸郓總,shunpao
SPSP192702101701,19270210,自由談　　王漢倫醫眼  驚,shunpao
SPSP192806161301,19280616,本埠新聞今日總理蒙難紀念　　今日爲孫總理,shunpao
SPSP192309091301,19230909,本埠新聞各界賑濟日災之昨日情况　　大批難,shunpao
SPSP192305160601,19230516,公電,shunpao
SPSP192209301301,19220930,本埠新聞吾國參與檀會代表之寥落　　下月檀,shunpao
SPSP192211221301,19221122,上海寳善街裕興隆鞋帽莊遷回原處茲於夏曆十月初二日先行交易擇吉開幕如蒙親友惠賜禮物一槪辭謝尙祈諒之此啓環球汽車電話中央二二三九　二二四零價目二十分鐘一元●每小時三元●半淞園接送四元單䠀二元五角●龍華接送　[...],shunpao
SPSP192202031001,19220203,世界路透電二各國罷工風潮,shunpao
SPSP192201180601,19220118,公電,shunpao
SPSP191410281301,19141028,自由談,shunpao
SPSP191801270601,19180127,要聞二章士釗到京後之和局談,shunpao
SPSP193206041201,19320604,商業新聞金融標金市態徬徨,shunpao
SPSP193206211401,19320621,商業新聞金融標金初跌繼漲,shunpao
SPSP193104061501,19310406,自由談世界小事記  海客,shunpao
SPSP193306012201,19330601,商業新聞　　金融美衆院贊助複幣制　　金價又降十二元八　　五月,shunpao
SPSP194001081001,19400108,商業新聞金融　金市平庸,shunpao
SPSP194008161001,19400816,議分馬頭費　　向　來鴉片烟土之進上海者，在英租　內由工部局收馬頭費，每兩計銀四錢，而在法租界者，則法工部局不收此費。局中經費，僅恃房租捐項，故有印度人新開烟行，特擇於法租界之內，原冀免此費也。而新沙遜　[...],shunpao
SPSP194008171201,19400817,舊報新抄　六十七年前,shunpao
SPSP194008201001,19400820,舊報新抄　六十七年前,shunpao
SPSP194008211001,19400821,舊報新抄　六十七年前,shunpao
SPSP194610311201,19461031,自由談,shunpao
SPSP194602080401,19460208,春秋向靡靡之音作無情打擊  克　　我奇怪，又百思不解，勝利後到今天的上海，依然到處播送流傳着含有麻醉,shunpao
SPSP194602090601,19460209,自由談思想教育領導政治  楊同,shunpao
SPSP194601050301,19460105,從黑暗衝向光明　我空軍血戰八年　…鐵風社特別寄稿…　　我空軍在本國近代史上可說是一枝新銳的軍隊，牠的正式出生，正當「九一八」事變前後，而牠却在苦難的對日民族戰爭中，以年幼者的身份，堅毅的肩負起了拱衛祖　[...],shunpao
SPSP194602270401,19460227,國防最高委會通過　中央銀行管理　外匯暫行辦法,shunpao
SPSP194406030401,19440603,李阿毛衛生信箱　　投函詢問病症寄鳳陽路二五〇號,shunpao
SPSP194407080401,19440708,李阿毛  衛生信箱,shunpao
SPSP194805020501,19480502,出口結匯逐漸減少　主管機關正考慮補救辦法,shunpao
SPSP194803090801,19480309,學津悼懷黑德教授,shunpao
SPSP194608291201,19460829,自由談,shunpao
SPSP194608310901,19460831,邵伯大戰目擊記  本報廿七日揚州航訊　特派員杭舟　　蘇北行之五　　八月廿三日起，蘇北第二階段的戰事展開了。　　第一階段戰事從共軍進犯揚泰起，至國軍反擊打通揚泰，海泰，揚天路爲止。其結果是：共軍的主力遭　[...],shunpao
SPSP192703081201,19270308,自由談,shunpao
SPSP192909121101,19290912,要聞二中央禁煙會查禁瑞士鴉片替代品來華　　咨財部及各省市政府,shunpao
SPSP192202011001,19220201,公電,shunpao
SPSP192006141101,19200614,烟酒聯合會常會紀,shunpao
SPSP192103121001,19210312,本埠新聞聯合急募賑欵大會開幕會紀巳募得七,shunpao
SPSP191410291301,19141029,自由談,shunpao
SPSP191505210901,19150521,申報第三張中華民國四年西曆一千九百十五年五月二十號星期四舊曆乙卯四月初七日共四張注意國貨崔氏驥製半夏吾國自海禁大開之後事事以西法相尙即藥品一項而論亦必以西來者爲優聞者不察隨聲附和以爲西國藥品必係奇異珍　[...],shunpao
SPSP192003011001,19200301,本埠新聞救國會反對直接交涉之代電　　借鑒,shunpao
SPSP192010241101,19201024,申報第三張陸伯鴻再請撥地建築校舍　　新普育堂主任陸伯鴻前請慈善團議撥義塚公地建築工藝學校一事曾經該團一度議决准撥嗣因團董凌伯華不願執行聲請辭職於是又經董事會議長姚子讓邀約各董於本月十二日午後齊集同仁輔　[...],shunpao
SPSP193908110901,19390811,外匯暴縮聲中　羅傑士來滬堪重視　與英大使及滙豐等會商　傳此行已獲有初步結論　羅氏昨日已返港　　中英平凖基金委員會英方代表羅傑士、爲明瞭上海黑市外滙、曁英國對華貿易中國法幣運用情形、來滬與英國在滬官商、　[...],shunpao
SPSP194604100501,19460410,廣告頁春秋　　憶詩人楊雲史,shunpao
SPSP194310101301,19431010,國畫源流概述  劉海粟,shunpao
SPSP194310160401,19431016,李阿毛　衛生信箱　　投　詢問　症寄白克路二五〇號,shunpao
SPSP194403280401,19440328,內政部檢定衛生局登記工部局註冊董惠民醫師,shunpao
SPSP194311270401,19431127,李阿毛衛生信箱　　每逢　　　六發表　　投函詢問病症寄白克路二五〇號,shunpao
SPSP194401110401,19440111,參戰紀念民眾大會,shunpao
SPSP194401120401,19440112,李阿毛　衛生信箱,shunpao
SPSP194404060401,19440406,內政部檢定衛生局登記　工部局註册董惠民醫師,shunpao
SPSP194404080401,19440408,兒童節特輯　之四平江兒童敎養院近况,shunpao
SPSP194404200401,19440420,籲請舊八區改善　發給「配給證」辦法　　過去第八區發給買米等證，均係根據保甲，例如某日某時發給某聯某保，先期通知，至則按照保甲次第魚貫而入，按薄查發，旣不使有爭先之機，又無須乎久立之苦，法至善也。此次給　[...],shunpao
SPSP194803250801,19480325,出版界評古音說略,shunpao
SPSP194703310701,19470331,台北事件雨過天青　野心家混水摸魚　始末記,shunpao
SPSP194904070501,19490407,巡視南太湖  本報特派員　儲裕生　　「太湖週圍八百里」，這一句話與」太湖三萬六千頃」一樣的是描述太湖面積的遼闊，實際講來，太湖確是很寬闊的，她的週遭共有吳興，長興，宜興，無錫，蘇州，吳江六縣，跨江浙兩　[...],shunpao
SPSP192812121701,19281212,商業新聞　　昨甯廠裝去大條二百餘條、杭廠亦裝一百七八十條、現,shunpao
SPSP192006141001,19200614,本埠新聞各馬路商界總會昨日開會記　　取消,shunpao
SPSP192012011001,19201201,本埠新聞金價增漲與進出口之貨關係　　先令,shunpao
SPSP193907260601,19390726,庫頁島糾紛　蘇聯嚴拒日抗議　責日政府袒護不法行為　中東路未批款迄未償付,shunpao
SPSP193904081201,19390408,教育消息私立中學立案手續　蘇敎廳變通辦理　基金減少圖書等可借用,shunpao
SPSP193812060901,19381206,米榖登塲國府通令各省　普設農倉積榖　點查數量負責調劑盈虧　辦理登記嚴禁操縱壟斷　　國府鑒於全國各地米榖登塲、爲調節抗戰時期軍民糧食、通令各省政府督促普設農倉舉辦積穀、並辦理糧食行號登記、取締操縱壟斷、　[...],shunpao
SPSP194408080401,19440808,李阿毛衛生信箱　投兩問病症審鳳陽路二五〇號,shunpao
SPSP194804060701,19480406,學津柯南特論大學教育,shunpao
SPSP192211221201,19221122,大舞臺十月初四夜准演新排宋朝歷史機闗彩景新戲,shunpao
SPSP192709070801,19270907,劉湘在宜設行營　　漢口劉湘在宜成立七路行營並委郭勛爲警備司令,shunpao
SPSP191901100301,19190110,時評讀旅京外報記者團集議有感,shunpao
SPSP193812141001,19381214,呑沒鉅額烟土　蘇錫文被捕　日軍特務班長等亦被拘留　案情嚴重在秘密鞫訊中　　虹口日憲兵司令部、近據密報、當前僞「督辦公署」改組爲僞「上海市府時、有日指導員串同僞「署」高級偽員、吞沒鉅量烟士之大舞弊案、經　[...],shunpao
SPSP194604290601,19460429,教育与体育　　本年自費留學訊　留學期限二年至四年　專門分數佔百分五十,shunpao
SPSP191302280601,19130228,要聞二河東隴西兩案之投石下井者,shunpao
SPSP192010190601,19201019,申報第二張公電　　鄭州穆藕初來電申報館轉北方工賑協會昨過洛陽吳子帥邀談極贊成修路抵鄭徐劉兩代表尚未到准號　[...],shunpao
SPSP192410200901,19241020,本埠新聞軍事漸次結束之上海（四）　　軍隊,shunpao
SPSP194610271201,19461027,自由談,shunpao
SPSP193210311101,19321031,（徐天章攝）·楊惠明·孫仲和·工百正·何瑞堂·趙松　·凌志英等、　　▲到會代表此次大會來寳方面、計到實業部代表黃國佑·教育部代表社剛·實業廳代表張濟平·市政府代表麥君·市衛生局王兆麟·社會局錢仲南·縣　[...],shunpao
SPSP194610301201,19461030,自由談,shunpao
SPSP192211231201,19221123,丹桂第一臺十月初五夜戲減價注意特别包廂六角頭等正廳四角上層包廂二角二等正廳二角三等統售一角今晚减價新排第六本包公出世狸貓換太子諸君早臨天蟾舞台十月初五夜戲　[...],shunpao
SPSP189507010901,18950701,藩憲牌示,shunpao
SPSP193403131901,19340313,上海租界納税華人會宣示選舉人及被選舉人姓名　　爲宣示事查本會第十三届選舉所有調查編製事宜業已完竣理理應將有選舉權及被選舉權人名宣示其或遺漏或誤入或資格不符者希於三月二十日以前來會聲明以便補入剔除或變史　[...],shunpao
