"AverageShortestPathLength","BetweennessCentrality","ClosenessCentrality","ClusteringCoefficient","Degree","Eccentricity","IsSingleNode","name","NeighborhoodConnectivity","NumberOfDirectedEdges","NumberOfUndirectedEdges","PartnerOfMultiEdgedNodePairs","Radiality","selected","SelfLoops","shared name","Stress","TopologicalCoefficient"
"6.551446945337621","5.177832662804004E-7","0.15263803680981594","0.0","2","10","false","丁欽齋","10.0","0","2","0","0.8708965826665669","false","0","丁欽齋","2","1.0"
"5.556270096463023","0.014352952141292698","0.17997685185185183","0.0","10","9","false","東書院","2.4","0","10","0","0.8940402303148134","false","0","東書院","379188","0.28"
"5.556270096463023","0.014352952141292698","0.17997685185185183","0.0","10","9","false","無邪堂","2.4","0","10","0","0.8940402303148134","false","0","無邪堂","379188","0.28"
"4.760450160771704","0.0038181338055516844","0.21006416751097604","0.0","7","8","false","丁玉杆","8.0","0","7","0","0.9125476706797279","false","0","丁玉杆","240390","0.28"
"5.745980707395498","7.396903804005718E-6","0.1740346950195859","0.0","5","9","false","堅里經公館","7.0","0","5","0","0.8896283556419652","false","0","堅里經公館","20","1.0"
"5.745980707395498","7.396903804005718E-6","0.1740346950195859","0.0","5","9","false","永達仁棧","7.0","0","5","0","0.8896283556419652","false","0","永達仁棧","20","1.0"
"5.745980707395498","7.396903804005718E-6","0.1740346950195859","0.0","5","9","false","浦瑞來堂","7.0","0","5","0","0.8896283556419652","false","0","浦瑞來堂","20","1.0"
"5.745980707395498","7.396903804005718E-6","0.1740346950195859","0.0","5","9","false","笑山堂","7.0","0","5","0","0.8896283556419652","false","0","笑山堂","20","1.0"
"5.745980707395498","7.396903804005718E-6","0.1740346950195859","0.0","5","9","false","紹義橋厘局","7.0","0","5","0","0.8896283556419652","false","0","紹義橋厘局","20","1.0"
"5.745980707395498","7.396903804005718E-6","0.1740346950195859","0.0","5","9","false","英美審分府","7.0","0","5","0","0.8896283556419652","false","0","英美審分府","20","1.0"
"3.7813504823151125","0.04540161637079236","0.26445578231292516","0.0","26","7","false","華商總會","10.538461538461538","0","26","0","0.9353174306438347","false","0","華商總會","2448122","0.19076923076923077"
"4.670418006430868","0.010257546627807547","0.21411359724612739","0.0","3","8","false","丁甘仁","16.333333333333332","0","3","0","0.9146414417109101","false","0","丁甘仁","151958","0.4791666666666667"
"3.7491961414790995","0.069743038414688","0.2667238421955403","0.0","22","7","false","廣益善堂","5.473684210526316","0","22","3","0.9360652060121141","false","0","廣益善堂","1984420","0.06882591093117409"
"4.77491961414791","0.0150840221053674","0.20942760942760943","0.0","15","9","false","敬德堂","4.8","0","15","0","0.912211171764002","false","0","敬德堂","1969080","0.2111111111111111"
"4.77491961414791","0.0150840221053674","0.20942760942760943","0.0","15","9","false","樂善堂","4.8","0","15","0","0.912211171764002","false","0","樂善堂","1969080","0.2111111111111111"
"5.213826366559486","0.003199900585612874","0.19179771816219549","0.0","4","9","false","丁益記","5.25","0","4","0","0.9020040379869887","false","0","丁益記","182010","0.38636363636363635"
"6.205787781350482","3.883374497103003E-6","0.161139896373057","0.0","3","10","false","大豐洋布","4.0","0","3","0","0.8789351678755702","false","0","大豐洋布","6","1.0"
"4.22508038585209","0.044471110282657884","0.2366818873668189","0.0","12","8","false","平和洋行","5.25","0","12","0","0.9249981305615793","false","0","平和洋行","1213254","0.09444444444444444"
"6.205787781350482","3.883374497103003E-6","0.161139896373057","0.0","3","10","false","泰和洋行","4.0","0","3","0","0.8789351678755702","false","0","泰和洋行","6","1.0"
"6.205787781350482","3.883374497103003E-6","0.161139896373057","0.0","3","10","false","泰隆行","4.0","0","3","0","0.8789351678755702","false","0","泰隆行","6","1.0"
"5.223472668810289","0.0","0.19144352108341028","0.0","1","9","false","丁馬林","12.0","0","1","0","0.901779705376505","false","0","丁馬林","0","0.0"
"6.541800643086817","2.8770943483815906E-5","0.152863111329565","0.0","9","10","false","丹福","13.444444444444445","0","9","0","0.8711209152770508","false","0","丹福","184","0.7777777777777778"
"5.591639871382637","0.0040469258078424395","0.17883841288096605","0.0","13","9","false","上洋永安保人險公司","12.307692307692308","0","13","0","0.893217677409706","false","0","上洋永安保人險公司","2349624","0.3769230769230769"
"5.591639871382637","0.0040469258078424395","0.17883841288096605","0.0","13","9","false","天祥洋行","12.307692307692308","0","13","0","0.893217677409706","false","0","天祥洋行","2349624","0.3769230769230769"
"5.569131832797428","0.01595796941816764","0.17956120092378752","0.0","19","9","false","永安人壽保險公司","10.529411764705882","0","19","2","0.8937411201675017","false","0","永安人壽保險公司","3760784","0.2887700534759358"
"5.591639871382637","0.0040469258078424395","0.17883841288096605","0.0","13","9","false","瑞生洋行","12.307692307692308","0","13","0","0.893217677409706","false","0","瑞生洋行","2349624","0.3769230769230769"
"5.591639871382637","0.0040469258078424395","0.17883841288096605","0.0","13","9","false","美國永安人壽保險公司","12.307692307692308","0","13","0","0.893217677409706","false","0","美國永安人壽保險公司","2349624","0.3769230769230769"
"5.591639871382637","0.0040469258078424395","0.17883841288096605","0.0","13","9","false","華盛紗","12.307692307692308","0","13","0","0.893217677409706","false","0","華盛紗","2349624","0.3769230769230769"
"5.591639871382637","0.0040469258078424395","0.17883841288096605","0.0","13","9","false","豐裕洋行","12.307692307692308","0","13","0","0.893217677409706","false","0","豐裕洋行","2349624","0.3769230769230769"
"5.591639871382637","0.0040469258078424395","0.17883841288096605","0.0","13","9","false","香港匯廣抵欵有限公司","12.307692307692308","0","13","0","0.893217677409706","false","0","香港匯廣抵欵有限公司","2349624","0.3769230769230769"
"5.591639871382637","0.0040469258078424395","0.17883841288096605","0.0","13","9","false","高易洋行","12.307692307692308","0","13","0","0.893217677409706","false","0","高易洋行","2349624","0.3769230769230769"
"4.827974276527331","4.895494864695457E-5","0.20712620712620713","0.0","2","9","false","尹允安","19.0","0","2","0","0.9109773424063412","false","0","尹允安","528","0.5806451612903226"
"3.832797427652733","0.0668863335194976","0.2609060402684564","0.0","32","8","false","仁濟善堂","6.59375","0","32","0","0.9341209900545876","false","0","仁濟善堂","2663420","0.09022177419354839"
"4.254019292604502","0.0018238214630943801","0.2350718065003779","0.0","6","8","false","絲業會館","12.5","0","6","0","0.9243251327301278","false","0","絲業會館","265434","0.27380952380952384"
"5.995176848874598","4.667896053128259E-6","0.16680075087154733","0.0","3","10","false","尹南薰","20.333333333333332","0","3","0","0.8838330965378","false","0","尹南薰","54","0.8055555555555556"
"5.003215434083601","0.02754185811626927","0.19987146529562982","0.0","28","9","false","大美國永安人壽保險公司","6.88","0","28","3","0.9069019666492186","false","0","大美國永安人壽保險公司","4613382","0.15473684210526314"
"5.028938906752412","0.019500554663217668","0.19884910485933502","0.0","20","9","false","永安公司","7.05","0","20","0","0.906303746354595","false","0","永安公司","3693038","0.17285714285714285"
"5.041800643086817","0.01526270757981874","0.19834183673469385","0.0","16","9","false","算學書局","8.0625","0","16","0","0.9060046362072833","false","0","算學書局","3353742","0.2017857142857143"
"1.6923076923076923","0.007692307692307694","0.5909090909090909","0.0","4","2","false","任坤山","10.0","0","4","0","0.9307692307692308","false","0","任坤山","12","1.0"
"1.2307692307692308","0.14423076923076922","0.8125","0.0","10","2","false","奉道台委","4.0","0","10","0","0.976923076923077","false","0","奉道台委","90","1.0"
"1.2307692307692308","0.14423076923076922","0.8125","0.0","10","2","false","慈東棠蔭書屋","4.0","0","10","0","0.976923076923077","false","0","慈東棠蔭書屋","90","1.0"
"1.2307692307692308","0.14423076923076922","0.8125","0.0","10","2","false","昭知奉委","4.0","0","10","0","0.976923076923077","false","0","昭知奉委","90","1.0"
"1.2307692307692308","0.14423076923076922","0.8125","0.0","10","2","false","桑潤院","4.0","0","10","0","0.976923076923077","false","0","桑潤院","90","1.0"
"4.97588424437299","0.0","0.20096930533117932","0.0","1","9","false","伏乞聖鑒","22.0","0","1","0","0.907537575712256","false","0","伏乞聖鑒","0","0.0"
"3.977491961414791","0.0545624650945283","0.2514147130153597","0.0","22","8","false","上海協賑局","4.5","0","22","0","0.9307560008973305","false","0","上海協賑局","2156716","0.07954545454545454"
"8.065916398713826","0.0","0.1239784731911501","0.0","1","12","false","伏惟葆三","3.0","0","1","0","0.8356763628206088","false","0","伏惟葆三","0","0.0"
"7.067524115755627","0.006425690334539769","0.14149226569608736","0.0","3","11","false","上海北巿絲業會","1.3333333333333333","0","3","0","0.8588947880056832","false","0","上海北巿絲業會","232162","0.3333333333333333"
"4.413183279742765","3.106699597682402E-6","0.2265938069216758","0.0","6","8","false","何丹書","25.0","0","6","0","0.920623644657145","false","0","何丹書","30","1.0"
"3.4308681672025725","0.047251860766602885","0.2914714151827554","0.0","25","7","false","寳善堂","9.16","0","25","0","0.9434681821580796","false","0","寳善堂","7602560","0.11027027027027027"
"3.4308681672025725","0.047251860766602885","0.2914714151827554","0.0","25","7","false","崇德堂","9.16","0","25","0","0.9434681821580796","false","0","崇德堂","7602560","0.11027027027027027"
"3.4308681672025725","0.047251860766602885","0.2914714151827554","0.0","25","7","false","日省堂","9.16","0","25","0","0.9434681821580796","false","0","日省堂","7602560","0.11027027027027027"
"3.4308681672025725","0.047251860766602885","0.2914714151827554","0.0","25","7","false","樹德堂","9.16","0","25","0","0.9434681821580796","false","0","樹德堂","7602560","0.11027027027027027"
"3.4308681672025725","0.047251860766602885","0.2914714151827554","0.0","25","7","false","通聚公","9.16","0","25","0","0.9434681821580796","false","0","通聚公","7602560","0.11027027027027027"
"3.4308681672025725","0.047251860766602885","0.2914714151827554","0.0","25","7","false","麥桂潤堂","9.16","0","25","0","0.9434681821580796","false","0","麥桂潤堂","7602560","0.11027027027027027"
"5.017684887459807","0.0","0.1992950977250881","0.0","1","9","false","何恭壽","22.0","0","1","0","0.9065654677334929","false","0","何恭壽","0","0.0"
"4.019292604501608","0.08800376676786378","0.2488","0.0","22","8","false","機器製造局","3.6363636363636362","0","22","0","0.9297838929185672","false","0","機器製造局","1516704","0.05991735537190083"
"4.921221864951768","2.4585622960543453E-6","0.20320156811499512","0.0","2","8","false","何捕國","25.0","0","2","0","0.908808793838331","false","0","何捕國","34","0.75"
"3.9260450160771705","0.04530039067125957","0.2547092547092547","0.0","33","7","false","中和洋行","6.242424242424242","0","33","0","0.9319524414865775","false","0","中和洋行","3767992","0.14562289562289563"
"3.977491961414791","0.020632279844056935","0.2514147130153597","0.0","17","7","false","益昌廳","8.0","0","17","0","0.9307560008973305","false","0","益昌廳","2376048","0.19444444444444445"
"5.197749196141479","0.0","0.19239096814104548","0.0","1","8","false","何桂笙","29.0","0","1","0","0.9023779256711284","false","0","何桂笙","0","0.0"
"4.19935691318328","0.08502173399230573","0.23813169984686064","0.0","29","7","false","中西大藥房","2.206896551724138","0","29","0","0.9255963508562028","false","0","中西大藥房","2081926","0.07099391480730223"
"5.770096463022508","3.451888441869336E-7","0.1733073279465032","0.0","2","10","false","何植","15.0","0","2","0","0.8890675241157555","false","0","何植","2","1.0"
"4.345659163987138","0.005038072903318195","0.23011468738438773","0.0","5","8","false","何植園","26.0","0","5","0","0.9221939729305317","false","0","何植園","179258","0.38461538461538464"
"3.6816720257234725","0.10005996559855024","0.2716157205240175","0.0","39","7","false","存濟堂","6.257142857142857","0","39","4","0.9376355342855006","false","0","存濟堂","5390640","0.1251700680272109"
"3.77491961414791","0.11687461101906382","0.26490630323679726","0.0","22","7","false","會審分府","4.681818181818182","0","22","0","0.9354669857174904","false","0","會審分府","2651274","0.06347962382445141"
"4.305466237942122","0.009323338153630586","0.23226288274831966","0.0","20","9","false","莊源大","7.15","0","20","0","0.9231286921408809","false","0","莊源大","372704","0.2120689655172414"
"3.967845659163987","0.021115638874655066","0.2520259319286872","0.0","20","7","false","鴻運樓","8.3","0","20","0","0.9309803335078143","false","0","鴻運樓","2847158","0.20277777777777778"
"3.3135048231511255","0.22908104319370334","0.3017952450266861","0.0","24","6","false","何瑞棠","23.08695652173913","0","24","1","0.9461975622522993","false","0","何瑞棠","23461774","0.16240409207161124"
"3.8167202572347265","0.010594006140282617","0.26200505475989894","0.0","21","7","false","地亞土洋行","11.380952380952381","0","21","0","0.9344948777387273","false","0","地亞土洋行","1046072","0.23593073593073594"
"3.942122186495177","0.03926559253311647","0.2536704730831974","0.0","17","7","false","徐存濟堂","6.0588235294117645","0","17","0","0.9315785538024378","false","0","徐存濟堂","1877326","0.14878892733564014"
"3.8167202572347265","0.010594006140282617","0.26200505475989894","0.0","21","7","false","招商局","11.380952380952381","0","21","0","0.9344948777387273","false","0","招商局","1046072","0.23593073593073594"
"3.8167202572347265","0.010594006140282617","0.26200505475989894","0.0","21","7","false","招商總局","11.380952380952381","0","21","0","0.9344948777387273","false","0","招商總局","1046072","0.23593073593073594"
"3.787781350482315","0.04649115517647692","0.2640067911714771","0.0","19","7","false","振輩堂","5.947368421052632","0","19","0","0.9351678755701788","false","0","振輩堂","2482218","0.12066752246469833"
"3.8167202572347265","0.010594006140282617","0.26200505475989894","0.0","21","7","false","晉大庄","11.380952380952381","0","21","0","0.9344948777387273","false","0","晉大庄","1046072","0.23593073593073594"
"3.8167202572347265","0.010594006140282617","0.26200505475989894","0.0","21","7","false","桂墅野經公館","11.380952380952381","0","21","0","0.9344948777387273","false","0","桂墅野經公館","1046072","0.23593073593073594"
"4.003215434083601","0.0735035580152991","0.2497991967871486","0.0","9","7","false","茂生洋行","6.888888888888889","0","9","0","0.9301577806027069","false","0","茂生洋行","4822794","0.15497076023391812"
"3.8167202572347265","0.010594006140282617","0.26200505475989894","0.0","21","7","false","裕源紗廠","11.380952380952381","0","21","0","0.9344948777387273","false","0","裕源紗廠","1046072","0.23593073593073594"
"3.8167202572347265","0.010594006140282617","0.26200505475989894","0.0","21","7","false","通商銀行","11.380952380952381","0","21","0","0.9344948777387273","false","0","通商銀行","1046072","0.23593073593073594"
"3.2315112540192925","0.1756156450445577","0.309452736318408","0.0","37","7","false","電報總局","11.5","0","37","1","0.9481043894414117","false","0","電報總局","6792470","0.12962962962962962"
"5.223472668810289","0.0","0.19144352108341028","0.0","1","9","false","何瑞福","12.0","0","1","0","0.901779705376505","false","0","何瑞福","0","0.0"
"5.686495176848875","0.0","0.17585524455753462","0.0","1","10","false","何碧山","34.0","0","1","0","0.891011740073282","false","0","何碧山","0","0.0"
"4.688102893890675","0.09692333244485717","0.2133058984910837","0.0","34","9","false","義合公司","1.2058823529411764","0","34","0","0.9142301652583564","false","0","義合公司","1736316","0.041176470588235294"
"4.773311897106109","0.0","0.209498147524419","0.0","1","8","false","何立卿","22.0","0","1","0","0.912248560532416","false","0","何立卿","0","0.0"
"5.233118971061093","4.7071206025490945E-7","0.19109062980030722","0.0","2","9","false","何良","11.0","0","2","0","0.901555372766021","false","0","何良","2","1.0"
"4.237942122186495","0.014995690460266685","0.23596358118361155","0.0","11","8","false","寳興鑛務公","5.818181818181818","0","11","0","0.9246990204142675","false","0","寳興鑛務公","604706","0.11471861471861472"
"4.237942122186495","0.014995690460266685","0.23596358118361155","0.0","11","8","false","寳華礦務公司","5.818181818181818","0","11","0","0.9246990204142675","false","0","寳華礦務公司","604706","0.11471861471861472"
"5.229903536977492","3.1066995976824027E-6","0.1912081155856133","0.0","4","9","false","何良棟","10.0","0","4","0","0.9016301503028491","false","0","何良棟","12","1.0"
"4.241157556270096","0.007153175823663731","0.23578468536770283","0.0","10","8","false","上海保安公司","7.9","0","10","0","0.9246242428774396","false","0","上海保安公司","545580","0.16428571428571428"
"4.241157556270096","0.007153175823663731","0.23578468536770283","0.0","10","8","false","保安公司","7.9","0","10","0","0.9246242428774396","false","0","保安公司","545580","0.16428571428571428"
"4.241157556270096","0.007153175823663731","0.23578468536770283","0.0","10","8","false","徐恊生","7.9","0","10","0","0.9246242428774396","false","0","徐恊生","545580","0.16428571428571428"
"4.241157556270096","0.007153175823663731","0.23578468536770283","0.0","10","8","false","泰來洋行","7.9","0","10","0","0.9246242428774396","false","0","泰來洋行","545580","0.16428571428571428"
"4.413183279742765","3.106699597682402E-6","0.2265938069216758","0.0","6","8","false","何芸思","25.0","0","6","0","0.920623644657145","false","0","何芸思","30","1.0"
"4.413183279742765","3.106699597682402E-6","0.2265938069216758","0.0","6","8","false","何龍章","25.0","0","6","0","0.920623644657145","false","0","何龍章","30","1.0"
"5.184887459807074","2.25123159252348E-6","0.19286821705426357","0.0","5","9","false","余允恭","23.0","0","5","0","0.9026770358184402","false","0","余允恭","20","1.0"
"4.19935691318328","0.013817564243958679","0.23813169984686064","0.0","23","8","false","太湖水師","6.6521739130434785","0","23","0","0.9255963508562028","false","0","太湖水師","1330626","0.13457556935817805"
"4.19935691318328","0.013817564243958679","0.23813169984686064","0.0","23","8","false","文選司","6.6521739130434785","0","23","0","0.9255963508562028","false","0","文選司","1330626","0.13457556935817805"
"4.19935691318328","0.013817564243958679","0.23813169984686064","0.0","23","8","false","牙釐局","6.6521739130434785","0","23","0","0.9255963508562028","false","0","牙釐局","1330626","0.13457556935817805"
"4.19935691318328","0.013817564243958679","0.23813169984686064","0.0","23","8","false","紹興鹽局","6.6521739130434785","0","23","0","0.9255963508562028","false","0","紹興鹽局","1330626","0.13457556935817805"
"4.19935691318328","0.013817564243958679","0.23813169984686064","0.0","23","8","false","雙林厘局","6.6521739130434785","0","23","0","0.9255963508562028","false","0","雙林厘局","1330626","0.13457556935817805"
"4.127009646302251","0.041635783419992724","0.2423061940007791","0.0","10","8","false","余柳生","21.9","0","10","0","0.9272788454348314","false","0","余柳生","1550838","0.42653061224489797"
"5.086816720257235","0.03821240505149354","0.1965865992414665","0.0","10","9","false","貴振所","2.0","0","10","0","0.9049577506916923","false","0","貴振所","1392840","0.1"
"5.361736334405145","3.236145414252502E-7","0.18650674662668665","0.0","2","10","false","余洪記","16.0","0","2","0","0.8985642712929036","false","0","余洪記","2","1.0"
"4.366559485530547","0.012189141951700226","0.22901325478645065","0.0","16","9","false","保安丹會","6.4375","0","16","0","0.9217079189411501","false","0","保安丹會","1564394","0.19419642857142858"
"4.366559485530547","0.012189141951700226","0.22901325478645065","0.0","16","9","false","青蓮閣","6.4375","0","16","0","0.9217079189411501","false","0","青蓮閣","1564394","0.19419642857142858"
"6.689710610932476","5.825061745654504E-5","0.14948329728430665","0.0","10","10","false","余錦甫","4.0","0","10","0","0.8676811485829656","false","0","余錦甫","90","1.0"
"5.720257234726688","9.490967270919863E-4","0.17481731309724566","0.0","4","9","false","上海彚司洋行","10.25","0","4","0","0.8902265759365886","false","0","上海彚司洋行","76638","0.925"
"5.720257234726688","9.490967270919863E-4","0.17481731309724566","0.0","4","9","false","也庚興洋行","10.25","0","4","0","0.8902265759365886","false","0","也庚興洋行","76638","0.925"
"5.720257234726688","9.490967270919863E-4","0.17481731309724566","0.0","4","9","false","倫敦崙格西火險公司","10.25","0","4","0","0.8902265759365886","false","0","倫敦崙格西火險公司","76638","0.925"
"5.720257234726688","9.490967270919863E-4","0.17481731309724566","0.0","4","9","false","勞洽愛司眞火險公司","10.25","0","4","0","0.8902265759365886","false","0","勞洽愛司眞火險公司","76638","0.925"
"5.720257234726688","9.490967270919863E-4","0.17481731309724566","0.0","4","9","false","北揚子水險","10.25","0","4","0","0.8902265759365886","false","0","北揚子水險","76638","0.925"
"5.720257234726688","9.490967270919863E-4","0.17481731309724566","0.0","4","9","false","叭喇定火險公司","10.25","0","4","0","0.8902265759365886","false","0","叭喇定火險公司","76638","0.925"
"5.720257234726688","9.490967270919863E-4","0.17481731309724566","0.0","4","9","false","太古ＢＳ火險公司","10.25","0","4","0","0.8902265759365886","false","0","太古ＢＳ火險公司","76638","0.925"
"5.720257234726688","9.490967270919863E-4","0.17481731309724566","0.0","4","9","false","掦子總公司","10.25","0","4","0","0.8902265759365886","false","0","掦子總公司","76638","0.925"
"5.720257234726688","9.490967270919863E-4","0.17481731309724566","0.0","4","9","false","蛟川董育堂","10.25","0","4","0","0.8902265759365886","false","0","蛟川董育堂","76638","0.925"
"5.720257234726688","9.490967270919863E-4","0.17481731309724566","0.0","4","9","false","阿德來火險公司","10.25","0","4","0","0.8902265759365886","false","0","阿德來火險公司","76638","0.925"
"6.541800643086817","2.8770943483815906E-5","0.152863111329565","0.0","9","10","false","佛力斯","13.444444444444445","0","9","0","0.8711209152770508","false","0","佛力斯","184","0.7777777777777778"
"4.773311897106109","0.0","0.209498147524419","0.0","1","8","false","俞文煥","22.0","0","1","0","0.912248560532416","false","0","俞文煥","0","0.0"
"1.6923076923076923","0.007692307692307694","0.5909090909090909","0.0","4","2","false","俞燾知","10.0","0","4","0","0.9307692307692308","false","0","俞燾知","12","1.0"
"5.397106109324759","0.0","0.18528448019064642","0.0","1","9","false","傅攀杏","28.0","0","1","0","0.8977417183877963","false","0","傅攀杏","0","0.0"
"4.398713826366559","0.07198666622222621","0.22733918128654973","0.0","28","8","false","奉省協賑公所","2.357142857142857","0","28","0","0.9209601435728707","false","0","奉省協賑公所","4852134","0.05654761904761905"
"4.631832797427653","1.0801285101464068E-4","0.2158972578965637","0.0","3","8","false","傑臣","29.333333333333332","0","3","0","0.9155387721528452","false","0","傑臣","3800","0.6028368794326241"
"5.406752411575563","5.177832662804004E-7","0.18495391019922688","0.0","2","8","false","克君","10.0","0","2","0","0.8975173857773125","false","0","克君","2","1.0"
"4.411575562700965","0.014255280879543742","0.22667638483965014","0.0","10","7","false","一德醫","3.7","0","10","0","0.9206610334255589","false","0","一德醫","352376","0.15"
"4.411575562700965","0.014255280879543742","0.22667638483965014","0.0","10","7","false","化莠學","3.7","0","10","0","0.9206610334255589","false","0","化莠學","352376","0.15"
"5.438906752411576","7.396903804005719E-7","0.18386047886491277","0.0","2","10","false","全亨","7.0","0","2","0","0.8967696104090331","false","0","全亨","2","1.0"
"4.443729903536977","0.009171069899060618","0.22503617945007237","0.0","7","9","false","同德堂","5.714285714285714","0","7","0","0.9199132580572796","false","0","同德堂","324576","0.1746031746031746"
"4.443729903536977","0.009171069899060618","0.22503617945007237","0.0","7","9","false","鄭福蘭堂","5.714285714285714","0","7","0","0.9199132580572796","false","0","鄭福蘭堂","324576","0.1746031746031746"
"1.9166666666666667","0.0","0.5217391304347826","0.0","1","2","false","全城","12.0","0","1","0","0.9236111111111112","false","0","全城","0","0.0"
"1.0","1.0","1.0","0.0","12","1","false","衆善堂","1.0","0","12","0","1.0","false","0","衆善堂","132","0.0"
"5.197749196141479","0.0","0.19239096814104548","0.0","1","8","false","凌質卿","29.0","0","1","0","0.9023779256711284","false","0","凌質卿","0","0.0"
"5.017684887459807","0.0","0.1992950977250881","0.0","1","9","false","劉世昌","22.0","0","1","0","0.9065654677334929","false","0","劉世昌","0","0.0"
"4.773311897106109","0.0","0.209498147524419","0.0","1","8","false","劉候觀","22.0","0","1","0","0.912248560532416","false","0","劉候觀","0","0.0"
"1.6923076923076923","0.007692307692307694","0.5909090909090909","0.0","4","2","false","劉加蕙","10.0","0","4","0","0.9307692307692308","false","0","劉加蕙","12","1.0"
"5.995176848874598","4.667896053128259E-6","0.16680075087154733","0.0","3","10","false","劉振愚","20.333333333333332","0","3","0","0.8838330965378","false","0","劉振愚","54","0.8055555555555556"
"4.731511254019293","0.04105115180887584","0.2113489636425416","0.0","11","8","false","劉東峯","5.636363636363637","0","11","0","0.9132206685111792","false","0","劉東峯","1021770","0.19318181818181818"
"4.773311897106109","0.0","0.209498147524419","0.0","1","8","false","劉東峰","22.0","0","1","0","0.912248560532416","false","0","劉東峰","0","0.0"
"6.522508038585209","0.0","0.15331525757949224","0.0","1","10","false","劉松甫","14.0","0","1","0","0.8715695804980185","false","0","劉松甫","0","0.0"
"5.52411575562701","0.04448442255582675","0.1810244470314319","0.0","14","9","false","定海廳","2.0714285714285716","0","14","0","0.8947880056830928","false","0","定海廳","2602328","0.13392857142857142"
"5.995176848874598","4.667896053128259E-6","0.16680075087154733","0.0","3","10","false","劉生茂","20.333333333333332","0","3","0","0.8838330965378","false","0","劉生茂","54","0.8055555555555556"
"5.184887459807074","2.25123159252348E-6","0.19286821705426357","0.0","5","9","false","劉能繼","23.0","0","5","0","0.9026770358184402","false","0","劉能繼","20","1.0"
"4.831189710610932","0.0","0.20698835274542432","0.0","1","9","false","劉芥","32.0","0","1","0","0.9109025648695133","false","0","劉芥","0","0.0"
"4.805466237942122","4.6549994534160114E-4","0.20809635329541654","0.0","7","9","false","劉芬","10.571428571428571","0","7","0","0.9115007851641367","false","0","劉芬","4422","0.29004329004329005"
"4.247588424437299","0.002362760034917703","0.23542770628311885","0.0","8","8","false","吳淞班","10.625","0","8","0","0.9244746878037838","false","0","吳淞班","374292","0.22916666666666666"
"4.254019292604502","0.007099564083684399","0.2350718065003779","0.0","6","8","false","啓善堂","11.333333333333334","0","6","0","0.9243251327301278","false","0","啓善堂","283240","0.24603174603174602"
"4.254019292604502","0.001823821463094381","0.2350718065003779","0.0","6","8","false","承章德安堂","12.5","0","6","0","0.9243251327301278","false","0","承章德安堂","265434","0.27380952380952384"
"4.247588424437299","0.002362760034917703","0.23542770628311885","0.0","8","8","false","榮成銀樓","10.625","0","8","0","0.9244746878037838","false","0","榮成銀樓","374292","0.22916666666666666"
"4.247588424437299","0.002362760034917703","0.23542770628311885","0.0","8","8","false","巡防南局","10.625","0","8","0","0.9244746878037838","false","0","巡防南局","374292","0.22916666666666666"
"4.831189710610932","0.0","0.20698835274542432","0.0","1","9","false","劉芬謹","32.0","0","1","0","0.9109025648695133","false","0","劉芬謹","0","0.0"
"4.97588424437299","0.0","0.20096930533117932","0.0","1","9","false","劉錦棠","22.0","0","1","0","0.907537575712256","false","0","劉錦棠","0","0.0"
"5.197749196141479","0.0","0.19239096814104548","0.0","1","8","false","勞文叔","29.0","0","1","0","0.9023779256711284","false","0","勞文叔","0","0.0"
"5.686495176848875","0.0","0.17585524455753462","0.0","1","10","false","卞之坤","34.0","0","1","0","0.891011740073282","false","0","卞之坤","0","0.0"
"5.995176848874598","1.0844664581889125E-5","0.16680075087154733","0.0","3","10","false","古來函","17.666666666666668","0","3","0","0.8838330965378","false","0","古來函","86","0.6944444444444444"
"5.067524115755627","0.006983129362022645","0.19733502538071065","0.0","8","9","false","晉隆洋行","13.125","0","8","0","0.9054064159126599","false","0","晉隆洋行","2675622","0.3464285714285714"
"4.413183279742765","3.106699597682402E-6","0.2265938069216758","0.0","6","8","false","史立本","25.0","0","6","0","0.920623644657145","false","0","史立本","30","1.0"
"6.07556270096463","0.009615235254827036","0.16459380788568406","0.0","2","10","false","司馬","6.5","0","2","0","0.8819636581171015","false","0","司馬","348234","0.5"
"5.197749196141479","0.0","0.19239096814104548","0.0","1","8","false","吕愼卿","29.0","0","1","0","0.9023779256711284","false","0","吕愼卿","0","0.0"
"4.940514469453376","0.0","0.20240807028961927","0.0","1","8","false","吳春池","17.0","0","1","0","0.9083601286173634","false","0","吳春池","0","0.0"
"4.638263665594855","9.646715204322102E-4","0.21559792027729638","0.0","4","8","false","吳渭川","21.5","0","4","0","0.9153892170791894","false","0","吳渭川","178306","0.4659090909090909"
"1.9166666666666667","0.0","0.5217391304347826","0.0","1","2","false","吳炳松","12.0","0","1","0","0.9236111111111112","false","0","吳炳松","0","0.0"
"1.6923076923076923","0.007692307692307694","0.5909090909090909","0.0","4","2","false","吳良楨","10.0","0","4","0","0.9307692307692308","false","0","吳良楨","12","1.0"
"6.522508038585209","0.0","0.15331525757949224","0.0","1","10","false","吳觀察","14.0","0","1","0","0.8715695804980185","false","0","吳觀察","0","0.0"
"5.770096463022508","3.451888441869336E-7","0.1733073279465032","0.0","2","10","false","周君","15.0","0","2","0","0.8890675241157555","false","0","周君","2","1.0"
"6.522508038585209","0.0","0.15331525757949224","0.0","1","10","false","周國昌","14.0","0","1","0","0.8715695804980185","false","0","周國昌","0","0.0"
"5.017684887459807","0.0","0.1992950977250881","0.0","1","9","false","周士培","22.0","0","1","0","0.9065654677334929","false","0","周士培","0","0.0"
"4.413183279742765","3.106699597682402E-6","0.2265938069216758","0.0","6","8","false","周寳","25.0","0","6","0","0.920623644657145","false","0","周寳","30","1.0"
"5.197749196141479","0.0","0.19239096814104548","0.0","1","8","false","周昌齡","29.0","0","1","0","0.9023779256711284","false","0","周昌齡","0","0.0"
"5.197749196141479","0.0","0.19239096814104548","0.0","1","8","false","周晉生","29.0","0","1","0","0.9023779256711284","false","0","周晉生","0","0.0"
"5.770096463022508","3.451888441869336E-7","0.1733073279465032","0.0","2","10","false","周步雲","15.0","0","2","0","0.8890675241157555","false","0","周步雲","2","1.0"
"4.921221864951768","2.4585622960543453E-6","0.20320156811499512","0.0","2","8","false","周永善","25.0","0","2","0","0.908808793838331","false","0","周永善","34","0.75"
"4.631832797427653","1.0801285101464068E-4","0.2158972578965637","0.0","3","8","false","周永普","29.333333333333332","0","3","0","0.9155387721528452","false","0","周永普","3800","0.6028368794326241"
"5.361736334405145","3.236145414252502E-7","0.18650674662668665","0.0","2","10","false","周湘雲","16.0","0","2","0","0.8985642712929036","false","0","周湘雲","2","1.0"
"4.773311897106109","0.0","0.209498147524419","0.0","1","8","false","周禹廷","22.0","0","1","0","0.912248560532416","false","0","周禹廷","0","0.0"
"4.168810289389068","6.428822285734265E-4","0.23987659082144233","0.0","9","8","false","周舜卿","23.22222222222222","0","9","0","0.9263067374560681","false","0","周舜卿","42084","0.5555555555555556"
"5.233118971061093","4.7071206025490945E-7","0.19109062980030722","0.0","2","9","false","周蓮","11.0","0","2","0","0.901555372766021","false","0","周蓮","2","1.0"
"4.676848874598071","3.7143099060028565E-6","0.21381918184943277","0.0","2","8","false","周蓮塘","27.0","0","2","0","0.9144918866372541","false","0","周蓮塘","68","0.7647058823529411"
"5.017684887459807","0.0","0.1992950977250881","0.0","1","9","false","周藻","22.0","0","1","0","0.9065654677334929","false","0","周藻","0","0.0"
"5.20096463022508","1.5533497988412014E-6","0.19227202472952087","0.0","3","9","false","和寅","10.0","0","3","0","0.9023031481343005","false","0","和寅","6","1.0"
"4.209003215434084","0.010800197417579876","0.2375859434682964","0.0","10","8","false","吳淞司","7.2","0","10","0","0.925372018245719","false","0","吳淞司","540252","0.1409090909090909"
"4.209003215434084","0.010800197417579876","0.2375859434682964","0.0","10","8","false","撫憲鹿中丞所","7.2","0","10","0","0.925372018245719","false","0","撫憲鹿中丞所","540252","0.1409090909090909"
"4.209003215434084","0.010800197417579876","0.2375859434682964","0.0","10","8","false","蘇甯鐵路","7.2","0","10","0","0.925372018245719","false","0","蘇甯鐵路","540252","0.1409090909090909"
"6.541800643086817","2.8770943483815906E-5","0.152863111329565","0.0","9","10","false","哈斯搿","13.444444444444445","0","9","0","0.8711209152770508","false","0","哈斯搿","184","0.7777777777777778"
"5.397106109324759","0.0","0.18528448019064642","0.0","1","9","false","唐乾初","28.0","0","1","0","0.8977417183877963","false","0","唐乾初","0","0.0"
"4.918006430868167","1.9679717511501686E-5","0.20333442301405688","0.0","3","8","false","唐傑臣","23.333333333333332","0","3","0","0.9088835713751588","false","0","唐傑臣","8718","0.6979166666666666"
"5.017684887459807","0.0","0.1992950977250881","0.0","1","9","false","唐廷桂","22.0","0","1","0","0.9065654677334929","false","0","唐廷桂","0","0.0"
"5.017684887459807","0.0","0.1992950977250881","0.0","1","9","false","唐文善","22.0","0","1","0","0.9065654677334929","false","0","唐文善","0","0.0"
"5.233118971061093","4.7071206025490945E-7","0.19109062980030722","0.0","2","9","false","唐景崇","11.0","0","2","0","0.901555372766021","false","0","唐景崇","2","1.0"
"4.741157556270096","1.8864214844019022E-4","0.21091895557816212","0.0","4","8","false","唐榮俊","10.666666666666666","0","4","1","0.9129963359006954","false","0","唐榮俊","1890","0.5370370370370371"
"4.263665594855305","0.0014316006724437416","0.2345399698340875","0.0","3","8","false","益善堂司","16.0","0","3","0","0.9241008001196441","false","0","益善堂司","103742","0.35714285714285715"
"4.241157556270096","0.00673541417636534","0.23578468536770283","0.0","10","8","false","蜀商公所","7.0","0","10","0","0.9246242428774396","false","0","蜀商公所","465724","0.14285714285714285"
"5.397106109324759","0.0","0.18528448019064642","0.0","1","9","false","唐炳奎","28.0","0","1","0","0.8977417183877963","false","0","唐炳奎","0","0.0"
"4.676848874598071","3.7143099060028565E-6","0.21381918184943277","0.0","2","8","false","唐茂忮","27.0","0","2","0","0.9144918866372541","false","0","唐茂忮","68","0.7647058823529411"
"4.435691318327974","0.007623034606069738","0.22544400144980067","0.0","6","8","false","唐茂枝","18.5","0","6","0","0.9201002018993494","false","0","唐茂枝","617834","0.3431372549019608"
"4.360128617363344","0.010758354231665872","0.2293510324483776","0.0","18","9","false","上海貨捐局","6.444444444444445","0","18","0","0.921857474014806","false","0","上海貨捐局","1929652","0.19444444444444445"
"4.360128617363344","0.010758354231665872","0.2293510324483776","0.0","18","9","false","官電局","6.444444444444445","0","18","0","0.921857474014806","false","0","官電局","1929652","0.19444444444444445"
"4.360128617363344","0.010758354231665872","0.2293510324483776","0.0","18","9","false","石浦司","6.444444444444445","0","18","0","0.921857474014806","false","0","石浦司","1929652","0.19444444444444445"
"4.360128617363344","0.010758354231665872","0.2293510324483776","0.0","18","9","false","貨捐局","6.444444444444445","0","18","0","0.921857474014806","false","0","貨捐局","1929652","0.19444444444444445"
"5.017684887459807","0.0","0.1992950977250881","0.0","1","9","false","唐賛方","22.0","0","1","0","0.9065654677334929","false","0","唐賛方","0","0.0"
"4.371382636655949","0.0038410698896409793","0.2287605737403457","0.0","9","8","false","嚴信厚","11.444444444444445","0","9","0","0.9215957526359081","false","0","嚴信厚","61998","0.21315192743764172"
"5.509646302250804","0.0","0.18149985409979574","0.0","1","10","false","夏仲符","12.0","0","1","0","0.8951245045988186","false","0","夏仲符","0","0.0"
"4.511254019292605","0.03205922739876704","0.2216678545972915","0.0","12","9","false","淡水存心局","4.166666666666667","0","12","0","0.9183429297838929","false","0","淡水存心局","1213256","0.11728395061728394"
"5.509646302250804","0.0","0.18149985409979574","0.0","1","10","false","夏其元","12.0","0","1","0","0.8951245045988186","false","0","夏其元","0","0.0"
"1.8","0.0024691358024691358","0.5555555555555556","0.0","2","2","false","夏子鴻","9.0","0","2","0","0.911111111111111","false","0","夏子鴻","2","1.0"
"1.1","0.4","0.9090909090909091","0.0","9","2","false","普育堂","2.0","0","9","0","0.9888888888888889","false","0","普育堂","72","1.0"
"1.1","0.4","0.9090909090909091","0.0","9","2","false","益新洋貨","2.0","0","9","0","0.9888888888888889","false","0","益新洋貨","72","1.0"
"5.197749196141479","0.0","0.19239096814104548","0.0","1","8","false","夏家鼎","29.0","0","1","0","0.9023779256711284","false","0","夏家鼎","0","0.0"
"4.773311897106109","0.0","0.209498147524419","0.0","1","8","false","夏憇菴","22.0","0","1","0","0.912248560532416","false","0","夏憇菴","0","0.0"
"5.184887459807074","2.25123159252348E-6","0.19286821705426357","0.0","5","9","false","夏献","23.0","0","5","0","0.9026770358184402","false","0","夏献","20","1.0"
"6.516077170418006","0.0015986558346407363","0.15346656797434","0.0","3","10","false","奚坤寳","7.333333333333333","0","3","0","0.8717191355716742","false","0","奚坤寳","260238","0.48717948717948717"
"7.504823151125402","1.0355665325608007E-5","0.13324764353041987","0.0","4","11","false","定海廳憲","3.0","0","4","0","0.8487250429970837","false","0","定海廳憲","12","1.0"
"7.504823151125402","1.0355665325608007E-5","0.13324764353041987","0.0","4","11","false","虹口捕房","3.0","0","4","0","0.8487250429970837","false","0","虹口捕房","12","1.0"
"5.197749196141479","0.0","0.19239096814104548","0.0","1","8","false","姚子澄","29.0","0","1","0","0.9023779256711284","false","0","姚子澄","0","0.0"
"4.97588424437299","0.0","0.20096930533117932","0.0","1","9","false","姚嶽松","22.0","0","1","0","0.907537575712256","false","0","姚嶽松","0","0.0"
"5.197749196141479","0.0","0.19239096814104548","0.0","1","8","false","姜海運","29.0","0","1","0","0.9023779256711284","false","0","姜海運","0","0.0"
"5.184887459807074","2.25123159252348E-6","0.19286821705426357","0.0","5","9","false","姜維揚","23.0","0","5","0","0.9026770358184402","false","0","姜維揚","20","1.0"
"4.760450160771704","0.0038181338055516844","0.21006416751097604","0.0","7","8","false","子英","8.0","0","7","0","0.9125476706797279","false","0","子英","240390","0.28"
"4.631832797427653","1.0801285101464068E-4","0.2158972578965637","0.0","3","8","false","孔巨豐","29.333333333333332","0","3","0","0.9155387721528452","false","0","孔巨豐","3800","0.6028368794326241"
"5.995176848874598","4.667896053128259E-6","0.16680075087154733","0.0","3","10","false","季同","20.333333333333332","0","3","0","0.8838330965378","false","0","季同","54","0.8055555555555556"
"5.197749196141479","0.0","0.19239096814104548","0.0","1","8","false","孫荻洲","29.0","0","1","0","0.9023779256711284","false","0","孫荻洲","0","0.0"
"5.20096463022508","1.5533497988412014E-6","0.19227202472952087","0.0","3","9","false","宋仲蘧","10.0","0","3","0","0.9023031481343005","false","0","宋仲蘧","6","1.0"
"5.686495176848875","0.0","0.17585524455753462","0.0","1","10","false","宋文鏞","34.0","0","1","0","0.891011740073282","false","0","宋文鏞","0","0.0"
"4.773311897106109","0.0","0.209498147524419","0.0","1","8","false","宋罰欵","22.0","0","1","0","0.912248560532416","false","0","宋罰欵","0","0.0"
"6.085209003215434","0.0","0.164332892998679","0.0","1","10","false","宜介壽","10.0","0","1","0","0.8817393255066178","false","0","宜介壽","0","0.0"
"5.229903536977492","3.1066995976824027E-6","0.1912081155856133","0.0","4","9","false","尊士","10.0","0","4","0","0.9016301503028491","false","0","尊士","12","1.0"
"4.413183279742765","3.106699597682402E-6","0.2265938069216758","0.0","6","8","false","屠景山","25.0","0","6","0","0.920623644657145","false","0","屠景山","30","1.0"
"4.631832797427653","1.0801285101464068E-4","0.2158972578965637","0.0","3","8","false","岑仙舟","29.333333333333332","0","3","0","0.9155387721528452","false","0","岑仙舟","3800","0.6028368794326241"
"4.921221864951768","8.296452441228708E-6","0.20320156811499512","0.0","2","8","false","岑舟","26.5","0","2","0","0.908808793838331","false","0","岑舟","4340","0.796875"
"5.34887459807074","1.7259442209346678E-6","0.1869552149083258","0.0","4","10","false","岳廷幹","18.0","0","4","0","0.8988633814402154","false","0","岳廷幹","12","1.0"
"5.995176848874598","4.667896053128259E-6","0.16680075087154733","0.0","3","10","false","崔聘臣","20.333333333333332","0","3","0","0.8838330965378","false","0","崔聘臣","54","0.8055555555555556"
"5.184887459807074","2.25123159252348E-6","0.19286821705426357","0.0","5","9","false","嵇金弧","23.0","0","5","0","0.9026770358184402","false","0","嵇金弧","20","1.0"
"5.770096463022508","3.451888441869336E-7","0.1733073279465032","0.0","2","10","false","巢崇山","15.0","0","2","0","0.8890675241157555","false","0","巢崇山","2","1.0"
"6.085209003215434","0.0","0.164332892998679","0.0","1","10","false","康吉","10.0","0","1","0","0.8817393255066178","false","0","康吉","0","0.0"
"4.921221864951768","8.296452441228708E-6","0.20320156811499512","0.0","2","8","false","龐竹","26.5","0","2","0","0.908808793838331","false","0","龐竹","4340","0.796875"
"6.522508038585209","0.0","0.15331525757949224","0.0","1","10","false","廰憲","14.0","0","1","0","0.8715695804980185","false","0","廰憲","0","0.0"
"5.509646302250804","0.0","0.18149985409979574","0.0","1","10","false","張佩琳","12.0","0","1","0","0.8951245045988186","false","0","張佩琳","0","0.0"
"4.744372990353698","5.125480450299183E-5","0.2107760081328363","0.0","2","8","false","張兆連","14.5","0","2","0","0.9129215583638676","false","0","張兆連","928","0.75"
"1.6923076923076923","0.007692307692307694","0.5909090909090909","0.0","4","2","false","張加言","10.0","0","4","0","0.9307692307692308","false","0","張加言","12","1.0"
"5.001607717041801","0.0","0.1999357119897139","0.0","1","8","false","張同轉","9.0","0","1","0","0.9069393554176326","false","0","張同轉","0","0.0"
"1.8","0.0024691358024691358","0.5555555555555556","0.0","2","2","false","張士模","9.0","0","2","0","0.911111111111111","false","0","張士模","2","1.0"
"5.213826366559486","0.003199900585612874","0.19179771816219549","0.0","4","9","false","張守仁","5.25","0","4","0","0.9020040379869887","false","0","張守仁","182010","0.38636363636363635"
"4.827974276527331","4.895494864695457E-5","0.20712620712620713","0.0","2","9","false","張星榆","19.0","0","2","0","0.9109773424063412","false","0","張星榆","528","0.5806451612903226"
"5.397106109324759","0.0","0.18528448019064642","0.0","1","9","false","張勗初","28.0","0","1","0","0.8977417183877963","false","0","張勗初","0","0.0"
"4.62540192926045","0.007547016726478522","0.21619742787626","0.0","4","8","false","張書樵","15.5","0","4","0","0.9156883272265012","false","0","張書樵","181378","0.3918918918918919"
"5.202572347266881","0.003794010168075473","0.19221260815822003","0.0","4","9","false","信生機器彚司洋行","3.5","0","4","0","0.9022657593658865","false","0","信生機器彚司洋行","117494","0.35714285714285715"
"5.202572347266881","0.003794010168075473","0.19221260815822003","0.0","4","9","false","瓦崗寨","3.5","0","4","0","0.9022657593658865","false","0","瓦崗寨","117494","0.35714285714285715"
"4.744372990353698","5.125480450299183E-5","0.2107760081328363","0.0","2","8","false","張榮佑","14.5","0","2","0","0.9129215583638676","false","0","張榮佑","928","0.75"
"5.34887459807074","1.7259442209346678E-6","0.1869552149083258","0.0","4","10","false","張玉芝","18.0","0","4","0","0.8988633814402154","false","0","張玉芝","12","1.0"
"4.773311897106109","0.046454161231323794","0.209498147524419","0.0","10","8","false","張石君","13.0","0","10","0","0.912248560532416","false","0","張石君","4276464","0.5"
"5.197749196141479","0.0","0.19239096814104548","0.0","1","8","false","張福海","29.0","0","1","0","0.9023779256711284","false","0","張福海","0","0.0"
"5.184887459807074","2.25123159252348E-6","0.19286821705426357","0.0","5","9","false","張端本","23.0","0","5","0","0.9026770358184402","false","0","張端本","20","1.0"
"5.20096463022508","1.5533497988412014E-6","0.19227202472952087","0.0","3","9","false","張縵雲","10.0","0","3","0","0.9023031481343005","false","0","張縵雲","6","1.0"
"4.773311897106109","0.0","0.209498147524419","0.0","1","8","false","張葆生","22.0","0","1","0","0.912248560532416","false","0","張葆生","0","0.0"
"5.995176848874598","4.667896053128259E-6","0.16680075087154733","0.0","3","10","false","張虞琴","20.333333333333332","0","3","0","0.8838330965378","false","0","張虞琴","54","0.8055555555555556"
"4.97588424437299","0.0","0.20096930533117932","0.0","1","9","false","張起宇","22.0","0","1","0","0.907537575712256","false","0","張起宇","0","0.0"
"4.133440514469453","0.002452623721272363","0.24192921042395957","0.0","10","8","false","張遵堂","14.0","0","10","0","0.9271292903611754","false","0","張遵堂","220084","0.23214285714285715"
"4.742765273311897","5.653146829542724E-4","0.21084745762711865","0.0","9","9","false","乞振公所","11.333333333333334","0","9","0","0.9129589471322815","false","0","乞振公所","12852","0.49206349206349204"
"4.742765273311897","5.653146829542724E-4","0.21084745762711865","0.0","9","9","false","協振公所","11.333333333333334","0","9","0","0.9129589471322815","false","0","協振公所","12852","0.49206349206349204"
"4.742765273311897","5.653146829542724E-4","0.21084745762711865","0.0","9","9","false","新嵊會三邑協振公所","11.333333333333334","0","9","0","0.9129589471322815","false","0","新嵊會三邑協振公所","12852","0.49206349206349204"
"4.742765273311897","5.653146829542724E-4","0.21084745762711865","0.0","9","9","false","新嵊會協振公所","11.333333333333334","0","9","0","0.9129589471322815","false","0","新嵊會協振公所","12852","0.49206349206349204"
"4.742765273311897","5.653146829542724E-4","0.21084745762711865","0.0","9","9","false","海振捐局","11.333333333333334","0","9","0","0.9129589471322815","false","0","海振捐局","12852","0.49206349206349204"
"4.742765273311897","5.653146829542724E-4","0.21084745762711865","0.0","9","9","false","申報館","11.333333333333334","0","9","0","0.9129589471322815","false","0","申報館","12852","0.49206349206349204"
"4.742765273311897","5.653146829542724E-4","0.21084745762711865","0.0","9","9","false","錫號絲業會館","11.333333333333334","0","9","0","0.9129589471322815","false","0","錫號絲業會館","12852","0.49206349206349204"
"4.742765273311897","5.653146829542724E-4","0.21084745762711865","0.0","9","9","false","電報滬局","11.333333333333334","0","9","0","0.9129589471322815","false","0","電報滬局","12852","0.49206349206349204"
"4.940514469453376","0.0","0.20240807028961927","0.0","1","8","false","張金和","17.0","0","1","0","0.9083601286173634","false","0","張金和","0","0.0"
"5.197749196141479","0.0","0.19239096814104548","0.0","1","8","false","張鑑森","29.0","0","1","0","0.9023779256711284","false","0","張鑑森","0","0.0"
"5.686495176848875","0.0","0.17585524455753462","0.0","1","10","false","張雪堂","34.0","0","1","0","0.891011740073282","false","0","張雪堂","0","0.0"
"6.551446945337621","5.177832662804004E-7","0.15263803680981594","0.0","2","10","false","張香帥","10.0","0","2","0","0.8708965826665669","false","0","張香帥","2","1.0"
"5.017684887459807","0.0","0.1992950977250881","0.0","1","9","false","張驤衢","22.0","0","1","0","0.9065654677334929","false","0","張驤衢","0","0.0"
"4.184887459807074","0.1563137984402061","0.23895505186323474","0.0","22","8","false","張麟魁","13.142857142857142","0","22","1","0.9259328497719286","false","0","張麟魁","40675932","0.2478134110787172"
"5.07395498392283","0.007111952575648766","0.19708491761723698","0.0","6","9","false","上海永安保人險公司","12.166666666666666","0","6","0","0.9052568608390039","false","0","上海永安保人險公司","1973252","0.319047619047619"
"5.067524115755627","0.004625562480097525","0.19733502538071065","0.0","5","9","false","又味古齋","19.8","0","5","0","0.9054064159126599","false","0","又味古齋","2382886","0.49473684210526314"
"5.067524115755627","0.004625562480097525","0.19733502538071065","0.0","5","9","false","安保人險","19.8","0","5","0","0.9054064159126599","false","0","安保人險","2382886","0.49473684210526314"
"5.064308681672026","0.007840996563698806","0.19746031746031745","0.0","6","9","false","安保人險公司","16.666666666666668","0","6","0","0.9054811934494879","false","0","安保人險公司","2466744","0.41228070175438597"
"5.067524115755627","0.004625562480097525","0.19733502538071065","0.0","5","9","false","東方總局","19.8","0","5","0","0.9054064159126599","false","0","東方總局","2382886","0.49473684210526314"
"5.067524115755627","0.004625562480097525","0.19733502538071065","0.0","5","9","false","維大綢緞顧繡抄莊","19.8","0","5","0","0.9054064159126599","false","0","維大綢緞顧繡抄莊","2382886","0.49473684210526314"
"5.067524115755627","0.004625562480097525","0.19733502538071065","0.0","5","9","false","老九章綢","19.8","0","5","0","0.9054064159126599","false","0","老九章綢","2382886","0.49473684210526314"
"5.077170418006431","0.003908964689503839","0.19696010132995567","0.0","5","9","false","老太古","19.2","0","5","0","0.905182083302176","false","0","老太古","2421360","0.52"
"5.07395498392283","0.004931670228130181","0.19708491761723698","0.0","6","9","false","華興公司","16.5","0","6","0","0.9052568608390039","false","0","華興公司","2506112","0.44285714285714284"
"5.080385852090032","0.0027912197512181677","0.19683544303797468","0.0","4","9","false","霞博","20.75","0","4","0","0.9051073057653481","false","0","霞博","1806950","0.5642857142857143"
"5.067524115755627","0.004625562480097525","0.19733502538071065","0.0","5","9","false","顧繡抄莊","19.8","0","5","0","0.9054064159126599","false","0","顧繡抄莊","2382886","0.49473684210526314"
"1.75","0.003289473684210526","0.5714285714285714","0.0","5","2","false","彭祥翁","16.0","0","5","0","0.953125","false","0","彭祥翁","20","1.0"
"1.2","0.12631578947368421","0.8333333333333334","0.0","16","2","false","劉慈堂","5.0","0","16","0","0.9875","false","0","劉慈堂","240","1.0"
"1.2","0.12631578947368421","0.8333333333333334","0.0","16","2","false","徐正心堂","5.0","0","16","0","0.9875","false","0","徐正心堂","240","1.0"
"1.2","0.12631578947368421","0.8333333333333334","0.0","16","2","false","恭壽堂","5.0","0","16","0","0.9875","false","0","恭壽堂","240","1.0"
"1.2","0.12631578947368421","0.8333333333333334","0.0","16","2","false","金陵景行堂","5.0","0","16","0","0.9875","false","0","金陵景行堂","240","1.0"
"1.2","0.12631578947368421","0.8333333333333334","0.0","16","2","false","集慶堂","5.0","0","16","0","0.9875","false","0","集慶堂","240","1.0"
"5.34887459807074","1.7259442209346678E-6","0.1869552149083258","0.0","4","10","false","徐世煒","18.0","0","4","0","0.8988633814402154","false","0","徐世煒","12","1.0"
"5.686495176848875","0.0","0.17585524455753462","0.0","1","10","false","徐仁英","34.0","0","1","0","0.891011740073282","false","0","徐仁英","0","0.0"
"4.551446945337621","0.006624524764796475","0.21971034969975273","0.0","10","8","false","徐俊良","21.22222222222222","0","10","1","0.9174082105735436","false","0","徐俊良","1058752","0.3063973063973064"
"3.905144694533762","0.01630497639323878","0.25607245780156446","0.0","13","7","false","徐克敏","18.615384615384617","0","13","0","0.932438495475959","false","0","徐克敏","2271554","0.23804573804573806"
"4.180064308681672","0.0012470159363738307","0.23923076923076922","0.0","6","8","false","仁濟堂","14.166666666666666","0","6","0","0.9260450160771704","false","0","仁濟堂","49548","0.3062015503875969"
"4.176848874598071","0.001493901033597626","0.23941493456505003","0.0","7","8","false","安節局","13.0","0","7","0","0.9261197936139983","false","0","安節局","58624","0.27906976744186046"
"4.176848874598071","0.001493901033597626","0.23941493456505003","0.0","7","8","false","文報局","13.0","0","7","0","0.9261197936139983","false","0","文報局","58624","0.27906976744186046"
"4.176848874598071","0.001493901033597626","0.23941493456505003","0.0","7","8","false","絲業公所","13.0","0","7","0","0.9261197936139983","false","0","絲業公所","58624","0.27906976744186046"
"4.176848874598071","0.001493901033597626","0.23941493456505003","0.0","7","8","false","高易公所","13.0","0","7","0","0.9261197936139983","false","0","高易公所","58624","0.27906976744186046"
"5.438906752411576","7.396903804005719E-7","0.18386047886491277","0.0","2","10","false","徐君呈祥","7.0","0","2","0","0.8967696104090331","false","0","徐君呈祥","2","1.0"
"5.438906752411576","7.396903804005719E-7","0.18386047886491277","0.0","2","10","false","徐君春","7.0","0","2","0","0.8967696104090331","false","0","徐君春","2","1.0"
"5.229903536977492","3.1066995976824027E-6","0.1912081155856133","0.0","4","9","false","徐君榮","10.0","0","4","0","0.9016301503028491","false","0","徐君榮","12","1.0"
"5.686495176848875","0.0","0.17585524455753462","0.0","1","10","false","徐子靜","34.0","0","1","0","0.891011740073282","false","0","徐子靜","0","0.0"
"5.184887459807074","2.25123159252348E-6","0.19286821705426357","0.0","5","9","false","徐引清","23.0","0","5","0","0.9026770358184402","false","0","徐引清","20","1.0"
"4.676848874598071","3.7143099060028565E-6","0.21381918184943277","0.0","2","8","false","徐春園","27.0","0","2","0","0.9144918866372541","false","0","徐春園","68","0.7647058823529411"
"4.133440514469453","0.002452623721272363","0.24192921042395957","0.0","10","8","false","徐暉庭","14.0","0","10","0","0.9271292903611754","false","0","徐暉庭","220084","0.23214285714285715"
"3.6093247588424435","0.12733042527869443","0.27706013363028953","0.0","23","8","false","徐棣山","21.130434782608695","0","23","0","0.9393180288641293","false","0","徐棣山","9151876","0.14482327181732874"
"4.831189710610932","0.0","0.20698835274542432","0.0","1","9","false","徐毓萱","32.0","0","1","0","0.9109025648695133","false","0","徐毓萱","0","0.0"
"5.197749196141479","0.0","0.19239096814104548","0.0","1","8","false","徐熊洲","29.0","0","1","0","0.9023779256711284","false","0","徐熊洲","0","0.0"
"5.397106109324759","0.0","0.18528448019064642","0.0","1","9","false","徐管庭","28.0","0","1","0","0.8977417183877963","false","0","徐管庭","0","0.0"
"4.220257234726688","0.01071307035204374","0.23695238095238097","0.0","7","8","false","徐至成","25.428571428571427","0","7","0","0.9251102968668212","false","0","徐至成","1464666","0.49854227405247814"
"6.197749196141479","1.2944581657010009E-6","0.16134889753566797","0.0","2","10","false","徐銘馥","4.0","0","2","0","0.87912211171764","false","0","徐銘馥","2","1.0"
"6.522508038585209","0.0","0.15331525757949224","0.0","1","10","false","志仙","14.0","0","1","0","0.8715695804980185","false","0","志仙","0","0.0"
"4.97588424437299","0.0","0.20096930533117932","0.0","1","9","false","慶裕","22.0","0","1","0","0.907537575712256","false","0","慶裕","0","0.0"
"6.551446945337621","5.177832662804004E-7","0.15263803680981594","0.0","2","10","false","戚光榮","10.0","0","2","0","0.8708965826665669","false","0","戚光榮","2","1.0"
"5.770096463022508","3.451888441869336E-7","0.1733073279465032","0.0","2","10","false","戚增記","15.0","0","2","0","0.8890675241157555","false","0","戚增記","2","1.0"
"5.509646302250804","0.0","0.18149985409979574","0.0","1","10","false","戴友松","12.0","0","1","0","0.8951245045988186","false","0","戴友松","0","0.0"
"4.831189710610932","0.0","0.20698835274542432","0.0","1","9","false","戴同深","32.0","0","1","0","0.9109025648695133","false","0","戴同深","0","0.0"
"4.631832797427653","1.0801285101464068E-4","0.2158972578965637","0.0","3","8","false","戴生","29.333333333333332","0","3","0","0.9155387721528452","false","0","戴生","3800","0.6028368794326241"
"4.940514469453376","0.0","0.20240807028961927","0.0","1","8","false","戴綏","17.0","0","1","0","0.9083601286173634","false","0","戴綏","0","0.0"
"4.567524115755627","0.003617187257933008","0.2189369940161915","0.0","9","8","false","戴綏之","21.88888888888889","0","9","0","0.9170343228894041","false","0","戴綏之","1080410","0.3424408014571949"
"5.361736334405145","3.236145414252502E-7","0.18650674662668665","0.0","2","10","false","戴縚之","16.0","0","2","0","0.8985642712929036","false","0","戴縚之","2","1.0"
"5.34887459807074","1.7259442209346678E-6","0.1869552149083258","0.0","4","10","false","戴耘","18.0","0","4","0","0.8988633814402154","false","0","戴耘","12","1.0"
"4.921221864951768","2.4585622960543453E-6","0.20320156811499512","0.0","2","8","false","戴耘菜","25.0","0","2","0","0.908808793838331","false","0","戴耘菜","34","0.75"
"4.561093247588424","0.004231150476444174","0.21924568205851253","0.0","8","8","false","戴耘萊","21.25","0","8","0","0.9171838779630599","false","0","戴耘萊","839606","0.31640625"
"4.773311897106109","0.0","0.209498147524419","0.0","1","8","false","戴運來","22.0","0","1","0","0.912248560532416","false","0","戴運來","0","0.0"
"6.551446945337621","5.177832662804004E-7","0.15263803680981594","0.0","2","10","false","扁鵲","10.0","0","2","0","0.8708965826665669","false","0","扁鵲","2","1.0"
"5.252411575562701","0.0","0.1903887358432813","0.0","1","9","false","拜嘉","6.0","0","1","0","0.9011067075450534","false","0","拜嘉","0","0.0"
"5.2491961414791","6.4722908285050045E-6","0.1905053598774885","0.0","3","9","false","文虎卿","4.333333333333333","0","3","0","0.9011814850818813","false","0","文虎卿","10","0.8333333333333334"
"4.257234726688103","0.006410156836551355","0.2348942598187311","0.0","5","8","false","保安堂","10.6","0","5","0","0.9242503551932999","false","0","保安堂","242692","0.22857142857142856"
"4.260450160771704","0.00319472275295007","0.23471698113207548","0.0","4","8","false","春記協賑公所","13.0","0","4","0","0.924175577656472","false","0","春記協賑公所","182004","0.2857142857142857"
"4.260450160771704","0.00319472275295007","0.23471698113207548","0.0","4","8","false","樂善齋","13.0","0","4","0","0.924175577656472","false","0","樂善齋","182004","0.2857142857142857"
"5.438906752411576","7.396903804005719E-7","0.18386047886491277","0.0","2","10","false","方君琴","7.0","0","2","0","0.8967696104090331","false","0","方君琴","2","1.0"
"4.397106109324759","0.0013754366490635955","0.22742230347349177","0.0","3","8","false","施則敬","20.333333333333332","0","3","0","0.9209975323412847","false","0","施則敬","27510","0.41134751773049644"
"5.686495176848875","0.0","0.17585524455753462","0.0","1","10","false","施善昌","34.0","0","1","0","0.891011740073282","false","0","施善昌","0","0.0"
"8.065916398713826","0.0","0.1239784731911501","0.0","1","12","false","施少欽","3.0","0","1","0","0.8356763628206088","false","0","施少欽","0","0.0"
"5.197749196141479","0.0","0.19239096814104548","0.0","1","8","false","施正卿","29.0","0","1","0","0.9023779256711284","false","0","施正卿","0","0.0"
"5.233118971061093","4.7071206025490945E-7","0.19109062980030722","0.0","2","9","false","明伏乞聖鑒","11.0","0","2","0","0.901555372766021","false","0","明伏乞聖鑒","2","1.0"
"4.676848874598071","3.7143099060028565E-6","0.21381918184943277","0.0","2","8","false","星河","27.0","0","2","0","0.9144918866372541","false","0","星河","68","0.7647058823529411"
"5.255627009646302","0.0","0.1902722545120832","0.0","1","9","false","晴翁","5.0","0","1","0","0.9010319300082255","false","0","晴翁","0","0.0"
"5.017684887459807","0.0","0.1992950977250881","0.0","1","9","false","曹基善","22.0","0","1","0","0.9065654677334929","false","0","曹基善","0","0.0"
"5.017684887459807","0.0","0.1992950977250881","0.0","1","9","false","曹成逹","22.0","0","1","0","0.9065654677334929","false","0","曹成逹","0","0.0"
"4.821543408360129","1.227821331209712E-4","0.20740246748916305","0.0","4","9","false","曾憲","14.0","0","4","0","0.911126897479997","false","0","曾憲","1578","0.41935483870967744"
"6.516077170418006","0.0015986558346407363","0.15346656797434","0.0","3","10","false","月源興","7.333333333333333","0","3","0","0.8717191355716742","false","0","月源興","260238","0.48717948717948717"
"5.686495176848875","0.0","0.17585524455753462","0.0","1","10","false","望雲","34.0","0","1","0","0.891011740073282","false","0","望雲","0","0.0"
"6.551446945337621","5.177832662804004E-7","0.15263803680981594","0.0","2","10","false","朱一新","10.0","0","2","0","0.8708965826665669","false","0","朱一新","2","1.0"
"1.9166666666666667","0.0","0.5217391304347826","0.0","1","2","false","朱世德堂","12.0","0","1","0","0.9236111111111112","false","0","朱世德堂","0","0.0"
"4.744372990353698","5.125480450299183E-5","0.2107760081328363","0.0","2","8","false","朱伯寅","14.5","0","2","0","0.9129215583638676","false","0","朱伯寅","928","0.75"
"5.223472668810289","0.0","0.19144352108341028","0.0","1","9","false","朱備本","12.0","0","1","0","0.901779705376505","false","0","朱備本","0","0.0"
"6.567524115755627","0.0","0.15226438188494493","0.0","1","10","false","朱公子文","17.0","0","1","0","0.8705226949824273","false","0","朱公子文","0","0.0"
"6.085209003215434","0.0","0.164332892998679","0.0","1","10","false","朱君以","10.0","0","1","0","0.8817393255066178","false","0","朱君以","0","0.0"
"5.397106109324759","0.0","0.18528448019064642","0.0","1","9","false","朱安山","28.0","0","1","0","0.8977417183877963","false","0","朱安山","0","0.0"
"4.168810289389068","6.428822285734265E-4","0.23987659082144233","0.0","9","8","false","朱幼鴻","23.22222222222222","0","9","0","0.9263067374560681","false","0","朱幼鴻","42084","0.5555555555555556"
"5.184887459807074","2.25123159252348E-6","0.19286821705426357","0.0","5","9","false","朱德澤","23.0","0","5","0","0.9026770358184402","false","0","朱德澤","20","1.0"
"1.8","0.0024691358024691358","0.5555555555555556","0.0","2","2","false","朱明府","9.0","0","2","0","0.911111111111111","false","0","朱明府","2","1.0"
"5.686495176848875","0.0","0.17585524455753462","0.0","1","10","false","朱涵芳","34.0","0","1","0","0.891011740073282","false","0","朱涵芳","0","0.0"
"5.686495176848875","0.0","0.17585524455753462","0.0","1","10","false","朱煦亭","34.0","0","1","0","0.891011740073282","false","0","朱煦亭","0","0.0"
"1.75","0.003289473684210526","0.5714285714285714","0.0","5","2","false","朱秋平","16.0","0","5","0","0.953125","false","0","朱秋平","20","1.0"
"3.2717041800643085","0.368799474617459","0.30565110565110565","0.0","44","7","false","朱葆三","14.046511627906977","0","44","1","0.9471696702310625","false","0","朱葆三","24024020","0.06656383483626009"
"4.266881028938907","0.003215434083601286","0.2343632253202713","0.0","2","8","false","寳華公司","22.0","0","2","0","0.9240260225828162","false","0","寳華公司","60688","0.5"
"1.75","0.003289473684210526","0.5714285714285714","0.0","5","2","false","朱謂記","16.0","0","5","0","0.953125","false","0","朱謂記","20","1.0"
"5.985530546623794","6.1139474309248E-5","0.1670695675530486","0.0","6","10","false","李代桃","13.333333333333334","0","6","0","0.8840574291482839","false","0","李代桃","380","0.5138888888888888"
"4.72508038585209","0.0018133554242224135","0.21163661109220824","0.0","7","8","false","李光琴","20.285714285714285","0","7","0","0.9133702235848351","false","0","李光琴","511846","0.35064935064935066"
"5.509646302250804","0.0","0.18149985409979574","0.0","1","10","false","李年壽","12.0","0","1","0","0.8951245045988186","false","0","李年壽","0","0.0"
"5.184887459807074","2.25123159252348E-6","0.19286821705426357","0.0","5","9","false","李延棻","23.0","0","5","0","0.9026770358184402","false","0","李延棻","20","1.0"
"4.97588424437299","0.0","0.20096930533117932","0.0","1","9","false","李拱辰","22.0","0","1","0","0.907537575712256","false","0","李拱辰","0","0.0"
"6.197749196141479","1.2944581657010009E-6","0.16134889753566797","0.0","2","10","false","李春洲","4.0","0","2","0","0.87912211171764","false","0","李春洲","2","1.0"
"4.413183279742765","3.106699597682402E-6","0.2265938069216758","0.0","6","8","false","李月林","25.0","0","6","0","0.920623644657145","false","0","李月林","30","1.0"
"4.046623794212219","0.01780653138637665","0.24711958680969406","0.0","11","8","false","李枝仙","15.272727272727273","0","11","0","0.9291482838555298","false","0","李枝仙","620110","0.17405764966740578"
"6.085209003215434","0.0","0.164332892998679","0.0","1","10","false","李氏","10.0","0","1","0","0.8817393255066178","false","0","李氏","0","0.0"
"5.229903536977492","3.1066995976824027E-6","0.1912081155856133","0.0","4","9","false","李濤","10.0","0","4","0","0.9016301503028491","false","0","李濤","12","1.0"
"5.30064308681672","3.1339724867356246E-4","0.1886563542614498","0.0","6","10","false","李珊記","17.333333333333332","0","6","0","0.8999850444926344","false","0","李珊記","3342","0.5444444444444444"
"1.6923076923076923","0.007692307692307694","0.5909090909090909","0.0","4","2","false","李邦慶","10.0","0","4","0","0.9307692307692308","false","0","李邦慶","12","1.0"
"5.223472668810289","0.0","0.19144352108341028","0.0","1","9","false","李阿狗","12.0","0","1","0","0.901779705376505","false","0","李阿狗","0","0.0"
"4.168810289389068","6.428822285734265E-4","0.23987659082144233","0.0","9","8","false","李雲","23.22222222222222","0","9","0","0.9263067374560681","false","0","李雲","42084","0.5555555555555556"
"5.509646302250804","0.0","0.18149985409979574","0.0","1","10","false","李靜仁","12.0","0","1","0","0.8951245045988186","false","0","李靜仁","0","0.0"
"4.168810289389068","6.428822285734265E-4","0.23987659082144233","0.0","9","8","false","李墨君","23.22222222222222","0","9","0","0.9263067374560681","false","0","李墨君","42084","0.5555555555555556"
"5.223472668810289","0.0","0.19144352108341028","0.0","1","9","false","杜文左","12.0","0","1","0","0.901779705376505","false","0","杜文左","0","0.0"
"4.773311897106109","0.0","0.209498147524419","0.0","1","8","false","林純泉","22.0","0","1","0","0.912248560532416","false","0","林純泉","0","0.0"
"6.567524115755627","0.0","0.15226438188494493","0.0","1","10","false","梁君卓","17.0","0","1","0","0.8705226949824273","false","0","梁君卓","0","0.0"
"4.593247588424437","8.123241331265684E-4","0.21771088554427723","0.0","6","8","false","梁煥南","23.666666666666668","0","6","0","0.9164361025947805","false","0","梁煥南","39164","0.40476190476190477"
"4.744372990353698","5.125480450299183E-5","0.2107760081328363","0.0","2","8","false","梅里","14.5","0","2","0","0.9129215583638676","false","0","梅里","928","0.75"
"4.133440514469453","0.002452623721272363","0.24192921042395957","0.0","10","8","false","楊信之","14.0","0","10","0","0.9271292903611754","false","0","楊信之","220084","0.23214285714285715"
"5.686495176848875","0.0","0.17585524455753462","0.0","1","10","false","楊士蓮","34.0","0","1","0","0.891011740073282","false","0","楊士蓮","0","0.0"
"5.197749196141479","0.0","0.19239096814104548","0.0","1","8","false","楊子萱","29.0","0","1","0","0.9023779256711284","false","0","楊子萱","0","0.0"
"5.686495176848875","0.0","0.17585524455753462","0.0","1","10","false","楊廉甫","34.0","0","1","0","0.891011740073282","false","0","楊廉甫","0","0.0"
"4.638263665594855","0.004510467828001611","0.21559792027729638","0.0","7","9","false","楊廷杲","12.857142857142858","0","7","0","0.9153892170791894","false","0","楊廷杲","22728","0.23249299719887956"
"5.252411575562701","0.0","0.1903887358432813","0.0","1","9","false","楊廷臬","6.0","0","1","0","0.9011067075450534","false","0","楊廷臬","0","0.0"
"4.168810289389068","6.428822285734265E-4","0.23987659082144233","0.0","9","8","false","楊景庭","23.22222222222222","0","9","0","0.9263067374560681","false","0","楊景庭","42084","0.5555555555555556"
"4.146302250803859","0.0017488529073511824","0.24117875145405193","0.0","6","8","false","楊殿臣","16.0","0","6","0","0.9268301802138638","false","0","楊殿臣","72448","0.26785714285714285"
"4.831189710610932","0.0","0.20698835274542432","0.0","1","9","false","楊笠樵","32.0","0","1","0","0.9109025648695133","false","0","楊笠樵","0","0.0"
"4.413183279742765","3.106699597682402E-6","0.2265938069216758","0.0","6","8","false","楊經記","25.0","0","6","0","0.920623644657145","false","0","楊經記","30","1.0"
"1.8","0.0024691358024691358","0.5555555555555556","0.0","2","2","false","楊阿寳","9.0","0","2","0","0.911111111111111","false","0","楊阿寳","2","1.0"
"5.770096463022508","3.451888441869336E-7","0.1733073279465032","0.0","2","10","false","榮子文","15.0","0","2","0","0.8890675241157555","false","0","榮子文","2","1.0"
"6.085209003215434","0.0","0.164332892998679","0.0","1","10","false","榮慶","10.0","0","1","0","0.8817393255066178","false","0","榮慶","0","0.0"
"5.184887459807074","2.25123159252348E-6","0.19286821705426357","0.0","5","9","false","樊棻","23.0","0","5","0","0.9026770358184402","false","0","樊棻","20","1.0"
"4.821543408360129","1.227821331209712E-4","0.20740246748916305","0.0","4","9","false","歐求","14.0","0","4","0","0.911126897479997","false","0","歐求","1578","0.41935483870967744"
"4.747588424437299","0.0","0.21063325431764307","0.0","1","8","false","歐陽文忠","19.0","0","1","0","0.9128467808270396","false","0","歐陽文忠","0","0.0"
"4.168810289389068","6.428822285734265E-4","0.23987659082144233","0.0","9","8","false","殷恩准","23.22222222222222","0","9","0","0.9263067374560681","false","0","殷恩准","42084","0.5555555555555556"
"5.184887459807074","2.25123159252348E-6","0.19286821705426357","0.0","5","9","false","汪清麒","23.0","0","5","0","0.9026770358184402","false","0","汪清麒","20","1.0"
"5.995176848874598","4.667896053128259E-6","0.16680075087154733","0.0","3","10","false","汪西園","20.333333333333332","0","3","0","0.8838330965378","false","0","汪西園","54","0.8055555555555556"
"6.551446945337621","5.177832662804004E-7","0.15263803680981594","0.0","2","10","false","沈君玉君","10.0","0","2","0","0.8708965826665669","false","0","沈君玉君","2","1.0"
"4.747588424437299","0.0","0.21063325431764307","0.0","1","8","false","沈炳榮","19.0","0","1","0","0.9128467808270396","false","0","沈炳榮","0","0.0"
"5.995176848874598","4.667896053128259E-6","0.16680075087154733","0.0","3","10","false","沈立民","20.333333333333332","0","3","0","0.8838330965378","false","0","沈立民","54","0.8055555555555556"
"5.397106109324759","0.0","0.18528448019064642","0.0","1","9","false","沈芝庭","28.0","0","1","0","0.8977417183877963","false","0","沈芝庭","0","0.0"
"6.516077170418006","0.0015986558346407363","0.15346656797434","0.0","3","10","false","沈阿春","7.333333333333333","0","3","0","0.8717191355716742","false","0","沈阿春","260238","0.48717948717948717"
"5.20096463022508","1.5533497988412014E-6","0.19227202472952087","0.0","3","9","false","沈韻箎","10.0","0","3","0","0.9023031481343005","false","0","沈韻箎","6","1.0"
"6.085209003215434","0.0","0.164332892998679","0.0","1","10","false","沈鳳賓","10.0","0","1","0","0.8817393255066178","false","0","沈鳳賓","0","0.0"
"6.541800643086817","2.8770943483815906E-5","0.152863111329565","0.0","9","10","false","沈鼎臣","13.444444444444445","0","9","0","0.8711209152770508","false","0","沈鼎臣","184","0.7777777777777778"
"4.413183279742765","3.106699597682402E-6","0.2265938069216758","0.0","6","8","false","洪元成","25.0","0","6","0","0.920623644657145","false","0","洪元成","30","1.0"
"4.628617363344051","0.01678372471801857","0.2160472386245224","0.0","3","8","false","洪吉甫","22.666666666666668","0","3","0","0.9156135496896733","false","0","洪吉甫","884674","0.47101449275362317"
"1.8","0.0024691358024691358","0.5555555555555556","0.0","2","2","false","洪生","9.0","0","2","0","0.911111111111111","false","0","洪生","2","1.0"
"1.9166666666666667","0.0","0.5217391304347826","0.0","1","2","false","洪竹卿","12.0","0","1","0","0.9236111111111112","false","0","洪竹卿","0","0.0"
"5.406752411575563","5.177832662804004E-7","0.18495391019922688","0.0","2","8","false","海君","10.0","0","2","0","0.8975173857773125","false","0","海君","2","1.0"
"5.184887459807074","2.25123159252348E-6","0.19286821705426357","0.0","5","9","false","湯祖炘","23.0","0","5","0","0.9026770358184402","false","0","湯祖炘","20","1.0"
"4.62540192926045","2.794340476845427E-4","0.21619742787626","0.0","5","8","false","湯蓮生","25.0","0","5","0","0.9156883272265012","false","0","湯蓮生","26246","0.5106382978723404"
"6.062700964630225","0.0","0.16494298594537257","0.0","1","10","false","溫犀","6.0","0","1","0","0.8822627682644134","false","0","溫犀","0","0.0"
"5.670418006430868","0.03138227878706726","0.17635384179189112","0.0","32","10","false","漢密登","8.633333333333333","0","32","2","0.8913856277574218","false","0","漢密登","16922784","0.19572649572649573"
"6.655948553054662","1.530188177189339E-5","0.15024154589371982","0.0","2","11","false","中國通商銀行","23.0","0","2","0","0.868466312719659","false","0","中國通商銀行","160","0.6875"
"6.655948553054662","1.530188177189339E-5","0.15024154589371982","0.0","2","11","false","京都同德堂藥局","23.0","0","2","0","0.868466312719659","false","0","京都同德堂藥局","160","0.6875"
"6.665594855305466","0.0016051281254692417","0.15002411963338158","0.0","2","11","false","司令部","16.0","0","2","0","0.8682419801091753","false","0","司令部","1066460","0.5172413793103449"
"6.655948553054662","1.530188177189339E-5","0.15024154589371982","0.0","2","11","false","平紡績公司","23.0","0","2","0","0.868466312719659","false","0","平紡績公司","160","0.6875"
"6.655948553054662","1.530188177189339E-5","0.15024154589371982","0.0","2","11","false","申興洋行","23.0","0","2","0","0.868466312719659","false","0","申興洋行","160","0.6875"
"6.665594855305466","0.0016051281254692417","0.15002411963338158","0.0","2","11","false","通信部","16.0","0","2","0","0.8682419801091753","false","0","通信部","1066460","0.5172413793103449"
"6.541800643086817","2.8770943483815906E-5","0.152863111329565","0.0","9","10","false","潑林得斯","13.444444444444445","0","9","0","0.8711209152770508","false","0","潑林得斯","184","0.7777777777777778"
"5.686495176848875","0.0","0.17585524455753462","0.0","1","10","false","潘俊坊","34.0","0","1","0","0.891011740073282","false","0","潘俊坊","0","0.0"
"5.686495176848875","0.0","0.17585524455753462","0.0","1","10","false","潘俊麟","34.0","0","1","0","0.891011740073282","false","0","潘俊麟","0","0.0"
"1.9166666666666667","0.0","0.5217391304347826","0.0","1","2","false","潘均江","12.0","0","1","0","0.9236111111111112","false","0","潘均江","0","0.0"
"1.75","0.003289473684210526","0.5714285714285714","0.0","5","2","false","潘大吉","16.0","0","5","0","0.953125","false","0","潘大吉","20","1.0"
"5.20096463022508","1.5533497988412014E-6","0.19227202472952087","0.0","3","9","false","潘芸笙","10.0","0","3","0","0.9023031481343005","false","0","潘芸笙","6","1.0"
"5.197749196141479","0.0","0.19239096814104548","0.0","1","8","false","潘魯卿","29.0","0","1","0","0.9023779256711284","false","0","潘魯卿","0","0.0"
"4.747588424437299","0.0","0.21063325431764307","0.0","1","8","false","潤濤","19.0","0","1","0","0.9128467808270396","false","0","潤濤","0","0.0"
"1.75","0.003289473684210526","0.5714285714285714","0.0","5","2","false","無名","16.0","0","5","0","0.953125","false","0","無名","20","1.0"
"5.229903536977492","3.1066995976824027E-6","0.1912081155856133","0.0","4","9","false","王予坊","10.0","0","4","0","0.9016301503028491","false","0","王予坊","12","1.0"
"4.413183279742765","3.106699597682402E-6","0.2265938069216758","0.0","6","8","false","王允升","25.0","0","6","0","0.920623644657145","false","0","王允升","30","1.0"
"6.522508038585209","0.0","0.15331525757949224","0.0","1","10","false","王克明","14.0","0","1","0","0.8715695804980185","false","0","王克明","0","0.0"
"5.34887459807074","1.7259442209346678E-6","0.1869552149083258","0.0","4","10","false","王北麒","18.0","0","4","0","0.8988633814402154","false","0","王北麒","12","1.0"
"1.9166666666666667","0.0","0.5217391304347826","0.0","1","2","false","王善士","12.0","0","1","0","0.9236111111111112","false","0","王善士","0","0.0"
"1.9166666666666667","0.0","0.5217391304347826","0.0","1","2","false","王子羲","12.0","0","1","0","0.9236111111111112","false","0","王子羲","0","0.0"
"4.831189710610932","0.0","0.20698835274542432","0.0","1","9","false","王子顯","32.0","0","1","0","0.9109025648695133","false","0","王子顯","0","0.0"
"5.995176848874598","4.667896053128259E-6","0.16680075087154733","0.0","3","10","false","王小徐","20.333333333333332","0","3","0","0.8838330965378","false","0","王小徐","54","0.8055555555555556"
"5.017684887459807","0.0","0.1992950977250881","0.0","1","9","false","王恭壽","22.0","0","1","0","0.9065654677334929","false","0","王恭壽","0","0.0"
"5.397106109324759","0.0","0.18528448019064642","0.0","1","9","false","王文鏞","28.0","0","1","0","0.8977417183877963","false","0","王文鏞","0","0.0"
"4.586816720257235","0.04273645181086903","0.2180161233788994","0.0","6","8","false","王松堂","9.833333333333334","0","6","0","0.9165856576684365","false","0","王松堂","1064576","0.2264957264957265"
"5.397106109324759","0.0","0.18528448019064642","0.0","1","9","false","王松年","28.0","0","1","0","0.8977417183877963","false","0","王松年","0","0.0"
"4.628617363344051","0.033040553634818566","0.2160472386245224","0.0","2","8","false","王松森","28.0","0","2","0","0.9156135496896733","false","0","王松森","196234","0.5"
"6.551446945337621","5.177832662804004E-7","0.15263803680981594","0.0","2","10","false","王榮","10.0","0","2","0","0.8708965826665669","false","0","王榮","2","1.0"
"5.017684887459807","0.0","0.1992950977250881","0.0","1","9","false","王槐蔭","22.0","0","1","0","0.9065654677334929","false","0","王槐蔭","0","0.0"
"4.631832797427653","0.007338190582859248","0.2158972578965637","0.0","5","8","false","王欣甫","10.0","0","5","0","0.9155387721528452","false","0","王欣甫","151100","0.5"
"4.506430868167203","0.0046755256726056585","0.22190510167677485","0.0","3","8","false","王海帆","21.0","0","3","0","0.9184550960891349","false","0","王海帆","371840","0.5"
"4.760450160771704","0.0038181338055516844","0.21006416751097604","0.0","7","8","false","王煥之","8.0","0","7","0","0.9125476706797279","false","0","王煥之","240390","0.28"
"5.998392282958199","8.707914481715686E-6","0.16671133744304478","0.0","2","10","false","王益甫","15.5","0","2","0","0.8837583190009721","false","0","王益甫","46","0.6041666666666666"
"1.75","0.003289473684210526","0.5714285714285714","0.0","5","2","false","王福","16.0","0","5","0","0.953125","false","0","王福","20","1.0"
"5.770096463022508","3.451888441869336E-7","0.1733073279465032","0.0","2","10","false","王紀木","15.0","0","2","0","0.8890675241157555","false","0","王紀木","2","1.0"
"5.197749196141479","0.0","0.19239096814104548","0.0","1","8","false","王紫詮","29.0","0","1","0","0.9023779256711284","false","0","王紫詮","0","0.0"
"5.017684887459807","0.0","0.1992950977250881","0.0","1","9","false","王維泰","22.0","0","1","0","0.9065654677334929","false","0","王維泰","0","0.0"
"5.995176848874598","4.667896053128259E-6","0.16680075087154733","0.0","3","10","false","王翕廷","20.333333333333332","0","3","0","0.8838330965378","false","0","王翕廷","54","0.8055555555555556"
"1.8","0.0024691358024691358","0.5555555555555556","0.0","2","2","false","王順來","9.0","0","2","0","0.911111111111111","false","0","王順來","2","1.0"
"5.223472668810289","0.0","0.19144352108341028","0.0","1","9","false","王順寳","12.0","0","1","0","0.901779705376505","false","0","王順寳","0","0.0"
"5.770096463022508","3.451888441869336E-7","0.1733073279465032","0.0","2","10","false","王鼎奎","15.0","0","2","0","0.8890675241157555","false","0","王鼎奎","2","1.0"
"4.168810289389068","6.428822285734265E-4","0.23987659082144233","0.0","9","8","false","瑞林祥","23.22222222222222","0","9","0","0.9263067374560681","false","0","瑞林祥","42084","0.5555555555555556"
"5.686495176848875","0.0","0.17585524455753462","0.0","1","10","false","田芃卿","34.0","0","1","0","0.891011740073282","false","0","田芃卿","0","0.0"
"5.265273311897106","0.0","0.1899236641221374","0.0","1","9","false","畢大令","2.0","0","1","0","0.9008075973977417","false","0","畢大令","0","0.0"
"5.995176848874598","4.667896053128259E-6","0.16680075087154733","0.0","3","10","false","白善化","20.333333333333332","0","3","0","0.8838330965378","false","0","白善化","54","0.8055555555555556"
"4.940514469453376","7.298524180758306E-4","0.20240807028961927","0.0","3","9","false","皇上聖鑒","14.666666666666666","0","3","0","0.9083601286173634","false","0","皇上聖鑒","5162","0.45555555555555555"
"4.168810289389068","6.428822285734265E-4","0.23987659082144233","0.0","9","8","false","盛京卿","23.22222222222222","0","9","0","0.9263067374560681","false","0","盛京卿","42084","0.5555555555555556"
"6.541800643086817","2.8770943483815906E-5","0.152863111329565","0.0","9","10","false","盤搿","13.444444444444445","0","9","0","0.8711209152770508","false","0","盤搿","184","0.7777777777777778"
"5.233118971061093","4.7071206025490945E-7","0.19109062980030722","0.0","2","9","false","盧運覺","11.0","0","2","0","0.901555372766021","false","0","盧運覺","2","1.0"
"5.2491961414791","6.4722908285050045E-6","0.1905053598774885","0.0","3","9","false","知葆三","4.333333333333333","0","3","0","0.9011814850818813","false","0","知葆三","10","0.8333333333333334"
"5.017684887459807","0.0","0.1992950977250881","0.0","1","9","false","石紹聞","22.0","0","1","0","0.9065654677334929","false","0","石紹聞","0","0.0"
"4.921221864951768","2.4585622960543453E-6","0.20320156811499512","0.0","2","8","false","祝源昌","25.0","0","2","0","0.908808793838331","false","0","祝源昌","34","0.75"
"5.406752411575563","5.177832662804004E-7","0.18495391019922688","0.0","2","8","false","福君","10.0","0","2","0","0.8975173857773125","false","0","福君","2","1.0"
"5.998392282958199","8.707914481715686E-6","0.16671133744304478","0.0","2","10","false","福師能","15.5","0","2","0","0.8837583190009721","false","0","福師能","46","0.6041666666666666"
"5.223472668810289","0.0","0.19144352108341028","0.0","1","9","false","秦少卿","12.0","0","1","0","0.901779705376505","false","0","秦少卿","0","0.0"
"5.718649517684887","0.014830072227570467","0.1748664605004217","0.0","17","10","false","秦鏡温","5.5625","0","17","1","0.8902639647050026","false","0","秦鏡温","4218256","0.12006578947368421"
"6.717041800643087","0.0","0.1488750598372427","0.0","1","11","false","法蘭西銀行","16.0","0","1","0","0.8670455395199282","false","0","法蘭西銀行","0","0.0"
"6.717041800643087","0.0","0.1488750598372427","0.0","1","11","false","萬利源英","16.0","0","1","0","0.8670455395199282","false","0","萬利源英","0","0.0"
"6.717041800643087","0.0","0.1488750598372427","0.0","1","11","false","華俄道勝銀行","16.0","0","1","0","0.8670455395199282","false","0","華俄道勝銀行","0","0.0"
"5.686495176848875","0.0","0.17585524455753462","0.0","1","10","false","程桂","34.0","0","1","0","0.891011740073282","false","0","程桂","0","0.0"
"5.397106109324759","0.0","0.18528448019064642","0.0","1","9","false","程玉峯","28.0","0","1","0","0.8977417183877963","false","0","程玉峯","0","0.0"
"5.397106109324759","0.0","0.18528448019064642","0.0","1","9","false","程福五","28.0","0","1","0","0.8977417183877963","false","0","程福五","0","0.0"
"6.689710610932476","5.825061745654504E-5","0.14948329728430665","0.0","10","10","false","素精岐","4.0","0","10","0","0.8676811485829656","false","0","素精岐","90","1.0"
"1.75","0.003289473684210526","0.5714285714285714","0.0","5","2","false","繩霞","16.0","0","5","0","0.953125","false","0","繩霞","20","1.0"
"5.233118971061093","4.7071206025490945E-7","0.19109062980030722","0.0","2","9","false","羅廷雍","11.0","0","2","0","0.901555372766021","false","0","羅廷雍","2","1.0"
"1.9166666666666667","0.0","0.5217391304347826","0.0","1","2","false","羅建户","12.0","0","1","0","0.9236111111111112","false","0","羅建户","0","0.0"
"6.541800643086817","2.8770943483815906E-5","0.152863111329565","0.0","9","10","false","羅斯","13.444444444444445","0","9","0","0.8711209152770508","false","0","羅斯","184","0.7777777777777778"
"4.413183279742765","3.106699597682402E-6","0.2265938069216758","0.0","6","8","false","羅蘭桂","25.0","0","6","0","0.920623644657145","false","0","羅蘭桂","30","1.0"
"4.676848874598071","3.7143099060028565E-6","0.21381918184943277","0.0","2","8","false","翁可熾","27.0","0","2","0","0.9144918866372541","false","0","翁可熾","68","0.7647058823529411"
"4.940514469453376","0.0","0.20240807028961927","0.0","1","8","false","翁和昌","17.0","0","1","0","0.9083601286173634","false","0","翁和昌","0","0.0"
"4.921221864951768","2.4585622960543453E-6","0.20320156811499512","0.0","2","8","false","翁寳森","25.0","0","2","0","0.908808793838331","false","0","翁寳森","34","0.75"
"4.921221864951768","8.296452441228708E-6","0.20320156811499512","0.0","2","8","false","翁思","26.5","0","2","0","0.908808793838331","false","0","翁思","4340","0.796875"
"5.686495176848875","0.0","0.17585524455753462","0.0","1","10","false","翁應鏞","34.0","0","1","0","0.891011740073282","false","0","翁應鏞","0","0.0"
"5.686495176848875","0.0","0.17585524455753462","0.0","1","10","false","翁方蓉","34.0","0","1","0","0.891011740073282","false","0","翁方蓉","0","0.0"
"5.686495176848875","0.0","0.17585524455753462","0.0","1","10","false","翁洋","34.0","0","1","0","0.891011740073282","false","0","翁洋","0","0.0"
"4.940514469453376","0.0","0.20240807028961927","0.0","1","8","false","翁源","17.0","0","1","0","0.9083601286173634","false","0","翁源","0","0.0"
"5.686495176848875","0.0","0.17585524455753462","0.0","1","10","false","翁源生","34.0","0","1","0","0.891011740073282","false","0","翁源生","0","0.0"
"4.631832797427653","1.0801285101464068E-4","0.2158972578965637","0.0","3","8","false","翁錦章","29.333333333333332","0","3","0","0.9155387721528452","false","0","翁錦章","3800","0.6028368794326241"
"5.361736334405145","3.236145414252502E-7","0.18650674662668665","0.0","2","10","false","翁韓山","16.0","0","2","0","0.8985642712929036","false","0","翁韓山","2","1.0"
"4.773311897106109","0.0","0.209498147524419","0.0","1","8","false","聶仲芳","22.0","0","1","0","0.912248560532416","false","0","聶仲芳","0","0.0"
"5.184887459807074","2.25123159252348E-6","0.19286821705426357","0.0","5","9","false","胡夀海","23.0","0","5","0","0.9026770358184402","false","0","胡夀海","20","1.0"
"1.75","0.003289473684210526","0.5714285714285714","0.0","5","2","false","胡孫蟾","16.0","0","5","0","0.953125","false","0","胡孫蟾","20","1.0"
"5.686495176848875","0.0","0.17585524455753462","0.0","1","10","false","胡敬祖","34.0","0","1","0","0.891011740073282","false","0","胡敬祖","0","0.0"
"1.6923076923076923","0.007692307692307694","0.5909090909090909","0.0","4","2","false","胡智勘","10.0","0","4","0","0.9307692307692308","false","0","胡智勘","12","1.0"
"5.397106109324759","0.0","0.18528448019064642","0.0","1","9","false","胡梓卿","28.0","0","1","0","0.8977417183877963","false","0","胡梓卿","0","0.0"
"5.184887459807074","2.25123159252348E-6","0.19286821705426357","0.0","5","9","false","胡湘春","23.0","0","5","0","0.9026770358184402","false","0","胡湘春","20","1.0"
"4.97588424437299","0.0","0.20096930533117932","0.0","1","9","false","胡燏棻","22.0","0","1","0","0.907537575712256","false","0","胡燏棻","0","0.0"
"5.001607717041801","0.0","0.1999357119897139","0.0","1","8","false","與松堂","9.0","0","1","0","0.9069393554176326","false","0","與松堂","0","0.0"
"4.831189710610932","0.0","0.20698835274542432","0.0","1","9","false","舒潤","32.0","0","1","0","0.9109025648695133","false","0","舒潤","0","0.0"
"4.747588424437299","0.0","0.21063325431764307","0.0","1","8","false","范叔寒","19.0","0","1","0","0.9128467808270396","false","0","范叔寒","0","0.0"
"5.184887459807074","2.25123159252348E-6","0.19286821705426357","0.0","5","9","false","范澤海","23.0","0","5","0","0.9026770358184402","false","0","范澤海","20","1.0"
"6.516077170418006","0.0015986558346407363","0.15346656797434","0.0","3","10","false","范進才","7.333333333333333","0","3","0","0.8717191355716742","false","0","范進才","260238","0.48717948717948717"
"5.397106109324759","0.0","0.18528448019064642","0.0","1","9","false","莊懹芳","28.0","0","1","0","0.8977417183877963","false","0","莊懹芳","0","0.0"
"5.197749196141479","0.0","0.19239096814104548","0.0","1","8","false","葉伯鋆","29.0","0","1","0","0.9023779256711284","false","0","葉伯鋆","0","0.0"
"3.905144694533762","0.03201104004547904","0.25607245780156446","0.0","9","8","false","葉成忠","15.777777777777779","0","9","0","0.932438495475959","false","0","葉成忠","533106","0.15234822451317298"
"4.773311897106109","0.0","0.209498147524419","0.0","1","8","false","葉文彪","22.0","0","1","0","0.912248560532416","false","0","葉文彪","0","0.0"
"5.696141479099678","0.01190601281477658","0.1755574372001129","0.0","24","10","false","葉明齋","10.478260869565217","0","24","1","0.8907874074627982","false","0","葉明齋","7833880","0.2494279176201373"
"5.509646302250804","0.0","0.18149985409979574","0.0","1","10","false","葉昭鑑","12.0","0","1","0","0.8951245045988186","false","0","葉昭鑑","0","0.0"
"5.20096463022508","1.5533497988412014E-6","0.19227202472952087","0.0","3","9","false","葉松卿","10.0","0","3","0","0.9023031481343005","false","0","葉松卿","6","1.0"
"3.477491961414791","0.10729634855554314","0.2875635691169672","0.0","16","6","false","葉澄衷","21.4375","0","16","0","0.9423839078740746","false","0","葉澄衷","3684860","0.15966796875"
"1.75","0.003289473684210526","0.5714285714285714","0.0","5","2","false","葉瞻青","16.0","0","5","0","0.953125","false","0","葉瞻青","20","1.0"
"5.184887459807074","2.25123159252348E-6","0.19286821705426357","0.0","5","9","false","葉貽鑑","23.0","0","5","0","0.9026770358184402","false","0","葉貽鑑","20","1.0"
"5.998392282958199","8.707914481715686E-6","0.16671133744304478","0.0","2","10","false","葉銘齋","15.5","0","2","0","0.8837583190009721","false","0","葉銘齋","46","0.6041666666666666"
"5.509646302250804","0.0","0.18149985409979574","0.0","1","10","false","葉鏡湖","12.0","0","1","0","0.8951245045988186","false","0","葉鏡湖","0","0.0"
"1.9166666666666667","0.0","0.5217391304347826","0.0","1","2","false","葉長泰","12.0","0","1","0","0.9236111111111112","false","0","葉長泰","0","0.0"
"4.760450160771704","0.0038181338055516844","0.21006416751097604","0.0","7","8","false","葉雪舫","8.0","0","7","0","0.9125476706797279","false","0","葉雪舫","240390","0.28"
"4.168810289389068","6.428822285734265E-4","0.23987659082144233","0.0","9","8","false","葉雲樵","23.22222222222222","0","9","0","0.9263067374560681","false","0","葉雲樵","42084","0.5555555555555556"
"5.686495176848875","0.0","0.17585524455753462","0.0","1","10","false","葛君","34.0","0","1","0","0.891011740073282","false","0","葛君","0","0.0"
"4.155948553054662","0.0037334404471443513","0.24061895551257256","0.0","7","8","false","葛繩孝","13.142857142857142","0","7","0","0.9266058476033799","false","0","葛繩孝","102392","0.23351648351648352"
"4.744372990353698","1.2685908418949674E-4","0.2107760081328363","0.0","3","8","false","董嚴信","11.0","0","3","1","0.9129215583638676","false","0","董嚴信","942","0.5555555555555556"
"5.34887459807074","1.7259442209346678E-6","0.1869552149083258","0.0","4","10","false","蒙記功","18.0","0","4","0","0.8988633814402154","false","0","蒙記功","12","1.0"
"4.747588424437299","0.0","0.21063325431764307","0.0","1","8","false","蔡君榮","19.0","0","1","0","0.9128467808270396","false","0","蔡君榮","0","0.0"
"5.995176848874598","1.0844664581889125E-5","0.16680075087154733","0.0","3","10","false","蔡爲給","17.666666666666668","0","3","0","0.8838330965378","false","0","蔡爲給","86","0.6944444444444444"
"5.197749196141479","0.0","0.19239096814104548","0.0","1","8","false","蔡紫黻","29.0","0","1","0","0.9023779256711284","false","0","蔡紫黻","0","0.0"
"4.676848874598071","3.7143099060028565E-6","0.21381918184943277","0.0","2","8","false","蔣克皆","27.0","0","2","0","0.9144918866372541","false","0","蔣克皆","68","0.7647058823529411"
"5.184887459807074","2.25123159252348E-6","0.19286821705426357","0.0","5","9","false","蔣廷黼","23.0","0","5","0","0.9026770358184402","false","0","蔣廷黼","20","1.0"
"5.397106109324759","0.0","0.18528448019064642","0.0","1","9","false","蔣挹","28.0","0","1","0","0.8977417183877963","false","0","蔣挹","0","0.0"
"5.229903536977492","3.1066995976824027E-6","0.1912081155856133","0.0","4","9","false","蕭榮爵","10.0","0","4","0","0.9016301503028491","false","0","蕭榮爵","12","1.0"
"5.213826366559486","0.003199900585612874","0.19179771816219549","0.0","4","9","false","薩君允格","5.25","0","4","0","0.9020040379869887","false","0","薩君允格","182010","0.38636363636363635"
"5.20096463022508","1.5533497988412014E-6","0.19227202472952087","0.0","3","9","false","藍雲峯","10.0","0","3","0","0.9023031481343005","false","0","藍雲峯","6","1.0"
"5.686495176848875","0.0","0.17585524455753462","0.0","1","10","false","蘇夢漁","34.0","0","1","0","0.891011740073282","false","0","蘇夢漁","0","0.0"
"5.686495176848875","0.0","0.17585524455753462","0.0","1","10","false","蘇夢葊","34.0","0","1","0","0.891011740073282","false","0","蘇夢葊","0","0.0"
"4.831189710610932","0.0","0.20698835274542432","0.0","1","9","false","蘇寳昇","32.0","0","1","0","0.9109025648695133","false","0","蘇寳昇","0","0.0"
"4.590032154340836","0.0030155498748567987","0.21786339754816111","0.0","6","8","false","蘇寳森","23.0","0","6","0","0.9165108801316085","false","0","蘇寳森","570360","0.38596491228070173"
"4.168810289389068","6.428822285734265E-4","0.23987659082144233","0.0","9","8","false","蘇寳生","23.22222222222222","0","9","0","0.9263067374560681","false","0","蘇寳生","42084","0.5555555555555556"
"5.995176848874598","1.0844664581889125E-5","0.16680075087154733","0.0","3","10","false","蘇松","17.666666666666668","0","3","0","0.8838330965378","false","0","蘇松","86","0.6944444444444444"
"4.747588424437299","0.0","0.21063325431764307","0.0","1","8","false","蘇班","19.0","0","1","0","0.9128467808270396","false","0","蘇班","0","0.0"
"5.001607717041801","0.0","0.1999357119897139","0.0","1","8","false","蘇葆森","9.0","0","1","0","0.9069393554176326","false","0","蘇葆森","0","0.0"
"5.406752411575563","5.177832662804004E-7","0.18495391019922688","0.0","2","8","false","虞君洽卿","10.0","0","2","0","0.8975173857773125","false","0","虞君洽卿","2","1.0"
"5.20096463022508","1.5533497988412014E-6","0.19227202472952087","0.0","3","9","false","虞和德","10.0","0","3","0","0.9023031481343005","false","0","虞和德","6","1.0"
"5.438906752411576","7.396903804005719E-7","0.18386047886491277","0.0","2","10","false","蟄存齋","7.0","0","2","0","0.8967696104090331","false","0","蟄存齋","2","1.0"
"5.233118971061093","4.7071206025490945E-7","0.19109062980030722","0.0","2","9","false","袁世凱","11.0","0","2","0","0.901555372766021","false","0","袁世凱","2","1.0"
"5.229903536977492","3.1066995976824027E-6","0.1912081155856133","0.0","4","9","false","袁坊","10.0","0","4","0","0.9016301503028491","false","0","袁坊","12","1.0"
"4.213826366559486","7.925092941942956E-4","0.23731400228920257","0.0","6","8","false","袁大錫","11.666666666666666","0","6","0","0.925259851940477","false","0","袁大錫","25860","0.3047619047619048"
"4.97588424437299","0.0","0.20096930533117932","0.0","1","9","false","袁天錫","22.0","0","1","0","0.907537575712256","false","0","袁天錫","0","0.0"
"5.397106109324759","0.0","0.18528448019064642","0.0","1","9","false","袁玉成","28.0","0","1","0","0.8977417183877963","false","0","袁玉成","0","0.0"
"4.072347266881029","0.018178344626274073","0.24555862613501775","0.0","19","8","false","袁詠笙","17.38888888888889","0","19","1","0.9285500635609062","false","0","袁詠笙","1214542","0.2686703096539162"
"1.75","0.003289473684210526","0.5714285714285714","0.0","5","2","false","裘宸洋","16.0","0","5","0","0.953125","false","0","裘宸洋","20","1.0"
"6.522508038585209","0.0","0.15331525757949224","0.0","1","10","false","解定樂","14.0","0","1","0","0.8715695804980185","false","0","解定樂","0","0.0"
"5.686495176848875","0.0","0.17585524455753462","0.0","1","10","false","許堃","34.0","0","1","0","0.891011740073282","false","0","許堃","0","0.0"
"1.75","0.003289473684210526","0.5714285714285714","0.0","5","2","false","許意寳","16.0","0","5","0","0.953125","false","0","許意寳","20","1.0"
"4.168810289389068","6.428822285734265E-4","0.23987659082144233","0.0","9","8","false","許春榮","23.22222222222222","0","9","0","0.9263067374560681","false","0","許春榮","42084","0.5555555555555556"
"5.406752411575563","5.177832662804004E-7","0.18495391019922688","0.0","2","8","false","許樹棠","10.0","0","2","0","0.8975173857773125","false","0","許樹棠","2","1.0"
"5.001607717041801","0.0","0.1999357119897139","0.0","1","8","false","誦姆司君","9.0","0","1","0","0.9069393554176326","false","0","誦姆司君","0","0.0"
"5.197749196141479","0.0","0.19239096814104548","0.0","1","8","false","諸仁翁","29.0","0","1","0","0.9023779256711284","false","0","諸仁翁","0","0.0"
"6.551446945337621","5.177832662804004E-7","0.15263803680981594","0.0","2","10","false","謝元木","10.0","0","2","0","0.8708965826665669","false","0","謝元木","2","1.0"
"5.34887459807074","1.7259442209346678E-6","0.1869552149083258","0.0","4","10","false","謝奉飭","18.0","0","4","0","0.8988633814402154","false","0","謝奉飭","12","1.0"
"5.397106109324759","0.0","0.18528448019064642","0.0","1","9","false","謝槐卿","28.0","0","1","0","0.8977417183877963","false","0","謝槐卿","0","0.0"
"4.168810289389068","6.428822285734265E-4","0.23987659082144233","0.0","9","8","false","謝綸輝","23.22222222222222","0","9","0","0.9263067374560681","false","0","謝綸輝","42084","0.5555555555555556"
"4.522508038585209","0.008797372564916008","0.22111624600071098","0.0","12","8","false","譚幹臣","20.272727272727273","0","12","1","0.9180812084049952","false","0","譚幹臣","1558190","0.2640099626400996"
"4.97588424437299","0.0","0.20096930533117932","0.0","1","9","false","譚鍾麟","22.0","0","1","0","0.907537575712256","false","0","譚鍾麟","0","0.0"
"4.82475884244373","0.003177073742959312","0.2072642452515828","0.0","2","9","false","譚顯崑","25.0","0","2","0","0.9110521199431691","false","0","譚顯崑","18374","0.5106382978723404"
"6.689710610932476","5.825061745654504E-5","0.14948329728430665","0.0","10","10","false","財克生","4.0","0","10","0","0.8676811485829656","false","0","財克生","90","1.0"
"4.773311897106109","0.0","0.209498147524419","0.0","1","8","false","費鴻生","22.0","0","1","0","0.912248560532416","false","0","費鴻生","0","0.0"
"1.75","0.003289473684210526","0.5714285714285714","0.0","5","2","false","賈潤生","16.0","0","5","0","0.953125","false","0","賈潤生","20","1.0"
"5.34887459807074","1.7259442209346678E-6","0.1869552149083258","0.0","4","10","false","賴豐熙","18.0","0","4","0","0.8988633814402154","false","0","賴豐熙","12","1.0"
"5.233118971061093","4.7071206025490945E-7","0.19109062980030722","0.0","2","9","false","起桂","11.0","0","2","0","0.901555372766021","false","0","起桂","2","1.0"
"5.017684887459807","0.0","0.1992950977250881","0.0","1","9","false","趙元益","22.0","0","1","0","0.9065654677334929","false","0","趙元益","0","0.0"
"4.220257234726688","0.01071307035204374","0.23695238095238097","0.0","7","8","false","趙榮昌","25.428571428571427","0","7","0","0.9251102968668212","false","0","趙榮昌","1464666","0.49854227405247814"
"1.6923076923076923","0.007692307692307694","0.5909090909090909","0.0","4","2","false","趙汝舟","10.0","0","4","0","0.9307692307692308","false","0","趙汝舟","12","1.0"
"4.940514469453376","0.0","0.20240807028961927","0.0","1","8","false","趙馥","17.0","0","1","0","0.9083601286173634","false","0","趙馥","0","0.0"
"4.506430868167203","0.023274274987633212","0.22190510167677485","0.0","3","8","false","趙馥疇","29.333333333333332","0","3","0","0.9184550960891349","false","0","趙馥疇","630402","0.4292929292929293"
"4.97588424437299","0.0","0.20096930533117932","0.0","1","9","false","道恩綸","22.0","0","1","0","0.907537575712256","false","0","道恩綸","0","0.0"
"5.406752411575563","5.177832662804004E-7","0.18495391019922688","0.0","2","8","false","道憲","10.0","0","2","0","0.8975173857773125","false","0","道憲","2","1.0"
"4.97588424437299","0.0","0.20096930533117932","0.0","1","9","false","道誠","22.0","0","1","0","0.907537575712256","false","0","道誠","0","0.0"
"4.413183279742765","3.106699597682402E-6","0.2265938069216758","0.0","6","8","false","還涂","25.0","0","6","0","0.920623644657145","false","0","還涂","30","1.0"
"5.397106109324759","0.0","0.18528448019064642","0.0","1","9","false","邱寳林","28.0","0","1","0","0.8977417183877963","false","0","邱寳林","0","0.0"
"5.197749196141479","0.0","0.19239096814104548","0.0","1","8","false","郁少葵","29.0","0","1","0","0.9023779256711284","false","0","郁少葵","0","0.0"
"5.397106109324759","0.0","0.18528448019064642","0.0","1","9","false","鄧善初","28.0","0","1","0","0.8977417183877963","false","0","鄧善初","0","0.0"
"4.413183279742765","3.106699597682402E-6","0.2265938069216758","0.0","6","8","false","鄧寳善","25.0","0","6","0","0.920623644657145","false","0","鄧寳善","30","1.0"
"1.8","0.0024691358024691358","0.5555555555555556","0.0","2","2","false","鄭大令","9.0","0","2","0","0.911111111111111","false","0","鄭大令","2","1.0"
"5.017684887459807","0.0","0.1992950977250881","0.0","1","9","false","鄭官","22.0","0","1","0","0.9065654677334929","false","0","鄭官","0","0.0"
"4.168810289389068","6.428822285734265E-4","0.23987659082144233","0.0","9","8","false","鄭瀚生","23.22222222222222","0","9","0","0.9263067374560681","false","0","鄭瀚生","42084","0.5555555555555556"
"4.467845659163987","0.032711068967071745","0.22382151853184598","0.0","4","8","false","鄭芸初","26.25","0","4","0","0.9193524265310701","false","0","鄭芸初","872128","0.32792207792207795"
"5.34887459807074","1.7259442209346678E-6","0.1869552149083258","0.0","4","10","false","鄭述祖","18.0","0","4","0","0.8988633814402154","false","0","鄭述祖","12","1.0"
"6.541800643086817","2.8770943483815906E-5","0.152863111329565","0.0","9","10","false","酣升","13.444444444444445","0","9","0","0.8711209152770508","false","0","酣升","184","0.7777777777777778"
"1.75","0.003289473684210526","0.5714285714285714","0.0","5","2","false","金仰","16.0","0","5","0","0.953125","false","0","金仰","20","1.0"
"7.660771704180064","2.5889163314020018E-6","0.13053515215110179","0.0","2","12","false","金同興","2.0","0","2","0","0.8450983324609287","false","0","金同興","2","1.0"
"1.75","0.003289473684210526","0.5714285714285714","0.0","5","2","false","金子剛","16.0","0","5","0","0.953125","false","0","金子剛","20","1.0"
"4.133440514469453","0.002452623721272363","0.24192921042395957","0.0","10","8","false","金祿甫","14.0","0","10","0","0.9271292903611754","false","0","金祿甫","220084","0.23214285714285715"
"5.197749196141479","0.0","0.19239096814104548","0.0","1","8","false","鈕小峯","29.0","0","1","0","0.9023779256711284","false","0","鈕小峯","0","0.0"
"4.676848874598071","3.7143099060028565E-6","0.21381918184943277","0.0","2","8","false","錢崑瑜","27.0","0","2","0","0.9144918866372541","false","0","錢崑瑜","68","0.7647058823529411"
"5.686495176848875","0.0","0.17585524455753462","0.0","1","10","false","錢昕","34.0","0","1","0","0.891011740073282","false","0","錢昕","0","0.0"
"4.686495176848875","0.007043093062687375","0.21337907375643222","0.0","2","8","false","錢昕伯","28.5","0","2","0","0.9142675540267704","false","0","錢昕伯","133374","0.5"
"1.8","0.0024691358024691358","0.5555555555555556","0.0","2","2","false","鍾大明","9.0","0","2","0","0.911111111111111","false","0","鍾大明","2","1.0"
"5.017684887459807","0.0","0.1992950977250881","0.0","1","9","false","鍾天緯","22.0","0","1","0","0.9065654677334929","false","0","鍾天緯","0","0.0"
"4.97588424437299","0.0","0.20096930533117932","0.0","1","9","false","鎭迪","22.0","0","1","0","0.907537575712256","false","0","鎭迪","0","0.0"
"5.406752411575563","5.177832662804004E-7","0.18495391019922688","0.0","2","8","false","關道憲","10.0","0","2","0","0.8975173857773125","false","0","關道憲","2","1.0"
"4.191318327974277","0.008258226818275486","0.23858841580360565","0.0","2","8","false","阮可均","22.0","0","2","0","0.9257832946982726","false","0","阮可均","114332","0.5"
"6.551446945337621","5.177832662804004E-7","0.15263803680981594","0.0","2","10","false","阮寳亭","10.0","0","2","0","0.8708965826665669","false","0","阮寳亭","2","1.0"
"3.918006430868167","0.03482030667488445","0.25523184242921626","0.0","13","8","false","阮星階","13.538461538461538","0","13","0","0.9321393853286473","false","0","阮星階","957228","0.15479582146248813"
"5.229903536977492","3.1066995976824027E-6","0.1912081155856133","0.0","4","9","false","陳世瀾","10.0","0","4","0","0.9016301503028491","false","0","陳世瀾","12","1.0"
"5.233118971061093","4.7071206025490945E-7","0.19109062980030722","0.0","2","9","false","陳伏乞","11.0","0","2","0","0.901555372766021","false","0","陳伏乞","2","1.0"
"4.991961414790997","0.009124114528855325","0.2003220611916264","0.0","2","8","false","陳公鑒","31.5","0","2","0","0.9071636880281163","false","0","陳公鑒","109788","0.5"
"4.413183279742765","3.106699597682402E-6","0.2265938069216758","0.0","6","8","false","陳印波","25.0","0","6","0","0.920623644657145","false","0","陳印波","30","1.0"
"4.831189710610932","0.0","0.20698835274542432","0.0","1","9","false","陳君","32.0","0","1","0","0.9109025648695133","false","0","陳君","0","0.0"
"4.940514469453376","0.0","0.20240807028961927","0.0","1","8","false","陳善","17.0","0","1","0","0.9083601286173634","false","0","陳善","0","0.0"
"4.34887459807074","0.03161606660743689","0.22994454713493528","0.0","18","8","false","陳善亭","17.88235294117647","0","18","1","0.9221191953937038","false","0","陳善亭","3521796","0.18153067678684376"
"4.133440514469453","0.002452623721272363","0.24192921042395957","0.0","10","8","false","陳子鍾","14.0","0","10","0","0.9271292903611754","false","0","陳子鍾","220084","0.23214285714285715"
"4.413183279742765","3.106699597682402E-6","0.2265938069216758","0.0","6","8","false","陳少江","25.0","0","6","0","0.920623644657145","false","0","陳少江","30","1.0"
"1.75","0.003289473684210526","0.5714285714285714","0.0","5","2","false","陳得三","16.0","0","5","0","0.953125","false","0","陳得三","20","1.0"
"5.2491961414791","6.4722908285050045E-6","0.1905053598774885","0.0","3","9","false","陳德","4.333333333333333","0","3","0","0.9011814850818813","false","0","陳德","10","0.8333333333333334"
"4.889067524115756","2.2446736076324437E-4","0.20453798092732653","0.0","4","8","false","陳德培","21.25","0","4","0","0.9095565692066102","false","0","陳德培","75978","0.50625"
"5.397106109324759","0.0","0.18528448019064642","0.0","1","9","false","陳德薰","28.0","0","1","0","0.8977417183877963","false","0","陳德薰","0","0.0"
"4.97588424437299","0.0","0.20096930533117932","0.0","1","9","false","陳明","22.0","0","1","0","0.907537575712256","false","0","陳明","0","0.0"
"5.397106109324759","0.0","0.18528448019064642","0.0","1","9","false","陳春瀾","28.0","0","1","0","0.8977417183877963","false","0","陳春瀾","0","0.0"
"5.509646302250804","0.0","0.18149985409979574","0.0","1","10","false","陳月亭","12.0","0","1","0","0.8951245045988186","false","0","陳月亭","0","0.0"
"4.313504823151125","0.009743456117434043","0.23183004099888188","0.0","8","8","false","陳望生","22.375","0","8","0","0.922941748298811","false","0","陳望生","637296","0.296875"
"4.760450160771704","0.0038181338055516844","0.21006416751097604","0.0","7","8","false","陳植三","8.0","0","7","0","0.9125476706797279","false","0","陳植三","240390","0.28"
"4.155948553054662","0.0037334404471443513","0.24061895551257256","0.0","7","8","false","陳渭","13.142857142857142","0","7","0","0.9266058476033799","false","0","陳渭","102392","0.23351648351648352"
"4.831189710610932","0.0","0.20698835274542432","0.0","1","9","false","陳潤夫","32.0","0","1","0","0.9109025648695133","false","0","陳潤夫","0","0.0"
"4.413183279742765","3.106699597682402E-6","0.2265938069216758","0.0","6","8","false","陳煦初","25.0","0","6","0","0.920623644657145","false","0","陳煦初","30","1.0"
"4.220257234726688","0.01071307035204374","0.23695238095238097","0.0","7","8","false","陳玉麟","25.428571428571427","0","7","0","0.9251102968668212","false","0","陳玉麟","1464666","0.49854227405247814"
"3.982315112540193","0.01629242751763119","0.2511102139685103","0.0","10","8","false","陳笙郊","23.8","0","10","0","0.9306438345920885","false","0","陳笙郊","592306","0.34545454545454546"
"5.509646302250804","0.0","0.18149985409979574","0.0","1","10","false","陳郁庭","12.0","0","1","0","0.8951245045988186","false","0","陳郁庭","0","0.0"
"5.223472668810289","0.0","0.19144352108341028","0.0","1","9","false","陳阿九","12.0","0","1","0","0.901779705376505","false","0","陳阿九","0","0.0"
"5.995176848874598","1.4245259803046857E-5","0.16680075087154733","0.0","3","10","false","陳雲","17.0","0","3","0","0.8838330965378","false","0","陳雲","94","0.6666666666666666"
"4.676848874598071","3.7143099060028565E-6","0.21381918184943277","0.0","2","8","false","陳順記","27.0","0","2","0","0.9144918866372541","false","0","陳順記","68","0.7647058823529411"
"4.133440514469453","0.002452623721272363","0.24192921042395957","0.0","10","8","false","陶吉齋","14.0","0","10","0","0.9271292903611754","false","0","陶吉齋","220084","0.23214285714285715"
"5.972668810289389","1.4033563827986262E-4","0.16742934051144012","0.0","9","10","false","陶爾薄","7.222222222222222","0","9","0","0.8843565392955955","false","0","陶爾薄","512","0.24888888888888888"
"4.889067524115756","2.2446736076324437E-4","0.20453798092732653","0.0","4","8","false","陸全木","21.25","0","4","0","0.9095565692066102","false","0","陸全木","75978","0.50625"
"1.8","0.0024691358024691358","0.5555555555555556","0.0","2","2","false","陸桂林","9.0","0","2","0","0.911111111111111","false","0","陸桂林","2","1.0"
"5.686495176848875","0.0","0.17585524455753462","0.0","1","10","false","陸秩","34.0","0","1","0","0.891011740073282","false","0","陸秩","0","0.0"
"1.9166666666666667","0.0","0.5217391304347826","0.0","1","2","false","隱名氏","12.0","0","1","0","0.9236111111111112","false","0","隱名氏","0","0.0"
"5.34887459807074","1.7259442209346678E-6","0.1869552149083258","0.0","4","10","false","震澤絲","18.0","0","4","0","0.8988633814402154","false","0","震澤絲","12","1.0"
"5.184887459807074","2.25123159252348E-6","0.19286821705426357","0.0","5","9","false","霍順武","23.0","0","5","0","0.9026770358184402","false","0","霍順武","20","1.0"
"1.9166666666666667","0.0","0.5217391304347826","0.0","1","2","false","靑蓮生","12.0","0","1","0","0.9236111111111112","false","0","靑蓮生","0","0.0"
"5.686495176848875","0.0","0.17585524455753462","0.0","1","10","false","韓君","34.0","0","1","0","0.891011740073282","false","0","韓君","0","0.0"
"5.686495176848875","0.0","0.17585524455753462","0.0","1","10","false","韓君山","34.0","0","1","0","0.891011740073282","false","0","韓君山","0","0.0"
"5.229903536977492","3.1066995976824027E-6","0.1912081155856133","0.0","4","9","false","韓君璧人","10.0","0","4","0","0.9016301503028491","false","0","韓君璧人","12","1.0"
"4.577170418006431","0.030570173610469226","0.21847558833860203","0.0","6","8","false","韓山曦","23.166666666666668","0","6","0","0.9168099902789202","false","0","韓山曦","1873722","0.3757062146892655"
"4.940514469453376","0.0","0.20240807028961927","0.0","1","8","false","韓山羲","17.0","0","1","0","0.9083601286173634","false","0","韓山羲","0","0.0"
"5.770096463022508","3.451888441869336E-7","0.1733073279465032","0.0","2","10","false","韓芝根","15.0","0","2","0","0.8890675241157555","false","0","韓芝根","2","1.0"
"1.9166666666666667","0.0","0.5217391304347826","0.0","1","2","false","章善","12.0","0","1","0","0.9236111111111112","false","0","章善","0","0.0"
"5.184887459807074","2.25123159252348E-6","0.19286821705426357","0.0","5","9","false","章廷樞","23.0","0","5","0","0.9026770358184402","false","0","章廷樞","20","1.0"
"6.085209003215434","0.0","0.164332892998679","0.0","1","10","false","韾萃","10.0","0","1","0","0.8817393255066178","false","0","韾萃","0","0.0"
"3.982315112540193","0.01629242751763119","0.2511102139685103","0.0","10","8","false","顧勉夫","23.8","0","10","0","0.9306438345920885","false","0","顧勉夫","592306","0.34545454545454546"
"5.721864951768489","0.006433739806902134","0.17476819331272828","0.0","16","10","false","顧敬齋","12.9375","0","16","0","0.8901891871681747","false","0","顧敬齋","3958124","0.32263513513513514"
"1.75","0.003289473684210526","0.5714285714285714","0.0","5","2","false","顧潤","16.0","0","5","0","0.953125","false","0","顧潤","20","1.0"
"5.34887459807074","1.7259442209346678E-6","0.1869552149083258","0.0","4","10","false","馬玉田","18.0","0","4","0","0.8988633814402154","false","0","馬玉田","12","1.0"
"5.184887459807074","2.25123159252348E-6","0.19286821705426357","0.0","5","9","false","馮開勳","23.0","0","5","0","0.9026770358184402","false","0","馮開勳","20","1.0"
"1.6923076923076923","0.007692307692307694","0.5909090909090909","0.0","4","2","false","高澤溥","10.0","0","4","0","0.9307692307692308","false","0","高澤溥","12","1.0"
"4.97588424437299","0.0","0.20096930533117932","0.0","1","9","false","魏光燾","22.0","0","1","0","0.907537575712256","false","0","魏光燾","0","0.0"
"5.406752411575563","5.177832662804004E-7","0.18495391019922688","0.0","2","8","false","魯麟","10.0","0","2","0","0.8975173857773125","false","0","魯麟","2","1.0"
"6.567524115755627","0.0","0.15226438188494493","0.0","1","10","false","麥君","17.0","0","1","0","0.8705226949824273","false","0","麥君","0","0.0"
"4.744372990353698","5.125480450299183E-5","0.2107760081328363","0.0","2","8","false","麥培德堂","14.5","0","2","0","0.9129215583638676","false","0","麥培德堂","928","0.75"
"5.34887459807074","1.7259442209346678E-6","0.1869552149083258","0.0","4","10","false","黃佐","18.0","0","4","0","0.8988633814402154","false","0","黃佐","12","1.0"
"3.8215434083601285","0.012377760862818436","0.26167437946992006","0.0","12","8","false","黃佐卿","24.75","0","12","0","0.9343827114334854","false","0","黃佐卿","789980","0.28273809523809523"
"6.522508038585209","0.0","0.15331525757949224","0.0","1","10","false","黃司馬","14.0","0","1","0","0.8715695804980185","false","0","黃司馬","0","0.0"
"5.397106109324759","0.0","0.18528448019064642","0.0","1","9","false","黃晴軒","28.0","0","1","0","0.8977417183877963","false","0","黃晴軒","0","0.0"
"4.744372990353698","0.0010031539593560548","0.2107760081328363","0.0","6","8","false","黄佐卿","19.833333333333332","0","6","0","0.9129215583638676","false","0","黄佐卿","230982","0.37666666666666665"
"5.197749196141479","0.0","0.19239096814104548","0.0","1","8","false","黄君春甫","29.0","0","1","0","0.9023779256711284","false","0","黄君春甫","0","0.0"
"4.821543408360129","1.227821331209712E-4","0.20740246748916305","0.0","4","9","false","黄在善","14.0","0","4","0","0.911126897479997","false","0","黄在善","1578","0.41935483870967744"
"4.805466237942122","4.6549994534160114E-4","0.20809635329541654","0.0","7","9","false","黄宗憲","10.571428571428571","0","7","0","0.9115007851641367","false","0","黄宗憲","4422","0.29004329004329005"
"5.197749196141479","0.0","0.19239096814104548","0.0","1","8","false","黄崧生","29.0","0","1","0","0.9023779256711284","false","0","黄崧生","0","0.0"
"4.413183279742765","3.106699597682402E-6","0.2265938069216758","0.0","6","8","false","黄振","25.0","0","6","0","0.920623644657145","false","0","黄振","30","1.0"
"4.413183279742765","3.106699597682402E-6","0.2265938069216758","0.0","6","8","false","黄晴軒","25.0","0","6","0","0.920623644657145","false","0","黄晴軒","30","1.0"
"5.361736334405145","3.236145414252502E-7","0.18650674662668665","0.0","2","10","false","黄省三","16.0","0","2","0","0.8985642712929036","false","0","黄省三","2","1.0"
"6.085209003215434","0.0","0.164332892998679","0.0","1","10","false","黄福","10.0","0","1","0","0.8817393255066178","false","0","黄福","0","0.0"
"5.184887459807074","2.25123159252348E-6","0.19286821705426357","0.0","5","9","false","黄維嵩","23.0","0","5","0","0.9026770358184402","false","0","黄維嵩","20","1.0"
"4.831189710610932","0.0","0.20698835274542432","0.0","1","9","false","黄緜","32.0","0","1","0","0.9109025648695133","false","0","黄緜","0","0.0"
"5.686495176848875","0.0","0.17585524455753462","0.0","1","10","false","黎煥庭","34.0","0","1","0","0.891011740073282","false","0","黎煥庭","0","0.0"
"4.744372990353698","5.125480450299183E-5","0.2107760081328363","0.0","2","8","false","黎耀臣","14.5","0","2","0","0.9129215583638676","false","0","黎耀臣","928","0.75"
"6.541800643086817","2.8770943483815906E-5","0.152863111329565","0.0","9","10","false","鼎臣","13.444444444444445","0","9","0","0.8711209152770508","false","0","鼎臣","184","0.7777777777777778"
"5.184887459807074","2.25123159252348E-6","0.19286821705426357","0.0","5","9","false","齊憬琛","23.0","0","5","0","0.9026770358184402","false","0","齊憬琛","20","1.0"
"1.6923076923076923","0.007692307692307694","0.5909090909090909","0.0","4","2","false","龍度言","10.0","0","4","0","0.9307692307692308","false","0","龍度言","12","1.0"
"4.97588424437299","0.0","0.20096930533117932","0.0","1","9","false","龍魁","22.0","0","1","0","0.907537575712256","false","0","龍魁","0","0.0"
"5.361736334405145","3.236145414252502E-7","0.18650674662668665","0.0","2","10","false","龔府復","16.0","0","2","0","0.8985642712929036","false","0","龔府復","2","1.0"
