"AverageShortestPathLength","BetweennessCentrality","ClosenessCentrality","ClusteringCoefficient","Degree","Eccentricity","IsSingleNode","name","NeighborhoodConnectivity","NumberOfDirectedEdges","NumberOfUndirectedEdges","PartnerOfMultiEdgedNodePairs","Radiality","selected","SelfLoops","shared name","Stress","TopologicalCoefficient","Type"
"4.10291892","1.3E-6","0.24372892","0.0","2","7","false","兪宗","17.5","2","0","0","0.65523123","false","0","兪宗","10114","0.825","PERSON"
"3.97621622","1.794E-5","0.25149538","0.0","3","6","false","周君","16.0","3","0","0","0.66930931","false","0","周君","117098","0.46875","PERSON"
"3.49535135","3.3E-6","0.28609427","0.0","2","7","false","韓少懷","513.5","2","0","0","0.72273874","false","0","韓少懷","7474","0.51147705","PERSON"
"3.19308108","0.0023","0.31317714","0.0","24","7","false","四明公所分醫局","63.75","24","0","0","0.75632432","false","0","四明公所分醫局","8156632","0.10763293","ORG"
"3.49535135","3.3E-6","0.28609427","0.0","2","7","false","岑仰良","513.5","2","0","0","0.72273874","false","0","岑仰良","7474","0.51147705","PERSON"
"3.12475676","7.926E-4","0.32002491","0.0","47","7","false","根壽堂","48.9787234","47","0","0","0.76391592","false","0","根壽堂","11343260","0.07531982","ORG"
"3.49535135","3.3E-6","0.28609427","0.0","2","7","false","周少農","513.5","2","0","0","0.72273874","false","0","周少農","7474","0.51147705","PERSON"
"3.49535135","3.3E-6","0.28609427","0.0","3","7","false","朱竹坪","513.5","3","0","1","0.72273874","false","0","朱竹坪","7474","0.51147705","PERSON"
"3.49535135","3.3E-6","0.28609427","0.0","2","7","false","張紫棠","513.5","2","0","0","0.72273874","false","0","張紫棠","7474","0.51147705","PERSON"
"3.49535135","3.3E-6","0.28609427","0.0","2","7","false","吳伯章","513.5","2","0","0","0.72273874","false","0","吳伯章","7474","0.51147705","PERSON"
"3.49535135","3.3E-6","0.28609427","0.0","2","7","false","朱芸齋","513.5","2","0","0","0.72273874","false","0","朱芸齋","7474","0.51147705","PERSON"
"3.88064865","4.6787E-4","0.25768888","0.0","13","6","false","葉樹德堂","33.61538462","13","0","0","0.67992793","false","0","葉樹德堂","16919898","0.16725838","ORG"
"3.49535135","3.3E-6","0.28609427","0.0","4","7","false","李文瀾","513.5","4","0","1","0.72273874","false","0","李文瀾","7474","0.51147705","PERSON"
"3.49535135","3.3E-6","0.28609427","0.0","3","7","false","岑曙嵐","513.5","3","0","1","0.72273874","false","0","岑曙嵐","7474","0.51147705","PERSON"
"3.49535135","3.3E-6","0.28609427","0.0","3","7","false","陳偉生","513.5","3","0","1","0.72273874","false","0","陳偉生","7474","0.51147705","PERSON"
"3.49535135","3.3E-6","0.28609427","0.0","3","7","false","吕孟卿","513.5","3","0","1","0.72273874","false","0","吕孟卿","7474","0.51147705","PERSON"
"3.49535135","3.3E-6","0.28609427","0.0","3","7","false","李君意","513.5","3","0","1","0.72273874","false","0","李君意","7474","0.51147705","PERSON"
"4.09210811","8.8308E-4","0.24437282","0.0","42","7","false","董事","11.82926829","42","0","1","0.65643243","false","0","董事","7774678","0.1061693","ORG"
"3.49535135","3.3E-6","0.28609427","0.0","2","7","false","巢仰峰","513.5","2","0","0","0.72273874","false","0","巢仰峰","7474","0.51147705","PERSON"
"3.49535135","3.3E-6","0.28609427","0.0","3","7","false","徐宗揚","513.5","3","0","1","0.72273874","false","0","徐宗揚","7474","0.51147705","PERSON"
"3.9052973","0.00522264","0.25606245","0.0","24","6","false","四明銀行","16.625","24","0","0","0.67718919","true","0","四明銀行","65179044","0.08680556","ORG"
"4.90508108","0.0","0.20387023","0.0","1","7","false","馮吕卜","24.0","1","0","0","0.5661021","true","0","馮吕卜","0","0.0","PERSON"
"4.45318919","1.342E-5","0.22455817","0.0","3","7","false","孫衡甫","31.33333333","3","0","0","0.61631231","true","0","孫衡甫","192662","0.5617284","PERSON"
"4.90508108","0.0","0.20387023","0.0","1","7","false","嚴漁","24.0","1","0","0","0.5661021","true","0","嚴漁","0","0.0","PERSON"
"4.90508108","0.0","0.20387023","0.0","1","7","false","李嚴孫","24.0","1","0","0","0.5661021","true","0","李嚴孫","0","0.0","PERSON"
"4.90508108","0.0","0.20387023","0.0","1","7","false","傅筱","24.0","1","0","0","0.5661021","true","0","傅筱","0","0.0","PERSON"
"3.13772973","0.00179876","0.31870176","0.0","64","7","false","根義","44.75438596","64","0","7","0.76247447","false","0","根義","35186120","0.06967259","ORG"
"4.90508108","0.0","0.20387023","0.0","1","7","false","葵賚民","24.0","1","0","0","0.5661021","true","0","葵賚民","0","0.0","PERSON"
"4.90508108","0.0","0.20387023","0.0","1","7","false","倪寳田","24.0","1","0","0","0.5661021","true","0","倪寳田","0","0.0","PERSON"
"4.90508108","0.0","0.20387023","0.0","1","7","false","蘇寳善","24.0","1","0","0","0.5661021","true","0","蘇寳善","0","0.0","PERSON"
"4.90508108","0.0","0.20387023","0.0","1","7","false","沈洪來","24.0","1","0","0","0.5661021","true","0","沈洪來","0","0.0","PERSON"
"4.90508108","0.0","0.20387023","0.0","1","7","false","劉梯青","24.0","1","0","0","0.5661021","true","0","劉梯青","0","0.0","PERSON"
"3.10356757","0.00963051","0.32220984","0.0","40","7","false","董事局","26.275","40","0","0","0.76627027","false","0","董事局","24552320","0.03835357","ORG"
"4.90508108","0.0","0.20387023","0.0","1","7","false","朱説記","24.0","1","0","0","0.5661021","true","0","朱説記","0","0.0","PERSON"
"4.54702703","1.412E-5","0.21992392","0.0","8","7","false","嚴漁三","7.25","8","0","0","0.60588589","true","0","嚴漁三","254330","0.24038462","PERSON"
"4.90508108","0.0","0.20387023","0.0","1","7","false","傳筱","24.0","1","0","0","0.5661021","true","0","傳筱","0","0.0","PERSON"
"3.2","2.4661E-4","0.3125","0.0","11","7","false","四明長生同仁會","109.45454545","11","0","0","0.75555556","false","0","四明長生同仁會","2130856","0.18444651","ORG"
"3.30897297","0.00339892","0.30220857","0.0","27","6","false","徐文明","85.69230769","27","0","1","0.74344745","false","0","徐文明","28638646","0.06791685","PERSON"
"3.20432432","1.2847E-4","0.31207827","0.0","8","7","false","一恕堂","179.25","8","0","0","0.75507508","false","0","一恕堂","1165956","0.30679862","ORG"
"4.01081081","8.12E-6","0.24932615","0.0","3","8","false","翁痌瘝","47.66666667","3","0","0","0.66546547","false","0","翁痌瘝","100562","0.37037037","PERSON"
"2.80605405","0.03428288","0.35637232","0.0","310","6","false","嚴信厚","31.98461538","310","0","25","0.79932733","false","0","嚴信厚","169307404","0.0151811","PERSON"
"3.15848649","0.0031724","0.31660734","0.0","105","6","false","龔心銘","53.90697674","105","0","10","0.76016817","false","0","龔心銘","37058090","0.03599114","PERSON"
"2.75848649","0.03275876","0.36251764","0.0","232","6","false","施則敬","45.57297297","232","0","25","0.80461261","false","0","施則敬","203662282","0.02005984","PERSON"
"2.21837838","0.31765279","0.45077973","0.0","687","6","false","朱葆三","25.92294221","687","0","57","0.86462462","true","0","朱葆三","1147580638","0.00812616","PERSON"
"3.21513514","9.502E-5","0.31102892","0.0","8","7","false","四明長生會","151.375","8","0","0","0.75387387","false","0","四明長生會","251534","0.26381579","ORG"
"3.10832432","0.00735434","0.32171675","0.0","158","6","false","唐榮俊","39.30147059","158","0","12","0.76574174","false","0","唐榮俊","51538124","0.02548335","PERSON"
"2.94010811","0.01287219","0.34012355","0.0","205","6","false","葉貽釗","44.7245509","205","0","18","0.78443243","false","0","葉貽釗","125358984","0.02381511","PERSON"
"3.59610811","0.00827598","0.2780784","0.0","51","6","false","朱葆三 君","28.7173913","51","0","4","0.71154354","true","0","朱葆三 君","63383782","0.04558781","PERSON"
"3.82183784","3.77E-5","0.26165422","0.0","2","7","false","三三七九","83.5","2","0","0","0.68646246","false","0","三三七九","536116","0.55369128","ORG"
"2.86054054","0.07661704","0.34958428","0.0","127","6","false","沈仲禮","32.67768595","127","0","5","0.79327327","true","0","沈仲禮","537719454","0.01563558","PERSON"
"3.87805405","1.2681E-4","0.25786128","0.0","9","7","false","蔚霞","35.55555556","9","0","0","0.68021622","false","0","蔚霞","2941032","0.19746032","PERSON"
"4.58032432","4.982E-5","0.21832515","0.0","18","7","false","四維堂","11.27777778","18","0","0","0.60218619","false","0","四維堂","132884","0.20975057","ORG"
"3.37340541","2.7957E-4","0.29643635","0.0","18","7","false","祝蘭","114.21428571","18","0","2","0.73628829","false","0","祝蘭","2033388","0.0970963","PERSON"
"3.19610811","7.601E-5","0.31288053","0.0","12","7","false","三井","105.25","12","0","0","0.75598799","false","0","三井","872170","0.17521008","ORG"
"3.87805405","1.2681E-4","0.25786128","0.0","9","7","false","夏厘士","35.55555556","9","0","0","0.68021622","false","0","夏厘士","2941032","0.19746032","PERSON"
"3.36864865","3.9002E-4","0.29685494","0.0","21","7","false","周兆詠","107.84210526","21","0","2","0.73681682","false","0","周兆詠","4060356","0.08750377","PERSON"
"3.87805405","1.2681E-4","0.25786128","0.0","9","7","false","何明生君","35.55555556","9","0","0","0.68021622","false","0","何明生君","2941032","0.19746032","PERSON"
"3.18918919","0.00313295","0.31355932","0.0","131","7","false","陳善亭","53.94174757","131","0","14","0.75675676","false","0","陳善亭","50233150","0.03730919","PERSON"
"3.87805405","1.2681E-4","0.25786128","0.0","9","7","false","陳振聲君","35.55555556","9","0","0","0.68021622","false","0","陳振聲君","2941032","0.19746032","PERSON"
"3.44216216","9.294E-5","0.29051508","0.0","6","7","false","李雪慶","205.0","6","0","0","0.72864865","false","0","李雪慶","529068","0.18959108","PERSON"
"3.87805405","1.2681E-4","0.25786128","0.0","9","7","false","王竹銘君","35.55555556","9","0","0","0.68021622","false","0","王竹銘君","2941032","0.19746032","PERSON"
"3.28302703","8.3355E-4","0.30459694","0.0","42","7","false","韓山","77.03125","42","0","4","0.74633033","false","0","韓山","9461400","0.05848558","PERSON"
"3.87805405","1.2681E-4","0.25786128","0.0","9","7","false","何立卿君","35.55555556","9","0","0","0.68021622","false","0","何立卿君","2941032","0.19746032","PERSON"
"3.02745946","0.00599461","0.33030996","0.0","112","6","false","徐貫雲","56.27472527","112","0","10","0.77472673","false","0","徐貫雲","66312058","0.03204332","PERSON"
"3.87805405","1.2681E-4","0.25786128","0.0","9","7","false","周仰山君","35.55555556","9","0","0","0.68021622","false","0","周仰山君","2941032","0.19746032","PERSON"
"3.85945946","8.194E-5","0.25910364","0.0","3","7","false","蒙　仕商","46.0","3","0","0","0.68228228","false","0","蒙　仕商","1230670","0.375","ORG"
"3.16367568","0.00466594","0.31608803","0.0","99","7","false","譚幹臣","54.01298701","99","0","9","0.75959159","false","0","譚幹臣","56585360","0.03616166","PERSON"
"3.87805405","1.2681E-4","0.25786128","0.0","9","7","false","唐華九君","35.55555556","9","0","0","0.68021622","false","0","唐華九君","2941032","0.19746032","PERSON"
"3.28086486","9.4306E-4","0.30479768","0.0","33","7","false","胡綏之","74.28571429","33","0","3","0.74657057","false","0","胡綏之","9214560","0.05581547","PERSON"
"3.87805405","1.2681E-4","0.25786128","0.0","9","7","false","賈典記君","35.55555556","9","0","0","0.68021622","false","0","賈典記君","2941032","0.19746032","PERSON"
"3.09621622","8.4896E-4","0.32297486","0.0","61","7","false","蓮笙","52.52459016","61","0","0","0.76708709","false","0","蓮笙","19247848","0.07842403","ORG"
"3.23805405","0.00142498","0.30882746","0.0","61","7","false","陳志雲","60.41176471","61","0","5","0.75132733","false","0","陳志雲","18675864","0.04371727","PERSON"
"3.87805405","1.2681E-4","0.25786128","0.0","9","7","false","周步雲君","35.55555556","9","0","0","0.68021622","false","0","周步雲君","2941032","0.19746032","PERSON"
"3.04389189","0.00459811","0.32852678","0.0","105","7","false","根義堂","40.28125","105","0","8","0.7729009","false","0","根義堂","80996320","0.05751281","ORG"
"3.04475676","0.00914663","0.32843346","0.0","116","7","false","祝大椿","53.75961538","116","0","6","0.7728048","false","0","祝大椿","71469102","0.03121871","PERSON"
"3.87805405","1.2681E-4","0.25786128","0.0","9","7","false","董桂庭君","35.55555556","9","0","0","0.68021622","false","0","董桂庭君","2941032","0.19746032","PERSON"
"3.87805405","1.2681E-4","0.25786128","0.0","9","7","false","唐紀常君","35.55555556","9","0","0","0.68021622","false","0","唐紀常君","2941032","0.19746032","PERSON"
"3.2012973","0.0049849","0.31237336","0.0","105","7","false","韓山曦","61.45783133","105","0","13","0.75541141","false","0","韓山曦","122025592","0.04309183","PERSON"
"3.09621622","8.4896E-4","0.32297486","0.0","61","7","false","三祝","52.52459016","61","0","0","0.76708709","false","0","三祝","19247848","0.07842403","ORG"
"3.87805405","1.2681E-4","0.25786128","0.0","9","7","false","任炳榮君","35.55555556","9","0","0","0.68021622","false","0","任炳榮君","2941032","0.19746032","PERSON"
"3.45383784","4.934E-5","0.28953299","0.0","23","7","false","勉卿","117.69565217","23","0","0","0.72735135","false","0","勉卿","676280","0.11318686","PERSON"
"3.87805405","1.2681E-4","0.25786128","0.0","9","7","false","葉子綬君","35.55555556","9","0","0","0.68021622","false","0","葉子綬君","2941032","0.19746032","PERSON"
"3.24497297","0.00223731","0.30816898","0.0","51","7","false","王竹銘","87.68085106","51","0","4","0.75055856","false","0","王竹銘","33388604","0.06435104","PERSON"
"3.87805405","1.2681E-4","0.25786128","0.0","9","7","false","派加君","35.55555556","9","0","0","0.68021622","false","0","派加君","2941032","0.19746032","PERSON"
"3.45383784","4.934E-5","0.28953299","0.0","23","7","false","吳志記","117.69565217","23","0","0","0.72735135","false","0","吳志記","676280","0.11318686","PERSON"
"3.87805405","1.2681E-4","0.25786128","0.0","9","7","false","楊恆記","35.55555556","9","0","0","0.68021622","false","0","楊恆記","2941032","0.19746032","PERSON"
"3.00151351","0.01350905","0.33316525","0.0","105","7","false","蘇寳森","65.56976744","105","0","10","0.77760961","false","0","蘇寳森","170420150","0.03617354","PERSON"
"3.21297297","2.2028E-4","0.31123822","0.0","13","7","false","國務院","56.61538462","13","0","0","0.75411411","false","0","國務院","654350","0.09757085","ORG"
"3.36345946","4.2838E-4","0.29731293","0.0","28","7","false","王松堂","115.6","28","0","2","0.73739339","false","0","王松堂","4810732","0.10315032","PERSON"
"3.45383784","4.934E-5","0.28953299","0.0","23","7","false","周善士","117.69565217","23","0","0","0.72735135","false","0","周善士","676280","0.11318686","PERSON"
"3.45383784","4.934E-5","0.28953299","0.0","23","7","false","張鴻記","117.69565217","23","0","0","0.72735135","false","0","張鴻記","676280","0.11318686","PERSON"
"3.45383784","4.934E-5","0.28953299","0.0","23","7","false","鐵卿","117.69565217","23","0","0","0.72735135","false","0","鐵卿","676280","0.11318686","PERSON"
"3.05340541","0.01018987","0.32750319","0.0","127","6","false","周湘雲","58.31428571","127","0","10","0.77184384","false","0","周湘雲","147238432","0.03456833","PERSON"
"3.30335135","8.4874E-4","0.30272287","0.0","35","7","false","劉東峰","101.82857143","35","0","0","0.74407207","false","0","劉東峰","18381730","0.08059838","PERSON"
"3.45383784","4.934E-5","0.28953299","0.0","23","7","false","何罔極","117.69565217","23","0","0","0.72735135","false","0","何罔極","676280","0.11318686","PERSON"
"4.58032432","4.982E-5","0.21832515","0.0","18","7","false","園君","11.27777778","18","0","0","0.60218619","false","0","園君","132884","0.20975057","ORG"
"3.45383784","4.934E-5","0.28953299","0.0","23","7","false","子復泰","117.69565217","23","0","0","0.72735135","false","0","子復泰","676280","0.11318686","PERSON"
"3.45081081","2.3378E-4","0.28978697","0.0","32","7","false","陳子敬","97.13333333","32","0","2","0.72768769","false","0","陳子敬","4687068","0.09324281","PERSON"
"3.21643243","0.00171464","0.31090347","0.0","32","7","false","蘇成記","118.20689655","32","0","3","0.75372973","false","0","蘇成記","13175282","0.07930101","PERSON"
"3.45383784","4.934E-5","0.28953299","0.0","23","7","false","章明甫","117.69565217","23","0","0","0.72735135","false","0","章明甫","676280","0.11318686","PERSON"
"3.00367568","0.005283","0.33292542","0.0","69","7","false","趙馥疇","83.05357143","69","0","7","0.77736937","false","0","趙馥疇","41835848","0.04461858","PERSON"
"3.15675676","0.00820351","0.31678082","0.0","67","6","false","朱衡齋","84.45","67","0","5","0.76036036","false","0","朱衡齋","92117540","0.05515532","PERSON"
"3.45383784","4.934E-5","0.28953299","0.0","23","7","false","阿瑞棠","117.69565217","23","0","0","0.72735135","false","0","阿瑞棠","676280","0.11318686","PERSON"
"3.38551351","0.00557957","0.29537617","0.0","26","7","false","徐乾麟","108.57692308","26","0","0","0.73494294","false","0","徐乾麟","39273404","0.09744287","PERSON"
"3.45383784","4.934E-5","0.28953299","0.0","23","7","false","葉鐵卿","117.69565217","23","0","0","0.72735135","false","0","葉鐵卿","676280","0.11318686","PERSON"
"3.872","2.747E-5","0.25826446","0.0","4","6","false","鑒頃","49.5","4","0","0","0.68088889","false","0","鑒頃","118958","0.32550336","PERSON"
"3.45383784","4.934E-5","0.28953299","0.0","23","7","false","殷侣樵","117.69565217","23","0","0","0.72735135","false","0","殷侣樵","676280","0.11318686","PERSON"
"3.20302703","6.6884E-4","0.31220467","0.0","15","7","false","土政府","46.26666667","15","0","0","0.75521922","false","0","土政府","3110492","0.07872464","ORG"
"3.43264865","0.00109396","0.29132023","0.0","27","7","false","葉愼齋","102.55555556","27","0","0","0.72970571","false","0","葉愼齋","9629594","0.09553674","PERSON"
"3.872","2.747E-5","0.25826446","0.0","4","6","false","鑒泗","49.5","4","0","0","0.68088889","false","0","鑒泗","118958","0.32550336","PERSON"
"3.45383784","4.934E-5","0.28953299","0.0","23","7","false","張茂章","117.69565217","23","0","0","0.72735135","false","0","張茂章","676280","0.11318686","PERSON"
"3.23286486","0.0013255","0.30932317","0.0","24","7","false","唐虞卿","131.125","24","0","0","0.7519039","false","0","唐虞卿","8526842","0.0900519","PERSON"
"3.83610811","6.3129E-4","0.26068087","0.0","9","6","false","德皇","39.66666667","9","0","0","0.68487688","false","0","德皇","11364808","0.17185185","PERSON"
"3.31372973","0.0049749","0.30177476","0.0","44","7","false","葉鴻英","86.71052632","44","0","5","0.74291892","false","0","葉鴻英","139475274","0.07294513","PERSON"
"3.872","2.747E-5","0.25826446","0.0","4","6","false","奥谷斯特韋廉","49.5","4","0","0","0.68088889","false","0","奥谷斯特韋廉","118958","0.32550336","PERSON"
"3.36345946","4.2838E-4","0.29731293","0.0","25","7","false","傅筱安","115.6","25","0","0","0.73739339","false","0","傅筱安","4810732","0.10315032","PERSON"
"3.65708108","0.00273958","0.27344212","0.0","44","7","false","蘇商體育會","9.43181818","44","0","0","0.70476877","false","0","蘇商體育會","51458404","0.06799853","ORG"
"3.872","2.747E-5","0.25826446","0.0","4","6","false","維多利亞魯易","49.5","4","0","0","0.68088889","false","0","維多利亞魯易","118958","0.32550336","PERSON"
"3.33578378","0.00501364","0.29977962","0.0","57","7","false","王海帆","77.34","57","0","5","0.74046847","false","0","王海帆","60344364","0.06393635","PERSON"
"3.08237838","0.0034432","0.3244248","0.0","30","7","false","陳幼香","120.43333333","30","0","0","0.76862462","true","0","陳幼香","27803766","0.07113361","PERSON"
"3.872","2.747E-5","0.25826446","0.0","4","6","false","周自齊","49.5","4","0","0","0.68088889","false","0","周自齊","118958","0.32550336","PERSON"
"3.43697297","0.00106249","0.2909537","0.0","26","7","false","周俊生","106.76923077","26","0","0","0.72922523","false","0","周俊生","33284366","0.10063676","PERSON"
"3.872","2.747E-5","0.25826446","0.0","4","6","false","祺瑞","49.5","4","0","0","0.68088889","false","0","祺瑞","118958","0.32550336","PERSON"
"3.40756757","5.2365E-4","0.29346447","0.0","25","7","false","周仰山","109.88","25","0","0","0.73249249","false","0","周仰山","9917642","0.10389313","PERSON"
"3.872","2.747E-5","0.25826446","0.0","4","6","false","胡惟德","49.5","4","0","0","0.68088889","false","0","胡惟德","118958","0.32550336","PERSON"
"3.45383784","4.934E-5","0.28953299","0.0","23","7","false","朱琪祥","117.69565217","23","0","0","0.72735135","false","0","朱琪祥","676280","0.11318686","PERSON"
"3.872","2.747E-5","0.25826446","0.0","4","6","false","烏珍","49.5","4","0","0","0.68088889","false","0","烏珍","118958","0.32550336","PERSON"
"3.34616216","4.8384E-4","0.29884983","0.0","25","7","false","陳泮林","116.64","25","0","0","0.73931532","false","0","陳泮林","8495136","0.09909169","PERSON"
"3.872","2.747E-5","0.25826446","0.0","4","6","false","曹汝霖","49.5","4","0","0","0.68088889","false","0","曹汝霖","118958","0.32550336","PERSON"
"3.45383784","4.934E-5","0.28953299","0.0","23","7","false","曹昌猷","117.69565217","23","0","0","0.72735135","false","0","曹昌猷","676280","0.11318686","PERSON"
"3.09275676","0.00127564","0.32333613","0.0","73","7","false","培德堂","51.23188406","73","0","4","0.76747147","false","0","培德堂","22999788","0.07645644","ORG"
"3.45383784","4.934E-5","0.28953299","0.0","23","7","false","沈察甫","117.69565217","23","0","0","0.72735135","false","0","沈察甫","676280","0.11318686","PERSON"
"3.45383784","4.934E-5","0.28953299","0.0","23","7","false","朱仲弼","117.69565217","23","0","0","0.72735135","false","0","朱仲弼","676280","0.11318686","PERSON"
"3.43827027","0.00194287","0.29084392","0.0","30","7","false","唐華九","91.36666667","30","0","0","0.72908108","false","0","唐華九","24831734","0.08731079","PERSON"
"3.45383784","4.934E-5","0.28953299","0.0","23","7","false","康錫章","117.69565217","23","0","0","0.72735135","false","0","康錫章","676280","0.11318686","PERSON"
"3.45383784","4.934E-5","0.28953299","0.0","23","7","false","錢坤瑜","117.69565217","23","0","0","0.72735135","false","0","錢坤瑜","676280","0.11318686","PERSON"
"3.22724324","0.00187069","0.30986199","0.0","52","7","false","何立卿","92.71111111","52","0","5","0.75252853","false","0","何立卿","26704300","0.06650552","PERSON"
"3.32583784","0.00242454","0.30067611","0.0","38","7","false","孫楚琴","99.48571429","38","0","3","0.74157357","false","0","孫楚琴","32967712","0.08304023","PERSON"
"3.30335135","8.4874E-4","0.30272287","0.0","35","7","false","陳靜齋","101.82857143","35","0","0","0.74407207","false","0","陳靜齋","18381730","0.08059838","PERSON"
"3.45383784","4.934E-5","0.28953299","0.0","24","7","false","譚同興","117.69565217","24","0","1","0.72735135","false","0","譚同興","676280","0.11318686","PERSON"
"3.45383784","4.934E-5","0.28953299","0.0","23","7","false","朱仲記","117.69565217","23","0","0","0.72735135","false","0","朱仲記","676280","0.11318686","PERSON"
"3.45383784","4.934E-5","0.28953299","0.0","23","7","false","顧企安","117.69565217","23","0","0","0.72735135","false","0","顧企安","676280","0.11318686","PERSON"
"3.45383784","4.934E-5","0.28953299","0.0","23","7","false","楊慶和","117.69565217","23","0","0","0.72735135","false","0","楊慶和","676280","0.11318686","PERSON"
"3.45383784","4.934E-5","0.28953299","0.0","23","7","false","袁氣大","117.69565217","23","0","0","0.72735135","false","0","袁氣大","676280","0.11318686","PERSON"
"3.45383784","4.934E-5","0.28953299","0.0","23","7","false","朱維新","117.69565217","23","0","0","0.72735135","false","0","朱維新","676280","0.11318686","PERSON"
"3.40194595","0.00179962","0.29394941","0.0","41","7","false","邵榮椿","84.95","41","0","1","0.73311712","false","0","邵榮椿","20314302","0.07502234","PERSON"
"3.21297297","2.7974E-4","0.31123822","0.0","10","7","false","蘇垣恆孚銀樓","111.4","10","0","0","0.75411411","false","0","蘇垣恆孚銀樓","1036836","0.19267016","ORG"
"3.45383784","4.934E-5","0.28953299","0.0","23","7","false","錢庠","117.69565217","23","0","0","0.72735135","false","0","錢庠","676280","0.11318686","PERSON"
"4.37578378","2.579E-5","0.22853049","0.0","14","7","false","格羅","30.71428571","14","0","0","0.62491291","false","0","格羅","131432","0.32653061","ORG"
"3.29859459","9.4728E-4","0.30315941","0.0","64","7","false","梁煥南","75.38888889","64","0","4","0.7446006","false","0","梁煥南","13408330","0.05932128","PERSON"
"3.45383784","4.934E-5","0.28953299","0.0","23","7","false","鄭應肇棠","117.69565217","23","0","0","0.72735135","false","0","鄭應肇棠","676280","0.11318686","PERSON"
"3.45383784","4.934E-5","0.28953299","0.0","23","7","false","毛祝三","117.69565217","23","0","0","0.72735135","false","0","毛祝三","676280","0.11318686","PERSON"
"3.45383784","4.934E-5","0.28953299","0.0","23","7","false","張桂卿","117.69565217","23","0","0","0.72735135","false","0","張桂卿","676280","0.11318686","PERSON"
"3.21254054","2.8707E-4","0.31128012","0.0","14","7","false","蘇垣恒孚銀樓","91.14285714","14","0","0","0.75416216","false","0","蘇垣恒孚銀樓","579468","0.15814536","ORG"
"3.27740541","0.00182664","0.30511941","0.0","91","7","false","周鴻孫","59.39240506","91","0","7","0.74695495","false","0","周鴻孫","25999128","0.04427021","PERSON"
"3.21427027","1.7812E-4","0.31111261","0.0","10","7","false","梁溪集慶堂","123.4","10","0","0","0.75396997","false","0","梁溪集慶堂","712614","0.21473684","ORG"
"3.62205405","1.0328E-4","0.27608644","0.0","7","7","false","葛蕃甫","113.83333333","7","0","1","0.70866066","false","0","葛蕃甫","1093962","0.20403858","PERSON"
"3.21037838","5.5909E-4","0.31148976","0.0","19","7","false","三角洋貨公","76.26315789","19","0","0","0.7544024","false","0","三角洋貨公","1035786","0.13204063","ORG"
"3.62335135","8.057E-5","0.27598759","0.0","4","7","false","汪仲安","215.66666667","4","0","1","0.70851652","false","0","汪仲安","1011030","0.38818565","PERSON"
"3.62335135","8.057E-5","0.27598759","0.0","3","7","false","吳乾源","215.66666667","3","0","0","0.70851652","false","0","吳乾源","1011030","0.38818565","PERSON"
"3.17102703","0.00154333","0.31535524","0.0","6","7","false","莫名","281.0","6","0","0","0.75877477","false","0","莫名","5080708","0.18348624","PERSON"
"3.18918919","3.7963E-4","0.31355932","0.0","11","7","false","蘇州商務總會","62.90909091","11","0","0","0.75675676","false","0","蘇州商務總會","1436628","0.10199191","ORG"
"3.62335135","8.057E-5","0.27598759","0.0","3","7","false","李氏求","215.66666667","3","0","0","0.70851652","false","0","李氏求","1011030","0.38818565","PERSON"
"3.21210811","2.441E-4","0.31132202","0.0","15","7","false","梅花館","75.73333333","15","0","0","0.75421021","false","0","梅花館","757966","0.13111111","ORG"
"3.62335135","8.057E-5","0.27598759","0.0","3","7","false","汪致慶","215.66666667","3","0","0","0.70851652","false","0","汪致慶","1011030","0.38818565","PERSON"
"3.62335135","8.057E-5","0.27598759","0.0","3","7","false","潤濤大和","215.66666667","3","0","0","0.70851652","false","0","潤濤大和","1011030","0.38818565","PERSON"
"3.49405405","3.14E-6","0.2862005","0.0","3","7","false","陳寳初","382.0","3","0","0","0.72288288","false","0","陳寳初","20446","0.37948207","PERSON"
"3.62335135","8.057E-5","0.27598759","0.0","3","7","false","賀棟生","215.66666667","3","0","0","0.70851652","false","0","賀棟生","1011030","0.38818565","PERSON"
"3.49405405","3.14E-6","0.2862005","0.0","3","7","false","江守玉","382.0","3","0","0","0.72288288","false","0","江守玉","20446","0.37948207","PERSON"
"3.62335135","8.057E-5","0.27598759","0.0","3","7","false","朱門","215.66666667","3","0","0","0.70851652","false","0","朱門","1011030","0.38818565","PERSON"
"3.49275676","2.017E-5","0.2863068","0.0","6","7","false","鮑維泉","197.5","6","0","0","0.72302703","false","0","鮑維泉","51760","0.19571713","PERSON"
"3.62335135","8.057E-5","0.27598759","0.0","3","7","false","蘇垣恒孚","215.66666667","3","0","0","0.70851652","false","0","蘇垣恒孚","1011030","0.38818565","PERSON"
"3.20475676","5.8194E-4","0.31203616","0.0","18","7","false","蘇州立興輸局","84.0","18","0","0","0.75502703","false","0","蘇州立興輸局","1552290","0.14535902","ORG"
"3.62335135","8.057E-5","0.27598759","0.0","3","7","false","汪炳勳","215.66666667","3","0","0","0.70851652","false","0","汪炳勳","1011030","0.38818565","PERSON"
"3.49405405","3.14E-6","0.2862005","0.0","3","7","false","葉新施","382.0","3","0","0","0.72288288","false","0","葉新施","20446","0.37948207","PERSON"
"3.13037838","0.00222859","0.3194502","0.0","27","7","false","無名","105.55","27","0","2","0.76329129","false","0","無名","7875878","0.06509963","PERSON"
"3.49405405","3.14E-6","0.2862005","0.0","3","7","false","張幼山","382.0","3","0","0","0.72288288","false","0","張幼山","20446","0.37948207","PERSON"
"3.90443243","0.00114808","0.25611917","0.0","17","7","false","棗强人敎練處","8.52941176","17","0","0","0.67728529","false","0","棗强人敎練處","9488816","0.15686275","ORG"
"3.48540541","0.0016981","0.28691067","0.0","92","7","false","楊廷杲","25.25641026","92","0","5","0.72384384","false","0","楊廷杲","8183572","0.03117791","PERSON"
"3.19437838","0.01309943","0.31304995","0.0","135","6","false","陳作霖","27.56097561","135","0","7","0.75618018","true","0","陳作霖","61399224","0.02027555","PERSON"
"3.38162162","0.00454475","0.29571611","0.0","113","7","false","焦發昱","26.02","113","0","7","0.73537538","false","0","焦發昱","26037310","0.02568789","PERSON"
"4.20194595","5.7E-7","0.23798497","0.0","4","8","false","奉滬道","12.25","4","0","0","0.64422823","false","0","奉滬道","138","0.41666667","PERSON"
"3.21254054","3.6407E-4","0.31128012","0.0","7","7","false","塘工","100.57142857","7","0","0","0.75416216","false","0","塘工","1470714","0.17346939","ORG"
"3.49362162","0.00168987","0.28623592","0.0","82","7","false","劉芬","23.34246575","82","0","3","0.72293093","false","0","劉芬","7700402","0.02924407","PERSON"
"4.20194595","5.7E-7","0.23798497","0.0","4","8","false","李鍾玨","12.25","4","0","0","0.64422823","false","0","李鍾玨","138","0.41666667","PERSON"
"3.49405405","1.423E-5","0.2862005","0.0","5","7","false","王文科","219.0","5","0","0","0.72288288","false","0","王文科","30676","0.21756487","PERSON"
"3.20605405","5.8219E-4","0.3119099","0.0","23","7","false","三鳳堂","63.82608696","23","0","0","0.75488288","false","0","三鳳堂","1759322","0.10907307","ORG"
"3.49405405","1.423E-5","0.2862005","0.0","5","7","false","柳興逹","219.0","5","0","0","0.72288288","false","0","柳興逹","30676","0.21756487","PERSON"
"3.20562162","3.2289E-4","0.31195198","0.0","16","7","false","蘇州鴻源局","78.0","16","0","0","0.75493093","false","0","蘇州鴻源局","1262028","0.13485114","ORG"
"3.49405405","1.423E-5","0.2862005","0.0","5","7","false","韓紹虞","219.0","5","0","0","0.72288288","false","0","韓紹虞","30676","0.21756487","PERSON"
"3.21254054","3.6407E-4","0.31128012","0.0","7","7","false","塘工善後局","100.57142857","7","0","0","0.75416216","false","0","塘工善後局","1470714","0.17346939","ORG"
"3.49405405","1.423E-5","0.2862005","0.0","5","7","false","宋象奎","219.0","5","0","0","0.72288288","false","0","宋象奎","30676","0.21756487","PERSON"
"3.216","6.628E-5","0.31094527","0.0","6","7","false","棣華堂","168.83333333","6","0","0","0.75377778","false","0","棣華堂","347164","0.29444444","ORG"
"3.49405405","1.423E-5","0.2862005","0.0","5","7","false","張兆祥","219.0","5","0","0","0.72288288","false","0","張兆祥","30676","0.21756487","PERSON"
"3.49405405","1.423E-5","0.2862005","0.0","5","7","false","龔照福","219.0","5","0","0","0.72288288","false","0","龔照福","30676","0.21756487","PERSON"
"3.49405405","1.423E-5","0.2862005","0.0","5","7","false","王保元","219.0","5","0","0","0.72288288","false","0","王保元","30676","0.21756487","PERSON"
"3.12345946","0.00171632","0.32015783","0.0","44","7","false","墛壽堂","38.5","44","0","0","0.76406006","false","0","墛壽堂","15489726","0.05832037","ORG"
"3.21167568","0.00113932","0.31136394","0.0","16","7","false","森昌洋紗號","40.4375","16","0","0","0.75425826","false","0","森昌洋紗號","4510346","0.0691886","ORG"
"3.49405405","1.423E-5","0.2862005","0.0","5","7","false","王義合","219.0","5","0","0","0.72288288","false","0","王義合","30676","0.21756487","PERSON"
"3.49405405","1.423E-5","0.2862005","0.0","5","7","false","熊泰昌","219.0","5","0","0","0.72288288","false","0","熊泰昌","30676","0.21756487","PERSON"
"3.49405405","1.423E-5","0.2862005","0.0","5","7","false","謝子英","219.0","5","0","0","0.72288288","false","0","謝子英","30676","0.21756487","PERSON"
"3.34875676","8.2224E-4","0.29861829","0.0","22","6","false","蘇幫","32.40909091","22","0","0","0.73902703","false","0","蘇幫","12960912","0.08822778","ORG"
"3.49405405","1.423E-5","0.2862005","0.0","5","7","false","王濟清","219.0","5","0","0","0.72288288","false","0","王濟清","30676","0.21756487","PERSON"
"3.49405405","1.423E-5","0.2862005","0.0","5","7","false","朱良生","219.0","5","0","0","0.72288288","false","0","朱良生","30676","0.21756487","PERSON"
"3.49405405","1.423E-5","0.2862005","0.0","5","7","false","羅記衡","219.0","5","0","0","0.72288288","false","0","羅記衡","30676","0.21756487","PERSON"
"3.49405405","1.423E-5","0.2862005","0.0","5","7","false","馬森賣","219.0","5","0","0","0.72288288","false","0","馬森賣","30676","0.21756487","PERSON"
"3.49405405","1.423E-5","0.2862005","0.0","6","7","false","姚樂琴","219.0","6","0","1","0.72288288","false","0","姚樂琴","30676","0.21756487","PERSON"
"3.49405405","1.423E-5","0.2862005","0.0","5","7","false","馬季藩","219.0","5","0","0","0.72288288","false","0","馬季藩","30676","0.21756487","PERSON"
"4.48864865","2.13E-6","0.2227842","0.0","14","8","false","森茂絲廠","4.0","14","0","0","0.61237237","false","0","森茂絲廠","182","1.0","ORG"
"3.37037838","0.00108053","0.29670259","0.0","41","7","false","丁甘仁","70.91666667","41","0","1","0.73662462","false","0","丁甘仁","9287100","0.05900141","PERSON"
"3.35610811","6.987E-4","0.29796418","0.0","34","7","false","龔心釗","60.78787879","34","0","1","0.73821021","false","0","龔心釗","3075032","0.04892625","PERSON"
"4.7987027","1.0E-7","0.20838965","0.0","7","7","false","李君平","20.0","7","0","0","0.57792192","false","0","李君平","42","1.0","PERSON"
"3.80151351","9.208E-4","0.26305312","0.0","20","6","false","上海","15.5","20","0","0","0.68872072","false","0","上海","36321438","0.09863946","ORG"
"4.84367568","1.749E-5","0.20645478","0.0","5","8","false","蘇路","6.4","5","0","0","0.57292492","false","0","蘇路","141692","0.77142857","ORG"
"4.7987027","1.0E-7","0.20838965","0.0","7","7","false","王君一亭","20.0","7","0","0","0.57792192","false","0","王君一亭","42","1.0","PERSON"
"3.54724324","3.7406E-4","0.28190906","0.0","21","7","false","楊議堂","18.38095238","21","0","0","0.71697297","false","0","楊議堂","3939248","0.09819747","ORG"
"4.7987027","1.0E-7","0.20838965","0.0","7","7","false","高君翰","20.0","7","0","0","0.57792192","false","0","高君翰","42","1.0","PERSON"
"4.7987027","1.0E-7","0.20838965","0.0","7","7","false","沈君縵雲","20.0","7","0","0","0.57792192","false","0","沈君縵雲","42","1.0","PERSON"
"3.20216216","0.00165968","0.31228899","0.0","23","7","false","蘇軍","31.34782609","23","0","0","0.75531532","false","0","蘇軍","5337958","0.05287078","ORG"
"4.7987027","1.0E-7","0.20838965","0.0","7","7","false","維爾德君","20.0","7","0","0","0.57792192","false","0","維爾德君","42","1.0","PERSON"
"4.7987027","1.0E-7","0.20838965","0.0","7","7","false","蔡觀","20.0","7","0","0","0.57792192","false","0","蔡觀","42","1.0","PERSON"
"3.76345946","7.6232E-4","0.26571297","0.0","22","7","false","田大令","30.95454545","22","0","0","0.69294895","false","0","田大令","20873532","0.11135519","PERSON"
"3.32540541","0.03233473","0.30071521","0.0","107","6","false","周金箴","26.7254902","107","0","5","0.74162162","true","0","周金箴","399441542","0.02475986","PERSON"
"3.21210811","2.441E-4","0.31132202","0.0","15","7","false","增壽堂","75.73333333","15","0","0","0.75421021","false","0","增壽堂","757966","0.13111111","ORG"
"3.632","0.00235611","0.2753304","0.0","23","6","false","周舜卿","42.30434783","23","0","0","0.70755556","false","0","周舜卿","33038458","0.08587183","PERSON"
"4.7987027","1.0E-7","0.20838965","0.0","7","7","false","顧松泉","20.0","7","0","0","0.57792192","false","0","顧松泉","42","1.0","PERSON"
"4.7987027","1.0E-7","0.20838965","0.0","7","7","false","沈縵雲君","20.0","7","0","0","0.57792192","false","0","沈縵雲君","42","1.0","PERSON"
"4.7987027","1.0E-7","0.20838965","0.0","7","7","false","曹雪賡","20.0","7","0","0","0.57792192","false","0","曹雪賡","42","1.0","PERSON"
"3.92778378","6.3123E-4","0.2545965","0.0","13","7","false","李平書君","27.23076923","13","0","0","0.67469069","false","0","李平書君","7517256","0.14819644","PERSON"
"4.64562162","9.6744E-4","0.21525645","0.0","14","7","false","榮旣翕","6.0","14","0","0","0.59493093","false","0","榮旣翕","13271386","0.27777778","ORG"
"4.7987027","1.0E-7","0.20838965","0.0","7","7","false","吳懷疚","20.0","7","0","0","0.57792192","false","0","吳懷疚","42","1.0","PERSON"
"4.7987027","1.0E-7","0.20838965","0.0","7","7","false","張廷榮君","20.0","7","0","0","0.57792192","false","0","張廷榮君","42","1.0","PERSON"
"4.37578378","2.579E-5","0.22853049","0.0","14","7","false","蘭特而禮和洋行","30.71428571","14","0","0","0.62491291","false","0","蘭特而禮和洋行","131432","0.32653061","ORG"
"4.7987027","1.0E-7","0.20838965","0.0","7","7","false","何範之","20.0","7","0","0","0.57792192","false","0","何範之","42","1.0","PERSON"
"3.21513514","1.4081E-4","0.31102892","0.0","7","7","false","士總稅務司","148.85714286","7","0","0","0.75387387","false","0","士總稅務司","819052","0.25894421","ORG"
"3.76605405","7.4629E-4","0.26552991","0.0","14","6","false","何伯梁","38.14285714","14","0","0","0.69266066","false","0","何伯梁","16679408","0.14976959","PERSON"
"4.7987027","1.0E-7","0.20838965","0.0","7","7","false","何仲吕","20.0","7","0","0","0.57792192","false","0","何仲吕","42","1.0","PERSON"
"4.7987027","1.0E-7","0.20838965","0.0","7","7","false","何季華","20.0","7","0","0","0.57792192","false","0","何季華","42","1.0","PERSON"
"3.90443243","0.00114808","0.25611917","0.0","17","7","false","壽州人又訓練科","8.52941176","17","0","0","0.67728529","false","0","壽州人又訓練科","9488816","0.15686275","ORG"
"3.15027027","6.2011E-4","0.31743308","0.0","30","7","false","榮昌廠","46.33333333","30","0","0","0.76108108","false","0","榮昌廠","6885866","0.07431694","ORG"
"3.21816216","0.0","0.31073636","0.0","1","7","false","上海仁濟南堂","571.0","1","0","0","0.75353754","false","0","上海仁濟南堂","0","0.0","ORG"
"3.20562162","3.2289E-4","0.31195198","0.0","16","7","false","蘭邑恆利局","78.0","16","0","0","0.75493093","false","0","蘭邑恆利局","1262028","0.13485114","ORG"
"3.80064865","1.146E-5","0.26311298","0.0","4","8","false","延少山","118.0","4","0","0","0.68881682","false","0","延少山","18490","0.26651481","PERSON"
"2.80216216","0.13075799","0.35686728","0.0","555","7","false","仁濟善堂","8.32045455","555","0","35","0.79975976","false","0","仁濟善堂","506184394","0.0096069","ORG"
"3.80151351","2.76E-6","0.26305312","0.0","2","8","false","毛二","227.0","2","0","0","0.68872072","false","0","毛二","6148","0.51480638","PERSON"
"3.80151351","2.76E-6","0.26305312","0.0","2","8","false","尹吉儀","227.0","2","0","0","0.68872072","false","0","尹吉儀","6148","0.51480638","PERSON"
"3.71113514","2.7813E-4","0.26945933","0.0","32","8","false","黄宗憲","32.82142857","32","0","1","0.69876276","false","0","黄宗憲","951862","0.05622161","PERSON"
"3.21556757","5.481E-5","0.31098709","0.0","7","7","false","壽康莊","116.42857143","7","0","0","0.75382583","false","0","壽康莊","227208","0.20250627","ORG"
"3.80064865","1.146E-5","0.26311298","0.0","4","8","false","祝少亭","118.0","4","0","0","0.68881682","false","0","祝少亭","18490","0.26651481","PERSON"
"3.80064865","1.146E-5","0.26311298","0.0","4","8","false","云延道","118.0","4","0","0","0.68881682","false","0","云延道","18490","0.26651481","PERSON"
"4.99675676","0.0","0.20012981","0.0","1","9","false","林功溥","18.0","1","0","0","0.55591592","false","0","林功溥","0","0.0","PERSON"
"3.99697297","0.00564504","0.25018933","0.0","18","8","false","蛋業公所","5.55555556","18","0","0","0.667003","false","0","蛋業公所","42453974","0.06416275","ORG"
"3.80064865","1.146E-5","0.26311298","0.0","4","8","false","厚廷泉","118.0","4","0","0","0.68881682","false","0","厚廷泉","18490","0.26651481","PERSON"
"3.2","1.4818E-4","0.3125","0.0","20","7","false","壽昌","71.9","20","0","0","0.75555556","false","0","壽昌","1163582","0.11996616","ORG"
"3.79978378","1.951E-5","0.26317287","0.0","9","8","false","楊廷泉","82.16666667","9","0","1","0.68891291","false","0","楊廷泉","30974","0.1848899","PERSON"
"4.99675676","0.0","0.20012981","0.0","1","9","false","程厚庵","18.0","1","0","0","0.55591592","false","0","程厚庵","0","0.0","PERSON"
"3.65232432","3.1458E-4","0.27379825","0.0","29","7","false","劉芬謹","48.22727273","29","0","2","0.7052973","false","0","劉芬謹","1771948","0.07679231","PERSON"
"4.99675676","0.0","0.20012981","0.0","1","9","false","肇源成","18.0","1","0","0","0.55591592","false","0","肇源成","0","0.0","PERSON"
"4.21535135","0.0","0.23722815","0.0","1","8","false","袁君鏡","7.0","1","0","0","0.64273874","false","0","袁君鏡","0","0.0","PERSON"
"3.21556757","4.749E-4","0.31098709","0.0","7","7","false","上海仁濟育嬰堂","162.0","7","0","0","0.75382583","false","0","上海仁濟育嬰堂","908970","0.28245614","ORG"
"4.79351351","2.777E-5","0.20861525","0.0","20","8","false","榮華齋","3.1","20","0","0","0.5784985","false","0","榮華齋","153520","0.525","ORG"
"4.99675676","0.0","0.20012981","0.0","1","9","false","張源","18.0","1","0","0","0.55591592","false","0","張源","0","0.0","PERSON"
"4.99675676","0.0","0.20012981","0.0","1","9","false","李子","18.0","1","0","0","0.55591592","false","0","李子","0","0.0","PERSON"
"3.79027027","5.888E-5","0.26383343","0.0","7","8","false","楊廷果","87.33333333","7","0","1","0.68996997","false","0","楊廷果","148574","0.18727404","PERSON"
"4.99675676","0.0","0.20012981","0.0","1","9","false","徐文記","18.0","1","0","0","0.55591592","false","0","徐文記","0","0.0","PERSON"
"4.99675676","0.0","0.20012981","0.0","1","9","false","王竹記","18.0","1","0","0","0.55591592","false","0","王竹記","0","0.0","PERSON"
"4.99675676","0.0","0.20012981","0.0","1","9","false","關德升","18.0","1","0","0","0.55591592","false","0","關德升","0","0.0","PERSON"
"4.99675676","0.0","0.20012981","0.0","1","9","false","張慶生","18.0","1","0","0","0.55591592","false","0","張慶生","0","0.0","PERSON"
"4.99675676","0.0","0.20012981","0.0","1","9","false","徐石","18.0","1","0","0","0.55591592","false","0","徐石","0","0.0","PERSON"
"4.03675676","2.01E-6","0.24772362","0.0","5","8","false","張水翁","30.0","5","0","0","0.66258258","false","0","張水翁","4962","0.27619048","PERSON"
"3.17362162","2.9751E-4","0.31509742","0.0","11","7","false","壽萱書屋","131.90909091","11","0","0","0.75848649","false","0","壽萱書屋","4641878","0.21927821","ORG"
"4.99675676","0.0","0.20012981","0.0","1","9","false","葉長","18.0","1","0","0","0.55591592","false","0","葉長","0","0.0","PERSON"
"4.99675676","0.0","0.20012981","0.0","1","9","false","袁衡祚","18.0","1","0","0","0.55591592","false","0","袁衡祚","0","0.0","PERSON"
"4.03675676","2.01E-6","0.24772362","0.0","5","8","false","葛蕃","30.0","5","0","0","0.66258258","false","0","葛蕃","4962","0.27619048","PERSON"
"4.03675676","2.01E-6","0.24772362","0.0","5","8","false","楊葉氏","30.0","5","0","0","0.66258258","false","0","楊葉氏","4962","0.27619048","PERSON"
"3.21124324","3.6641E-4","0.31140587","0.0","18","7","false","槐蔭堂","65.35294118","18","0","1","0.75430631","false","0","槐蔭堂","1320650","0.1128999","ORG"
"4.99675676","0.0","0.20012981","0.0","1","9","false","汪羅氏","18.0","1","0","0","0.55591592","false","0","汪羅氏","0","0.0","PERSON"
"3.21254054","2.4192E-4","0.31128012","0.0","14","7","false","蜀商公所","91.21428571","14","0","0","0.75416216","false","0","蜀商公所","752360","0.15827068","ORG"
"3.20216216","3.2139E-4","0.31228899","0.0","17","7","false","外交部","47.41176471","17","0","0","0.75531532","false","0","外交部","1390882","0.08113945","ORG"
"3.77643243","0.00671546","0.26480018","0.0","14","8","false","張柄樞","51.63636364","14","0","3","0.69150751","false","0","張柄樞","48219374","0.10819736","PERSON"
"3.80194595","0.0","0.2630232","0.0","1","8","false","楊厚文","440.0","1","0","0","0.68867267","false","0","楊厚文","0","0.0","PERSON"
"3.80151351","4.63E-6","0.26305312","0.0","2","8","false","翁憲","223.5","2","0","0","0.68872072","false","0","翁憲","6162","0.50683371","PERSON"
"3.21556757","4.493E-5","0.31098709","0.0","4","7","false","蠶桑學堂","168.5","4","0","0","0.75382583","false","0","蠶桑學堂","278996","0.29232112","ORG"
"3.20994595","4.2503E-4","0.31153173","0.0","22","7","false","樂善堂","75.75","22","0","2","0.75445045","false","0","樂善堂","1705826","0.13114035","ORG"
"4.42681081","9.545E-5","0.22589626","0.0","8","8","false","衞生部","3.125","8","0","0","0.61924324","false","0","衞生部","29568","0.70833333","ORG"
"3.80108108","7.06E-6","0.26308305","0.0","3","8","false","康記","152.66666667","3","0","0","0.68876877","false","0","康記","12318","0.34548216","PERSON"
"3.80108108","7.06E-6","0.26308305","0.0","3","8","false","王政","152.66666667","3","0","0","0.68876877","false","0","王政","12318","0.34548216","PERSON"
"3.17189189","0.00925069","0.31526926","0.0","46","7","false","外務部","33.33333333","46","0","1","0.75867868","false","0","外務部","35053218","0.05508234","ORG"
"3.51135135","0.00147787","0.28479064","0.0","46","7","false","張韋承","31.47619048","46","0","2","0.72096096","false","0","張韋承","7573444","0.04068917","PERSON"
"3.80151351","3.4E-6","0.26305312","0.0","2","8","false","董生泉","225.0","2","0","0","0.68872072","false","0","董生泉","6156","0.51025057","PERSON"
"3.80151351","3.4E-6","0.26305312","0.0","2","8","false","陶惠盫","225.0","2","0","0","0.68872072","false","0","陶惠盫","6156","0.51025057","PERSON"
"3.80151351","3.4E-6","0.26305312","0.0","2","8","false","張門","225.0","2","0","0","0.68872072","false","0","張門","6156","0.51025057","PERSON"
"3.80151351","3.4E-6","0.26305312","0.0","2","8","false","徐平江","225.0","2","0","0","0.68872072","false","0","徐平江","6156","0.51025057","PERSON"
"3.95762162","0.00116249","0.25267701","0.0","18","6","false","樂平","18.5","18","0","0","0.67137538","false","0","樂平","44199318","0.109375","ORG"
"3.18918919","3.7963E-4","0.31355932","0.0","11","7","false","裁釐認捐事務所","62.90909091","11","0","0","0.75675676","false","0","裁釐認捐事務所","1436628","0.10199191","ORG"
"3.80151351","2.95E-6","0.26305312","0.0","2","8","false","蒙盛","227.0","2","0","0","0.68872072","false","0","蒙盛","6148","0.51480638","PERSON"
"3.80151351","2.95E-6","0.26305312","0.0","2","8","false","逢熙","227.0","2","0","0","0.68872072","false","0","逢熙","6148","0.51480638","PERSON"
"3.62162162","1.2081E-4","0.2761194","0.0","12","7","false","劉福房","97.42857143","12","0","1","0.70870871","false","0","劉福房","1177958","0.17437355","PERSON"
"4.17167568","0.0","0.23971183","0.0","1","8","false","房英","45.0","1","0","0","0.64759159","false","0","房英","0","0.0","PERSON"
"3.62335135","8.159E-5","0.27598759","0.0","3","7","false","俞蘭蓀","214.0","3","0","0","0.70851652","false","0","俞蘭蓀","1011050","0.38517179","PERSON"
"3.62335135","8.159E-5","0.27598759","0.0","3","7","false","陳德明","214.0","3","0","0","0.70851652","false","0","陳德明","1011050","0.38517179","PERSON"
"5.22681081","0.0","0.19132125","0.0","1","9","false","張吳","16.0","1","0","0","0.53035435","false","0","張吳","0","0.0","PERSON"
"4.17167568","0.0","0.23971183","0.0","1","8","false","錢康榮","45.0","1","0","0","0.64759159","false","0","錢康榮","0","0.0","PERSON"
"4.22702703","0.00607766","0.23657289","0.0","16","8","false","裕康洋行","1.8125","16","0","0","0.64144144","false","0","裕康洋行","10033284","0.0625","ORG"
"5.22681081","0.0","0.19132125","0.0","1","9","false","林永祥","16.0","1","0","0","0.53035435","false","0","林永祥","0","0.0","PERSON"
"4.17167568","0.0","0.23971183","0.0","1","8","false","柏斌","45.0","1","0","0","0.64759159","false","0","柏斌","0","0.0","PERSON"
"3.62335135","8.159E-5","0.27598759","0.0","3","7","false","陳竹霖","214.0","3","0","0","0.70851652","false","0","陳竹霖","1011050","0.38517179","PERSON"
"3.21556757","7.783E-5","0.31098709","0.0","7","7","false","樍善堂","136.42857143","7","0","0","0.75382583","false","0","樍善堂","404742","0.23759398","ORG"
"5.22681081","0.0","0.19132125","0.0","1","9","false","石錦榮","16.0","1","0","0","0.53035435","false","0","石錦榮","0","0.0","PERSON"
"4.17167568","0.0","0.23971183","0.0","1","8","false","沈鏞","45.0","1","0","0","0.64759159","false","0","沈鏞","0","0.0","PERSON"
"5.22681081","0.0","0.19132125","0.0","1","9","false","張寶成","16.0","1","0","0","0.53035435","false","0","張寶成","0","0.0","PERSON"
"3.87416216","2.579E-5","0.25812033","0.0","6","7","false","澤尚二","46.83333333","6","0","0","0.68064865","false","0","澤尚二","266630","0.24774775","PERSON"
"3.70248649","2.7734E-4","0.27008876","0.0","19","7","false","上海出口局","12.94736842","19","0","0","0.69972372","false","0","上海出口局","1708748","0.11378446","ORG"
"5.22681081","0.0","0.19132125","0.0","1","9","false","商之迪","16.0","1","0","0","0.53035435","false","0","商之迪","0","0.0","PERSON"
"3.87113514","4.855E-5","0.25832216","0.0","3","6","false","周萬鵬","64.0","3","0","0","0.68098498","false","0","周萬鵬","228444","0.39873418","PERSON"
"3.87416216","2.579E-5","0.25812033","0.0","6","7","false","薩鎭冰","46.83333333","6","0","0","0.68064865","false","0","薩鎭冰","266630","0.24774775","PERSON"
"5.22681081","0.0","0.19132125","0.0","1","9","false","沈阿琴","16.0","1","0","0","0.53035435","false","0","沈阿琴","0","0.0","PERSON"
"3.87416216","2.579E-5","0.25812033","0.0","6","7","false","張鶴齡","46.83333333","6","0","0","0.68064865","false","0","張鶴齡","266630","0.24774775","PERSON"
"4.16432432","3.47E-6","0.24013499","0.0","2","8","false","汪鍾霖","34.5","2","0","0","0.64840841","false","0","汪鍾霖","1836","0.55833333","PERSON"
"4.43545946","1.7997E-4","0.22545579","0.0","16","7","false","横濱正金銀行","5.375","16","0","0","0.61828228","true","0","横濱正金銀行","811292","0.12867647","ORG"
"5.22681081","0.0","0.19132125","0.0","1","9","false","顧阿六","16.0","1","0","0","0.53035435","false","0","顧阿六","0","0.0","PERSON"
"3.87416216","2.579E-5","0.25812033","0.0","6","7","false","鄧耀昌","46.83333333","6","0","0","0.68064865","false","0","鄧耀昌","266630","0.24774775","PERSON"
"4.17167568","0.0","0.23971183","0.0","1","8","false","木突生","45.0","1","0","0","0.64759159","false","0","木突生","0","0.0","PERSON"
"5.22681081","0.0","0.19132125","0.0","1","9","false","李立生","16.0","1","0","0","0.53035435","false","0","李立生","0","0.0","PERSON"
"3.87416216","2.579E-5","0.25812033","0.0","6","7","false","蔡和","46.83333333","6","0","0","0.68064865","false","0","蔡和","266630","0.24774775","PERSON"
"4.17167568","0.0","0.23971183","0.0","1","8","false","周裕卿","45.0","1","0","0","0.64759159","false","0","周裕卿","0","0.0","PERSON"
"5.22681081","0.0","0.19132125","0.0","1","9","false","葉盈堂","16.0","1","0","0","0.53035435","false","0","葉盈堂","0","0.0","PERSON"
"3.87416216","2.579E-5","0.25812033","0.0","6","7","false","吕鐘宇","46.83333333","6","0","0","0.68064865","false","0","吕鐘宇","266630","0.24774775","PERSON"
"4.17167568","0.0","0.23971183","0.0","1","8","false","王家","45.0","1","0","0","0.64759159","false","0","王家","0","0.0","PERSON"
"5.22681081","0.0","0.19132125","0.0","1","9","false","孫阿寶","16.0","1","0","0","0.53035435","false","0","孫阿寶","0","0.0","PERSON"
"3.87416216","2.579E-5","0.25812033","0.0","6","7","false","李壽亭","46.83333333","6","0","0","0.68064865","false","0","李壽亭","266630","0.24774775","PERSON"
"4.17167568","0.0","0.23971183","0.0","1","8","false","張泰","45.0","1","0","0","0.64759159","false","0","張泰","0","0.0","PERSON"
"5.22681081","0.0","0.19132125","0.0","1","9","false","陳王氏","16.0","1","0","0","0.53035435","false","0","陳王氏","0","0.0","PERSON"
"3.87416216","2.579E-5","0.25812033","0.0","6","7","false","吳吉卿","46.83333333","6","0","0","0.68064865","false","0","吳吉卿","266630","0.24774775","PERSON"
"5.22681081","0.0","0.19132125","0.0","1","9","false","張王","16.0","1","0","0","0.53035435","false","0","張王","0","0.0","PERSON"
"3.87416216","2.579E-5","0.25812033","0.0","6","7","false","趙大","46.83333333","6","0","0","0.68064865","false","0","趙大","266630","0.24774775","PERSON"
"5.22681081","0.0","0.19132125","0.0","1","9","false","張天林","16.0","1","0","0","0.53035435","false","0","張天林","0","0.0","PERSON"
"3.82227027","2.2654E-4","0.26162462","0.0","11","6","false","蘇松","34.90909091","11","0","0","0.68641441","false","0","蘇松","1830328","0.144294","PERSON"
"3.18789189","0.00139642","0.31368692","0.0","21","6","false","夙仰閣","33.9047619","21","0","0","0.7569009","false","0","夙仰閣","6181650","0.05653739","ORG"
"5.22681081","0.0","0.19132125","0.0","1","9","false","吳照甫","16.0","1","0","0","0.53035435","false","0","吳照甫","0","0.0","PERSON"
"3.87416216","2.579E-5","0.25812033","0.0","6","7","false","陳竹林","46.83333333","6","0","0","0.68064865","false","0","陳竹林","266630","0.24774775","PERSON"
"3.03956757","0.01843936","0.32899417","0.0","142","7","false","樹德公司","28.6","142","0","12","0.77338138","false","0","樹德公司","147713030","0.04113264","ORG"
"3.21081081","4.0748E-4","0.31144781","0.0","18","7","false","裕後堂","54.38888889","18","0","0","0.75435435","false","0","裕後堂","952746","0.09366472","ORG"
"3.87416216","2.579E-5","0.25812033","0.0","6","7","false","軍東暘","46.83333333","6","0","0","0.68064865","false","0","軍東暘","266630","0.24774775","PERSON"
"3.43697297","0.00456899","0.2909537","0.0","32","6","false","曾少卿","51.85185185","32","0","4","0.72922523","true","0","曾少卿","41005906","0.05745972","PERSON"
"2.91156757","0.03201246","0.3434576","0.0","50","6","false","施子英","63.06122449","50","0","1","0.7876036","true","0","施子英","221154126","0.03076908","PERSON"
"3.30551351","0.01157049","0.30252486","0.0","51","6","false","陳潤夫","51.89130435","51","0","3","0.74383183","true","0","陳潤夫","140061052","0.04440777","PERSON"
"3.84345946","1.7458E-4","0.26018227","0.0","13","7","false","沈淇泉","26.30769231","13","0","0","0.68406006","false","0","沈淇泉","1054090","0.12466844","PERSON"
"3.87416216","2.579E-5","0.25812033","0.0","6","7","false","沈文宗","46.83333333","6","0","0","0.68064865","false","0","沈文宗","266630","0.24774775","PERSON"
"3.61945946","0.0029594","0.27628435","0.0","22","6","false","張菊生","70.0","22","0","0","0.70894895","false","0","張菊生","23676650","0.12754159","PERSON"
"3.87416216","2.579E-5","0.25812033","0.0","6","7","false","汪瑶庭","46.83333333","6","0","0","0.68064865","false","0","汪瑶庭","266630","0.24774775","PERSON"
"3.33578378","0.0147228","0.29977962","0.0","52","6","false","李雲書","43.21153846","52","0","0","0.74046847","true","0","李雲書","136618040","0.04043251","PERSON"
"3.90443243","1.0354E-4","0.25611917","0.0","3","7","false","上海分局","23.0","3","0","0","0.67728529","false","0","上海分局","836768","0.35483871","ORG"
"3.81664865","3.9576E-4","0.26200997","0.0","12","7","false","裕成絲廠","18.66666667","12","0","0","0.68703904","false","0","裕成絲廠","10154180","0.14971751","ORG"
"3.4387027","8.5123E-4","0.29080734","0.0","14","7","false","林榮卿","127.5","14","0","0","0.72903303","false","0","林榮卿","4788210","0.11956522","PERSON"
"3.21513514","1.3296E-4","0.31102892","0.0","5","7","false","大　輪步公司","136.6","5","0","0","0.75387387","false","0","大　輪步公司","763244","0.23664921","ORG"
"4.60886486","2.55E-6","0.21697317","0.0","3","7","false","裘寅蓀","4.66666667","3","0","0","0.59901502","false","0","裘寅蓀","5106","0.52380952","PERSON"
"5.37124324","1.635E-5","0.18617664","0.0","3","8","false","薛貴","10.66666667","3","0","0","0.51430631","false","0","薛貴","611746","0.50877193","PERSON"
"4.17816216","6.93E-6","0.23933968","0.0","5","8","false","郁懐智","15.4","5","0","0","0.64687087","false","0","郁懐智","4762","0.26181818","PERSON"
"5.296","3.835E-5","0.18882175","0.0","6","7","false","上海勸學所","3.83333333","6","0","0","0.52266667","false","0","上海勸學所","602430","0.4047619","ORG"
"5.37124324","1.635E-5","0.18617664","0.0","3","8","false","姚文樹","10.66666667","3","0","0","0.51430631","false","0","姚文樹","611746","0.50877193","PERSON"
"4.20151351","3.1E-7","0.23800947","0.0","5","8","false","李鍾","18.4","5","0","0","0.64427628","false","0","李鍾","172","0.64444444","PERSON"
"3.21167568","0.00113932","0.31136394","0.0","16","7","false","大仁洋","40.4375","16","0","0","0.75425826","false","0","大仁洋","4510346","0.0691886","ORG"
"5.37124324","1.635E-5","0.18617664","0.0","3","8","false","項文瑞","10.66666667","3","0","0","0.51430631","false","0","項文瑞","611746","0.50877193","PERSON"
"4.20151351","3.1E-7","0.23800947","0.0","5","8","false","顧徵錫","18.4","5","0","0","0.64427628","false","0","顧徵錫","172","0.64444444","PERSON"
"4.29837838","9.0515E-4","0.23264588","0.0","8","6","false","徐雨之","28.375","8","0","0","0.63351351","false","0","徐雨之","16676276","0.49772727","PERSON"
"3.65751351","7.875E-5","0.27340979","0.0","18","7","false","裕隆","44.38888889","18","0","0","0.70472072","false","0","裕隆","2272480","0.23202614","ORG"
"5.37124324","1.635E-5","0.18617664","0.0","3","8","false","胡本瑞","10.66666667","3","0","0","0.51430631","false","0","胡本瑞","611746","0.50877193","PERSON"
"4.20151351","3.1E-7","0.23800947","0.0","5","8","false","蘇本炎","18.4","5","0","0","0.64427628","false","0","蘇本炎","172","0.64444444","PERSON"
"5.37124324","1.635E-5","0.18617664","0.0","3","8","false","應秉鈞","10.66666667","3","0","0","0.51430631","false","0","應秉鈞","611746","0.50877193","PERSON"
"4.20151351","3.1E-7","0.23800947","0.0","5","8","false","陳瑞邗","18.4","5","0","0","0.64427628","false","0","陳瑞邗","172","0.64444444","PERSON"
"3.13037838","0.00182341","0.3194502","0.0","33","7","false","上海北巿絲業會館","51.96969697","33","0","0","0.76329129","false","0","上海北巿絲業會館","19658964","0.08014103","ORG"
"4.20151351","3.1E-7","0.23800947","0.0","5","8","false","趙福　郁","18.4","5","0","0","0.64427628","false","0","趙福　郁","172","0.64444444","PERSON"
"4.12886486","2.009E-5","0.24219732","0.0","4","8","false","嚴爕臣","10.5","4","0","0","0.65234835","false","0","嚴爕臣","67866","0.296875","PERSON"
"4.20151351","3.1E-7","0.23800947","0.0","5","8","false","周文彬","18.4","5","0","0","0.64427628","false","0","周文彬","172","0.64444444","PERSON"
"3.48713514","2.5878E-4","0.28676835","0.0","5","7","false","求安氏","209.0","5","0","0","0.72365165","false","0","求安氏","462408","0.2043222","PERSON"
"3.48108108","5.7985E-4","0.28726708","0.0","6","7","false","楊鶴吉","182.5","6","0","0","0.72432432","false","0","楊鶴吉","665344","0.17672833","PERSON"
"4.01037838","3.22E-6","0.24935303","0.0","9","7","false","倪孝義","32.66666667","9","0","0","0.66551351","false","0","倪孝義","34160","0.59748428","PERSON"
"4.20151351","3.1E-7","0.23800947","0.0","5","8","false","黄汝掛","18.4","5","0","0","0.64427628","false","0","黄汝掛","172","0.64444444","PERSON"
"3.42054054","3.4826E-4","0.29235145","0.0","21","7","false","李冠英","103.25","21","0","1","0.73105105","false","0","李冠英","3398844","0.09415285","PERSON"
"4.20151351","3.1E-7","0.23800947","0.0","5","8","false","趙錫恩","18.4","5","0","0","0.64427628","false","0","趙錫恩","172","0.64444444","PERSON"
"3.42054054","3.4826E-4","0.29235145","0.0","20","7","false","霍氏","103.25","20","0","0","0.73105105","false","0","霍氏","3398844","0.09415285","PERSON"
"4.20151351","3.1E-7","0.23800947","0.0","5","8","false","王豐賡","18.4","5","0","0","0.64427628","false","0","王豐賡","172","0.64444444","PERSON"
"3.41318919","4.4153E-4","0.29298112","0.0","30","7","false","黃萃氏","81.89285714","30","0","1","0.73186787","false","0","黃萃氏","4191376","0.07387476","PERSON"
"4.20151351","3.1E-7","0.23800947","0.0","5","8","false","嚴誠","18.4","5","0","0","0.64427628","false","0","嚴誠","172","0.64444444","PERSON"
"4.20151351","3.1E-7","0.23800947","0.0","5","8","false","馬怟傑","18.4","5","0","0","0.64427628","false","0","馬怟傑","172","0.64444444","PERSON"
"2.98075676","0.01574403","0.33548527","0.0","61","6","false","製造局","19.39344262","61","0","0","0.77991592","false","0","製造局","45523676","0.02426576","ORG"
"4.01037838","3.22E-6","0.24935303","0.0","9","7","false","蘭舫飛","32.66666667","9","0","0","0.66551351","false","0","蘭舫飛","34160","0.59748428","PERSON"
"4.20151351","3.1E-7","0.23800947","0.0","5","8","false","馬永淸","18.4","5","0","0","0.64427628","false","0","馬永淸","172","0.64444444","PERSON"
"4.02464865","1.03E-6","0.24846889","0.0","3","8","false","胡緩","72.66666667","3","0","0","0.66392793","false","0","胡緩","12182","0.49768519","PERSON"
"3.40367568","5.9474E-4","0.29380003","0.0","28","7","false","董曾鑄","78.76923077","28","0","2","0.73292492","false","0","董曾鑄","3898446","0.06857957","PERSON"
"4.20151351","3.1E-7","0.23800947","0.0","5","8","false","王春咸","18.4","5","0","0","0.64427628","false","0","王春咸","172","0.64444444","PERSON"
"4.20151351","3.1E-7","0.23800947","0.0","5","8","false","陳萬鎰","18.4","5","0","0","0.64427628","false","0","陳萬鎰","172","0.64444444","PERSON"
"3.21167568","0.00113932","0.31136394","0.0","16","7","false","大仁洋貨號","40.4375","16","0","0","0.75425826","false","0","大仁洋貨號","4510346","0.0691886","ORG"
"3.07416216","0.00795004","0.32529188","0.0","88","6","false","嚴義彬","45.06976744","88","0","2","0.76953754","false","0","嚴義彬","58385756","0.02728778","PERSON"
"3.35567568","6.1271E-4","0.29800258","0.0","29","7","false","葉璋","78.86206897","29","0","0","0.73825826","false","0","葉璋","6976352","0.06499338","PERSON"
"3.31718919","0.00122873","0.30146004","0.0","17","6","false","葉貽銓","97.52941176","17","0","0","0.74253453","false","0","葉貽銓","5564218","0.07977637","PERSON"
"4.01037838","3.22E-6","0.24935303","0.0","9","7","false","彭最樂","32.66666667","9","0","0","0.66551351","false","0","彭最樂","34160","0.59748428","PERSON"
"4.01037838","3.22E-6","0.24935303","0.0","9","7","false","韓慧恭","32.66666667","9","0","0","0.66551351","false","0","韓慧恭","34160","0.59748428","PERSON"
"4.01037838","3.22E-6","0.24935303","0.0","9","7","false","徐君貫雲","32.66666667","9","0","0","0.66551351","false","0","徐君貫雲","34160","0.59748428","PERSON"
"4.01037838","3.22E-6","0.24935303","0.0","9","7","false","王助","32.66666667","9","0","0","0.66551351","false","0","王助","34160","0.59748428","PERSON"
"4.01037838","3.22E-6","0.24935303","0.0","9","7","false","錢寳","32.66666667","9","0","0","0.66551351","false","0","錢寳","34160","0.59748428","PERSON"
"3.98572973","1.2951E-4","0.25089509","0.0","5","7","false","愛德華","31.8","5","0","0","0.66825225","false","0","愛德華","3714842","0.36666667","PERSON"
"4.61448649","9.791E-5","0.21670884","0.0","18","7","false","大令商會","8.66666667","18","0","0","0.59839039","false","0","大令商會","558698","0.14197531","ORG"
"3.45427027","1.9162E-4","0.28949675","0.0","10","7","false","徐君貫","129.7","10","0","0","0.7273033","false","0","徐君貫","942552","0.12398844","PERSON"
"3.69513514","3.6175E-4","0.2706261","0.0","11","6","false","王大令","68.18181818","11","0","0","0.70054054","false","0","王大令","1196510","0.13738613","PERSON"
"3.98572973","1.2951E-4","0.25089509","0.0","5","7","false","伊德君","31.8","5","0","0","0.66825225","false","0","伊德君","3714842","0.36666667","PERSON"
"4.01037838","3.22E-6","0.24935303","0.0","9","7","false","奚錫三","32.66666667","9","0","0","0.66551351","false","0","奚錫三","34160","0.59748428","PERSON"
"3.98572973","1.2951E-4","0.25089509","0.0","5","7","false","吕尚書","31.8","5","0","0","0.66825225","false","0","吕尚書","3714842","0.36666667","PERSON"
"4.01037838","3.22E-6","0.24935303","0.0","9","7","false","奚謂生","32.66666667","9","0","0","0.66551351","false","0","奚謂生","34160","0.59748428","PERSON"
"4.01037838","3.22E-6","0.24935303","0.0","9","7","false","譚生","32.66666667","9","0","0","0.66551351","false","0","譚生","34160","0.59748428","PERSON"
"4.01037838","3.22E-6","0.24935303","0.0","9","7","false","仝地保","32.66666667","9","0","0","0.66551351","false","0","仝地保","34160","0.59748428","PERSON"
"3.98572973","1.2951E-4","0.25089509","0.0","5","7","false","霍必蘭君","31.8","5","0","0","0.66825225","false","0","霍必蘭君","3714842","0.36666667","PERSON"
"4.01037838","3.22E-6","0.24935303","0.0","9","7","false","奚冲達","32.66666667","9","0","0","0.66551351","false","0","奚冲達","34160","0.59748428","PERSON"
"3.98572973","1.2951E-4","0.25089509","0.0","5","7","false","卜内門君","31.8","5","0","0","0.66825225","false","0","卜内門君","3714842","0.36666667","PERSON"
"4.01037838","3.22E-6","0.24935303","0.0","9","7","false","向謂生","32.66666667","9","0","0","0.66551351","false","0","向謂生","34160","0.59748428","PERSON"
"3.98572973","1.2951E-4","0.25089509","0.0","5","7","false","麥克魯君","31.8","5","0","0","0.66825225","false","0","麥克魯君","3714842","0.36666667","PERSON"
"4.01037838","3.22E-6","0.24935303","0.0","9","7","false","錫三","32.66666667","9","0","0","0.66551351","false","0","錫三","34160","0.59748428","PERSON"
"3.98572973","1.2951E-4","0.25089509","0.0","5","7","false","時適","31.8","5","0","0","0.66825225","false","0","時適","3714842","0.36666667","PERSON"
"3.88843243","0.0","0.25717304","0.0","1","7","false","佩珍","102.0","1","0","0","0.67906306","false","0","佩珍","0","0.0","PERSON"
"2.88864865","0.02933939","0.34618263","0.0","108","6","false","上海總商會","22.33333333","108","0","6","0.79015015","false","0","上海總商會","151203608","0.02443681","ORG"
"3.98572973","1.2951E-4","0.25089509","0.0","5","7","false","伊君卽","31.8","5","0","0","0.66825225","false","0","伊君卽","3714842","0.36666667","PERSON"
"3.74918919","1.272E-4","0.26672434","0.0","4","6","false","林世傑","82.25","4","0","0","0.69453453","false","0","林世傑","628878","0.27730375","PERSON"
"3.98572973","1.2951E-4","0.25089509","0.0","5","7","false","朱君葆","31.8","5","0","0","0.66825225","false","0","朱君葆","3714842","0.36666667","PERSON"
"3.88843243","0.0","0.25717304","0.0","1","7","false","具仁元","102.0","1","0","0","0.67906306","false","0","具仁元","0","0.0","PERSON"
"3.98572973","1.2951E-4","0.25089509","0.0","5","7","false","伊君","31.8","5","0","0","0.66825225","false","0","伊君","3714842","0.36666667","PERSON"
"3.78810811","1.2209E-4","0.26398402","0.0","3","7","false","劉管帶","94.66666667","3","0","0","0.69021021","false","0","劉管帶","528188","0.3630491","PERSON"
"6.00648649","2.617E-5","0.16648668","0.0","5","8","false","大伊","2.8","5","0","0","0.44372372","false","0","大伊","306484","0.9","ORG"
"3.78810811","1.2209E-4","0.26398402","0.0","3","7","false","林蓮","94.66666667","3","0","0","0.69021021","false","0","林蓮","528188","0.3630491","PERSON"
"3.78810811","1.2209E-4","0.26398402","0.0","3","7","false","具潤生","94.66666667","3","0","0","0.69021021","false","0","具潤生","528188","0.3630491","PERSON"
"3.78810811","1.2209E-4","0.26398402","0.0","3","7","false","鄧瑞球","94.66666667","3","0","0","0.69021021","false","0","鄧瑞球","528188","0.3630491","PERSON"
"3.88108108","1.3943E-4","0.25766017","0.0","5","7","false","具潤生君","27.4","5","0","0","0.67987988","true","0","具潤生君","1203034","0.24","PERSON"
"3.93859459","8.979E-5","0.25389767","0.0","3","8","false","西啓智學校","22.66666667","3","0","0","0.67348949","false","0","西啓智學校","1836048","0.38011696","ORG"
"3.88108108","1.3943E-4","0.25766017","0.0","5","7","false","林蓮蓀君","27.4","5","0","0","0.67987988","true","0","林蓮蓀君","1203034","0.24","PERSON"
"3.88108108","1.3943E-4","0.25766017","0.0","5","7","false","楊信之君","27.4","5","0","0","0.67987988","true","0","楊信之君","1203034","0.24","PERSON"
"3.85989189","4.2256E-4","0.25907461","0.0","16","6","false","大德","23.625","16","0","0","0.68223423","false","0","大德","5085172","0.113125","ORG"
"3.70248649","2.7734E-4","0.27008876","0.0","19","7","false","西學台","12.94736842","19","0","0","0.69972372","false","0","西學台","1708748","0.11378446","ORG"
"3.88108108","1.3943E-4","0.25766017","0.0","5","7","false","邵琴濤君","27.4","5","0","0","0.67987988","true","0","邵琴濤君","1203034","0.24","PERSON"
"3.87502703","2.8755E-4","0.25806272","0.0","11","7","false","蘇筠尚君","19.36363636","11","0","0","0.68055255","true","0","蘇筠尚君","2312484","0.15562404","PERSON"
"3.88108108","1.3943E-4","0.25766017","0.0","5","7","false","積習潔","27.4","5","0","0","0.67987988","true","0","積習潔","1203034","0.24","PERSON"
"3.35827027","6.6477E-4","0.29777234","0.0","10","7","false","潤濤","128.7","10","0","0","0.73796997","false","0","潤濤","2323072","0.11556561","PERSON"
"3.88713514","4.04E-6","0.25725887","0.0","4","7","false","朱志勤","40.5","4","0","0","0.67920721","false","0","朱志勤","28488","0.39108911","PERSON"
"3.88713514","4.04E-6","0.25725887","0.0","4","7","false","陸祉福","40.5","4","0","0","0.67920721","false","0","陸祉福","28488","0.39108911","PERSON"
"3.88713514","4.04E-6","0.25725887","0.0","4","7","false","王萬興","40.5","4","0","0","0.67920721","false","0","王萬興","28488","0.39108911","PERSON"
"3.2172973","1.47E-6","0.31081989","0.0","3","7","false","大怡大莊","280.66666667","3","0","0","0.75363363","false","0","大怡大莊","22812","0.49064327","ORG"
"3.88713514","4.04E-6","0.25725887","0.0","4","7","false","朱德新","40.5","4","0","0","0.67920721","false","0","朱德新","28488","0.39108911","PERSON"
"3.88713514","4.04E-6","0.25725887","0.0","4","7","false","鄔挺生","40.5","4","0","0","0.67920721","false","0","鄔挺生","28488","0.39108911","PERSON"
"3.21556757","1.3888E-4","0.31098709","0.0","7","7","false","西門外巡防局","160.71428571","7","0","0","0.75382583","false","0","西門外巡防局","618176","0.2802005","ORG"
"3.2","1.4818E-4","0.3125","0.0","20","7","false","大慶樓","71.9","20","0","0","0.75555556","false","0","大慶樓","1163582","0.11996616","ORG"
"3.88713514","4.04E-6","0.25725887","0.0","4","7","false","蔡金記","40.5","4","0","0","0.67920721","false","0","蔡金記","28488","0.39108911","PERSON"
"3.88713514","4.04E-6","0.25725887","0.0","4","7","false","范蘭生","40.5","4","0","0","0.67920721","false","0","范蘭生","28488","0.39108911","PERSON"
"3.88713514","4.04E-6","0.25725887","0.0","4","7","false","毛孟記","40.5","4","0","0","0.67920721","false","0","毛孟記","28488","0.39108911","PERSON"
"3.09059459","0.0016525","0.32356233","0.0","80","7","false","樹德堂","48.31081081","80","0","5","0.76771171","false","0","樹德堂","26108404","0.07201037","ORG"
"3.88713514","4.04E-6","0.25725887","0.0","4","7","false","陳公舘","40.5","4","0","0","0.67920721","false","0","陳公舘","28488","0.39108911","PERSON"
"4.37578378","2.579E-5","0.22853049","0.0","14","7","false","西門美最時洋行","30.71428571","14","0","0","0.62491291","false","0","西門美最時洋行","131432","0.32653061","ORG"
"3.88713514","4.04E-6","0.25725887","0.0","4","7","false","李田臣","40.5","4","0","0","0.67920721","false","0","李田臣","28488","0.39108911","PERSON"
"3.88713514","4.04E-6","0.25725887","0.0","4","7","false","范其昌","40.5","4","0","0","0.67920721","false","0","范其昌","28488","0.39108911","PERSON"
"3.88713514","4.04E-6","0.25725887","0.0","4","7","false","葉谷香","40.5","4","0","0","0.67920721","false","0","葉谷香","28488","0.39108911","PERSON"
"3.88713514","4.04E-6","0.25725887","0.0","4","7","false","張承惠","40.5","4","0","0","0.67920721","false","0","張承惠","28488","0.39108911","PERSON"
"3.88713514","4.04E-6","0.25725887","0.0","4","7","false","王雨記","40.5","4","0","0","0.67920721","false","0","王雨記","28488","0.39108911","PERSON"
"3.88713514","4.04E-6","0.25725887","0.0","4","7","false","何舟記","40.5","4","0","0","0.67920721","false","0","何舟記","28488","0.39108911","PERSON"
"3.88713514","4.04E-6","0.25725887","0.0","4","7","false","彭城記","40.5","4","0","0","0.67920721","false","0","彭城記","28488","0.39108911","PERSON"
"3.75827027","1.246E-4","0.26607985","0.0","7","6","false","江銘墀","49.42857143","7","0","0","0.69352553","false","0","江銘墀","373920","0.16251198","PERSON"
"3.2147027","8.704E-5","0.31107076","0.0","5","7","false","大清紅十字會","121.0","5","0","0","0.75392192","false","0","大清紅十字會","230342","0.20905923","ORG"
"3.20172973","6.1459E-4","0.31233117","0.0","13","7","false","詹禮耕堂","95.92307692","13","0","0","0.75536336","false","0","詹禮耕堂","3515596","0.16508361","ORG"
"3.88713514","6.45E-6","0.25725887","0.0","4","7","false","王道准","31.5","4","0","0","0.67920721","true","0","王道准","28560","0.3019802","PERSON"
"3.75827027","1.246E-4","0.26607985","0.0","7","6","false","張書","49.42857143","7","0","0","0.69352553","false","0","張書","373920","0.16251198","PERSON"
"3.88713514","6.45E-6","0.25725887","0.0","4","7","false","蘇撫憲","31.5","4","0","0","0.67920721","true","0","蘇撫憲","28560","0.3019802","PERSON"
"3.75827027","1.246E-4","0.26607985","0.0","7","6","false","王愼裕","49.42857143","7","0","0","0.69352553","false","0","王愼裕","373920","0.16251198","PERSON"
"3.7292973","6.2538E-4","0.26814703","0.0","9","6","false","貝仁元","45.11111111","9","0","0","0.69674474","true","0","貝仁元","1651790","0.13206919","PERSON"
"3.6652973","6.804E-4","0.27282916","0.0","18","7","false","王震","41.22222222","18","0","0","0.70385586","true","0","王震","3073680","0.10030479","PERSON"
"3.2147027","8.704E-5","0.31107076","0.0","5","7","false","大清紅會","121.0","5","0","0","0.75392192","false","0","大清紅會","230342","0.20905923","ORG"
"3.60994595","0.0019269","0.27701246","0.0","25","6","false","虞和德","36.08","25","0","0","0.71000601","true","0","虞和德","7846884","0.06532588","PERSON"
"3.88713514","6.45E-6","0.25725887","0.0","4","7","false","朱方幹","31.5","4","0","0","0.67920721","true","0","朱方幹","28560","0.3019802","PERSON"
"4.87913514","2.8E-7","0.20495436","0.0","6","8","false","陳周氏","5.0","6","0","0","0.56898498","false","0","陳周氏","30","1.0","PERSON"
"4.60151351","0.00201431","0.2173198","0.0","15","7","false","誠濟局","4.2","15","0","0","0.59983183","false","0","誠濟局","17683470","0.16","ORG"
"3.60778378","0.00891349","0.27717847","0.0","21","6","false","謝綸輝","48.23809524","21","0","0","0.71024625","true","0","謝綸輝","71541586","0.08480807","PERSON"
"3.88151351","1.4965E-4","0.25763146","0.0","5","7","false","大源號","31.0","5","0","0","0.67983183","false","0","大源號","4188532","0.24193548","ORG"
"3.39675676","0.0202711","0.29439847","0.0","88","6","false","虞洽卿","26.94117647","88","0","3","0.73369369","true","0","虞洽卿","231300574","0.02813577","PERSON"
"4.53448649","1.815E-5","0.22053214","0.0","9","7","false","傅筱庵","11.55555556","9","0","0","0.60727928","false","0","傅筱庵","112912","0.28528529","PERSON"
"3.65924324","0.00250313","0.27328055","0.0","25","6","false","嚴子均","33.6","25","0","0","0.70452853","true","0","嚴子均","66132944","0.07358916","PERSON"
"3.88151351","1.4965E-4","0.25763146","0.0","5","7","false","大源記","31.0","5","0","0","0.67983183","false","0","大源記","4188532","0.24193548","ORG"
"3.15113514","0.00658237","0.31734596","0.0","62","6","false","祝蘭舫","71.29411765","62","0","6","0.76098498","false","0","祝蘭舫","100619642","0.04708246","PERSON"
"3.34918919","0.00729781","0.29857973","0.0","35","6","false","陳子琴","52.20588235","35","0","1","0.73897898","true","0","陳子琴","102466172","0.04872111","PERSON"
"3.28778378","0.01470739","0.30415625","0.0","45","6","false","樊時勛","57.63636364","45","0","1","0.7458018","true","0","樊時勛","110875142","0.04824222","PERSON"
"3.21686486","4.3215E-4","0.31086167","0.0","4","7","false","大生","145.0","4","0","0","0.75368168","false","0","大生","939078","0.25263158","ORG"
"3.70464865","6.0412E-4","0.26993113","0.0","19","6","false","邵琴濤","38.16666667","19","0","1","0.69948348","false","0","邵琴濤","7519666","0.10680077","PERSON"
"3.20691892","0.00497216","0.31182578","0.0","27","7","false","調查事務所","23.55555556","27","0","0","0.75478679","false","0","調查事務所","8260140","0.03957115","ORG"
"3.60951351","2.8494E-4","0.27704565","0.0","21","7","false","大莊","29.04761905","21","0","0","0.71005405","false","0","大莊","7133398","0.1286588","ORG"
"3.78162162","1.835E-5","0.26443682","0.0","2","7","false","劉栢生","131.5","2","0","0","0.69093093","false","0","劉栢生","130104","0.5625","PERSON"
"3.76735135","2.7417E-4","0.26543848","0.0","7","7","false","袁聯清","51.28571429","7","0","0","0.69251652","true","0","袁聯清","6618368","0.19415334","PERSON"
"4.02464865","4.15E-6","0.24846889","0.0","8","8","false","李子美","37.875","8","0","0","0.66392793","false","0","李子美","97498","0.28585271","PERSON"
"3.75048649","7.852E-5","0.26663208","0.0","4","6","false","丁价侯","85.5","4","0","0","0.69439039","false","0","丁价侯","407884","0.29753521","PERSON"
"3.76475676","1.2851E-4","0.26562141","0.0","4","7","false","席子佩","83.25","4","0","0","0.6928048","false","0","席子佩","1622706","0.31634615","PERSON"
"4.02464865","4.15E-6","0.24846889","0.0","8","8","false","李鴻祥","37.875","8","0","0","0.66392793","false","0","李鴻祥","97498","0.28585271","PERSON"
"3.88843243","0.0","0.25717304","0.0","1","7","false","金琴生","102.0","1","0","0","0.67906306","false","0","金琴生","0","0.0","PERSON"
"4.02464865","4.15E-6","0.24846889","0.0","8","8","false","顧錦齋","37.875","8","0","0","0.66392793","false","0","顧錦齋","97498","0.28585271","PERSON"
"3.76475676","1.2851E-4","0.26562141","0.0","4","7","false","袁恒之","83.25","4","0","0","0.6928048","false","0","袁恒之","1622706","0.31634615","PERSON"
"3.75913514","1.0083E-4","0.26601864","0.0","7","6","false","孫蔭庭","65.42857143","7","0","0","0.69342943","false","0","孫蔭庭","2396694","0.24972315","PERSON"
"3.79545946","7.76E-5","0.26347271","0.0","10","7","false","葉子衡","51.2","10","0","0","0.68939339","false","0","葉子衡","1329172","0.17491289","PERSON"
"3.75048649","3.9186E-4","0.26663208","0.0","10","6","false","王子展","50.3","10","0","0","0.69439039","false","0","王子展","9321522","0.18327138","PERSON"
"4.02464865","4.15E-6","0.24846889","0.0","8","8","false","張鴻甫","37.875","8","0","0","0.66392793","false","0","張鴻甫","97498","0.28585271","PERSON"
"3.45167568","0.00284961","0.28971436","0.0","29","6","false","焦樂山","56.62962963","29","0","2","0.72759159","true","0","焦樂山","31191314","0.06575606","PERSON"
"4.02464865","4.15E-6","0.24846889","0.0","8","8","false","劉元濂","37.875","8","0","0","0.66392793","false","0","劉元濂","97498","0.28585271","PERSON"
"3.88843243","0.0","0.25717304","0.0","1","7","false","印錫璋","102.0","1","0","0","0.67906306","false","0","印錫璋","0","0.0","PERSON"
"4.02464865","4.15E-6","0.24846889","0.0","8","8","false","馬補之","37.875","8","0","0","0.66392793","false","0","馬補之","97498","0.28585271","PERSON"
"3.73621622","0.0011649","0.26765046","0.0","18","7","false","席立功","44.33333333","18","0","0","0.69597598","false","0","席立功","27492228","0.13888889","PERSON"
"3.31459459","0.00156897","0.30169602","0.0","11","7","false","丁欽齋","125.63636364","11","0","0","0.74282282","false","0","丁欽齋","11026316","0.1052672","PERSON"
"4.02464865","4.15E-6","0.24846889","0.0","8","8","false","徐順興","37.875","8","0","0","0.66392793","false","0","徐順興","97498","0.28585271","PERSON"
"3.7587027","1.9949E-4","0.26604924","0.0","16","7","false","謀得利公司","17.8125","16","0","0","0.69347748","false","0","謀得利公司","1785386","0.14247881","ORG"
"3.65362162","0.00256287","0.27370103","0.0","38","6","false","吳少卿","27.19444444","38","0","2","0.70515315","true","0","吳少卿","29640550","0.05769701","PERSON"
"4.02464865","4.15E-6","0.24846889","0.0","8","8","false","陳錦蕪","37.875","8","0","0","0.66392793","false","0","陳錦蕪","97498","0.28585271","PERSON"
"3.85945946","7.818E-5","0.25910364","0.0","3","7","false","施善畦","47.0","3","0","0","0.68228228","false","0","施善畦","369168","0.359375","PERSON"
"4.02464865","4.15E-6","0.24846889","0.0","8","8","false","張延清","37.875","8","0","0","0.66392793","false","0","張延清","97498","0.28585271","PERSON"
"3.85081081","2.4958E-4","0.25968557","0.0","11","7","false","朱葆三君","41.0","11","0","0","0.68324324","false","0","朱葆三君","2808180","0.25641026","PERSON"
"3.49448649","1.549E-5","0.28616508","0.0","4","7","false","葉湘圃","261.25","4","0","0","0.72283483","false","0","葉湘圃","23274","0.25973054","PERSON"
"4.31740541","0.00143942","0.23162059","0.0","11","7","false","機器團","3.54545455","11","0","0","0.6313994","false","0","機器團","4564230","0.31818182","ORG"
"3.87978378","5.26E-6","0.25774632","0.0","2","7","false","孫觀察","63.5","2","0","0","0.68002402","false","0","孫觀察","17370","0.54824561","PERSON"
"3.21210811","2.4697E-4","0.31132202","0.0","14","7","false","大豐","102.0","14","0","0","0.75421021","false","0","大豐","826486","0.17688266","ORG"
"3.87978378","5.26E-6","0.25774632","0.0","2","7","false","何石萊","63.5","2","0","0","0.68002402","false","0","何石萊","17370","0.54824561","PERSON"
"3.36735135","3.3065E-4","0.29696931","0.0","6","7","false","王聘臣","209.0","6","0","0","0.73696096","false","0","王聘臣","2951408","0.18261633","PERSON"
"3.87978378","5.26E-6","0.25774632","0.0","2","7","false","吳曉汀","63.5","2","0","0","0.68002402","false","0","吳曉汀","17370","0.54824561","PERSON"
"3.49448649","1.549E-5","0.28616508","0.0","4","7","false","趙禮鋼","261.25","4","0","0","0.72283483","false","0","趙禮鋼","23274","0.25973054","PERSON"
"3.87978378","5.26E-6","0.25774632","0.0","2","7","false","劉歆生","63.5","2","0","0","0.68002402","false","0","劉歆生","17370","0.54824561","PERSON"
"3.47762162","9.949E-5","0.28755285","0.0","18","7","false","馬章才","93.53333333","18","0","2","0.72470871","false","0","馬章才","371000","0.08983819","PERSON"
"3.84562162","0.0019098","0.26003598","0.0","8","7","false","汪炳生","28.25","8","0","0","0.68381982","false","0","汪炳生","4249846","0.14650538","PERSON"
"3.49448649","1.549E-5","0.28616508","0.0","4","7","false","吴應","261.25","4","0","0","0.72283483","false","0","吴應","23274","0.25973054","PERSON"
"3.10745946","8.5873E-4","0.32180629","0.0","25","6","false","謙受堂","66.76","25","0","0","0.76583784","false","0","謙受堂","12317930","0.09713442","ORG"
"3.88237838","1.498E-5","0.25757407","0.0","7","7","false","王興仁","25.42857143","7","0","0","0.67973574","false","0","王興仁","81208","0.22411533","PERSON"
"3.49448649","1.549E-5","0.28616508","0.0","4","7","false","許永昌","261.25","4","0","0","0.72283483","false","0","許永昌","23274","0.25973054","PERSON"
"3.20778378","1.126E-4","0.31174171","0.0","9","7","false","正和莊","89.77777778","9","0","0","0.75469069","false","0","正和莊","483058","0.1533295","ORG"
"3.88237838","1.498E-5","0.25757407","0.0","7","7","false","王厚存","25.42857143","7","0","0","0.67973574","false","0","王厚存","81208","0.22411533","PERSON"
"3.88237838","1.498E-5","0.25757407","0.0","7","7","false","楊韻秋","25.42857143","7","0","0","0.67973574","false","0","楊韻秋","81208","0.22411533","PERSON"
"3.88237838","1.498E-5","0.25757407","0.0","7","7","false","唐開第","25.42857143","7","0","0","0.67973574","false","0","唐開第","81208","0.22411533","PERSON"
"3.88237838","1.498E-5","0.25757407","0.0","7","7","false","唐成之","25.42857143","7","0","0","0.67973574","false","0","唐成之","81208","0.22411533","PERSON"
"3.88237838","1.498E-5","0.25757407","0.0","7","7","false","李革守厚","25.42857143","7","0","0","0.67973574","false","0","李革守厚","81208","0.22411533","PERSON"
"3.21167568","5.5157E-4","0.31136394","0.0","16","7","false","大豐機噐麵粉有限公司","48.5","16","0","0","0.75425826","false","0","大豐機噐麵粉有限公司","4939160","0.08333333","ORG"
"3.16497297","9.1355E-4","0.31595846","0.0","30","7","false","正心善堂","53.80952381","30","0","9","0.75944745","false","0","正心善堂","7612834","0.08714443","ORG"
"3.88237838","1.498E-5","0.25757407","0.0","7","7","false","李厚礽","25.42857143","7","0","0","0.67973574","false","0","李厚礽","81208","0.22411533","PERSON"
"3.37686486","0.01269923","0.29613267","0.0","57","6","false","王一亭","39.81481481","57","0","3","0.7359039","false","0","王一亭","87796032","0.04111739","PERSON"
"3.88237838","1.498E-5","0.25757407","0.0","7","7","false","洪伯言君","25.42857143","7","0","0","0.67973574","false","0","洪伯言君","81208","0.22411533","PERSON"
"3.71502703","5.25E-4","0.26917705","0.0","18","7","false","周廷弼","37.22222222","18","0","0","0.69833033","false","0","周廷弼","2904364","0.10748434","PERSON"
"3.20648649","6.112E-4","0.31186784","0.0","28","7","false","上海商學公會","37.35714286","28","0","0","0.75483483","false","0","上海商學公會","1405530","0.06378446",""
"3.61902703","0.0020414","0.27631736","0.0","52","6","false","李厚祐","24.1372549","52","0","1","0.708997","false","0","李厚祐","14998594","0.04760752","PERSON"
"3.72843243","2.2187E-4","0.26820923","0.0","13","6","false","孫多森","42.07692308","13","0","0","0.69684084","false","0","孫多森","1556302","0.13423831","PERSON"
"4.63956757","3.9943E-4","0.21553733","0.0","11","7","false","謙和洋行","8.54545455","11","0","0","0.5956036","false","0","謙和洋行","7163892","0.58041958","ORG"
"3.75135135","1.3323E-4","0.26657061","0.0","10","7","false","劉樹森","48.2","10","0","0","0.69429429","false","0","劉樹森","989788","0.17811321","PERSON"
"4.09513514","3.9E-7","0.24419219","0.0","2","8","false","陳　棠翁","59.5","2","0","0","0.6560961","false","0","陳　棠翁","1058","0.57352941","PERSON"
"3.77643243","2.559E-5","0.26480018","0.0","7","7","false","陳祖","57.0","7","0","0","0.69150751","false","0","陳祖","251726","0.25570776","PERSON"
"3.20562162","9.0827E-4","0.31195198","0.0","16","7","false","大通","88.125","16","0","0","0.75493093","false","0","大通","4322180","0.15021552","ORG"
"3.77643243","2.559E-5","0.26480018","0.0","7","7","false","周晉鎭","57.0","7","0","0","0.69150751","false","0","周晉鎭","251726","0.25570776","PERSON"
"4.09513514","3.9E-7","0.24419219","0.0","2","8","false","魏慶甫","59.5","2","0","0","0.6560961","false","0","魏慶甫","1058","0.57352941","PERSON"
"3.77643243","2.559E-5","0.26480018","0.0","7","7","false","張麟魁","57.0","7","0","0","0.69150751","false","0","張麟魁","251726","0.25570776","PERSON"
"4.09513514","3.9E-7","0.24419219","0.0","2","8","false","顧榮伯","59.5","2","0","0","0.6560961","false","0","顧榮伯","1058","0.57352941","PERSON"
"3.74443243","1.4378E-4","0.26706317","0.0","13","7","false","蘇德鑣","39.46153846","13","0","0","0.69506306","false","0","蘇德鑣","1034014","0.14736222","PERSON"
"4.09513514","3.9E-7","0.24419219","0.0","2","8","false","何善熹","59.5","2","0","0","0.6560961","false","0","何善熹","1058","0.57352941","PERSON"
"3.21037838","3.5882E-4","0.31148976","0.0","12","7","false","謙益堂","78.91666667","12","0","0","0.7544024","false","0","謙益堂","696858","0.13503755","ORG"
"3.77643243","2.559E-5","0.26480018","0.0","7","7","false","吳作","57.0","7","0","0","0.69150751","false","0","吳作","251726","0.25570776","PERSON"
"4.09513514","3.9E-7","0.24419219","0.0","2","8","false","施春岳","59.5","2","0","0","0.6560961","false","0","施春岳","1058","0.57352941","PERSON"
"3.76562162","1.1622E-4","0.2655604","0.0","9","7","false","徐文淵","51.44444444","9","0","0","0.69270871","false","0","徐文淵","1042436","0.20844812","PERSON"
"3.46983784","8.428E-5","0.28819791","0.0","3","7","false","盤祿翁","374.0","3","0","0","0.72557357","false","0","盤祿翁","393636","0.35188679","PERSON"
"3.77643243","2.559E-5","0.26480018","0.0","7","7","false","丁維蕃","57.0","7","0","0","0.69150751","false","0","丁維蕃","251726","0.25570776","PERSON"
"4.09513514","3.9E-7","0.24419219","0.0","2","8","false","楊吳","59.5","2","0","0","0.6560961","false","0","楊吳","1058","0.57352941","PERSON"
"3.21340541","3.0129E-4","0.31119634","0.0","12","7","false","正興","88.33333333","12","0","0","0.75406607","false","0","正興","589372","0.15321637","ORG"
"3.68302703","4.8768E-4","0.27151579","0.0","12","6","false","許炳榛","53.66666667","12","0","0","0.70188589","false","0","許炳榛","2631416","0.14234234","PERSON"
"3.77643243","2.559E-5","0.26480018","0.0","7","7","false","李鳴鶴","57.0","7","0","0","0.69150751","false","0","李鳴鶴","251726","0.25570776","PERSON"
"3.77643243","2.559E-5","0.26480018","0.0","7","7","false","夏瑞芳","57.0","7","0","0","0.69150751","false","0","夏瑞芳","251726","0.25570776","PERSON"
"3.20778378","8.0651E-4","0.31174171","0.0","25","7","false","謙誠","44.84","25","0","0","0.75469069","false","0","謙誠","8206558","0.07691228","ORG"
"3.77643243","2.559E-5","0.26480018","0.0","7","7","false","劉世珩","57.0","7","0","0","0.69150751","false","0","劉世珩","251726","0.25570776","PERSON"
"4.07135135","0.001815","0.24561869","0.0","24","8","false","大連灣華商公議會","6.29166667","24","0","0","0.65873874","false","0","大連灣華商公議會","27440462","0.16035354","ORG"
"3.77643243","2.559E-5","0.26480018","0.0","7","7","false","劉桂","57.0","7","0","0","0.69150751","false","0","劉桂","251726","0.25570776","PERSON"
"5.06940541","4.0E-8","0.19726179","0.0","5","9","false","馮鏡如","24.0","5","0","0","0.54784384","true","0","馮鏡如","20","1.0","PERSON"
"3.28735135","9.0475E-4","0.30419626","0.0","10","7","false","陶秉鈞","150.7","10","0","0","0.74584985","false","0","陶秉鈞","4884384","0.12121457","PERSON"
"3.21556757","4.493E-5","0.31098709","0.0","4","7","false","正誼中學","168.5","4","0","0","0.75382583","false","0","正誼中學","278996","0.29232112","ORG"
"5.06940541","4.0E-8","0.19726179","0.0","5","9","false","袁體乾","24.0","5","0","0","0.54784384","true","0","袁體乾","20","1.0","PERSON"
"3.77643243","2.559E-5","0.26480018","0.0","7","7","false","劉兆安","57.0","7","0","0","0.69150751","false","0","劉兆安","251726","0.25570776","PERSON"
"5.06940541","4.0E-8","0.19726179","0.0","5","9","false","梁植生","24.0","5","0","0","0.54784384","true","0","梁植生","20","1.0","PERSON"
"3.77643243","2.559E-5","0.26480018","0.0","7","7","false","惲毓","57.0","7","0","0","0.69150751","false","0","惲毓","251726","0.25570776","PERSON"
"5.06940541","4.0E-8","0.19726179","0.0","5","9","false","吳祥霖","24.0","5","0","0","0.54784384","true","0","吳祥霖","20","1.0","PERSON"
"3.76994595","0.00161216","0.26525579","0.0","17","7","false","正金銀行","18.66666667","17","0","1","0.69222823","true","0","正金銀行","7840468","0.09925094","ORG"
"3.77643243","2.559E-5","0.26480018","0.0","7","7","false","葉詔","57.0","7","0","0","0.69150751","false","0","葉詔","251726","0.25570776","PERSON"
"5.06940541","4.0E-8","0.19726179","0.0","5","9","false","陳炳生","24.0","5","0","0","0.54784384","true","0","陳炳生","20","1.0","PERSON"
"3.77643243","2.559E-5","0.26480018","0.0","7","7","false","張恩錦","57.0","7","0","0","0.69150751","false","0","張恩錦","251726","0.25570776","PERSON"
"3.77643243","2.559E-5","0.26480018","0.0","7","7","false","胡謨琳","57.0","7","0","0","0.69150751","false","0","胡謨琳","251726","0.25570776","PERSON"
"5.06940541","4.0E-8","0.19726179","0.0","5","9","false","任憇庭","24.0","5","0","0","0.54784384","true","0","任憇庭","20","1.0","PERSON"
"3.77643243","2.559E-5","0.26480018","0.0","7","7","false","吳祖濬","57.0","7","0","0","0.69150751","false","0","吳祖濬","251726","0.25570776","PERSON"
"5.06940541","4.0E-8","0.19726179","0.0","5","9","false","葉正茂","24.0","5","0","0","0.54784384","true","0","葉正茂","20","1.0","PERSON"
"3.77643243","2.559E-5","0.26480018","0.0","7","7","false","朱大經","57.0","7","0","0","0.69150751","false","0","朱大經","251726","0.25570776","PERSON"
"5.06940541","4.0E-8","0.19726179","0.0","5","9","false","徐宗禮","24.0","5","0","0","0.54784384","true","0","徐宗禮","20","1.0","PERSON"
"4.15005405","2.0E-8","0.24096072","0.0","2","8","false","陳天聽","19.0","2","0","0","0.64999399","false","0","陳天聽","18","0.9","PERSON"
"5.06940541","4.0E-8","0.19726179","0.0","5","9","false","徐豐禮","24.0","5","0","0","0.54784384","true","0","徐豐禮","20","1.0","PERSON"
"4.76972973","0.0","0.20965549","0.0","1","8","false","耶穌","15.0","1","0","0","0.58114114","true","0","耶穌","0","0.0","PERSON"
"3.15416216","0.00158991","0.3170414","0.0","17","7","false","上海商會","51.64705882","17","0","0","0.76064865","false","0","上海商會","7038688","0.08441176",""
"5.06940541","4.0E-8","0.19726179","0.0","5","9","false","鄧桂森","24.0","5","0","0","0.54784384","true","0","鄧桂森","20","1.0","PERSON"
"5.06940541","4.0E-8","0.19726179","0.0","5","9","false","邵晉卿","24.0","5","0","0","0.54784384","true","0","邵晉卿","20","1.0","PERSON"
"4.15005405","2.0E-8","0.24096072","0.0","2","8","false","周晉鏞","19.0","2","0","0","0.64999399","false","0","周晉鏞","18","0.9","PERSON"
"3.216","1.6349E-4","0.31094527","0.0","6","7","false","謹儉堂","163.16666667","6","0","0","0.75377778","false","0","謹儉堂","843736","0.28450292","ORG"
"5.06940541","4.0E-8","0.19726179","0.0","5","9","false","祝開森","24.0","5","0","0","0.54784384","true","0","祝開森","20","1.0","PERSON"
"4.76972973","0.0","0.20965549","0.0","1","8","false","李少穆","15.0","1","0","0","0.58114114","true","0","李少穆","0","0.0","PERSON"
"4.12324324","1.67E-5","0.24252753","0.0","5","8","false","徐潤","19.8","5","0","0","0.65297297","false","0","徐潤","38560","0.2984127","PERSON"
"5.06940541","4.0E-8","0.19726179","0.0","5","9","false","李槐卿","24.0","5","0","0","0.54784384","true","0","李槐卿","20","1.0","PERSON"
"4.76972973","0.0","0.20965549","0.0","1","8","false","仝頓","15.0","1","0","0","0.58114114","true","0","仝頓","0","0.0","PERSON"
"5.06940541","4.0E-8","0.19726179","0.0","5","9","false","李錫基","24.0","5","0","0","0.54784384","true","0","李錫基","20","1.0","PERSON"
"3.20691892","4.8041E-4","0.31182578","0.0","13","7","false","武林昭德堂","107.0","13","0","0","0.75478679","false","0","武林昭德堂","1670004","0.18563923","ORG"
"3.92908108","1.989E-5","0.25451244","0.0","5","6","false","邵廷松","30.6","5","0","0","0.67454655","false","0","邵廷松","108018","0.37948718","PERSON"
"5.06940541","4.0E-8","0.19726179","0.0","5","9","false","施庚鳳","24.0","5","0","0","0.54784384","true","0","施庚鳳","20","1.0","PERSON"
"3.13037838","5.3949E-4","0.3194502","0.0","22","7","false","豐泰存濟堂","71.09090909","22","0","0","0.76329129","false","0","豐泰存濟堂","10753990","0.11125541","ORG"
"5.06940541","4.0E-8","0.19726179","0.0","5","9","false","黃徳申","24.0","5","0","0","0.54784384","true","0","黃徳申","20","1.0","PERSON"
"5.06940541","4.0E-8","0.19726179","0.0","5","9","false","譚裕濱","24.0","5","0","0","0.54784384","true","0","譚裕濱","20","1.0","PERSON"
"4.15005405","2.0E-8","0.24096072","0.0","2","8","false","袁鑾虞","19.0","2","0","0","0.64999399","false","0","袁鑾虞","18","0.9","PERSON"
"5.06940541","4.0E-8","0.19726179","0.0","5","9","false","蔡振剛","24.0","5","0","0","0.54784384","true","0","蔡振剛","20","1.0","PERSON"
"3.90875676","1.4592E-4","0.25583582","0.0","13","6","false","丁維藩","20.53846154","13","0","0","0.6768048","true","0","丁維藩","768294","0.17290674","PERSON"
"5.06940541","4.0E-8","0.19726179","0.0","5","9","false","傅祥林","24.0","5","0","0","0.54784384","true","0","傅祥林","20","1.0","PERSON"
"4.15005405","2.0E-8","0.24096072","0.0","2","8","false","樊芬","19.0","2","0","0","0.64999399","false","0","樊芬","18","0.9","PERSON"
"5.06940541","4.0E-8","0.19726179","0.0","5","9","false","陳德甫","24.0","5","0","0","0.54784384","true","0","陳德甫","20","1.0","PERSON"
"4.15005405","2.0E-8","0.24096072","0.0","2","8","false","丁駿","19.0","2","0","0","0.64999399","false","0","丁駿","18","0.9","PERSON"
"5.06940541","4.0E-8","0.19726179","0.0","5","9","false","施智伯","24.0","5","0","0","0.54784384","true","0","施智伯","20","1.0","PERSON"
"3.90443243","0.00114808","0.25611917","0.0","17","7","false","武進人","8.52941176","17","0","0","0.67728529","false","0","武進人","9488816","0.15686275","ORG"
"3.32194595","0.008207","0.30102838","0.0","11","6","false","王君","148.55555556","11","0","1","0.74200601","false","0","王君","19047492","0.12164514","PERSON"
"4.64562162","9.6744E-4","0.21525645","0.0","14","7","false","大連華商公議會","6.0","14","0","0","0.59493093","false","0","大連華商公議會","13271386","0.27777778","ORG"
"3.20908108","4.3417E-4","0.31161569","0.0","7","7","false","上海商會陳作霖商務公所","89.14285714","7","0","0","0.75454655","false","0","上海商會陳作霖商務公所","1021412","0.15329193","ORG"
"3.77340541","2.9995E-4","0.26501261","0.0","8","6","false","武昌黎","45.125","8","0","0","0.69184384","false","0","武昌黎","1173328","0.16526217","PERSON"
"3.68562162","6.9632E-4","0.27132465","0.0","20","6","false","鈞鑒","31.65","20","0","0","0.7015976","false","0","鈞鑒","3090524","0.076625","PERSON"
"3.82140541","4.542E-5","0.26168383","0.0","3","6","false","賀民國","75.66666667","3","0","0","0.68651051","false","0","賀民國","239056","0.35897436","PERSON"
"3.60951351","2.8494E-4","0.27704565","0.0","21","7","false","豐泰洋行","29.04761905","21","0","0","0.71005405","false","0","豐泰洋行","7133398","0.1286588","ORG"
"4.03243243","4.62E-6","0.24798928","0.0","4","7","false","袁樹勛","19.5","4","0","0","0.66306306","false","0","袁樹勛","50134","0.47435897","PERSON"
"3.20821622","0.00100941","0.31169969","0.0","14","7","false","上海工程局","53.0","14","0","0","0.75464264","false","0","上海工程局","3245274","0.0899654","ORG"
"3.88713514","3.0274E-4","0.25725887","0.0","13","7","false","李鍾珏","26.0","13","0","1","0.67920721","false","0","李鍾珏","698684","0.12562814","PERSON"
"3.21513514","1.3296E-4","0.31102892","0.0","5","7","false","大達云司","136.6","5","0","0","0.75387387","false","0","大達云司","763244","0.23664921","ORG"
"3.53945946","0.00454203","0.28252902","0.0","35","6","false","民共濟生會","12.45714286","35","0","0","0.71783784","false","0","民共濟生會","51367000","0.05114796","ORG"
"3.5827027","0.00133869","0.27911889","0.0","27","6","false","郁懷智","37.72","27","0","2","0.71303303","false","0","郁懷智","5010490","0.05990212","PERSON"
"4.01859459","3.726E-5","0.24884322","0.0","17","7","false","莫錫綸","11.21428571","17","0","2","0.6646006","false","0","莫錫綸","185534","0.16744731","PERSON"
"3.21513514","1.3296E-4","0.31102892","0.0","5","7","false","大達輪步公司","136.6","5","0","0","0.75387387","false","0","大達輪步公司","763244","0.23664921","ORG"
"4.53881081","0.0","0.22032203","0.0","2","7","false","林依中","35.0","2","0","0","0.6067988","false","0","林依中","2","1.0","PERSON"
"4.03243243","4.62E-6","0.24798928","0.0","4","7","false","姚文枬","19.5","4","0","0","0.66306306","false","0","姚文枬","50134","0.47435897","PERSON"
"4.53881081","0.0","0.22032203","0.0","2","7","false","張春苞","35.0","2","0","0","0.6067988","false","0","張春苞","2","1.0","PERSON"
"4.19027027","3.4E-7","0.23864809","0.0","3","8","false","瑞澂","20.66666667","3","0","0","0.64552553","false","0","瑞澂","306","0.5959596","PERSON"
"4.53881081","0.0","0.22032203","0.0","2","7","false","張去私","35.0","2","0","0","0.6067988","false","0","張去私","2","1.0","PERSON"
"4.19027027","3.4E-7","0.23864809","0.0","3","8","false","姚 文枬","20.66666667","3","0","0","0.64552553","false","0","姚 文枬","306","0.5959596","PERSON"
"3.20562162","5.1432E-4","0.31195198","0.0","13","7","false","天主堂","53.76923077","13","0","0","0.75493093","false","0","天主堂","3286968","0.09145447","ORG"
"4.19027027","3.4E-7","0.23864809","0.0","3","8","false","李鍾焉旣","20.66666667","3","0","0","0.64552553","false","0","李鍾焉旣","306","0.5959596","PERSON"
"4.53881081","0.0","0.22032203","0.0","2","7","false","錢達三","35.0","2","0","0","0.6067988","false","0","錢達三","2","1.0","PERSON"
"4.19027027","3.4E-7","0.23864809","0.0","3","8","false","陳緣山","20.66666667","3","0","0","0.64552553","false","0","陳緣山","306","0.5959596","PERSON"
"3.21167568","5.5157E-4","0.31136394","0.0","16","7","false","豐盈榨油有限公司","48.5","16","0","0","0.75425826","false","0","豐盈榨油有限公司","4939160","0.08333333","ORG"
"4.03243243","4.62E-6","0.24798928","0.0","4","7","false","皇上聖鑒","19.5","4","0","0","0.66306306","false","0","皇上聖鑒","50134","0.47435897","PERSON"
"4.53881081","0.0","0.22032203","0.0","2","7","false","王憲臣","35.0","2","0","0","0.6067988","false","0","王憲臣","2","1.0","PERSON"
"2.90205405","0.01410278","0.34458352","0.0","86","6","false","曾鑄","48.13580247","86","0","4","0.78866066","false","0","曾鑄","65237394","0.02321961","PERSON"
"4.53881081","0.0","0.22032203","0.0","2","7","false","鄭贊臣","35.0","2","0","0","0.6067988","false","0","鄭贊臣","2","1.0","PERSON"
"4.03243243","4.62E-6","0.24798928","0.0","4","7","false","明綸","19.5","4","0","0","0.66306306","false","0","明綸","50134","0.47435897","PERSON"
"4.59459459","1.884E-5","0.21764706","0.0","4","7","false","上海恒昌祥機器廠","13.75","4","0","0","0.6006006","false","0","上海恒昌祥機器廠","20898","0.28333333","ORG"
"4.53881081","0.0","0.22032203","0.0","2","7","false","徐久成","35.0","2","0","0","0.6067988","false","0","徐久成","2","1.0","PERSON"
"3.91437838","5.958E-5","0.2554684","0.0","3","7","false","朱捷三君","33.33333333","3","0","0","0.67618018","false","0","朱捷三君","325886","0.35531136","PERSON"
"4.45794595","7.983E-5","0.22431856","0.0","10","7","false","天主敎堂","12.8","10","0","0","0.61578378","false","0","天主敎堂","423598","0.16857143","ORG"
"3.99308108","1.2736E-4","0.25043318","0.0","6","7","false","朱曉南","26.5","6","0","0","0.66743544","false","0","朱曉南","828024","0.34931507","PERSON"
"3.91437838","5.958E-5","0.2554684","0.0","3","7","false","戴泉鏡","33.33333333","3","0","0","0.67618018","false","0","戴泉鏡","325886","0.35531136","PERSON"
"4.07394595","1.492E-5","0.24546227","0.0","4","7","false","季理斐君","21.25","4","0","0","0.65845045","false","0","季理斐君","140638","0.38207547","PERSON"
"4.53881081","0.0","0.22032203","0.0","2","7","false","邵琴","35.0","2","0","0","0.6067988","false","0","邵琴","2","1.0","PERSON"
"3.91437838","5.958E-5","0.2554684","0.0","3","7","false","馬福康","33.33333333","3","0","0","0.67618018","false","0","馬福康","325886","0.35531136","PERSON"
"4.53881081","0.0","0.22032203","0.0","2","7","false","周辛伯","35.0","2","0","0","0.6067988","false","0","周辛伯","2","1.0","PERSON"
"4.37145946","1.2594E-4","0.22875655","0.0","8","8","false","上海戒烟公局","8.625","8","0","0","0.62539339","false","0","上海戒烟公局","295776","0.18597561","ORG"
"4.06962162","2.623E-5","0.24572309","0.0","5","7","false","鈴木君","20.0","5","0","0","0.65893093","true","0","鈴木君","220870","0.30645161","PERSON"
"4.53881081","0.0","0.22032203","0.0","2","7","false","張善甫","35.0","2","0","0","0.6067988","false","0","張善甫","2","1.0","PERSON"
"3.9667027","2.3642E-4","0.25209855","0.0","25","8","false","豫罝衣莊","8.96","25","0","0","0.67036637","false","0","豫罝衣莊","1451616","0.09045455","ORG"
"3.97578378","8.773E-5","0.25152273","0.0","6","7","false","席錫藩","22.0","6","0","0","0.66935736","false","0","席錫藩","803000","0.3","PERSON"
"4.07394595","1.492E-5","0.24546227","0.0","4","7","false","段少滄君","21.25","4","0","0","0.65845045","false","0","段少滄君","140638","0.38207547","PERSON"
"4.53881081","0.0","0.22032203","0.0","2","7","false","吳禮門","35.0","2","0","0","0.6067988","false","0","吳禮門","2","1.0","PERSON"
"4.19502703","3.71E-6","0.23837749","0.0","2","8","false","施善哇","11.5","2","0","0","0.644997","false","0","施善哇","37000","0.75","PERSON"
"4.10118919","1.71E-5","0.24383172","0.0","4","8","false","榮瑞韾","15.5","4","0","0","0.65542342","false","0","榮瑞韾","177134","0.39189189","PERSON"
"4.07394595","1.492E-5","0.24546227","0.0","4","7","false","福君","21.25","4","0","0","0.65845045","false","0","福君","140638","0.38207547","PERSON"
"4.53881081","0.0","0.22032203","0.0","2","7","false","張青士","35.0","2","0","0","0.6067988","false","0","張青士","2","1.0","PERSON"
"4.10118919","1.71E-5","0.24383172","0.0","4","8","false","袁恆之","15.5","4","0","0","0.65542342","false","0","袁恆之","177134","0.39189189","PERSON"
"3.2147027","2.4663E-4","0.31107076","0.0","9","7","false","天仙四班","108.0","9","0","0","0.75392192","false","0","天仙四班","332486","0.1877193","ORG"
"4.53881081","0.0","0.22032203","0.0","2","7","false","蔣懷清","35.0","2","0","0","0.6067988","false","0","蔣懷清","2","1.0","PERSON"
"3.97578378","8.773E-5","0.25152273","0.0","6","7","false","胡寄梅","22.0","6","0","0","0.66935736","false","0","胡寄梅","803000","0.3","PERSON"
"4.53881081","0.0","0.22032203","0.0","2","7","false","胡訪鶴","35.0","2","0","0","0.6067988","false","0","胡訪鶴","2","1.0","PERSON"
"4.10118919","1.71E-5","0.24383172","0.0","4","8","false","張石君","15.5","4","0","0","0.65542342","false","0","張石君","177134","0.39189189","PERSON"
"4.53881081","0.0","0.22032203","0.0","2","7","false","張伯賢","35.0","2","0","0","0.6067988","false","0","張伯賢","2","1.0","PERSON"
"3.47545946","0.00116557","0.28773174","0.0","16","7","false","仝啓","69.9375","16","0","0","0.72494895","false","0","仝啓","4421292","0.0667999","PERSON"
"4.53881081","0.0","0.22032203","0.0","2","7","false","林蓮蓀","35.0","2","0","0","0.6067988","false","0","林蓮蓀","2","1.0","PERSON"
"4.09210811","5.3E-7","0.24437282","0.0","3","8","false","章春和","43.66666667","3","0","0","0.65643243","false","0","章春和","3210","0.47407407","PERSON"
"3.20864865","6.2513E-4","0.31165768","0.0","20","7","false","上海正心善司","55.9","20","0","0","0.75459459","false","0","上海正心善司","3800880","0.09581152","ORG"
"4.09210811","5.3E-7","0.24437282","0.0","3","8","false","全昌祥","43.66666667","3","0","0","0.65643243","false","0","全昌祥","3210","0.47407407","PERSON"
"3.21081081","1.6782E-4","0.31144781","0.0","11","7","false","天水同德堂","114.45454545","11","0","0","0.75435435","false","0","天水同德堂","480506","0.19662833","ORG"
"4.09210811","5.3E-7","0.24437282","0.0","3","8","false","花奇玉","43.66666667","3","0","0","0.65643243","false","0","花奇玉","3210","0.47407407","PERSON"
"4.53881081","0.0","0.22032203","0.0","2","7","false","陳劍虹","35.0","2","0","0","0.6067988","false","0","陳劍虹","2","1.0","PERSON"
"4.09210811","5.3E-7","0.24437282","0.0","3","8","false","李清泉","43.66666667","3","0","0","0.65643243","false","0","李清泉","3210","0.47407407","PERSON"
"5.69772973","8.641E-5","0.1755085","0.0","2","8","false","民政司","6.5","2","0","0","0.47803003","false","0","民政司","5933708","0.78571429","ORG"
"4.09210811","5.3E-7","0.24437282","0.0","3","8","false","董郁懷智","43.66666667","3","0","0","0.65643243","false","0","董郁懷智","3210","0.47407407","PERSON"
"3.18140541","0.00245057","0.31432649","0.0","14","7","false","民政部","50.14285714","14","0","0","0.75762162","false","0","民政部","6655178","0.07990708","ORG"
"3.53945946","0.00454203","0.28252902","0.0","35","6","false","財政研究會","12.45714286","35","0","0","0.71783784","false","0","財政研究會","51367000","0.05114796","ORG"
"3.66659459","2.4964E-4","0.27273263","0.0","21","7","false","趙榮昌","45.05263158","21","0","2","0.70371171","false","0","趙榮昌","1995032","0.07894737","PERSON"
"4.18118919","0.0","0.23916641","0.0","1","8","false","李文治","14.0","1","0","0","0.64653453","false","0","李文治","0","0.0","PERSON"
"4.18118919","0.0","0.23916641","0.0","1","8","false","周樹松","14.0","1","0","0","0.64653453","false","0","周樹松","0","0.0","PERSON"
"3.2147027","1.8113E-4","0.31107076","0.0","9","7","false","天水明德堂","135.0","9","0","0","0.75392192","false","0","天水明德堂","695280","0.23508772","ORG"
"4.09210811","5.3E-7","0.24437282","0.0","3","8","false","蘇得鑣","43.66666667","3","0","0","0.65643243","false","0","蘇得鑣","3210","0.47407407","PERSON"
"4.18118919","0.0","0.23916641","0.0","1","8","false","周鐘聯","14.0","1","0","0","0.64653453","false","0","周鐘聯","0","0.0","PERSON"
"3.73535135","1.3152E-4","0.26771243","0.0","11","8","false","張嘉年","68.90909091","11","0","0","0.69607207","false","0","張嘉年","939938","0.12646013","PERSON"
"3.54983784","6.5904E-4","0.28170301","0.0","20","6","false","席裕福","53.47368421","20","0","1","0.71668468","false","0","席裕福","3964568","0.07855342","PERSON"
"3.73535135","1.3152E-4","0.26771243","0.0","11","8","false","張德鎭","68.90909091","11","0","0","0.69607207","false","0","張德鎭","939938","0.12646013","PERSON"
"3.73448649","1.5365E-4","0.26777443","0.0","14","8","false","熊定保","60.76923077","14","0","1","0.69616817","false","0","熊定保","1151756","0.11130211","PERSON"
"3.21167568","5.5157E-4","0.31136394","0.0","16","7","false","天津　　福華紙烟股分有限公司","48.5","16","0","0","0.75425826","false","0","天津　　福華紙烟股分有限公司","4939160","0.08333333","ORG"
"3.73448649","1.5365E-4","0.26777443","0.0","14","8","false","鄧熾昌","60.76923077","14","0","1","0.69616817","false","0","鄧熾昌","1151756","0.11130211","PERSON"
"3.70205405","0.00239349","0.27012031","0.0","15","6","false","民生國計會","20.4","15","0","0","0.69977177","false","0","民生國計會","40943808","0.09371981","ORG"
"3.73535135","1.3152E-4","0.26771243","0.0","11","8","false","沈顧承","68.90909091","11","0","0","0.69607207","false","0","沈顧承","939938","0.12646013","PERSON"
"3.73535135","1.3152E-4","0.26771243","0.0","11","8","false","宋逹道","68.90909091","11","0","0","0.69607207","false","0","宋逹道","939938","0.12646013","PERSON"
"3.73448649","1.5365E-4","0.26777443","0.0","14","8","false","葛繩孝","60.76923077","14","0","1","0.69616817","false","0","葛繩孝","1151756","0.11130211","PERSON"
"4.20454054","0.0","0.23783812","0.0","1","8","false","李柏記","32.0","1","0","0","0.64393994","false","0","李柏記","0","0.0","PERSON"
"3.20475676","0.00383158","0.31203616","0.0","32","7","false","上海正心善堂","35.25","32","0","0","0.75502703","false","0","上海正心善堂","13131478","0.06008772","ORG"
"4.20454054","0.0","0.23783812","0.0","1","8","false","江瑞盛","32.0","1","0","0","0.64393994","false","0","江瑞盛","0","0.0","PERSON"
"4.20454054","0.0","0.23783812","0.0","1","8","false","莊葵泉","32.0","1","0","0","0.64393994","false","0","莊葵泉","0","0.0","PERSON"
"4.87956757","0.0","0.20493619","0.0","1","8","false","天津禪臣洋行","3.0","1","0","0","0.56893694","false","0","天津禪臣洋行","0","0.0","ORG"
"4.20454054","0.0","0.23783812","0.0","1","8","false","王俊臣","32.0","1","0","0","0.64393994","false","0","王俊臣","0","0.0","PERSON"
"3.21167568","5.5157E-4","0.31136394","0.0","16","7","false","天津華勝燭皂股分有限公司","48.5","16","0","0","0.75425826","false","0","天津華勝燭皂股分有限公司","4939160","0.08333333","ORG"
"4.6892973","0.00119069","0.21325157","0.0","14","7","false","民立報館","5.5","14","0","0","0.59007808","false","0","民立報館","22380590","0.225","ORG"
"3.20216216","3.2139E-4","0.31228899","0.0","17","7","false","財政部","47.41176471","17","0","0","0.75531532","false","0","財政部","1390882","0.08113945","ORG"
"4.20454054","0.0","0.23783812","0.0","1","8","false","蘇德","32.0","1","0","0","0.64393994","false","0","蘇德","0","0.0","PERSON"
"4.20454054","0.0","0.23783812","0.0","1","8","false","鄧　昌","32.0","1","0","0","0.64393994","false","0","鄧　昌","0","0.0","PERSON"
"4.20454054","0.0","0.23783812","0.0","1","8","false","宋達道","32.0","1","0","0","0.64393994","false","0","宋達道","0","0.0","PERSON"
"3.00064865","0.01423449","0.33326128","0.0","54","6","false","民軍","19.94444444","54","0","0","0.77770571","false","0","民軍","30399480","0.02512526","ORG"
"3.728","5.8808E-4","0.26824034","0.0","6","6","false","天賜福門莊","42.66666667","6","0","0","0.69688889","false","0","天賜福門莊","4171080","0.22893773","ORG"
"4.19243243","3.9E-7","0.23852501","0.0","6","8","false","高易公舘","27.66666667","6","0","0","0.64528529","false","0","高易公舘","652","0.66666667","PERSON"
"4.19243243","3.9E-7","0.23852501","0.0","6","8","false","德順祥","27.66666667","6","0","0","0.64528529","false","0","德順祥","652","0.66666667","PERSON"
"4.72778378","0.0","0.21151559","0.0","1","7","false","端制","6.0","1","0","0","0.5858018","false","0","端制","0","0.0","PERSON"
"3.21124324","6.0464E-4","0.31140587","0.0","13","7","false","費商","70.76923077","13","0","0","0.75430631","false","0","費商","3355248","0.12154918","ORG"
"4.19243243","3.9E-7","0.23852501","0.0","6","8","false","全泰美","27.66666667","6","0","0","0.64528529","false","0","全泰美","652","0.66666667","PERSON"
"4.19243243","3.9E-7","0.23852501","0.0","6","8","false","趙馥記","27.66666667","6","0","0","0.64528529","false","0","趙馥記","652","0.66666667","PERSON"
"4.00043243","0.0","0.24997298","0.0","1","7","false","姚立人","54.0","1","0","0","0.66661862","false","0","姚立人","0","0.0","PERSON"
"5.16281081","2.0E-8","0.19369294","0.0","3","8","false","好博遜君","12.0","3","0","0","0.53746547","false","0","好博遜君","6","1.0","PERSON"
"4.19243243","3.9E-7","0.23852501","0.0","6","8","false","魯意師摩","27.66666667","6","0","0","0.64528529","false","0","魯意師摩","652","0.66666667","PERSON"
"4.16389189","0.00119486","0.24015993","0.0","12","7","false","天足會","11.25","12","0","0","0.64845646","false","0","天足會","16116024","0.11516854","ORG"
"4.00043243","0.0","0.24997298","0.0","1","7","false","曹幹臣","54.0","1","0","0","0.66661862","false","0","曹幹臣","0","0.0","PERSON"
"3.44605405","6.0382E-4","0.29018697","0.0","17","7","false","金利源","113.94117647","17","0","0","0.72821622","false","0","金利源","2535598","0.10447842","PERSON"
"5.16281081","2.0E-8","0.19369294","0.0","3","8","false","安特生君高","12.0","3","0","0","0.53746547","false","0","安特生君高","6","1.0","PERSON"
"4.00043243","0.0","0.24997298","0.0","1","7","false","毛吉生","54.0","1","0","0","0.66661862","false","0","毛吉生","0","0.0","PERSON"
"4.19243243","3.9E-7","0.23852501","0.0","6","8","false","鴻裕仁","27.66666667","6","0","0","0.64528529","false","0","鴻裕仁","652","0.66666667","PERSON"
"4.00043243","0.0","0.24997298","0.0","1","7","false","翁衡卿","54.0","1","0","0","0.66661862","false","0","翁衡卿","0","0.0","PERSON"
"5.16281081","2.0E-8","0.19369294","0.0","3","8","false","施予英","12.0","3","0","0","0.53746547","false","0","施予英","6","1.0","PERSON"
"4.19243243","3.9E-7","0.23852501","0.0","6","8","false","瞿富全","27.66666667","6","0","0","0.64528529","false","0","瞿富全","652","0.66666667","PERSON"
"4.00043243","0.0","0.24997298","0.0","1","7","false","龎竹卿","54.0","1","0","0","0.66661862","false","0","龎竹卿","0","0.0","PERSON"
"4.19243243","3.9E-7","0.23852501","0.0","6","8","false","北天成","27.66666667","6","0","0","0.64528529","false","0","北天成","652","0.66666667","PERSON"
"4.00043243","0.0","0.24997298","0.0","1","7","false","張森堂","54.0","1","0","0","0.66661862","false","0","張森堂","0","0.0","PERSON"
"4.37578378","2.579E-5","0.22853049","0.0","14","7","false","費格　勝銀行","30.71428571","14","0","0","0.62491291","true","0","費格　勝銀行","131432","0.32653061","ORG"
"4.19243243","3.9E-7","0.23852501","0.0","6","8","false","周仲若","27.66666667","6","0","0","0.64528529","false","0","周仲若","652","0.66666667","PERSON"
"5.16281081","2.0E-8","0.19369294","0.0","3","8","false","席予佩君","12.0","3","0","0","0.53746547","false","0","席予佩君","6","1.0","PERSON"
"4.00043243","0.0","0.24997298","0.0","1","7","false","朱曉六","54.0","1","0","0","0.66661862","false","0","朱曉六","0","0.0","PERSON"
"4.19243243","3.9E-7","0.23852501","0.0","6","8","false","蘇德鏞","27.66666667","6","0","0","0.64528529","false","0","蘇德鏞","652","0.66666667","PERSON"
"5.16281081","2.0E-8","0.19369294","0.0","3","8","false","汪漢溪君","12.0","3","0","0","0.53746547","false","0","汪漢溪君","6","1.0","PERSON"
"4.00043243","0.0","0.24997298","0.0","1","7","false","黃耐安","54.0","1","0","0","0.66661862","false","0","黃耐安","0","0.0","PERSON"
"5.16281081","2.0E-8","0.19369294","0.0","3","8","false","好安二君","12.0","3","0","0","0.53746547","false","0","好安二君","6","1.0","PERSON"
"4.00043243","0.0","0.24997298","0.0","1","7","false","張詠唐","54.0","1","0","0","0.66661862","false","0","張詠唐","0","0.0","PERSON"
"5.16281081","2.0E-8","0.19369294","0.0","3","8","false","李二君","12.0","3","0","0","0.53746547","false","0","李二君","6","1.0","PERSON"
"4.00043243","0.0","0.24997298","0.0","1","7","false","包榮堂","54.0","1","0","0","0.66661862","false","0","包榮堂","0","0.0","PERSON"
"3.09621622","8.4896E-4","0.32297486","0.0","61","7","false","上海烟公司","52.52459016","61","0","0","0.76708709","false","0","上海烟公司","19247848","0.07842403","ORG"
"5.16281081","2.0E-8","0.19369294","0.0","3","8","false","董舉文","12.0","3","0","0","0.53746547","false","0","董舉文","6","1.0","PERSON"
"4.00043243","0.0","0.24997298","0.0","1","7","false","葉庚","54.0","1","0","0","0.66661862","false","0","葉庚","0","0.0","PERSON"
"4.16389189","0.00119486","0.24015993","0.0","12","7","false","天足會學堂","11.25","12","0","0","0.64845646","false","0","天足會學堂","16116024","0.11516854","ORG"
"4.00043243","0.0","0.24997298","0.0","1","7","false","木慕潔","54.0","1","0","0","0.66661862","false","0","木慕潔","0","0.0","PERSON"
"4.00043243","0.0","0.24997298","0.0","1","7","false","王賢麟","54.0","1","0","0","0.66661862","false","0","王賢麟","0","0.0","PERSON"
"4.00043243","0.0","0.24997298","0.0","1","7","false","吳其動","54.0","1","0","0","0.66661862","false","0","吳其動","0","0.0","PERSON"
"3.90659459","8.2739E-4","0.25597742","0.0","33","7","false","費鴻記","13.84848485","33","0","0","0.67704505","false","0","費鴻記","5905888","0.09733701","ORG"
"4.00043243","0.0","0.24997298","0.0","1","7","false","浦培根","54.0","1","0","0","0.66661862","false","0","浦培根","0","0.0","PERSON"
"4.00043243","0.0","0.24997298","0.0","1","7","false","邱紀生","54.0","1","0","0","0.66661862","false","0","邱紀生","0","0.0","PERSON"
"4.00043243","0.0","0.24997298","0.0","1","7","false","錢紳齊","54.0","1","0","0","0.66661862","false","0","錢紳齊","0","0.0","PERSON"
"4.00043243","0.0","0.24997298","0.0","1","7","false","張慕君","54.0","1","0","0","0.66661862","false","0","張慕君","0","0.0","PERSON"
"3.2147027","5.896E-4","0.31107076","0.0","9","7","false","天順","89.44444444","9","0","0","0.75392192","false","0","天順","2134470","0.15516569","ORG"
"4.00043243","0.0","0.24997298","0.0","1","7","false","張東如","54.0","1","0","0","0.66661862","false","0","張東如","0","0.0","PERSON"
"4.00043243","0.0","0.24997298","0.0","1","7","false","張如東","54.0","1","0","0","0.66661862","false","0","張如東","0","0.0","PERSON"
"4.00043243","0.0","0.24997298","0.0","1","7","false","葉庚三","54.0","1","0","0","0.66661862","false","0","葉庚三","0","0.0","PERSON"
"4.00043243","0.0","0.24997298","0.0","1","7","false","吳其勛","54.0","1","0","0","0.66661862","false","0","吳其勛","0","0.0","PERSON"
"4.00043243","0.0","0.24997298","0.0","1","7","false","楊友孫","54.0","1","0","0","0.66661862","false","0","楊友孫","0","0.0","PERSON"
"3.95762162","0.00116249","0.25267701","0.0","18","6","false","太古晋信局","18.5","18","0","0","0.67137538","false","0","太古晋信局","44199318","0.109375","ORG"
"4.00043243","0.0","0.24997298","0.0","1","7","false","黃友松","54.0","1","0","0","0.66661862","false","0","黃友松","0","0.0","PERSON"
"4.95610811","3.0E-8","0.20177122","0.0","4","7","false","吳葭窗","18.0","4","0","0","0.56043243","false","0","吳葭窗","12","1.0","PERSON"
"4.00043243","0.0","0.24997298","0.0","1","7","false","王笑園","54.0","1","0","0","0.66661862","false","0","王笑園","0","0.0","PERSON"
"4.00043243","0.0","0.24997298","0.0","1","7","false","肅君","54.0","1","0","0","0.66661862","false","0","肅君","0","0.0","PERSON"
"4.95610811","3.0E-8","0.20177122","0.0","4","7","false","元昌","18.0","4","0","0","0.56043243","false","0","元昌","12","1.0","PERSON"
"4.95610811","3.0E-8","0.20177122","0.0","4","7","false","王數翁","18.0","4","0","0","0.56043243","false","0","王數翁","12","1.0","PERSON"
"4.95610811","3.0E-8","0.20177122","0.0","4","7","false","王廣翁","18.0","4","0","0","0.56043243","false","0","王廣翁","12","1.0","PERSON"
"5.18010811","0.0","0.19304616","0.0","1","8","false","濤貝勒","15.0","1","0","0","0.53554354","false","0","濤貝勒","0","0.0","PERSON"
"4.18032432","0.00363164","0.23921589","0.0","15","7","false","資政院","17.73333333","15","0","0","0.64663063","false","0","資政院","49069950","0.10080321","ORG"
"4.95610811","3.0E-8","0.20177122","0.0","4","7","false","黃裕泰","18.0","4","0","0","0.56043243","false","0","黃裕泰","12","1.0","PERSON"
"5.18010811","0.0","0.19304616","0.0","1","8","false","王陽明","15.0","1","0","0","0.53554354","false","0","王陽明","0","0.0","PERSON"
"4.95610811","3.0E-8","0.20177122","0.0","4","7","false","范君合","18.0","4","0","0","0.56043243","false","0","范君合","12","1.0","PERSON"
"5.18010811","0.0","0.19304616","0.0","1","8","false","熊澤蕃山","15.0","1","0","0","0.53554354","false","0","熊澤蕃山","0","0.0","PERSON"
"4.95610811","3.0E-8","0.20177122","0.0","4","7","false","熊君","18.0","4","0","0","0.56043243","false","0","熊君","12","1.0","PERSON"
"4.95610811","3.0E-8","0.20177122","0.0","4","7","false","福祿壽","18.0","4","0","0","0.56043243","false","0","福祿壽","12","1.0","PERSON"
"4.95610811","3.0E-8","0.20177122","0.0","4","7","false","劉君","18.0","4","0","0","0.56043243","false","0","劉君","12","1.0","PERSON"
"5.18010811","0.0","0.19304616","0.0","1","8","false","倫貝子","15.0","1","0","0","0.53554354","false","0","倫貝子","0","0.0","PERSON"
"4.95610811","3.0E-8","0.20177122","0.0","4","7","false","楊義成","18.0","4","0","0","0.56043243","false","0","楊義成","12","1.0","PERSON"
"3.85513514","7.3947E-4","0.25939428","0.0","13","7","false","永　商輪","15.76923077","13","0","0","0.68276276","false","0","永　商輪","12174900","0.12307692","ORG"
"3.77081081","1.1261E-4","0.26519495","0.0","4","7","false","陳洪英","85.75","4","0","0","0.69213213","false","0","陳洪英","2082202","0.27605863","PERSON"
"4.76713514","8.4E-7","0.20976959","0.0","9","8","false","太古順","4.0","9","0","0","0.58142943","false","0","太古順","72","1.0","ORG"
"3.77081081","1.1261E-4","0.26519495","0.0","4","7","false","蔣祖賢","85.75","4","0","0","0.69213213","false","0","蔣祖賢","2082202","0.27605863","PERSON"
"3.77081081","1.1261E-4","0.26519495","0.0","4","7","false","李門沙","85.75","4","0","0","0.69213213","false","0","李門沙","2082202","0.27605863","PERSON"
"3.9667027","2.3642E-4","0.25209855","0.0","25","8","false","賈餘慶堂","8.96","25","0","0","0.67036637","false","0","賈餘慶堂","1451616","0.09045455","ORG"
"3.85989189","3.44E-5","0.25907461","0.0","2","7","false","上海瓷業公司","65.5","2","0","0","0.68223423","false","0","上海瓷業公司","615328","0.5375","ORG"
"3.77081081","1.1261E-4","0.26519495","0.0","4","7","false","曹子翁","85.75","4","0","0","0.69213213","false","0","曹子翁","2082202","0.27605863","PERSON"
"4.60540541","7.15E-6","0.21713615","0.0","13","7","false","洪文廷","3.6","13","0","2","0.5993994","true","0","洪文廷","22992","0.325","PERSON"
"3.77081081","1.1261E-4","0.26519495","0.0","4","7","false","嚴樂賢","85.75","4","0","0","0.69213213","false","0","嚴樂賢","2082202","0.27605863","PERSON"
"3.86032432","1.977E-5","0.25904559","0.0","11","7","false","蔡同德","34.90909091","11","0","0","0.68218619","false","0","蔡同德","211638","0.1803675","PERSON"
"3.77081081","1.1261E-4","0.26519495","0.0","4","7","false","徐秉丞","85.75","4","0","0","0.69213213","false","0","徐秉丞","2082202","0.27605863","PERSON"
"3.15891892","4.7345E-4","0.316564","0.0","19","6","false","上海申昌書局","63.94736842","19","0","0","0.76012012","false","0","上海申昌書局","6318182","0.10456373","ORG"
"3.09405405","0.00111721","0.32320056","0.0","71","7","false","永壽堂","49.27272727","71","0","5","0.76732733","false","0","永壽堂","20358996","0.07347447","ORG"
"3.77081081","1.1261E-4","0.26519495","0.0","4","7","false","吳石潛","85.75","4","0","0","0.69213213","false","0","吳石潛","2082202","0.27605863","PERSON"
"3.86032432","1.977E-5","0.25904559","0.0","11","7","false","袁君心","34.90909091","11","0","0","0.68218619","false","0","袁君心","211638","0.1803675","PERSON"
"3.77081081","1.1261E-4","0.26519495","0.0","4","7","false","鄭孝　　思","85.75","4","0","0","0.69213213","false","0","鄭孝　　思","2082202","0.27605863","PERSON"
"3.77081081","1.1261E-4","0.26519495","0.0","4","7","false","陳泰田","85.75","4","0","0","0.69213213","false","0","陳泰田","2082202","0.27605863","PERSON"
"3.12345946","0.00171632","0.32015783","0.0","44","7","false","太平會","38.5","44","0","0","0.76406006","false","0","太平會","15489726","0.05832037","ORG"
"3.85902703","5.515E-5","0.25913268","0.0","14","7","false","謹啓","30.85714286","14","0","0","0.68233033","false","0","謹啓","769314","0.15881459","PERSON"
"3.85902703","5.515E-5","0.25913268","0.0","14","7","false","徐孟翔","30.85714286","14","0","0","0.68233033","false","0","徐孟翔","769314","0.15881459","PERSON"
"3.85902703","5.515E-5","0.25913268","0.0","14","7","false","張大令","30.85714286","14","0","0","0.68233033","false","0","張大令","769314","0.15881459","PERSON"
"3.85902703","5.515E-5","0.25913268","0.0","14","7","false","玉雙","30.85714286","14","0","0","0.68233033","false","0","玉雙","769314","0.15881459","PERSON"
"3.85902703","5.515E-5","0.25913268","0.0","14","7","false","徐孟瀾","30.85714286","14","0","0","0.68233033","false","0","徐孟瀾","769314","0.15881459","PERSON"
"3.85902703","5.515E-5","0.25913268","0.0","14","7","false","李響泉","30.85714286","14","0","0","0.68233033","false","0","李響泉","769314","0.15881459","PERSON"
"3.53167568","3.7219E-4","0.28315171","0.0","10","6","false","賑欵","32.1","10","0","0","0.7187027","false","0","賑欵","4260696","0.14809524","ORG"
"3.58832432","0.00653325","0.27868161","0.0","43","6","false","李平書","34.0","43","0","0","0.71240841","false","0","李平書","88194078","0.05871886","PERSON"
"3.81578378","0.00110117","0.26206936","0.0","24","7","false","朱志堯","26.33333333","24","0","0","0.68713514","false","0","朱志堯","20722684","0.1068917","PERSON"
"3.85902703","5.515E-5","0.25913268","0.0","14","7","false","黃公續","30.85714286","14","0","0","0.68233033","false","0","黃公續","769314","0.15881459","PERSON"
"3.85902703","5.515E-5","0.25913268","0.0","14","7","false","狄楚靑","30.85714286","14","0","0","0.68233033","false","0","狄楚靑","769314","0.15881459","PERSON"
"3.86032432","1.977E-5","0.25904559","0.0","11","7","false","張謇啓","34.90909091","11","0","0","0.68218619","false","0","張謇啓","211638","0.1803675","PERSON"
"4.096","5.2788E-4","0.24414063","0.0","34","7","false","贛海","12.29411765","34","0","0","0.656","false","0","贛海","4929590","0.11294118","ORG"
"4.72562162","1.0E-8","0.21161237","0.0","2","7","false","王公貝","10.0","2","0","0","0.58604204","false","0","王公貝","2","1.0","PERSON"
"3.72627027","7.6043E-4","0.26836486","0.0","10","6","false","上海祥泰洋行","28.3","10","0","0","0.69708108","false","0","上海祥泰洋行","9033810","0.15","ORG"
"4.02075676","5.119E-5","0.2487094","0.0","13","7","false","王倫貝子","10.15384615","13","0","0","0.66436036","false","0","王倫貝子","473316","0.28605769","PERSON"
"4.7212973","1.16E-6","0.21180619","0.0","6","7","false","司道如","8.83333333","6","0","0","0.58652252","false","0","司道如","324","0.52222222","PERSON"
"4.02075676","5.119E-5","0.2487094","0.0","13","7","false","張制軍","10.15384615","13","0","0","0.66436036","false","0","張制軍","473316","0.28605769","PERSON"
"4.02162162","4.539E-5","0.24865591","0.0","12","7","false","端制軍","10.5","12","0","0","0.66426426","false","0","端制軍","431684","0.30645161","PERSON"
"4.72172973","8.1E-7","0.21178679","0.0","5","7","false","額贊揚","9.8","5","0","0","0.58647447","false","0","額贊揚","272","0.58666667","PERSON"
"4.72172973","1.38E-6","0.21178679","0.0","7","7","false","龐萊臣","8.28571429","7","0","0","0.58647447","false","0","龐萊臣","414","0.56043956","PERSON"
"4.72562162","1.0E-8","0.21161237","0.0","2","7","false","鉄别李","10.0","2","0","0","0.58604204","false","0","鉄别李","2","1.0","PERSON"
"4.2067027","1.0E-8","0.23771587","0.0","2","8","false","周參賛","13.0","2","0","0","0.6436997","false","0","周參賛","2","1.0","PERSON"
"3.20735135","0.0018278","0.31178374","0.0","13","7","false","上海萬國紅十字會","49.38461538","13","0","0","0.75473874","false","0","上海萬國紅十字會","4574178","0.08444086","ORG"
"3.84864865","8.173E-5","0.25983146","0.0","3","7","false","奉　江　學務處","47.66666667","3","0","0","0.68348348","false","0","奉　江　學務處","1299740","0.36745407","ORG"
"4.2067027","1.0E-8","0.23771587","0.0","2","8","false","海寰","13.0","2","0","0","0.6436997","false","0","海寰","2","1.0","PERSON"
"4.2067027","1.0E-8","0.23771587","0.0","2","8","false","吕海寰","13.0","2","0","0","0.6436997","false","0","吕海寰","2","1.0","PERSON"
"3.21081081","2.2956E-4","0.31144781","0.0","6","7","false","奉定學堂","103.16666667","6","0","0","0.75435435","false","0","奉定學堂","798760","0.17614943","ORG"
"4.20324324","2.2E-6","0.23791152","0.0","3","8","false","盛宣懷","12.0","3","0","0","0.64408408","false","0","盛宣懷","350","0.57894737","PERSON"
"4.20064865","4.16E-6","0.23805847","0.0","5","8","false","楊士琦","13.6","5","0","0","0.64437237","false","0","楊士琦","1568","0.54782609","PERSON"
"4.2067027","1.0E-8","0.23771587","0.0","2","8","false","李經方","13.0","2","0","0","0.6436997","false","0","李經方","2","1.0","PERSON"
"4.2067027","1.0E-8","0.23771587","0.0","2","8","false","劉宇泰","13.0","2","0","0","0.6436997","false","0","劉宇泰","2","1.0","PERSON"
"4.096","5.2788E-4","0.24414063","0.0","34","7","false","贛豐","12.29411765","34","0","0","0.656","false","0","贛豐","4929590","0.11294118","ORG"
"3.78118919","0.00230245","0.26446706","0.0","27","6","false","沈敦和","21.51851852","27","0","0","0.69097898","true","0","沈敦和","32283520","0.06885409","PERSON"
"4.06832432","2.42E-5","0.24580145","0.0","10","7","false","任錫汾","16.8","10","0","0","0.65907508","true","0","任錫汾","72326","0.26333333","PERSON"
"4.2067027","1.0E-8","0.23771587","0.0","2","8","false","周晋鏕","13.0","2","0","0","0.6436997","false","0","周晋鏕","2","1.0","PERSON"
"6.69578378","4.7E-7","0.14934771","0.0","5","9","false","朱君葆三","2.0","5","0","0","0.36713514","false","0","朱君葆三","20","1.0","PERSON"
"3.85513514","7.3947E-4","0.25939428","0.0","13","7","false","永安輪局","15.76923077","13","0","0","0.68276276","false","0","永安輪局","12174900","0.12307692","ORG"
"5.69772973","8.641E-5","0.1755085","0.0","2","8","false","奉鈞府","6.5","2","0","0","0.47803003","false","0","奉鈞府","5933708","0.78571429","ORG"
"4.2067027","1.0E-8","0.23771587","0.0","2","8","false","任鳳苞","13.0","2","0","0","0.6436997","false","0","任鳳苞","2","1.0","PERSON"
"3.20216216","2.3953E-4","0.31228899","0.0","12","7","false","奚良濟堂","72.33333333","12","0","0","0.75531532","false","0","奚良濟堂","2492036","0.12405797","ORG"
"3.71502703","0.00487177","0.26917705","0.0","13","6","false","楊信之","43.33333333","13","0","1","0.69833033","false","0","楊信之","43366250","0.11024306","PERSON"
"3.88843243","0.0","0.25717304","0.0","1","7","false","林　蓀","102.0","1","0","0","0.67906306","false","0","林　蓀","0","0.0","PERSON"
"3.88843243","0.0","0.25717304","0.0","1","7","false","蘇筠尙","102.0","1","0","0","0.67906306","false","0","蘇筠尙","0","0.0","PERSON"
"3.41362162","0.00448445","0.29294401","0.0","23","7","false","郁屏翰","58.73913043","23","0","0","0.73181982","true","0","郁屏翰","25125872","0.0635194","PERSON"
"3.85513514","7.3947E-4","0.25939428","0.0","13","7","false","永寕商輪局","15.76923077","13","0","0","0.68276276","false","0","永寕商輪局","12174900","0.12307692","ORG"
"3.88843243","0.0","0.25717304","0.0","1","7","false","顧馨","102.0","1","0","0","0.67906306","false","0","顧馨","0","0.0","PERSON"
"4.37578378","2.579E-5","0.22853049","0.0","14","7","false","奥蘭荷蘭銀行","30.71428571","14","0","0","0.62491291","true","0","奥蘭荷蘭銀行","131432","0.32653061","ORG"
"3.88843243","0.0","0.25717304","0.0","1","7","false","周　舜卿","102.0","1","0","0","0.67906306","false","0","周　舜卿","0","0.0","PERSON"
"3.88843243","0.0","0.25717304","0.0","1","7","false","丁欽齊","102.0","1","0","0","0.67906306","false","0","丁欽齊","0","0.0","PERSON"
"3.88843243","0.0","0.25717304","0.0","1","7","false","葉明齊","102.0","1","0","0","0.67906306","false","0","葉明齊","0","0.0","PERSON"
"3.88843243","0.0","0.25717304","0.0","1","7","false","胡　薌","102.0","1","0","0","0.67906306","false","0","胡　薌","0","0.0","PERSON"
"3.88843243","0.0","0.25717304","0.0","1","7","false","沈聯芳","102.0","1","0","0","0.67906306","false","0","沈聯芳","0","0.0","PERSON"
"5.86032432","1.0E-8","0.17063902","0.0","2","9","false","賴洋元","13.0","2","0","0","0.45996396","false","0","賴洋元","2","1.0","PERSON"
"3.88843243","0.0","0.25717304","0.0","1","7","false","沈　　七","102.0","1","0","0","0.67906306","false","0","沈　　七","0","0.0","PERSON"
"4.86097297","0.00259095","0.20572013","0.0","13","8","false","永昌","2.30769231","13","0","0","0.571003","false","0","永昌","10670412","0.26153846","ORG"
"3.17318919","3.1213E-4","0.31514037","0.0","16","7","false","路仁濟善堂","124.41666667","16","0","4","0.75853453","false","0","路仁濟善堂","4798904","0.20672808","ORG"
"3.88843243","0.0","0.25717304","0.0","1","7","false","唐露","102.0","1","0","0","0.67906306","false","0","唐露","0","0.0","PERSON"
"5.86032432","1.0E-8","0.17063902","0.0","2","9","false","王肇之","13.0","2","0","0","0.45996396","false","0","王肇之","2","1.0","PERSON"
"3.30897297","0.00334585","0.30220857","0.0","39","5","false","好博生稅務司","20.41025641","39","0","0","0.74344745","false","0","好博生稅務司","53381184","0.05725739","ORG"
"3.88843243","0.0","0.25717304","0.0","1","7","false","朱味江","102.0","1","0","0","0.67906306","false","0","朱味江","0","0.0","PERSON"
"5.86032432","1.0E-8","0.17063902","0.0","2","9","false","松林","13.0","2","0","0","0.45996396","false","0","松林","2","1.0","PERSON"
"3.88843243","0.0","0.25717304","0.0","1","7","false","夏粹芳","102.0","1","0","0","0.67906306","false","0","夏粹芳","0","0.0","PERSON"
"5.86032432","1.0E-8","0.17063902","0.0","2","9","false","姚妙發","13.0","2","0","0","0.45996396","false","0","姚妙發","2","1.0","PERSON"
"3.88281081","6.45E-5","0.25754538","0.0","6","7","false","萊臣","27.16666667","6","0","0","0.67968769","false","0","萊臣","309184","0.24006116","PERSON"
"5.86032432","1.0E-8","0.17063902","0.0","2","9","false","張紀泉","13.0","2","0","0","0.45996396","false","0","張紀泉","2","1.0","PERSON"
"3.88843243","0.0","0.25717304","0.0","1","7","false","印鍚","102.0","1","0","0","0.67906306","false","0","印鍚","0","0.0","PERSON"
"5.86032432","1.0E-8","0.17063902","0.0","2","9","false","陳海泉","13.0","2","0","0","0.45996396","false","0","陳海泉","2","1.0","PERSON"
"3.88843243","0.0","0.25717304","0.0","1","7","false","施　畦","102.0","1","0","0","0.67906306","false","0","施　畦","0","0.0","PERSON"
"5.86032432","1.0E-8","0.17063902","0.0","2","9","false","滿庭芳","13.0","2","0","0","0.45996396","false","0","滿庭芳","2","1.0","PERSON"
"3.88108108","3.726E-5","0.25766017","0.0","2","7","false","洪念祖","63.0","2","0","0","0.67987988","true","0","洪念祖","507352","0.52991453","PERSON"
"5.86032432","1.0E-8","0.17063902","0.0","2","9","false","李剛吉","13.0","2","0","0","0.45996396","false","0","李剛吉","2","1.0","PERSON"
"3.20821622","0.00100941","0.31169969","0.0","14","7","false","上海總工程局","53.0","14","0","0","0.75464264","false","0","上海總工程局","3245274","0.0899654","ORG"
"5.86032432","1.0E-8","0.17063902","0.0","2","9","false","沈士培","13.0","2","0","0","0.45996396","false","0","沈士培","2","1.0","PERSON"
"3.20691892","0.00138867","0.31182578","0.0","14","7","false","軍國路械","46.28571429","14","0","0","0.75478679","false","0","軍國路械","4680716","0.07903266","ORG"
"5.86032432","1.0E-8","0.17063902","0.0","2","9","false","何材","13.0","2","0","0","0.45996396","false","0","何材","2","1.0","PERSON"
"5.86032432","1.0E-8","0.17063902","0.0","2","9","false","趙養愚","13.0","2","0","0","0.45996396","false","0","趙養愚","2","1.0","PERSON"
"5.86032432","1.0E-8","0.17063902","0.0","2","9","false","馮九如","13.0","2","0","0","0.45996396","false","0","馮九如","2","1.0","PERSON"
"3.19048649","2.6635E-4","0.31343182","0.0","24","7","false","永裕","76.54166667","24","0","0","0.75661261","false","0","永裕","2164844","0.12674776","ORG"
"3.81794595","1.45E-4","0.26192094","0.0","11","7","false","上海總會","22.36363636","11","0","0","0.68689489","false","0","上海總會","1021172","0.14338011","ORG"
"3.10313514","0.00305484","0.32225474","0.0","21","6","false","農工商部","42.19047619","21","0","0","0.76631832","false","0","農工商部","10250832","0.06004443","ORG"
"3.87935135","3.012E-5","0.25777505","0.0","6","7","false","江寛","38.5","6","0","0","0.68007207","true","0","江寛","263370","0.21428571","PERSON"
"3.79459459","5.0933E-4","0.26353276","0.0","12","6","false","柯師","32.25","12","0","0","0.68948949","true","0","柯師","2047746","0.11042403","PERSON"
"3.87935135","3.012E-5","0.25777505","0.0","6","7","false","江趨丹君","38.5","6","0","0","0.68007207","true","0","江趨丹君","263370","0.21428571","PERSON"
"3.87935135","3.012E-5","0.25777505","0.0","6","7","false","金蘭蓀","38.5","6","0","0","0.68007207","true","0","金蘭蓀","263370","0.21428571","PERSON"
"3.72497297","3.969E-4","0.26845832","0.0","10","7","false","吳敬仲","50.0","10","0","0","0.69722523","true","0","吳敬仲","1872518","0.12373737","PERSON"
"3.87027027","3.4219E-4","0.25837989","0.0","11","7","false","朱仲賓君","29.18181818","11","0","0","0.68108108","true","0","朱仲賓君","4670030","0.14754879","PERSON"
"3.49535135","5.99E-6","0.28609427","0.0","2","7","false","余瑞豐","507.5","2","0","0","0.72273874","false","0","余瑞豐","7784","0.50548902","PERSON"
"3.21340541","4.4967E-4","0.31119634","0.0","12","7","false","孔瑞堂","104.33333333","12","0","0","0.75406607","false","0","孔瑞堂","648854","0.18128655","ORG"
"3.77686486","4.2641E-4","0.26476986","0.0","12","6","false","兒玉君","35.66666667","12","0","0","0.69145946","true","0","兒玉君","2868646","0.11005291","PERSON"
"3.49535135","5.99E-6","0.28609427","0.0","2","7","false","徐貫　翁","507.5","2","0","0","0.72273874","false","0","徐貫　翁","7784","0.50548902","PERSON"
"3.87935135","3.012E-5","0.25777505","0.0","6","7","false","楊仲言","38.5","6","0","0","0.68007207","true","0","楊仲言","263370","0.21428571","PERSON"
"3.49535135","5.99E-6","0.28609427","0.0","2","7","false","邵子重","507.5","2","0","0","0.72273874","false","0","邵子重","7784","0.50548902","PERSON"
"3.84691892","2.4774E-4","0.25994829","0.0","10","6","false","沈君","31.6","10","0","0","0.68367568","true","0","沈君","1736062","0.136","PERSON"
"3.49535135","5.99E-6","0.28609427","0.0","2","7","false","孔壽記","507.5","2","0","0","0.72273874","false","0","孔壽記","7784","0.50548902","PERSON"
"3.18745946","2.9698E-4","0.31372948","0.0","17","7","false","永豐樹德公司","73.11764706","17","0","0","0.75694895","false","0","永豐樹德公司","1864752","0.12039674","ORG"
"4.18594595","4.0E-8","0.23889463","0.0","5","7","false","林君文慶","21.0","5","0","0","0.64600601","false","0","林君文慶","20","1.0","PERSON"
"3.49535135","5.99E-6","0.28609427","0.0","2","7","false","吳瑞生","507.5","2","0","0","0.72273874","false","0","吳瑞生","7784","0.50548902","PERSON"
"3.18789189","0.00139642","0.31368692","0.0","21","6","false","上海華僑聯合會","33.9047619","21","0","0","0.7569009","false","0","上海華僑聯合會","6181650","0.05653739","ORG"
"3.49535135","5.99E-6","0.28609427","0.0","2","7","false","吳簡泉","507.5","2","0","0","0.72273874","false","0","吳簡泉","7784","0.50548902","PERSON"
"3.20216216","3.2139E-4","0.31228899","0.0","17","7","false","農林部","47.41176471","17","0","0","0.75531532","false","0","農林部","1390882","0.08113945","ORG"
"4.18594595","4.0E-8","0.23889463","0.0","5","7","false","林君義順","21.0","5","0","0","0.64600601","false","0","林君義順","20","1.0","PERSON"
"3.91956757","2.883E-4","0.25513019","0.0","12","6","false","張季直","29.16666667","12","0","0","0.6756036","false","0","張季直","4874082","0.37061404","PERSON"
"4.16821622","3.35E-6","0.23991078","0.0","7","7","false","周孝懷","22.14285714","7","0","0","0.64797598","false","0","周孝懷","16942","0.55639098","PERSON"
"4.16821622","3.35E-6","0.23991078","0.0","7","7","false","聶其傑","22.14285714","7","0","0","0.64797598","false","0","聶其傑","16942","0.55639098","PERSON"
"3.49535135","5.99E-6","0.28609427","0.0","2","7","false","枼貽釗","507.5","2","0","0","0.72273874","false","0","枼貽釗","7784","0.50548902","PERSON"
"3.80367568","3.1356E-4","0.26290359","0.0","10","7","false","劉錦藻","40.7","10","0","0","0.68848048","false","0","劉錦藻","1064732","0.15816733","PERSON"
"3.12345946","0.00171632","0.32015783","0.0","44","7","false","存德","38.5","44","0","0","0.76406006","false","0","存德","15489726","0.05832037","ORG"
"4.16821622","3.35E-6","0.23991078","0.0","7","7","false","馬君武","22.14285714","7","0","0","0.64797598","false","0","馬君武","16942","0.55639098","PERSON"
"4.18594595","4.0E-8","0.23889463","0.0","5","7","false","周扶九","21.0","5","0","0","0.64600601","false","0","周扶九","20","1.0","PERSON"
"3.21167568","5.5157E-4","0.31136394","0.0","16","7","false","汕頭","48.5","16","0","0","0.75425826","false","0","汕頭","4939160","0.08333333","ORG"
"4.18594595","4.0E-8","0.23889463","0.0","5","7","false","華文川","21.0","5","0","0","0.64600601","false","0","華文川","20","1.0","PERSON"
"4.63956757","3.9943E-4","0.21553733","0.0","11","7","false","通和洋行","8.54545455","11","0","0","0.5956036","false","0","通和洋行","7163892","0.58041958","ORG"
"4.18594595","4.0E-8","0.23889463","0.0","5","7","false","蘇錫岱","21.0","5","0","0","0.64600601","false","0","蘇錫岱","20","1.0","PERSON"
"4.18594595","4.0E-8","0.23889463","0.0","5","7","false","梅光遠","21.0","5","0","0","0.64600601","false","0","梅光遠","20","1.0","PERSON"
"3.85556757","1.8862E-4","0.25936519","0.0","9","7","false","吳錦堂","35.88888889","9","0","0","0.68271471","false","0","吳錦堂","1311878","0.22508961","PERSON"
"4.18594595","4.0E-8","0.23889463","0.0","5","7","false","高登鯉","21.0","5","0","0","0.64600601","false","0","高登鯉","20","1.0","PERSON"
"4.18594595","4.0E-8","0.23889463","0.0","5","7","false","龍研仙","21.0","5","0","0","0.64600601","false","0","龍研仙","20","1.0","PERSON"
"4.18594595","4.0E-8","0.23889463","0.0","5","7","false","朱鞠尊","21.0","5","0","0","0.64600601","false","0","朱鞠尊","20","1.0","PERSON"
"3.21643243","1.97E-5","0.31090347","0.0","5","7","false","通州吳琴堂","199.6","5","0","0","0.75372973","false","0","通州吳琴堂","174152","0.34842105","ORG"
"4.18594595","4.0E-8","0.23889463","0.0","5","7","false","劉欣生","21.0","5","0","0","0.64600601","false","0","劉欣生","20","1.0","PERSON"
"3.216","1.6349E-4","0.31094527","0.0","6","7","false","江全昌仁局","163.16666667","6","0","0","0.75377778","false","0","江全昌仁局","843736","0.28450292","ORG"
"4.18594595","4.0E-8","0.23889463","0.0","5","7","false","宋煒臣","21.0","5","0","0","0.64600601","false","0","宋煒臣","20","1.0","PERSON"
"4.18594595","4.0E-8","0.23889463","0.0","5","7","false","胡瑞霖","21.0","5","0","0","0.64600601","false","0","胡瑞霖","20","1.0","PERSON"
"3.21643243","1.2095E-4","0.31090347","0.0","5","7","false","通裕招商局","136.8","5","0","0","0.75372973","false","0","通裕招商局","148078","0.23824561","ORG"
"4.18594595","4.0E-8","0.23889463","0.0","5","7","false","李維格","21.0","5","0","0","0.64600601","false","0","李維格","20","1.0","PERSON"
"3.21513514","1.8916E-4","0.31102892","0.0","8","7","false","江北糖","138.875","8","0","0","0.75387387","false","0","江北糖","655686","0.24188596","ORG"
"3.82443243","2.047E-5","0.26147671","0.0","5","7","false","貝子爺","44.8","5","0","0","0.68617417","false","0","貝子爺","100340","0.26071429","PERSON"
"3.21427027","1.2967E-4","0.31111261","0.0","7","7","false","上海華商體操會社","101.71428571","7","0","0","0.75396997","false","0","上海華商體操會社","337668","0.17576664","ORG"
"5.69772973","8.641E-5","0.1755085","0.0","2","8","false","通部","6.5","2","0","0","0.47803003","false","0","通部","5933708","0.78571429","ORG"
"4.37578378","2.579E-5","0.22853049","0.0","14","7","false","連納　臣洋行","30.71428571","14","0","0","0.62491291","false","0","連納　臣洋行","131432","0.32653061","ORG"
"3.82443243","2.047E-5","0.26147671","0.0","5","7","false","袁有道","44.8","5","0","0","0.68617417","false","0","袁有道","100340","0.26071429","PERSON"
"3.15891892","4.7345E-4","0.316564","0.0","19","6","false","江南省安徽學務總會","63.94736842","19","0","0","0.76012012","false","0","江南省安徽學務總會","6318182","0.10456373","ORG"
"3.82443243","2.047E-5","0.26147671","0.0","5","7","false","樓丕詔","44.8","5","0","0","0.68617417","false","0","樓丕詔","100340","0.26071429","PERSON"
"4.20713514","3.2E-7","0.23769144","0.0","11","8","false","方仰歐","16.0","11","0","0","0.64365165","false","0","方仰歐","110","1.0","PERSON"
"3.21167568","5.5157E-4","0.31136394","0.0","16","7","false","上海製造絹絲股分有限公司","48.5","16","0","0","0.75425826","false","0","上海製造絹絲股分有限公司","4939160","0.08333333","ORG"
"4.20713514","3.2E-7","0.23769144","0.0","11","8","false","劉壽祺","16.0","11","0","0","0.64365165","false","0","劉壽祺","110","1.0","PERSON"
"3.21167568","3.3127E-4","0.31136394","0.0","16","7","false","存德堂","68.625","16","0","0","0.75425826","false","0","存德堂","1894176","0.11864035","ORG"
"4.20713514","3.2E-7","0.23769144","0.0","11","8","false","王德楷","16.0","11","0","0","0.64365165","false","0","王德楷","110","1.0","PERSON"
"4.20713514","3.2E-7","0.23769144","0.0","11","8","false","韓樹滋","16.0","11","0","0","0.64365165","false","0","韓樹滋","110","1.0","PERSON"
"4.20713514","3.2E-7","0.23769144","0.0","11","8","false","呂鴻綸","16.0","11","0","0","0.64365165","false","0","呂鴻綸","110","1.0","PERSON"
"3.17491892","3.4977E-4","0.31496867","0.0","24","7","false","進修堂","56.04166667","24","0","0","0.75834234","false","0","進修堂","3673118","0.0906782","ORG"
"4.20713514","3.2E-7","0.23769144","0.0","11","8","false","張杏恩","16.0","11","0","0","0.64365165","false","0","張杏恩","110","1.0","PERSON"
"4.20713514","3.2E-7","0.23769144","0.0","11","8","false","林守良","16.0","11","0","0","0.64365165","false","0","林守良","110","1.0","PERSON"
"4.20713514","3.2E-7","0.23769144","0.0","11","8","false","林秉方","16.0","11","0","0","0.64365165","false","0","林秉方","110","1.0","PERSON"
"3.19351351","0.00103778","0.31313473","0.0","16","7","false","江南籌防局","40.75","16","0","0","0.75627628","false","0","江南籌防局","2542986","0.06794872","ORG"
"4.20713514","3.2E-7","0.23769144","0.0","11","8","false","余夢訪","16.0","11","0","0","0.64365165","false","0","余夢訪","110","1.0","PERSON"
"4.20713514","3.2E-7","0.23769144","0.0","11","8","false","梁灝綸","16.0","11","0","0","0.64365165","false","0","梁灝綸","110","1.0","PERSON"
"3.21556757","7.783E-5","0.31098709","0.0","7","7","false","存心堂","136.42857143","7","0","0","0.75382583","false","0","存心堂","404742","0.23759398","ORG"
"4.20713514","3.2E-7","0.23769144","0.0","11","8","false","陳之鼎","16.0","11","0","0","0.64365165","false","0","陳之鼎","110","1.0","PERSON"
"4.20713514","3.2E-7","0.23769144","0.0","11","8","false","李鎭桐","16.0","11","0","0","0.64365165","false","0","李鎭桐","110","1.0","PERSON"
"4.20713514","3.2E-7","0.23769144","0.0","11","8","false","孫鍾偉","16.0","11","0","0","0.64365165","false","0","孫鍾偉","110","1.0","PERSON"
"4.20713514","3.2E-7","0.23769144","0.0","11","8","false","葉恭綽","16.0","11","0","0","0.64365165","false","0","葉恭綽","110","1.0","PERSON"
"2.99243243","0.00743392","0.3341763","0.0","242","7","false","存濟堂","29.40526316","242","0","29","0.77861862","false","0","存濟堂","94580860","0.04171111","ORG"
"3.20216216","3.2139E-4","0.31228899","0.0","17","7","false","上海財政司","47.41176471","17","0","0","0.75531532","false","0","上海財政司","1390882","0.08113945","ORG"
"3.87675676","3.411E-5","0.25794757","0.0","14","6","false","色查","26.0","14","0","0","0.68036036","false","0","色查","192428","0.18796992","PERSON"
"3.21513514","2.0972E-4","0.31102892","0.0","8","7","false","江南造幣廠","94.75","8","0","0","0.75387387","false","0","江南造幣廠","435486","0.16447368","ORG"
"3.87675676","3.411E-5","0.25794757","0.0","14","6","false","栢林","26.0","14","0","0","0.68036036","false","0","栢林","192428","0.18796992","PERSON"
"3.87675676","3.411E-5","0.25794757","0.0","14","6","false","唐紹儀","26.0","14","0","0","0.68036036","false","0","唐紹儀","192428","0.18796992","PERSON"
"3.87675676","3.411E-5","0.25794757","0.0","14","6","false","段祺瑞","26.0","14","0","0","0.68036036","false","0","段祺瑞","192428","0.18796992","PERSON"
"3.87675676","3.411E-5","0.25794757","0.0","14","6","false","薩鎭水","26.0","14","0","0","0.68036036","false","0","薩鎭水","192428","0.18796992","PERSON"
"3.87675676","3.411E-5","0.25794757","0.0","14","6","false","陳錦濤","26.0","14","0","0","0.68036036","false","0","陳錦濤","192428","0.18796992","PERSON"
"3.84864865","8.173E-5","0.25983146","0.0","3","7","false","江南醫學研究會","47.66666667","3","0","0","0.68348348","false","0","江南醫學研究會","1299740","0.36745407","ORG"
"3.87675676","3.411E-5","0.25794757","0.0","14","6","false","陸徵祥","26.0","14","0","0","0.68036036","false","0","陸徵祥","192428","0.18796992","PERSON"
"3.79978378","1.9888E-4","0.26317287","0.0","17","6","false","陳其美","31.23529412","17","0","0","0.68891291","false","0","陳其美","842940","0.13088872","PERSON"
"3.19567568","5.1985E-4","0.31292287","0.0","16","7","false","江味蔗堂","67.5625","16","0","0","0.75603604","false","0","江味蔗堂","1143726","0.11243666","ORG"
"3.21254054","3.6407E-4","0.31128012","0.0","7","7","false","選舉局","100.57142857","7","0","0","0.75416216","false","0","選舉局","1470714","0.17346939","ORG"
"3.84994595","1.4748E-4","0.25974391","0.0","17","6","false","趙秉鈞","27.23529412","17","0","0","0.68333934","false","0","趙秉鈞","482506","0.14336226","PERSON"
"3.87675676","3.411E-5","0.25794757","0.0","14","6","false","溥倫","26.0","14","0","0","0.68036036","false","0","溥倫","192428","0.18796992","PERSON"
"3.87675676","3.411E-5","0.25794757","0.0","14","6","false","劉炳炎","26.0","14","0","0","0.68036036","false","0","劉炳炎","192428","0.18796992","PERSON"
"3.87675676","3.411E-5","0.25794757","0.0","14","6","false","蔡元培","26.0","14","0","0","0.68036036","false","0","蔡元培","192428","0.18796992","PERSON"
"3.21556757","3.857E-5","0.31098709","0.0","7","7","false","遺德堂","164.28571429","7","0","0","0.75382583","false","0","遺德堂","307174","0.28646617","ORG"
"3.87675676","3.411E-5","0.25794757","0.0","14","6","false","王寵惠","26.0","14","0","0","0.68036036","false","0","王寵惠","192428","0.18796992","PERSON"
"3.79978378","1.9888E-4","0.26317287","0.0","17","6","false","宋敎仁","31.23529412","17","0","0","0.68891291","false","0","宋敎仁","842940","0.13088872","PERSON"
"3.85081081","2.9045E-4","0.25968557","0.0","16","6","false","王步瀛","27.125","16","0","0","0.68324324","false","0","王步瀛","3343990","0.15929878","PERSON"
"3.87675676","3.411E-5","0.25794757","0.0","14","6","false","世續","26.0","14","0","0","0.68036036","false","0","世續","192428","0.18796992","PERSON"
"4.01210811","1.2964E-4","0.24924553","0.0","6","6","false","部郎電報總局","44.5","6","0","0","0.66532132","false","0","部郎電報總局","1582340","0.27018634","ORG"
"4.86010811","9.0E-8","0.20575674","0.0","3","7","false","江孚","3.0","3","0","0","0.5710991","false","0","江孚","6","1.0","ORG"
"3.76994595","5.1008E-4","0.26525579","0.0","13","7","false","陳英士","35.69230769","13","0","0","0.69222823","false","0","陳英士","2837932","0.12087912","PERSON"
"4.32043243","1.933E-5","0.23145831","0.0","4","7","false","上海軍政府","30.75","4","0","0","0.63106306","false","0","上海軍政府","50936","0.27293578","ORG"
"3.80454054","1.458E-4","0.26284383","0.0","4","7","false","宋漢章","67.75","4","0","0","0.68838438","false","0","宋漢章","553216","0.267","PERSON"
"3.21124324","5.8249E-4","0.31140587","0.0","17","7","false","江寗府江東司","73.47058824","17","0","0","0.75430631","false","0","江寗府江東司","1056118","0.12714138","ORG"
"3.80454054","1.458E-4","0.26284383","0.0","4","7","false","宋君寔","67.75","4","0","0","0.68838438","false","0","宋君寔","553216","0.267","PERSON"
"3.80151351","9.208E-4","0.26305312","0.0","20","6","false","都易洋行","15.5","20","0","0","0.68872072","false","0","都易洋行","36321438","0.09863946","ORG"
"3.05210811","0.0022963","0.32764239","0.0","16","6","false","上海道","62.3125","16","0","0","0.77198799","false","0","上海道","17830340","0.08587185","ORG"
"3.99394595","2.0592E-4","0.25037895","0.0","11","7","false","王明府","12.36363636","11","0","0","0.66733934","false","0","王明府","3108090","0.35511364","PERSON"
"3.94637838","2.6193E-4","0.25339689","0.0","11","7","false","陳明府","14.45454545","11","0","0","0.67262462","false","0","陳明府","1695980","0.18430884","PERSON"
"4.04972973","9.5E-6","0.24693006","0.0","6","7","false","黄君","7.66666667","6","0","0","0.66114114","false","0","黄君","93930","0.44444444","PERSON"
"3.2147027","1.77E-4","0.31107076","0.0","9","7","false","江崇德堂","134.88888889","9","0","0","0.75392192","false","0","江崇德堂","692150","0.23489279","ORG"
"4.37535135","5.112E-5","0.22855307","0.0","6","7","false","鄂軍","7.33333333","6","0","0","0.62496096","false","0","鄂軍","90430","0.25333333","ORG"
"3.20216216","3.2139E-4","0.31228899","0.0","17","7","false","上海電政司","47.41176471","17","0","0","0.75531532","false","0","上海電政司","1390882","0.08113945","ORG"
"4.67762162","8.9216E-4","0.21378386","0.0","10","7","false","江海關稅務司","7.1","10","0","0","0.59137538","false","0","江海關稅務司","22503608","0.14878049","ORG"
"5.57189189","3.5E-7","0.17947225","0.0","2","8","false","吕鏡宇","18.0","2","0","0","0.49201201","false","0","吕鏡宇","1468","0.68","PERSON"
"3.96367568","8.9486E-4","0.25229108","0.0","17","6","false","鄉會","19.0","17","0","0","0.6707027","false","0","鄉會","7866138","0.09574468","ORG"
"5.57189189","3.5E-7","0.17947225","0.0","2","8","false","好博遜","18.0","2","0","0","0.49201201","false","0","好博遜","1468","0.68","PERSON"
"5.57189189","3.5E-7","0.17947225","0.0","2","8","false","海克司","18.0","2","0","0","0.49201201","false","0","海克司","1468","0.68","PERSON"
"5.57189189","3.5E-7","0.17947225","0.0","2","8","false","意德","18.0","2","0","0","0.49201201","false","0","意德","1468","0.68","PERSON"
"5.57189189","3.5E-7","0.17947225","0.0","2","8","false","斐溪復","18.0","2","0","0","0.49201201","false","0","斐溪復","1468","0.68","PERSON"
"5.57189189","3.5E-7","0.17947225","0.0","2","8","false","吕尙書","18.0","2","0","0","0.49201201","false","0","吕尙書","1468","0.68","PERSON"
"5.37859459","0.0","0.18592217","0.0","1","8","false","朱椿年","6.0","1","0","0","0.51348949","false","0","朱椿年","0","0.0","PERSON"
"4.37881081","0.00136025","0.22837251","0.0","6","7","false","上海靑年會","15.83333333","6","0","0","0.62457658","false","0","上海靑年會","6186028","0.16666667","ORG"
"5.57189189","3.5E-7","0.17947225","0.0","2","8","false","云盛宮保","18.0","2","0","0","0.49201201","false","0","云盛宮保","1468","0.68","PERSON"
"5.37859459","0.0","0.18592217","0.0","1","8","false","玉英","6.0","1","0","0","0.51348949","false","0","玉英","0","0.0","PERSON"
"4.72648649","6.5191E-4","0.21157365","0.0","5","8","false","江蘇旅皖公學","4.4","5","0","0","0.58594595","false","0","江蘇旅皖公學","3925944","0.26153846","ORG"
"5.37859459","0.0","0.18592217","0.0","1","8","false","香蘭","6.0","1","0","0","0.51348949","false","0","香蘭","0","0.0","PERSON"
"3.85513514","7.3947E-4","0.25939428","0.0","13","7","false","鄒善堂","15.76923077","13","0","0","0.68276276","false","0","鄒善堂","12174900","0.12307692","ORG"
"3.96454054","3.939E-5","0.25223604","0.0","2","7","false","王長庚","14.5","2","0","0","0.67060661","false","0","王長庚","147734","0.5","PERSON"
"4.20540541","0.0","0.2377892","0.0","1","8","false","李元甫","30.0","1","0","0","0.64384384","false","0","李元甫","0","0.0","PERSON"
"4.10637838","1.0463E-4","0.24352359","0.0","5","8","false","陳滬道","11.0","5","0","0","0.65484685","false","0","陳滬道","457686","0.3125","PERSON"
"3.20562162","0.01037589","0.31195198","0.0","30","7","false","江西諮議局籌辦處","20.66666667","30","0","0","0.75493093","false","0","江西諮議局籌辦處","9512502","0.03450292","ORG"
"3.85989189","3.44E-5","0.25907461","0.0","2","7","false","上海黄浦灘通商銀行","65.5","2","0","0","0.68223423","true","0","上海黄浦灘通商銀行","615328","0.5375","ORG"
"4.20540541","0.0","0.2377892","0.0","1","8","false","趙典史","30.0","1","0","0","0.64384384","false","0","趙典史","0","0.0","PERSON"
"4.89945946","2.1E-7","0.20410415","0.0","6","8","false","劉恩沛","17.5","6","0","0","0.56672673","false","0","劉恩沛","90","0.86842105","PERSON"
"4.20540541","0.0","0.2377892","0.0","1","8","false","吳韾","30.0","1","0","0","0.64384384","false","0","吳韾","0","0.0","PERSON"
"3.90443243","0.00114808","0.25611917","0.0","17","7","false","上高人","8.52941176","17","0","0","0.67728529","false","0","上高人","9488816","0.15686275","ORG"
"4.89945946","2.1E-7","0.20410415","0.0","6","8","false","楊雲峰","17.5","6","0","0","0.56672673","false","0","楊雲峰","90","0.86842105","PERSON"
"3.85513514","7.3947E-4","0.25939428","0.0","13","7","false","鄒彝堂","15.76923077","13","0","0","0.68276276","false","0","鄒彝堂","12174900","0.12307692","ORG"
"4.89945946","2.1E-7","0.20410415","0.0","6","8","false","黃邦爵","17.5","6","0","0","0.56672673","false","0","黃邦爵","90","0.86842105","PERSON"
"4.89945946","2.1E-7","0.20410415","0.0","6","8","false","劉宣","17.5","6","0","0","0.56672673","false","0","劉宣","90","0.86842105","PERSON"
"4.20540541","0.0","0.2377892","0.0","1","8","false","顧鴻","30.0","1","0","0","0.64384384","false","0","顧鴻","0","0.0","PERSON"
"4.89945946","2.1E-7","0.20410415","0.0","6","8","false","薛哲","17.5","6","0","0","0.56672673","false","0","薛哲","90","0.86842105","PERSON"
"4.20540541","0.0","0.2377892","0.0","1","8","false","周晋镳","30.0","1","0","0","0.64384384","false","0","周晋镳","0","0.0","PERSON"
"4.89945946","2.1E-7","0.20410415","0.0","6","8","false","廖傳儀","17.5","6","0","0","0.56672673","false","0","廖傳儀","90","0.86842105","PERSON"
"4.20540541","0.0","0.2377892","0.0","1","8","false","劉汝曾","30.0","1","0","0","0.64384384","false","0","劉汝曾","0","0.0","PERSON"
"4.89945946","2.1E-7","0.20410415","0.0","6","8","false","萬洪恆","17.5","6","0","0","0.56672673","false","0","萬洪恆","90","0.86842105","PERSON"
"4.89945946","2.1E-7","0.20410415","0.0","6","8","false","秦懋勳","17.5","6","0","0","0.56672673","false","0","秦懋勳","90","0.86842105","PERSON"
"4.20540541","0.0","0.2377892","0.0","1","8","false","董繼昌","30.0","1","0","0","0.64384384","false","0","董繼昌","0","0.0","PERSON"
"4.89945946","2.1E-7","0.20410415","0.0","6","8","false","吳春芳","17.5","6","0","0","0.56672673","false","0","吳春芳","90","0.86842105","PERSON"
"4.20540541","0.0","0.2377892","0.0","1","8","false","林懿均","30.0","1","0","0","0.64384384","false","0","林懿均","0","0.0","PERSON"
"3.06983784","0.00868056","0.32575011","0.0","128","7","false","鄭福蘭堂","32.94782609","128","0","11","0.77001802","false","0","鄭福蘭堂","63567606","0.0493022","ORG"
"4.89945946","2.1E-7","0.20410415","0.0","6","8","false","陳元模","17.5","6","0","0","0.56672673","false","0","陳元模","90","0.86842105","PERSON"
"4.20540541","0.0","0.2377892","0.0","1","8","false","王承輝","30.0","1","0","0","0.64384384","false","0","王承輝","0","0.0","PERSON"
"4.89945946","2.1E-7","0.20410415","0.0","6","8","false","羅賀沄","17.5","6","0","0","0.56672673","false","0","羅賀沄","90","0.86842105","PERSON"
"4.20540541","0.0","0.2377892","0.0","1","8","false","吳　元","30.0","1","0","0","0.64384384","false","0","吳　元","0","0.0","PERSON"
"4.89945946","2.1E-7","0.20410415","0.0","6","8","false","沈文鈞","17.5","6","0","0","0.56672673","false","0","沈文鈞","90","0.86842105","PERSON"
"4.20540541","0.0","0.2377892","0.0","1","8","false","姜定保","30.0","1","0","0","0.64384384","false","0","姜定保","0","0.0","PERSON"
"4.89945946","2.1E-7","0.20410415","0.0","6","8","false","蘇兆西","17.5","6","0","0","0.56672673","false","0","蘇兆西","90","0.86842105","PERSON"
"4.20540541","0.0","0.2377892","0.0","1","8","false","王承毅","30.0","1","0","0","0.64384384","false","0","王承毅","0","0.0","PERSON"
"4.20540541","0.0","0.2377892","0.0","1","8","false","姜式揚","30.0","1","0","0","0.64384384","false","0","姜式揚","0","0.0","PERSON"
"4.89945946","2.1E-7","0.20410415","0.0","6","8","false","方東印","17.5","6","0","0","0.56672673","false","0","方東印","90","0.86842105","PERSON"
"4.20540541","0.0","0.2377892","0.0","1","8","false","朱淵","30.0","1","0","0","0.64384384","false","0","朱淵","0","0.0","PERSON"
"4.89945946","2.1E-7","0.20410415","0.0","6","8","false","李鴻章","17.5","6","0","0","0.56672673","false","0","李鴻章","90","0.86842105","PERSON"
"4.20540541","0.0","0.2377892","0.0","1","8","false","賀紹章","30.0","1","0","0","0.64384384","false","0","賀紹章","0","0.0","PERSON"
"4.89945946","2.1E-7","0.20410415","0.0","6","8","false","楊儒","17.5","6","0","0","0.56672673","false","0","楊儒","90","0.86842105","PERSON"
"4.20540541","0.0","0.2377892","0.0","1","8","false","楊景婁","30.0","1","0","0","0.64384384","false","0","楊景婁","0","0.0","PERSON"
"3.73578378","6.9325E-4","0.26768144","0.0","14","6","false","福開森君","35.61538462","14","0","1","0.69602402","false","0","福開森君","3246924","0.10091949","PERSON"
"3.81102703","6.6629E-4","0.26239646","0.0","16","7","false","丕吉商會","13.0625","16","0","0","0.68766366","false","0","丕吉商會","2278624","0.08095638","ORG"
"4.20540541","0.0","0.2377892","0.0","1","8","false","林兆","30.0","1","0","0","0.64384384","false","0","林兆","0","0.0","PERSON"
"4.07567568","2.78E-6","0.24535809","0.0","3","7","false","葛利雅君","27.66666667","3","0","0","0.65825826","false","0","葛利雅君","16086","0.53333333","PERSON"
"4.20540541","0.0","0.2377892","0.0","1","8","false","沈龍章","30.0","1","0","0","0.64384384","false","0","沈龍章","0","0.0","PERSON"
"4.07567568","2.78E-6","0.24535809","0.0","3","7","false","克利謀","27.66666667","3","0","0","0.65825826","false","0","克利謀","16086","0.53333333","PERSON"
"4.20540541","0.0","0.2377892","0.0","1","8","false","洪銘鼎","30.0","1","0","0","0.64384384","false","0","洪銘鼎","0","0.0","PERSON"
"4.07567568","2.78E-6","0.24535809","0.0","3","7","false","好而君","27.66666667","3","0","0","0.65825826","false","0","好而君","16086","0.53333333","PERSON"
"4.20540541","0.0","0.2377892","0.0","1","8","false","束秉勳","30.0","1","0","0","0.64384384","false","0","束秉勳","0","0.0","PERSON"
"4.07567568","2.78E-6","0.24535809","0.0","3","7","false","維禮德君","27.66666667","3","0","0","0.65825826","false","0","維禮德君","16086","0.53333333","PERSON"
"4.20540541","0.0","0.2377892","0.0","1","8","false","杭偉眭","30.0","1","0","0","0.64384384","false","0","杭偉眭","0","0.0","PERSON"
"4.07567568","2.78E-6","0.24535809","0.0","3","7","false","鄭紀常廉","27.66666667","3","0","0","0.65825826","false","0","鄭紀常廉","16086","0.53333333","PERSON"
"4.20540541","0.0","0.2377892","0.0","1","8","false","嶽禀云","30.0","1","0","0","0.64384384","false","0","嶽禀云","0","0.0","PERSON"
"4.07567568","2.78E-6","0.24535809","0.0","3","7","false","少滄君","27.66666667","3","0","0","0.65825826","false","0","少滄君","16086","0.53333333","PERSON"
"3.20994595","7.1431E-4","0.31153173","0.0","20","7","false","沙理判署","69.7","20","0","0","0.75445045","false","0","沙理判署","1416790","0.12052632","ORG"
"4.06832432","6.356E-5","0.24580145","0.0","12","7","false","季理斐","17.18181818","12","0","1","0.65907508","true","0","季理斐","403042","0.2742681","PERSON"
"4.07308108","2.558E-5","0.24551439","0.0","7","7","false","李少穆君","19.5","7","0","1","0.65854655","false","0","李少穆君","213528","0.3490566","PERSON"
"4.07567568","2.78E-6","0.24535809","0.0","3","7","false","劉觀察","27.66666667","3","0","0","0.65825826","false","0","劉觀察","16086","0.53333333","PERSON"
"3.82010811","0.00208684","0.2617727","0.0","27","6","false","沈仲禮君","21.44","27","0","1","0.68665465","true","0","沈仲禮君","29391866","0.08481328","PERSON"
"4.07567568","2.78E-6","0.24535809","0.0","3","7","false","陳震東","27.66666667","3","0","0","0.65825826","false","0","陳震東","16086","0.53333333","PERSON"
"4.07567568","2.78E-6","0.24535809","0.0","3","7","false","何樂舫","27.66666667","3","0","0","0.65825826","false","0","何樂舫","16086","0.53333333","PERSON"
"4.07567568","2.78E-6","0.24535809","0.0","3","7","false","鄭季常廉","27.66666667","3","0","0","0.65825826","false","0","鄭季常廉","16086","0.53333333","PERSON"
"4.07567568","2.78E-6","0.24535809","0.0","3","7","false","李少","27.66666667","3","0","0","0.65825826","false","0","李少","16086","0.53333333","PERSON"
"4.13664865","9.528E-5","0.24174158","0.0","12","8","false","周岷源","18.83333333","12","0","0","0.65148348","false","0","周岷源","1626724","0.36394558","PERSON"
"4.37016216","1.2015E-4","0.22882446","0.0","16","7","false","世德堂","14.625","16","0","0","0.62553754","false","0","世德堂","1200570","0.25707547","ORG"
"4.01210811","1.2964E-4","0.24924553","0.0","6","6","false","法分堂","44.5","6","0","0","0.66532132","false","0","法分堂","1582340","0.27018634","ORG"
"4.13664865","9.528E-5","0.24174158","0.0","12","8","false","孫渭甫","18.83333333","12","0","0","0.65148348","false","0","孫渭甫","1626724","0.36394558","PERSON"
"4.13664865","9.528E-5","0.24174158","0.0","12","8","false","謝壽記","18.83333333","12","0","0","0.65148348","false","0","謝壽記","1626724","0.36394558","PERSON"
"4.13664865","9.528E-5","0.24174158","0.0","12","8","false","張季芬","18.83333333","12","0","0","0.65148348","false","0","張季芬","1626724","0.36394558","PERSON"
"4.13664865","9.528E-5","0.24174158","0.0","12","8","false","吳萃五","18.83333333","12","0","0","0.65148348","false","0","吳萃五","1626724","0.36394558","PERSON"
"3.18659459","7.0405E-4","0.31381463","0.0","30","7","false","法捕房","55.23333333","30","0","0","0.75704505","false","0","法捕房","9666632","0.09053979","ORG"
"4.13664865","9.528E-5","0.24174158","0.0","12","8","false","沈拙卿","18.83333333","12","0","0","0.65148348","false","0","沈拙卿","1626724","0.36394558","PERSON"
"4.13664865","9.528E-5","0.24174158","0.0","12","8","false","吳鏡秋","18.83333333","12","0","0","0.65148348","false","0","吳鏡秋","1626724","0.36394558","PERSON"
"4.13664865","9.528E-5","0.24174158","0.0","12","8","false","樂益","18.83333333","12","0","0","0.65148348","false","0","樂益","1626724","0.36394558","PERSON"
"4.13664865","9.528E-5","0.24174158","0.0","12","8","false","王文美","18.83333333","12","0","0","0.65148348","false","0","王文美","1626724","0.36394558","PERSON"
"4.13664865","9.528E-5","0.24174158","0.0","12","8","false","王文霞","18.83333333","12","0","0","0.65148348","false","0","王文霞","1626724","0.36394558","PERSON"
"4.13664865","9.528E-5","0.24174158","0.0","12","8","false","彭小記","18.83333333","12","0","0","0.65148348","false","0","彭小記","1626724","0.36394558","PERSON"
"4.13664865","9.528E-5","0.24174158","0.0","12","8","false","宋子記","18.83333333","12","0","0","0.65148348","false","0","宋子記","1626724","0.36394558","PERSON"
"4.13664865","9.528E-5","0.24174158","0.0","12","8","false","丁子","18.83333333","12","0","0","0.65148348","false","0","丁子","1626724","0.36394558","PERSON"
"4.13664865","9.528E-5","0.24174158","0.0","12","8","false","張鳳卿","18.83333333","12","0","0","0.65148348","false","0","張鳳卿","1626724","0.36394558","PERSON"
"4.13664865","9.528E-5","0.24174158","0.0","12","8","false","張鳳翔","18.83333333","12","0","0","0.65148348","false","0","張鳳翔","1626724","0.36394558","PERSON"
"4.37016216","1.2015E-4","0.22882446","0.0","16","7","false","世潤堂","14.625","16","0","0","0.62553754","false","0","世潤堂","1200570","0.25707547","ORG"
"3.4412973","9.863E-5","0.29058809","0.0","6","7","false","黄介綬","251.83333333","6","0","0","0.72874474","false","0","黄介綬","1495360","0.23708255","PERSON"
"3.4412973","9.863E-5","0.29058809","0.0","6","7","false","吳志","251.83333333","6","0","0","0.72874474","false","0","吳志","1495360","0.23708255","PERSON"
"3.21513514","1.4083E-4","0.31102892","0.0","5","7","false","法電車公司","139.0","5","0","0","0.75387387","false","0","法電車公司","687032","0.2408377","ORG"
"3.4412973","9.863E-5","0.29058809","0.0","6","7","false","蔣碩","251.83333333","6","0","0","0.72874474","false","0","蔣碩","1495360","0.23708255","PERSON"
"3.44086486","1.0173E-4","0.29062461","0.0","8","7","false","陳席珍","225.28571429","8","0","1","0.72879279","false","0","陳席珍","1550384","0.21199028","PERSON"
"3.4412973","9.863E-5","0.29058809","0.0","6","7","false","王秦","251.83333333","6","0","0","0.72874474","false","0","王秦","1495360","0.23708255","PERSON"
"3.20086486","2.1053E-4","0.31241556","0.0","9","7","false","波逹臣華","119.66666667","9","0","0","0.75545946","false","0","波逹臣華","1600700","0.20389462","ORG"
"3.4412973","9.863E-5","0.29058809","0.0","6","7","false","朱衡","251.83333333","6","0","0","0.72874474","false","0","朱衡","1495360","0.23708255","PERSON"
"3.79762162","8.972E-5","0.26332271","0.0","11","8","false","瞿然","43.63636364","11","0","0","0.68915315","false","0","瞿然","61710","0.09712156","PERSON"
"3.21556757","4.493E-5","0.31098709","0.0","4","7","false","两江師範學堂","168.5","4","0","0","0.75382583","false","0","两江師範學堂","278996","0.29232112","ORG"
"3.4412973","9.863E-5","0.29058809","0.0","6","7","false","蔡鶴","251.83333333","6","0","0","0.72874474","false","0","蔡鶴","1495360","0.23708255","PERSON"
"3.4412973","9.863E-5","0.29058809","0.0","6","7","false","北恆","251.83333333","6","0","0","0.72874474","false","0","北恆","1495360","0.23708255","PERSON"
"3.79762162","8.972E-5","0.26332271","0.0","11","8","false","陳君輔","43.63636364","11","0","0","0.68915315","false","0","陳君輔","61710","0.09712156","PERSON"
"3.4412973","9.863E-5","0.29058809","0.0","6","7","false","萬霞如","251.83333333","6","0","0","0.72874474","false","0","萬霞如","1495360","0.23708255","PERSON"
"3.31675676","0.00129202","0.30149935","0.0","41","6","false","唐傑臣","71.47058824","41","0","3","0.74258258","false","0","唐傑臣","11894334","0.05877447","PERSON"
"3.168","3.2014E-4","0.31565657","0.0","21","7","false","泰昌樹德公司","74.0952381","21","0","0","0.75911111","false","0","泰昌樹德公司","3777628","0.12022243","ORG"
"3.14637838","0.00134903","0.31782573","0.0","80","7","false","中和","54.0","80","0","20","0.76151351","false","0","中和","11897838","0.08534622","ORG"
"3.4412973","9.863E-5","0.29058809","0.0","6","7","false","蘇　森","251.83333333","6","0","0","0.72874474","false","0","蘇　森","1495360","0.23708255","PERSON"
"3.29643243","0.00473512","0.30335826","0.0","75","7","false","韓潤生","57.74576271","75","0","9","0.74484084","false","0","韓潤生","58423004","0.04568902","PERSON"
"3.41491892","2.5348E-4","0.29283272","0.0","9","7","false","徐敬德","190.66666667","9","0","0","0.73167568","false","0","徐敬德","2794966","0.16995221","PERSON"
"3.22248649","0.00132646","0.31031938","0.0","40","7","false","李雪巖","84.1875","40","0","6","0.75305706","false","0","李雪巖","15588948","0.05887297","PERSON"
"3.4412973","9.863E-5","0.29058809","0.0","6","7","false","張糼山","251.83333333","6","0","0","0.72874474","false","0","張糼山","1495360","0.23708255","PERSON"
"3.33448649","4.4484E-4","0.29989625","0.0","25","7","false","戴季蒓","113.85","25","0","3","0.74061261","false","0","戴季蒓","5586336","0.09459346","PERSON"
"3.4412973","9.863E-5","0.29058809","0.0","6","7","false","龔厚心","251.83333333","6","0","0","0.72874474","false","0","龔厚心","1495360","0.23708255","PERSON"
"3.49535135","1.61E-6","0.28609427","0.0","2","7","false","翁南順","526.5","2","0","0","0.72273874","false","0","翁南順","6202","0.5244511","PERSON"
"3.35827027","5.5124E-4","0.29777234","0.0","46","7","false","祝源昌","74.94736842","46","0","4","0.73796997","false","0","祝源昌","5112544","0.06131623","PERSON"
"3.06248649","0.00988273","0.32653205","0.0","73","7","false","何瑞棠","68.01694915","73","0","7","0.77083483","false","0","何瑞棠","116533864","0.03896334","PERSON"
"3.16237838","0.00244414","0.31621769","0.0","97","7","false","戴運來","59.74666667","97","0","10","0.75973574","false","0","戴運來","33786558","0.03932173","PERSON"
"3.10745946","8.5873E-4","0.32180629","0.0","25","6","false","泰盛","66.76","25","0","0","0.76583784","false","0","泰盛","12317930","0.09713442","ORG"
"3.40367568","1.4905E-4","0.29380003","0.0","12","7","false","翁思","142.7","12","0","1","0.73292492","false","0","翁思","1419500","0.1334275","PERSON"
"3.85816216","0.00173377","0.25919076","0.0","6","7","false","醫院","22.83333333","6","0","0","0.68242643","false","0","醫院","4460724","0.18194444","ORG"
"3.43827027","1.2224E-4","0.29084392","0.0","22","7","false","章佩華","133.14285714","22","0","2","0.72908108","false","0","章佩華","925742","0.11915497","PERSON"
"3.41318919","1.7563E-4","0.29298112","0.0","10","7","false","李珊","181.85714286","10","0","2","0.73186787","false","0","李珊","955040","0.16546857","PERSON"
"4.85794595","0.0","0.20584832","0.0","1","8","false","諸華醫","6.0","1","0","0","0.57133934","false","0","諸華醫","0","0.0","PERSON"
"3.41362162","1.3264E-4","0.29294401","0.0","11","7","false","湯蓮笙","175.125","11","0","1","0.73181982","false","0","湯蓮笙","854944","0.15560769","PERSON"
"4.85794595","0.0","0.20584832","0.0","1","8","false","徐生棠","6.0","1","0","0","0.57133934","false","0","徐生棠","0","0.0","PERSON"
"3.488","1.634E-5","0.28669725","0.0","7","7","false","翁萬康","215.33333333","7","0","1","0.72355556","false","0","翁萬康","92654","0.21116585","PERSON"
"4.85794595","0.0","0.20584832","0.0","1","8","false","周光松","6.0","1","0","0","0.57133934","false","0","周光松","0","0.0","PERSON"
"3.48410811","5.281E-5","0.2870175","0.0","13","7","false","尹梅生","154.9","13","0","2","0.72398799","false","0","尹梅生","220832","0.15088235","PERSON"
"4.85794595","0.0","0.20584832","0.0","1","8","false","何丹書","6.0","1","0","0","0.57133934","false","0","何丹書","0","0.0","PERSON"
"3.49535135","1.61E-6","0.28609427","0.0","2","7","false","翁徵","526.5","2","0","0","0.72273874","false","0","翁徵","6202","0.5244511","PERSON"
"3.81794595","1.45E-4","0.26192094","0.0","11","7","false","金銀行","22.36363636","11","0","0","0.68689489","true","0","金銀行","1021172","0.14338011","ORG"
"4.02032432","1.85E-6","0.24873615","0.0","3","7","false","汪永亨","50.33333333","3","0","0","0.66440841","false","0","汪永亨","18298","0.37948718","PERSON"
"3.44562162","9.478E-5","0.29022339","0.0","17","7","false","張家鶴","175.1","17","0","3","0.72826426","false","0","張家鶴","851408","0.15914077","PERSON"
"3.14421622","0.00120713","0.31804429","0.0","28","6","false","孝友堂","50.22222222","28","0","1","0.76175375","false","0","孝友堂","12805170","0.08109098","ORG"
"3.49535135","1.61E-6","0.28609427","0.0","2","7","false","翁元成","526.5","2","0","0","0.72273874","false","0","翁元成","6202","0.5244511","PERSON"
"4.02032432","1.85E-6","0.24873615","0.0","3","7","false","江　孚","50.33333333","3","0","0","0.66440841","false","0","江　孚","18298","0.37948718","PERSON"
"4.02032432","1.85E-6","0.24873615","0.0","3","7","false","徐枚","50.33333333","3","0","0","0.66440841","false","0","徐枚","18298","0.37948718","PERSON"
"3.46767568","5.229E-5","0.2883776","0.0","4","7","false","唐榮後","288.5","4","0","0","0.72581381","false","0","唐榮後","230522","0.27617675","PERSON"
"3.10745946","8.5873E-4","0.32180629","0.0","25","6","false","泰盛思義堂","66.76","25","0","0","0.76583784","false","0","泰盛思義堂","12317930","0.09713442","ORG"
"3.20562162","5.1432E-4","0.31195198","0.0","13","7","false","鈴木正金銀行","53.76923077","13","0","0","0.75493093","true","0","鈴木正金銀行","3286968","0.09145447","ORG"
"3.43481081","1.6879E-4","0.29113685","0.0","27","7","false","李光琴","89.43478261","27","0","3","0.72946547","false","0","李光琴","1163270","0.07981479","PERSON"
"3.49535135","1.61E-6","0.28609427","0.0","2","7","false","翁贸孚","526.5","2","0","0","0.72273874","false","0","翁贸孚","6202","0.5244511","PERSON"
"3.19610811","0.00207099","0.31288053","0.0","76","7","false","徐俊良","63.46666667","76","0","7","0.75598799","false","0","徐俊良","27435358","0.04353078","PERSON"
"4.76064865","2.108E-5","0.21005541","0.0","13","8","false","銅元局","6.30769231","13","0","0","0.58215015","false","0","銅元局","31274","0.25274725","ORG"
"3.48756757","2.852E-5","0.2867328","0.0","6","7","false","老悅","209.83333333","6","0","0","0.7236036","false","0","老悅","231066","0.20595003","PERSON"
"3.49535135","1.61E-6","0.28609427","0.0","2","7","false","梅發","526.5","2","0","0","0.72273874","false","0","梅發","6202","0.5244511","PERSON"
"3.49535135","1.61E-6","0.28609427","0.0","2","7","false","全益昌","526.5","2","0","0","0.72273874","false","0","全益昌","6202","0.5244511","PERSON"
"3.65751351","7.875E-5","0.27340979","0.0","18","7","false","季雪巖","44.38888889","18","0","0","0.70472072","false","0","季雪巖","2272480","0.23202614","ORG"
"3.72237838","3.66E-5","0.26864545","0.0","14","7","false","泰興","50.28571429","14","0","0","0.69751351","false","0","泰興","708316","0.28991597","ORG"
"3.4732973","3.9206E-4","0.28791086","0.0","12","7","false","道憲","108.33333333","12","0","0","0.72518919","false","0","道憲","1979240","0.10440986","PERSON"
"3.49189189","2.669E-5","0.28637771","0.0","10","7","false","隠名氏","126.1","10","0","0","0.72312312","false","0","隠名氏","56658","0.1248503","PERSON"
"3.85902703","2.283E-5","0.25913268","0.0","10","7","false","呂義","49.2","10","0","0","0.68233033","false","0","呂義","486146","0.17275986","PERSON"
"3.49189189","2.669E-5","0.28637771","0.0","10","7","false","倪國權","126.1","10","0","0","0.72312312","false","0","倪國權","56658","0.1248503","PERSON"
"3.43567568","1.537E-4","0.29106356","0.0","23","7","false","戴季仁","87.71428571","23","0","1","0.72936937","false","0","戴季仁","964964","0.07826199","PERSON"
"3.95156757","7.77E-6","0.25306413","0.0","6","7","false","穌寳","47.66666667","6","0","0","0.67204805","false","0","穌寳","170386","0.28282828","PERSON"
"4.76713514","8.4E-7","0.20976959","0.0","9","8","false","錫堂","4.0","9","0","0","0.58142943","false","0","錫堂","72","1.0","ORG"
"3.20086486","2.1053E-4","0.31241556","0.0","9","7","false","泰西","119.66666667","9","0","0","0.75545946","false","0","泰西","1600700","0.20389462","ORG"
"3.49189189","2.669E-5","0.28637771","0.0","10","7","false","翁豐泰","126.1","10","0","0","0.72312312","false","0","翁豐泰","56658","0.1248503","PERSON"
"3.20216216","4.0105E-4","0.31228899","0.0","12","7","false","孫德蔭堂","104.5","12","0","0","0.75531532","false","0","孫德蔭堂","3224352","0.18","ORG"
"3.42616216","3.2038E-4","0.29187177","0.0","36","7","false","徐棣山","64.38235294","36","0","2","0.73042643","false","0","徐棣山","1800044","0.05674338","PERSON"
"3.48756757","3.734E-5","0.2867328","0.0","14","7","false","黃佐卿","128.83333333","14","0","1","0.7236036","false","0","黃佐卿","143662","0.12656766","PERSON"
"3.20648649","6.112E-4","0.31186784","0.0","28","7","false","錫金商會","37.35714286","28","0","0","0.75483483","false","0","錫金商會","1405530","0.06378446","ORG"
"2.94010811","0.00953152","0.34012355","0.0","59","6","false","洋務局","32.15789474","59","0","2","0.78443243","false","0","洋務局","75751414","0.03772142","ORG"
"3.38940541","2.3749E-4","0.295037","0.0","24","7","false","龐竹卿","90.89473684","24","0","1","0.73451051","false","0","龐竹卿","2608634","0.082776","PERSON"
"3.15891892","4.7345E-4","0.316564","0.0","19","6","false","學務總會","63.94736842","19","0","0","0.76012012","false","0","學務總會","6318182","0.10456373","ORG"
"3.45037838","1.0155E-4","0.28982329","0.0","17","7","false","湯蓮生","122.85714286","17","0","2","0.72773574","false","0","湯蓮生","715002","0.11272631","PERSON"
"3.49189189","2.669E-5","0.28637771","0.0","10","7","false","章佩　　月","126.1","10","0","0","0.72312312","false","0","章佩　　月","56658","0.1248503","PERSON"
"3.49145946","3.27E-5","0.28641318","0.0","13","7","false","董　信厚","116.18181818","13","0","1","0.72317117","false","0","董　信厚","70240","0.11495191","PERSON"
"3.49189189","2.669E-5","0.28637771","0.0","10","7","false","苑則敬","126.1","10","0","0","0.72312312","false","0","苑則敬","56658","0.1248503","PERSON"
"3.34313514","9.8414E-4","0.29912042","0.0","66","7","false","葉貽鑑","51.0","66","0","5","0.73965165","false","0","葉貽鑑","6459974","0.04152824","PERSON"
"3.49405405","1.395E-5","0.2862005","0.0","5","7","false","袁全","219.8","5","0","0","0.72288288","false","0","袁全","26100","0.21836327","PERSON"
"3.17491892","3.4977E-4","0.31496867","0.0","24","7","false","中和洋","56.04166667","24","0","0","0.75834234","false","0","中和洋","3673118","0.0906782","ORG"
"3.46810811","1.0419E-4","0.28834165","0.0","8","7","false","名氏","174.0","8","0","1","0.72576577","false","0","名氏","436104","0.16320755","PERSON"
"3.49145946","2.433E-5","0.28641318","0.0","9","7","false","陳　亭","155.55555556","9","0","0","0.72317117","false","0","陳　亭","72684","0.1539398","PERSON"
"3.17189189","3.1054E-4","0.31526926","0.0","20","7","false","安丹會","85.4","20","0","0","0.75867868","false","0","安丹會","4567596","0.13927393","ORG"
"3.46854054","6.165E-5","0.2883057","0.0","14","7","false","董蘭芳","129.69230769","14","0","1","0.72571772","false","0","董蘭芳","494584","0.12315053","PERSON"
"3.85297297","0.00121808","0.25953984","0.0","18","7","false","鐵路","12.27777778","18","0","0","0.683003","false","0","鐵路","18148428","0.09398148","ORG"
"3.40972973","1.1526E-4","0.29327838","0.0","5","7","false","韓潤","233.0","5","0","0","0.73225225","false","0","韓潤","1093208","0.22032289","PERSON"
"3.8707027","9.94E-6","0.25835102","0.0","2","7","false","陳英士　君","89.0","2","0","0","0.68103303","false","0","陳英士　君","106054","0.57142857","PERSON"
"3.49405405","1.395E-5","0.2862005","0.0","5","7","false","黃佐鄕","219.8","5","0","0","0.72288288","false","0","黃佐鄕","26100","0.21836327","PERSON"
"3.40972973","1.1526E-4","0.29327838","0.0","5","7","false","陳富齊","233.0","5","0","0","0.73225225","false","0","陳富齊","1093208","0.22032289","PERSON"
"3.8707027","9.94E-6","0.25835102","0.0","2","7","false","程君","89.0","2","0","0","0.68103303","false","0","程君","106054","0.57142857","PERSON"
"3.49405405","1.395E-5","0.2862005","0.0","6","7","false","翁　幹臣","219.8","6","0","1","0.72288288","false","0","翁　幹臣","26100","0.21836327","PERSON"
"3.40972973","1.1526E-4","0.29327838","0.0","5","7","false","馮德翁","233.0","5","0","0","0.73225225","false","0","馮德翁","1093208","0.22032289","PERSON"
"3.40972973","1.1526E-4","0.29327838","0.0","5","7","false","楊萬興","233.0","5","0","0","0.73225225","false","0","楊萬興","1093208","0.22032289","PERSON"
"3.8707027","9.94E-6","0.25835102","0.0","2","7","false","黃克强","89.0","2","0","0","0.68103303","false","0","黃克强","106054","0.57142857","PERSON"
"3.44908108","8.447E-5","0.2899323","0.0","9","7","false","蘇實森","176.375","9","0","1","0.72787988","false","0","蘇實森","619378","0.16119026","PERSON"
"3.48972973","2.335E-5","0.28655514","0.0","7","7","false","岑仙舟","197.71428571","7","0","0","0.72336336","false","0","岑仙舟","100346","0.19476662","PERSON"
"3.45037838","9.63E-5","0.28982329","0.0","15","7","false","龐竹","127.41666667","15","0","2","0.72773574","false","0","龐竹","701670","0.11672822","PERSON"
"3.53167568","3.7219E-4","0.28315171","0.0","10","6","false","鐵路公司","32.1","10","0","0","0.7187027","false","0","鐵路公司","4260696","0.14809524","ORG"
"3.45124324","8.833E-5","0.28975066","0.0","11","7","false","嚴信厚施","143.6","11","0","1","0.72763964","false","0","嚴信厚施","646380","0.13167128","PERSON"
"3.40972973","1.1526E-4","0.29327838","0.0","5","7","false","葉釗","233.0","5","0","0","0.73225225","false","0","葉釗","1093208","0.22032289","PERSON"
"3.21167568","5.5157E-4","0.31136394","0.0","16","7","false","安慶　　經源染織股份無限公司","48.5","16","0","0","0.75425826","false","0","安慶　　經源染織股份無限公司","4939160","0.08333333","ORG"
"3.1027027","0.00572632","0.32229965","0.0","149","7","false","中和洋行","37.72631579","149","0","35","0.76636637","false","0","中和洋行","46458550","0.05774578","ORG"
"4.11891892","1.1816E-4","0.24278215","0.0","3","7","false","鐵路公司董事","44.33333333","3","0","0","0.65345345","false","0","鐵路公司董事","2765124","0.40880503","ORG"
"3.2172973","0.00116879","0.31081989","0.0","6","7","false","黄佐卿","289.5","6","0","0","0.75363363","false","0","黄佐卿","3710060","0.19284759","PERSON"
"5.89708108","2.3E-7","0.16957542","0.0","3","9","false","鐵路總管理處","5.66666667","3","0","0","0.45587988","false","0","鐵路總管理處","78","0.77777778","ORG"
"3.34010811","3.6091E-4","0.29939151","0.0","18","7","false","祝源","136.4375","18","0","1","0.73998799","false","0","祝源","4037782","0.11497241","PERSON"
"3.21643243","1.97E-5","0.31090347","0.0","5","7","false","洪利房","199.6","5","0","0","0.75372973","false","0","洪利房","174152","0.34842105","ORG"
"3.70248649","2.7734E-4","0.27008876","0.0","19","7","false","鑄商會","12.94736842","19","0","0","0.69972372","false","0","鑄商會","1708748","0.11378446","ORG"
"3.09621622","8.4896E-4","0.32297486","0.0","61","7","false","宏大莊","52.52459016","61","0","0","0.76708709","false","0","宏大莊","19247848","0.07842403","ORG"
"4.04410811","1.85E-6","0.24727331","0.0","3","8","false","正月","89.66666667","3","0","0","0.66176577","false","0","正月","18320","0.4741533","PERSON"
"4.50724324","0.0","0.22186511","0.0","1","7","false","孫問清","46.0","1","0","0","0.61030631","false","0","孫問清","0","0.0","PERSON"
"3.50745946","0.01481996","0.28510665","0.0","46","6","false","浙江旅滬公學","9.84782609","46","0","0","0.72139339","false","0","浙江旅滬公學","71736304","0.04153909","ORG"
"3.45427027","6.66E-5","0.28949675","0.0","7","7","false","周永普","292.4","7","0","2","0.7273033","false","0","周永普","603206","0.26956522","PERSON"
"4.50724324","0.0","0.22186511","0.0","1","7","false","劉澄如","46.0","1","0","0","0.61030631","false","0","劉澄如","0","0.0","PERSON"
"3.81405405","1.4153E-4","0.26218821","0.0","2","7","false","龐清臣","117.0","2","0","0","0.68732733","false","0","龐清臣","619308","0.50877193","PERSON"
"4.50724324","0.0","0.22186511","0.0","1","7","false","徐冠南","46.0","1","0","0","0.61030631","false","0","徐冠南","0","0.0","PERSON"
"3.15372973","0.00357668","0.31708488","0.0","23","7","false","隱名","124.10526316","23","0","1","0.7606967","false","0","隱名","20170798","0.07856111","PERSON"
"4.50724324","0.0","0.22186511","0.0","1","7","false","姚慕蓮","46.0","1","0","0","0.61030631","false","0","姚慕蓮","0","0.0","PERSON"
"4.76064865","2.108E-5","0.21005541","0.0","13","8","false","長崎船廠","6.30769231","13","0","0","0.58215015","false","0","長崎船廠","31274","0.25274725","ORG"
"3.45427027","6.766E-5","0.28949675","0.0","5","7","false","戴委仁","292.6","5","0","0","0.7273033","false","0","戴委仁","610900","0.26975023","PERSON"
"4.50724324","0.0","0.22186511","0.0","1","7","false","孫采丞","46.0","1","0","0","0.61030631","false","0","孫采丞","0","0.0","PERSON"
"4.50724324","0.0","0.22186511","0.0","1","7","false","朱桂卿","46.0","1","0","0","0.61030631","false","0","朱桂卿","0","0.0","PERSON"
"4.50724324","0.0","0.22186511","0.0","1","7","false","盧鴻滄","46.0","1","0","0","0.61030631","false","0","盧鴻滄","0","0.0","PERSON"
"4.50724324","0.0","0.22186511","0.0","1","7","false","方樵荃","46.0","1","0","0","0.61030631","false","0","方樵荃","0","0.0","PERSON"
"4.50724324","0.0","0.22186511","0.0","1","7","false","陶惺存","46.0","1","0","0","0.61030631","false","0","陶惺存","0","0.0","PERSON"
"3.49145946","7.75E-6","0.28641318","0.0","3","7","false","何瑞堂","429.33333333","3","0","0","0.72317117","false","0","何瑞堂","62742","0.42409241","PERSON"
"4.50724324","0.0","0.22186511","0.0","1","7","false","劉楚薌","46.0","1","0","0","0.61030631","false","0","劉楚薌","0","0.0","PERSON"
"3.85643243","2.0773E-4","0.25930702","0.0","10","7","false","長沙公益公司","19.4","10","0","0","0.68261862","false","0","長沙公益公司","750772","0.15333333","ORG"
"4.50724324","0.0","0.22186511","0.0","1","7","false","陳海石","46.0","1","0","0","0.61030631","false","0","陳海石","0","0.0","PERSON"
"4.50724324","0.0","0.22186511","0.0","1","7","false","沈迪民","46.0","1","0","0","0.61030631","false","0","沈迪民","0","0.0","PERSON"
"4.50724324","0.0","0.22186511","0.0","1","7","false","田時霖","46.0","1","0","0","0.61030631","false","0","田時霖","0","0.0","PERSON"
"4.50724324","0.0","0.22186511","0.0","1","7","false","楊振驤","46.0","1","0","0","0.61030631","false","0","楊振驤","0","0.0","PERSON"
"3.45427027","7.62E-5","0.28949675","0.0","6","7","false","董嚴信厚施則敬","288.8","6","0","1","0.7273033","false","0","董嚴信厚施則敬","601890","0.26623497","PERSON"
"4.50724324","0.0","0.22186511","0.0","1","7","false","石積夫","46.0","1","0","0","0.61030631","false","0","石積夫","0","0.0","PERSON"
"4.50724324","0.0","0.22186511","0.0","1","7","false","虞含章","46.0","1","0","0","0.61030631","false","0","虞含章","0","0.0","PERSON"
"3.1987027","3.1888E-4","0.31262674","0.0","11","7","false","長福祿","115.90909091","11","0","0","0.7556997","false","0","長福祿","1945352","0.1984613","ORG"
"3.32194595","6.5152E-4","0.30102838","0.0","38","7","false","李珊記","79.61290323","38","0","2","0.74200601","false","0","李珊記","7542652","0.06464877","PERSON"
"4.50724324","0.0","0.22186511","0.0","1","7","false","杜亞泉","46.0","1","0","0","0.61030631","false","0","杜亞泉","0","0.0","PERSON"
"3.08583784","0.01162726","0.3240611","0.0","35","7","false","隱名氏","83.46666667","35","0","4","0.76824024","true","0","隱名氏","125130804","0.04914581","PERSON"
"4.50724324","0.0","0.22186511","0.0","1","7","false","孫靄人","46.0","1","0","0","0.61030631","false","0","孫靄人","0","0.0","PERSON"
"4.50724324","0.0","0.22186511","0.0","1","7","false","顧麟如","46.0","1","0","0","0.61030631","false","0","顧麟如","0","0.0","PERSON"
"3.49059459","1.678E-5","0.28648414","0.0","6","7","false","戴季","233.4","6","0","1","0.72326727","false","0","戴季","65814","0.23009901","PERSON"
"4.50724324","0.0","0.22186511","0.0","1","7","false","王亦梅","46.0","1","0","0","0.61030631","false","0","王亦梅","0","0.0","PERSON"
"3.49059459","1.678E-5","0.28648414","0.0","5","7","false","韓潤　　孚","233.4","5","0","0","0.72326727","false","0","韓潤　　孚","65814","0.23009901","PERSON"
"4.50724324","0.0","0.22186511","0.0","1","7","false","壽孝天","46.0","1","0","0","0.61030631","false","0","壽孝天","0","0.0","PERSON"
"3.2147027","1.8113E-4","0.31107076","0.0","9","7","false","長福祿壽","135.0","9","0","0","0.75392192","false","0","長福祿壽","695280","0.23508772","ORG"
"3.49059459","1.678E-5","0.28648414","0.0","5","7","false","徐　雲　幹","233.4","5","0","0","0.72326727","false","0","徐　雲　幹","65814","0.23009901","PERSON"
"4.50724324","0.0","0.22186511","0.0","1","7","false","方椒","46.0","1","0","0","0.61030631","false","0","方椒","0","0.0","PERSON"
"4.50724324","0.0","0.22186511","0.0","1","7","false","姚雨人","46.0","1","0","0","0.61030631","false","0","姚雨人","0","0.0","PERSON"
"3.45859459","1.0731E-4","0.28913478","0.0","10","7","false","俞順利","201.0","10","0","1","0.72682282","false","0","俞順利","691224","0.18518519","PERSON"
"4.50724324","0.0","0.22186511","0.0","1","7","false","嚴濬","46.0","1","0","0","0.61030631","false","0","嚴濬","0","0.0","PERSON"
"3.49059459","1.678E-5","0.28648414","0.0","5","7","false","何端棠","233.4","5","0","0","0.72326727","false","0","何端棠","65814","0.23009901","PERSON"
"3.21556757","4.493E-5","0.31098709","0.0","4","7","false","宏育學堂","168.5","4","0","0","0.75382583","false","0","宏育學堂","278996","0.29232112","ORG"
"4.50724324","0.0","0.22186511","0.0","1","7","false","宋伯寅","46.0","1","0","0","0.61030631","false","0","宋伯寅","0","0.0","PERSON"
"3.35135135","5.5888E-4","0.2983871","0.0","37","7","false","王陽生","82.06666667","37","0","5","0.73873874","false","0","王陽生","5848960","0.06495726","PERSON"
"4.50724324","0.0","0.22186511","0.0","1","7","false","毛安甫","46.0","1","0","0","0.61030631","false","0","毛安甫","0","0.0","PERSON"
"3.21513514","1.4081E-4","0.31102892","0.0","7","7","false","開森商務公所","148.85714286","7","0","0","0.75387387","false","0","開森商務公所","819052","0.25894421","ORG"
"3.21167568","3.5962E-4","0.31136394","0.0","16","7","false","宜拙軒","87.625","16","0","0","0.75425826","false","0","宜拙軒","1045042","0.15197368","ORG"
"4.50724324","0.0","0.22186511","0.0","1","7","false","徐仲可","46.0","1","0","0","0.61030631","false","0","徐仲可","0","0.0","PERSON"
"3.49059459","1.678E-5","0.28648414","0.0","5","7","false","黄福記","233.4","5","0","0","0.72326727","false","0","黄福記","65814","0.23009901","PERSON"
"4.50724324","0.0","0.22186511","0.0","1","7","false","顧企","46.0","1","0","0","0.61030631","false","0","顧企","0","0.0","PERSON"
"3.30335135","0.00116118","0.30272287","0.0","36","7","false","孫復瑞","75.55882353","36","0","1","0.74407207","false","0","孫復瑞","20226252","0.0594568","PERSON"
"4.50724324","0.0","0.22186511","0.0","1","7","false","陸吟生","46.0","1","0","0","0.61030631","false","0","陸吟生","0","0.0","PERSON"
"4.50724324","0.0","0.22186511","0.0","1","7","false","洪宋齋","46.0","1","0","0","0.61030631","false","0","洪宋齋","0","0.0","PERSON"
"3.21167568","3.5962E-4","0.31136394","0.0","16","7","false","關中","87.625","16","0","0","0.75425826","false","0","關中","1045042","0.15197368","ORG"
"4.50724324","0.0","0.22186511","0.0","1","7","false","鍾憲鬯","46.0","1","0","0","0.61030631","false","0","鍾憲鬯","0","0.0","PERSON"
"3.4412973","8.164E-5","0.29058809","0.0","17","7","false","唐榮","131.8","17","0","1","0.72874474","false","0","唐榮","870798","0.12224299","PERSON"
"4.50724324","0.0","0.22186511","0.0","1","7","false","劉綬蓀","46.0","1","0","0","0.61030631","false","0","劉綬蓀","0","0.0","PERSON"
"3.49059459","1.678E-5","0.28648414","0.0","5","7","false","後　貽釗","233.4","5","0","0","0.72326727","false","0","後　貽釗","65814","0.23009901","PERSON"
"4.50724324","0.0","0.22186511","0.0","1","7","false","費杏生","46.0","1","0","0","0.61030631","false","0","費杏生","0","0.0","PERSON"
"4.11891892","1.1816E-4","0.24278215","0.0","3","7","false","浙江興業銀行","44.33333333","3","0","0","0.65345345","true","0","浙江興業銀行","2765124","0.40880503","ORG"
"4.37578378","2.579E-5","0.22853049","0.0","14","7","false","密舍羅江海關","30.71428571","14","0","0","0.62491291","false","0","密舍羅江海關","131432","0.32653061","ORG"
"3.44648649","1.2102E-4","0.29015056","0.0","13","7","false","戴生","131.23076923","13","0","0","0.72816817","false","0","戴生","1360308","0.11936826","PERSON"
"4.70183784","5.8E-6","0.21268279","0.0","24","7","false","關道","8.125","24","0","0","0.58868468","false","0","關道","17020","0.7125","ORG"
"3.25924324","0.00104098","0.30681969","0.0","34","7","false","葉天德","78.66666667","34","0","1","0.74897297","false","0","葉天德","12914068","0.05736091","PERSON"
"3.25362162","0.00103397","0.30734981","0.0","37","7","false","汪萃利","84.82758621","37","0","4","0.7495976","false","0","汪萃利","11852436","0.06227904","PERSON"
"3.49491892","9.78E-6","0.28612967","0.0","3","7","false","路汝驥","344.33333333","3","0","0","0.72278679","false","0","路汝驥","15558","0.34264804","PERSON"
"3.91654054","5.6E-6","0.25532737","0.0","5","8","false","翁華興","97.4","5","0","0","0.67593994","false","0","翁華興","128476","0.30314465","PERSON"
"3.21210811","4.279E-4","0.31132202","0.0","15","7","false","富善堂","93.06666667","15","0","0","0.75421021","false","0","富善堂","920432","0.16152047","ORG"
"4.11891892","1.1816E-4","0.24278215","0.0","3","7","false","浙江鐵路公司","44.33333333","3","0","0","0.65345345","false","0","浙江鐵路公司","2765124","0.40880503","ORG"
"3.45340541","7.582E-5","0.28956925","0.0","8","7","false","胡綏","215.28571429","8","0","1","0.7273994","false","0","胡綏","630874","0.19822915","PERSON"
"3.49491892","9.78E-6","0.28612967","0.0","3","7","false","賈氏","344.33333333","3","0","0","0.72278679","false","0","賈氏","15558","0.34264804","PERSON"
"3.29254054","6.6332E-4","0.30371684","0.0","25","7","false","尹子卿","94.08333333","25","0","1","0.74527327","false","0","尹子卿","7914968","0.07238206","PERSON"
"3.49491892","9.78E-6","0.28612967","0.0","3","7","false","路丹","344.33333333","3","0","0","0.72278679","false","0","路丹","15558","0.34264804","PERSON"
"3.66227027","0.00309236","0.27305467","0.0","74","7","false","浙路","12.47297297","74","0","0","0.70419219","false","0","浙路","26788868","0.09722858","ORG"
"3.91654054","5.6E-6","0.25532737","0.0","5","8","false","張嘉鶴","97.4","5","0","0","0.67593994","false","0","張嘉鶴","128476","0.30314465","PERSON"
"3.49491892","9.78E-6","0.28612967","0.0","3","7","false","王輔臣","344.33333333","3","0","0","0.72278679","false","0","王輔臣","15558","0.34264804","PERSON"
"3.49491892","9.78E-6","0.28612967","0.0","3","7","false","劉冠廷","344.33333333","3","0","0","0.72278679","false","0","劉冠廷","15558","0.34264804","PERSON"
"3.49491892","9.78E-6","0.28612967","0.0","3","7","false","羅振全","344.33333333","3","0","0","0.72278679","false","0","羅振全","15558","0.34264804","PERSON"
"3.49491892","9.78E-6","0.28612967","0.0","3","7","false","董榮泰","344.33333333","3","0","0","0.72278679","false","0","董榮泰","15558","0.34264804","PERSON"
"3.4892973","1.212E-5","0.28659066","0.0","4","7","false","戴學蒓","297.5","4","0","0","0.72341141","false","0","戴學蒓","72172","0.29240631","PERSON"
"3.49491892","9.78E-6","0.28612967","0.0","3","7","false","陳桂生","344.33333333","3","0","0","0.72278679","false","0","陳桂生","15558","0.34264804","PERSON"
"3.21081081","2.2956E-4","0.31144781","0.0","6","7","false","防疫醫院","103.16666667","6","0","0","0.75435435","false","0","防疫醫院","798760","0.17614943","ORG"
"3.44518919","1.0576E-4","0.29025982","0.0","14","7","false","陳富齋","157.1","14","0","2","0.72831231","false","0","陳富齋","928200","0.14255708","PERSON"
"4.99718919","0.0","0.2001125","0.0","1","9","false","浙紹兪騰","9.0","1","0","0","0.55586787","false","0","浙紹兪騰","0","0.0","PERSON"
"3.43308108","1.3337E-4","0.29128354","0.0","12","7","false","戴運","135.81818182","12","0","1","0.72965766","false","0","戴運","1171380","0.12345987","PERSON"
"4.85232432","1.5E-7","0.2060868","0.0","7","8","false","王逸梅","13.0","7","0","0","0.57196396","false","0","王逸梅","42","1.0","PERSON"
"3.99740541","0.00173582","0.25016227","0.0","9","8","false","陳恒德堂","12.33333333","9","0","0","0.66695495","false","0","陳恒德堂","17688818","0.13178295","ORG"
"3.85513514","7.3947E-4","0.25939428","0.0","13","7","false","寕海　輪","15.76923077","13","0","0","0.68276276","false","0","寕海　輪","12174900","0.12307692","ORG"
"3.4892973","1.212E-5","0.28659066","0.0","4","7","false","蘇責森","297.5","4","0","0","0.72341141","false","0","蘇責森","72172","0.29240631","PERSON"
"4.85232432","1.5E-7","0.2060868","0.0","7","8","false","朱近思","13.0","7","0","0","0.57196396","false","0","朱近思","42","1.0","PERSON"
"4.85232432","1.5E-7","0.2060868","0.0","7","8","false","蔡芝黻","13.0","7","0","0","0.57196396","false","0","蔡芝黻","42","1.0","PERSON"
"4.99718919","0.0","0.2001125","0.0","1","9","false","邵穀華","9.0","1","0","0","0.55586787","false","0","邵穀華","0","0.0","PERSON"
"4.85232432","1.5E-7","0.2060868","0.0","7","8","false","韓竹","13.0","7","0","0","0.57196396","false","0","韓竹","42","1.0","PERSON"
"4.99718919","0.0","0.2001125","0.0","1","9","false","林純泉","9.0","1","0","0","0.55586787","false","0","林純泉","0","0.0","PERSON"
"3.4892973","1.212E-5","0.28659066","0.0","4","7","false","翁施德","297.5","4","0","0","0.72341141","false","0","翁施德","72172","0.29240631","PERSON"
"4.85232432","1.5E-7","0.2060868","0.0","7","8","false","郁承荃","13.0","7","0","0","0.57196396","false","0","郁承荃","42","1.0","PERSON"
"3.4892973","1.212E-5","0.28659066","0.0","4","7","false","成祥","297.5","4","0","0","0.72341141","false","0","成祥","72172","0.29240631","PERSON"
"4.85232432","1.5E-7","0.2060868","0.0","7","8","false","朱望仙","13.0","7","0","0","0.57196396","false","0","朱望仙","42","1.0","PERSON"
"3.65708108","0.00273958","0.27344212","0.0","44","7","false","陶業會所","9.43181818","44","0","0","0.70476877","false","0","陶業會所","51458404","0.06799853","ORG"
"3.4892973","1.212E-5","0.28659066","0.0","4","7","false","馬章瑞","297.5","4","0","0","0.72341141","false","0","馬章瑞","72172","0.29240631","PERSON"
"4.85232432","1.5E-7","0.2060868","0.0","7","8","false","姜允卿","13.0","7","0","0","0.57196396","false","0","姜允卿","42","1.0","PERSON"
"3.48021622","7.194E-5","0.28733847","0.0","18","7","false","朱全炳","97.6","18","0","1","0.72442042","false","0","朱全炳","332592","0.09433594","PERSON"
"4.85232432","1.5E-7","0.2060868","0.0","7","8","false","陳康泰","13.0","7","0","0","0.57196396","false","0","陳康泰","42","1.0","PERSON"
"3.48886486","1.97E-5","0.28662618","0.0","5","7","false","崔瑞記","240.4","5","0","0","0.72345946","false","0","崔瑞記","83222","0.23609467","PERSON"
"4.85232432","1.5E-7","0.2060868","0.0","7","8","false","顏玉樓","13.0","7","0","0","0.57196396","false","0","顏玉樓","42","1.0","PERSON"
"4.85232432","1.5E-7","0.2060868","0.0","7","8","false","黃安全","13.0","7","0","0","0.57196396","false","0","黃安全","42","1.0","PERSON"
"4.85232432","1.5E-7","0.2060868","0.0","7","8","false","姚慶生","13.0","7","0","0","0.57196396","false","0","姚慶生","42","1.0","PERSON"
"3.49189189","6.49E-6","0.28637771","0.0","2","7","false","翁泰昌","549.0","2","0","0","0.72312312","false","0","翁泰昌","42498","0.54257426","PERSON"
"4.85232432","1.5E-7","0.2060868","0.0","7","8","false","莊嘉庭","13.0","7","0","0","0.57196396","false","0","莊嘉庭","42","1.0","PERSON"
"3.49189189","6.49E-6","0.28637771","0.0","2","7","false","翁華","549.0","2","0","0","0.72312312","false","0","翁華","42498","0.54257426","PERSON"
"4.58032432","4.982E-5","0.21832515","0.0","18","7","false","寗商總會","11.27777778","18","0","0","0.60218619","false","0","寗商總會","132884","0.20975057","ORG"
"3.41448649","1.7188E-4","0.29286981","0.0","6","7","false","李忠福","236.5","6","0","0","0.73172372","false","0","李忠福","1138018","0.20657895","PERSON"
"4.10248649","0.0","0.24375461","0.0","1","8","false","唐　臣","95.0","1","0","0","0.65527928","false","0","唐　臣","0","0.0","PERSON"
"3.4547027","6.335E-5","0.28946051","0.0","4","7","false","史夢仙","318.25","4","0","0","0.72725526","false","0","史夢仙","490526","0.29347826","PERSON"
"4.10248649","0.0","0.24375461","0.0","1","8","false","韓潤住","95.0","1","0","0","0.65527928","false","0","韓潤住","0","0.0","PERSON"
"4.10248649","0.0","0.24375461","0.0","1","8","false","徐　良","95.0","1","0","0","0.65527928","false","0","徐　良","0","0.0","PERSON"
"3.44994595","0.00200187","0.28985961","0.0","20","6","false","寗波同鄉會","25.25","20","0","0","0.72778378","false","0","寗波同鄉會","28134246","0.09435798","ORG"
"4.10248649","0.0","0.24375461","0.0","1","8","false","周樂　正","95.0","1","0","0","0.65527928","false","0","周樂　正","0","0.0","PERSON"
"4.10248649","0.0","0.24375461","0.0","1","8","false","北　成永裕","95.0","1","0","0","0.65527928","false","0","北　成永裕","0","0.0","PERSON"
"3.49145946","1.198E-5","0.28641318","0.0","3","7","false","張鴻卿","372.0","3","0","0","0.72317117","false","0","張鴻卿","103352","0.36732673","PERSON"
"3.42789189","1.4877E-4","0.29172449","0.0","14","7","false","李雪嚴","115.61538462","14","0","1","0.73023423","false","0","李雪嚴","1106728","0.1040067","PERSON"
"3.45254054","7.789E-5","0.28964178","0.0","8","7","false","翁貿孚","196.57142857","8","0","1","0.7274955","false","0","翁貿孚","646484","0.18058304","PERSON"
"5.08756757","0.0","0.19655759","0.0","1","8","false","俞宗周","16.0","1","0","0","0.54582583","false","0","俞宗周","0","0.0","PERSON"
"3.21556757","3.651E-5","0.31098709","0.0","7","7","false","陸寄梅堂","168.71428571","7","0","0","0.75382583","false","0","陸寄梅堂","203196","0.29423559","ORG"
"4.08778378","0.00318039","0.24463133","0.0","16","7","false","浙路保存會","15.0","16","0","0","0.65691291","false","0","浙路保存會","29911068","0.10606061","ORG"
"3.48497297","2.083E-5","0.28694627","0.0","4","7","false","翁元","313.25","4","0","0","0.72389189","false","0","翁元","221710","0.30552838","PERSON"
"2.98681081","0.00471252","0.33480527","0.0","23","6","false","中國公立醫院","43.26086957","23","0","0","0.77924324","false","0","中國公立醫院","25031266","0.05612333","ORG"
"5.08756757","0.0","0.19655759","0.0","1","8","false","景本白","16.0","1","0","0","0.54582583","false","0","景本白","0","0.0","PERSON"
"3.94248649","1.75E-6","0.25364703","0.0","2","6","false","敦和","39.5","2","0","0","0.67305706","false","0","敦和","2958","0.6015625","PERSON"
"5.08756757","0.0","0.19655759","0.0","1","8","false","周金箴君","16.0","1","0","0","0.54582583","false","0","周金箴君","0","0.0","PERSON"
"3.89448649","5.298E-5","0.25677326","0.0","7","6","false","任逢辛","39.14285714","7","0","0","0.67839039","false","0","任逢辛","1147028","0.38921283","PERSON"
"3.90443243","0.00114808","0.25611917","0.0","17","7","false","陸師","8.52941176","17","0","0","0.67728529","false","0","陸師","9488816","0.15686275","ORG"
"3.88151351","1.4965E-4","0.25763146","0.0","5","7","false","寗波商務總會","31.0","5","0","0","0.67983183","false","0","寗波商務總會","4188532","0.24193548","ORG"
"5.08756757","0.0","0.19655759","0.0","1","8","false","李覲丹","16.0","1","0","0","0.54582583","false","0","李覲丹","0","0.0","PERSON"
"3.79978378","4.0672E-4","0.26317287","0.0","9","6","false","王西星","42.66666667","9","0","0","0.68891291","false","0","王西星","3001808","0.18684604","PERSON"
"5.08756757","0.0","0.19655759","0.0","1","8","false","李詠棠","16.0","1","0","0","0.54582583","false","0","李詠棠","0","0.0","PERSON"
"3.24843243","0.00133535","0.30784079","0.0","26","6","false","蘇寶森","91.90909091","26","0","3","0.75017417","false","0","蘇寶森","9852636","0.06799483","PERSON"
"3.82702703","6.1375E-4","0.26129944","0.0","14","7","false","寗波旅滬同鄉會","12.64285714","14","0","0","0.68588589","false","0","寗波旅滬同鄉會","1685856","0.08498436","ORG"
"5.08756757","0.0","0.19655759","0.0","1","8","false","方樵譽君","16.0","1","0","0","0.54582583","false","0","方樵譽君","0","0.0","PERSON"
"4.04886486","4.643E-5","0.2469828","0.0","10","8","false","樊時勛君","34.0","10","0","0","0.66123724","false","0","樊時勛君","529358","0.56896552","PERSON"
"3.94205405","2.171E-5","0.25367486","0.0","3","6","false","陳炳謙","27.0","3","0","0","0.67310511","false","0","陳炳謙","43112","0.40625","PERSON"
"4.04886486","4.643E-5","0.2469828","0.0","10","8","false","陳子琴君","34.0","10","0","0","0.66123724","false","0","陳子琴君","529358","0.56896552","PERSON"
"3.94248649","1.75E-6","0.25364703","0.0","2","6","false","勞敬修","39.5","2","0","0","0.67305706","false","0","勞敬修","2958","0.6015625","PERSON"
"3.98659459","0.0","0.25084066","0.0","1","7","false","孔殷","23.0","1","0","0","0.66815616","false","0","孔殷","0","0.0","PERSON"
"5.08756757","0.0","0.19655759","0.0","1","8","false","葉叉新君","16.0","1","0","0","0.54582583","false","0","葉叉新君","0","0.0","PERSON"
"3.98227027","1.81E-6","0.25111304","0.0","3","7","false","章炳麟","55.66666667","3","0","0","0.66863664","false","0","章炳麟","8162","0.45555556","PERSON"
"3.21427027","2.581E-4","0.31111261","0.0","10","7","false","陸幼堂","116.6","10","0","0","0.75396997","false","0","陸幼堂","917786","0.20280702","ORG"
"3.98659459","0.0","0.25084066","0.0","1","7","false","周普鑣","23.0","1","0","0","0.66815616","false","0","周普鑣","0","0.0","PERSON"
"3.20216216","0.00165968","0.31228899","0.0","23","7","false","浙軍","31.34782609","23","0","0","0.75531532","false","0","浙軍","5337958","0.05287078","ORG"
"3.83610811","1.004E-5","0.26068087","0.0","2","7","false","王栢年","96.5","2","0","0","0.68487688","false","0","王栢年","82772","0.51069519","PERSON"
"3.98227027","1.81E-6","0.25111304","0.0","3","7","false","黄興","55.66666667","3","0","0","0.66863664","false","0","黄興","8162","0.45555556","PERSON"
"3.98659459","0.0","0.25084066","0.0","1","7","false","陳元燦","23.0","1","0","0","0.66815616","false","0","陳元燦","0","0.0","PERSON"
"3.76389189","1.4117E-4","0.26568244","0.0","5","6","false","寗波會館","42.4","5","0","0","0.6929009","false","0","寗波會館","769180","0.21904762","ORG"
"3.98227027","1.81E-6","0.25111304","0.0","3","7","false","程德全","55.66666667","3","0","0","0.66863664","false","0","程德全","8162","0.45555556","PERSON"
"3.83610811","1.004E-5","0.26068087","0.0","2","7","false","宋渭臣","96.5","2","0","0","0.68487688","false","0","宋渭臣","82772","0.51069519","PERSON"
"3.98659459","0.0","0.25084066","0.0","1","7","false","楊兆鏊","23.0","1","0","0","0.66815616","false","0","楊兆鏊","0","0.0","PERSON"
"3.98227027","1.81E-6","0.25111304","0.0","3","7","false","陳　　其美","55.66666667","3","0","0","0.66863664","false","0","陳　　其美","8162","0.45555556","PERSON"
"3.96886486","7.83E-5","0.25196121","0.0","5","7","false","湯壽濳","46.2","5","0","0","0.67012613","false","0","湯壽濳","202708","0.3033557","PERSON"
"3.83610811","1.004E-5","0.26068087","0.0","2","7","false","朱葆三 艷","96.5","2","0","0","0.68487688","false","0","朱葆三 艷","82772","0.51069519","PERSON"
"2.90983784","0.02161601","0.34366176","0.0","101","5","false","陸軍部","18.64646465","101","0","1","0.7877958","false","0","陸軍部","87135556","0.02141561","ORG"
"4.83675676","5.0E-8","0.20675011","0.0","5","8","false","雲記","18.0","5","0","0","0.57369369","false","0","雲記","20","1.0","PERSON"
"3.8387027","0.00140595","0.26050468","0.0","18","7","false","中國應兆公司","12.0","18","0","0","0.68458859","false","0","中國應兆公司","16668084","0.08461538","ORG"
"5.69772973","8.641E-5","0.1755085","0.0","2","8","false","寗波電話公司","6.5","2","0","0","0.47803003","false","0","寗波電話公司","5933708","0.78571429","ORG"
"3.98227027","1.81E-6","0.25111304","0.0","3","7","false","唐文治","55.66666667","3","0","0","0.66863664","false","0","唐文治","8162","0.45555556","PERSON"
"4.83675676","5.0E-8","0.20675011","0.0","5","8","false","姆海大延","18.0","5","0","0","0.57369369","false","0","姆海大延","20","1.0","PERSON"
"4.21621622","0.0","0.23717949","0.0","1","8","false","哈同君","5.0","1","0","0","0.64264264","false","0","哈同君","0","0.0","PERSON"
"3.21643243","8.7992E-4","0.31090347","0.0","5","7","false","寗湖義振會","123.2","5","0","0","0.75372973","false","0","寗湖義振會","846446","0.21438596","ORG"
"3.98227027","1.81E-6","0.25111304","0.0","3","7","false","温宗堯","55.66666667","3","0","0","0.66863664","false","0","温宗堯","8162","0.45555556","PERSON"
"4.08951351","6.717E-4","0.24452786","0.0","9","7","false","高易","16.33333333","9","0","0","0.65672072","false","0","高易","8045994","0.40350877","PERSON"
"4.83675676","5.0E-8","0.20675011","0.0","5","8","false","李雲記","18.0","5","0","0","0.57369369","false","0","李雲記","20","1.0","PERSON"
"4.83675676","5.0E-8","0.20675011","0.0","5","8","false","李延穆安素","18.0","5","0","0","0.57369369","false","0","李延穆安素","20","1.0","PERSON"
"4.21621622","0.0","0.23717949","0.0","1","8","false","陸伯鴻","5.0","1","0","0","0.64264264","false","0","陸伯鴻","0","0.0","PERSON"
"3.98227027","1.81E-6","0.25111304","0.0","3","7","false","于佑任","55.66666667","3","0","0","0.66863664","false","0","于佑任","8162","0.45555556","PERSON"
"4.83675676","5.0E-8","0.20675011","0.0","5","8","false","陳錫山","18.0","5","0","0","0.57369369","false","0","陳錫山","20","1.0","PERSON"
"3.09621622","8.4896E-4","0.32297486","0.0","61","7","false","寗記船局","52.52459016","61","0","0","0.76708709","false","0","寗記船局","19247848","0.07842403","ORG"
"3.98227027","1.81E-6","0.25111304","0.0","3","7","false","范鴻仙","55.66666667","3","0","0","0.66863664","false","0","范鴻仙","8162","0.45555556","PERSON"
"4.83675676","5.0E-8","0.20675011","0.0","5","8","false","陳法卿","18.0","5","0","0","0.57369369","false","0","陳法卿","20","1.0","PERSON"
"3.98227027","1.81E-6","0.25111304","0.0","3","7","false","鄭贊成","55.66666667","3","0","0","0.66863664","false","0","鄭贊成","8162","0.45555556","PERSON"
"4.83675676","5.0E-8","0.20675011","0.0","5","8","false","李永記","18.0","5","0","0","0.57369369","false","0","李永記","20","1.0","PERSON"
"3.98227027","1.81E-6","0.25111304","0.0","3","7","false","朱鑒江","55.66666667","3","0","0","0.66863664","false","0","朱鑒江","8162","0.45555556","PERSON"
"4.83675676","5.0E-8","0.20675011","0.0","5","8","false","姆海夫","18.0","5","0","0","0.57369369","false","0","姆海夫","20","1.0","PERSON"
"3.98227027","1.81E-6","0.25111304","0.0","3","7","false","黄郛","55.66666667","3","0","0","0.66863664","false","0","黄郛","8162","0.45555556","PERSON"
"4.83675676","5.0E-8","0.20675011","0.0","5","8","false","周浦汎","18.0","5","0","0","0.57369369","false","0","周浦汎","20","1.0","PERSON"
"3.98227027","1.81E-6","0.25111304","0.0","3","7","false","咸推公","55.66666667","3","0","0","0.66863664","false","0","咸推公","8162","0.45555556","PERSON"
"4.83675676","5.0E-8","0.20675011","0.0","5","8","false","朱蔭生","18.0","5","0","0","0.57369369","false","0","朱蔭生","20","1.0","PERSON"
"3.98227027","1.81E-6","0.25111304","0.0","3","7","false","黄黄興","55.66666667","3","0","0","0.66863664","false","0","黄黄興","8162","0.45555556","PERSON"
"4.83675676","5.0E-8","0.20675011","0.0","5","8","false","王　華","18.0","5","0","0","0.57369369","false","0","王　華","20","1.0","PERSON"
"5.69772973","8.641E-5","0.1755085","0.0","2","8","false","浙都督","6.5","2","0","0","0.47803003","false","0","浙都督","5933708","0.78571429","ORG"
"4.83675676","5.0E-8","0.20675011","0.0","5","8","false","鄭阿三","18.0","5","0","0","0.57369369","false","0","鄭阿三","20","1.0","PERSON"
"4.83675676","5.0E-8","0.20675011","0.0","5","8","false","潘相求","18.0","5","0","0","0.57369369","false","0","潘相求","20","1.0","PERSON"
"4.83675676","5.0E-8","0.20675011","0.0","5","8","false","姚新源","18.0","5","0","0","0.57369369","false","0","姚新源","20","1.0","PERSON"
"4.83675676","5.0E-8","0.20675011","0.0","5","8","false","姚奚氏","18.0","5","0","0","0.57369369","false","0","姚奚氏","20","1.0","PERSON"
"5.37254054","2.0E-8","0.18613168","0.0","4","9","false","王潤身","24.0","4","0","0","0.51416216","false","0","王潤身","12","1.0","PERSON"
"4.096","1.03E-5","0.24414063","0.0","9","8","false","耀徐","36.0","9","0","0","0.656","false","0","耀徐","130362","0.76086957","PERSON"
"4.37405405","0.00238014","0.22862086","0.0","24","8","false","中國敎育噐械館","4.20833333","24","0","0","0.62510511","false","0","中國敎育噐械館","13241432","0.40104167","ORG"
"4.096","5.2788E-4","0.24414063","0.0","34","7","false","海　豐","12.29411765","34","0","0","0.656","false","0","海　豐","4929590","0.11294118","ORG"
"5.37254054","2.0E-8","0.18613168","0.0","4","9","false","巢鳳","24.0","4","0","0","0.51416216","false","0","巢鳳","12","1.0","PERSON"
"4.096","1.03E-5","0.24414063","0.0","9","8","false","顧全耀","36.0","9","0","0","0.656","false","0","顧全耀","130362","0.76086957","PERSON"
"3.48367568","0.00828694","0.28705313","0.0","9","7","false","巢崇山","187.16666667","9","0","1","0.72403604","false","0","巢崇山","37707310","0.18162602","PERSON"
"4.096","1.03E-5","0.24414063","0.0","9","8","false","哀丹生君","36.0","9","0","0","0.656","false","0","哀丹生君","130362","0.76086957","PERSON"
"5.37254054","2.0E-8","0.18613168","0.0","4","9","false","黄福培","24.0","4","0","0","0.51416216","false","0","黄福培","12","1.0","PERSON"
"4.096","1.03E-5","0.24414063","0.0","9","8","false","朱曉蘭君","36.0","9","0","0","0.656","false","0","朱曉蘭君","130362","0.76086957","PERSON"
"5.37254054","2.0E-8","0.18613168","0.0","4","9","false","程旭東","24.0","4","0","0","0.51416216","false","0","程旭東","12","1.0","PERSON"
"5.37254054","2.0E-8","0.18613168","0.0","4","9","false","謝彦琚","24.0","4","0","0","0.51416216","false","0","謝彦琚","12","1.0","PERSON"
"5.37254054","2.0E-8","0.18613168","0.0","4","9","false","邵寳寗","24.0","4","0","0","0.51416216","false","0","邵寳寗","12","1.0","PERSON"
"4.096","1.03E-5","0.24414063","0.0","9","8","false","徐浩如君","36.0","9","0","0","0.656","false","0","徐浩如君","130362","0.76086957","PERSON"
"5.37254054","2.0E-8","0.18613168","0.0","4","9","false","徐瑞興","24.0","4","0","0","0.51416216","false","0","徐瑞興","12","1.0","PERSON"
"4.096","1.03E-5","0.24414063","0.0","9","8","false","賛成龍","36.0","9","0","0","0.656","false","0","賛成龍","130362","0.76086957","PERSON"
"5.37254054","2.0E-8","0.18613168","0.0","4","9","false","劉子卿","24.0","4","0","0","0.51416216","false","0","劉子卿","12","1.0","PERSON"
"4.096","1.03E-5","0.24414063","0.0","9","8","false","孟臣君","36.0","9","0","0","0.656","false","0","孟臣君","130362","0.76086957","PERSON"
"5.37254054","2.0E-8","0.18613168","0.0","4","9","false","錢筱候","24.0","4","0","0","0.51416216","false","0","錢筱候","12","1.0","PERSON"
"4.096","1.03E-5","0.24414063","0.0","9","8","false","王小鄔君","36.0","9","0","0","0.656","false","0","王小鄔君","130362","0.76086957","PERSON"
"5.37254054","2.0E-8","0.18613168","0.0","4","9","false","黄景周","24.0","4","0","0","0.51416216","false","0","黄景周","12","1.0","PERSON"
"4.096","1.03E-5","0.24414063","0.0","9","8","false","朱瑩如君","36.0","9","0","0","0.656","false","0","朱瑩如君","130362","0.76086957","PERSON"
"5.37254054","2.0E-8","0.18613168","0.0","4","9","false","毛履泰","24.0","4","0","0","0.51416216","false","0","毛履泰","12","1.0","PERSON"
"4.096","1.03E-5","0.24414063","0.0","9","8","false","賛成茲","36.0","9","0","0","0.656","false","0","賛成茲","130362","0.76086957","PERSON"
"5.37254054","2.0E-8","0.18613168","0.0","4","9","false","包文信","24.0","4","0","0","0.51416216","false","0","包文信","12","1.0","PERSON"
"4.096","1.03E-5","0.24414063","0.0","9","8","false","張季直君","36.0","9","0","0","0.656","false","0","張季直君","130362","0.76086957","PERSON"
"3.97059459","0.00293379","0.25185145","0.0","7","7","false","童弼臣","41.57142857","7","0","0","0.66993393","false","0","童弼臣","17691150","0.28371628","PERSON"
"5.37254054","2.0E-8","0.18613168","0.0","4","9","false","翁春華","24.0","4","0","0","0.51416216","false","0","翁春華","12","1.0","PERSON"
"4.096","1.03E-5","0.24414063","0.0","9","8","false","价侯君","36.0","9","0","0","0.656","false","0","价侯君","130362","0.76086957","PERSON"
"5.37254054","2.0E-8","0.18613168","0.0","4","9","false","何培豐","24.0","4","0","0","0.51416216","false","0","何培豐","12","1.0","PERSON"
"4.096","1.03E-5","0.24414063","0.0","9","8","false","竇价人君","36.0","9","0","0","0.656","false","0","竇价人君","130362","0.76086957","PERSON"
"5.37254054","2.0E-8","0.18613168","0.0","4","9","false","程安甫","24.0","4","0","0","0.51416216","false","0","程安甫","12","1.0","PERSON"
"4.096","1.03E-5","0.24414063","0.0","9","8","false","朱幼鴻君","36.0","9","0","0","0.656","false","0","朱幼鴻君","130362","0.76086957","PERSON"
"5.37254054","2.0E-8","0.18613168","0.0","4","9","false","俞曉樓","24.0","4","0","0","0.51416216","false","0","俞曉樓","12","1.0","PERSON"
"4.096","1.03E-5","0.24414063","0.0","9","8","false","王小　君","36.0","9","0","0","0.656","false","0","王小　君","130362","0.76086957","PERSON"
"5.37254054","2.0E-8","0.18613168","0.0","4","9","false","崔學瀛","24.0","4","0","0","0.51416216","false","0","崔學瀛","12","1.0","PERSON"
"4.096","1.03E-5","0.24414063","0.0","9","8","false","丁荃生君","36.0","9","0","0","0.656","false","0","丁荃生君","130362","0.76086957","PERSON"
"5.37254054","2.0E-8","0.18613168","0.0","4","9","false","駱文棠","24.0","4","0","0","0.51416216","false","0","駱文棠","12","1.0","PERSON"
"3.20432432","6.5276E-4","0.31207827","0.0","17","7","false","實濟","57.52941176","17","0","0","0.75507508","false","0","實濟","2599096","0.09865517","ORG"
"4.096","1.03E-5","0.24414063","0.0","9","8","false","季直君","36.0","9","0","0","0.656","false","0","季直君","130362","0.76086957","PERSON"
"5.37254054","2.0E-8","0.18613168","0.0","4","9","false","金子慶","24.0","4","0","0","0.51416216","false","0","金子慶","12","1.0","PERSON"
"5.37254054","2.0E-8","0.18613168","0.0","4","9","false","范佩華","24.0","4","0","0","0.51416216","false","0","范佩華","12","1.0","PERSON"
"4.096","1.03E-5","0.24414063","0.0","9","8","false","樊　勛君","36.0","9","0","0","0.656","false","0","樊　勛君","130362","0.76086957","PERSON"
"5.37254054","2.0E-8","0.18613168","0.0","4","9","false","許祖謙","24.0","4","0","0","0.51416216","false","0","許祖謙","12","1.0","PERSON"
"4.096","1.03E-5","0.24414063","0.0","9","8","false","丁价侯君","36.0","9","0","0","0.656","false","0","丁价侯君","130362","0.76086957","PERSON"
"5.37254054","2.0E-8","0.18613168","0.0","4","9","false","賀遇知","24.0","4","0","0","0.51416216","false","0","賀遇知","12","1.0","PERSON"
"4.096","1.03E-5","0.24414063","0.0","9","8","false","龍　　君","36.0","9","0","0","0.656","false","0","龍　　君","130362","0.76086957","PERSON"
"4.65989189","1.012E-4","0.21459725","0.0","6","8","false","盧洪滄君","16.5","6","0","0","0.59334535","false","0","盧洪滄君","324960","0.21232877","PERSON"
"4.096","1.03E-5","0.24414063","0.0","9","8","false","陶湛春","36.0","9","0","0","0.656","false","0","陶湛春","130362","0.76086957","PERSON"
"4.84367568","1.749E-5","0.20645478","0.0","5","8","false","中國教育器械館","6.4","5","0","0","0.57292492","false","0","中國教育器械館","141692","0.77142857","ORG"
"4.096","1.03E-5","0.24414063","0.0","9","8","false","陶湛春君","36.0","9","0","0","0.656","false","0","陶湛春君","130362","0.76086957","PERSON"
"4.65989189","1.012E-4","0.21459725","0.0","6","8","false","蔣挹之","16.5","6","0","0","0.59334535","false","0","蔣挹之","324960","0.21232877","PERSON"
"4.096","1.03E-5","0.24414063","0.0","9","8","false","浩如君","36.0","9","0","0","0.656","false","0","浩如君","130362","0.76086957","PERSON"
"4.65989189","1.012E-4","0.21459725","0.0","6","8","false","盧君","16.5","6","0","0","0.59334535","false","0","盧君","324960","0.21232877","PERSON"
"4.096","1.03E-5","0.24414063","0.0","9","8","false","香君","36.0","9","0","0","0.656","false","0","香君","130362","0.76086957","PERSON"
"4.65989189","1.012E-4","0.21459725","0.0","6","8","false","盧君復","16.5","6","0","0","0.59334535","false","0","盧君復","324960","0.21232877","PERSON"
"4.57643243","1.2794E-4","0.21851082","0.0","11","7","false","實隆醫院","12.27272727","11","0","0","0.60261862","false","0","實隆醫院","1068422","0.16824966","ORG"
"4.096","1.03E-5","0.24414063","0.0","9","8","false","龍蓋臣君","36.0","9","0","0","0.656","false","0","龍蓋臣君","130362","0.76086957","PERSON"
"2.94918919","0.01317494","0.33907625","0.0","56","5","false","中國紅十字會","27.39285714","56","0","0","0.78342342","false","0","中國紅十字會","62853320","0.03375046","ORG"
"4.096","1.03E-5","0.24414063","0.0","9","8","false","朱塋如君","36.0","9","0","0","0.656","false","0","朱塋如君","130362","0.76086957","PERSON"
"3.94854054","4.3E-7","0.25325813","0.0","2","6","false","吕海寰君","46.0","2","0","0","0.67238438","false","0","吕海寰君","3508","0.81818182","PERSON"
"3.80151351","9.208E-4","0.26305312","0.0","20","6","false","海利洋行","15.5","20","0","0","0.68872072","false","0","海利洋行","36321438","0.09863946","ORG"
"3.91913514","5.96E-5","0.25515834","0.0","4","6","false","沈敦和君","39.25","4","0","0","0.67565165","false","0","沈敦和君","438086","0.3825","PERSON"
"3.64410811","3.0612E-4","0.27441557","0.0","10","6","false","陸軍部長","22.7","10","0","0","0.70621021","false","0","陸軍部長","1944632","0.13312883","ORG"
"3.94854054","4.3E-7","0.25325813","0.0","2","6","false","唐元湛","46.0","2","0","0","0.67238438","false","0","唐元湛","3508","0.81818182","PERSON"
"3.21427027","6.0786E-4","0.31111261","0.0","10","7","false","寧波旅滬同鄉會","63.5","10","0","0","0.75396997","false","0","寧波旅滬同鄉會","2566508","0.10964912","ORG"
"3.94854054","4.3E-7","0.25325813","0.0","2","6","false","周晋","46.0","2","0","0","0.67238438","false","0","周晋","3508","0.81818182","PERSON"
"3.94854054","4.3E-7","0.25325813","0.0","2","6","false","蔣煇","46.0","2","0","0","0.67238438","false","0","蔣煇","3508","0.81818182","PERSON"
"3.94854054","4.3E-7","0.25325813","0.0","2","6","false","桂運熙","46.0","2","0","0","0.67238438","false","0","桂運熙","3508","0.81818182","PERSON"
"3.94854054","4.3E-7","0.25325813","0.0","2","6","false","葉韶奎","46.0","2","0","0","0.67238438","false","0","葉韶奎","3508","0.81818182","PERSON"
"3.216","7.621E-5","0.31094527","0.0","6","7","false","寳善","134.83333333","6","0","0","0.75377778","false","0","寳善","190732","0.23479532","ORG"
"3.94854054","4.3E-7","0.25325813","0.0","2","6","false","施肇曾","46.0","2","0","0","0.67238438","false","0","施肇曾","3508","0.81818182","PERSON"
"3.49535135","1.149E-5","0.28609427","0.0","2","7","false","翁南嬰","504.5","2","0","0","0.72273874","false","0","翁南嬰","7796","0.50249501","PERSON"
"4.096","5.2788E-4","0.24414063","0.0","34","7","false","海豐","12.29411765","34","0","0","0.656","false","0","海豐","4929590","0.11294118","ORG"
"3.94854054","4.3E-7","0.25325813","0.0","2","6","false","哈慶","46.0","2","0","0","0.67238438","false","0","哈慶","3508","0.81818182","PERSON"
"3.94854054","4.3E-7","0.25325813","0.0","2","6","false","余之芹","46.0","2","0","0","0.67238438","false","0","余之芹","3508","0.81818182","PERSON"
"3.49448649","1.617E-5","0.28616508","0.0","4","7","false","梁子和","260.5","4","0","0","0.72283483","false","0","梁子和","23352","0.25898204","PERSON"
"3.94854054","4.3E-7","0.25325813","0.0","2","6","false","張藴和","46.0","2","0","0","0.67238438","false","0","張藴和","3508","0.81818182","PERSON"
"3.21297297","2.3088E-4","0.31123822","0.0","13","7","false","寳善堂","111.53846154","13","0","0","0.75411411","false","0","寳善堂","727636","0.19392713","ORG"
"3.94854054","4.3E-7","0.25325813","0.0","2","6","false","金世和","46.0","2","0","0","0.67238438","false","0","金世和","3508","0.81818182","PERSON"
"3.49448649","1.617E-5","0.28616508","0.0","4","7","false","楊雪松","260.5","4","0","0","0.72283483","false","0","楊雪松","23352","0.25898204","PERSON"
"3.40886486","5.7538E-4","0.29335278","0.0","5","6","false","汪龍標","221.0","5","0","0","0.73234835","false","0","汪龍標","1241650","0.20872865","PERSON"
"3.49448649","1.617E-5","0.28616508","0.0","4","7","false","沈忠洋","260.5","4","0","0","0.72283483","false","0","沈忠洋","23352","0.25898204","PERSON"
"3.94854054","4.3E-7","0.25325813","0.0","2","6","false","貝致祥","46.0","2","0","0","0.67238438","false","0","貝致祥","3508","0.81818182","PERSON"
"3.49448649","1.617E-5","0.28616508","0.0","4","7","false","倪尚林","260.5","4","0","0","0.72283483","false","0","倪尚林","23352","0.25898204","PERSON"
"3.80151351","9.208E-4","0.26305312","0.0","20","6","false","集益工藝學堂","15.5","20","0","0","0.68872072","false","0","集益工藝學堂","36321438","0.09863946","ORG"
"3.94854054","4.3E-7","0.25325813","0.0","2","6","false","秋葆賢","46.0","2","0","0","0.67238438","false","0","秋葆賢","3508","0.81818182","PERSON"
"3.42572973","1.3552E-4","0.29190861","0.0","9","7","false","劉春榮","168.0","9","0","1","0.73047447","false","0","劉春榮","735526","0.15307058","PERSON"
"3.94854054","4.3E-7","0.25325813","0.0","2","6","false","葉德鑫","46.0","2","0","0","0.67238438","false","0","葉德鑫","3508","0.81818182","PERSON"
"3.94854054","4.3E-7","0.25325813","0.0","2","6","false","袁嘉熙","46.0","2","0","0","0.67238438","false","0","袁嘉熙","3508","0.81818182","PERSON"
"3.94854054","4.3E-7","0.25325813","0.0","2","6","false","洪毓麟","46.0","2","0","0","0.67238438","false","0","洪毓麟","3508","0.81818182","PERSON"
"3.94854054","4.3E-7","0.25325813","0.0","2","6","false","洪肇基","46.0","2","0","0","0.67238438","false","0","洪肇基","3508","0.81818182","PERSON"
"3.94854054","4.3E-7","0.25325813","0.0","2","6","false","何守仁","46.0","2","0","0","0.67238438","false","0","何守仁","3508","0.81818182","PERSON"
"3.21556757","4.814E-5","0.31098709","0.0","7","7","false","寳德堂","168.57142857","7","0","0","0.75382583","false","0","寳德堂","335560","0.29398496","ORG"
"3.94854054","4.3E-7","0.25325813","0.0","2","6","false","何亮標","46.0","2","0","0","0.67238438","false","0","何亮標","3508","0.81818182","PERSON"
"3.94854054","4.3E-7","0.25325813","0.0","2","6","false","林志道","46.0","2","0","0","0.67238438","false","0","林志道","3508","0.81818182","PERSON"
"3.88843243","1.7094E-4","0.25717304","0.0","5","6","false","徐華清","55.6","5","0","0","0.67906306","false","0","徐華清","831542","0.33913043","PERSON"
"3.94854054","4.3E-7","0.25325813","0.0","2","6","false","丁榕","46.0","2","0","0","0.67238438","false","0","丁榕","3508","0.81818182","PERSON"
"4.37016216","1.2015E-4","0.22882446","0.0","16","7","false","寳笏堂","14.625","16","0","0","0.62553754","false","0","寳笏堂","1200570","0.25707547","ORG"
"3.94854054","4.3E-7","0.25325813","0.0","2","6","false","王勳","46.0","2","0","0","0.67238438","false","0","王勳","3508","0.81818182","PERSON"
"3.95027027","0.00137706","0.25314724","0.0","39","7","false","海豐贛豐","12.30769231","39","0","0","0.67219219","false","0","海豐贛豐","8889270","0.08698225","ORG"
"4.20843243","0.0","0.23761817","0.0","1","8","false","張如生","10.0","1","0","0","0.64350751","false","0","張如生","0","0.0","PERSON"
"3.20864865","0.0028062","0.31165768","0.0","10","7","false","雲南急振會","73.0","10","0","0","0.75459459","false","0","雲南急振會","4157520","0.12565445","ORG"
"3.94854054","4.3E-7","0.25325813","0.0","2","6","false","朱禮琦","46.0","2","0","0","0.67238438","false","0","朱禮琦","3508","0.81818182","PERSON"
"4.20843243","0.0","0.23761817","0.0","1","8","false","應照生","10.0","1","0","0","0.64350751","false","0","應照生","0","0.0","PERSON"
"3.94854054","4.3E-7","0.25325813","0.0","2","6","false","江紹墀","46.0","2","0","0","0.67238438","false","0","江紹墀","3508","0.81818182","PERSON"
"4.20843243","0.0","0.23761817","0.0","1","8","false","桂阿茂","10.0","1","0","0","0.64350751","false","0","桂阿茂","0","0.0","PERSON"
"3.89708108","9.073E-5","0.25660231","0.0","6","6","false","蘇瑪利","32.83333333","6","0","0","0.6781021","true","0","蘇瑪利","764000","0.21509009","PERSON"
"4.20843243","0.0","0.23761817","0.0","1","8","false","邱章明","10.0","1","0","0","0.64350751","false","0","邱章明","0","0.0","PERSON"
"3.89708108","9.073E-5","0.25660231","0.0","6","6","false","沈仲","32.83333333","6","0","0","0.6781021","true","0","沈仲","764000","0.21509009","PERSON"
"4.20843243","0.0","0.23761817","0.0","1","8","false","張氏","10.0","1","0","0","0.64350751","false","0","張氏","0","0.0","PERSON"
"3.89708108","9.073E-5","0.25660231","0.0","6","6","false","蘇君","32.83333333","6","0","0","0.6781021","true","0","蘇君","764000","0.21509009","PERSON"
"3.89708108","9.073E-5","0.25660231","0.0","6","6","false","克佐治","32.83333333","6","0","0","0.6781021","true","0","克佐治","764000","0.21509009","PERSON"
"3.89708108","9.073E-5","0.25660231","0.0","6","6","false","貝潤生君","32.83333333","6","0","0","0.6781021","true","0","貝潤生君","764000","0.21509009","PERSON"
"3.20475676","7.242E-4","0.31203616","0.0","15","7","false","寳華銀樓","56.86666667","15","0","0","0.75502703","false","0","寳華銀樓","5828120","0.09715942","ORG"
"4.20843243","0.0","0.23761817","0.0","1","8","false","楊文駿","10.0","1","0","0","0.64350751","false","0","楊文駿","0","0.0","PERSON"
"6.6092973","4.7E-7","0.15130202","0.0","5","9","false","雲南旱災急振分會","2.0","5","0","0","0.37674474","false","0","雲南旱災急振分會","20","1.0","ORG"
"3.21556757","9.52E-5","0.31098709","0.0","7","7","false","雲莊","115.85714286","7","0","0","0.75382583","false","0","雲莊","425180","0.20150376","ORG"
"4.09513514","3.24E-6","0.24419219","0.0","3","7","false","藍浩吾君","20.0","3","0","0","0.6560961","false","0","藍浩吾君","15934","0.65517241","PERSON"
"4.37578378","2.579E-5","0.22853049","0.0","14","7","false","寳隆醫院","30.71428571","14","0","0","0.62491291","false","0","寳隆醫院","131432","0.32653061","ORG"
"3.80713514","7.3282E-4","0.2626647","0.0","15","7","false","中國航業黨","12.2","15","0","0","0.6880961","false","0","中國航業黨","2038228","0.08484848","ORG"
"4.09513514","3.24E-6","0.24419219","0.0","3","7","false","姚勇忱","20.0","3","0","0","0.6560961","false","0","姚勇忱","15934","0.65517241","PERSON"
"4.09513514","3.24E-6","0.24419219","0.0","3","7","false","戴天仇","20.0","3","0","0","0.6560961","false","0","戴天仇","15934","0.65517241","PERSON"
"3.63848649","9.3314E-4","0.27483955","0.0","31","6","false","電報局","12.19354839","31","0","0","0.70683483","false","0","電報局","4056926","0.07129649","ORG"
"4.10205405","1.413E-5","0.24378031","0.0","4","8","false","朱曉南君","22.25","4","0","0","0.65532733","false","0","朱曉南君","62982","0.54487179","PERSON"
"4.09513514","3.24E-6","0.24419219","0.0","3","7","false","張秋生","20.0","3","0","0","0.6560961","false","0","張秋生","15934","0.65517241","PERSON"
"4.10205405","1.413E-5","0.24378031","0.0","4","8","false","朱樊","22.25","4","0","0","0.65532733","false","0","朱樊","62982","0.54487179","PERSON"
"4.10205405","1.413E-5","0.24378031","0.0","4","8","false","王小塢君","22.25","4","0","0","0.65532733","false","0","王小塢君","62982","0.54487179","PERSON"
"4.09513514","3.24E-6","0.24419219","0.0","3","7","false","倪逢伯","20.0","3","0","0","0.6560961","false","0","倪逢伯","15934","0.65517241","PERSON"
"4.096","5.2788E-4","0.24414063","0.0","34","7","false","海贛","12.29411765","34","0","0","0.656","false","0","海贛","4929590","0.11294118","ORG"
"4.09513514","3.24E-6","0.24419219","0.0","3","7","false","江確生","20.0","3","0","0","0.6560961","false","0","江確生","15934","0.65517241","PERSON"
"4.09513514","3.24E-6","0.24419219","0.0","3","7","false","臧凌雲","20.0","3","0","0","0.6560961","false","0","臧凌雲","15934","0.65517241","PERSON"
"4.37016216","1.2015E-4","0.22882446","0.0","16","7","false","寳順堂","14.625","16","0","0","0.62553754","false","0","寳順堂","1200570","0.25707547","ORG"
"4.09513514","3.24E-6","0.24419219","0.0","3","7","false","沈仲芳","20.0","3","0","0","0.6560961","false","0","沈仲芳","15934","0.65517241","PERSON"
"4.09513514","3.24E-6","0.24419219","0.0","3","7","false","陳月荘","20.0","3","0","0","0.6560961","false","0","陳月荘","15934","0.65517241","PERSON"
"4.09513514","3.24E-6","0.24419219","0.0","3","7","false","張雲卿","20.0","3","0","0","0.6560961","false","0","張雲卿","15934","0.65517241","PERSON"
"4.09513514","3.24E-6","0.24419219","0.0","3","7","false","朱薪之","20.0","3","0","0","0.6560961","false","0","朱薪之","15934","0.65517241","PERSON"
"4.09513514","3.24E-6","0.24419219","0.0","3","7","false","王佑之","20.0","3","0","0","0.6560961","false","0","王佑之","15934","0.65517241","PERSON"
"4.09513514","3.24E-6","0.24419219","0.0","3","7","false","藍君","20.0","3","0","0","0.6560961","false","0","藍君","15934","0.65517241","PERSON"
"4.15956757","1.156E-5","0.24040961","0.0","2","8","false","朱財政","24.5","2","0","0","0.64893694","true","0","朱財政","51768","0.53409091","PERSON"
"4.59459459","5.256E-5","0.21764706","0.0","4","7","false","中國銀行","13.0","4","0","0","0.6006006","true","0","中國銀行","169182","0.26666667","ORG"
"4.15956757","1.156E-5","0.24040961","0.0","2","8","false","均達覽","24.5","2","0","0","0.64893694","true","0","均達覽","51768","0.53409091","PERSON"
"3.20216216","2.3953E-4","0.31228899","0.0","12","7","false","寶華樓","72.33333333","12","0","0","0.75531532","false","0","寶華樓","2492036","0.12405797","ORG"
"4.15956757","1.156E-5","0.24040961","0.0","2","8","false","中嗣齡","24.5","2","0","0","0.64893694","true","0","中嗣齡","51768","0.53409091","PERSON"
"3.216","5.85E-6","0.31094527","0.0","6","7","false","中塾","211.16666667","6","0","0","0.75377778","false","0","中塾","105940","0.36871345","ORG"
"3.04086486","0.00224771","0.32885381","0.0","21","6","false","電報總局","63.47619048","21","0","0","0.77323724","false","0","電報總局","25104374","0.08653212","ORG"
"3.54378378","3.0856E-4","0.28218426","0.0","7","7","false","廣皇仁","129.42857143","7","0","0","0.71735736","true","0","廣皇仁","3409484","0.18505558","PERSON"
"3.54724324","3.7406E-4","0.28190906","0.0","21","7","false","中外日報","18.38095238","21","0","0","0.71697297","false","0","中外日報","3939248","0.09819747","ORG"
"3.21556757","4.493E-5","0.31098709","0.0","4","7","false","將備學堂","168.5","4","0","0","0.75382583","false","0","將備學堂","278996","0.29232112","ORG"
"3.54378378","3.0856E-4","0.28218426","0.0","7","7","false","梁欽差","129.42857143","7","0","0","0.71735736","true","0","梁欽差","3409484","0.18505558","PERSON"
"4.27459459","7.345E-5","0.23394031","0.0","5","7","false","海贛信用","12.4","5","0","0","0.63615616","false","0","海贛信用","297322","0.25333333","ORG"
"3.54378378","3.0856E-4","0.28218426","0.0","7","7","false","三欽憲","129.42857143","7","0","0","0.71735736","true","0","三欽憲","3409484","0.18505558","PERSON"
"5.31632432","3.0E-8","0.18809989","0.0","3","8","false","徐企文君","11.0","3","0","0","0.52040841","false","0","徐企文君","6","1.0","PERSON"
"3.52389189","8.1841E-4","0.28377715","0.0","14","7","false","張雪堂","81.53846154","14","0","1","0.71956757","true","0","張雪堂","7737098","0.10987512","PERSON"
"4.31740541","0.00143942","0.23162059","0.0","11","7","false","對荷外交後援團","3.54545455","11","0","0","0.6313994","false","0","對荷外交後援團","4564230","0.31818182","ORG"
"5.31632432","3.0E-8","0.18809989","0.0","3","8","false","舒順富","11.0","3","0","0","0.52040841","false","0","舒順富","6","1.0","PERSON"
"4.096","5.2788E-4","0.24414063","0.0","34","7","false","海贛豐","12.29411765","34","0","0","0.656","false","0","海贛豐","4929590","0.11294118","ORG"
"3.53902703","0.00505503","0.28256354","0.0","9","7","false","黄星階","102.88888889","9","0","0","0.71788589","true","0","黄星階","18764886","0.14493441","PERSON"
"5.31632432","3.0E-8","0.18809989","0.0","3","8","false","陳森茂","11.0","3","0","0","0.52040841","false","0","陳森茂","6","1.0","PERSON"
"3.47545946","0.00166559","0.28773174","0.0","13","6","false","嚴筱舫","84.23076923","13","0","0","0.72494895","true","0","嚴筱舫","11130618","0.10339226","PERSON"
"5.31632432","3.0E-8","0.18809989","0.0","3","8","false","夏洽興","11.0","3","0","0","0.52040841","false","0","夏洽興","6","1.0","PERSON"
"5.31632432","3.0E-8","0.18809989","0.0","3","8","false","王方","11.0","3","0","0","0.52040841","false","0","王方","6","1.0","PERSON"
"3.21513514","1.4083E-4","0.31102892","0.0","5","7","false","電車","139.0","5","0","0","0.75387387","false","0","電車","687032","0.2408377","ORG"
"3.54378378","3.0856E-4","0.28218426","0.0","7","7","false","童藴山","129.42857143","7","0","0","0.71735736","true","0","童藴山","3409484","0.18505558","PERSON"
"5.31632432","3.0E-8","0.18809989","0.0","3","8","false","仲學準","11.0","3","0","0","0.52040841","false","0","仲學準","6","1.0","PERSON"
"3.54378378","3.0856E-4","0.28218426","0.0","7","7","false","陶鳳山","129.42857143","7","0","0","0.71735736","true","0","陶鳳山","3409484","0.18505558","PERSON"
"5.31632432","3.0E-8","0.18809989","0.0","3","8","false","孫信殘","11.0","3","0","0","0.52040841","false","0","孫信殘","6","1.0","PERSON"
"3.54378378","3.0856E-4","0.28218426","0.0","7","7","false","劉慎之","129.42857143","7","0","0","0.71735736","true","0","劉慎之","3409484","0.18505558","PERSON"
"5.31632432","3.0E-8","0.18809989","0.0","3","8","false","仲君","11.0","3","0","0","0.52040841","false","0","仲君","6","1.0","PERSON"
"4.57643243","1.2794E-4","0.21851082","0.0","11","7","false","震泰絲棧","12.27272727","11","0","0","0.60261862","false","0","震泰絲棧","1068422","0.16824966","ORG"
"3.54378378","3.0856E-4","0.28218426","0.0","7","7","false","王錫五","129.42857143","7","0","0","0.71735736","true","0","王錫五","3409484","0.18505558","PERSON"
"5.31632432","3.0E-8","0.18809989","0.0","3","8","false","王少文","11.0","3","0","0","0.52040841","false","0","王少文","6","1.0","PERSON"
"5.31632432","3.0E-8","0.18809989","0.0","3","8","false","董君","11.0","3","0","0","0.52040841","false","0","董君","6","1.0","PERSON"
"3.54378378","3.0856E-4","0.28218426","0.0","7","7","false","陶湛村","129.42857143","7","0","0","0.71735736","true","0","陶湛村","3409484","0.18505558","PERSON"
"3.2147027","1.528E-4","0.31107076","0.0","9","7","false","尙德堂","151.66666667","9","0","0","0.75392192","false","0","尙德堂","685254","0.26432749","ORG"
"3.54075676","4.403E-4","0.2824255","0.0","8","7","false","黄公續","114.875","8","0","0","0.71769369","true","0","黄公續","4142138","0.16267857","PERSON"
"3.54378378","3.0856E-4","0.28218426","0.0","8","7","false","顧敬齋","129.42857143","8","0","1","0.71735736","true","0","顧敬齋","3409484","0.18505558","PERSON"
"3.15675676","3.504E-4","0.31678082","0.0","26","7","false","靑蓮閣","62.76923077","26","0","0","0.76036036","false","0","靑蓮閣","5414116","0.09946736","ORG"
"3.97837838","7.34E-6","0.2513587","0.0","7","7","false","袁觀瀾","8.71428571","7","0","0","0.66906907","false","0","袁觀瀾","21714","0.32142857","PERSON"
"3.21081081","2.2956E-4","0.31144781","0.0","6","7","false","中政府","103.16666667","6","0","0","0.75435435","false","0","中政府","798760","0.17614943","ORG"
"3.97837838","7.34E-6","0.2513587","0.0","7","7","false","袁公子","8.71428571","7","0","0","0.66906907","false","0","袁公子","21714","0.32142857","PERSON"
"2.9612973","0.02365785","0.33768984","0.0","108","6","false","尚賢堂","18.35849057","108","0","2","0.78207808","false","0","尚賢堂","142545890","0.02272054","ORG"
"3.7907027","0.00124271","0.26380333","0.0","14","7","false","袁觀察","26.0","14","0","0","0.68992192","false","0","袁觀察","5259024","0.09881423","PERSON"
"3.97837838","7.34E-6","0.2513587","0.0","7","7","false","李顯亭","8.71428571","7","0","0","0.66906907","false","0","李顯亭","21714","0.32142857","PERSON"
"4.27459459","7.345E-5","0.23394031","0.0","5","7","false","海贛豐麵粉餅油公司","12.4","5","0","0","0.63615616","false","0","海贛豐麵粉餅油公司","297322","0.25333333","ORG"
"3.95459459","3.851E-5","0.25287042","0.0","3","7","false","楊仕東","59.33333333","3","0","0","0.67171171","false","0","楊仕東","353344","0.38888889","PERSON"
"4.81902703","1.08E-5","0.20751077","0.0","12","8","false","中華民國國家保險公司","4.08333333","12","0","0","0.57566366","false","0","中華民國國家保險公司","17456","0.20555556","ORG"
"3.95459459","3.851E-5","0.25287042","0.0","3","7","false","江積佑","59.33333333","3","0","0","0.67171171","false","0","江積佑","353344","0.38888889","PERSON"
"3.20216216","3.2139E-4","0.31228899","0.0","17","7","false","海軍部","47.41176471","17","0","0","0.75531532","false","0","海軍部","1390882","0.08113945","ORG"
"3.95459459","3.851E-5","0.25287042","0.0","3","7","false","唐儀軒","59.33333333","3","0","0","0.67171171","false","0","唐儀軒","353344","0.38888889","PERSON"
"3.95459459","3.851E-5","0.25287042","0.0","3","7","false","鮑公德","59.33333333","3","0","0","0.67171171","false","0","鮑公德","353344","0.38888889","PERSON"
"3.96064865","5.38E-6","0.2524839","0.0","2","7","false","趙涓卿","57.5","2","0","0","0.67103904","false","0","趙涓卿","24898","0.53809524","PERSON"
"3.95459459","3.851E-5","0.25287042","0.0","3","7","false","佘彪倫","59.33333333","3","0","0","0.67171171","false","0","佘彪倫","353344","0.38888889","PERSON"
"3.96064865","5.38E-6","0.2524839","0.0","2","7","false","吳仁甫","57.5","2","0","0","0.67103904","false","0","吳仁甫","24898","0.53809524","PERSON"
"3.95459459","3.851E-5","0.25287042","0.0","3","7","false","江建侯","59.33333333","3","0","0","0.67171171","false","0","江建侯","353344","0.38888889","PERSON"
"3.96064865","5.38E-6","0.2524839","0.0","2","7","false","楊允之","57.5","2","0","0","0.67103904","false","0","楊允之","24898","0.53809524","PERSON"
"3.95459459","3.851E-5","0.25287042","0.0","3","7","false","唐鈺軒","59.33333333","3","0","0","0.67171171","false","0","唐鈺軒","353344","0.38888889","PERSON"
"3.96064865","5.38E-6","0.2524839","0.0","2","7","false","葉璋翁","57.5","2","0","0","0.67103904","false","0","葉璋翁","24898","0.53809524","PERSON"
"3.91048649","3.0E-5","0.25572266","0.0","3","7","false","青浦縣","19.33333333","3","0","0","0.67661261","false","0","青浦縣","88938","0.38194444","ORG"
"3.95459459","3.851E-5","0.25287042","0.0","3","7","false","鮑斗南","59.33333333","3","0","0","0.67171171","false","0","鮑斗南","353344","0.38888889","PERSON"
"3.95459459","3.851E-5","0.25287042","0.0","3","7","false","孫中山","59.33333333","3","0","0","0.67171171","false","0","孫中山","353344","0.38888889","PERSON"
"3.80108108","9.2449E-4","0.26308305","0.0","20","7","false","順　德公司","46.25","20","0","0","0.68876877","false","0","順　德公司","25453050","0.24592391","ORG"
"3.95459459","3.851E-5","0.25287042","0.0","3","7","false","蒙允","59.33333333","3","0","0","0.67171171","false","0","蒙允","353344","0.38888889","PERSON"
"3.84648649","1.4966E-4","0.25997752","0.0","6","7","false","陳英士君","51.5","6","0","0","0.68372372","false","0","陳英士君","1148650","0.27445652","PERSON"
"3.83610811","1.2462E-4","0.26068087","0.0","2","7","false","關道憲","95.0","2","0","0","0.68487688","false","0","關道憲","461140","0.5026738","PERSON"
"4.79005405","1.07E-6","0.20876591","0.0","2","8","false","海關稅務司","8.0","2","0","0","0.57888288","false","0","海關稅務司","398","0.53846154","ORG"
"3.21816216","0.0","0.31073636","0.0","1","7","false","中華民國浙江銀行","571.0","1","0","0","0.75353754","true","0","中華民國浙江銀行","0","0.0","ORG"
"4.80086486","0.0","0.2082958","0.0","1","8","false","邵林陸","20.0","1","0","0","0.57768168","false","0","邵林陸","0","0.0","PERSON"
"4.87264865","5.6E-7","0.20522719","0.0","6","8","false","中華銀行","6.0","6","0","0","0.56970571","true","0","中華銀行","170","0.5","ORG"
"3.34875676","8.2224E-4","0.29861829","0.0","22","6","false","海防廳","32.40909091","22","0","0","0.73902703","false","0","海防廳","12960912","0.08822778","ORG"
"4.80086486","0.0","0.2082958","0.0","1","8","false","成燮昌","20.0","1","0","0","0.57768168","false","0","成燮昌","0","0.0","PERSON"
"3.21081081","2.2956E-4","0.31144781","0.0","6","7","false","中西醫學堂","103.16666667","6","0","0","0.75435435","false","0","中西醫學堂","798760","0.17614943","ORG"
"4.37016216","1.2015E-4","0.22882446","0.0","16","7","false","丹桂堂","14.625","16","0","0","0.62553754","false","0","丹桂堂","1200570","0.25707547","ORG"
"3.14162162","7.2815E-4","0.31830695","0.0","36","7","false","順利","68.94444444","36","0","0","0.76204204","false","0","順利","13784972","0.10976485","ORG"
"3.20216216","4.0105E-4","0.31228899","0.0","12","7","false","海鹽","104.5","12","0","0","0.75531532","false","0","海鹽","3224352","0.18","ORG"
"3.09362162","0.0012375","0.32324574","0.0","68","7","false","丹桂書屋","50.44776119","68","0","1","0.76737538","false","0","丹桂書屋","22921250","0.07526295","ORG"
"3.21643243","8.644E-4","0.31090347","0.0","5","7","false","淞滬巡防步隊第三營","115.8","5","0","0","0.75372973","false","0","淞滬巡防步隊第三營","1252124","0.20140351","ORG"
"3.95805405","1.012E-5","0.2526494","0.0","8","7","false","伏祈","22.625","8","0","0","0.67132733","false","0","伏祈","32220","0.20595238","PERSON"
"4.21578378","2.0E-8","0.23720382","0.0","2","8","false","錢廷爵","5.0","2","0","0","0.64269069","false","0","錢廷爵","2","1.0","PERSON"
"3.95805405","1.012E-5","0.2526494","0.0","8","7","false","裴世楷","22.625","8","0","0","0.67132733","false","0","裴世楷","32220","0.20595238","PERSON"
"4.21578378","2.0E-8","0.23720382","0.0","2","8","false","邵鼎","5.0","2","0","0","0.64269069","false","0","邵鼎","2","1.0","PERSON"
"3.95805405","1.012E-5","0.2526494","0.0","8","7","false","朱寳奎","22.625","8","0","0","0.67132733","false","0","朱寳奎","32220","0.20595238","PERSON"
"4.21578378","2.0E-8","0.23720382","0.0","2","8","false","馬瑞煕","5.0","2","0","0","0.64269069","false","0","馬瑞煕","2","1.0","PERSON"
"4.21578378","2.0E-8","0.23720382","0.0","2","8","false","張作本","5.0","2","0","0","0.64269069","false","0","張作本","2","1.0","PERSON"
"3.21254054","3.5282E-4","0.31128012","0.0","14","7","false","淞滬釐捐總局","97.14285714","14","0","0","0.75416216","false","0","淞滬釐捐總局","1578792","0.16867168","ORG"
"3.68302703","1.4758E-4","0.27151579","0.0","20","7","false","順利樹德公司","43.25","20","0","0","0.70188589","false","0","順利樹德公司","2905618","0.23342541","ORG"
"3.80151351","9.208E-4","0.26305312","0.0","20","6","false","清心學堂","15.5","20","0","0","0.68872072","false","0","清心學堂","36321438","0.09863946","ORG"
"3.21340541","3.0368E-4","0.31119634","0.0","12","7","false","順昌白米","86.75","12","0","0","0.75406607","false","0","順昌白米","1089230","0.1504386","ORG"
"3.10745946","8.5873E-4","0.32180629","0.0","25","6","false","山光法司","66.76","25","0","0","0.76583784","false","0","山光法司","12317930","0.09713442","ORG"
"3.21037838","1.664E-4","0.31148976","0.0","9","7","false","清節堂","152.66666667","9","0","0","0.7544024","false","0","清節堂","694208","0.26194588","ORG"
"3.48843243","2.459E-5","0.28666171","0.0","8","7","false","周利","152.375","8","0","0","0.72350751","false","0","周利","70916","0.14958004","PERSON"
"3.48843243","2.459E-5","0.28666171","0.0","8","7","false","唐翔雲","152.375","8","0","0","0.72350751","false","0","唐翔雲","70916","0.14958004","PERSON"
"3.15935135","3.4401E-4","0.31652067","0.0","24","7","false","順泰","65.125","24","0","0","0.76007207","false","0","順泰","4941650","0.10359451","ORG"
"3.48843243","2.459E-5","0.28666171","0.0","8","7","false","李　南","152.375","8","0","0","0.72350751","false","0","李　南","70916","0.14958004","PERSON"
"3.48843243","2.459E-5","0.28666171","0.0","8","7","false","沈之吉洛","152.375","8","0","0","0.72350751","false","0","沈之吉洛","70916","0.14958004","PERSON"
"3.8867027","0.00206283","0.25728749","0.0","23","8","false","清芬堂","11.34782609","23","0","0","0.67925526","false","0","清芬堂","68066346","0.08345021","ORG"
"4.00302703","2.08E-6","0.24981095","0.0","3","8","false","費君鴻笙","97.0","3","0","0","0.66633033","false","0","費君鴻笙","82778","0.48","PERSON"
"3.48843243","2.459E-5","0.28666171","0.0","8","7","false","姚金冠瑞春","152.375","8","0","0","0.72350751","false","0","姚金冠瑞春","70916","0.14958004","PERSON"
"4.00302703","2.08E-6","0.24981095","0.0","3","8","false","朱君能","97.0","3","0","0","0.66633033","false","0","朱君能","82778","0.48","PERSON"
"3.48843243","2.459E-5","0.28666171","0.0","8","7","false","姚金","152.375","8","0","0","0.72350751","false","0","姚金","70916","0.14958004","PERSON"
"3.45556757","7.945E-5","0.28938806","0.0","7","7","false","王瑞之","189.42857143","7","0","0","0.72715916","false","0","王瑞之","562170","0.17511949","PERSON"
"3.48843243","2.459E-5","0.28666171","0.0","8","7","false","謝廷燦","152.375","8","0","0","0.72350751","false","0","謝廷燦","70916","0.14958004","PERSON"
"3.42918919","2.1629E-4","0.29161412","0.0","10","7","false","王紹坡","153.1","10","0","0","0.73009009","false","0","王紹坡","1452890","0.13412698","PERSON"
"3.37686486","3.4748E-4","0.29613267","0.0","23","7","false","董嚴信","122.76470588","23","0","1","0.7359039","false","0","董嚴信","3554280","0.1040724","PERSON"
"3.48843243","2.459E-5","0.28666171","0.0","8","7","false","黃萃","152.375","8","0","0","0.72350751","false","0","黃萃","70916","0.14958004","PERSON"
"5.68778378","4.0E-8","0.1758154","0.0","4","8","false","金濟冋","14.0","4","0","0","0.47913514","false","0","金濟冋","12","1.0","PERSON"
"4.6892973","0.00119069","0.21325157","0.0","14","7","false","丹桂第一台","5.5","14","0","0","0.59007808","false","0","丹桂第一台","22380590","0.225","ORG"
"3.48843243","2.459E-5","0.28666171","0.0","8","7","false","蘇存德","152.375","8","0","0","0.72350751","false","0","蘇存德","70916","0.14958004","PERSON"
"5.68778378","4.0E-8","0.1758154","0.0","4","8","false","牛天章","14.0","4","0","0","0.47913514","false","0","牛天章","12","1.0","PERSON"
"5.68778378","4.0E-8","0.1758154","0.0","4","8","false","陳其昌","14.0","4","0","0","0.47913514","false","0","陳其昌","12","1.0","PERSON"
"3.99697297","0.00101494","0.25018933","0.0","10","8","false","順泰洋行","12.0","10","0","0","0.667003","false","0","順泰洋行","20203882","0.12790698","ORG"
"5.68778378","4.0E-8","0.1758154","0.0","4","8","false","趙汝杓","14.0","4","0","0","0.47913514","false","0","趙汝杓","12","1.0","PERSON"
"5.68778378","4.0E-8","0.1758154","0.0","4","8","false","于右","14.0","4","0","0","0.47913514","false","0","于右","12","1.0","PERSON"
"3.97491892","9.1782E-4","0.25157746","0.0","7","7","false","伍廷芳","31.85714286","7","0","0","0.66945345","false","0","伍廷芳","9716342","0.23200859","PERSON"
"3.48843243","2.459E-5","0.28666171","0.0","10","7","false","周鴻蓀","152.375","10","0","1","0.72350751","false","0","周鴻蓀","70916","0.14958004","PERSON"
"3.21297297","4.9552E-4","0.31123822","0.0","13","7","false","湖北學務處","90.0","13","0","0","0.75411411","false","0","湖北學務處","707808","0.15614035","ORG"
"3.75610811","0.00392187","0.26623302","0.0","18","6","false","沈縵雲","37.55555556","18","0","0","0.69376577","false","0","沈縵雲","64266750","0.13390313","PERSON"
"3.20086486","4.7455E-4","0.31241556","0.0","12","7","false","山敝堂","100.66666667","12","0","0","0.75545946","false","0","山敝堂","3758638","0.17243368","ORG"
"3.49535135","5.77E-6","0.28609427","0.0","2","7","false","龔心鉤","508.0","2","0","0","0.72273874","false","0","龔心鉤","7782","0.50598802","PERSON"
"5.68778378","4.0E-8","0.1758154","0.0","4","8","false","黄春山","14.0","4","0","0","0.47913514","false","0","黄春山","12","1.0","PERSON"
"5.68778378","4.0E-8","0.1758154","0.0","4","8","false","朱斯芾","14.0","4","0","0","0.47913514","false","0","朱斯芾","12","1.0","PERSON"
"3.168","3.2014E-4","0.31565657","0.0","21","7","false","順記","74.0952381","21","0","0","0.75911111","false","0","順記","3777628","0.12022243","ORG"
"3.49535135","5.77E-6","0.28609427","0.0","2","7","false","汪了","508.0","2","0","0","0.72273874","false","0","汪了","7782","0.50598802","PERSON"
"5.68778378","4.0E-8","0.1758154","0.0","4","8","false","李鐸","14.0","4","0","0","0.47913514","false","0","李鐸","12","1.0","PERSON"
"3.77816216","0.0017801","0.26467895","0.0","8","6","false","朱少屏","50.625","8","0","0","0.69131532","false","0","朱少屏","25727742","0.21298283","PERSON"
"3.49535135","5.77E-6","0.28609427","0.0","2","7","false","趙鏡淸","508.0","2","0","0","0.72273874","false","0","趙鏡淸","7782","0.50598802","PERSON"
"5.68778378","4.0E-8","0.1758154","0.0","4","8","false","趙瑞俟","14.0","4","0","0","0.47913514","false","0","趙瑞俟","12","1.0","PERSON"
"3.49535135","5.77E-6","0.28609427","0.0","2","7","false","瑞興隆王","508.0","2","0","0","0.72273874","false","0","瑞興隆王","7782","0.50598802","PERSON"
"5.68778378","4.0E-8","0.1758154","0.0","4","8","false","王炳之","14.0","4","0","0","0.47913514","false","0","王炳之","12","1.0","PERSON"
"3.49535135","5.77E-6","0.28609427","0.0","2","7","false","全昌仁","508.0","2","0","0","0.72273874","false","0","全昌仁","7782","0.50598802","PERSON"
"3.21513514","1.7023E-4","0.31102892","0.0","8","7","false","山東振","147.25","8","0","0","0.75387387","false","0","山東振","522788","0.25657895","ORG"
"5.68778378","4.0E-8","0.1758154","0.0","4","8","false","夏允塵","14.0","4","0","0","0.47913514","false","0","夏允塵","12","1.0","PERSON"
"3.49535135","5.77E-6","0.28609427","0.0","2","7","false","周昌記","508.0","2","0","0","0.72273874","false","0","周昌記","7782","0.50598802","PERSON"
"3.15675676","3.504E-4","0.31678082","0.0","26","7","false","久太莊","62.76923077","26","0","0","0.76036036","false","0","久太莊","5414116","0.09946736","ORG"
"3.49535135","5.77E-6","0.28609427","0.0","2","7","false","謝記","508.0","2","0","0","0.72273874","false","0","謝記","7782","0.50598802","PERSON"
"3.49535135","5.77E-6","0.28609427","0.0","2","7","false","黄禮","508.0","2","0","0","0.72273874","false","0","黄禮","7782","0.50598802","PERSON"
"3.67048649","8.7105E-4","0.27244345","0.0","69","7","false","湖南","12.91304348","69","0","0","0.70327928","false","0","湖南","9322020","0.10636646","ORG"
"3.15891892","4.7345E-4","0.316564","0.0","19","6","false","山東託有　堂","63.94736842","19","0","0","0.76012012","false","0","山東託有　堂","6318182","0.10456373","ORG"
"3.14724324","0.00121298","0.31773839","0.0","49","7","false","顧華興米粉公司","45.0","49","0","0","0.76141742","false","0","顧華興米粉公司","29277918","0.07017544","ORG"
"3.20778378","1.126E-4","0.31174171","0.0","9","7","false","山陰","89.77777778","9","0","0","0.75469069","false","0","山陰","483058","0.1533295","ORG"
"3.15675676","3.504E-4","0.31678082","0.0","26","7","false","久成","62.76923077","26","0","0","0.76036036","false","0","久成","5414116","0.09946736","ORG"
"3.48281081","4.413E-5","0.28712441","0.0","7","7","false","王謙盛","193.83333333","7","0","1","0.72413213","false","0","王謙盛","117192","0.18776371","PERSON"
"3.48324324","3.903E-5","0.28708876","0.0","5","7","false","楊雨亭","229.0","5","0","0","0.72408408","false","0","楊雨亭","106786","0.22200584","PERSON"
"3.48324324","3.903E-5","0.28708876","0.0","5","7","false","裘　章","229.0","5","0","0","0.72408408","false","0","裘　章","106786","0.22200584","PERSON"
"3.48324324","3.903E-5","0.28708876","0.0","5","7","false","余雨金","229.0","5","0","0","0.72408408","false","0","余雨金","106786","0.22200584","PERSON"
"3.46378378","1.6894E-4","0.28870162","0.0","10","7","false","鄭竹舟","141.55555556","10","0","1","0.72624625","false","0","鄭竹舟","725090","0.13160633","PERSON"
"3.21383784","1.5775E-4","0.31115447","0.0","11","7","false","崇儉堂","66.09090909","11","0","0","0.75401802","false","0","崇儉堂","432984","0.11419458","ORG"
"3.49016216","4.259E-5","0.28651964","0.0","6","7","false","孫鑑全","178.16666667","6","0","0","0.72331532","false","0","孫鑑全","64552","0.17541254","PERSON"
"3.49016216","4.259E-5","0.28651964","0.0","6","7","false","張愼興","178.16666667","6","0","0","0.72331532","false","0","張愼興","64552","0.17541254","PERSON"
"3.49016216","4.259E-5","0.28651964","0.0","6","7","false","王藝卿","178.16666667","6","0","0","0.72331532","false","0","王藝卿","64552","0.17541254","PERSON"
"3.49016216","4.259E-5","0.28651964","0.0","6","7","false","周樂鵬","178.16666667","6","0","0","0.72331532","false","0","周樂鵬","64552","0.17541254","PERSON"
"3.49016216","4.259E-5","0.28651964","0.0","7","7","false","董嚴信厚施","178.16666667","7","0","1","0.72331532","false","0","董嚴信厚施","64552","0.17541254","PERSON"
"3.09621622","8.4896E-4","0.32297486","0.0","61","7","false","久裕","52.52459016","61","0","0","0.76708709","false","0","久裕","19247848","0.07842403","ORG"
"3.49016216","4.259E-5","0.28651964","0.0","6","7","false","唐　俊","178.16666667","6","0","0","0.72331532","false","0","唐　俊","64552","0.17541254","PERSON"
"3.8867027","0.00206283","0.25728749","0.0","23","8","false","崇儉齋","11.34782609","23","0","0","0.67925526","false","0","崇儉齋","68066346","0.08345021","ORG"
"3.19610811","2.1747E-4","0.31288053","0.0","17","7","false","顺利","78.82352941","17","0","0","0.75598799","false","0","顺利","1895900","0.13190429","ORG"
"4.81556757","1.1044E-4","0.20765984","0.0","4","9","false","陳隱名","19.5","4","0","0","0.57604805","false","0","陳隱名","291252","0.61666667","PERSON"
"3.82097297","3.1986E-4","0.26171344","0.0","4","7","false","胡芝青","64.25","4","0","0","0.68655856","false","0","胡芝青","3362748","0.30263158","PERSON"
"4.88562162","1.0E-8","0.20468224","0.0","3","9","false","朱學曾","23.0","3","0","0","0.56826426","false","0","朱學曾","6","1.0","PERSON"
"4.88562162","1.0E-8","0.20468224","0.0","3","9","false","汪魁齡","23.0","3","0","0","0.56826426","false","0","汪魁齡","6","1.0","PERSON"
"4.01254054","1.0826E-4","0.24921867","0.0","8","8","false","施錦榮","35.0","8","0","0","0.66527327","false","0","施錦榮","2578624","0.265625","PERSON"
"3.19351351","0.00103778","0.31313473","0.0","16","7","false","湖墅釐局","40.75","16","0","0","0.75627628","false","0","湖墅釐局","2542986","0.06794872","ORG"
"4.88562162","1.0E-8","0.20468224","0.0","3","9","false","錢蕉生","23.0","3","0","0","0.56826426","false","0","錢蕉生","6","1.0","PERSON"
"3.18659459","7.0405E-4","0.31381463","0.0","30","7","false","飭善堂","55.23333333","30","0","0","0.75704505","false","0","飭善堂","9666632","0.09053979","ORG"
"4.88562162","1.0E-8","0.20468224","0.0","3","9","false","翁惠明","23.0","3","0","0","0.56826426","false","0","翁惠明","6","1.0","PERSON"
"4.88562162","1.0E-8","0.20468224","0.0","3","9","false","陳文炳","23.0","3","0","0","0.56826426","false","0","陳文炳","6","1.0","PERSON"
"4.88562162","1.0E-8","0.20468224","0.0","3","9","false","儲俊卿","23.0","3","0","0","0.56826426","false","0","儲俊卿","6","1.0","PERSON"
"4.88562162","1.0E-8","0.20468224","0.0","3","9","false","顧安男","23.0","3","0","0","0.56826426","false","0","顧安男","6","1.0","PERSON"
"4.88562162","1.0E-8","0.20468224","0.0","3","9","false","盧隱名","23.0","3","0","0","0.56826426","false","0","盧隱名","6","1.0","PERSON"
"4.88562162","1.0E-8","0.20468224","0.0","3","9","false","楊玉崑","23.0","3","0","0","0.56826426","false","0","楊玉崑","6","1.0","PERSON"
"3.34875676","8.2224E-4","0.29861829","0.0","22","6","false","湖幫","32.40909091","22","0","0","0.73902703","false","0","湖幫","12960912","0.08822778","ORG"
"4.88562162","1.0E-8","0.20468224","0.0","3","9","false","楊三","23.0","3","0","0","0.56826426","false","0","楊三","6","1.0","PERSON"
"4.88562162","1.0E-8","0.20468224","0.0","3","9","false","唐康成","23.0","3","0","0","0.56826426","false","0","唐康成","6","1.0","PERSON"
"3.21081081","4.0748E-4","0.31144781","0.0","18","7","false","崇軍","54.38888889","18","0","0","0.75435435","false","0","崇軍","952746","0.09366472","ORG"
"3.90789189","0.00123756","0.25589244","0.0","7","7","false","飭關局","12.33333333","7","0","1","0.6769009","false","0","飭關局","8303112","0.22222222","ORG"
"3.60994595","0.00118096","0.27701246","0.0","8","6","false","湖廣總督部堂","26.375","8","0","0","0.71000601","false","0","湖廣總督部堂","7631788","0.14839181","ORG"
"3.8387027","0.00140595","0.26050468","0.0","18","7","false","之巴","12.0","18","0","0","0.68458859","false","0","之巴","16668084","0.08461538","ORG"
"3.21556757","9.52E-5","0.31098709","0.0","7","7","false","崇館莊","115.85714286","7","0","0","0.75382583","false","0","崇館莊","425180","0.20150376","ORG"
"3.65708108","0.00273958","0.27344212","0.0","44","7","false","餘學會","9.43181818","44","0","0","0.70476877","false","0","餘學會","51458404","0.06799853","ORG"
"3.216","1.0755E-4","0.31094527","0.0","6","7","false","湘雲","131.5","6","0","0","0.75377778","false","0","湘雲","177814","0.22894737","ORG"
"3.84864865","8.173E-5","0.25983146","0.0","3","7","false","川漢","47.66666667","3","0","0","0.68348348","false","0","川漢","1299740","0.36745407","ORG"
"3.17751351","9.2167E-4","0.31471149","0.0","25","6","false","工商部","37.0","25","0","0","0.75805405","false","0","工商部","4527804","0.06174957","ORG"
"3.20778378","1.126E-4","0.31174171","0.0","9","7","false","滋德堂","89.77777778","9","0","0","0.75469069","false","0","滋德堂","483058","0.1533295","ORG"
"4.10724324","3.342E-5","0.24347231","0.0","3","8","false","韓子靜","40.66666667","3","0","0","0.65475075","false","0","韓子靜","610522","0.48971193","PERSON"
"4.79351351","2.777E-5","0.20861525","0.0","20","8","false","九思堂","3.1","20","0","0","0.5784985","false","0","九思堂","153520","0.525","ORG"
"4.17686486","0.0","0.23941402","0.0","2","7","false","劉揆一","25.0","2","0","0","0.64701502","false","0","劉揆一","2","1.0","PERSON"
"4.10724324","3.342E-5","0.24347231","0.0","3","8","false","孫勉之","40.66666667","3","0","0","0.65475075","false","0","孫勉之","610522","0.48971193","PERSON"
"4.10724324","3.342E-5","0.24347231","0.0","3","8","false","朱德章","40.66666667","3","0","0","0.65475075","false","0","朱德章","610522","0.48971193","PERSON"
"4.29621622","0.0","0.23276296","0.0","1","8","false","源利","59.0","1","0","0","0.63375375","false","0","源利","0","0.0","ORG"
"4.10724324","3.342E-5","0.24347231","0.0","3","8","false","陳德載","40.66666667","3","0","0","0.65475075","false","0","陳德載","610522","0.48971193","PERSON"
"4.29621622","0.0","0.23276296","0.0","1","8","false","源利莊","59.0","1","0","0","0.63375375","false","0","源利莊","0","0.0","ORG"
"4.10724324","3.342E-5","0.24347231","0.0","3","8","false","鍾季生","40.66666667","3","0","0","0.65475075","false","0","鍾季生","610522","0.48971193","PERSON"
"3.72237838","3.66E-5","0.26864545","0.0","14","7","false","源昌","50.28571429","14","0","0","0.69751351","false","0","源昌","708316","0.28991597","ORG"
"4.10724324","3.342E-5","0.24347231","0.0","3","8","false","孫希曾","40.66666667","3","0","0","0.65475075","false","0","孫希曾","610522","0.48971193","PERSON"
"4.10724324","3.342E-5","0.24347231","0.0","3","8","false","金國樑","40.66666667","3","0","0","0.65475075","false","0","金國樑","610522","0.48971193","PERSON"
"4.10724324","3.342E-5","0.24347231","0.0","3","8","false","汪敦甫","40.66666667","3","0","0","0.65475075","false","0","汪敦甫","610522","0.48971193","PERSON"
"4.10724324","3.342E-5","0.24347231","0.0","3","8","false","楊子元","40.66666667","3","0","0","0.65475075","false","0","楊子元","610522","0.48971193","PERSON"
"4.10724324","3.342E-5","0.24347231","0.0","3","8","false","朱梅谿","40.66666667","3","0","0","0.65475075","false","0","朱梅谿","610522","0.48971193","PERSON"
"3.86118919","1.6774E-4","0.25898757","0.0","3","6","false","忻定發","71.0","3","0","0","0.68209009","false","0","忻定發","1206102","0.34482759","PERSON"
"4.10724324","3.342E-5","0.24347231","0.0","3","8","false","胡曾傑","40.66666667","3","0","0","0.65475075","false","0","胡曾傑","610522","0.48971193","PERSON"
"3.19135135","0.00622532","0.31334688","0.0","38","7","false","工程局","23.79411765","38","0","4","0.75651652","false","0","工程局","13483872","0.03903102","ORG"
"4.10724324","3.342E-5","0.24347231","0.0","3","8","false","周玉麟","40.66666667","3","0","0","0.65475075","false","0","周玉麟","610522","0.48971193","PERSON"
"3.86118919","1.6774E-4","0.25898757","0.0","3","6","false","忻仁興","71.0","3","0","0","0.68209009","false","0","忻仁興","1206102","0.34482759","PERSON"
"3.21254054","2.4192E-4","0.31128012","0.0","14","7","false","源昌洋棧","91.21428571","14","0","0","0.75416216","false","0","源昌洋棧","752360","0.15827068","ORG"
"4.10724324","3.342E-5","0.24347231","0.0","3","8","false","張馬","40.66666667","3","0","0","0.65475075","false","0","張馬","610522","0.48971193","PERSON"
"3.86118919","1.6774E-4","0.25898757","0.0","3","6","false","傅管幫","71.0","3","0","0","0.68209009","false","0","傅管幫","1206102","0.34482759","PERSON"
"4.10724324","3.342E-5","0.24347231","0.0","3","8","false","方鑫年","40.66666667","3","0","0","0.65475075","false","0","方鑫年","610522","0.48971193","PERSON"
"4.21189189","0.0","0.237423","0.0","1","8","false","吳燮","14.0","1","0","0","0.64312312","false","0","吳燮","0","0.0","PERSON"
"3.21210811","0.00322902","0.31132202","0.0","14","7","false","馬仁濟善堂","86.78571429","14","0","0","0.75421021","false","0","馬仁濟善堂","5111616","0.15023768","ORG"
"3.80194595","3.0707E-4","0.2630232","0.0","5","7","false","顧慶","66.2","5","0","0","0.68867267","false","0","顧慶","2374916","0.26831276","PERSON"
"4.21189189","0.0","0.237423","0.0","1","8","false","錢模良","14.0","1","0","0","0.64312312","false","0","錢模良","0","0.0","PERSON"
"4.10724324","3.342E-5","0.24347231","0.0","3","8","false","隴西","40.66666667","3","0","0","0.65475075","false","0","隴西","610522","0.48971193","PERSON"
"4.21189189","0.0","0.237423","0.0","1","8","false","厲羡椿","14.0","1","0","0","0.64312312","false","0","厲羡椿","0","0.0","PERSON"
"4.10724324","3.342E-5","0.24347231","0.0","3","8","false","李衡齋","40.66666667","3","0","0","0.65475075","false","0","李衡齋","610522","0.48971193","PERSON"
"4.21189189","0.0","0.237423","0.0","1","8","false","吳名氏","14.0","1","0","0","0.64312312","false","0","吳名氏","0","0.0","PERSON"
"4.10724324","3.342E-5","0.24347231","0.0","3","8","false","崔歧卿","40.66666667","3","0","0","0.65475075","false","0","崔歧卿","610522","0.48971193","PERSON"
"4.21189189","0.0","0.237423","0.0","1","8","false","李沈氏","14.0","1","0","0","0.64312312","false","0","李沈氏","0","0.0","PERSON"
"4.10724324","3.342E-5","0.24347231","0.0","3","8","false","麥萃氏","40.66666667","3","0","0","0.65475075","false","0","麥萃氏","610522","0.48971193","PERSON"
"4.21189189","0.0","0.237423","0.0","1","8","false","愷澤覃","14.0","1","0","0","0.64312312","false","0","愷澤覃","0","0.0","PERSON"
"4.10724324","3.342E-5","0.24347231","0.0","3","8","false","沙頌房","40.66666667","3","0","0","0.65475075","false","0","沙頌房","610522","0.48971193","PERSON"
"3.69859459","1.1704E-4","0.27037297","0.0","19","7","false","源昌米廠","39.42105263","19","0","0","0.70015616","false","0","源昌米廠","1963188","0.20768137","ORG"
"4.21189189","0.0","0.237423","0.0","1","8","false","陸君炳","14.0","1","0","0","0.64312312","false","0","陸君炳","0","0.0","PERSON"
"3.88064865","4.6787E-4","0.25768888","0.0","13","6","false","九業洋貨公會","33.61538462","13","0","0","0.67992793","false","0","九業洋貨公會","16919898","0.16725838","ORG"
"4.87827027","1.1E-7","0.20499069","0.0","6","7","false","嚴君子均","13.0","6","0","0","0.56908108","false","0","嚴君子均","30","1.0","PERSON"
"4.87827027","1.1E-7","0.20499069","0.0","6","7","false","張君讓","13.0","6","0","0","0.56908108","false","0","張君讓","30","1.0","PERSON"
"4.47264865","1.532E-5","0.22358117","0.0","7","7","false","湯蟄仙","17.71428571","7","0","0","0.61415015","false","0","湯蟄仙","121350","0.32773109","PERSON"
"3.21686486","4.3215E-4","0.31086167","0.0","4","7","false","馬路工程局","145.0","4","0","0","0.75368168","false","0","馬路工程局","939078","0.25263158","ORG"
"4.00345946","1.4041E-4","0.24978397","0.0","16","7","false","嚴子均君","26.125","16","0","0","0.66628228","false","0","嚴子均君","3447776","0.39257813","PERSON"
"3.88151351","1.9998E-4","0.25763146","0.0","15","6","false","李詠裳","23.2","15","0","0","0.67983183","true","0","李詠裳","5325654","0.16567164","PERSON"
"3.65708108","0.00273958","0.27344212","0.0","44","7","false","馮棠　溶","9.43181818","44","0","0","0.70476877","false","0","馮棠　溶","51458404","0.06799853","ORG"
"3.92605405","8.297E-4","0.25470867","0.0","20","7","false","李雲書君","28.05","20","0","0","0.67488288","false","0","李雲書君","15834704","0.20186567","PERSON"
"4.20497297","5.0E-8","0.23781366","0.0","3","8","false","舒蓮","6.0","3","0","0","0.64389189","false","0","舒蓮","6","1.0","PERSON"
"3.20605405","6.1377E-4","0.3119099","0.0","6","7","false","乾豐莊","101.66666667","6","0","0","0.75488288","false","0","乾豐莊","2026934","0.1726701","ORG"
"3.06075676","0.00863126","0.32671659","0.0","42","6","false","工部局","27.41463415","42","0","1","0.77102703","false","0","工部局","67357620","0.03856151","ORG"
"4.06054054","0.0","0.24627263","0.0","1","7","false","樊棻道","41.0","1","0","0","0.65993994","false","0","樊棻道","0","0.0","PERSON"
"4.20497297","5.0E-8","0.23781366","0.0","3","8","false","李厚","6.0","3","0","0","0.64389189","false","0","李厚","6","1.0","PERSON"
"4.06054054","0.0","0.24627263","0.0","1","7","false","朱鈞同","41.0","1","0","0","0.65993994","false","0","朱鈞同","0","0.0","PERSON"
"3.10745946","8.5873E-4","0.32180629","0.0","25","6","false","源民","66.76","25","0","0","0.76583784","false","0","源民","12317930","0.09713442","ORG"
"4.20497297","5.0E-8","0.23781366","0.0","3","8","false","庭楨","6.0","3","0","0","0.64389189","false","0","庭楨","6","1.0","PERSON"
"4.06054054","0.0","0.24627263","0.0","1","7","false","戴恆直","41.0","1","0","0","0.65993994","false","0","戴恆直","0","0.0","PERSON"
"4.20497297","5.0E-8","0.23781366","0.0","3","8","false","嚴彬","6.0","3","0","0","0.64389189","false","0","嚴彬","6","1.0","PERSON"
"4.06054054","0.0","0.24627263","0.0","1","7","false","許碩儒","41.0","1","0","0","0.65993994","false","0","許碩儒","0","0.0","PERSON"
"4.85102703","5.0E-8","0.20614191","0.0","5","8","false","張華洪","18.0","5","0","0","0.57210811","false","0","張華洪","20","1.0","PERSON"
"3.85297297","0.00121808","0.25953984","0.0","18","7","false","事部","12.27777778","18","0","0","0.683003","false","0","事部","18148428","0.09398148","ORG"
"4.85102703","5.0E-8","0.20614191","0.0","5","8","false","沈促禮","18.0","5","0","0","0.57210811","false","0","沈促禮","20","1.0","PERSON"
"4.85102703","5.0E-8","0.20614191","0.0","5","8","false","鍾紫坦君","18.0","5","0","0","0.57210811","false","0","鍾紫坦君","20","1.0","PERSON"
"3.84518919","3.582E-5","0.26006523","0.0","3","7","false","李慕皋","73.0","3","0","0","0.68386787","false","0","李慕皋","372844","0.4","PERSON"
"4.85102703","5.0E-8","0.20614191","0.0","5","8","false","諸君","18.0","5","0","0","0.57210811","false","0","諸君","20","1.0","PERSON"
"3.84518919","3.582E-5","0.26006523","0.0","3","7","false","謝筠庭","73.0","3","0","0","0.68386787","false","0","謝筠庭","372844","0.4","PERSON"
"4.85102703","5.0E-8","0.20614191","0.0","5","8","false","張華浜","18.0","5","0","0","0.57210811","false","0","張華浜","20","1.0","PERSON"
"3.84518919","3.582E-5","0.26006523","0.0","3","7","false","葛都戎雲靑","73.0","3","0","0","0.68386787","false","0","葛都戎雲靑","372844","0.4","PERSON"
"3.80497297","4.7456E-4","0.26281396","0.0","9","7","false","鍾紫垣君","39.88888889","9","0","0","0.68833634","false","0","鍾紫垣君","8306678","0.15555556","PERSON"
"3.84518919","3.582E-5","0.26006523","0.0","3","7","false","魏明府","73.0","3","0","0","0.68386787","false","0","魏明府","372844","0.4","PERSON"
"3.84518919","3.582E-5","0.26006523","0.0","3","7","false","允濟","73.0","3","0","0","0.68386787","false","0","允濟","372844","0.4","PERSON"
"4.85102703","5.0E-8","0.20614191","0.0","5","8","false","曹錫賡","18.0","5","0","0","0.57210811","false","0","曹錫賡","20","1.0","PERSON"
"4.85102703","5.0E-8","0.20614191","0.0","5","8","false","韓玉麟","18.0","5","0","0","0.57210811","false","0","韓玉麟","20","1.0","PERSON"
"3.84518919","3.582E-5","0.26006523","0.0","3","7","false","許鼎霖","73.0","3","0","0","0.68386787","false","0","許鼎霖","372844","0.4","PERSON"
"4.85102703","5.0E-8","0.20614191","0.0","5","8","false","徐渭泉","18.0","5","0","0","0.57210811","false","0","徐渭泉","20","1.0","PERSON"
"4.848","5.72E-6","0.20627063","0.0","6","8","false","王培元","16.33333333","6","0","0","0.57244444","false","0","王培元","1200","0.66666667","PERSON"
"4.58032432","4.982E-5","0.21832515","0.0","18","7","false","源盛公司","11.27777778","18","0","0","0.60218619","false","0","源盛公司","132884","0.20975057","ORG"
"3.84518919","3.582E-5","0.26006523","0.0","3","7","false","端戴","73.0","3","0","0","0.68386787","false","0","端戴","372844","0.4","PERSON"
"3.80497297","4.7456E-4","0.26281396","0.0","9","7","false","江趨丹","39.88888889","9","0","0","0.68833634","false","0","江趨丹","8306678","0.15555556","PERSON"
"3.84518919","3.582E-5","0.26006523","0.0","3","7","false","飭鈞","73.0","3","0","0","0.68386787","false","0","飭鈞","372844","0.4","PERSON"
"4.85102703","5.0E-8","0.20614191","0.0","5","8","false","袁仲慰君","18.0","5","0","0","0.57210811","false","0","袁仲慰君","20","1.0","PERSON"
"3.84518919","3.582E-5","0.26006523","0.0","3","7","false","澤尚","73.0","3","0","0","0.68386787","false","0","澤尚","372844","0.4","PERSON"
"4.85102703","5.0E-8","0.20614191","0.0","5","8","false","石運乾","18.0","5","0","0","0.57210811","false","0","石運乾","20","1.0","PERSON"
"4.01210811","1.2964E-4","0.24924553","0.0","6","6","false","體操會","44.5","6","0","0","0.66532132","false","0","體操會","1582340","0.27018634","ORG"
"4.85102703","5.0E-8","0.20614191","0.0","5","8","false","魏黼卿","18.0","5","0","0","0.57210811","false","0","魏黼卿","20","1.0","PERSON"
"4.85102703","5.0E-8","0.20614191","0.0","5","8","false","古柏君","18.0","5","0","0","0.57210811","false","0","古柏君","20","1.0","PERSON"
"4.85102703","5.0E-8","0.20614191","0.0","5","8","false","唐冠一","18.0","5","0","0","0.57210811","false","0","唐冠一","20","1.0","PERSON"
"3.14421622","0.0012167","0.31804429","0.0","33","7","false","鴻源修機廠","38.6969697","33","0","0","0.76175375","false","0","鴻源修機廠","7837148","0.06070365","ORG"
"3.152","3.408E-4","0.31725888","0.0","26","7","false","二角綸護絲廠","75.65384615","26","0","0","0.76088889","false","0","二角綸護絲廠","7810402","0.12119131","ORG"
"3.88194595","7.765E-5","0.25760276","0.0","4","7","false","源號","37.25","4","0","0","0.67978378","false","0","源號","2020020","0.29233871","ORG"
"3.15675676","3.504E-4","0.31678082","0.0","26","7","false","源通","62.76923077","26","0","0","0.76036036","false","0","源通","5414116","0.09946736","ORG"
"4.31740541","0.00143942","0.23162059","0.0","11","7","false","工黨","3.54545455","11","0","0","0.6313994","false","0","工黨","4564230","0.31818182","ORG"
"4.15567568","2.0012E-4","0.24063476","0.0","18","7","false","市市政","13.16666667","18","0","0","0.64936937","false","0","市市政","927608","0.14147287","ORG"
"4.05708108","1.234E-5","0.24648263","0.0","2","7","false","蔣氏","32.5","2","0","0","0.66032432","false","0","蔣氏","162494","0.63","PERSON"
"3.98010811","2.632E-5","0.25124946","0.0","8","7","false","吳畹九","30.875","8","0","0","0.66887688","false","0","吳畹九","238336","0.24895833","PERSON"
"4.5747027","1.6105E-4","0.21859344","0.0","14","7","false","二馬路卜內門公司","5.64285714","14","0","0","0.60281081","false","0","二馬路卜內門公司","337980","0.09285714","ORG"
"3.98010811","2.632E-5","0.25124946","0.0","8","7","false","張允之","30.875","8","0","0","0.66887688","false","0","張允之","238336","0.24895833","PERSON"
"4.05708108","1.234E-5","0.24648263","0.0","2","7","false","陳阿毛","32.5","2","0","0","0.66032432","false","0","陳阿毛","162494","0.63","PERSON"
"3.98010811","2.632E-5","0.25124946","0.0","8","7","false","李英石","30.875","8","0","0","0.66887688","false","0","李英石","238336","0.24895833","PERSON"
"4.05708108","1.234E-5","0.24648263","0.0","2","7","false","何阿林","32.5","2","0","0","0.66032432","false","0","何阿林","162494","0.63","PERSON"
"3.14378378","7.1679E-4","0.31808803","0.0","44","7","false","鴻笙","54.04545455","44","0","0","0.7618018","false","0","鴻笙","11935632","0.08446728","ORG"
"4.05708108","1.234E-5","0.24648263","0.0","2","7","false","張阿四","32.5","2","0","0","0.66032432","false","0","張阿四","162494","0.63","PERSON"
"3.98010811","2.632E-5","0.25124946","0.0","8","7","false","譚人鳳","30.875","8","0","0","0.66887688","false","0","譚人鳳","238336","0.24895833","PERSON"
"4.05708108","1.234E-5","0.24648263","0.0","2","7","false","董於西","32.5","2","0","0","0.66032432","false","0","董於西","162494","0.63","PERSON"
"3.98010811","2.632E-5","0.25124946","0.0","8","7","false","陳漢欽","30.875","8","0","0","0.66887688","false","0","陳漢欽","238336","0.24895833","PERSON"
"4.11718919","4.3918E-4","0.24288415","0.0","3","6","false","滬上商業會議公所","38.66666667","3","0","0","0.65364565","false","0","滬上商業會議公所","2354132","0.35202492","ORG"
"3.95632432","4.4237E-4","0.25275986","0.0","7","7","false","李德立君","32.0","7","0","0","0.67151952","false","0","李德立君","9688134","0.23846154","PERSON"
"3.98010811","2.632E-5","0.25124946","0.0","8","7","false","曾振卿","30.875","8","0","0","0.66887688","false","0","曾振卿","238336","0.24895833","PERSON"
"5.11697297","0.0","0.19542804","0.0","1","7","false","盛杏蓀","3.0","1","0","0","0.54255856","false","0","盛杏蓀","0","0.0","PERSON"
"3.97621622","3.844E-5","0.25149538","0.0","9","7","false","莫子經","28.55555556","9","0","0","0.66930931","false","0","莫子經","296810","0.21869489","PERSON"
"4.05708108","1.234E-5","0.24648263","0.0","2","7","false","衣德君","32.5","2","0","0","0.66032432","false","0","衣德君","162494","0.63","PERSON"
"3.20735135","0.0018278","0.31178374","0.0","13","7","false","滬交商會","49.38461538","13","0","0","0.75473874","false","0","滬交商會","4574178","0.08444086","ORG"
"3.98010811","2.632E-5","0.25124946","0.0","8","7","false","范霞仙","30.875","8","0","0","0.66887688","false","0","范霞仙","238336","0.24895833","PERSON"
"4.05708108","1.234E-5","0.24648263","0.0","2","7","false","李佳","32.5","2","0","0","0.66032432","false","0","李佳","162494","0.63","PERSON"
"3.98010811","2.632E-5","0.25124946","0.0","8","7","false","沈翔雲","30.875","8","0","0","0.66887688","false","0","沈翔雲","238336","0.24895833","PERSON"
"4.05708108","1.234E-5","0.24648263","0.0","2","7","false","白君","32.5","2","0","0","0.66032432","false","0","白君","162494","0.63","PERSON"
"3.98010811","2.632E-5","0.25124946","0.0","8","7","false","王志南","30.875","8","0","0","0.66887688","false","0","王志南","238336","0.24895833","PERSON"
"4.05708108","1.234E-5","0.24648263","0.0","2","7","false","高門君","32.5","2","0","0","0.66032432","false","0","高門君","162494","0.63","PERSON"
"3.74918919","4.6492E-4","0.26672434","0.0","9","7","false","張樂君","48.33333333","9","0","0","0.69453453","false","0","張樂君","1571198","0.15621562","PERSON"
"4.05708108","1.234E-5","0.24648263","0.0","2","7","false","加侖白君","32.5","2","0","0","0.66032432","false","0","加侖白君","162494","0.63","PERSON"
"3.98010811","2.632E-5","0.25124946","0.0","8","7","false","章阿金","30.875","8","0","0","0.66887688","false","0","章阿金","238336","0.24895833","PERSON"
"4.05708108","1.234E-5","0.24648263","0.0","2","7","false","羅函開","32.5","2","0","0","0.66032432","false","0","羅函開","162494","0.63","PERSON"
"3.98010811","2.632E-5","0.25124946","0.0","8","7","false","張園","30.875","8","0","0","0.66887688","false","0","張園","238336","0.24895833","PERSON"
"3.89059459","7.922E-4","0.25703012","0.0","12","6","false","李德立","33.09090909","12","0","1","0.67882282","false","0","李德立","16353794","0.2696715","PERSON"
"3.98010811","2.632E-5","0.25124946","0.0","8","7","false","僑居虹","30.875","8","0","0","0.66887688","false","0","僑居虹","238336","0.24895833","PERSON"
"3.30897297","0.00334585","0.30220857","0.0","39","5","false","二馬路卜内門公司","20.41025641","39","0","0","0.74344745","false","0","二馬路卜内門公司","53381184","0.05725739","ORG"
"3.88064865","4.6787E-4","0.25768888","0.0","13","6","false","滬北商圑公會","33.61538462","13","0","0","0.67992793","false","0","滬北商圑公會","16919898","0.16725838","ORG"
"4.20194595","7.6E-7","0.23798497","0.0","4","8","false","余聯沅","10.75","4","0","0","0.64422823","false","0","余聯沅","174","0.36111111","PERSON"
"3.21513514","1.4083E-4","0.31102892","0.0","5","7","false","市政廳","139.0","5","0","0","0.75387387","false","0","市政廳","687032","0.2408377","ORG"
"4.30702703","2.0E-8","0.23217871","0.0","5","6","false","李伯行","39.0","5","0","0","0.63255255","false","0","李伯行","20","1.0","PERSON"
"4.30702703","2.0E-8","0.23217871","0.0","5","6","false","竇价人","39.0","5","0","0","0.63255255","false","0","竇价人","20","1.0","PERSON"
"3.21556757","4.493E-5","0.31098709","0.0","4","7","false","師範傳習所","168.5","4","0","0","0.75382583","false","0","師範傳習所","278996","0.29232112","ORG"
"4.30702703","2.0E-8","0.23217871","0.0","5","6","false","伍子安","39.0","5","0","0","0.63255255","false","0","伍子安","20","1.0","PERSON"
"4.30702703","2.0E-8","0.23217871","0.0","5","6","false","許久香","39.0","5","0","0","0.63255255","false","0","許久香","20","1.0","PERSON"
"4.6892973","0.00119069","0.21325157","0.0","14","7","false","常州民立報分館","5.5","14","0","0","0.59007808","false","0","常州民立報分館","22380590","0.225","ORG"
"3.1532973","0.00260284","0.31712836","0.0","26","7","false","滬北天　富　　益　堂司","73.5","26","0","0","0.76074474","false","0","滬北天　富　　益　堂司","9891406","0.11693548","ORG"
"4.30702703","2.0E-8","0.23217871","0.0","5","6","false","鍾紫垣","39.0","5","0","0","0.63255255","false","0","鍾紫垣","20","1.0","PERSON"
"3.79113514","1.1326E-4","0.26377324","0.0","10","6","false","周翼雲","47.9","10","0","0","0.68987387","true","0","周翼雲","2888554","0.21318182","PERSON"
"4.15308108","0.0","0.24078509","0.0","1","8","false","戴　蒓","26.0","1","0","0","0.64965766","false","0","戴　蒓","0","0.0","PERSON"
"4.30702703","2.0E-8","0.23217871","0.0","5","6","false","唐鳳墀","39.0","5","0","0","0.63255255","false","0","唐鳳墀","20","1.0","PERSON"
"4.15308108","0.0","0.24078509","0.0","1","8","false","李蒓","26.0","1","0","0","0.64965766","false","0","李蒓","0","0.0","PERSON"
"3.77124324","0.00130599","0.26516455","0.0","34","6","false","陳輝庭","24.52941176","34","0","0","0.69208408","true","0","陳輝庭","20153044","0.08714597","PERSON"
"3.19783784","0.00162693","0.31271129","0.0","35","7","false","鴻遠堂","45.11764706","35","0","1","0.7557958","false","0","鴻遠堂","13813250","0.07554392","ORG"
"4.30702703","2.0E-8","0.23217871","0.0","5","6","false","顧緝庭","39.0","5","0","0","0.63255255","false","0","顧緝庭","20","1.0","PERSON"
"4.30702703","2.0E-8","0.23217871","0.0","5","6","false","沈子枚","39.0","5","0","0","0.63255255","false","0","沈子枚","20","1.0","PERSON"
"4.37016216","1.2015E-4","0.22882446","0.0","16","7","false","平壽堂","14.625","16","0","0","0.62553754","false","0","平壽堂","1200570","0.25707547","ORG"
"4.15308108","0.0","0.24078509","0.0","1","8","false","莊源","26.0","1","0","0","0.64965766","false","0","莊源","0","0.0","PERSON"
"4.30702703","2.0E-8","0.23217871","0.0","5","6","false","唐桐卿","39.0","5","0","0","0.63255255","false","0","唐桐卿","20","1.0","PERSON"
"4.15308108","0.0","0.24078509","0.0","1","8","false","佩華萬康","26.0","1","0","0","0.64965766","false","0","佩華萬康","0","0.0","PERSON"
"4.30702703","2.0E-8","0.23217871","0.0","5","6","false","徐星槎","39.0","5","0","0","0.63255255","false","0","徐星槎","20","1.0","PERSON"
"4.15308108","0.0","0.24078509","0.0","1","8","false","施　　徴昌","26.0","1","0","0","0.64965766","false","0","施　　徴昌","0","0.0","PERSON"
"3.90745946","5.013E-5","0.25592076","0.0","6","6","false","蘇賓森","36.83333333","6","0","0","0.67694895","false","0","蘇賓森","981290","0.56878307","PERSON"
"4.30702703","2.0E-8","0.23217871","0.0","5","6","false","顧詠銓","39.0","5","0","0","0.63255255","false","0","顧詠銓","20","1.0","PERSON"
"4.30702703","2.0E-8","0.23217871","0.0","5","6","false","陳彦卿","39.0","5","0","0","0.63255255","false","0","陳彦卿","20","1.0","PERSON"
"3.20345946","2.714E-4","0.31216253","0.0","9","7","false","廣　益善堂司","79.11111111","9","0","0","0.75517117","false","0","廣　益善堂司","2142466","0.13584541",""
"4.30702703","2.0E-8","0.23217871","0.0","5","6","false","李佳白伊德","39.0","5","0","0","0.63255255","false","0","李佳白伊德","20","1.0","PERSON"
"3.14724324","0.00121298","0.31773839","0.0","49","7","false","滬北天后宮","45.0","49","0","0","0.76141742","false","0","滬北天后宮","29277918","0.07017544","ORG"
"4.30702703","2.0E-8","0.23217871","0.0","5","6","false","金箴","39.0","5","0","0","0.63255255","false","0","金箴","20","1.0","PERSON"
"4.30702703","2.0E-8","0.23217871","0.0","5","6","false","王少谷","39.0","5","0","0","0.63255255","false","0","王少谷","20","1.0","PERSON"
"4.30702703","2.0E-8","0.23217871","0.0","5","6","false","呂都統","39.0","5","0","0","0.63255255","false","0","呂都統","20","1.0","PERSON"
"3.75654054","0.00256899","0.26620237","0.0","21","6","false","李佳白","34.78947368","21","0","2","0.69371772","true","0","李佳白","36639970","0.10726817","PERSON"
"3.20605405","3.5326E-4","0.3119099","0.0","16","7","false","廣佃善堂","96.75","16","0","0","0.75488288","false","0","廣佃善堂","1748350","0.16480207","ORG"
"4.30702703","2.0E-8","0.23217871","0.0","5","6","false","曁大英伊德","39.0","5","0","0","0.63255255","false","0","曁大英伊德","20","1.0","PERSON"
"3.86724324","8.9E-6","0.25858213","0.0","4","7","false","湯連笙","75.5","4","0","0","0.68141742","false","0","湯連笙","131684","0.31702128","PERSON"
"4.30702703","2.0E-8","0.23217871","0.0","5","6","false","陳君彦","39.0","5","0","0","0.63255255","false","0","陳君彦","20","1.0","PERSON"
"3.86724324","8.9E-6","0.25858213","0.0","4","7","false","沈隱名","75.5","4","0","0","0.68141742","false","0","沈隱名","131684","0.31702128","PERSON"
"3.14378378","7.1679E-4","0.31808803","0.0","44","7","false","麟慶","54.04545455","44","0","0","0.7618018","false","0","麟慶","11935632","0.08446728","ORG"
"4.30702703","2.0E-8","0.23217871","0.0","5","6","false","陳君彦卿","39.0","5","0","0","0.63255255","false","0","陳君彦卿","20","1.0","PERSON"
"3.86724324","8.9E-6","0.25858213","0.0","4","7","false","宋甫翁","75.5","4","0","0","0.68141742","false","0","宋甫翁","131684","0.31702128","PERSON"
"4.01427027","1.78E-5","0.24911128","0.0","11","8","false","王達夫","78.54545455","11","0","0","0.66508108","false","0","王達夫","456964","0.45084567","PERSON"
"3.86724324","8.9E-6","0.25858213","0.0","4","7","false","鍾信惠","75.5","4","0","0","0.68141742","false","0","鍾信惠","131684","0.31702128","PERSON"
"3.67048649","8.7105E-4","0.27244345","0.0","69","7","false","云　　粤路公司","12.91304348","69","0","0","0.70327928","false","0","云　　粤路公司","9322020","0.10636646","ORG"
"3.86724324","8.9E-6","0.25858213","0.0","4","7","false","菱晨翁","75.5","4","0","0","0.68141742","false","0","菱晨翁","131684","0.31702128","PERSON"
"4.01427027","1.78E-5","0.24911128","0.0","11","8","false","孫采臣","78.54545455","11","0","0","0.66508108","false","0","孫采臣","456964","0.45084567","PERSON"
"3.83654054","3.2391E-4","0.26065149","0.0","15","7","false","孫直齋","65.06666667","15","0","0","0.68482883","false","0","孫直齋","5685416","0.2797671","PERSON"
"3.86724324","8.9E-6","0.25858213","0.0","4","7","false","席聘　翁","75.5","4","0","0","0.68141742","false","0","席聘　翁","131684","0.31702128","PERSON"
"4.01427027","1.78E-5","0.24911128","0.0","11","8","false","章振之","78.54545455","11","0","0","0.66508108","false","0","章振之","456964","0.45084567","PERSON"
"3.86724324","8.9E-6","0.25858213","0.0","4","7","false","邵子香","75.5","4","0","0","0.68141742","false","0","邵子香","131684","0.31702128","PERSON"
"4.01427027","1.78E-5","0.24911128","0.0","11","8","false","胡藻靑","78.54545455","11","0","0","0.66508108","false","0","胡藻靑","456964","0.45084567","PERSON"
"4.01427027","1.78E-5","0.24911128","0.0","11","8","false","邱寅叔","78.54545455","11","0","0","0.66508108","false","0","邱寅叔","456964","0.45084567","PERSON"
"4.01427027","1.78E-5","0.24911128","0.0","11","8","false","樓景暉","78.54545455","11","0","0","0.66508108","false","0","樓景暉","456964","0.45084567","PERSON"
"4.01427027","1.78E-5","0.24911128","0.0","11","8","false","蔣海籌","78.54545455","11","0","0","0.66508108","false","0","蔣海籌","456964","0.45084567","PERSON"
"3.95762162","0.00116249","0.25267701","0.0","18","6","false","廣信府","18.5","18","0","0","0.67137538","false","0","廣信府","44199318","0.109375","ORG"
"4.01427027","1.78E-5","0.24911128","0.0","11","8","false","沈養源","78.54545455","11","0","0","0.66508108","false","0","沈養源","456964","0.45084567","PERSON"
"4.01427027","1.78E-5","0.24911128","0.0","11","8","false","沈新三","78.54545455","11","0","0","0.66508108","false","0","沈新三","456964","0.45084567","PERSON"
"4.01427027","1.78E-5","0.24911128","0.0","11","8","false","沈潮記","78.54545455","11","0","0","0.66508108","false","0","沈潮記","456964","0.45084567","PERSON"
"3.16151351","0.00481233","0.3163042","0.0","27","7","false","葉勉卿","118.25925926","27","0","0","0.75983183","false","0","葉勉卿","31305640","0.07674035","PERSON"
"3.77686486","9.5915E-4","0.26476986","0.0","17","7","false","葉又新","67.35294118","17","0","0","0.69145946","false","0","葉又新","24413424","0.19985826","PERSON"
"3.78594595","0.00103498","0.26413478","0.0","22","6","false","陳瑞海","51.45454545","22","0","0","0.69045045","false","0","陳瑞海","11367056","0.17518939","PERSON"
"4.01427027","1.78E-5","0.24911128","0.0","11","8","false","李雲晝","78.54545455","11","0","0","0.66508108","false","0","李雲晝","456964","0.45084567","PERSON"
"4.01427027","1.78E-5","0.24911128","0.0","11","8","false","孫問卿","78.54545455","11","0","0","0.66508108","false","0","孫問卿","456964","0.45084567","PERSON"
"4.01427027","1.78E-5","0.24911128","0.0","11","8","false","蕭谷峰","78.54545455","11","0","0","0.66508108","false","0","蕭谷峰","456964","0.45084567","PERSON"
"3.49578378","0.0","0.28605888","0.0","1","7","false","葉志衡","1003.0","1","0","0","0.72269069","false","0","葉志衡","0","0.0","PERSON"
"3.20562162","5.1432E-4","0.31195198","0.0","13","7","false","廣學會","53.76923077","13","0","0","0.75493093","false","0","廣學會","3286968","0.09145447","ORG"
"4.01427027","1.78E-5","0.24911128","0.0","11","8","false","張定甫","78.54545455","11","0","0","0.66508108","false","0","張定甫","456964","0.45084567","PERSON"
"4.76064865","2.108E-5","0.21005541","0.0","13","8","false","滬北瑞生洋行","6.30769231","13","0","0","0.58215015","false","0","滬北瑞生洋行","31274","0.25274725","ORG"
"4.01427027","1.78E-5","0.24911128","0.0","11","8","false","邢傳經","78.54545455","11","0","0","0.66508108","false","0","邢傳經","456964","0.45084567","PERSON"
"3.75351351","4.9186E-4","0.26641705","0.0","12","7","false","邢植之","87.66666667","12","0","0","0.69405405","false","0","邢植之","3431510","0.24691358","PERSON"
"3.21427027","1.2967E-4","0.31111261","0.0","7","7","false","黎明華商體操會","101.71428571","7","0","0","0.75396997","false","0","黎明華商體操會","337668","0.17576664","ORG"
"4.01427027","1.78E-5","0.24911128","0.0","11","8","false","張石銘","78.54545455","11","0","0","0.66508108","false","0","張石銘","456964","0.45084567","PERSON"
"4.01427027","1.78E-5","0.24911128","0.0","11","8","false","沈星記","78.54545455","11","0","0","0.66508108","false","0","沈星記","456964","0.45084567","PERSON"
"4.01427027","1.78E-5","0.24911128","0.0","11","8","false","沈仲記","78.54545455","11","0","0","0.66508108","false","0","沈仲記","456964","0.45084567","PERSON"
"4.01427027","1.78E-5","0.24911128","0.0","11","8","false","湯白瓦","78.54545455","11","0","0","0.66508108","false","0","湯白瓦","456964","0.45084567","PERSON"
"3.34875676","8.2224E-4","0.29861829","0.0","22","6","false","廣帮","32.40909091","22","0","0","0.73902703","false","0","廣帮","12960912","0.08822778","ORG"
"3.09621622","8.4896E-4","0.32297486","0.0","61","7","false","點春堂糖業公所","52.52459016","61","0","0","0.76708709","false","0","點春堂糖業公所","19247848","0.07842403","ORG"
"4.01427027","1.78E-5","0.24911128","0.0","11","8","false","周逢吉","78.54545455","11","0","0","0.66508108","false","0","周逢吉","456964","0.45084567","PERSON"
"4.01427027","1.78E-5","0.24911128","0.0","11","8","false","金漢章","78.54545455","11","0","0","0.66508108","false","0","金漢章","456964","0.45084567","PERSON"
"4.01427027","1.78E-5","0.24911128","0.0","11","8","false","馮燦亭","78.54545455","11","0","0","0.66508108","false","0","馮燦亭","456964","0.45084567","PERSON"
"4.01427027","1.78E-5","0.24911128","0.0","11","8","false","倪升泰","78.54545455","11","0","0","0.66508108","false","0","倪升泰","456964","0.45084567","PERSON"
"4.01427027","1.78E-5","0.24911128","0.0","11","8","false","朱仁齋","78.54545455","11","0","0","0.66508108","false","0","朱仁齋","456964","0.45084567","PERSON"
"4.01427027","1.78E-5","0.24911128","0.0","11","8","false","朱友蘭","78.54545455","11","0","0","0.66508108","false","0","朱友蘭","456964","0.45084567","PERSON"
"4.01427027","1.78E-5","0.24911128","0.0","11","8","false","陳選靑","78.54545455","11","0","0","0.66508108","false","0","陳選靑","456964","0.45084567","PERSON"
"4.22789189","1.3686E-4","0.2365245","0.0","10","7","false","滬南商務分會","15.5","10","0","0","0.64134535","false","0","滬南商務分會","622550","0.17261905","ORG"
"4.01427027","1.78E-5","0.24911128","0.0","11","8","false","張皞記","78.54545455","11","0","0","0.66508108","false","0","張皞記","456964","0.45084567","PERSON"
"4.01427027","1.78E-5","0.24911128","0.0","11","8","false","張竹生","78.54545455","11","0","0","0.66508108","false","0","張竹生","456964","0.45084567","PERSON"
"4.01427027","1.78E-5","0.24911128","0.0","11","8","false","袁南安","78.54545455","11","0","0","0.66508108","false","0","袁南安","456964","0.45084567","PERSON"
"4.01427027","1.78E-5","0.24911128","0.0","11","8","false","錢子韶","78.54545455","11","0","0","0.66508108","false","0","錢子韶","456964","0.45084567","PERSON"
"3.85945946","8.194E-5","0.25910364","0.0","3","7","false","廣東彭壽堂","46.0","3","0","0","0.68228228","false","0","廣東彭壽堂","1230670","0.375","ORG"
"4.01427027","1.78E-5","0.24911128","0.0","11","8","false","孔泉鴻","78.54545455","11","0","0","0.66508108","false","0","孔泉鴻","456964","0.45084567","PERSON"
"3.65664865","0.00218614","0.27347446","0.0","17","7","false","滬南商學會","19.05882353","17","0","0","0.70481682","false","0","滬南商學會","29708050","0.09120618","ORG"
"4.01427027","1.78E-5","0.24911128","0.0","11","8","false","孔然齋","78.54545455","11","0","0","0.66508108","false","0","孔然齋","456964","0.45084567","PERSON"
"4.53491892","0.00194384","0.22051111","0.0","10","8","false","廣東自來水公司","2.7","10","0","0","0.60723123","false","0","廣東自來水公司","6910020","0.2125","ORG"
"4.01427027","1.78E-5","0.24911128","0.0","11","8","false","孔勤齋","78.54545455","11","0","0","0.66508108","false","0","孔勤齋","456964","0.45084567","PERSON"
"4.656","1.0E-8","0.21477663","0.0","2","8","false","陳明英","17.0","2","0","0","0.59377778","false","0","陳明英","2","1.0","PERSON"
"4.01427027","1.78E-5","0.24911128","0.0","11","8","false","許星墀","78.54545455","11","0","0","0.66508108","false","0","許星墀","456964","0.45084567","PERSON"
"4.01427027","1.78E-5","0.24911128","0.0","11","8","false","馬誠甫","78.54545455","11","0","0","0.66508108","false","0","馬誠甫","456964","0.45084567","PERSON"
"4.656","1.0E-8","0.21477663","0.0","2","8","false","項如松","17.0","2","0","0","0.59377778","false","0","項如松","2","1.0","PERSON"
"4.01427027","1.78E-5","0.24911128","0.0","11","8","false","鄭岱生","78.54545455","11","0","0","0.66508108","false","0","鄭岱生","456964","0.45084567","PERSON"
"4.01427027","1.78E-5","0.24911128","0.0","11","8","false","陸德馨","78.54545455","11","0","0","0.66508108","false","0","陸德馨","456964","0.45084567","PERSON"
"4.01427027","1.78E-5","0.24911128","0.0","11","8","false","陸映庚","78.54545455","11","0","0","0.66508108","false","0","陸映庚","456964","0.45084567","PERSON"
"3.84864865","8.173E-5","0.25983146","0.0","3","7","false","廣發源","47.66666667","3","0","0","0.68348348","false","0","廣發源","1299740","0.36745407","ORG"
"4.656","1.0E-8","0.21477663","0.0","2","8","false","林純","17.0","2","0","0","0.59377778","false","0","林純","2","1.0","PERSON"
"4.01427027","1.78E-5","0.24911128","0.0","11","8","false","濮賓","78.54545455","11","0","0","0.66508108","false","0","濮賓","456964","0.45084567","PERSON"
"4.656","1.0E-8","0.21477663","0.0","2","8","false","曹予銌","17.0","2","0","0","0.59377778","false","0","曹予銌","2","1.0","PERSON"
"4.01427027","1.78E-5","0.24911128","0.0","11","8","false","周傳成","78.54545455","11","0","0","0.66508108","false","0","周傳成","456964","0.45084567","PERSON"
"2.496","0.28724708","0.40064103","0.0","1394","6","false","廣益善堂","8.60219342","1394","0","163","0.83377778","false","0","廣益善堂","818993172","0.00947904","ORG"
"4.656","1.0E-8","0.21477663","0.0","2","8","false","周君廉生","17.0","2","0","0","0.59377778","false","0","周君廉生","2","1.0","PERSON"
"4.01427027","1.78E-5","0.24911128","0.0","11","8","false","金鞏伯","78.54545455","11","0","0","0.66508108","false","0","金鞏伯","456964","0.45084567","PERSON"
"4.656","1.0E-8","0.21477663","0.0","2","8","false","徐君鳳石","17.0","2","0","0","0.59377778","false","0","徐君鳳石","2","1.0","PERSON"
"4.01427027","1.78E-5","0.24911128","0.0","11","8","false","蔣孟蘋","78.54545455","11","0","0","0.66508108","false","0","蔣孟蘋","456964","0.45084567","PERSON"
"4.656","1.0E-8","0.21477663","0.0","2","8","false","穆君杼齋","17.0","2","0","0","0.59377778","false","0","穆君杼齋","2","1.0","PERSON"
"4.01427027","1.78E-5","0.24911128","0.0","11","8","false","徐次雲","78.54545455","11","0","0","0.66508108","false","0","徐次雲","456964","0.45084567","PERSON"
"4.656","1.0E-8","0.21477663","0.0","2","8","false","穆君","17.0","2","0","0","0.59377778","false","0","穆君","2","1.0","PERSON"
"3.91481081","2.634E-4","0.25544019","0.0","12","7","false","姚頌南","75.83333333","12","0","0","0.67613213","false","0","姚頌南","2532630","0.34806202","PERSON"
"3.21037838","1.664E-4","0.31148976","0.0","9","7","false","滬南淸節堂司","152.66666667","9","0","0","0.7544024","false","0","滬南淸節堂司","694208","0.26194588","ORG"
"4.01427027","1.78E-5","0.24911128","0.0","11","8","false","韓淦棠","78.54545455","11","0","0","0.66508108","false","0","韓淦棠","456964","0.45084567","PERSON"
"4.01427027","1.78E-5","0.24911128","0.0","11","8","false","鍾文記","78.54545455","11","0","0","0.66508108","false","0","鍾文記","456964","0.45084567","PERSON"
"4.01427027","1.78E-5","0.24911128","0.0","11","8","false","楊振記","78.54545455","11","0","0","0.66508108","false","0","楊振記","456964","0.45084567","PERSON"
"4.01427027","1.78E-5","0.24911128","0.0","11","8","false","方鐵公","78.54545455","11","0","0","0.66508108","false","0","方鐵公","456964","0.45084567","PERSON"
"4.01427027","1.78E-5","0.24911128","0.0","11","8","false","蔣履齋","78.54545455","11","0","0","0.66508108","false","0","蔣履齋","456964","0.45084567","PERSON"
"3.21254054","5.2433E-4","0.31128012","0.0","14","7","false","鼎新糖行","72.35714286","14","0","0","0.75416216","false","0","鼎新糖行","1485882","0.12518797","ORG"
"4.01427027","1.78E-5","0.24911128","0.0","11","8","false","邱竹記","78.54545455","11","0","0","0.66508108","false","0","邱竹記","456964","0.45084567","PERSON"
"4.01427027","1.78E-5","0.24911128","0.0","11","8","false","孫壽庭","78.54545455","11","0","0","0.66508108","false","0","孫壽庭","456964","0.45084567","PERSON"
"4.01427027","1.78E-5","0.24911128","0.0","11","8","false","舒愛周","78.54545455","11","0","0","0.66508108","false","0","舒愛周","456964","0.45084567","PERSON"
"4.01427027","1.78E-5","0.24911128","0.0","11","8","false","張讓三","78.54545455","11","0","0","0.66508108","false","0","張讓三","456964","0.45084567","PERSON"
"3.99697297","0.00101494","0.25018933","0.0","10","8","false","廣益公司","12.0","10","0","0","0.667003","false","0","廣益公司","20203882","0.12790698","ORG"
"4.01427027","1.78E-5","0.24911128","0.0","11","8","false","金蘭甫","78.54545455","11","0","0","0.66508108","false","0","金蘭甫","456964","0.45084567","PERSON"
"4.01427027","1.78E-5","0.24911128","0.0","11","8","false","陸德記","78.54545455","11","0","0","0.66508108","false","0","陸德記","456964","0.45084567","PERSON"
"3.8387027","0.00140595","0.26050468","0.0","18","7","false","滬密鐵路公司","12.0","18","0","0","0.68458859","false","0","滬密鐵路公司","16668084","0.08461538","ORG"
"4.01427027","1.78E-5","0.24911128","0.0","11","8","false","李春暉","78.54545455","11","0","0","0.66508108","false","0","李春暉","456964","0.45084567","PERSON"
"4.01427027","1.78E-5","0.24911128","0.0","11","8","false","李友柏","78.54545455","11","0","0","0.66508108","false","0","李友柏","456964","0.45084567","PERSON"
"3.21556757","4.493E-5","0.31098709","0.0","4","7","false","龍江小學堂","168.5","4","0","0","0.75382583","false","0","龍江小學堂","278996","0.29232112","ORG"
"4.01427027","1.78E-5","0.24911128","0.0","11","8","false","徐吉生","78.54545455","11","0","0","0.66508108","false","0","徐吉生","456964","0.45084567","PERSON"
"3.21643243","4.42E-6","0.31090347","0.0","5","7","false","廣益善司","232.6","5","0","0","0.75372973","false","0","廣益善司","80066","0.40631579",""
"4.01427027","1.78E-5","0.24911128","0.0","11","8","false","高鑫記","78.54545455","11","0","0","0.66508108","false","0","高鑫記","456964","0.45084567","PERSON"
"4.01427027","1.78E-5","0.24911128","0.0","11","8","false","鄭官","78.54545455","11","0","0","0.66508108","false","0","鄭官","456964","0.45084567","PERSON"
"4.01427027","1.78E-5","0.24911128","0.0","11","8","false","鄺宣謀","78.54545455","11","0","0","0.66508108","false","0","鄺宣謀","456964","0.45084567","PERSON"
"3.45772973","5.018E-5","0.2892071","0.0","4","7","false","董嚴信厚","576.5","4","0","1","0.72691892","false","0","董嚴信厚","412122","0.5348513","PERSON"
"3.80194595","1.1694E-4","0.2630232","0.0","8","6","false","伍秩庸","54.125","8","0","0","0.68867267","false","0","伍秩庸","3520888","0.20751953","PERSON"
"4.70183784","5.8E-6","0.21268279","0.0","24","7","false","云　　製造局","8.125","24","0","0","0.58868468","false","0","云　　製造局","17020","0.7125","ORG"
"3.80194595","1.1694E-4","0.2630232","0.0","8","6","false","薩　銘","54.125","8","0","0","0.68867267","false","0","薩　銘","3520888","0.20751953","PERSON"
"3.80194595","1.1694E-4","0.2630232","0.0","8","6","false","梁孟亭","54.125","8","0","0","0.68867267","false","0","梁孟亭","3520888","0.20751953","PERSON"
"3.47632432","2.037E-5","0.28766016","0.0","4","7","false","裴勉三","369.33333333","4","0","1","0.72485285","false","0","裴勉三","193932","0.35519126","PERSON"
"3.80194595","1.1694E-4","0.2630232","0.0","8","6","false","鍾紫","54.125","8","0","0","0.68867267","false","0","鍾紫","3520888","0.20751953","PERSON"
"3.712","3.8662E-4","0.26939655","0.0","12","6","false","姚菊坡","61.45454545","12","0","1","0.69866667","false","0","姚菊坡","6456830","0.16746411","PERSON"
"3.49578378","0.0","0.28605888","0.0","1","7","false","秦百祿","1003.0","1","0","0","0.72269069","false","0","秦百祿","0","0.0","PERSON"
"3.80194595","1.1694E-4","0.2630232","0.0","8","6","false","李紫璈","54.125","8","0","0","0.68867267","false","0","李紫璈","3520888","0.20751953","PERSON"
"3.49578378","0.0","0.28605888","0.0","1","7","false","雨生","1003.0","1","0","0","0.72269069","false","0","雨生","0","0.0","PERSON"
"3.80194595","1.1694E-4","0.2630232","0.0","8","6","false","麥葛","54.125","8","0","0","0.68867267","false","0","麥葛","3520888","0.20751953","PERSON"
"3.80194595","1.1694E-4","0.2630232","0.0","8","6","false","夀君振亞","54.125","8","0","0","0.68867267","false","0","夀君振亞","3520888","0.20751953","PERSON"
"3.49578378","0.0","0.28605888","0.0","1","7","false","曹桐生","1003.0","1","0","0","0.72269069","false","0","曹桐生","0","0.0","PERSON"
"3.80194595","1.1694E-4","0.2630232","0.0","8","6","false","沈君銘遠","54.125","8","0","0","0.68867267","false","0","沈君銘遠","3520888","0.20751953","PERSON"
"3.49578378","0.0","0.28605888","0.0","1","7","false","江友仙","1003.0","1","0","0","0.72269069","false","0","江友仙","0","0.0","PERSON"
"3.80194595","1.1694E-4","0.2630232","0.0","8","6","false","王君振民","54.125","8","0","0","0.68867267","false","0","王君振民","3520888","0.20751953","PERSON"
"3.49578378","0.0","0.28605888","0.0","2","7","false","薛逸山","1003.0","2","0","1","0.72269069","false","0","薛逸山","0","0.0","PERSON"
"3.80194595","1.1694E-4","0.2630232","0.0","8","6","false","夀振亞","54.125","8","0","0","0.68867267","false","0","夀振亞","3520888","0.20751953","PERSON"
"3.80194595","1.1694E-4","0.2630232","0.0","8","6","false","沈銘遠","54.125","8","0","0","0.68867267","false","0","沈銘遠","3520888","0.20751953","PERSON"
"3.80194595","1.1694E-4","0.2630232","0.0","8","6","false","姚德彰","54.125","8","0","0","0.68867267","false","0","姚德彰","3520888","0.20751953","PERSON"
"3.49578378","0.0","0.28605888","0.0","1","7","false","殷萃田","1003.0","1","0","0","0.72269069","false","0","殷萃田","0","0.0","PERSON"
"3.1507027","0.00183025","0.31738951","0.0","22","7","false","滬會","43.42857143","22","0","1","0.76103303","false","0","滬會","7818194","0.07024598","ORG"
"3.80194595","1.1694E-4","0.2630232","0.0","8","6","false","王振民","54.125","8","0","0","0.68867267","false","0","王振民","3520888","0.20751953","PERSON"
"3.80194595","1.1694E-4","0.2630232","0.0","8","6","false","張惠常","54.125","8","0","0","0.68867267","false","0","張惠常","3520888","0.20751953","PERSON"
"3.49578378","0.0","0.28605888","0.0","1","7","false","金百川","1003.0","1","0","0","0.72269069","false","0","金百川","0","0.0","PERSON"
"3.80194595","1.1694E-4","0.2630232","0.0","8","6","false","趙士駿","54.125","8","0","0","0.68867267","false","0","趙士駿","3520888","0.20751953","PERSON"
"3.80194595","1.1694E-4","0.2630232","0.0","8","6","false","凌廷耀","54.125","8","0","0","0.68867267","false","0","凌廷耀","3520888","0.20751953","PERSON"
"3.49578378","0.0","0.28605888","0.0","1","7","false","費訪壼","1003.0","1","0","0","0.72269069","false","0","費訪壼","0","0.0","PERSON"
"3.80194595","1.1694E-4","0.2630232","0.0","8","6","false","黄脩黼","54.125","8","0","0","0.68867267","false","0","黄脩黼","3520888","0.20751953","PERSON"
"3.48237838","0.00597655","0.28716006","0.0","2","7","false","歐陽","517.0","2","0","0","0.72418018","false","0","歐陽","7935548","0.5","PERSON"
"3.80194595","1.1694E-4","0.2630232","0.0","8","6","false","孫蔭瑶","54.125","8","0","0","0.68867267","false","0","孫蔭瑶","3520888","0.20751953","PERSON"
"3.49578378","0.0","0.28605888","0.0","1","7","false","李伯元","1003.0","1","0","0","0.72269069","false","0","李伯元","0","0.0","PERSON"
"3.80194595","1.1694E-4","0.2630232","0.0","8","6","false","趙歸璧","54.125","8","0","0","0.68867267","false","0","趙歸璧","3520888","0.20751953","PERSON"
"3.49578378","0.0","0.28605888","0.0","1","7","false","雷似梅","1003.0","1","0","0","0.72269069","false","0","雷似梅","0","0.0","PERSON"
"3.80194595","1.1694E-4","0.2630232","0.0","8","6","false","哈卜門君","54.125","8","0","0","0.68867267","false","0","哈卜門君","3520888","0.20751953","PERSON"
"3.49578378","0.0","0.28605888","0.0","1","7","false","陸丕善","1003.0","1","0","0","0.72269069","false","0","陸丕善","0","0.0","PERSON"
"3.80194595","1.1694E-4","0.2630232","0.0","8","6","false","哈君","54.125","8","0","0","0.68867267","false","0","哈君","3520888","0.20751953","PERSON"
"3.49578378","0.0","0.28605888","0.0","1","7","false","陳忠","1003.0","1","0","0","0.72269069","false","0","陳忠","0","0.0","PERSON"
"3.80194595","1.1694E-4","0.2630232","0.0","8","6","false","王豐珏","54.125","8","0","0","0.68867267","false","0","王豐珏","3520888","0.20751953","PERSON"
"3.49578378","0.0","0.28605888","0.0","1","7","false","姚錫康","1003.0","1","0","0","0.72269069","false","0","姚錫康","0","0.0","PERSON"
"3.80194595","1.1694E-4","0.2630232","0.0","8","6","false","鍾汝傑","54.125","8","0","0","0.68867267","false","0","鍾汝傑","3520888","0.20751953","PERSON"
"3.49578378","0.0","0.28605888","0.0","1","7","false","巢　施子英","1003.0","1","0","0","0.72269069","false","0","巢　施子英","0","0.0","PERSON"
"3.49578378","0.0","0.28605888","0.0","1","7","false","史潑萊尖康内克","1003.0","1","0","0","0.72269069","false","0","史潑萊尖康内克","0","0.0","PERSON"
"3.2147027","2.2493E-4","0.31107076","0.0","9","7","false","云仁濟","100.33333333","9","0","0","0.75392192","false","0","云仁濟","930680","0.17426901","ORG"
"3.49578378","0.0","0.28605888","0.0","1","7","false","鄒維卿","1003.0","1","0","0","0.72269069","false","0","鄒維卿","0","0.0","PERSON"
"3.49578378","0.0","0.28605888","0.0","1","7","false","羅斯佛","1003.0","1","0","0","0.72269069","false","0","羅斯佛","0","0.0","PERSON"
"3.49578378","0.0","0.28605888","0.0","1","7","false","翁三","1003.0","1","0","0","0.72269069","false","0","翁三","0","0.0","PERSON"
"3.49578378","0.0","0.28605888","0.0","1","7","false","棄貽釗","1003.0","1","0","0","0.72269069","false","0","棄貽釗","0","0.0","PERSON"
"3.49578378","0.0","0.28605888","0.0","1","7","false","丁榮春","1003.0","1","0","0","0.72269069","false","0","丁榮春","0","0.0","PERSON"
"3.93859459","8.979E-5","0.25389767","0.0","3","8","false","滬西商團","22.66666667","3","0","0","0.67348949","false","0","滬西商團","1836048","0.38011696","ORG"
"3.49578378","0.0","0.28605888","0.0","1","7","false","殷振金","1003.0","1","0","0","0.72269069","false","0","殷振金","0","0.0","PERSON"
"4.93664865","3.1E-7","0.20256657","0.0","5","9","false","魏連魁","3.0","5","0","0","0.56259459","false","0","魏連魁","20","1.0","PERSON"
"3.49578378","0.0","0.28605888","0.0","1","7","false","楊叔英","1003.0","1","0","0","0.72269069","false","0","楊叔英","0","0.0","PERSON"
"3.21556757","1.404E-5","0.31098709","0.0","7","7","false","云仁濟善堂","194.14285714","7","0","0","0.75382583","false","0","云仁濟善堂","207776","0.33884712","ORG"
"3.93859459","8.979E-5","0.25389767","0.0","3","8","false","滬西啓智","22.66666667","3","0","0","0.67348949","false","0","滬西啓智","1836048","0.38011696","ORG"
"3.49578378","0.0","0.28605888","0.0","1","7","false","余炳之","1003.0","1","0","0","0.72269069","false","0","余炳之","0","0.0","PERSON"
"3.49578378","0.0","0.28605888","0.0","1","7","false","葉洪福","1003.0","1","0","0","0.72269069","false","0","葉洪福","0","0.0","PERSON"
"3.93859459","8.979E-5","0.25389767","0.0","3","8","false","滬西啓智學校","22.66666667","3","0","0","0.67348949","false","0","滬西啓智學校","1836048","0.38011696","ORG"
"3.49578378","0.0","0.28605888","0.0","1","7","false","張鑲　蓮","1003.0","1","0","0","0.72269069","false","0","張鑲　蓮","0","0.0","PERSON"
"3.2147027","2.2493E-4","0.31107076","0.0","9","7","false","云仁濟堂","100.33333333","9","0","0","0.75392192","false","0","云仁濟堂","930680","0.17426901","ORG"
"3.49578378","0.0","0.28605888","0.0","1","7","false","馬生葆","1003.0","1","0","0","0.72269069","false","0","馬生葆","0","0.0","PERSON"
"3.93859459","8.979E-5","0.25389767","0.0","3","8","false","滬西啟智學堂","22.66666667","3","0","0","0.67348949","false","0","滬西啟智學堂","1836048","0.38011696","ORG"
"3.49578378","0.0","0.28605888","0.0","1","7","false","巢松亨","1003.0","1","0","0","0.72269069","false","0","巢松亨","0","0.0","PERSON"
"3.49578378","0.0","0.28605888","0.0","1","7","false","劉森泰","1003.0","1","0","0","0.72269069","false","0","劉森泰","0","0.0","PERSON"
"2.98335135","0.0314115","0.33519351","0.0","123","6","false","滬軍","13.27272727","123","0","1","0.77962763","false","0","滬軍","87786060","0.01723698","ORG"
"3.49578378","0.0","0.28605888","0.0","1","7","false","徐子才","1003.0","1","0","0","0.72269069","false","0","徐子才","0","0.0","PERSON"
"3.49578378","0.0","0.28605888","0.0","1","7","false","鄧子英","1003.0","1","0","0","0.72269069","false","0","鄧子英","0","0.0","PERSON"
"4.70097297","2.0E-8","0.21272192","0.0","3","7","false","張子莊","15.0","3","0","0","0.58878078","false","0","張子莊","6","1.0","PERSON"
"3.49578378","0.0","0.28605888","0.0","1","7","false","張少霞","1003.0","1","0","0","0.72269069","false","0","張少霞","0","0.0","PERSON"
"3.70205405","0.00239349","0.27012031","0.0","15","6","false","云敝會","20.4","15","0","0","0.69977177","false","0","云敝會","40943808","0.09371981","ORG"
"3.49578378","0.0","0.28605888","0.0","1","7","false","王良佐","1003.0","1","0","0","0.72269069","false","0","王良佐","0","0.0","PERSON"
"4.70097297","2.0E-8","0.21272192","0.0","3","7","false","趙竹君","15.0","3","0","0","0.58878078","false","0","趙竹君","6","1.0","PERSON"
"3.49578378","0.0","0.28605888","0.0","1","7","false","康寳孚","1003.0","1","0","0","0.72269069","false","0","康寳孚","0","0.0","PERSON"
"4.70097297","2.0E-8","0.21272192","0.0","3","7","false","盛杏","15.0","3","0","0","0.58878078","false","0","盛杏","6","1.0","PERSON"
"3.49578378","0.0","0.28605888","0.0","1","7","false","翁　圖南","1003.0","1","0","0","0.72269069","false","0","翁　圖南","0","0.0","PERSON"
"4.70097297","2.0E-8","0.21272192","0.0","3","7","false","楊可城","15.0","3","0","0","0.58878078","false","0","楊可城","6","1.0","PERSON"
"3.49578378","0.0","0.28605888","0.0","2","7","false","李龍田","1003.0","2","0","1","0.72269069","false","0","李龍田","0","0.0","PERSON"
"4.70097297","2.0E-8","0.21272192","0.0","3","7","false","聶雲台","15.0","3","0","0","0.58878078","false","0","聶雲台","6","1.0","PERSON"
"3.49578378","0.0","0.28605888","0.0","1","7","false","吳瑞恆","1003.0","1","0","0","0.72269069","false","0","吳瑞恆","0","0.0","PERSON"
"3.49578378","0.0","0.28605888","0.0","1","7","false","丁鹿笙","1003.0","1","0","0","0.72269069","false","0","丁鹿笙","0","0.0","PERSON"
"3.49578378","0.0","0.28605888","0.0","1","7","false","馬伯藩","1003.0","1","0","0","0.72269069","false","0","馬伯藩","0","0.0","PERSON"
"4.70097297","2.0E-8","0.21272192","0.0","3","7","false","袁伯揆","15.0","3","0","0","0.58878078","false","0","袁伯揆","6","1.0","PERSON"
"3.49578378","0.0","0.28605888","0.0","1","7","false","劉瑞雲","1003.0","1","0","0","0.72269069","false","0","劉瑞雲","0","0.0","PERSON"
"4.70097297","2.0E-8","0.21272192","0.0","3","7","false","楊翼之","15.0","3","0","0","0.58878078","false","0","楊翼之","6","1.0","PERSON"
"3.49578378","0.0","0.28605888","0.0","1","7","false","朱立生","1003.0","1","0","0","0.72269069","false","0","朱立生","0","0.0","PERSON"
"4.70097297","2.0E-8","0.21272192","0.0","3","7","false","唐少川","15.0","3","0","0","0.58878078","false","0","唐少川","6","1.0","PERSON"
"3.43005405","0.00129576","0.2915406","0.0","4","7","false","戈朋雲","270.0","4","0","0","0.72999399","false","0","戈朋雲","1855102","0.25377358","PERSON"
"4.70097297","2.0E-8","0.21272192","0.0","3","7","false","宛明君","15.0","3","0","0","0.58878078","false","0","宛明君","6","1.0","PERSON"
"3.49578378","0.0","0.28605888","0.0","1","7","false","孫錫康","1003.0","1","0","0","0.72269069","false","0","孫錫康","0","0.0","PERSON"
"4.69837838","0.00259228","0.21283939","0.0","8","7","false","文云","6.875","8","0","0","0.58906907","false","0","文云","59337086","0.39166667","PERSON"
"3.49578378","0.0","0.28605888","0.0","1","7","false","虞章元","1003.0","1","0","0","0.72269069","false","0","虞章元","0","0.0","PERSON"
"3.21556757","4.493E-5","0.31098709","0.0","4","7","false","五文幼幼學堂","168.5","4","0","0","0.75382583","false","0","五文幼幼學堂","278996","0.29232112","ORG"
"3.47848649","2.5484E-4","0.28748135","0.0","4","7","false","朱子琴","523.5","4","0","1","0.72461261","false","0","朱子琴","214410","0.50192123","PERSON"
"3.49578378","0.0","0.28605888","0.0","1","7","false","趙書田","1003.0","1","0","0","0.72269069","false","0","趙書田","0","0.0","PERSON"
"4.15956757","5.82E-6","0.24040961","0.0","3","8","false","君文云","26.0","3","0","0","0.64893694","false","0","君文云","9836","0.37878788","PERSON"
"3.21643243","2.4485E-4","0.31090347","0.0","5","7","false","五族少年保國會","121.0","5","0","0","0.75372973","false","0","五族少年保國會","860188","0.21052632","ORG"
"3.49578378","0.0","0.28605888","0.0","1","7","false","王金龍","1003.0","1","0","0","0.72269069","false","0","王金龍","0","0.0","PERSON"
"4.15956757","5.82E-6","0.24040961","0.0","3","8","false","李鍾　曾鑄","26.0","3","0","0","0.64893694","false","0","李鍾　曾鑄","9836","0.37878788","PERSON"
"3.49578378","0.0","0.28605888","0.0","1","7","false","姚慶雲","1003.0","1","0","0","0.72269069","false","0","姚慶雲","0","0.0","PERSON"
"3.49578378","0.0","0.28605888","0.0","1","7","false","管蓉甫","1003.0","1","0","0","0.72269069","false","0","管蓉甫","0","0.0","PERSON"
"4.15956757","5.82E-6","0.24040961","0.0","3","8","false","錫綸","26.0","3","0","0","0.64893694","false","0","錫綸","9836","0.37878788","PERSON"
"3.49578378","0.0","0.28605888","0.0","1","7","false","柴丙生","1003.0","1","0","0","0.72269069","false","0","柴丙生","0","0.0","PERSON"
"4.37016216","1.2015E-4","0.22882446","0.0","16","7","false","五福堂","14.625","16","0","0","0.62553754","false","0","五福堂","1200570","0.25707547","ORG"
"3.49578378","0.0","0.28605888","0.0","1","7","false","惲鐵樵","1003.0","1","0","0","0.72269069","false","0","惲鐵樵","0","0.0","PERSON"
"3.49578378","0.0","0.28605888","0.0","1","7","false","施丕文","1003.0","1","0","0","0.72269069","false","0","施丕文","0","0.0","PERSON"
"3.49578378","0.0","0.28605888","0.0","1","7","false","馬文宜","1003.0","1","0","0","0.72269069","false","0","馬文宜","0","0.0","PERSON"
"3.49578378","0.0","0.28605888","0.0","2","7","false","丁君","1003.0","2","0","1","0.72269069","false","0","丁君","0","0.0","PERSON"
"3.49578378","0.0","0.28605888","0.0","1","7","false","翁三元","1003.0","1","0","0","0.72269069","false","0","翁三元","0","0.0","PERSON"
"3.49578378","0.0","0.28605888","0.0","1","7","false","謝　士","1003.0","1","0","0","0.72269069","false","0","謝　士","0","0.0","PERSON"
"3.49578378","0.0","0.28605888","0.0","1","7","false","徐君文明","1003.0","1","0","0","0.72269069","false","0","徐君文明","0","0.0","PERSON"
"3.16021622","0.00411884","0.31643404","0.0","45","7","false","交通部","23.82222222","45","0","0","0.75997598","false","0","交通部","12692554","0.03704906","ORG"
"3.49578378","0.0","0.28605888","0.0","1","7","false","何君林泉","1003.0","1","0","0","0.72269069","false","0","何君林泉","0","0.0","PERSON"
"3.49578378","0.0","0.28605888","0.0","1","7","false","曹君雨泉","1003.0","1","0","0","0.72269069","false","0","曹君雨泉","0","0.0","PERSON"
"3.98227027","2.757E-5","0.25111304","0.0","3","7","false","袁世凱","44.33333333","3","0","0","0.66863664","false","0","袁世凱","97362","0.36111111","PERSON"
"3.98227027","2.757E-5","0.25111304","0.0","3","7","false","黄興君","44.33333333","3","0","0","0.66863664","false","0","黄興君","97362","0.36111111","PERSON"
"3.98227027","2.757E-5","0.25111304","0.0","3","7","false","沈漫雲","44.33333333","3","0","0","0.66863664","false","0","沈漫雲","97362","0.36111111","PERSON"
"3.47589189","2.382E-5","0.28769594","0.0","6","7","false","韓君潤","274.5","6","0","1","0.7249009","false","0","韓君潤","194442","0.26374156","PERSON"
"3.98227027","2.757E-5","0.25111304","0.0","3","7","false","袁恒之君","44.33333333","3","0","0","0.66863664","false","0","袁恒之君","97362","0.36111111","PERSON"
"3.47589189","2.382E-5","0.28769594","0.0","4","7","false","孫復瑞翁","274.5","4","0","0","0.7249009","false","0","孫復瑞翁","194442","0.26374156","PERSON"
"3.47545946","2.83E-5","0.28773174","0.0","5","7","false","崔瑞麟","223.2","5","0","0","0.72494895","false","0","崔瑞麟","203650","0.21427194","PERSON"
"3.83783784","4.287E-5","0.26056338","0.0","8","7","false","張慶","41.0","8","0","0","0.68468468","false","0","張慶","290076","0.17467249","PERSON"
"3.83783784","4.287E-5","0.26056338","0.0","8","7","false","云春","41.0","8","0","0","0.68468468","false","0","云春","290076","0.17467249","PERSON"
"3.57491892","0.00211528","0.27972662","0.0","50","6","false","周晉鑣","25.1","50","0","0","0.7138979","false","0","周晉鑣","13173102","0.04133791","PERSON"
"3.83783784","4.287E-5","0.26056338","0.0","8","7","false","孫其鏞","41.0","8","0","0","0.68468468","false","0","孫其鏞","290076","0.17467249","PERSON"
"3.83783784","4.287E-5","0.26056338","0.0","8","7","false","莊　譚國忠","41.0","8","0","0","0.68468468","false","0","莊　譚國忠","290076","0.17467249","PERSON"
"3.62162162","8.379E-4","0.2761194","0.0","35","6","false","嚴廷楨","26.37142857","35","0","0","0.70870871","false","0","嚴廷楨","6553942","0.04916944","PERSON"
"3.83783784","4.287E-5","0.26056338","0.0","8","7","false","陶湘","41.0","8","0","0","0.68468468","false","0","陶湘","290076","0.17467249","PERSON"
"3.83783784","4.287E-5","0.26056338","0.0","8","7","false","姜國","41.0","8","0","0","0.68468468","false","0","姜國","290076","0.17467249","PERSON"
"3.83783784","4.287E-5","0.26056338","0.0","8","7","false","戴鍾浩","41.0","8","0","0","0.68468468","false","0","戴鍾浩","290076","0.17467249","PERSON"
"3.83783784","4.287E-5","0.26056338","0.0","8","7","false","汪洋","41.0","8","0","0","0.68468468","false","0","汪洋","290076","0.17467249","PERSON"
"3.83783784","4.287E-5","0.26056338","0.0","8","7","false","張君立","41.0","8","0","0","0.68468468","false","0","張君立","290076","0.17467249","PERSON"
"3.83783784","4.287E-5","0.26056338","0.0","8","7","false","王桂生","41.0","8","0","0","0.68468468","false","0","王桂生","290076","0.17467249","PERSON"
"3.80713514","7.3282E-4","0.2626647","0.0","15","7","false","交通部留守府","12.2","15","0","0","0.6880961","false","0","交通部留守府","2038228","0.08484848","ORG"
"4.15567568","2.0012E-4","0.24063476","0.0","18","7","false","滬軍都督府","13.16666667","18","0","0","0.64936937","false","0","滬軍都督府","927608","0.14147287","ORG"
"5.73405405","1.817E-5","0.17439668","0.0","2","9","false","蕭許陳三","8.0","2","0","0","0.47399399","true","0","蕭許陳三","681914","0.7","PERSON"
"4.7347027","8.3895E-4","0.2112065","0.0","11","8","false","交通銀行","2.36363636","11","0","0","0.58503303","true","0","交通銀行","9921070","0.45454545","ORG"
"5.00843243","1.2745E-4","0.19966327","0.0","3","7","false","倪錫疇","10.33333333","3","0","0","0.55461862","true","0","倪錫疇","4540164","0.44444444","PERSON"
"5.00843243","1.2745E-4","0.19966327","0.0","3","7","false","蕭之華","10.33333333","3","0","0","0.55461862","true","0","蕭之華","4540164","0.44444444","PERSON"
"3.49578378","0.0","0.28605888","0.0","1","7","false","信義公","1003.0","1","0","0","0.72269069","false","0","信義公","0","0.0","PERSON"
"5.00843243","1.2745E-4","0.19966327","0.0","3","7","false","許鼎馨","10.33333333","3","0","0","0.55461862","true","0","許鼎馨","4540164","0.44444444","PERSON"
"3.49578378","0.0","0.28605888","0.0","2","7","false","允章","1003.0","2","0","1","0.72269069","false","0","允章","0","0.0","PERSON"
"5.00843243","1.2745E-4","0.19966327","0.0","3","7","false","陳承露","10.33333333","3","0","0","0.55461862","true","0","陳承露","4540164","0.44444444","PERSON"
"2.98681081","0.00218501","0.33480527","0.0","23","6","false","滬道","55.82608696","23","0","0","0.77924324","false","0","滬道","28552868","0.07120271","ORG"
"3.79675676","1.9994E-4","0.26338269","0.0","2","8","false","倪錫","225.5","2","0","0","0.68924925","true","0","倪錫","2161434","0.50563063","PERSON"
"3.79675676","1.9994E-4","0.26338269","0.0","2","8","false","劉蘭嚴","225.5","2","0","0","0.68924925","true","0","劉蘭嚴","2161434","0.50563063","PERSON"
"3.49578378","0.0","0.28605888","0.0","1","7","false","韓嵵　翁","1003.0","1","0","0","0.72269069","false","0","韓嵵　翁","0","0.0","PERSON"
"3.79675676","1.9994E-4","0.26338269","0.0","2","8","false","焦樂","225.5","2","0","0","0.68924925","true","0","焦樂","2161434","0.50563063","PERSON"
"3.79675676","1.9994E-4","0.26338269","0.0","2","8","false","倪錫翁","225.5","2","0","0","0.68924925","true","0","倪錫翁","2161434","0.50563063","PERSON"
"3.79675676","1.9994E-4","0.26338269","0.0","2","8","false","乞公","225.5","2","0","0","0.68924925","true","0","乞公","2161434","0.50563063","PERSON"
"3.79675676","1.9994E-4","0.26338269","0.0","2","8","false","劉蘭翁","225.5","2","0","0","0.68924925","true","0","劉蘭翁","2161434","0.50563063","PERSON"
"4.15567568","2.0012E-4","0.24063476","0.0","18","7","false","滬防","13.16666667","18","0","0","0.64936937","false","0","滬防","927608","0.14147287","ORG"
"4.07135135","0.001815","0.24561869","0.0","24","8","false","漢口道勝銀行","6.29166667","24","0","0","0.65873874","true","0","漢口道勝銀行","27440462","0.16035354","ORG"
"3.80237838","4.1057E-4","0.26299329","0.0","25","6","false","哈華托","23.12","25","0","0","0.68862462","true","0","哈華托","7787754","0.09787611","PERSON"
"4.37578378","2.579E-5","0.22853049","0.0","14","7","false","亨利亞脱泰來洋行","30.71428571","14","0","0","0.62491291","false","0","亨利亞脱泰來洋行","131432","0.32653061","ORG"
"3.80237838","4.1057E-4","0.26299329","0.0","25","6","false","潑臘德","23.12","25","0","0","0.68862462","true","0","潑臘德","7787754","0.09787611","PERSON"
"3.80237838","4.1057E-4","0.26299329","0.0","25","6","false","佩克順","23.12","25","0","0","0.68862462","true","0","佩克順","7787754","0.09787611","PERSON"
"3.80237838","4.1057E-4","0.26299329","0.0","25","6","false","齊克","23.12","25","0","0","0.68862462","true","0","齊克","7787754","0.09787611","PERSON"
"3.49578378","0.0","0.28605888","0.0","1","7","false","翁　山　翁","1003.0","1","0","0","0.72269069","false","0","翁　山　翁","0","0.0","PERSON"
"3.80237838","4.1057E-4","0.26299329","0.0","25","6","false","史諦法","23.12","25","0","0","0.68862462","true","0","史諦法","7787754","0.09787611","PERSON"
"3.80237838","4.1057E-4","0.26299329","0.0","25","6","false","施妥克馬","23.12","25","0","0","0.68862462","true","0","施妥克馬","7787754","0.09787611","PERSON"
"3.80237838","4.1057E-4","0.26299329","0.0","25","6","false","哈卜們","23.12","25","0","0","0.68862462","true","0","哈卜們","7787754","0.09787611","PERSON"
"3.80237838","4.1057E-4","0.26299329","0.0","25","6","false","白根","23.12","25","0","0","0.68862462","true","0","白根","7787754","0.09787611","PERSON"
"3.80237838","4.1057E-4","0.26299329","0.0","25","6","false","蒲立","23.12","25","0","0","0.68862462","true","0","蒲立","7787754","0.09787611","PERSON"
"3.21643243","4.17E-6","0.31090347","0.0","5","7","false","漢文義塾","236.2","5","0","0","0.75372973","false","0","漢文義塾","81062","0.41263158","ORG"
"3.80237838","4.1057E-4","0.26299329","0.0","25","6","false","麥格遼特","23.12","25","0","0","0.68862462","true","0","麥格遼特","7787754","0.09787611","PERSON"
"3.80237838","4.1057E-4","0.26299329","0.0","25","6","false","仝啟","23.12","25","0","0","0.68862462","true","0","仝啟","7787754","0.09787611","PERSON"
"3.20691892","0.00138867","0.31182578","0.0","14","7","false","漢治萍公司","46.28571429","14","0","0","0.75478679","false","0","漢治萍公司","4680716","0.07903266","ORG"
"4.37578378","2.579E-5","0.22853049","0.0","14","7","false","亨寳輪船公司","30.71428571","14","0","0","0.62491291","false","0","亨寳輪船公司","131432","0.32653061","ORG"
"3.49578378","0.0","0.28605888","0.0","1","7","false","李　記","1003.0","1","0","0","0.72269069","false","0","李　記","0","0.0","PERSON"
"3.49578378","0.0","0.28605888","0.0","1","7","false","董天頤","1003.0","1","0","0","0.72269069","false","0","董天頤","0","0.0","PERSON"
"4.37535135","5.112E-5","0.22855307","0.0","6","7","false","漢陽兵工","7.33333333","6","0","0","0.62496096","false","0","漢陽兵工","90430","0.25333333","ORG"
"3.91048649","3.0E-5","0.25572266","0.0","3","7","false","京都","19.33333333","3","0","0","0.67661261","false","0","京都","88938","0.38194444","ORG"
"3.49578378","0.0","0.28605888","0.0","1","7","false","楊君季","1003.0","1","0","0","0.72269069","false","0","楊君季","0","0.0","PERSON"
"3.49578378","0.0","0.28605888","0.0","1","7","false","何君橘仙","1003.0","1","0","0","0.72269069","false","0","何君橘仙","0","0.0","PERSON"
"4.21102703","2.0E-8","0.23747176","0.0","3","8","false","鏌劍山","15.0","3","0","0","0.64321922","false","0","鏌劍山","6","1.0","PERSON"
"3.21210811","0.00152001","0.31132202","0.0","15","7","false","京都天實齋","43.8","15","0","0","0.75421021","false","0","京都天實齋","4359408","0.07508772","ORG"
"3.49578378","0.0","0.28605888","0.0","2","7","false","孫君鳳林","1003.0","2","0","1","0.72269069","false","0","孫君鳳林","0","0.0","PERSON"
"4.07135135","0.001815","0.24561869","0.0","24","8","false","潤徳堂","6.29166667","24","0","0","0.65873874","false","0","潤徳堂","27440462","0.16035354","ORG"
"4.21102703","2.0E-8","0.23747176","0.0","3","8","false","吳君梅巖","15.0","3","0","0","0.64321922","false","0","吳君梅巖","6","1.0","PERSON"
"4.21102703","2.0E-8","0.23747176","0.0","3","8","false","岐素","15.0","3","0","0","0.64321922","false","0","岐素","6","1.0","PERSON"
"3.49578378","0.0","0.28605888","0.0","1","7","false","唐滎俊","1003.0","1","0","0","0.72269069","false","0","唐滎俊","0","0.0","PERSON"
"4.21102703","2.0E-8","0.23747176","0.0","3","8","false","吳君寓","15.0","3","0","0","0.64321922","false","0","吳君寓","6","1.0","PERSON"
"3.49578378","0.0","0.28605888","0.0","2","7","false","韓君","1003.0","2","0","1","0.72269069","false","0","韓君","0","0.0","PERSON"
"4.21102703","2.0E-8","0.23747176","0.0","3","8","false","資民","15.0","3","0","0","0.64321922","false","0","資民","6","1.0","PERSON"
"3.49578378","0.0","0.28605888","0.0","1","7","false","孫君","1003.0","1","0","0","0.72269069","false","0","孫君","0","0.0","PERSON"
"4.21102703","2.0E-8","0.23747176","0.0","3","8","false","高長順君","15.0","3","0","0","0.64321922","false","0","高長順君","6","1.0","PERSON"
"3.49578378","0.0","0.28605888","0.0","1","7","false","張君","1003.0","1","0","0","0.72269069","false","0","張君","0","0.0","PERSON"
"4.21102703","2.0E-8","0.23747176","0.0","3","8","false","片山","15.0","3","0","0","0.64321922","false","0","片山","6","1.0","PERSON"
"4.21102703","2.0E-8","0.23747176","0.0","3","8","false","席子","15.0","3","0","0","0.64321922","false","0","席子","6","1.0","PERSON"
"3.49578378","0.0","0.28605888","0.0","1","7","false","蕭谷蜂","1003.0","1","0","0","0.72269069","false","0","蕭谷蜂","0","0.0","PERSON"
"4.21102703","2.0E-8","0.23747176","0.0","3","8","false","凌菊齡","15.0","3","0","0","0.64321922","false","0","凌菊齡","6","1.0","PERSON"
"3.79502703","1.9136E-4","0.26350273","0.0","4","8","false","成春","121.25","4","0","0","0.68944144","false","0","成春","220374","0.26603982","PERSON"
"3.49578378","0.0","0.28605888","0.0","2","7","false","董嚴信厚施則","1003.0","2","0","1","0.72269069","false","0","董嚴信厚施則","0","0.0","PERSON"
"3.80194595","5.2967E-4","0.2630232","0.0","9","7","false","周晋鑣","40.33333333","9","0","0","0.68867267","false","0","周晋鑣","1979252","0.15304799","PERSON"
"3.49578378","0.0","0.28605888","0.0","1","7","false","蔣近候","1003.0","1","0","0","0.72269069","false","0","蔣近候","0","0.0","PERSON"
"4.21102703","2.0E-8","0.23747176","0.0","3","8","false","應德閎","15.0","3","0","0","0.64321922","false","0","應德閎","6","1.0","PERSON"
"3.49578378","0.0","0.28605888","0.0","1","7","false","姜氏","1003.0","1","0","0","0.72269069","false","0","姜氏","0","0.0","PERSON"
"3.14162162","0.00765516","0.31830695","0.0","53","7","false","潤德堂","41.44","53","0","3","0.76204204","false","0","潤德堂","50503190","0.06299065","ORG"
"3.85945946","8.194E-5","0.25910364","0.0","3","7","false","京都天寶齋","46.0","3","0","0","0.68228228","false","0","京都天寶齋","1230670","0.375","ORG"
"3.46940541","1.0985E-4","0.28823383","0.0","4","7","false","陳之楨","302.0","4","0","0","0.72562162","false","0","陳之楨","637636","0.28396226","PERSON"
"4.6067027","4.1E-6","0.217075","0.0","9","7","false","蔡寄梅","4.28571429","9","0","1","0.59925526","false","0","蔡寄梅","16662","0.41071429","PERSON"
"5.87502703","2.0E-8","0.17021198","0.0","2","9","false","栗生武右衛門","5.0","2","0","0","0.45833033","false","0","栗生武右衛門","2","1.0","PERSON"
"4.87567568","8.644E-4","0.20509978","0.0","5","8","false","亭康洋行","2.4","5","0","0","0.56936937","false","0","亭康洋行","3110188","0.46666667","ORG"
"3.87762162","0.00259236","0.25789004","0.0","4","7","false","朱子奎","48.25","4","0","0","0.68026426","false","0","朱子奎","7784476","0.36914063","PERSON"
"3.49535135","5.78E-6","0.28609427","0.0","2","7","false","燧泰號","508.0","2","0","0","0.72273874","false","0","燧泰號","7782","0.50598802","PERSON"
"5.87502703","2.0E-8","0.17021198","0.0","2","9","false","沙橋","5.0","2","0","0","0.45833033","false","0","沙橋","2","1.0","PERSON"
"3.49535135","5.78E-6","0.28609427","0.0","2","7","false","麥景福","508.0","2","0","0","0.72273874","false","0","麥景福","7782","0.50598802","PERSON"
"5.87502703","2.0E-8","0.17021198","0.0","2","9","false","龔雲甫","5.0","2","0","0","0.45833033","false","0","龔雲甫","2","1.0","PERSON"
"3.49535135","5.78E-6","0.28609427","0.0","2","7","false","忍霞氏","508.0","2","0","0","0.72273874","false","0","忍霞氏","7782","0.50598802","PERSON"
"5.87502703","2.0E-8","0.17021198","0.0","2","9","false","唐僧","5.0","2","0","0","0.45833033","false","0","唐僧","2","1.0","PERSON"
"3.49535135","5.78E-6","0.28609427","0.0","2","7","false","盧星雲","508.0","2","0","0","0.72273874","false","0","盧星雲","7782","0.50598802","PERSON"
"4.6092973","4.1E-7","0.21695281","0.0","2","7","false","子明氏","6.5","2","0","0","0.59896697","false","0","子明氏","2070","0.78571429","PERSON"
"3.49535135","5.78E-6","0.28609427","0.0","2","7","false","田得興","508.0","2","0","0","0.72273874","false","0","田得興","7782","0.50598802","PERSON"
"3.85859459","3.5012E-4","0.25916172","0.0","5","7","false","人壽險","28.4","5","0","0","0.68237838","false","0","人壽險","2461444","0.22833333","ORG"
"3.48367568","2.148E-5","0.28705313","0.0","5","7","false","鄧定炘","291.0","5","0","1","0.72403604","false","0","鄧定炘","96522","0.28237585","PERSON"
"3.48367568","2.148E-5","0.28705313","0.0","5","7","false","劉善齋","291.0","5","0","1","0.72403604","false","0","劉善齋","96522","0.28237585","PERSON"
"4.6092973","4.1E-7","0.21695281","0.0","2","7","false","張奏明","6.5","2","0","0","0.59896697","false","0","張奏明","2070","0.78571429","PERSON"
"3.49535135","5.78E-6","0.28609427","0.0","2","7","false","黄金良","508.0","2","0","0","0.72273874","false","0","黄金良","7782","0.50598802","PERSON"
"4.21448649","0.0","0.23727683","0.0","1","8","false","雲西氏","9.0","1","0","0","0.64283483","false","0","雲西氏","0","0.0","PERSON"
"3.49535135","5.78E-6","0.28609427","0.0","3","7","false","沈善士","508.0","3","0","1","0.72273874","false","0","沈善士","7782","0.50598802","PERSON"
"3.2147027","0.00178392","0.31107076","0.0","9","7","false","仁　善堂","93.66666667","9","0","0","0.75392192","false","0","仁　善堂","2149698","0.1625731","ORG"
"4.21448649","0.0","0.23727683","0.0","1","8","false","潘復齋","9.0","1","0","0","0.64283483","false","0","潘復齋","0","0.0","PERSON"
"4.21448649","0.0","0.23727683","0.0","1","8","false","懷橘氏","9.0","1","0","0","0.64283483","false","0","懷橘氏","0","0.0","PERSON"
"3.49189189","1.4752E-4","0.28637771","0.0","4","7","false","信厚","342.66666667","4","0","1","0.72312312","false","0","信厚","53078","0.33861909","PERSON"
"4.21448649","0.0","0.23727683","0.0","1","8","false","楊　杲","9.0","1","0","0","0.64283483","false","0","楊　杲","0","0.0","PERSON"
"3.21556757","7.783E-5","0.31098709","0.0","7","7","false","仁厚堂","136.42857143","7","0","0","0.75382583","false","0","仁厚堂","404742","0.23759398","ORG"
"3.72410811","6.9E-5","0.26852067","0.0","9","7","false","王守之","58.88888889","9","0","0","0.69732132","false","0","王守之","443522","0.12503","PERSON"
"3.72583784","5.185E-5","0.26839601","0.0","7","7","false","攸德","72.28571429","7","0","0","0.69712913","false","0","攸德","383576","0.15463279","PERSON"
"3.71286486","1.6284E-4","0.2693338","0.0","18","7","false","黃宗憲","38.3125","18","0","1","0.69857057","false","0","黃宗憲","691920","0.07741183","PERSON"
"3.49535135","3.69E-6","0.28609427","0.0","2","7","false","徐玉廷","512.0","2","0","0","0.72273874","false","0","徐玉廷","7546","0.50998004","PERSON"
"3.19827027","9.662E-4","0.31266901","0.0","21","7","false","仁善士令堂","70.71428571","21","0","0","0.75574775","false","0","仁善士令堂","4168570","0.12124224","ORG"
"3.67048649","8.7105E-4","0.27244345","0.0","69","7","false","澄衷學堂","12.91304348","69","0","0","0.70327928","false","0","澄衷學堂","9322020","0.10636646","ORG"
"3.44302703","1.2795E-4","0.2904421","0.0","10","7","false","黄萃氏","178.25","10","0","1","0.72855255","false","0","黄萃氏","948346","0.16055254","PERSON"
"3.49535135","3.69E-6","0.28609427","0.0","2","7","false","黄萃鵠","512.0","2","0","0","0.72273874","false","0","黄萃鵠","7546","0.50998004","PERSON"
"3.49535135","3.69E-6","0.28609427","0.0","2","7","false","王思記","512.0","2","0","0","0.72273874","false","0","王思記","7546","0.50998004","PERSON"
"3.49535135","3.69E-6","0.28609427","0.0","2","7","false","翁震卿","512.0","2","0","0","0.72273874","false","0","翁震卿","7546","0.50998004","PERSON"
"3.49535135","3.69E-6","0.28609427","0.0","2","7","false","翁無名","512.0","2","0","0","0.72273874","false","0","翁無名","7546","0.50998004","PERSON"
"3.49535135","3.69E-6","0.28609427","0.0","2","7","false","朱春記","512.0","2","0","0","0.72273874","false","0","朱春記","7546","0.50998004","PERSON"
"3.41362162","2.8682E-4","0.29294401","0.0","20","7","false","周詠春","93.625","20","0","2","0.73181982","false","0","周詠春","1505720","0.08337084","PERSON"
"3.49535135","3.69E-6","0.28609427","0.0","2","7","false","葉念觔","512.0","2","0","0","0.72273874","false","0","葉念觔","7546","0.50998004","PERSON"
"3.47589189","2.461E-5","0.28769594","0.0","5","7","false","丁甘","282.25","5","0","1","0.7249009","false","0","丁甘","204976","0.27121504","PERSON"
"3.49535135","3.69E-6","0.28609427","0.0","2","7","false","郎卺儀","512.0","2","0","0","0.72273874","false","0","郎卺儀","7546","0.50998004","PERSON"
"3.49318919","2.703E-5","0.28627135","0.0","5","7","false","楊潤之","216.6","5","0","0","0.72297898","false","0","楊潤之","224238","0.21474104","PERSON"
"3.49535135","3.69E-6","0.28609427","0.0","2","7","false","葛伯誠","512.0","2","0","0","0.72273874","false","0","葛伯誠","7546","0.50998004","PERSON"
"3.49535135","3.69E-6","0.28609427","0.0","2","7","false","辛仲卿","512.0","2","0","0","0.72273874","false","0","辛仲卿","7546","0.50998004","PERSON"
"3.49535135","3.69E-6","0.28609427","0.0","2","7","false","周少卿","512.0","2","0","0","0.72273874","false","0","周少卿","7546","0.50998004","PERSON"
"3.49448649","1.123E-5","0.28616508","0.0","4","7","false","董大頣","265.75","4","0","0","0.72283483","false","0","董大頣","21150","0.26422156","PERSON"
"3.21556757","3.651E-5","0.31098709","0.0","7","7","false","仁天","168.71428571","7","0","0","0.75382583","false","0","仁天","203196","0.29423559","ORG"
"3.61859459","2.0391E-4","0.27635038","0.0","7","7","false","施　敬","96.57142857","7","0","0","0.70904505","false","0","施　敬","1218242","0.17066327","PERSON"
"3.216","4.6014E-4","0.31094527","0.0","6","7","false","仁濟善","164.16666667","6","0","0","0.75377778","false","0","仁濟善","779888","0.28625731","ORG"
"3.49578378","0.0","0.28605888","0.0","1","7","false","佘詠翁","1003.0","1","0","0","0.72269069","false","0","佘詠翁","0","0.0","PERSON"
"4.21578378","0.0","0.23720382","0.0","1","8","false","陳作","6.0","1","0","0","0.64269069","false","0","陳作","0","0.0","PERSON"
"3.49578378","0.0","0.28605888","0.0","1","7","false","馬善士","1003.0","1","0","0","0.72269069","false","0","馬善士","0","0.0","PERSON"
"3.49578378","0.0","0.28605888","0.0","1","7","false","唐虞","1003.0","1","0","0","0.72269069","false","0","唐虞","0","0.0","PERSON"
"3.79113514","1.1244E-4","0.26377324","0.0","12","8","false","劉芬施","52.72727273","12","0","1","0.68987387","false","0","劉芬施","255616","0.11393672","PERSON"
"3.49578378","0.0","0.28605888","0.0","1","7","false","翁恒安","1003.0","1","0","0","0.72269069","false","0","翁恒安","0","0.0","PERSON"
"4.21535135","0.0","0.23722815","0.0","1","8","false","陳崇恩","7.0","1","0","0","0.64273874","false","0","陳崇恩","0","0.0","PERSON"
"3.49578378","0.0","0.28605888","0.0","1","7","false","楊彭翁","1003.0","1","0","0","0.72269069","false","0","楊彭翁","0","0.0","PERSON"
"3.21556757","0.00130328","0.31098709","0.0","7","7","false","仁濟善呇","142.71428571","7","0","0","0.75382583","false","0","仁濟善呇","1778460","0.24862155","ORG"
"3.49578378","0.0","0.28605888","0.0","1","7","false","盧玉翁","1003.0","1","0","0","0.72269069","false","0","盧玉翁","0","0.0","PERSON"
"4.21535135","0.0","0.23722815","0.0","1","8","false","黄澤庵","7.0","1","0","0","0.64273874","false","0","黄澤庵","0","0.0","PERSON"
"3.49578378","0.0","0.28605888","0.0","1","7","false","嚴少翁","1003.0","1","0","0","0.72269069","false","0","嚴少翁","0","0.0","PERSON"
"4.21535135","0.0","0.23722815","0.0","1","8","false","安氏","7.0","1","0","0","0.64273874","false","0","安氏","0","0.0","PERSON"
"3.49578378","0.0","0.28605888","0.0","1","7","false","陳桂翁","1003.0","1","0","0","0.72269069","false","0","陳桂翁","0","0.0","PERSON"
"3.49578378","0.0","0.28605888","0.0","1","7","false","王福翁","1003.0","1","0","0","0.72269069","false","0","王福翁","0","0.0","PERSON"
"3.49578378","0.0","0.28605888","0.0","1","7","false","凌少山","1003.0","1","0","0","0.72269069","false","0","凌少山","0","0.0","PERSON"
"3.80151351","3.08E-6","0.26305312","0.0","2","8","false","沈留","225.5","2","0","0","0.68872072","false","0","沈留","5584","0.51138952","PERSON"
"3.49578378","0.0","0.28605888","0.0","1","7","false","李翼堂","1003.0","1","0","0","0.72269069","false","0","李翼堂","0","0.0","PERSON"
"3.25491892","8.7592E-4","0.30722731","0.0","3","7","false","劉昌","484.66666667","3","0","0","0.74945345","false","0","劉昌","2314788","0.34133145","PERSON"
"3.49578378","0.0","0.28605888","0.0","1","7","false","王甫齡","1003.0","1","0","0","0.72269069","false","0","王甫齡","0","0.0","PERSON"
"3.80151351","3.08E-6","0.26305312","0.0","2","8","false","胡方鎰","225.5","2","0","0","0.68872072","false","0","胡方鎰","5584","0.51138952","PERSON"
"3.49578378","0.0","0.28605888","0.0","1","7","false","羅芝翁","1003.0","1","0","0","0.72269069","false","0","羅芝翁","0","0.0","PERSON"
"3.80064865","1.047E-5","0.26311298","0.0","5","8","false","黎九","117.25","5","0","1","0.68881682","false","0","黎九","18174","0.26480638","PERSON"
"3.49578378","0.0","0.28605888","0.0","1","7","false","葉子翁","1003.0","1","0","0","0.72269069","false","0","葉子翁","0","0.0","PERSON"
"4.03848649","2.19E-6","0.24761752","0.0","3","8","false","鼎泉","43.0","3","0","0","0.66239039","false","0","鼎泉","39392","0.4","PERSON"
"3.2147027","2.9946E-4","0.31107076","0.0","9","7","false","濟善堂","69.77777778","9","0","0","0.75392192","false","0","濟善堂","971952","0.12066277","ORG"
"3.49578378","0.0","0.28605888","0.0","1","7","false","徐貫翁","1003.0","1","0","0","0.72269069","false","0","徐貫翁","0","0.0","PERSON"
"4.03848649","2.19E-6","0.24761752","0.0","3","8","false","龔榮梓","43.0","3","0","0","0.66239039","false","0","龔榮梓","39392","0.4","PERSON"
"4.03848649","2.19E-6","0.24761752","0.0","3","8","false","蔡崑錫","43.0","3","0","0","0.66239039","false","0","蔡崑錫","39392","0.4","PERSON"
"4.03848649","2.19E-6","0.24761752","0.0","3","8","false","李華咎","43.0","3","0","0","0.66239039","false","0","李華咎","39392","0.4","PERSON"
"3.77297297","3.134E-5","0.26504298","0.0","6","8","false","朱森庭","120.16666667","6","0","0","0.69189189","false","0","朱森庭","118648","0.24025538","PERSON"
"3.49578378","0.0","0.28605888","0.0","1","7","false","林有蘭","1003.0","1","0","0","0.72269069","false","0","林有蘭","0","0.0","PERSON"
"4.03848649","2.19E-6","0.24761752","0.0","3","8","false","馮芳鄹","43.0","3","0","0","0.66239039","false","0","馮芳鄹","39392","0.4","PERSON"
"3.1212973","0.0021846","0.32037961","0.0","15","7","false","趙馥嚋","149.26666667","15","0","0","0.7643003","false","0","趙馥嚋","11596820","0.08991308","PERSON"
"3.49578378","0.0","0.28605888","0.0","1","7","false","蘇雅卿","1003.0","1","0","0","0.72269069","false","0","蘇雅卿","0","0.0","PERSON"
"4.03848649","2.19E-6","0.24761752","0.0","3","8","false","王清水","43.0","3","0","0","0.66239039","false","0","王清水","39392","0.4","PERSON"
"3.49578378","0.0","0.28605888","0.0","1","7","false","徐燕庭","1003.0","1","0","0","0.72269069","false","0","徐燕庭","0","0.0","PERSON"
"3.77297297","3.134E-5","0.26504298","0.0","6","8","false","王益甫","120.16666667","6","0","0","0.69189189","false","0","王益甫","118648","0.24025538","PERSON"
"3.49578378","0.0","0.28605888","0.0","1","7","false","施萃田","1003.0","1","0","0","0.72269069","false","0","施萃田","0","0.0","PERSON"
"3.77297297","3.134E-5","0.26504298","0.0","6","8","false","楊爰竹","120.16666667","6","0","0","0.69189189","false","0","楊爰竹","118648","0.24025538","PERSON"
"3.49578378","0.0","0.28605888","0.0","1","7","false","樊雨","1003.0","1","0","0","0.72269069","false","0","樊雨","0","0.0","PERSON"
"3.20562162","5.1432E-4","0.31195198","0.0","13","7","false","濟約翰大學","53.76923077","13","0","0","0.75493093","false","0","濟約翰大學","3286968","0.09145447","ORG"
"3.63502703","2.5247E-4","0.27510112","0.0","10","7","false","黄公","83.3","10","0","0","0.70721922","false","0","黄公","3223866","0.15128676","PERSON"
"3.4572973","5.838E-5","0.28924328","0.0","6","7","false","葉貽","388.33333333","6","0","1","0.72696697","false","0","葉貽","422706","0.35997522","PERSON"
"3.77297297","3.134E-5","0.26504298","0.0","6","8","false","王潤","120.16666667","6","0","0","0.69189189","false","0","王潤","118648","0.24025538","PERSON"
"3.44475676","6.833E-5","0.29029626","0.0","2","7","false","周安","566.5","2","0","0","0.72836036","false","0","周安","455404","0.52653631","PERSON"
"3.77297297","3.134E-5","0.26504298","0.0","6","8","false","王厚卿","120.16666667","6","0","0","0.69189189","false","0","王厚卿","118648","0.24025538","PERSON"
"3.49578378","0.0","0.28605888","0.0","1","7","false","陳亭","1003.0","1","0","0","0.72269069","false","0","陳亭","0","0.0","PERSON"
"3.77297297","3.134E-5","0.26504298","0.0","6","8","false","黄秉榮","120.16666667","6","0","0","0.69189189","false","0","黄秉榮","118648","0.24025538","PERSON"
"3.77297297","3.134E-5","0.26504298","0.0","6","8","false","瑞興隆","120.16666667","6","0","0","0.69189189","false","0","瑞興隆","118648","0.24025538","PERSON"
"3.49059459","1.162E-5","0.28648414","0.0","4","7","false","周湘","363.0","4","0","1","0.72326727","false","0","周湘","68960","0.35770751","PERSON"
"3.77297297","3.134E-5","0.26504298","0.0","6","8","false","趙菊椒","120.16666667","6","0","0","0.69189189","false","0","趙菊椒","118648","0.24025538","PERSON"
"3.49448649","1.462E-5","0.28616508","0.0","2","7","false","王陽","511.5","2","0","0","0.72283483","false","0","王陽","128652","0.50846614","PERSON"
"4.31005405","2.6706E-4","0.23201565","0.0","10","8","false","烟公","7.0","10","0","0","0.63221622","false","0","烟公","2080208","0.15789474","ORG"
"3.77297297","3.134E-5","0.26504298","0.0","6","8","false","杜仁記","120.16666667","6","0","0","0.69189189","false","0","杜仁記","118648","0.24025538","PERSON"
"3.77297297","3.134E-5","0.26504298","0.0","6","8","false","袁葆生","120.16666667","6","0","0","0.69189189","false","0","袁葆生","118648","0.24025538","PERSON"
"3.49578378","0.0","0.28605888","0.0","1","7","false","介福嘉","1003.0","1","0","0","0.72269069","false","0","介福嘉","0","0.0","PERSON"
"3.77297297","3.134E-5","0.26504298","0.0","6","8","false","沈逋梅","120.16666667","6","0","0","0.69189189","false","0","沈逋梅","118648","0.24025538","PERSON"
"3.49578378","0.0","0.28605888","0.0","1","7","false","全益晶","1003.0","1","0","0","0.72269069","false","0","全益晶","0","0.0","PERSON"
"3.77297297","3.134E-5","0.26504298","0.0","6","8","false","張崇興","120.16666667","6","0","0","0.69189189","false","0","張崇興","118648","0.24025538","PERSON"
"3.77297297","3.134E-5","0.26504298","0.0","6","8","false","夕思生","120.16666667","6","0","0","0.69189189","false","0","夕思生","118648","0.24025538","PERSON"
"3.77297297","3.134E-5","0.26504298","0.0","6","8","false","瞿翰芬","120.16666667","6","0","0","0.69189189","false","0","瞿翰芬","118648","0.24025538","PERSON"
"3.15675676","7.6076E-4","0.31678082","0.0","39","7","false","烟雨樓","62.77419355","39","0","8","0.76036036","false","0","烟雨樓","8139360","0.09995824","ORG"
"3.77297297","3.134E-5","0.26504298","0.0","6","8","false","王心容","120.16666667","6","0","0","0.69189189","false","0","王心容","118648","0.24025538","PERSON"
"3.77297297","3.134E-5","0.26504298","0.0","6","8","false","羅萬興","120.16666667","6","0","0","0.69189189","false","0","羅萬興","118648","0.24025538","PERSON"
"3.77297297","3.134E-5","0.26504298","0.0","6","8","false","金星如","120.16666667","6","0","0","0.69189189","false","0","金星如","118648","0.24025538","PERSON"
"3.77297297","3.134E-5","0.26504298","0.0","6","8","false","卲榮春","120.16666667","6","0","0","0.69189189","false","0","卲榮春","118648","0.24025538","PERSON"
"3.77297297","3.134E-5","0.26504298","0.0","6","8","false","榮春","120.16666667","6","0","0","0.69189189","false","0","榮春","118648","0.24025538","PERSON"
"3.77297297","3.134E-5","0.26504298","0.0","6","8","false","林少泉","120.16666667","6","0","0","0.69189189","false","0","林少泉","118648","0.24025538","PERSON"
"3.23675676","0.00119954","0.30895124","0.0","9","7","false","陳源記","208.0","9","0","0","0.75147147","false","0","陳源記","4437612","0.14246387","PERSON"
"3.77297297","3.134E-5","0.26504298","0.0","6","8","false","王爕山","120.16666667","6","0","0","0.69189189","false","0","王爕山","118648","0.24025538","PERSON"
"3.77297297","3.134E-5","0.26504298","0.0","6","8","false","董春山","120.16666667","6","0","0","0.69189189","false","0","董春山","118648","0.24025538","PERSON"
"3.77297297","3.134E-5","0.26504298","0.0","6","8","false","陳桂記","120.16666667","6","0","0","0.69189189","false","0","陳桂記","118648","0.24025538","PERSON"
"3.77297297","3.134E-5","0.26504298","0.0","6","8","false","童謙泰","120.16666667","6","0","0","0.69189189","false","0","童謙泰","118648","0.24025538","PERSON"
"3.77297297","3.134E-5","0.26504298","0.0","6","8","false","李清臣","120.16666667","6","0","0","0.69189189","false","0","李清臣","118648","0.24025538","PERSON"
"3.77297297","3.134E-5","0.26504298","0.0","6","8","false","袁聲大","120.16666667","6","0","0","0.69189189","false","0","袁聲大","118648","0.24025538","PERSON"
"3.77297297","3.134E-5","0.26504298","0.0","6","8","false","嚴少亭","120.16666667","6","0","0","0.69189189","false","0","嚴少亭","118648","0.24025538","PERSON"
"3.77297297","3.134E-5","0.26504298","0.0","6","8","false","陸兆麒","120.16666667","6","0","0","0.69189189","false","0","陸兆麒","118648","0.24025538","PERSON"
"3.77297297","3.134E-5","0.26504298","0.0","6","8","false","李文質","120.16666667","6","0","0","0.69189189","false","0","李文質","118648","0.24025538","PERSON"
"3.77297297","3.134E-5","0.26504298","0.0","6","8","false","夏褔安","120.16666667","6","0","0","0.69189189","false","0","夏褔安","118648","0.24025538","PERSON"
"3.77297297","3.134E-5","0.26504298","0.0","6","8","false","王藴甫","120.16666667","6","0","0","0.69189189","false","0","王藴甫","118648","0.24025538","PERSON"
"3.74616216","3.085E-5","0.26693986","0.0","2","8","false","王子顯","277.5","2","0","0","0.69487087","false","0","王子顯","222014","0.52071563","PERSON"
"3.14724324","0.00121298","0.31773839","0.0","49","7","false","無名氏　公館","45.0","49","0","0","0.76141742","false","0","無名氏　公館","29277918","0.07017544","ORG"
"3.74616216","3.085E-5","0.26693986","0.0","2","8","false","橘井","277.5","2","0","0","0.69487087","false","0","橘井","222014","0.52071563","PERSON"
"3.80194595","0.0","0.2630232","0.0","1","8","false","熊文通","440.0","1","0","0","0.68867267","false","0","熊文通","0","0.0","PERSON"
"3.80194595","0.0","0.2630232","0.0","1","8","false","陳霖","440.0","1","0","0","0.68867267","false","0","陳霖","0","0.0","PERSON"
"3.80194595","0.0","0.2630232","0.0","1","8","false","渥沛仁","440.0","1","0","0","0.68867267","false","0","渥沛仁","0","0.0","PERSON"
"3.80194595","0.0","0.2630232","0.0","1","8","false","全裕翁","440.0","1","0","0","0.68867267","false","0","全裕翁","0","0.0","PERSON"
"3.80194595","0.0","0.2630232","0.0","1","8","false","王子顯翁","440.0","1","0","0","0.68867267","false","0","王子顯翁","0","0.0","PERSON"
"3.80194595","0.0","0.2630232","0.0","1","8","false","浼登誠","440.0","1","0","0","0.68867267","false","0","浼登誠","0","0.0","PERSON"
"3.80194595","0.0","0.2630232","0.0","1","8","false","張芝卿","440.0","1","0","0","0.68867267","false","0","張芝卿","0","0.0","PERSON"
"3.80194595","0.0","0.2630232","0.0","1","8","false","胥江宏農","440.0","1","0","0","0.68867267","false","0","胥江宏農","0","0.0","PERSON"
"3.49578378","0.0","0.28605888","0.0","1","7","false","李霉嚴","1003.0","1","0","0","0.72269069","false","0","李霉嚴","0","0.0","PERSON"
"3.80194595","0.0","0.2630232","0.0","1","8","false","湘寗","440.0","1","0","0","0.68867267","false","0","湘寗","0","0.0","PERSON"
"3.49578378","0.0","0.28605888","0.0","1","7","false","韓撋生","1003.0","1","0","0","0.72269069","false","0","韓撋生","0","0.0","PERSON"
"3.80194595","0.0","0.2630232","0.0","1","8","false","余葆康","440.0","1","0","0","0.68867267","false","0","余葆康","0","0.0","PERSON"
"3.49578378","0.0","0.28605888","0.0","1","7","false","翁韓山","1003.0","1","0","0","0.72269069","false","0","翁韓山","0","0.0","PERSON"
"3.62162162","8.528E-5","0.2761194","0.0","5","7","false","楊廷","216.0","5","0","1","0.70870871","false","0","楊廷","1035964","0.38599641","PERSON"
"3.80194595","0.0","0.2630232","0.0","1","8","false","汪鼎元","440.0","1","0","0","0.68867267","false","0","汪鼎元","0","0.0","PERSON"
"3.49578378","0.0","0.28605888","0.0","1","7","false","珊記","1003.0","1","0","0","0.72269069","false","0","珊記","0","0.0","PERSON"
"3.80194595","0.0","0.2630232","0.0","1","8","false","靜田仁翁","440.0","1","0","0","0.68867267","false","0","靜田仁翁","0","0.0","PERSON"
"3.13945946","0.00230525","0.31852617","0.0","27","7","false","施則","103.25","27","0","3","0.76228228","false","0","施則","7922086","0.06463338","PERSON"
"3.4892973","7.51E-6","0.28659066","0.0","3","7","false","翁思補","570.0","3","0","1","0.72341141","false","0","翁思補","81568","0.56114398","PERSON"
"3.19048649","2.6635E-4","0.31343182","0.0","24","7","false","熾順","76.54166667","24","0","0","0.75661261","false","0","熾順","2164844","0.12674776","ORG"
"3.80151351","3.92E-6","0.26305312","0.0","2","8","false","屠錦榮","224.0","2","0","0","0.68872072","false","0","屠錦榮","6160","0.50797267","PERSON"
"3.49578378","0.0","0.28605888","0.0","1","7","false","翁隆昇","1003.0","1","0","0","0.72269069","false","0","翁隆昇","0","0.0","PERSON"
"3.80151351","3.92E-6","0.26305312","0.0","2","8","false","沈世康","224.0","2","0","0","0.68872072","false","0","沈世康","6160","0.50797267","PERSON"
"3.49578378","0.0","0.28605888","0.0","2","7","false","翁章佩華","1003.0","2","0","1","0.72269069","false","0","翁章佩華","0","0.0","PERSON"
"3.49578378","0.0","0.28605888","0.0","1","7","false","翁通濟","1003.0","1","0","0","0.72269069","false","0","翁通濟","0","0.0","PERSON"
"3.49578378","0.0","0.28605888","0.0","1","7","false","嚴　厚　心","1003.0","1","0","0","0.72269069","false","0","嚴　厚　心","0","0.0","PERSON"
"3.80194595","0.0","0.2630232","0.0","1","8","false","陳潤翁","440.0","1","0","0","0.68867267","false","0","陳潤翁","0","0.0","PERSON"
"3.80194595","0.0","0.2630232","0.0","1","8","false","伏希德","440.0","1","0","0","0.68867267","false","0","伏希德","0","0.0","PERSON"
"3.49578378","0.0","0.28605888","0.0","1","7","false","李雲巖","1003.0","1","0","0","0.72269069","false","0","李雲巖","0","0.0","PERSON"
"3.49578378","0.0","0.28605888","0.0","1","7","false","翁冀孚","1003.0","1","0","0","0.72269069","false","0","翁冀孚","0","0.0","PERSON"
"3.49578378","0.0","0.28605888","0.0","1","7","false","徐　雲","1003.0","1","0","0","0.72269069","false","0","徐　雲","0","0.0","PERSON"
"3.49578378","0.0","0.28605888","0.0","1","7","false","祝順昌","1003.0","1","0","0","0.72269069","false","0","祝順昌","0","0.0","PERSON"
"3.80194595","0.0","0.2630232","0.0","1","8","false","袁仁山","440.0","1","0","0","0.68867267","false","0","袁仁山","0","0.0","PERSON"
"3.49578378","0.0","0.28605888","0.0","1","7","false","徐俊翁","1003.0","1","0","0","0.72269069","false","0","徐俊翁","0","0.0","PERSON"
"3.80194595","0.0","0.2630232","0.0","1","8","false","郎子珍","440.0","1","0","0","0.68867267","false","0","郎子珍","0","0.0","PERSON"
"3.2","1.4818E-4","0.3125","0.0","20","7","false","燕慶園","71.9","20","0","0","0.75555556","false","0","燕慶園","1163582","0.11996616","ORG"
"3.80151351","2.95E-6","0.26305312","0.0","2","8","false","海濵","227.0","2","0","0","0.68872072","false","0","海濵","6148","0.51480638","PERSON"
"3.80151351","2.95E-6","0.26305312","0.0","2","8","false","惠澤","227.0","2","0","0","0.68872072","false","0","惠澤","6148","0.51480638","PERSON"
"3.80151351","2.95E-6","0.26305312","0.0","2","8","false","覃敷培","227.0","2","0","0","0.68872072","false","0","覃敷培","6148","0.51480638","PERSON"
"3.4572973","5.524E-5","0.28924328","0.0","3","7","false","翁錦章","392.66666667","3","0","0","0.72696697","false","0","翁錦章","429656","0.36400248","PERSON"
"3.80151351","2.95E-6","0.26305312","0.0","2","8","false","畢臻","227.0","2","0","0","0.68872072","false","0","畢臻","6148","0.51480638","PERSON"
"3.49578378","0.0","0.28605888","0.0","1","7","false","異心釗","1003.0","1","0","0","0.72269069","false","0","異心釗","0","0.0","PERSON"
"3.80194595","0.0","0.2630232","0.0","1","8","false","楊廷㫤","440.0","1","0","0","0.68867267","false","0","楊廷㫤","0","0.0","PERSON"
"3.80151351","4.19E-6","0.26305312","0.0","2","8","false","朱仲齡","224.0","2","0","0","0.68872072","false","0","朱仲齡","6160","0.50797267","PERSON"
"3.80151351","4.19E-6","0.26305312","0.0","2","8","false","余芝卿","224.0","2","0","0","0.68872072","false","0","余芝卿","6160","0.50797267","PERSON"
"3.80194595","0.0","0.2630232","0.0","1","8","false","孔近","440.0","1","0","0","0.68867267","false","0","孔近","0","0.0","PERSON"
"3.20821622","3.9594E-4","0.31169969","0.0","17","7","false","燕詒堂","84.82352941","17","0","0","0.75464264","false","0","燕詒堂","1092220","0.14578005","ORG"
"3.74572973","3.385E-5","0.26697068","0.0","3","8","false","陳節宣","189.66666667","3","0","0","0.69491892","false","0","陳節宣","229956","0.35530446","PERSON"
"3.74572973","3.385E-5","0.26697068","0.0","3","8","false","張宏","189.66666667","3","0","0","0.69491892","false","0","張宏","229956","0.35530446","PERSON"
"3.74572973","3.385E-5","0.26697068","0.0","3","8","false","劉貞標","189.66666667","3","0","0","0.69491892","false","0","劉貞標","229956","0.35530446","PERSON"
"3.74572973","3.385E-5","0.26697068","0.0","3","8","false","劉頤庭","189.66666667","3","0","0","0.69491892","false","0","劉頤庭","229956","0.35530446","PERSON"
"3.74572973","3.385E-5","0.26697068","0.0","3","8","false","劉貞林","189.66666667","3","0","0","0.69491892","false","0","劉貞林","229956","0.35530446","PERSON"
"3.74572973","3.385E-5","0.26697068","0.0","3","8","false","孫志瑞","189.66666667","3","0","0","0.69491892","false","0","孫志瑞","229956","0.35530446","PERSON"
"3.48843243","2.174E-5","0.28666171","0.0","5","7","false","陳生記","291.0","5","0","1","0.72350751","false","0","陳生記","102782","0.28599606","PERSON"
"3.74572973","3.385E-5","0.26697068","0.0","3","8","false","陳長興","189.66666667","3","0","0","0.69491892","false","0","陳長興","229956","0.35530446","PERSON"
"3.4892973","7.51E-6","0.28659066","0.0","2","7","false","韓山　翁","570.0","2","0","0","0.72341141","false","0","韓山　翁","81568","0.56114398","PERSON"
"3.80151351","3.18E-6","0.26305312","0.0","2","8","false","徐鍾黻","225.5","2","0","0","0.68872072","false","0","徐鍾黻","6154","0.51138952","PERSON"
"3.4892973","7.51E-6","0.28659066","0.0","2","7","false","戴季莼","570.0","2","0","0","0.72341141","false","0","戴季莼","81568","0.56114398","PERSON"
"3.80151351","3.18E-6","0.26305312","0.0","2","8","false","譚楊","225.5","2","0","0","0.68872072","false","0","譚楊","6154","0.51138952","PERSON"
"3.65751351","7.875E-5","0.27340979","0.0","18","7","false","燮昌","44.38888889","18","0","0","0.70472072","false","0","燮昌","2272480","0.23202614","ORG"
"3.80151351","3.18E-6","0.26305312","0.0","2","8","false","徐成良","225.5","2","0","0","0.68872072","false","0","徐成良","6154","0.51138952","PERSON"
"3.4892973","7.51E-6","0.28659066","0.0","2","7","false","孚綸華","570.0","2","0","0","0.72341141","false","0","孚綸華","81568","0.56114398","PERSON"
"3.25491892","8.7699E-4","0.30722731","0.0","4","7","false","康强","484.66666667","4","0","1","0.74945345","false","0","康强","2316508","0.34133145","PERSON"
"3.80108108","5.79E-6","0.26308305","0.0","4","8","false","盧客樵","154.66666667","4","0","1","0.68876877","false","0","盧客樵","10986","0.35003797","PERSON"
"3.4892973","7.51E-6","0.28659066","0.0","2","7","false","翁可熾","570.0","2","0","0","0.72341141","false","0","翁可熾","81568","0.56114398","PERSON"
"3.80108108","5.79E-6","0.26308305","0.0","3","8","false","潘常潯","154.66666667","3","0","0","0.68876877","false","0","潘常潯","10986","0.35003797","PERSON"
"3.4892973","7.51E-6","0.28659066","0.0","2","7","false","可熾","570.0","2","0","0","0.72341141","false","0","可熾","81568","0.56114398","PERSON"
"3.80108108","5.79E-6","0.26308305","0.0","3","8","false","林鏡清","154.66666667","3","0","0","0.68876877","false","0","林鏡清","10986","0.35003797","PERSON"
"3.4892973","7.51E-6","0.28659066","0.0","2","7","false","李珊龎","570.0","2","0","0","0.72341141","false","0","李珊龎","81568","0.56114398","PERSON"
"3.80108108","5.79E-6","0.26308305","0.0","3","8","false","企光儀","154.66666667","3","0","0","0.68876877","false","0","企光儀","10986","0.35003797","PERSON"
"3.4892973","7.51E-6","0.28659066","0.0","2","7","false","周商","570.0","2","0","0","0.72341141","false","0","周商","81568","0.56114398","PERSON"
"3.62335135","8.559E-5","0.27598759","0.0","5","7","false","朱安山","212.33333333","5","0","1","0.70851652","false","0","朱安山","1020080","0.38215793","PERSON"
"3.48843243","2.598E-5","0.28666171","0.0","3","7","false","朱大善","346.33333333","3","0","0","0.72350751","false","0","朱大善","67668","0.3395608","PERSON"
"3.80194595","0.0","0.2630232","0.0","1","8","false","林順之","440.0","1","0","0","0.68867267","false","0","林順之","0","0.0","PERSON"
"3.81664865","3.9576E-4","0.26200997","0.0","12","7","false","燮昌公司","18.66666667","12","0","0","0.68703904","false","0","燮昌公司","10154180","0.14971751","ORG"
"3.80194595","0.0","0.2630232","0.0","1","8","false","林大興","440.0","1","0","0","0.68867267","false","0","林大興","0","0.0","PERSON"
"3.49578378","0.0","0.28605888","0.0","1","7","false","李淸如","1003.0","1","0","0","0.72269069","false","0","李淸如","0","0.0","PERSON"
"3.80194595","0.0","0.2630232","0.0","2","8","false","伏希公","440.0","2","0","1","0.68867267","false","0","伏希公","0","0.0","PERSON"
"3.49578378","0.0","0.28605888","0.0","1","7","false","葉　釗　　志","1003.0","1","0","0","0.72269069","false","0","葉　釗　　志","0","0.0","PERSON"
"3.79545946","2.5758E-4","0.26347271","0.0","3","8","false","宋仁卿","155.66666667","3","0","0","0.68939339","false","0","宋仁卿","1460832","0.34218289","PERSON"
"3.49578378","0.0","0.28605888","0.0","1","7","false","韓君山","1003.0","1","0","0","0.72269069","false","0","韓君山","0","0.0","PERSON"
"3.80151351","3.6E-6","0.26305312","0.0","2","8","false","王益彰","224.5","2","0","0","0.68872072","false","0","王益彰","6018","0.50911162","PERSON"
"3.80151351","3.6E-6","0.26305312","0.0","2","8","false","朱門華","224.5","2","0","0","0.68872072","false","0","朱門華","6018","0.50911162","PERSON"
"3.25535135","8.5144E-4","0.3071865","0.0","2","7","false","平原氏","721.5","2","0","0","0.74940541","false","0","平原氏","2282234","0.5084686","PERSON"
"3.17275676","4.1122E-4","0.31518332","0.0","25","7","false","燮昌廠","89.04","25","0","0","0.75858258","false","0","燮昌廠","6199942","0.14409165","ORG"
"3.49578378","0.0","0.28605888","0.0","1","7","false","蘭芳","1003.0","1","0","0","0.72269069","false","0","蘭芳","0","0.0","PERSON"
"3.80194595","0.0","0.2630232","0.0","1","8","false","平陽","440.0","1","0","0","0.68867267","false","0","平陽","0","0.0","PERSON"
"3.49578378","0.0","0.28605888","0.0","1","7","false","雍容","1003.0","1","0","0","0.72269069","false","0","雍容","0","0.0","PERSON"
"3.80194595","0.0","0.2630232","0.0","1","8","false","陸傅睦","440.0","1","0","0","0.68867267","false","0","陸傅睦","0","0.0","PERSON"
"3.49578378","0.0","0.28605888","0.0","1","7","false","戴德","1003.0","1","0","0","0.72269069","false","0","戴德","0","0.0","PERSON"
"3.80151351","3.39E-6","0.26305312","0.0","2","8","false","沈李緣","225.5","2","0","0","0.68872072","false","0","沈李緣","6096","0.51138952","PERSON"
"3.78810811","0.00441255","0.26398402","0.0","3","8","false","莫釐","160.66666667","3","0","0","0.69021021","false","0","莫釐","7041416","0.34044065","PERSON"
"3.49578378","0.0","0.28605888","0.0","1","7","false","王竹","1003.0","1","0","0","0.72269069","false","0","王竹","0","0.0","PERSON"
"4.06227027","9.2E-7","0.24616777","0.0","3","8","false","何瑞","78.66666667","3","0","0","0.65974775","false","0","何瑞","5442","0.45419103","PERSON"
"3.80151351","3.39E-6","0.26305312","0.0","2","8","false","曹彩生","225.5","2","0","0","0.68872072","false","0","曹彩生","6096","0.51138952","PERSON"
"3.49578378","0.0","0.28605888","0.0","1","7","false","唐韶笙","1003.0","1","0","0","0.72269069","false","0","唐韶笙","0","0.0","PERSON"
"3.80151351","3.39E-6","0.26305312","0.0","2","8","false","盧和生","225.5","2","0","0","0.68872072","false","0","盧和生","6096","0.51138952","PERSON"
"3.49578378","0.0","0.28605888","0.0","1","7","false","姚病駒","1003.0","1","0","0","0.72269069","false","0","姚病駒","0","0.0","PERSON"
"3.49578378","0.0","0.28605888","0.0","1","7","false","張立　翁","1003.0","1","0","0","0.72269069","false","0","張立　翁","0","0.0","PERSON"
"4.06227027","9.2E-7","0.24616777","0.0","3","8","false","翁存","78.66666667","3","0","0","0.65974775","false","0","翁存","5442","0.45419103","PERSON"
"3.25535135","8.5144E-4","0.3071865","0.0","2","7","false","陳順興","721.5","2","0","0","0.74940541","false","0","陳順興","2282234","0.5084686","PERSON"
"3.49578378","0.0","0.28605888","0.0","1","7","false","南山氏","1003.0","1","0","0","0.72269069","false","0","南山氏","0","0.0","PERSON"
"3.80194595","0.0","0.2630232","0.0","1","8","false","陳錦華","440.0","1","0","0","0.68867267","false","0","陳錦華","0","0.0","PERSON"
"3.49535135","6.66E-6","0.28609427","0.0","2","7","false","沈景春","507.5","2","0","0","0.72273874","false","0","沈景春","7664","0.50548902","PERSON"
"3.80194595","0.0","0.2630232","0.0","1","8","false","周詳","440.0","1","0","0","0.68867267","false","0","周詳","0","0.0","PERSON"
"3.49578378","0.0","0.28605888","0.0","1","7","false","袁聨清","1003.0","1","0","0","0.72269069","false","0","袁聨清","0","0.0","PERSON"
"3.80194595","0.0","0.2630232","0.0","1","8","false","沈洽昌","440.0","1","0","0","0.68867267","false","0","沈洽昌","0","0.0","PERSON"
"3.49578378","0.0","0.28605888","0.0","1","7","false","丁甘翁","1003.0","1","0","0","0.72269069","false","0","丁甘翁","0","0.0","PERSON"
"3.80194595","0.0","0.2630232","0.0","1","8","false","黄忠憲","440.0","1","0","0","0.68867267","false","0","黄忠憲","0","0.0","PERSON"
"3.49578378","0.0","0.28605888","0.0","1","7","false","劉鳳孝翁","1003.0","1","0","0","0.72269069","false","0","劉鳳孝翁","0","0.0","PERSON"
"3.75913514","1.0045E-4","0.26601864","0.0","16","8","false","楊廷臬","44.30769231","16","0","1","0.69342943","false","0","楊廷臬","344258","0.09353713","PERSON"
"3.21297297","5.0963E-4","0.31123822","0.0","13","7","false","燿昌堂","90.30769231","13","0","0","0.75411411","false","0","燿昌堂","751162","0.15668016","ORG"
"3.62378378","7.719E-5","0.27595465","0.0","2","7","false","晉庚","314.0","2","0","0","0.70846847","false","0","晉庚","997094","0.56600362","PERSON"
"3.49535135","6.66E-6","0.28609427","0.0","2","7","false","姚善士","507.5","2","0","0","0.72273874","false","0","姚善士","7664","0.50548902","PERSON"
"3.80108108","7.3E-6","0.26308305","0.0","3","8","false","何保豐","153.33333333","3","0","0","0.68876877","false","0","何保豐","12302","0.34700076","PERSON"
"3.49535135","6.66E-6","0.28609427","0.0","2","7","false","楊回省","507.5","2","0","0","0.72273874","false","0","楊回省","7664","0.50548902","PERSON"
"3.80108108","7.3E-6","0.26308305","0.0","3","8","false","太原子","153.33333333","3","0","0","0.68876877","false","0","太原子","12302","0.34700076","PERSON"
"3.49535135","6.66E-6","0.28609427","0.0","2","7","false","王泳祺","507.5","2","0","0","0.72273874","false","0","王泳祺","7664","0.50548902","PERSON"
"3.80108108","7.3E-6","0.26308305","0.0","3","8","false","陳用彰","153.33333333","3","0","0","0.68876877","false","0","陳用彰","12302","0.34700076","PERSON"
"3.49535135","6.66E-6","0.28609427","0.0","2","7","false","花林治","507.5","2","0","0","0.72273874","false","0","花林治","7664","0.50548902","PERSON"
"3.80108108","7.3E-6","0.26308305","0.0","3","8","false","嚴信原","153.33333333","3","0","0","0.68876877","false","0","嚴信原","12302","0.34700076","PERSON"
"3.49578378","0.0","0.28605888","0.0","1","7","false","楊君慶","1003.0","1","0","0","0.72269069","false","0","楊君慶","0","0.0","PERSON"
"4.70183784","5.8E-6","0.21268279","0.0","24","7","false","牙釐局","8.125","24","0","0","0.58868468","false","0","牙釐局","17020","0.7125","ORG"
"3.49491892","1.819E-5","0.28612967","0.0","3","7","false","梁天","339.0","3","0","0","0.72278679","false","0","梁天","15590","0.33732535","PERSON"
"3.77643243","1.846E-5","0.26480018","0.0","3","8","false","唐安瀾","160.0","3","0","0","0.69150751","false","0","唐安瀾","88016","0.35099338","PERSON"
"3.49491892","1.819E-5","0.28612967","0.0","3","7","false","黎氏","339.0","3","0","0","0.72278679","false","0","黎氏","15590","0.33732535","PERSON"
"3.49578378","0.0","0.28605888","0.0","1","7","false","朱君鳳山","1003.0","1","0","0","0.72269069","false","0","朱君鳳山","0","0.0","PERSON"
"3.62335135","8.369E-5","0.27598759","0.0","3","7","false","沈君餘三","212.0","3","0","0","0.70851652","false","0","沈君餘三","1011074","0.38155515","PERSON"
"3.62335135","8.369E-5","0.27598759","0.0","3","7","false","王豐芹","212.0","3","0","0","0.70851652","false","0","王豐芹","1011074","0.38155515","PERSON"
"3.49578378","0.0","0.28605888","0.0","4","7","false","陳君偉","1003.0","4","0","1","0.72269069","false","0","陳君偉","0","0.0","PERSON"
"3.80194595","0.0","0.2630232","0.0","1","8","false","方伯寅","440.0","1","0","0","0.68867267","false","0","方伯寅","0","0.0","PERSON"
"3.49578378","0.0","0.28605888","0.0","1","7","false","慈谿","1003.0","1","0","0","0.72269069","false","0","慈谿","0","0.0","PERSON"
"3.80194595","0.0","0.2630232","0.0","1","8","false","戴星若","440.0","1","0","0","0.68867267","false","0","戴星若","0","0.0","PERSON"
"3.49578378","0.0","0.28605888","0.0","1","7","false","邵良　翁","1003.0","1","0","0","0.72269069","false","0","邵良　翁","0","0.0","PERSON"
"3.80194595","0.0","0.2630232","0.0","1","8","false","陶然軒","440.0","1","0","0","0.68867267","false","0","陶然軒","0","0.0","PERSON"
"3.49578378","0.0","0.28605888","0.0","1","7","false","葉　釗","1003.0","1","0","0","0.72269069","false","0","葉　釗","0","0.0","PERSON"
"3.80194595","0.0","0.2630232","0.0","1","8","false","鄭爲","440.0","1","0","0","0.68867267","false","0","鄭爲","0","0.0","PERSON"
"3.80194595","0.0","0.2630232","0.0","1","8","false","蘇君寳森","440.0","1","0","0","0.68867267","false","0","蘇君寳森","0","0.0","PERSON"
"3.80194595","0.0","0.2630232","0.0","1","8","false","蘇君及","440.0","1","0","0","0.68867267","false","0","蘇君及","0","0.0","PERSON"
"3.17362162","2.9751E-4","0.31509742","0.0","11","7","false","王槐蔭堂","131.90909091","11","0","0","0.75848649","false","0","王槐蔭堂","4641878","0.21927821","ORG"
"3.79978378","3.75E-6","0.26317287","0.0","2","8","false","狄億隆","230.0","2","0","0","0.68891291","false","0","狄億隆","10988","0.51693002","PERSON"
"3.56064865","7.8522E-4","0.2808477","0.0","5","6","false","謝子楠","154.8","5","0","0","0.71548348","true","0","謝子楠","4190882","0.23625192","PERSON"
"3.80194595","0.0","0.2630232","0.0","1","8","false","唐仲賢","440.0","1","0","0","0.68867267","false","0","唐仲賢","0","0.0","PERSON"
"3.80194595","0.0","0.2630232","0.0","1","8","false","徐隱名","440.0","1","0","0","0.68867267","false","0","徐隱名","0","0.0","PERSON"
"3.80194595","0.0","0.2630232","0.0","1","8","false","陳宏福","440.0","1","0","0","0.68867267","false","0","陳宏福","0","0.0","PERSON"
"3.43524324","7.779E-5","0.2911002","0.0","2","7","false","胡紹憲","554.0","2","0","0","0.72941742","false","0","胡紹憲","414924","0.5144186","PERSON"
"3.18183784","4.9857E-4","0.31428377","0.0","23","7","false","王硯堂","74.26086957","23","0","0","0.75757357","false","0","王硯堂","6705422","0.12250982","ORG"
"3.80194595","0.0","0.2630232","0.0","1","8","false","黄晉源","440.0","1","0","0","0.68867267","false","0","黄晉源","0","0.0","PERSON"
"3.49578378","0.0","0.28605888","0.0","1","7","false","張慶祺","1003.0","1","0","0","0.72269069","false","0","張慶祺","0","0.0","PERSON"
"3.80194595","0.0","0.2630232","0.0","1","8","false","沈官彬","440.0","1","0","0","0.68867267","false","0","沈官彬","0","0.0","PERSON"
"3.49578378","0.0","0.28605888","0.0","1","7","false","翰芬","1003.0","1","0","0","0.72269069","false","0","翰芬","0","0.0","PERSON"
"3.49578378","0.0","0.28605888","0.0","1","7","false","孫辰生","1003.0","1","0","0","0.72269069","false","0","孫辰生","0","0.0","PERSON"
"3.79113514","1.851E-5","0.26377324","0.0","2","8","false","曾煦齋","226.0","2","0","0","0.68987387","false","0","曾煦齋","85054","0.50790068","PERSON"
"3.49578378","0.0","0.28605888","0.0","1","7","false","王晉蘭","1003.0","1","0","0","0.72269069","false","0","王晉蘭","0","0.0","PERSON"
"3.62378378","7.719E-5","0.27595465","0.0","2","7","false","楊君子飛","314.0","2","0","0","0.70846847","false","0","楊君子飛","997094","0.56600362","PERSON"
"3.49578378","0.0","0.28605888","0.0","1","7","false","徐信","1003.0","1","0","0","0.72269069","false","0","徐信","0","0.0","PERSON"
"3.62378378","7.719E-5","0.27595465","0.0","2","7","false","樂助振","314.0","2","0","0","0.70846847","false","0","樂助振","997094","0.56600362","PERSON"
"3.62378378","7.719E-5","0.27595465","0.0","2","7","false","陸馥蓀","314.0","2","0","0","0.70846847","false","0","陸馥蓀","997094","0.56600362","PERSON"
"3.62378378","7.719E-5","0.27595465","0.0","2","7","false","陸壽生","314.0","2","0","0","0.70846847","false","0","陸壽生","997094","0.56600362","PERSON"
"3.62378378","7.719E-5","0.27595465","0.0","2","7","false","昭仁","314.0","2","0","0","0.70846847","false","0","昭仁","997094","0.56600362","PERSON"
"3.80108108","7.29E-6","0.26308305","0.0","3","8","false","康順洋","152.66666667","3","0","0","0.68876877","false","0","康順洋","12318","0.34548216","PERSON"
"3.80108108","7.29E-6","0.26308305","0.0","3","8","false","張峙記","152.66666667","3","0","0","0.68876877","false","0","張峙記","12318","0.34548216","PERSON"
"3.43524324","7.779E-5","0.2911002","0.0","2","7","false","劉聞","554.0","2","0","0","0.72941742","false","0","劉聞","414924","0.5144186","PERSON"
"3.19091892","2.0024E-4","0.31338935","0.0","20","7","false","王陽生　德公司","80.3","20","0","0","0.75656456","false","0","王陽生　德公司","1940274","0.13238731","ORG"
"3.43481081","8.482E-5","0.29113685","0.0","4","7","false","徐少范","374.66666667","4","0","1","0.72946547","false","0","徐少范","427764","0.3475969","PERSON"
"3.80194595","0.0","0.2630232","0.0","1","8","false","劉子頣","440.0","1","0","0","0.68867267","false","0","劉子頣","0","0.0","PERSON"
"3.43524324","7.779E-5","0.2911002","0.0","2","7","false","趙杰","554.0","2","0","0","0.72941742","false","0","趙杰","414924","0.5144186","PERSON"
"3.80194595","0.0","0.2630232","0.0","1","8","false","韓葉氏","440.0","1","0","0","0.68867267","false","0","韓葉氏","0","0.0","PERSON"
"3.43524324","7.779E-5","0.2911002","0.0","2","7","false","張綬","554.0","2","0","0","0.72941742","false","0","張綬","414924","0.5144186","PERSON"
"3.62378378","7.719E-5","0.27595465","0.0","2","7","false","許公若","314.0","2","0","0","0.70846847","false","0","許公若","997094","0.56600362","PERSON"
"3.43524324","7.779E-5","0.2911002","0.0","2","7","false","謝順","554.0","2","0","0","0.72941742","false","0","謝順","414924","0.5144186","PERSON"
"3.80194595","0.0","0.2630232","0.0","1","8","false","福田廣","440.0","1","0","0","0.68867267","false","0","福田廣","0","0.0","PERSON"
"3.43524324","7.779E-5","0.2911002","0.0","2","7","false","李紹嚴","554.0","2","0","0","0.72941742","false","0","李紹嚴","414924","0.5144186","PERSON"
"3.43524324","7.779E-5","0.2911002","0.0","2","7","false","桂華濟","554.0","2","0","0","0.72941742","false","0","桂華濟","414924","0.5144186","PERSON"
"3.80194595","0.0","0.2630232","0.0","1","8","false","鄭君歡","440.0","1","0","0","0.68867267","false","0","鄭君歡","0","0.0","PERSON"
"3.43524324","7.779E-5","0.2911002","0.0","2","7","false","王基","554.0","2","0","0","0.72941742","false","0","王基","414924","0.5144186","PERSON"
"3.80194595","0.0","0.2630232","0.0","1","8","false","程福翁","440.0","1","0","0","0.68867267","false","0","程福翁","0","0.0","PERSON"
"3.43524324","7.779E-5","0.2911002","0.0","2","7","false","許植","554.0","2","0","0","0.72941742","false","0","許植","414924","0.5144186","PERSON"
"3.80194595","0.0","0.2630232","0.0","1","8","false","張少安","440.0","1","0","0","0.68867267","false","0","張少安","0","0.0","PERSON"
"3.43524324","7.779E-5","0.2911002","0.0","2","7","false","孫植","554.0","2","0","0","0.72941742","false","0","孫植","414924","0.5144186","PERSON"
"3.80194595","0.0","0.2630232","0.0","1","8","false","劉石泉","440.0","1","0","0","0.68867267","false","0","劉石泉","0","0.0","PERSON"
"3.43524324","7.779E-5","0.2911002","0.0","2","7","false","鄒緯","554.0","2","0","0","0.72941742","false","0","鄒緯","414924","0.5144186","PERSON"
"3.21427027","6.0786E-4","0.31111261","0.0","10","7","false","理財部","63.5","10","0","0","0.75396997","false","0","理財部","2566508","0.10964912","ORG"
"3.80194595","0.0","0.2630232","0.0","1","8","false","甘士霖","440.0","1","0","0","0.68867267","false","0","甘士霖","0","0.0","PERSON"
"3.43524324","7.779E-5","0.2911002","0.0","2","7","false","姜鐵","554.0","2","0","0","0.72941742","false","0","姜鐵","414924","0.5144186","PERSON"
"3.80194595","0.0","0.2630232","0.0","1","8","false","沈寶賢","440.0","1","0","0","0.68867267","false","0","沈寶賢","0","0.0","PERSON"
"3.43524324","7.779E-5","0.2911002","0.0","2","7","false","楊煒","554.0","2","0","0","0.72941742","false","0","楊煒","414924","0.5144186","PERSON"
"3.80108108","6.95E-6","0.26308305","0.0","3","8","false","陳淇","153.33333333","3","0","0","0.68876877","false","0","陳淇","12314","0.34700076","PERSON"
"3.43524324","7.779E-5","0.2911002","0.0","2","7","false","朱順","554.0","2","0","0","0.72941742","false","0","朱順","414924","0.5144186","PERSON"
"3.80108108","6.95E-6","0.26308305","0.0","3","8","false","韋榖孫","153.33333333","3","0","0","0.68876877","false","0","韋榖孫","12314","0.34700076","PERSON"
"3.49578378","0.0","0.28605888","0.0","1","7","false","張君仲華","1003.0","1","0","0","0.72269069","false","0","張君仲華","0","0.0","PERSON"
"3.80108108","6.95E-6","0.26308305","0.0","3","8","false","沈氏覺","153.33333333","3","0","0","0.68876877","false","0","沈氏覺","12314","0.34700076","PERSON"
"3.49578378","0.0","0.28605888","0.0","1","7","false","李君意城","1003.0","1","0","0","0.72269069","false","0","李君意城","0","0.0","PERSON"
"3.80108108","6.95E-6","0.26308305","0.0","3","8","false","周菊生","153.33333333","3","0","0","0.68876877","false","0","周菊生","12314","0.34700076","PERSON"
"3.49578378","0.0","0.28605888","0.0","1","7","false","洪君信甫","1003.0","1","0","0","0.72269069","false","0","洪君信甫","0","0.0","PERSON"
"3.20778378","8.0651E-4","0.31174171","0.0","25","7","false","瑞和洋行","44.84","25","0","0","0.75469069","false","0","瑞和洋行","8206558","0.07691228","ORG"
"3.80194595","0.0","0.2630232","0.0","1","8","false","周花","440.0","1","0","0","0.68867267","false","0","周花","0","0.0","PERSON"
"3.49578378","0.0","0.28605888","0.0","2","7","false","趙君書","1003.0","2","0","1","0.72269069","false","0","趙君書","0","0.0","PERSON"
"3.80194595","0.0","0.2630232","0.0","1","8","false","童祥權","440.0","1","0","0","0.68867267","false","0","童祥權","0","0.0","PERSON"
"3.49578378","0.0","0.28605888","0.0","1","7","false","衛君伯書","1003.0","1","0","0","0.72269069","false","0","衛君伯書","0","0.0","PERSON"
"3.80194595","0.0","0.2630232","0.0","1","8","false","費育麟","440.0","1","0","0","0.68867267","false","0","費育麟","0","0.0","PERSON"
"3.80194595","0.0","0.2630232","0.0","1","8","false","吳鰲峯","440.0","1","0","0","0.68867267","false","0","吳鰲峯","0","0.0","PERSON"
"3.80194595","0.0","0.2630232","0.0","1","8","false","林紫恒","440.0","1","0","0","0.68867267","false","0","林紫恒","0","0.0","PERSON"
"3.80194595","0.0","0.2630232","0.0","1","8","false","華封","440.0","1","0","0","0.68867267","false","0","華封","0","0.0","PERSON"
"3.49578378","0.0","0.28605888","0.0","1","7","false","朱阿林","1003.0","1","0","0","0.72269069","false","0","朱阿林","0","0.0","PERSON"
"3.80194595","0.0","0.2630232","0.0","1","8","false","仁施","440.0","1","0","0","0.68867267","false","0","仁施","0","0.0","PERSON"
"3.49578378","0.0","0.28605888","0.0","1","7","false","朱祥榮","1003.0","1","0","0","0.72269069","false","0","朱祥榮","0","0.0","PERSON"
"3.49578378","0.0","0.28605888","0.0","1","7","false","朱紀芳","1003.0","1","0","0","0.72269069","false","0","朱紀芳","0","0.0","PERSON"
"3.80064865","9.81E-6","0.26311298","0.0","4","8","false","李銘吉","119.0","4","0","0","0.68881682","false","0","李銘吉","18462","0.26879271","PERSON"
"3.49578378","0.0","0.28605888","0.0","1","7","false","方單","1003.0","1","0","0","0.72269069","false","0","方單","0","0.0","PERSON"
"3.62248649","9.967E-5","0.27605348","0.0","5","7","false","王松丞","132.8","5","0","0","0.70861261","false","0","王松丞","1079894","0.23833635","PERSON"
"3.49578378","0.0","0.28605888","0.0","1","7","false","徐俊卿","1003.0","1","0","0","0.72269069","false","0","徐俊卿","0","0.0","PERSON"
"3.80064865","9.81E-6","0.26311298","0.0","4","8","false","吳松韻","119.0","4","0","0","0.68881682","false","0","吳松韻","18462","0.26879271","PERSON"
"3.49578378","0.0","0.28605888","0.0","1","7","false","田單","1003.0","1","0","0","0.72269069","false","0","田單","0","0.0","PERSON"
"3.80064865","9.81E-6","0.26311298","0.0","4","8","false","曹子善","119.0","4","0","0","0.68881682","false","0","曹子善","18462","0.26879271","PERSON"
"3.49578378","0.0","0.28605888","0.0","1","7","false","朱蘭芳","1003.0","1","0","0","0.72269069","false","0","朱蘭芳","0","0.0","PERSON"
"3.80064865","9.81E-6","0.26311298","0.0","4","8","false","黄嬌","119.0","4","0","0","0.68881682","false","0","黄嬌","18462","0.26879271","PERSON"
"3.2147027","8.704E-5","0.31107076","0.0","5","7","false","瑞士締盟","121.0","5","0","0","0.75392192","false","0","瑞士締盟","230342","0.20905923","ORG"
"3.49578378","0.0","0.28605888","0.0","1","7","false","張林生","1003.0","1","0","0","0.72269069","false","0","張林生","0","0.0","PERSON"
"3.80064865","9.81E-6","0.26311298","0.0","4","8","false","關懐","119.0","4","0","0","0.68881682","false","0","關懐","18462","0.26879271","PERSON"
"3.49578378","0.0","0.28605888","0.0","1","7","false","蔣阿發","1003.0","1","0","0","0.72269069","false","0","蔣阿發","0","0.0","PERSON"
"3.75005405","3.899E-5","0.26666282","0.0","6","8","false","徐來復","116.2","6","0","1","0.69443844","false","0","徐來復","231082","0.22196532","PERSON"
"3.15978378","0.00368347","0.31647735","0.0","60","7","false","瑞大莊","35.0877193","60","0","3","0.76002402","false","0","瑞大莊","28825848","0.05569889","ORG"
"3.75524324","2.458E-5","0.26629433","0.0","3","8","false","滎陽蓮","184.66666667","3","0","0","0.69386186","false","0","滎陽蓮","196004","0.36083824","PERSON"
"3.75524324","2.458E-5","0.26629433","0.0","3","8","false","李柏葆","184.66666667","3","0","0","0.69386186","false","0","李柏葆","196004","0.36083824","PERSON"
"3.75524324","2.458E-5","0.26629433","0.0","3","8","false","王葆康","184.66666667","3","0","0","0.69386186","false","0","王葆康","196004","0.36083824","PERSON"
"3.744","0.00126718","0.26709402","0.0","8","8","false","馮國勳","84.25","8","0","0","0.69511111","true","0","馮國勳","18061034","0.15707547","PERSON"
"3.73621622","2.9831E-4","0.26765046","0.0","6","8","false","趙福疇","103.83333333","6","0","0","0.69597598","false","0","趙福疇","5671094","0.19550063","PERSON"
"3.75524324","2.458E-5","0.26629433","0.0","3","8","false","張韋承謹","184.66666667","3","0","0","0.69386186","false","0","張韋承謹","196004","0.36083824","PERSON"
"3.49318919","2.973E-5","0.28627135","0.0","7","7","false","沈申豪","157.0","7","0","0","0.72297898","false","0","沈申豪","46350","0.15568862","PERSON"
"3.62335135","8.159E-5","0.27598759","0.0","3","7","false","兪蘭蓀","214.0","3","0","0","0.70851652","false","0","兪蘭蓀","1011050","0.38517179","PERSON"
"3.49318919","2.973E-5","0.28627135","0.0","7","7","false","胡煥章","157.0","7","0","0","0.72297898","false","0","胡煥章","46350","0.15568862","PERSON"
"3.62335135","8.159E-5","0.27598759","0.0","3","7","false","陳徳明","214.0","3","0","0","0.70851652","false","0","陳徳明","1011050","0.38517179","PERSON"
"3.49318919","2.973E-5","0.28627135","0.0","7","7","false","劉有永","157.0","7","0","0","0.72297898","false","0","劉有永","46350","0.15568862","PERSON"
"3.49318919","2.973E-5","0.28627135","0.0","7","7","false","余笑","157.0","7","0","0","0.72297898","false","0","余笑","46350","0.15568862","PERSON"
"3.62335135","8.233E-5","0.27598759","0.0","3","7","false","源明","213.0","3","0","0","0.70851652","false","0","源明","1011012","0.38336347","PERSON"
"3.49318919","2.973E-5","0.28627135","0.0","7","7","false","李同泰","157.0","7","0","0","0.72297898","false","0","李同泰","46350","0.15568862","PERSON"
"3.62335135","8.233E-5","0.27598759","0.0","3","7","false","柴錦山","213.0","3","0","0","0.70851652","false","0","柴錦山","1011012","0.38336347","PERSON"
"3.49318919","2.973E-5","0.28627135","0.0","7","7","false","翁龍","157.0","7","0","0","0.72297898","false","0","翁龍","46350","0.15568862","PERSON"
"3.62335135","8.233E-5","0.27598759","0.0","3","7","false","龔露記","213.0","3","0","0","0.70851652","false","0","龔露記","1011012","0.38336347","PERSON"
"3.49318919","2.973E-5","0.28627135","0.0","7","7","false","潘恊","157.0","7","0","0","0.72297898","false","0","潘恊","46350","0.15568862","PERSON"
"3.80194595","0.0","0.2630232","0.0","1","8","false","蒙哈爾","440.0","1","0","0","0.68867267","false","0","蒙哈爾","0","0.0","PERSON"
"3.49318919","2.973E-5","0.28627135","0.0","7","7","false","胡不名","157.0","7","0","0","0.72297898","false","0","胡不名","46350","0.15568862","PERSON"
"3.80194595","0.0","0.2630232","0.0","1","8","false","謝隱名","440.0","1","0","0","0.68867267","false","0","謝隱名","0","0.0","PERSON"
"3.49318919","2.973E-5","0.28627135","0.0","7","7","false","胡小洋","157.0","7","0","0","0.72297898","false","0","胡小洋","46350","0.15568862","PERSON"
"3.80194595","0.0","0.2630232","0.0","1","8","false","無名子","440.0","1","0","0","0.68867267","false","0","無名子","0","0.0","PERSON"
"3.49318919","2.973E-5","0.28627135","0.0","7","7","false","張詔裕","157.0","7","0","0","0.72297898","false","0","張詔裕","46350","0.15568862","PERSON"
"3.80194595","0.0","0.2630232","0.0","1","8","false","陳記","440.0","1","0","0","0.68867267","false","0","陳記","0","0.0","PERSON"
"3.49318919","2.973E-5","0.28627135","0.0","7","7","false","張紹基","157.0","7","0","0","0.72297898","false","0","張紹基","46350","0.15568862","PERSON"
"3.80194595","0.0","0.2630232","0.0","1","8","false","金文甫","440.0","1","0","0","0.68867267","false","0","金文甫","0","0.0","PERSON"
"3.49578378","0.0","0.28605888","0.0","2","7","false","李君文瀾","1003.0","2","0","1","0.72269069","false","0","李君文瀾","0","0.0","PERSON"
"3.80194595","0.0","0.2630232","0.0","1","8","false","劉芳謹","440.0","1","0","0","0.68867267","false","0","劉芳謹","0","0.0","PERSON"
"3.49578378","0.0","0.28605888","0.0","1","7","false","周君一","1003.0","1","0","0","0.72269069","false","0","周君一","0","0.0","PERSON"
"3.80108108","5.32E-6","0.26308305","0.0","3","8","false","徐維馨","156.0","3","0","0","0.68876877","false","0","徐維馨","10994","0.35307517","PERSON"
"3.49578378","0.0","0.28605888","0.0","2","7","false","巢君崇山","1003.0","2","0","1","0.72269069","false","0","巢君崇山","0","0.0","PERSON"
"3.78118919","2.5593E-4","0.26446706","0.0","6","8","false","方心田","89.5","6","0","0","0.69097898","false","0","方心田","4425734","0.19365427","PERSON"
"3.49578378","0.0","0.28605888","0.0","5","7","false","丁君甘仁","1003.0","5","0","1","0.72269069","false","0","丁君甘仁","0","0.0","PERSON"
"3.80108108","5.32E-6","0.26308305","0.0","3","8","false","楊氏求","156.0","3","0","0","0.68876877","false","0","楊氏求","10994","0.35307517","PERSON"
"3.49578378","0.0","0.28605888","0.0","2","7","false","徐君宗揚","1003.0","2","0","1","0.72269069","false","0","徐君宗揚","0","0.0","PERSON"
"3.80108108","5.32E-6","0.26308305","0.0","3","8","false","任祥記","156.0","3","0","0","0.68876877","false","0","任祥記","10994","0.35307517","PERSON"
"3.49578378","0.0","0.28605888","0.0","1","7","false","子敬","1003.0","1","0","0","0.72269069","false","0","子敬","0","0.0","PERSON"
"3.80108108","5.32E-6","0.26308305","0.0","3","8","false","翁來恒","156.0","3","0","0","0.68876877","false","0","翁來恒","10994","0.35307517","PERSON"
"3.49535135","4.94E-6","0.28609427","0.0","2","7","false","杜廷材","509.5","2","0","0","0.72273874","false","0","杜廷材","7254","0.50748503","PERSON"
"3.80108108","5.32E-6","0.26308305","0.0","3","8","false","邱少巖","156.0","3","0","0","0.68876877","false","0","邱少巖","10994","0.35307517","PERSON"
"3.49535135","4.94E-6","0.28609427","0.0","2","7","false","陸興之","509.5","2","0","0","0.72273874","false","0","陸興之","7254","0.50748503","PERSON"
"3.80108108","5.32E-6","0.26308305","0.0","3","8","false","勉力子求","156.0","3","0","0","0.68876877","false","0","勉力子求","10994","0.35307517","PERSON"
"3.49535135","4.94E-6","0.28609427","0.0","2","7","false","茹彬","509.5","2","0","0","0.72273874","false","0","茹彬","7254","0.50748503","PERSON"
"3.80194595","0.0","0.2630232","0.0","1","8","false","王行豐","440.0","1","0","0","0.68867267","false","0","王行豐","0","0.0","PERSON"
"3.49535135","4.94E-6","0.28609427","0.0","2","7","false","吳應氏","509.5","2","0","0","0.72273874","false","0","吳應氏","7254","0.50748503","PERSON"
"3.80194595","0.0","0.2630232","0.0","1","8","false","陳國爵","440.0","1","0","0","0.68867267","false","0","陳國爵","0","0.0","PERSON"
"3.49535135","4.94E-6","0.28609427","0.0","2","7","false","徐雲記","509.5","2","0","0","0.72273874","false","0","徐雲記","7254","0.50748503","PERSON"
"3.80194595","0.0","0.2630232","0.0","1","8","false","殷茂庭","440.0","1","0","0","0.68867267","false","0","殷茂庭","0","0.0","PERSON"
"3.80194595","0.0","0.2630232","0.0","1","8","false","恒懷","440.0","1","0","0","0.68867267","false","0","恒懷","0","0.0","PERSON"
"4.37578378","2.579E-5","0.22853049","0.0","14","7","false","瑞生洋行","30.71428571","14","0","0","0.62491291","false","0","瑞生洋行","131432","0.32653061","ORG"
"3.49535135","4.94E-6","0.28609427","0.0","2","7","false","康裕昌","509.5","2","0","0","0.72273874","false","0","康裕昌","7254","0.50748503","PERSON"
"3.80194595","0.0","0.2630232","0.0","1","8","false","楊清水","440.0","1","0","0","0.68867267","false","0","楊清水","0","0.0","PERSON"
"3.49535135","4.94E-6","0.28609427","0.0","2","7","false","郭子卿","509.5","2","0","0","0.72273874","false","0","郭子卿","7254","0.50748503","PERSON"
"3.79589189","2.2737E-4","0.2634427","0.0","2","8","false","袁聲","229.0","2","0","0","0.68934535","false","0","袁聲","1154944","0.50442478","PERSON"
"3.79891892","2.694E-5","0.26323278","0.0","7","8","false","王純立","80.83333333","7","0","1","0.68900901","false","0","王純立","52958","0.18102797","PERSON"
"3.80194595","0.0","0.2630232","0.0","1","8","false","周毓林","440.0","1","0","0","0.68867267","false","0","周毓林","0","0.0","PERSON"
"3.80194595","0.0","0.2630232","0.0","1","8","false","沈少琴","440.0","1","0","0","0.68867267","false","0","沈少琴","0","0.0","PERSON"
"3.80194595","0.0","0.2630232","0.0","1","8","false","倪頤吉","440.0","1","0","0","0.68867267","false","0","倪頤吉","0","0.0","PERSON"
"3.80194595","0.0","0.2630232","0.0","1","8","false","月珍","440.0","1","0","0","0.68867267","false","0","月珍","0","0.0","PERSON"
"4.29621622","0.0","0.23276296","0.0","1","8","false","瑞觀察","59.0","1","0","0","0.63375375","false","0","瑞觀察","0","0.0","ORG"
"3.25535135","8.5144E-4","0.3071865","0.0","2","7","false","韓芸根","721.5","2","0","0","0.74940541","false","0","韓芸根","2282234","0.5084686","PERSON"
"4.37578378","2.579E-5","0.22853049","0.0","14","7","false","瑞記洋行","30.71428571","14","0","0","0.62491291","false","0","瑞記洋行","131432","0.32653061","ORG"
"3.80194595","0.0","0.2630232","0.0","1","8","false","趙馥疇翁","440.0","1","0","0","0.68867267","false","0","趙馥疇翁","0","0.0","PERSON"
"3.80108108","1.002E-5","0.26308305","0.0","3","8","false","吳嵩隱","151.33333333","3","0","0","0.68876877","false","0","吳嵩隱","12326","0.34244495","PERSON"
"3.49578378","0.0","0.28605888","0.0","1","7","false","張家鹤","1003.0","1","0","0","0.72269069","false","0","張家鹤","0","0.0","PERSON"
"3.80108108","1.002E-5","0.26308305","0.0","3","8","false","沈景甫","151.33333333","3","0","0","0.68876877","false","0","沈景甫","12326","0.34244495","PERSON"
"3.49578378","0.0","0.28605888","0.0","1","7","false","李駿卿","1003.0","1","0","0","0.72269069","false","0","李駿卿","0","0.0","PERSON"
"3.49578378","0.0","0.28605888","0.0","1","7","false","徐詠甘","1003.0","1","0","0","0.72269069","false","0","徐詠甘","0","0.0","PERSON"
"3.80151351","4.01E-6","0.26305312","0.0","2","8","false","陳聞聲","224.5","2","0","0","0.68872072","false","0","陳聞聲","6158","0.50911162","PERSON"
"3.49578378","0.0","0.28605888","0.0","1","7","false","方梅艇","1003.0","1","0","0","0.72269069","false","0","方梅艇","0","0.0","PERSON"
"3.25448649","9.0166E-4","0.30726814","0.0","4","7","false","東海","365.25","4","0","0","0.7495015","false","0","東海","2336740","0.25705716","PERSON"
"3.49578378","0.0","0.28605888","0.0","1","7","false","陳禹生","1003.0","1","0","0","0.72269069","false","0","陳禹生","0","0.0","PERSON"
"3.80151351","4.01E-6","0.26305312","0.0","2","8","false","陳承漪","224.5","2","0","0","0.68872072","false","0","陳承漪","6158","0.50911162","PERSON"
"3.49578378","0.0","0.28605888","0.0","1","7","false","李鑑清","1003.0","1","0","0","0.72269069","false","0","李鑑清","0","0.0","PERSON"
"3.80151351","4.01E-6","0.26305312","0.0","2","8","false","榮陽","224.5","2","0","0","0.68872072","false","0","榮陽","6158","0.50911162","PERSON"
"3.2147027","2.6977E-4","0.31107076","0.0","9","7","false","瑞記紗廠","113.22222222","9","0","0","0.75392192","false","0","瑞記紗廠","713936","0.19688109","ORG"
"3.47632432","2.037E-5","0.28766016","0.0","3","7","false","陳貫雲","369.33333333","3","0","0","0.72485285","false","0","陳貫雲","193932","0.35519126","PERSON"
"3.80194595","0.0","0.2630232","0.0","1","8","false","王錫桂","440.0","1","0","0","0.68867267","false","0","王錫桂","0","0.0","PERSON"
"3.47632432","2.037E-5","0.28766016","0.0","3","7","false","楊安懷","369.33333333","3","0","0","0.72485285","false","0","楊安懷","193932","0.35519126","PERSON"
"3.80194595","0.0","0.2630232","0.0","1","8","false","王日新","440.0","1","0","0","0.68867267","false","0","王日新","0","0.0","PERSON"
"3.47632432","2.037E-5","0.28766016","0.0","3","7","false","程繼賓","369.33333333","3","0","0","0.72485285","false","0","程繼賓","193932","0.35519126","PERSON"
"3.80194595","0.0","0.2630232","0.0","1","8","false","朱哲甫","440.0","1","0","0","0.68867267","false","0","朱哲甫","0","0.0","PERSON"
"3.47632432","2.037E-5","0.28766016","0.0","3","7","false","長源","369.33333333","3","0","0","0.72485285","false","0","長源","193932","0.35519126","PERSON"
"3.21556757","5.481E-5","0.31098709","0.0","7","7","false","瑞豐莊","116.42857143","7","0","0","0.75382583","false","0","瑞豐莊","227208","0.20250627","ORG"
"3.80194595","0.0","0.2630232","0.0","1","8","false","唐信和","440.0","1","0","0","0.68867267","false","0","唐信和","0","0.0","PERSON"
"3.80194595","0.0","0.2630232","0.0","1","8","false","郭謙修","440.0","1","0","0","0.68867267","false","0","郭謙修","0","0.0","PERSON"
"3.47632432","2.037E-5","0.28766016","0.0","3","7","false","榮春華","369.33333333","3","0","0","0.72485285","false","0","榮春華","193932","0.35519126","PERSON"
"3.80194595","0.0","0.2630232","0.0","1","8","false","劉芬　誌","440.0","1","0","0","0.68867267","false","0","劉芬　誌","0","0.0","PERSON"
"3.80194595","0.0","0.2630232","0.0","1","8","false","李沈","440.0","1","0","0","0.68867267","false","0","李沈","0","0.0","PERSON"
"3.90789189","0.00123756","0.25589244","0.0","7","7","false","瑞道","12.33333333","7","0","1","0.6769009","false","0","瑞道","8303112","0.22222222","ORG"
"3.80194595","0.0","0.2630232","0.0","1","8","false","奚敬彰","440.0","1","0","0","0.68867267","false","0","奚敬彰","0","0.0","PERSON"
"4.89945946","9.8E-7","0.20410415","0.0","4","8","false","曾朱施","9.0","4","0","0","0.56672673","false","0","曾朱施","252","0.38095238","PERSON"
"3.80194595","0.0","0.2630232","0.0","1","8","false","王文鎔","440.0","1","0","0","0.68867267","false","0","王文鎔","0","0.0","PERSON"
"3.80194595","0.0","0.2630232","0.0","1","8","false","吳悦來","440.0","1","0","0","0.68867267","false","0","吳悦來","0","0.0","PERSON"
"4.89945946","9.8E-7","0.20410415","0.0","4","8","false","朱　　　子英","9.0","4","0","0","0.56672673","false","0","朱　　　子英","252","0.38095238","PERSON"
"3.80194595","0.0","0.2630232","0.0","1","8","false","李欽揚","440.0","1","0","0","0.68867267","false","0","李欽揚","0","0.0","PERSON"
"3.80194595","0.0","0.2630232","0.0","1","8","false","焦發　施","440.0","1","0","0","0.68867267","false","0","焦發　施","0","0.0","PERSON"
"3.90183784","0.00164538","0.25628948","0.0","21","7","false","瑞道台","8.0","21","0","1","0.67757357","false","0","瑞道台","13049042","0.1372549","ORG"
"3.79502703","7.98E-6","0.26350273","0.0","3","8","false","福昌","157.66666667","3","0","0","0.68944144","false","0","福昌","27068","0.34892353","PERSON"
"3.79502703","7.98E-6","0.26350273","0.0","3","8","false","盧仁山","157.66666667","3","0","0","0.68944144","false","0","盧仁山","27068","0.34892353","PERSON"
"3.49578378","0.0","0.28605888","0.0","1","7","false","習推拏","1003.0","1","0","0","0.72269069","false","0","習推拏","0","0.0","PERSON"
"3.79502703","7.98E-6","0.26350273","0.0","3","8","false","沈振揚","157.66666667","3","0","0","0.68944144","false","0","沈振揚","27068","0.34892353","PERSON"
"3.49578378","0.0","0.28605888","0.0","1","7","false","韋氏","1003.0","1","0","0","0.72269069","false","0","韋氏","0","0.0","PERSON"
"3.80108108","8.21E-6","0.26308305","0.0","3","8","false","朱凌氏","152.0","3","0","0","0.68876877","false","0","朱凌氏","12322","0.34396355","PERSON"
"3.49578378","0.0","0.28605888","0.0","1","7","false","崇山","1003.0","1","0","0","0.72269069","false","0","崇山","0","0.0","PERSON"
"3.80151351","3.97E-6","0.26305312","0.0","2","8","false","陳定甫","224.5","2","0","0","0.68872072","false","0","陳定甫","6158","0.50911162","PERSON"
"3.49578378","0.0","0.28605888","0.0","1","7","false","徐君心","1003.0","1","0","0","0.72269069","false","0","徐君心","0","0.0","PERSON"
"3.80151351","3.97E-6","0.26305312","0.0","2","8","false","錢慶淑","224.5","2","0","0","0.68872072","false","0","錢慶淑","6158","0.50911162","PERSON"
"3.49578378","0.0","0.28605888","0.0","1","7","false","永安　培德氏","1003.0","1","0","0","0.72269069","false","0","永安　培德氏","0","0.0","PERSON"
"3.80151351","3.97E-6","0.26305312","0.0","2","8","false","保基","224.5","2","0","0","0.68872072","false","0","保基","6158","0.50911162","PERSON"
"3.49578378","0.0","0.28605888","0.0","1","7","false","福餘","1003.0","1","0","0","0.72269069","false","0","福餘","0","0.0","PERSON"
"3.49578378","0.0","0.28605888","0.0","1","7","false","徐　雲翁","1003.0","1","0","0","0.72269069","false","0","徐　雲翁","0","0.0","PERSON"
"5.89708108","2.3E-7","0.16957542","0.0","3","9","false","瑞道台曁商會","5.66666667","3","0","0","0.45587988","false","0","瑞道台曁商會","78","0.77777778","ORG"
"3.49578378","0.0","0.28605888","0.0","1","7","false","江黼","1003.0","1","0","0","0.72269069","false","0","江黼","0","0.0","PERSON"
"3.79459459","7.39E-6","0.26353276","0.0","2","8","false","蘇德镳","230.5","2","0","0","0.68948949","false","0","蘇德镳","30634","0.51573034","PERSON"
"3.49578378","0.0","0.28605888","0.0","1","7","false","裘舜章","1003.0","1","0","0","0.72269069","false","0","裘舜章","0","0.0","PERSON"
"3.90875676","4.8349E-4","0.25583582","0.0","4","7","false","瑞道臺","16.0","4","0","0","0.6768048","false","0","瑞道臺","3558210","0.29411765","ORG"
"3.49578378","0.0","0.28605888","0.0","1","7","false","華榮","1003.0","1","0","0","0.72269069","false","0","華榮","0","0.0","PERSON"
"3.49578378","0.0","0.28605888","0.0","1","7","false","和康莊","1003.0","1","0","0","0.72269069","false","0","和康莊","0","0.0","PERSON"
"3.21297297","2.3088E-4","0.31123822","0.0","13","7","false","環璧書屋","111.53846154","13","0","0","0.75411411","false","0","環璧書屋","727636","0.19392713","ORG"
"3.49491892","2.09E-6","0.28612967","0.0","2","7","false","韓浦生","527.5","2","0","0","0.72278679","false","0","韓浦生","10026","0.52492522","PERSON"
"3.23545946","0.00104035","0.30907511","0.0","11","7","false","董阜成","160.7","11","0","1","0.75161562","false","0","董阜成","3018638","0.10975945","PERSON"
"3.49491892","2.09E-6","0.28612967","0.0","2","7","false","翁稐華","527.5","2","0","0","0.72278679","false","0","翁稐華","10026","0.52492522","PERSON"
"3.79978378","3.75E-6","0.26317287","0.0","2","8","false","查沛然","230.0","2","0","0","0.68891291","false","0","查沛然","10988","0.51693002","PERSON"
"3.49491892","2.09E-6","0.28612967","0.0","2","7","false","徐俊麗","527.5","2","0","0","0.72278679","false","0","徐俊麗","10026","0.52492522","PERSON"
"3.79978378","3.75E-6","0.26317287","0.0","2","8","false","詹質臣","230.0","2","0","0","0.68891291","false","0","詹質臣","10988","0.51693002","PERSON"
"3.41145946","1.0509E-4","0.29312967","0.0","4","7","false","全益","382.0","4","0","1","0.73206006","false","0","全益","1064112","0.36251189","PERSON"
"3.79978378","3.75E-6","0.26317287","0.0","2","8","false","余恕宗","230.0","2","0","0","0.68891291","false","0","余恕宗","10988","0.51693002","PERSON"
"3.77989189","2.3794E-4","0.26455783","0.0","5","8","false","章學海","105.8","5","0","0","0.69112312","false","0","章學海","3864650","0.22733189","PERSON"
"3.79978378","3.75E-6","0.26317287","0.0","2","8","false","陶樹玉","230.0","2","0","0","0.68891291","false","0","陶樹玉","10988","0.51693002","PERSON"
"3.49491892","2.09E-6","0.28612967","0.0","2","7","false","成九","527.5","2","0","0","0.72278679","false","0","成九","10026","0.52492522","PERSON"
"3.20994595","9.9855E-4","0.31153173","0.0","20","7","false","甘肅籌振局","45.8","20","0","0","0.75445045","false","0","甘肅籌振局","1988000","0.07859649","ORG"
"3.79675676","1.505E-5","0.26338269","0.0","3","8","false","楊班如","154.0","3","0","0","0.68924925","false","0","楊班如","27578","0.34075724","PERSON"
"3.49491892","2.09E-6","0.28612967","0.0","2","7","false","貽釗","527.5","2","0","0","0.72278679","false","0","貽釗","10026","0.52492522","PERSON"
"3.79891892","6.67E-6","0.26323278","0.0","3","8","false","張一士","157.33333333","3","0","0","0.68900901","false","0","張一士","17258","0.3521021","PERSON"
"3.79891892","6.67E-6","0.26323278","0.0","3","8","false","金沙祥泰","157.33333333","3","0","0","0.68900901","false","0","金沙祥泰","17258","0.3521021","PERSON"
"3.79891892","6.67E-6","0.26323278","0.0","3","8","false","吳坤","157.33333333","3","0","0","0.68900901","false","0","吳坤","17258","0.3521021","PERSON"
"3.80151351","2.68E-6","0.26305312","0.0","2","8","false","李門","226.5","2","0","0","0.68872072","false","0","李門","6010","0.51366743","PERSON"
"3.80151351","2.68E-6","0.26305312","0.0","2","8","false","朱兼士","226.5","2","0","0","0.68872072","false","0","朱兼士","6010","0.51366743","PERSON"
"3.49578378","0.0","0.28605888","0.0","1","7","false","季光","1003.0","1","0","0","0.72269069","false","0","季光","0","0.0","PERSON"
"3.80151351","2.68E-6","0.26305312","0.0","2","8","false","丁子馨","226.5","2","0","0","0.68872072","false","0","丁子馨","6010","0.51366743","PERSON"
"3.49578378","0.0","0.28605888","0.0","1","7","false","翁義昌","1003.0","1","0","0","0.72269069","false","0","翁義昌","0","0.0","PERSON"
"3.6172973","7.2016E-4","0.27644949","0.0","4","7","false","陳儀泉","164.75","4","0","0","0.70918919","false","0","陳儀泉","3983320","0.28931095","PERSON"
"3.80151351","2.68E-6","0.26305312","0.0","2","8","false","丁夢蘭","226.5","2","0","0","0.68872072","false","0","丁夢蘭","6010","0.51366743","PERSON"
"3.49578378","0.0","0.28605888","0.0","1","7","false","傅梅","1003.0","1","0","0","0.72269069","false","0","傅梅","0","0.0","PERSON"
"3.49578378","0.0","0.28605888","0.0","1","7","false","翁兪　利","1003.0","1","0","0","0.72269069","false","0","翁兪　利","0","0.0","PERSON"
"3.21124324","1.1483E-4","0.31140587","0.0","10","7","false","生昌福壽","120.7","10","0","0","0.75430631","false","0","生昌福壽","466684","0.20745234","ORG"
"3.80194595","0.0","0.2630232","0.0","1","8","false","胡儀","440.0","1","0","0","0.68867267","false","0","胡儀","0","0.0","PERSON"
"3.49578378","0.0","0.28605888","0.0","1","7","false","黃佐","1003.0","1","0","0","0.72269069","false","0","黃佐","0","0.0","PERSON"
"3.80151351","5.2E-6","0.26305312","0.0","2","8","false","程靜齋","223.0","2","0","0","0.68872072","false","0","程靜齋","6164","0.50569476","PERSON"
"3.80151351","2.47E-6","0.26305312","0.0","2","8","false","陸春江","228.0","2","0","0","0.68872072","false","0","陸春江","6140","0.51708428","PERSON"
"3.49578378","0.0","0.28605888","0.0","1","7","false","郭大厚","1003.0","1","0","0","0.72269069","false","0","郭大厚","0","0.0","PERSON"
"3.80151351","2.47E-6","0.26305312","0.0","2","8","false","鄭少","228.0","2","0","0","0.68872072","false","0","鄭少","6140","0.51708428","PERSON"
"3.80151351","2.47E-6","0.26305312","0.0","2","8","false","尹啓楨","228.0","2","0","0","0.68872072","false","0","尹啓楨","6140","0.51708428","PERSON"
"3.49578378","0.0","0.28605888","0.0","1","7","false","恊成","1003.0","1","0","0","0.72269069","false","0","恊成","0","0.0","PERSON"
"3.80151351","2.47E-6","0.26305312","0.0","2","8","false","丁銀","228.0","2","0","0","0.68872072","false","0","丁銀","6140","0.51708428","PERSON"
"3.88064865","4.6787E-4","0.25768888","0.0","13","6","false","甬屬集股處","33.61538462","13","0","0","0.67992793","false","0","甬屬集股處","16919898","0.16725838","ORG"
"3.80151351","2.47E-6","0.26305312","0.0","2","8","false","汪大令","228.0","2","0","0","0.68872072","false","0","汪大令","6140","0.51708428","PERSON"
"3.58745946","7.1104E-4","0.27874879","0.0","10","6","false","袁海觀","69.6","10","0","0","0.7125045","false","0","袁海觀","2936094","0.11395349","PERSON"
"3.80151351","2.47E-6","0.26305312","0.0","2","8","false","仲昆","228.0","2","0","0","0.68872072","false","0","仲昆","6140","0.51708428","PERSON"
"3.80151351","2.47E-6","0.26305312","0.0","2","8","false","李蘚青","228.0","2","0","0","0.68872072","false","0","李蘚青","6140","0.51708428","PERSON"
"3.80151351","2.47E-6","0.26305312","0.0","2","8","false","孫建臣","228.0","2","0","0","0.68872072","false","0","孫建臣","6140","0.51708428","PERSON"
"3.80151351","4.01E-6","0.26305312","0.0","2","8","false","薄雲天","224.0","2","0","0","0.68872072","false","0","薄雲天","6160","0.50797267","PERSON"
"3.88064865","4.6787E-4","0.25768888","0.0","13","6","false","甬屬集股處幹事","33.61538462","13","0","0","0.67992793","false","0","甬屬集股處幹事","16919898","0.16725838","ORG"
"3.80151351","4.01E-6","0.26305312","0.0","2","8","false","劉近卿","224.0","2","0","0","0.68872072","false","0","劉近卿","6160","0.50797267","PERSON"
"3.80194595","0.0","0.2630232","0.0","1","8","false","鄒同彬","440.0","1","0","0","0.68867267","false","0","鄒同彬","0","0.0","PERSON"
"3.80194595","0.0","0.2630232","0.0","1","8","false","鮑南屏","440.0","1","0","0","0.68867267","false","0","鮑南屏","0","0.0","PERSON"
"3.80194595","0.0","0.2630232","0.0","1","8","false","沈氏","440.0","1","0","0","0.68867267","false","0","沈氏","0","0.0","PERSON"
"3.80194595","0.0","0.2630232","0.0","1","8","false","劉卓賓","440.0","1","0","0","0.68867267","false","0","劉卓賓","0","0.0","PERSON"
"3.80194595","0.0","0.2630232","0.0","1","8","false","張立廣","440.0","1","0","0","0.68867267","false","0","張立廣","0","0.0","PERSON"
"3.80151351","2.76E-6","0.26305312","0.0","3","8","false","孫保基","226.5","3","0","1","0.68872072","false","0","孫保基","5490","0.51366743","PERSON"
"3.21340541","3.0129E-4","0.31119634","0.0","12","7","false","甬帆船公司","88.33333333","12","0","0","0.75406607","false","0","甬帆船公司","589372","0.15321637","ORG"
"3.80194595","0.0","0.2630232","0.0","1","8","false","吳熙瑞","440.0","1","0","0","0.68867267","false","0","吳熙瑞","0","0.0","PERSON"
"3.80194595","0.0","0.2630232","0.0","1","8","false","遂重","440.0","1","0","0","0.68867267","false","0","遂重","0","0.0","PERSON"
"3.80194595","0.0","0.2630232","0.0","1","8","false","沈疴立","440.0","1","0","0","0.68867267","false","0","沈疴立","0","0.0","PERSON"
"3.80194595","0.0","0.2630232","0.0","1","8","false","楊蕪杲","440.0","1","0","0","0.68867267","false","0","楊蕪杲","0","0.0","PERSON"
"3.80194595","0.0","0.2630232","0.0","1","8","false","沈昻青","440.0","1","0","0","0.68867267","false","0","沈昻青","0","0.0","PERSON"
"3.80194595","0.0","0.2630232","0.0","1","8","false","蔡氏","440.0","1","0","0","0.68867267","false","0","蔡氏","0","0.0","PERSON"
"3.80194595","0.0","0.2630232","0.0","1","8","false","佑安氏","440.0","1","0","0","0.68867267","false","0","佑安氏","0","0.0","PERSON"
"3.20562162","3.2289E-4","0.31195198","0.0","16","7","false","甬江正大信局","78.0","16","0","0","0.75493093","false","0","甬江正大信局","1262028","0.13485114","ORG"
"3.80194595","0.0","0.2630232","0.0","1","8","false","瀚善氏","440.0","1","0","0","0.68867267","false","0","瀚善氏","0","0.0","PERSON"
"3.80194595","0.0","0.2630232","0.0","1","8","false","拜登","440.0","1","0","0","0.68867267","false","0","拜登","0","0.0","PERSON"
"3.80194595","0.0","0.2630232","0.0","1","8","false","嘉惠權","440.0","1","0","0","0.68867267","false","0","嘉惠權","0","0.0","PERSON"
"3.792","3.856E-5","0.26371308","0.0","3","8","false","于芑蓀","167.0","3","0","0","0.68977778","false","0","于芑蓀","122548","0.36086957","PERSON"
"3.792","3.856E-5","0.26371308","0.0","4","8","false","鈕靜山","167.0","4","0","1","0.68977778","false","0","鈕靜山","122548","0.36086957","PERSON"
"3.792","3.856E-5","0.26371308","0.0","6","8","false","王賡伯","167.0","6","0","1","0.68977778","false","0","王賡伯","122548","0.36086957","PERSON"
"3.61383784","1.6883E-4","0.27671413","0.0","7","7","false","李瑞林","172.25","7","0","1","0.70957357","false","0","李瑞林","1346118","0.29834495","PERSON"
"3.792","3.856E-5","0.26371308","0.0","6","8","false","錢廣甫","167.0","6","0","1","0.68977778","false","0","錢廣甫","122548","0.36086957","PERSON"
"3.21210811","4.1863E-4","0.31132202","0.0","15","7","false","田愼齋","76.8","15","0","0","0.75421021","false","0","田愼齋","1936306","0.13298246","ORG"
"3.77210811","3.2577E-4","0.26510375","0.0","9","8","false","方希曾","95.0","9","0","1","0.69198799","false","0","方希曾","4478620","0.19665272","PERSON"
"3.792","3.856E-5","0.26371308","0.0","4","8","false","王履吉","167.0","4","0","1","0.68977778","false","0","王履吉","122548","0.36086957","PERSON"
"3.792","3.856E-5","0.26371308","0.0","6","8","false","顧雨田","167.0","6","0","1","0.68977778","false","0","顧雨田","122548","0.36086957","PERSON"
"3.792","3.856E-5","0.26371308","0.0","6","8","false","耿湘波","167.0","6","0","1","0.68977778","false","0","耿湘波","122548","0.36086957","PERSON"
"3.792","3.856E-5","0.26371308","0.0","6","8","false","陸省吾","167.0","6","0","1","0.68977778","false","0","陸省吾","122548","0.36086957","PERSON"
"3.792","3.856E-5","0.26371308","0.0","5","8","false","黄文卿","167.0","5","0","1","0.68977778","false","0","黄文卿","122548","0.36086957","PERSON"
"3.792","3.856E-5","0.26371308","0.0","3","8","false","錢秉荃","167.0","3","0","0","0.68977778","false","0","錢秉荃","122548","0.36086957","PERSON"
"3.80194595","0.0","0.2630232","0.0","1","8","false","周繼生","440.0","1","0","0","0.68867267","false","0","周繼生","0","0.0","PERSON"
"3.81794595","1.45E-4","0.26192094","0.0","11","7","false","甲乙丙三醫隊","22.36363636","11","0","0","0.68689489","false","0","甲乙丙三醫隊","1021172","0.14338011","ORG"
"3.80194595","0.0","0.2630232","0.0","1","8","false","陳七","440.0","1","0","0","0.68867267","false","0","陳七","0","0.0","PERSON"
"3.80194595","0.0","0.2630232","0.0","1","8","false","沈定記","440.0","1","0","0","0.68867267","false","0","沈定記","0","0.0","PERSON"
"3.49535135","4.53E-6","0.28609427","0.0","2","7","false","可熾可","510.0","2","0","0","0.72273874","false","0","可熾可","7026","0.50798403","PERSON"
"3.80194595","0.0","0.2630232","0.0","1","8","false","楊鴻生","440.0","1","0","0","0.68867267","false","0","楊鴻生","0","0.0","PERSON"
"3.49535135","4.53E-6","0.28609427","0.0","2","7","false","梁焕南","510.0","2","0","0","0.72273874","false","0","梁焕南","7026","0.50798403","PERSON"
"3.776","2.102E-5","0.26483051","0.0","4","8","false","翁來","123.5","4","0","0","0.69155556","false","0","翁來","94868","0.27041943","PERSON"
"3.49535135","4.53E-6","0.28609427","0.0","2","7","false","祝大春","510.0","2","0","0","0.72273874","false","0","祝大春","7026","0.50798403","PERSON"
"3.776","2.102E-5","0.26483051","0.0","4","8","false","滬江隱名","123.5","4","0","0","0.69155556","false","0","滬江隱名","94868","0.27041943","PERSON"
"3.13037838","0.0049435","0.3194502","0.0","98","7","false","申報館","32.47727273","98","0","6","0.76329129","false","0","申報館","51853218","0.05020299","ORG"
"3.76172973","4.6984E-4","0.26583515","0.0","9","8","false","康健人","61.55555556","9","0","0","0.69314114","false","0","康健人","2838568","0.13078954","PERSON"
"3.49578378","0.0","0.28605888","0.0","1","7","false","翁贸","1003.0","1","0","0","0.72269069","false","0","翁贸","0","0.0","PERSON"
"3.80021622","1.105E-5","0.26314292","0.0","5","8","false","劉雁亭","100.0","5","0","0","0.68886486","false","0","劉雁亭","24596","0.22551253","PERSON"
"3.80021622","1.105E-5","0.26314292","0.0","5","8","false","薛李華","100.0","5","0","0","0.68886486","false","0","薛李華","24596","0.22551253","PERSON"
"3.49578378","0.0","0.28605888","0.0","1","7","false","譚韓臣","1003.0","1","0","0","0.72269069","false","0","譚韓臣","0","0.0","PERSON"
"3.80021622","1.105E-5","0.26314292","0.0","5","8","false","劉海","100.0","5","0","0","0.68886486","false","0","劉海","24596","0.22551253","PERSON"
"3.49578378","0.0","0.28605888","0.0","1","7","false","翁道信","1003.0","1","0","0","0.72269069","false","0","翁道信","0","0.0","PERSON"
"3.80021622","1.105E-5","0.26314292","0.0","5","8","false","周聘鄉","100.0","5","0","0","0.68886486","false","0","周聘鄉","24596","0.22551253","PERSON"
"3.49578378","0.0","0.28605888","0.0","1","7","false","申茂爕","1003.0","1","0","0","0.72269069","false","0","申茂爕","0","0.0","PERSON"
"3.80021622","1.105E-5","0.26314292","0.0","5","8","false","楊芝庭","100.0","5","0","0","0.68886486","false","0","楊芝庭","24596","0.22551253","PERSON"
"3.80021622","1.105E-5","0.26314292","0.0","5","8","false","李潤田","100.0","5","0","0","0.68886486","false","0","李潤田","24596","0.22551253","PERSON"
"3.49578378","0.0","0.28605888","0.0","1","7","false","趙　疇翁","1003.0","1","0","0","0.72269069","false","0","趙　疇翁","0","0.0","PERSON"
"3.80021622","1.105E-5","0.26314292","0.0","5","8","false","周懷棠","100.0","5","0","0","0.68886486","false","0","周懷棠","24596","0.22551253","PERSON"
"3.80021622","1.105E-5","0.26314292","0.0","5","8","false","王潤泉","100.0","5","0","0","0.68886486","false","0","王潤泉","24596","0.22551253","PERSON"
"3.80021622","1.105E-5","0.26314292","0.0","5","8","false","黎望雲","100.0","5","0","0","0.68886486","false","0","黎望雲","24596","0.22551253","PERSON"
"3.49578378","0.0","0.28605888","0.0","1","7","false","鄭寳記","1003.0","1","0","0","0.72269069","false","0","鄭寳記","0","0.0","PERSON"
"3.80194595","0.0","0.2630232","0.0","1","8","false","惠普","440.0","1","0","0","0.68867267","false","0","惠普","0","0.0","PERSON"
"3.80194595","0.0","0.2630232","0.0","1","8","false","布特哈","440.0","1","0","0","0.68867267","false","0","布特哈","0","0.0","PERSON"
"3.80194595","0.0","0.2630232","0.0","1","8","false","俞允","440.0","1","0","0","0.68867267","false","0","俞允","0","0.0","PERSON"
"3.62335135","8.371E-5","0.27598759","0.0","3","7","false","王仲霞","212.33333333","3","0","0","0.70851652","false","0","王仲霞","1011070","0.38215793","PERSON"
"3.62335135","8.371E-5","0.27598759","0.0","3","7","false","昇茂","212.33333333","3","0","0","0.70851652","false","0","昇茂","1011070","0.38215793","PERSON"
"3.62335135","8.371E-5","0.27598759","0.0","3","7","false","存義公","212.33333333","3","0","0","0.70851652","false","0","存義公","1011070","0.38215793","PERSON"
"3.62335135","8.371E-5","0.27598759","0.0","3","7","false","王少庭","212.33333333","3","0","0","0.70851652","false","0","王少庭","1011070","0.38215793","PERSON"
"3.62335135","8.371E-5","0.27598759","0.0","3","7","false","餘欵樂","212.33333333","3","0","0","0.70851652","false","0","餘欵樂","1011070","0.38215793","PERSON"
"3.62335135","8.371E-5","0.27598759","0.0","3","7","false","揚廷","212.33333333","3","0","0","0.70851652","false","0","揚廷","1011070","0.38215793","PERSON"
"3.49405405","5.89E-6","0.2862005","0.0","3","7","false","萬佐卿","357.0","3","0","0","0.72288288","false","0","萬佐卿","14912","0.35458167","PERSON"
"3.49405405","5.89E-6","0.2862005","0.0","3","7","false","北天","357.0","3","0","0","0.72288288","false","0","北天","14912","0.35458167","PERSON"
"3.4892973","7.51E-6","0.28659066","0.0","2","7","false","綸華","570.0","2","0","0","0.72341141","false","0","綸華","81568","0.56114398","PERSON"
"3.4892973","7.51E-6","0.28659066","0.0","2","7","false","翁怡泰","570.0","2","0","0","0.72341141","false","0","翁怡泰","81568","0.56114398","PERSON"
"3.80194595","0.0","0.2630232","0.0","1","8","false","田軍","440.0","1","0","0","0.68867267","false","0","田軍","0","0.0","PERSON"
"3.80194595","0.0","0.2630232","0.0","1","8","false","江北","440.0","1","0","0","0.68867267","false","0","江北","0","0.0","PERSON"
"3.49578378","0.0","0.28605888","0.0","1","7","false","裘成集","1003.0","1","0","0","0.72269069","false","0","裘成集","0","0.0","PERSON"
"3.80194595","0.0","0.2630232","0.0","1","8","false","左德奎","440.0","1","0","0","0.68867267","false","0","左德奎","0","0.0","PERSON"
"3.80194595","0.0","0.2630232","0.0","1","8","false","吳順南","440.0","1","0","0","0.68867267","false","0","吳順南","0","0.0","PERSON"
"3.49578378","0.0","0.28605888","0.0","1","7","false","王君紹","1003.0","1","0","0","0.72269069","false","0","王君紹","0","0.0","PERSON"
"3.80194595","0.0","0.2630232","0.0","1","8","false","郭阿四","440.0","1","0","0","0.68867267","false","0","郭阿四","0","0.0","PERSON"
"3.45772973","5.018E-5","0.2892071","0.0","2","7","false","周鴻","576.5","2","0","0","0.72691892","false","0","周鴻","412122","0.5348513","PERSON"
"3.49578378","0.0","0.28605888","0.0","1","7","false","孫謹誌","1003.0","1","0","0","0.72269069","false","0","孫謹誌","0","0.0","PERSON"
"3.49578378","0.0","0.28605888","0.0","1","7","false","葉澄衷","1003.0","1","0","0","0.72269069","false","0","葉澄衷","0","0.0","PERSON"
"3.49578378","0.0","0.28605888","0.0","1","7","false","黎誠","1003.0","1","0","0","0.72269069","false","0","黎誠","0","0.0","PERSON"
"3.80108108","6.14E-6","0.26308305","0.0","3","8","false","并芳","154.66666667","3","0","0","0.68876877","false","0","并芳","10974","0.35003797","PERSON"
"3.48410811","1.489E-5","0.2870175","0.0","4","7","false","唐榮俟","383.66666667","4","0","1","0.72398799","false","0","唐榮俟","85786","0.3726063","PERSON"
"3.80108108","6.14E-6","0.26308305","0.0","3","8","false","後敦裕","154.66666667","3","0","0","0.68876877","false","0","後敦裕","10974","0.35003797","PERSON"
"3.80108108","6.14E-6","0.26308305","0.0","3","8","false","陳荔汀","154.66666667","3","0","0","0.68876877","false","0","陳荔汀","10974","0.35003797","PERSON"
"3.49102703","5.52E-6","0.28644866","0.0","2","7","false","潘洋","534.5","2","0","0","0.72321922","false","0","潘洋","33410","0.52717391","PERSON"
"3.21167568","3.3127E-4","0.31136394","0.0","16","7","false","留耕書屋","68.625","16","0","0","0.75425826","false","0","留耕書屋","1894176","0.11864035","ORG"
"3.78983784","0.0010116","0.26386353","0.0","8","8","false","王銘槐","73.0","8","0","0","0.69001802","true","0","王銘槐","13392314","0.15652174","PERSON"
"3.49102703","5.52E-6","0.28644866","0.0","2","7","false","李府洋","534.5","2","0","0","0.72321922","false","0","李府洋","33410","0.52717391","PERSON"
"3.80108108","6.14E-6","0.26308305","0.0","3","8","false","陳明即","154.66666667","3","0","0","0.68876877","false","0","陳明即","10974","0.35003797","PERSON"
"3.80194595","0.0","0.2630232","0.0","1","8","false","徐石士","440.0","1","0","0","0.68867267","false","0","徐石士","0","0.0","PERSON"
"3.49102703","5.52E-6","0.28644866","0.0","2","7","false","陳安潤","534.5","2","0","0","0.72321922","false","0","陳安潤","33410","0.52717391","PERSON"
"3.80194595","0.0","0.2630232","0.0","1","8","false","朱佩施","440.0","1","0","0","0.68867267","false","0","朱佩施","0","0.0","PERSON"
"3.48108108","4.056E-5","0.28726708","0.0","4","7","false","姚麗生","367.66666667","4","0","1","0.72432432","false","0","姚麗生","182412","0.35460993","PERSON"
"3.80194595","0.0","0.2630232","0.0","1","8","false","劉謹誌","440.0","1","0","0","0.68867267","false","0","劉謹誌","0","0.0","PERSON"
"3.79891892","1.929E-5","0.26323278","0.0","8","8","false","張水香","69.0","8","0","0","0.68900901","false","0","張水香","43050","0.15489749","PERSON"
"3.49535135","1.151E-5","0.28609427","0.0","2","7","false","司馬昆季","504.5","2","0","0","0.72273874","false","0","司馬昆季","7796","0.50249501","PERSON"
"3.79891892","1.929E-5","0.26323278","0.0","8","8","false","孫公　樂","69.0","8","0","0","0.68900901","false","0","孫公　樂","43050","0.15489749","PERSON"
"3.49535135","1.151E-5","0.28609427","0.0","2","7","false","公侯萬","504.5","2","0","0","0.72273874","false","0","公侯萬","7796","0.50249501","PERSON"
"3.79891892","1.929E-5","0.26323278","0.0","8","8","false","侯春林","69.0","8","0","0","0.68900901","false","0","侯春林","43050","0.15489749","PERSON"
"3.49578378","0.0","0.28605888","0.0","1","7","false","傅廣裘","1003.0","1","0","0","0.72269069","false","0","傅廣裘","0","0.0","PERSON"
"3.14378378","7.1679E-4","0.31808803","0.0","44","7","false","留餘堂","54.04545455","44","0","0","0.7618018","false","0","留餘堂","11935632","0.08446728","ORG"
"3.79891892","1.929E-5","0.26323278","0.0","8","8","false","王福開","69.0","8","0","0","0.68900901","false","0","王福開","43050","0.15489749","PERSON"
"3.79891892","1.929E-5","0.26323278","0.0","8","8","false","王義仔","69.0","8","0","0","0.68900901","false","0","王義仔","43050","0.15489749","PERSON"
"3.48410811","1.489E-5","0.2870175","0.0","3","7","false","戴運来","383.66666667","3","0","0","0.72398799","false","0","戴運来","85786","0.3726063","PERSON"
"3.79891892","1.929E-5","0.26323278","0.0","8","8","false","康成烈","69.0","8","0","0","0.68900901","false","0","康成烈","43050","0.15489749","PERSON"
"3.79891892","1.929E-5","0.26323278","0.0","8","8","false","金珠","69.0","8","0","0","0.68900901","false","0","金珠","43050","0.15489749","PERSON"
"3.46983784","0.00419462","0.28819791","0.0","4","7","false","陳東福","291.75","4","0","0","0.72557357","false","0","陳東福","6968588","0.27903071","PERSON"
"3.79891892","1.929E-5","0.26323278","0.0","8","8","false","夏樹勛","69.0","8","0","0","0.68900901","false","0","夏樹勛","43050","0.15489749","PERSON"
"3.48410811","1.489E-5","0.2870175","0.0","3","7","false","黄林記","383.66666667","3","0","0","0.72398799","false","0","黄林記","85786","0.3726063","PERSON"
"3.79891892","1.929E-5","0.26323278","0.0","8","8","false","楊隆　洋","69.0","8","0","0","0.68900901","false","0","楊隆　洋","43050","0.15489749","PERSON"
"3.48410811","1.489E-5","0.2870175","0.0","3","7","false","沈子記","383.66666667","3","0","0","0.72398799","false","0","沈子記","85786","0.3726063","PERSON"
"3.79891892","1.929E-5","0.26323278","0.0","8","8","false","沈福泰","69.0","8","0","0","0.68900901","false","0","沈福泰","43050","0.15489749","PERSON"
"3.79891892","1.929E-5","0.26323278","0.0","8","8","false","胡純甫","69.0","8","0","0","0.68900901","false","0","胡純甫","43050","0.15489749","PERSON"
"3.48410811","1.489E-5","0.2870175","0.0","3","7","false","岑嘉祥","383.66666667","3","0","0","0.72398799","false","0","岑嘉祥","85786","0.3726063","PERSON"
"3.936","4.99E-6","0.25406504","0.0","4","7","false","胡銘業","28.0","4","0","0","0.67377778","false","0","胡銘業","93540","0.43548387","PERSON"
"3.48410811","1.489E-5","0.2870175","0.0","3","7","false","謝耀昌","383.66666667","3","0","0","0.72398799","false","0","謝耀昌","85786","0.3726063","PERSON"
"3.03351351","0.00252542","0.32965075","0.0","23","6","false","仁濟堂","66.69565217","23","0","0","0.77405405","false","0","仁濟堂","26918346","0.09024128","ORG"
"3.936","4.99E-6","0.25406504","0.0","4","7","false","袁大京","28.0","4","0","0","0.67377778","false","0","袁大京","93540","0.43548387","PERSON"
"3.48410811","1.489E-5","0.2870175","0.0","3","7","false","毛金水","383.66666667","3","0","0","0.72398799","false","0","毛金水","85786","0.3726063","PERSON"
"3.48410811","1.489E-5","0.2870175","0.0","3","7","false","吳章藻","383.66666667","3","0","0","0.72398799","false","0","吳章藻","85786","0.3726063","PERSON"
"3.48410811","1.489E-5","0.2870175","0.0","3","7","false","嚴信厚心釗","383.66666667","3","0","0","0.72398799","false","0","嚴信厚心釗","85786","0.3726063","PERSON"
"3.85124324","1.1065E-4","0.25965641","0.0","12","7","false","王瑞芝","34.58333333","12","0","0","0.6831952","false","0","王瑞芝","2118252","0.18055556","PERSON"
"3.48410811","1.489E-5","0.2870175","0.0","3","7","false","龔敬","383.66666667","3","0","0","0.72398799","false","0","龔敬","85786","0.3726063","PERSON"
"3.48410811","1.489E-5","0.2870175","0.0","3","7","false","葉贻釗","383.66666667","3","0","0","0.72398799","false","0","葉贻釗","85786","0.3726063","PERSON"
"3.936","4.99E-6","0.25406504","0.0","4","7","false","祝籣舫","28.0","4","0","0","0.67377778","false","0","祝籣舫","93540","0.43548387","PERSON"
"3.49578378","0.0","0.28605888","0.0","1","7","false","王君松","1003.0","1","0","0","0.72269069","false","0","王君松","0","0.0","PERSON"
"3.936","4.99E-6","0.25406504","0.0","4","7","false","李平","28.0","4","0","0","0.67377778","false","0","李平","93540","0.43548387","PERSON"
"3.936","4.99E-6","0.25406504","0.0","4","7","false","李雲","28.0","4","0","0","0.67377778","false","0","李雲","93540","0.43548387","PERSON"
"3.49578378","0.0","0.28605888","0.0","1","7","false","湯君蓮","1003.0","1","0","0","0.72269069","false","0","湯君蓮","0","0.0","PERSON"
"3.49578378","0.0","0.28605888","0.0","1","7","false","湯君","1003.0","1","0","0","0.72269069","false","0","湯君","0","0.0","PERSON"
"3.936","4.99E-6","0.25406504","0.0","4","7","false","曾少","28.0","4","0","0","0.67377778","false","0","曾少","93540","0.43548387","PERSON"
"3.46940541","1.0985E-4","0.28823383","0.0","4","7","false","吳蘋初","302.0","4","0","0","0.72562162","false","0","吳蘋初","637636","0.28396226","PERSON"
"3.936","4.99E-6","0.25406504","0.0","4","7","false","季直","28.0","4","0","0","0.67377778","false","0","季直","93540","0.43548387","PERSON"
"3.49535135","1.416E-5","0.28609427","0.0","2","7","false","葛吉卿","504.0","2","0","0","0.72273874","false","0","葛吉卿","7798","0.50199601","PERSON"
"4.20151351","1.0E-8","0.23800947","0.0","2","8","false","姚竹賢","12.0","2","0","0","0.64427628","false","0","姚竹賢","2","1.0","PERSON"
"3.20216216","6.4207E-4","0.31228899","0.0","12","7","false","仁濟痒堂","100.75","12","0","0","0.75531532","false","0","仁濟痒堂","4192008","0.17347826","ORG"
"4.20151351","1.0E-8","0.23800947","0.0","2","8","false","陳楚儒","12.0","2","0","0","0.64427628","false","0","陳楚儒","2","1.0","PERSON"
"3.49535135","1.416E-5","0.28609427","0.0","2","7","false","王　　　慶　裕","504.0","2","0","0","0.72273874","false","0","王　　　慶　裕","7798","0.50199601","PERSON"
"4.29621622","0.0","0.23276296","0.0","1","8","false","當奉堂","59.0","1","0","0","0.63375375","false","0","當奉堂","0","0.0","ORG"
"4.37578378","2.579E-5","0.22853049","0.0","14","7","false","白遜荷蘭銀行","30.71428571","14","0","0","0.62491291","true","0","白遜荷蘭銀行","131432","0.32653061","ORG"
"3.49016216","2.113E-5","0.28651964","0.0","2","7","false","沈耀祖","511.5","2","0","0","0.72331532","false","0","沈耀祖","43744","0.50345168","PERSON"
"3.49016216","2.113E-5","0.28651964","0.0","2","7","false","唐榮侯","511.5","2","0","0","0.72331532","false","0","唐榮侯","43744","0.50345168","PERSON"
"3.49578378","0.0","0.28605888","0.0","1","7","false","王君瑞","1003.0","1","0","0","0.72269069","false","0","王君瑞","0","0.0","PERSON"
"3.49578378","0.0","0.28605888","0.0","1","7","false","弄璋","1003.0","1","0","0","0.72269069","false","0","弄璋","0","0.0","PERSON"
"4.21535135","0.0","0.23722815","0.0","1","8","false","高笈雲","7.0","1","0","0","0.64273874","false","0","高笈雲","0","0.0","PERSON"
"3.49491892","1.29E-5","0.28612967","0.0","3","7","false","王程氏","342.33333333","3","0","0","0.72278679","false","0","王程氏","15570","0.34065203","PERSON"
"3.21556757","4.4108E-4","0.31098709","0.0","7","7","false","仁濟育嬰堂","172.28571429","7","0","0","0.75382583","false","0","仁濟育嬰堂","795420","0.30050125","ORG"
"3.49491892","1.29E-5","0.28612967","0.0","3","7","false","石德房","342.33333333","3","0","0","0.72278679","false","0","石德房","15570","0.34065203","PERSON"
"4.20324324","0.01208114","0.23791152","0.0","31","8","false","百善堂","1.16129032","31","0","0","0.64408408","false","0","百善堂","18545608","0.03225806","ORG"
"3.49491892","1.29E-5","0.28612967","0.0","3","7","false","松茂翁","342.33333333","3","0","0","0.72278679","false","0","松茂翁","15570","0.34065203","PERSON"
"5.20302703","0.0","0.19219581","0.0","1","9","false","倪恊興","31.0","1","0","0","0.532997","false","0","倪恊興","0","0.0","PERSON"
"3.46854054","1.2723E-4","0.2883057","0.0","6","7","false","錢崑瑜","205.33333333","6","0","0","0.72571772","false","0","錢崑瑜","660062","0.1927673","PERSON"
"4.37232432","0.00222146","0.2287113","0.0","20","7","false","仁濟醫院","22.65","20","0","0","0.6252973","false","0","仁濟醫院","34726092","0.2327957","ORG"
"5.20302703","0.0","0.19219581","0.0","1","9","false","孫　鴻","31.0","1","0","0","0.532997","false","0","孫　鴻","0","0.0","PERSON"
"3.49491892","1.29E-5","0.28612967","0.0","3","7","false","聞賢記","342.33333333","3","0","0","0.72278679","false","0","聞賢記","15570","0.34065203","PERSON"
"5.20302703","0.0","0.19219581","0.0","1","9","false","同利","31.0","1","0","0","0.532997","false","0","同利","0","0.0","PERSON"
"3.49491892","1.29E-5","0.28612967","0.0","3","7","false","郭善卿","342.33333333","3","0","0","0.72278679","false","0","郭善卿","15570","0.34065203","PERSON"
"5.20302703","0.0","0.19219581","0.0","1","9","false","梁裕芬","31.0","1","0","0","0.532997","false","0","梁裕芬","0","0.0","PERSON"
"3.49578378","0.0","0.28605888","0.0","1","7","false","董曾錢","1003.0","1","0","0","0.72269069","false","0","董曾錢","0","0.0","PERSON"
"5.20302703","0.0","0.19219581","0.0","1","9","false","黄元甫","31.0","1","0","0","0.532997","false","0","黄元甫","0","0.0","PERSON"
"3.49578378","0.0","0.28605888","0.0","1","7","false","君順","1003.0","1","0","0","0.72269069","false","0","君順","0","0.0","PERSON"
"5.20302703","0.0","0.19219581","0.0","1","9","false","黄寶","31.0","1","0","0","0.532997","false","0","黄寶","0","0.0","PERSON"
"3.49578378","0.0","0.28605888","0.0","1","7","false","黎又榮子文翁","1003.0","1","0","0","0.72269069","false","0","黎又榮子文翁","0","0.0","PERSON"
"5.20302703","0.0","0.19219581","0.0","1","9","false","戴敦川","31.0","1","0","0","0.532997","false","0","戴敦川","0","0.0","PERSON"
"3.49491892","1.426E-5","0.28612967","0.0","3","7","false","韓子敬","340.33333333","3","0","0","0.72278679","false","0","韓子敬","15462","0.33865602","PERSON"
"5.20302703","0.0","0.19219581","0.0","1","9","false","鮑　如","31.0","1","0","0","0.532997","false","0","鮑　如","0","0.0","PERSON"
"3.49491892","1.426E-5","0.28612967","0.0","3","7","false","吳文濤","340.33333333","3","0","0","0.72278679","false","0","吳文濤","15462","0.33865602","PERSON"
"5.20302703","0.0","0.19219581","0.0","1","9","false","包壽伯","31.0","1","0","0","0.532997","false","0","包壽伯","0","0.0","PERSON"
"5.20302703","0.0","0.19219581","0.0","1","9","false","羅壽齋","31.0","1","0","0","0.532997","false","0","羅壽齋","0","0.0","PERSON"
"3.49578378","0.0","0.28605888","0.0","1","7","false","翁君靜波","1003.0","1","0","0","0.72269069","false","0","翁君靜波","0","0.0","PERSON"
"5.20302703","0.0","0.19219581","0.0","1","9","false","錢啓豐","31.0","1","0","0","0.532997","false","0","錢啓豐","0","0.0","PERSON"
"3.21686486","4.3215E-4","0.31086167","0.0","4","7","false","仁裕公司","145.0","4","0","0","0.75368168","false","0","仁裕公司","939078","0.25263158","ORG"
"3.49578378","0.0","0.28605888","0.0","1","7","false","沈君英泉","1003.0","1","0","0","0.72269069","false","0","沈君英泉","0","0.0","PERSON"
"5.20302703","0.0","0.19219581","0.0","1","9","false","靜山","31.0","1","0","0","0.532997","false","0","靜山","0","0.0","PERSON"
"4.21578378","7.0E-8","0.23720382","0.0","3","8","false","翁子文","4.0","3","0","0","0.64269069","false","0","翁子文","6","1.0","PERSON"
"5.20302703","0.0","0.19219581","0.0","1","9","false","王　生","31.0","1","0","0","0.532997","false","0","王　生","0","0.0","PERSON"
"3.49578378","0.0","0.28605888","0.0","1","7","false","陳君香","1003.0","1","0","0","0.72269069","false","0","陳君香","0","0.0","PERSON"
"4.21578378","7.0E-8","0.23720382","0.0","3","8","false","陳金狗","4.0","3","0","0","0.64269069","false","0","陳金狗","6","1.0","PERSON"
"5.20302703","0.0","0.19219581","0.0","1","9","false","張和卿","31.0","1","0","0","0.532997","false","0","張和卿","0","0.0","PERSON"
"3.49578378","0.0","0.28605888","0.0","1","7","false","楊枝","1003.0","1","0","0","0.72269069","false","0","楊枝","0","0.0","PERSON"
"4.21578378","7.0E-8","0.23720382","0.0","3","8","false","陳皋齡","4.0","3","0","0","0.64269069","false","0","陳皋齡","6","1.0","PERSON"
"5.20302703","0.0","0.19219581","0.0","1","9","false","王德潤","31.0","1","0","0","0.532997","false","0","王德潤","0","0.0","PERSON"
"3.95805405","2.2823E-4","0.2526494","0.0","8","7","false","白洛特森","24.875","8","0","0","0.67132733","true","0","白洛特森","4492318","0.22738095","PERSON"
"3.49578378","0.0","0.28605888","0.0","1","7","false","邵君","1003.0","1","0","0","0.72269069","false","0","邵君","0","0.0","PERSON"
"5.20302703","0.0","0.19219581","0.0","1","9","false","梁伯華","31.0","1","0","0","0.532997","false","0","梁伯華","0","0.0","PERSON"
"4.432","2.983E-4","0.22563177","0.0","24","7","false","仁記洋行","6.25","24","0","0","0.61866667","false","0","仁記洋行","1604308","0.15441176","ORG"
"3.49578378","0.0","0.28605888","0.0","2","7","false","信厚施","1003.0","2","0","1","0.72269069","false","0","信厚施","0","0.0","PERSON"
"5.20302703","0.0","0.19219581","0.0","1","9","false","陳庠卿","31.0","1","0","0","0.532997","false","0","陳庠卿","0","0.0","PERSON"
"3.95762162","2.5238E-4","0.25267701","0.0","9","7","false","德眞君","23.88888889","9","0","0","0.67137538","true","0","德眞君","4708956","0.21798942","PERSON"
"3.49578378","0.0","0.28605888","0.0","1","7","false","鄧君啓","1003.0","1","0","0","0.72269069","false","0","鄧君啓","0","0.0","PERSON"
"5.20302703","0.0","0.19219581","0.0","1","9","false","朱仲星","31.0","1","0","0","0.532997","false","0","朱仲星","0","0.0","PERSON"
"3.95805405","2.2823E-4","0.2526494","0.0","8","7","false","李米也君","24.875","8","0","0","0.67132733","true","0","李米也君","4492318","0.22738095","PERSON"
"5.20302703","0.0","0.19219581","0.0","1","9","false","朱吟","31.0","1","0","0","0.532997","false","0","朱吟","0","0.0","PERSON"
"3.95805405","2.2823E-4","0.2526494","0.0","8","7","false","麥葛老君","24.875","8","0","0","0.67132733","true","0","麥葛老君","4492318","0.22738095","PERSON"
"5.20302703","0.0","0.19219581","0.0","1","9","false","朱東來","31.0","1","0","0","0.532997","false","0","朱東來","0","0.0","PERSON"
"3.95805405","2.2823E-4","0.2526494","0.0","8","7","false","陳鏡華君","24.875","8","0","0","0.67132733","true","0","陳鏡華君","4492318","0.22738095","PERSON"
"5.20302703","0.0","0.19219581","0.0","1","9","false","朱　哉","31.0","1","0","0","0.532997","false","0","朱　哉","0","0.0","PERSON"
"3.95805405","2.2823E-4","0.2526494","0.0","8","7","false","范枕石君","24.875","8","0","0","0.67132733","true","0","范枕石君","4492318","0.22738095","PERSON"
"3.49535135","5.0E-6","0.28609427","0.0","2","7","false","鍾榮記","508.5","2","0","0","0.72273874","false","0","鍾榮記","7654","0.50648703","PERSON"
"5.20302703","0.0","0.19219581","0.0","1","9","false","朱夏氏","31.0","1","0","0","0.532997","false","0","朱夏氏","0","0.0","PERSON"
"3.95805405","2.2823E-4","0.2526494","0.0","8","7","false","葉明齋","24.875","8","0","0","0.67132733","true","0","葉明齋","4492318","0.22738095","PERSON"
"3.49535135","5.0E-6","0.28609427","0.0","2","7","false","區毓垀","508.5","2","0","0","0.72273874","false","0","區毓垀","7654","0.50648703","PERSON"
"5.20302703","0.0","0.19219581","0.0","1","9","false","王翠記","31.0","1","0","0","0.532997","false","0","王翠記","0","0.0","PERSON"
"3.95805405","2.2823E-4","0.2526494","0.0","8","7","false","立德樂","24.875","8","0","0","0.67132733","true","0","立德樂","4492318","0.22738095","PERSON"
"3.49535135","5.0E-6","0.28609427","0.0","2","7","false","李孫壽","508.5","2","0","0","0.72273874","false","0","李孫壽","7654","0.50648703","PERSON"
"5.20302703","0.0","0.19219581","0.0","1","9","false","洪壽","31.0","1","0","0","0.532997","false","0","洪壽","0","0.0","PERSON"
"3.95805405","2.2823E-4","0.2526494","0.0","8","7","false","丹納門君","24.875","8","0","0","0.67132733","true","0","丹納門君","4492318","0.22738095","PERSON"
"3.49535135","5.0E-6","0.28609427","0.0","2","7","false","鄭恆康","508.5","2","0","0","0.72273874","false","0","鄭恆康","7654","0.50648703","PERSON"
"5.20302703","0.0","0.19219581","0.0","1","9","false","王楊氏","31.0","1","0","0","0.532997","false","0","王楊氏","0","0.0","PERSON"
"3.95762162","2.5238E-4","0.25267701","0.0","9","7","false","李佳白君","23.88888889","9","0","0","0.67137538","true","0","李佳白君","4708956","0.21798942","PERSON"
"3.49578378","0.0","0.28605888","0.0","1","7","false","吳君祥","1003.0","1","0","0","0.72269069","false","0","吳君祥","0","0.0","PERSON"
"5.20302703","0.0","0.19219581","0.0","1","9","false","王巧記","31.0","1","0","0","0.532997","false","0","王巧記","0","0.0","PERSON"
"3.96021622","1.976E-5","0.25251147","0.0","3","7","false","丁制軍","48.66666667","3","0","0","0.67108709","true","0","丁制軍","171094","0.45396825","PERSON"
"3.49578378","0.0","0.28605888","0.0","1","7","false","西隱","1003.0","1","0","0","0.72269069","false","0","西隱","0","0.0","PERSON"
"3.96021622","1.976E-5","0.25251147","0.0","3","7","false","佳白君","48.66666667","3","0","0","0.67108709","true","0","佳白君","171094","0.45396825","PERSON"
"5.20302703","0.0","0.19219581","0.0","1","9","false","蔣君","31.0","1","0","0","0.532997","false","0","蔣君","0","0.0","PERSON"
"3.49578378","0.0","0.28605888","0.0","1","7","false","伏希鑒","1003.0","1","0","0","0.72269069","false","0","伏希鑒","0","0.0","PERSON"
"3.96021622","1.976E-5","0.25251147","0.0","3","7","false","李君之","48.66666667","3","0","0","0.67108709","true","0","李君之","171094","0.45396825","PERSON"
"5.20302703","0.0","0.19219581","0.0","1","9","false","宋嘉","31.0","1","0","0","0.532997","false","0","宋嘉","0","0.0","PERSON"
"3.49578378","0.0","0.28605888","0.0","1","7","false","唐樂俊","1003.0","1","0","0","0.72269069","false","0","唐樂俊","0","0.0","PERSON"
"3.96021622","1.976E-5","0.25251147","0.0","3","7","false","慕君","48.66666667","3","0","0","0.67108709","true","0","慕君","171094","0.45396825","PERSON"
"3.09578378","0.01857692","0.32301997","0.0","125","7","false","益善堂","28.69902913","125","0","8","0.76713514","false","0","益善堂","117080648","0.04348356","ORG"
"3.49578378","0.0","0.28605888","0.0","1","7","false","徐君吉","1003.0","1","0","0","0.72269069","false","0","徐君吉","0","0.0","PERSON"
"3.96021622","1.976E-5","0.25251147","0.0","3","7","false","麥葛老","48.66666667","3","0","0","0.67108709","true","0","麥葛老","171094","0.45396825","PERSON"
"3.49578378","0.0","0.28605888","0.0","1","7","false","徐君","1003.0","1","0","0","0.72269069","false","0","徐君","0","0.0","PERSON"
"3.94421622","0.0018666","0.2535358","0.0","11","7","false","司馬","22.36363636","11","0","0","0.67286486","true","0","司馬","19840772","0.17952636","PERSON"
"3.49578378","0.0","0.28605888","0.0","1","7","false","薛君逸山","1003.0","1","0","0","0.72269069","false","0","薛君逸山","0","0.0","PERSON"
"3.96021622","1.976E-5","0.25251147","0.0","3","7","false","葉間齋","48.66666667","3","0","0","0.67108709","true","0","葉間齋","171094","0.45396825","PERSON"
"3.49578378","0.0","0.28605888","0.0","1","7","false","王君駿","1003.0","1","0","0","0.72269069","false","0","王君駿","0","0.0","PERSON"
"3.96021622","1.976E-5","0.25251147","0.0","3","7","false","吳伸懌","48.66666667","3","0","0","0.67108709","true","0","吳伸懌","171094","0.45396825","PERSON"
"3.96021622","1.976E-5","0.25251147","0.0","3","7","false","立德樂君","48.66666667","3","0","0","0.67108709","true","0","立德樂君","171094","0.45396825","PERSON"
"3.49578378","0.0","0.28605888","0.0","1","7","false","朱君子卿","1003.0","1","0","0","0.72269069","false","0","朱君子卿","0","0.0","PERSON"
"3.96021622","1.976E-5","0.25251147","0.0","3","7","false","德祿君","48.66666667","3","0","0","0.67108709","true","0","德祿君","171094","0.45396825","PERSON"
"3.49578378","0.0","0.28605888","0.0","1","7","false","蔡君仲甫","1003.0","1","0","0","0.72269069","false","0","蔡君仲甫","0","0.0","PERSON"
"3.96021622","1.976E-5","0.25251147","0.0","3","7","false","鏡華","48.66666667","3","0","0","0.67108709","true","0","鏡華","171094","0.45396825","PERSON"
"3.96021622","1.976E-5","0.25251147","0.0","3","7","false","薛福君","48.66666667","3","0","0","0.67108709","true","0","薛福君","171094","0.45396825","PERSON"
"3.92994595","4.2693E-4","0.25445643","0.0","4","7","false","陳承哉","29.5","4","0","0","0.67445045","false","0","陳承哉","2056134","0.26146789","PERSON"
"4.9292973","1.23E-6","0.20286867","0.0","2","8","false","仁風申報館","3.5","2","0","0","0.56341141","false","0","仁風申報館","2044","0.83333333","ORG"
"3.49578378","0.0","0.28605888","0.0","1","7","false","裴免翁","1003.0","1","0","0","0.72269069","false","0","裴免翁","0","0.0","PERSON"
"4.04367568","1.854E-4","0.24729975","0.0","3","7","false","黃懋章","24.0","3","0","0","0.66181381","false","0","黃懋章","867842","0.359375","PERSON"
"3.49578378","0.0","0.28605888","0.0","1","7","false","東翁","1003.0","1","0","0","0.72269069","false","0","東翁","0","0.0","PERSON"
"3.09621622","8.4896E-4","0.32297486","0.0","61","7","false","企雲堂","52.52459016","61","0","0","0.76708709","false","0","企雲堂","19247848","0.07842403","ORG"
"3.49578378","0.0","0.28605888","0.0","1","7","false","孟子","1003.0","1","0","0","0.72269069","false","0","孟子","0","0.0","PERSON"
"3.49578378","0.0","0.28605888","0.0","1","7","false","許君春榮","1003.0","1","0","0","0.72269069","false","0","許君春榮","0","0.0","PERSON"
"3.49578378","0.0","0.28605888","0.0","1","7","false","許君永樑","1003.0","1","0","0","0.72269069","false","0","許君永樑","0","0.0","PERSON"
"3.49578378","0.0","0.28605888","0.0","1","7","false","春疇","1003.0","1","0","0","0.72269069","false","0","春疇","0","0.0","PERSON"
"3.49578378","0.0","0.28605888","0.0","1","7","false","川葉樹德堂","1003.0","1","0","0","0.72269069","false","0","川葉樹德堂","0","0.0","PERSON"
"3.49578378","0.0","0.28605888","0.0","1","7","false","楊麗川","1003.0","1","0","0","0.72269069","false","0","楊麗川","0","0.0","PERSON"
"3.49578378","0.0","0.28605888","0.0","1","7","false","神户全益","1003.0","1","0","0","0.72269069","false","0","神户全益","0","0.0","PERSON"
"3.49578378","0.0","0.28605888","0.0","1","7","false","陳兪氏","1003.0","1","0","0","0.72269069","false","0","陳兪氏","0","0.0","PERSON"
"3.49578378","0.0","0.28605888","0.0","1","7","false","妙根","1003.0","1","0","0","0.72269069","false","0","妙根","0","0.0","PERSON"
"3.49578378","0.0","0.28605888","0.0","1","7","false","紀蓮溪翁","1003.0","1","0","0","0.72269069","false","0","紀蓮溪翁","0","0.0","PERSON"
"4.09556757","0.0","0.2441664","0.0","1","8","false","陳善","103.0","1","0","0","0.65604805","false","0","陳善","0","0.0","PERSON"
"3.49578378","0.0","0.28605888","0.0","1","7","false","徐　　翁承","1003.0","1","0","0","0.72269069","false","0","徐　　翁承","0","0.0","PERSON"
"3.49578378","0.0","0.28605888","0.0","1","7","false","韓少懹","1003.0","1","0","0","0.72269069","false","0","韓少懹","0","0.0","PERSON"
"4.09556757","0.0","0.2441664","0.0","1","8","false","翁善記","103.0","1","0","0","0.65604805","false","0","翁善記","0","0.0","PERSON"
"3.49578378","0.0","0.28605888","0.0","1","7","false","岑仲良","1003.0","1","0","0","0.72269069","false","0","岑仲良","0","0.0","PERSON"
"4.09556757","0.0","0.2441664","0.0","1","8","false","翁天順","103.0","1","0","0","0.65604805","false","0","翁天順","0","0.0","PERSON"
"3.49578378","0.0","0.28605888","0.0","1","7","false","周小農","1003.0","1","0","0","0.72269069","false","0","周小農","0","0.0","PERSON"
"3.49578378","0.0","0.28605888","0.0","1","7","false","葉希珍","1003.0","1","0","0","0.72269069","false","0","葉希珍","0","0.0","PERSON"
"3.49578378","0.0","0.28605888","0.0","1","7","false","王照亭","1003.0","1","0","0","0.72269069","false","0","王照亭","0","0.0","PERSON"
"3.49578378","0.0","0.28605888","0.0","1","7","false","張雲洲","1003.0","1","0","0","0.72269069","false","0","張雲洲","0","0.0","PERSON"
"3.49578378","0.0","0.28605888","0.0","1","7","false","俞氏治","1003.0","1","0","0","0.72269069","false","0","俞氏治","0","0.0","PERSON"
"4.09556757","0.0","0.2441664","0.0","1","8","false","尹子　翁","103.0","1","0","0","0.65604805","false","0","尹子　翁","0","0.0","PERSON"
"3.49578378","0.0","0.28605888","0.0","1","7","false","李意城","1003.0","1","0","0","0.72269069","false","0","李意城","0","0.0","PERSON"
"4.09556757","0.0","0.2441664","0.0","1","8","false","翁瑞昌","103.0","1","0","0","0.65604805","false","0","翁瑞昌","0","0.0","PERSON"
"3.49578378","0.0","0.28605888","0.0","1","7","false","丁廿仁","1003.0","1","0","0","0.72269069","false","0","丁廿仁","0","0.0","PERSON"
"3.49578378","0.0","0.28605888","0.0","1","7","false","巢仰蜂","1003.0","1","0","0","0.72269069","false","0","巢仰蜂","0","0.0","PERSON"
"3.49578378","0.0","0.28605888","0.0","1","7","false","徐宗楊","1003.0","1","0","0","0.72269069","false","0","徐宗楊","0","0.0","PERSON"
"4.09556757","0.0","0.2441664","0.0","1","8","false","荷恩施","103.0","1","0","0","0.65604805","false","0","荷恩施","0","0.0","PERSON"
"3.49318919","6.02E-6","0.28627135","0.0","3","7","false","張子貞","362.66666667","3","0","0","0.72297898","false","0","張子貞","27552","0.35950961","PERSON"
"4.09556757","0.0","0.2441664","0.0","1","8","false","嚴　厚施","103.0","1","0","0","0.65604805","false","0","嚴　厚施","0","0.0","PERSON"
"3.49318919","6.02E-6","0.28627135","0.0","3","7","false","戴季　翁","362.66666667","3","0","0","0.72297898","false","0","戴季　翁","27552","0.35950961","PERSON"
"3.49318919","6.02E-6","0.28627135","0.0","3","7","false","李　巖","362.66666667","3","0","0","0.72297898","false","0","李　巖","27552","0.35950961","PERSON"
"4.37578378","2.579E-5","0.22853049","0.0","14","7","false","伍而澤沛","30.71428571","14","0","0","0.62491291","false","0","伍而澤沛","131432","0.32653061","ORG"
"3.49318919","6.02E-6","0.28627135","0.0","3","7","false","呂義泰","362.66666667","3","0","0","0.72297898","false","0","呂義泰","27552","0.35950961","PERSON"
"3.49318919","6.02E-6","0.28627135","0.0","3","7","false","陳明伏乞聖鑒","362.66666667","3","0","0","0.72297898","false","0","陳明伏乞聖鑒","27552","0.35950961","PERSON"
"4.09556757","0.0","0.2441664","0.0","1","8","false","於令","103.0","1","0","0","0.65604805","false","0","於令","0","0.0","PERSON"
"3.49578378","0.0","0.28605888","0.0","1","7","false","王君煕","1003.0","1","0","0","0.72269069","false","0","王君煕","0","0.0","PERSON"
"3.49578378","0.0","0.28605888","0.0","1","7","false","王君紹康","1003.0","1","0","0","0.72269069","false","0","王君紹康","0","0.0","PERSON"
"3.33535135","3.7966E-4","0.29981849","0.0","9","7","false","祝蘭航","168.66666667","9","0","0","0.74051652","false","0","祝蘭航","3755500","0.1389119","PERSON"
"3.13686486","0.00147781","0.31878963","0.0","60","7","false","保安丹會","51.0","60","0","8","0.76257057","false","0","保安丹會","16342508","0.08064516","ORG"
"3.33535135","3.7966E-4","0.29981849","0.0","9","7","false","李　嚴綸","168.66666667","9","0","0","0.74051652","false","0","李　嚴綸","3755500","0.1389119","PERSON"
"4.09556757","0.0","0.2441664","0.0","1","8","false","吳君渭","103.0","1","0","0","0.65604805","false","0","吳君渭","0","0.0","PERSON"
"4.09556757","0.0","0.2441664","0.0","1","8","false","吳君","103.0","1","0","0","0.65604805","false","0","吳君","0","0.0","PERSON"
"3.33535135","3.7966E-4","0.29981849","0.0","9","7","false","徐俊艮","168.66666667","9","0","0","0.74051652","false","0","徐俊艮","3755500","0.1389119","PERSON"
"3.49578378","0.0","0.28605888","0.0","1","7","false","巢雲崧","1003.0","1","0","0","0.72269069","false","0","巢雲崧","0","0.0","PERSON"
"3.33535135","3.7966E-4","0.29981849","0.0","9","7","false","胡绥之","168.66666667","9","0","0","0.74051652","false","0","胡绥之","3755500","0.1389119","PERSON"
"3.49578378","0.0","0.28605888","0.0","2","7","false","錢君秉荃","1003.0","2","0","1","0.72269069","false","0","錢君秉荃","0","0.0","PERSON"
"3.49535135","4.17E-6","0.28609427","0.0","2","7","false","李士慶","510.5","2","0","0","0.72273874","false","0","李士慶","7716","0.50848303","PERSON"
"3.30248649","5.5825E-4","0.30280215","0.0","14","7","false","龔　銘施","129.23076923","14","0","1","0.74416817","false","0","龔　銘施","5620726","0.10217591","PERSON"
"3.49535135","4.17E-6","0.28609427","0.0","2","7","false","葉用霞","510.5","2","0","0","0.72273874","false","0","葉用霞","7716","0.50848303","PERSON"
"3.49535135","4.17E-6","0.28609427","0.0","2","7","false","李玉泉","510.5","2","0","0","0.72273874","false","0","李玉泉","7716","0.50848303","PERSON"
"3.33535135","3.7966E-4","0.29981849","0.0","9","7","false","周文蓀","168.66666667","9","0","0","0.74051652","false","0","周文蓀","3755500","0.1389119","PERSON"
"3.49535135","4.17E-6","0.28609427","0.0","2","7","false","史瑞来","510.5","2","0","0","0.72273874","false","0","史瑞来","7716","0.50848303","PERSON"
"3.49535135","4.17E-6","0.28609427","0.0","2","7","false","鄧　釗","510.5","2","0","0","0.72273874","false","0","鄧　釗","7716","0.50848303","PERSON"
"3.49535135","4.17E-6","0.28609427","0.0","2","7","false","鄧啓源","510.5","2","0","0","0.72273874","false","0","鄧啓源","7716","0.50848303","PERSON"
"3.49318919","8.52E-6","0.28627135","0.0","5","7","false","陸全木","260.8","5","0","0","0.72297898","false","0","陸全木","31096","0.25876494","PERSON"
"3.07286486","0.01997674","0.32542921","0.0","210","7","false","益善堂司","27.45333333","210","0","22","0.76968168","false","0","益善堂司","165591988","0.04082305","ORG"
"3.49318919","8.52E-6","0.28627135","0.0","6","7","false","黄佐","260.8","6","0","1","0.72297898","false","0","黄佐","31096","0.25876494","PERSON"
"3.49535135","1.29E-6","0.28609427","0.0","2","7","false","莊姜晨","534.5","2","0","0","0.72273874","false","0","莊姜晨","5628","0.53243513","PERSON"
"4.07264865","0.0","0.24554045","0.0","1","8","false","李　　　韓　生","150.0","1","0","0","0.65859459","false","0","李　　　韓　生","0","0.0","PERSON"
"3.49535135","1.29E-6","0.28609427","0.0","2","7","false","袁詠生","534.5","2","0","0","0.72273874","false","0","袁詠生","5628","0.53243513","PERSON"
"3.47805405","5.738E-5","0.2875171","0.0","11","7","false","曹德大","167.0","11","0","1","0.72466066","false","0","曹德大","228292","0.16038647","PERSON"
"3.49491892","1.021E-5","0.28612967","0.0","3","7","false","王仁成","343.66666667","3","0","0","0.72278679","false","0","王仁成","14690","0.3419827","PERSON"
"4.07264865","0.0","0.24554045","0.0","1","8","false","徐俊","150.0","1","0","0","0.65859459","false","0","徐俊","0","0.0","PERSON"
"3.49318919","8.52E-6","0.28627135","0.0","5","7","false","萬有全","260.8","5","0","0","0.72297898","false","0","萬有全","31096","0.25876494","PERSON"
"3.49491892","1.021E-5","0.28612967","0.0","3","7","false","潘中和","343.66666667","3","0","0","0.72278679","false","0","潘中和","14690","0.3419827","PERSON"
"4.07264865","0.0","0.24554045","0.0","1","8","false","蕭元昌","150.0","1","0","0","0.65859459","false","0","蕭元昌","0","0.0","PERSON"
"3.49318919","8.52E-6","0.28627135","0.0","5","7","false","萬和祥","260.8","5","0","0","0.72297898","false","0","萬和祥","31096","0.25876494","PERSON"
"4.07264865","0.0","0.24554045","0.0","1","8","false","嚴僧厚　心銘","150.0","1","0","0","0.65859459","false","0","嚴僧厚　心銘","0","0.0","PERSON"
"3.49318919","8.52E-6","0.28627135","0.0","5","7","false","翁瑞源","260.8","5","0","0","0.72297898","false","0","翁瑞源","31096","0.25876494","PERSON"
"3.49318919","8.52E-6","0.28627135","0.0","5","7","false","朱鶴鳴","260.8","5","0","0","0.72297898","false","0","朱鶴鳴","31096","0.25876494","PERSON"
"3.49318919","8.52E-6","0.28627135","0.0","5","7","false","施德豐","260.8","5","0","0","0.72297898","false","0","施德豐","31096","0.25876494","PERSON"
"3.49318919","8.52E-6","0.28627135","0.0","5","7","false","王欣儒","260.8","5","0","0","0.72297898","false","0","王欣儒","31096","0.25876494","PERSON"
"3.40454054","0.00392406","0.29372539","0.0","20","7","false","吳渭川","97.1","20","0","0","0.73282883","false","0","吳渭川","69239950","0.08534636","PERSON"
"3.49578378","0.0","0.28605888","0.0","1","7","false","崔瑞廷","1003.0","1","0","0","0.72269069","false","0","崔瑞廷","0","0.0","PERSON"
"3.49318919","8.52E-6","0.28627135","0.0","5","7","false","翁華彰","260.8","5","0","0","0.72297898","false","0","翁華彰","31096","0.25876494","PERSON"
"3.48540541","3.864E-5","0.28691067","0.0","9","7","false","馮德基","167.77777778","9","0","0","0.72384384","false","0","馮德基","342132","0.16415136","PERSON"
"3.49578378","0.0","0.28605888","0.0","1","7","false","吳蘋","1003.0","1","0","0","0.72269069","false","0","吳蘋","0","0.0","PERSON"
"3.49318919","8.52E-6","0.28627135","0.0","5","7","false","翁盛","260.8","5","0","0","0.72297898","false","0","翁盛","31096","0.25876494","PERSON"
"3.49578378","0.0","0.28605888","0.0","1","7","false","張名道","1003.0","1","0","0","0.72269069","false","0","張名道","0","0.0","PERSON"
"3.42832432","1.8834E-4","0.29168769","0.0","20","7","false","楊萬順","107.41176471","20","0","2","0.73018619","false","0","楊萬順","1792534","0.09717969","PERSON"
"3.49578378","0.0","0.28605888","0.0","1","7","false","朱子祥","1003.0","1","0","0","0.72269069","false","0","朱子祥","0","0.0","PERSON"
"3.36389189","3.52E-4","0.29727471","0.0","24","7","false","余洪記","97.85","24","0","3","0.73734535","false","0","余洪記","3617934","0.08480736","PERSON"
"3.49578378","0.0","0.28605888","0.0","1","7","false","柳門","1003.0","1","0","0","0.72269069","false","0","柳門","0","0.0","PERSON"
"3.49318919","8.52E-6","0.28627135","0.0","5","7","false","嚴信厚施則","260.8","5","0","0","0.72297898","false","0","嚴信厚施則","31096","0.25876494","PERSON"
"3.49578378","0.0","0.28605888","0.0","1","7","false","汪世德","1003.0","1","0","0","0.72269069","false","0","汪世德","0","0.0","PERSON"
"3.49578378","0.0","0.28605888","0.0","1","7","false","朱阿大","1003.0","1","0","0","0.72269069","false","0","朱阿大","0","0.0","PERSON"
"3.49491892","8.41E-6","0.28612967","0.0","3","7","false","張玉芝","354.66666667","3","0","0","0.72278679","false","0","張玉芝","13878","0.35296075","PERSON"
"3.48583784","3.358E-5","0.28687508","0.0","2","7","false","董信厚","518.5","2","0","0","0.7237958","false","0","董信厚","116136","0.50537109","PERSON"
"3.49491892","8.41E-6","0.28612967","0.0","3","7","false","黄　三翁","354.66666667","3","0","0","0.72278679","false","0","黄　三翁","13878","0.35296075","PERSON"
"3.48583784","3.358E-5","0.28687508","0.0","2","7","false","大椿","518.5","2","0","0","0.7237958","false","0","大椿","116136","0.50537109","PERSON"
"3.49578378","0.0","0.28605888","0.0","1","7","false","戴子苓","1003.0","1","0","0","0.72269069","false","0","戴子苓","0","0.0","PERSON"
"3.49578378","0.0","0.28605888","0.0","1","7","false","鄭維鈺","1003.0","1","0","0","0.72269069","false","0","鄭維鈺","0","0.0","PERSON"
"3.49578378","0.0","0.28605888","0.0","1","7","false","王秀之","1003.0","1","0","0","0.72269069","false","0","王秀之","0","0.0","PERSON"
"3.46118919","9.29E-5","0.28891804","0.0","11","7","false","吴志和","161.0","11","0","0","0.72653453","false","0","吴志和","743122","0.15209125","PERSON"
"3.49578378","0.0","0.28605888","0.0","1","7","false","袁聯","1003.0","1","0","0","0.72269069","false","0","袁聯","0","0.0","PERSON"
"3.10832432","0.01376394","0.32171675","0.0","83","7","false","保安堂","33.7804878","83","0","1","0.76574174","false","0","保安堂","94198546","0.05121951","ORG"
"3.46118919","9.29E-5","0.28891804","0.0","11","7","false","楊吴氏","161.0","11","0","0","0.72653453","false","0","楊吴氏","743122","0.15209125","PERSON"
"3.49578378","0.0","0.28605888","0.0","1","7","false","楊君季明","1003.0","1","0","0","0.72269069","false","0","楊君季明","0","0.0","PERSON"
"3.46118919","9.29E-5","0.28891804","0.0","11","7","false","羅滋卿","161.0","11","0","0","0.72653453","false","0","羅滋卿","743122","0.15209125","PERSON"
"3.49578378","0.0","0.28605888","0.0","1","7","false","胡君回生","1003.0","1","0","0","0.72269069","false","0","胡君回生","0","0.0","PERSON"
"3.46118919","9.29E-5","0.28891804","0.0","11","7","false","金幼","161.0","11","0","0","0.72653453","false","0","金幼","743122","0.15209125","PERSON"
"3.49578378","0.0","0.28605888","0.0","1","7","false","湯君子青","1003.0","1","0","0","0.72269069","false","0","湯君子青","0","0.0","PERSON"
"3.46118919","9.29E-5","0.28891804","0.0","11","7","false","李瑞生","161.0","11","0","0","0.72653453","false","0","李瑞生","743122","0.15209125","PERSON"
"3.49578378","0.0","0.28605888","0.0","1","7","false","周君潤","1003.0","1","0","0","0.72269069","false","0","周君潤","0","0.0","PERSON"
"3.46118919","9.29E-5","0.28891804","0.0","11","7","false","鄭榮椿","161.0","11","0","0","0.72653453","false","0","鄭榮椿","743122","0.15209125","PERSON"
"3.49578378","0.0","0.28605888","0.0","1","7","false","汪君菉","1003.0","1","0","0","0.72269069","false","0","汪君菉","0","0.0","PERSON"
"3.49578378","0.0","0.28605888","0.0","1","7","false","陳君振","1003.0","1","0","0","0.72269069","false","0","陳君振","0","0.0","PERSON"
"3.46118919","9.29E-5","0.28891804","0.0","11","7","false","司徒翁","161.0","11","0","0","0.72653453","false","0","司徒翁","743122","0.15209125","PERSON"
"3.49578378","0.0","0.28605888","0.0","1","7","false","周君延","1003.0","1","0","0","0.72269069","false","0","周君延","0","0.0","PERSON"
"3.49578378","0.0","0.28605888","0.0","1","7","false","馬君壽民","1003.0","1","0","0","0.72269069","false","0","馬君壽民","0","0.0","PERSON"
"3.30983784","7.5245E-4","0.30212961","0.0","16","7","false","徐吉雲","136.5625","16","0","0","0.74335135","false","0","徐吉雲","8592136","0.10897307","PERSON"
"3.49578378","0.0","0.28605888","0.0","1","7","false","巢君松亭","1003.0","1","0","0","0.72269069","false","0","巢君松亭","0","0.0","PERSON"
"3.25102703","0.00185146","0.30759511","0.0","31","7","false","莊菱晨","98.27586207","31","0","2","0.74988589","false","0","莊菱晨","23948624","0.07319478","PERSON"
"3.49578378","0.0","0.28605888","0.0","1","7","false","汪君息","1003.0","1","0","0","0.72269069","false","0","汪君息","0","0.0","PERSON"
"3.49578378","0.0","0.28605888","0.0","1","7","false","徐君宗","1003.0","1","0","0","0.72269069","false","0","徐君宗","0","0.0","PERSON"
"3.46118919","9.29E-5","0.28891804","0.0","11","7","false","曹骥良","161.0","11","0","0","0.72653453","false","0","曹骥良","743122","0.15209125","PERSON"
"3.46118919","9.29E-5","0.28891804","0.0","11","7","false","周俊卿","161.0","11","0","0","0.72653453","false","0","周俊卿","743122","0.15209125","PERSON"
"3.49535135","3.66E-6","0.28609427","0.0","2","7","false","翁利泰昌","514.5","2","0","0","0.72273874","false","0","翁利泰昌","7648","0.51247505","PERSON"
"3.41232432","1.8032E-4","0.29305538","0.0","22","7","false","錢坤裕","119.55","22","0","2","0.73196396","false","0","錢坤裕","2031240","0.10660971","PERSON"
"3.49535135","3.66E-6","0.28609427","0.0","2","7","false","姜子鴻","514.5","2","0","0","0.72273874","false","0","姜子鴻","7648","0.51247505","PERSON"
"3.46118919","9.29E-5","0.28891804","0.0","11","7","false","許楚卿","161.0","11","0","0","0.72653453","false","0","許楚卿","743122","0.15209125","PERSON"
"3.49535135","3.66E-6","0.28609427","0.0","2","7","false","趙馥翁","514.5","2","0","0","0.72273874","false","0","趙馥翁","7648","0.51247505","PERSON"
"3.46118919","9.29E-5","0.28891804","0.0","11","7","false","呂尚鈞","161.0","11","0","0","0.72653453","false","0","呂尚鈞","743122","0.15209125","PERSON"
"3.49535135","3.66E-6","0.28609427","0.0","2","7","false","莊筱翁","514.5","2","0","0","0.72273874","false","0","莊筱翁","7648","0.51247505","PERSON"
"3.46118919","9.29E-5","0.28891804","0.0","11","7","false","張書樵","161.0","11","0","0","0.72653453","false","0","張書樵","743122","0.15209125","PERSON"
"3.49535135","3.66E-6","0.28609427","0.0","2","7","false","何瑞翁","514.5","2","0","0","0.72273874","false","0","何瑞翁","7648","0.51247505","PERSON"
"3.46118919","9.29E-5","0.28891804","0.0","11","7","false","徐子湘","161.0","11","0","0","0.72653453","false","0","徐子湘","743122","0.15209125","PERSON"
"3.49535135","3.66E-6","0.28609427","0.0","2","7","false","黄介翁","514.5","2","0","0","0.72273874","false","0","黄介翁","7648","0.51247505","PERSON"
"3.46118919","9.29E-5","0.28891804","0.0","11","7","false","陳子川","161.0","11","0","0","0.72653453","false","0","陳子川","743122","0.15209125","PERSON"
"3.49535135","3.66E-6","0.28609427","0.0","2","7","false","莊菱翁","514.5","2","0","0","0.72273874","false","0","莊菱翁","7648","0.51247505","PERSON"
"3.46118919","9.29E-5","0.28891804","0.0","11","7","false","程大","161.0","11","0","0","0.72653453","false","0","程大","743122","0.15209125","PERSON"
"3.49535135","3.66E-6","0.28609427","0.0","2","7","false","姜蘭翁","514.5","2","0","0","0.72273874","false","0","姜蘭翁","7648","0.51247505","PERSON"
"3.46118919","9.29E-5","0.28891804","0.0","11","7","false","森榮記","161.0","11","0","0","0.72653453","false","0","森榮記","743122","0.15209125","PERSON"
"3.49535135","3.66E-6","0.28609427","0.0","2","7","false","袁子翁","514.5","2","0","0","0.72273874","false","0","袁子翁","7648","0.51247505","PERSON"
"3.49535135","3.66E-6","0.28609427","0.0","2","7","false","徐慶堂","514.5","2","0","0","0.72273874","false","0","徐慶堂","7648","0.51247505","PERSON"
"3.49535135","3.66E-6","0.28609427","0.0","2","7","false","朱瑞翁","514.5","2","0","0","0.72273874","false","0","朱瑞翁","7648","0.51247505","PERSON"
"3.49535135","3.66E-6","0.28609427","0.0","2","7","false","周翼翁","514.5","2","0","0","0.72273874","false","0","周翼翁","7648","0.51247505","PERSON"
"3.46118919","9.29E-5","0.28891804","0.0","11","7","false","孫成溪","161.0","11","0","0","0.72653453","false","0","孫成溪","743122","0.15209125","PERSON"
"3.49535135","3.66E-6","0.28609427","0.0","2","7","false","林榮翁","514.5","2","0","0","0.72273874","false","0","林榮翁","7648","0.51247505","PERSON"
"4.07264865","0.0","0.24554045","0.0","1","8","false","嚴信厚施則敬","150.0","1","0","0","0.65859459","false","0","嚴信厚施則敬","0","0.0","PERSON"
"3.46118919","9.29E-5","0.28891804","0.0","11","7","false","筱巖","161.0","11","0","0","0.72653453","false","0","筱巖","743122","0.15209125","PERSON"
"3.49535135","3.66E-6","0.28609427","0.0","2","7","false","吕尚翁","514.5","2","0","0","0.72273874","false","0","吕尚翁","7648","0.51247505","PERSON"
"3.49535135","3.66E-6","0.28609427","0.0","2","7","false","王海翁","514.5","2","0","0","0.72273874","false","0","王海翁","7648","0.51247505","PERSON"
"3.49535135","3.66E-6","0.28609427","0.0","2","7","false","何立翁","514.5","2","0","0","0.72273874","false","0","何立翁","7648","0.51247505","PERSON"
"3.49535135","3.66E-6","0.28609427","0.0","2","7","false","朱衡翁","514.5","2","0","0","0.72273874","false","0","朱衡翁","7648","0.51247505","PERSON"
"3.49535135","3.66E-6","0.28609427","0.0","2","7","false","邵雲翁","514.5","2","0","0","0.72273874","false","0","邵雲翁","7648","0.51247505","PERSON"
"3.75654054","5.046E-5","0.26620237","0.0","6","7","false","錢興成","56.33333333","6","0","0","0.69371772","false","0","錢興成","792200","0.20724095","PERSON"
"3.49535135","3.66E-6","0.28609427","0.0","2","7","false","王柳翁","514.5","2","0","0","0.72273874","false","0","王柳翁","7648","0.51247505","PERSON"
"3.75654054","5.046E-5","0.26620237","0.0","6","7","false","黃大生","56.33333333","6","0","0","0.69371772","false","0","黃大生","792200","0.20724095","PERSON"
"3.49535135","3.66E-6","0.28609427","0.0","2","7","false","林泰","514.5","2","0","0","0.72273874","false","0","林泰","7648","0.51247505","PERSON"
"3.75524324","7.616E-5","0.26629433","0.0","9","7","false","俞春芳","42.55555556","9","0","0","0.69386186","false","0","俞春芳","1189868","0.15563878","PERSON"
"3.49535135","3.66E-6","0.28609427","0.0","2","7","false","王正翁","514.5","2","0","0","0.72273874","false","0","王正翁","7648","0.51247505","PERSON"
"3.75524324","7.616E-5","0.26629433","0.0","9","7","false","張其祥","42.55555556","9","0","0","0.69386186","false","0","張其祥","1189868","0.15563878","PERSON"
"4.07264865","0.0","0.24554045","0.0","1","8","false","褚君吟梅","150.0","1","0","0","0.65859459","false","0","褚君吟梅","0","0.0","PERSON"
"3.49578378","0.0","0.28605888","0.0","1","7","false","劉廷","1003.0","1","0","0","0.72269069","false","0","劉廷","0","0.0","PERSON"
"3.75524324","7.616E-5","0.26629433","0.0","9","7","false","吳興氏","42.55555556","9","0","0","0.69386186","false","0","吳興氏","1189868","0.15563878","PERSON"
"4.07264865","0.0","0.24554045","0.0","1","8","false","孫君鳳","150.0","1","0","0","0.65859459","false","0","孫君鳳","0","0.0","PERSON"
"3.49578378","0.0","0.28605888","0.0","1","7","false","王會汾","1003.0","1","0","0","0.72269069","false","0","王會汾","0","0.0","PERSON"
"3.75654054","5.046E-5","0.26620237","0.0","6","7","false","龔叔記","56.33333333","6","0","0","0.69371772","false","0","龔叔記","792200","0.20724095","PERSON"
"4.07264865","0.0","0.24554045","0.0","1","8","false","林何君","150.0","1","0","0","0.65859459","false","0","林何君","0","0.0","PERSON"
"3.49578378","0.0","0.28605888","0.0","1","7","false","王堯臣","1003.0","1","0","0","0.72269069","false","0","王堯臣","0","0.0","PERSON"
"4.07264865","0.0","0.24554045","0.0","1","8","false","蔡君仲","150.0","1","0","0","0.65859459","false","0","蔡君仲","0","0.0","PERSON"
"3.49578378","0.0","0.28605888","0.0","1","7","false","於翰卿","1003.0","1","0","0","0.72269069","false","0","於翰卿","0","0.0","PERSON"
"4.07264865","0.0","0.24554045","0.0","1","8","false","顧君燕","150.0","1","0","0","0.65859459","false","0","顧君燕","0","0.0","PERSON"
"3.49578378","0.0","0.28605888","0.0","1","7","false","於容生","1003.0","1","0","0","0.72269069","false","0","於容生","0","0.0","PERSON"
"4.10681081","1.12E-6","0.24349795","0.0","4","8","false","森泰","31.75","4","0","0","0.6547988","false","0","森泰","3168","0.37962963","PERSON"
"4.09816216","0.00202059","0.24401182","0.0","9","8","false","奚良濟","21.88888889","9","0","0","0.65575976","false","0","奚良濟","24559948","0.22222222","PERSON"
"4.10681081","1.12E-6","0.24349795","0.0","4","8","false","震泰","31.75","4","0","0","0.6547988","false","0","震泰","3168","0.37962963","PERSON"
"4.07264865","0.0","0.24554045","0.0","1","8","false","陳君立","150.0","1","0","0","0.65859459","false","0","陳君立","0","0.0","PERSON"
"4.10681081","1.12E-6","0.24349795","0.0","4","8","false","祝徐","31.75","4","0","0","0.6547988","false","0","祝徐","3168","0.37962963","PERSON"
"4.07264865","0.0","0.24554045","0.0","1","8","false","陳君九","150.0","1","0","0","0.65859459","false","0","陳君九","0","0.0","PERSON"
"4.10681081","1.12E-6","0.24349795","0.0","4","8","false","姚益生","31.75","4","0","0","0.6547988","false","0","姚益生","3168","0.37962963","PERSON"
"4.07264865","0.0","0.24554045","0.0","1","8","false","湯君子","150.0","1","0","0","0.65859459","false","0","湯君子","0","0.0","PERSON"
"4.10681081","1.12E-6","0.24349795","0.0","4","8","false","黄銳峯","31.75","4","0","0","0.6547988","false","0","黄銳峯","3168","0.37962963","PERSON"
"3.49535135","4.91E-6","0.28609427","0.0","2","7","false","陳海平","510.0","2","0","0","0.72273874","false","0","陳海平","7774","0.50798403","PERSON"
"4.07264865","0.0","0.24554045","0.0","1","8","false","丁君爾昌","150.0","1","0","0","0.65859459","false","0","丁君爾昌","0","0.0","PERSON"
"4.10681081","1.12E-6","0.24349795","0.0","4","8","false","李求父","31.75","4","0","0","0.6547988","false","0","李求父","3168","0.37962963","PERSON"
"3.49535135","4.91E-6","0.28609427","0.0","2","7","false","鄭敬業","510.0","2","0","0","0.72273874","false","0","鄭敬業","7774","0.50798403","PERSON"
"4.07264865","0.0","0.24554045","0.0","1","8","false","祝大棒","150.0","1","0","0","0.65859459","false","0","祝大棒","0","0.0","PERSON"
"3.49535135","4.91E-6","0.28609427","0.0","2","7","false","關西子","510.0","2","0","0","0.72273874","false","0","關西子","7774","0.50798403","PERSON"
"3.49535135","4.91E-6","0.28609427","0.0","2","7","false","黎以炤","510.0","2","0","0","0.72273874","false","0","黎以炤","7774","0.50798403","PERSON"
"4.07264865","0.0","0.24554045","0.0","1","8","false","張明良","150.0","1","0","0","0.65859459","false","0","張明良","0","0.0","PERSON"
"3.49535135","4.91E-6","0.28609427","0.0","2","7","false","黎以銘","510.0","2","0","0","0.72273874","false","0","黎以銘","7774","0.50798403","PERSON"
"3.49535135","4.91E-6","0.28609427","0.0","2","7","false","黎玉麟","510.0","2","0","0","0.72273874","false","0","黎玉麟","7774","0.50798403","PERSON"
"3.49535135","4.91E-6","0.28609427","0.0","2","7","false","陳氏洋","510.0","2","0","0","0.72273874","false","0","陳氏洋","7774","0.50798403","PERSON"
"3.49535135","4.91E-6","0.28609427","0.0","2","7","false","龍氏","510.0","2","0","0","0.72273874","false","0","龍氏","7774","0.50798403","PERSON"
"3.49535135","4.91E-6","0.28609427","0.0","2","7","false","董耕","510.0","2","0","0","0.72273874","false","0","董耕","7774","0.50798403","PERSON"
"3.49535135","4.91E-6","0.28609427","0.0","2","7","false","徐文煥","510.0","2","0","0","0.72273874","false","0","徐文煥","7774","0.50798403","PERSON"
"3.49535135","4.91E-6","0.28609427","0.0","2","7","false","黃宅洋","510.0","2","0","0","0.72273874","false","0","黃宅洋","7774","0.50798403","PERSON"
"3.49535135","4.91E-6","0.28609427","0.0","2","7","false","伊日初","510.0","2","0","0","0.72273874","false","0","伊日初","7774","0.50798403","PERSON"
"3.80583784","0.00158051","0.26275423","0.0","13","7","false","陳潤甫","34.0","13","0","0","0.68824024","false","0","陳潤甫","7642276","0.16176471","PERSON"
"4.72648649","6.5191E-4","0.21157365","0.0","5","8","false","保安堂司","4.4","5","0","0","0.58594595","false","0","保安堂司","3925944","0.26153846","ORG"
"3.49491892","7.95E-6","0.28612967","0.0","3","7","false","阮禮卿","347.66666667","3","0","0","0.72278679","false","0","阮禮卿","15538","0.34597472","PERSON"
"4.07005405","6.1694E-4","0.24569698","0.0","3","8","false","董謹啓","53.33333333","3","0","0","0.65888288","false","0","董謹啓","3218970","0.34204793","PERSON"
"3.49491892","7.95E-6","0.28612967","0.0","3","7","false","曾榆邦","347.66666667","3","0","0","0.72278679","false","0","曾榆邦","15538","0.34597472","PERSON"
"5.72583784","2.0E-8","0.17464693","0.0","2","9","false","常阿二","5.0","2","0","0","0.47490691","false","0","常阿二","2","1.0","PERSON"
"3.49491892","7.95E-6","0.28612967","0.0","3","7","false","閔益齋","347.66666667","3","0","0","0.72278679","false","0","閔益齋","15538","0.34597472","PERSON"
"5.72583784","2.0E-8","0.17464693","0.0","2","9","false","王阿順","5.0","2","0","0","0.47490691","false","0","王阿順","2","1.0","PERSON"
"3.49491892","7.95E-6","0.28612967","0.0","3","7","false","陳桐雲","347.66666667","3","0","0","0.72278679","false","0","陳桐雲","15538","0.34597472","PERSON"
"5.72583784","2.0E-8","0.17464693","0.0","2","9","false","遲鐸齡","5.0","2","0","0","0.47490691","false","0","遲鐸齡","2","1.0","PERSON"
"3.49491892","7.95E-6","0.28612967","0.0","3","7","false","陳義與","347.66666667","3","0","0","0.72278679","false","0","陳義與","15538","0.34597472","PERSON"
"4.16389189","3.0E-8","0.24015993","0.0","3","8","false","魏德春","17.66666667","3","0","0","0.64845646","false","0","魏德春","26","0.83333333","PERSON"
"3.49491892","7.95E-6","0.28612967","0.0","3","7","false","馮永泰","347.66666667","3","0","0","0.72278679","false","0","馮永泰","15538","0.34597472","PERSON"
"3.16713514","6.9761E-4","0.31574276","0.0","16","7","false","保廣仁堂","67.75","16","0","0","0.75920721","false","0","保廣仁堂","6120370","0.11014851","ORG"
"3.49491892","7.95E-6","0.28612967","0.0","3","7","false","梁堅","347.66666667","3","0","0","0.72278679","false","0","梁堅","15538","0.34597472","PERSON"
"4.16389189","3.0E-8","0.24015993","0.0","3","8","false","張舒記","17.66666667","3","0","0","0.64845646","false","0","張舒記","26","0.83333333","PERSON"
"3.49491892","7.95E-6","0.28612967","0.0","3","7","false","黎正任","347.66666667","3","0","0","0.72278679","false","0","黎正任","15538","0.34597472","PERSON"
"4.16389189","3.0E-8","0.24015993","0.0","3","8","false","焦樂翁","17.66666667","3","0","0","0.64845646","false","0","焦樂翁","26","0.83333333","PERSON"
"3.49491892","7.95E-6","0.28612967","0.0","3","7","false","曾玉樵","347.66666667","3","0","0","0.72278679","false","0","曾玉樵","15538","0.34597472","PERSON"
"3.49491892","7.95E-6","0.28612967","0.0","3","7","false","曾熾","347.66666667","3","0","0","0.72278679","false","0","曾熾","15538","0.34597472","PERSON"
"3.49491892","7.95E-6","0.28612967","0.0","3","7","false","曾玉湛","347.66666667","3","0","0","0.72278679","false","0","曾玉湛","15538","0.34597472","PERSON"
"3.49491892","7.95E-6","0.28612967","0.0","3","7","false","楊氏洋","347.66666667","3","0","0","0.72278679","false","0","楊氏洋","15538","0.34597472","PERSON"
"3.49491892","7.95E-6","0.28612967","0.0","3","7","false","常平","347.66666667","3","0","0","0.72278679","false","0","常平","15538","0.34597472","PERSON"
"3.49491892","7.95E-6","0.28612967","0.0","3","7","false","洪氏洋","347.66666667","3","0","0","0.72278679","false","0","洪氏洋","15538","0.34597472","PERSON"
"3.86032432","0.0","0.25904559","0.0","1","7","false","信力","121.0","1","0","0","0.68218619","false","0","信力","0","0.0","ORG"
"3.90443243","1.0354E-4","0.25611917","0.0","3","7","false","信力票力本分局","23.0","3","0","0","0.67728529","false","0","信力票力本分局","836768","0.35483871","ORG"
"3.49578378","0.0","0.28605888","0.0","1","7","false","丁甘仁翁","1003.0","1","0","0","0.72269069","false","0","丁甘仁翁","0","0.0","PERSON"
"4.87610811","6.0E-8","0.20508159","0.0","3","8","false","廖吉人","5.0","3","0","0","0.56932132","false","0","廖吉人","6","1.0","PERSON"
"3.87718919","3.2755E-4","0.2579188","0.0","5","7","false","信孚","29.2","5","0","0","0.68031231","false","0","信孚","5465866","0.21363636","ORG"
"3.49578378","0.0","0.28605888","0.0","1","7","false","邵子","1003.0","1","0","0","0.72269069","false","0","邵子","0","0.0","PERSON"
"4.87610811","6.0E-8","0.20508159","0.0","3","8","false","馮存仁","5.0","3","0","0","0.56932132","false","0","馮存仁","6","1.0","PERSON"
"3.49578378","0.0","0.28605888","0.0","1","7","false","張沛聖","1003.0","1","0","0","0.72269069","false","0","張沛聖","0","0.0","PERSON"
"3.87113514","7.055E-5","0.25832216","0.0","5","7","false","袁子壯","44.8","5","0","0","0.68098498","false","0","袁子壯","729194","0.24606742","PERSON"
"3.49578378","0.0","0.28605888","0.0","1","7","false","蕭孔瑞","1003.0","1","0","0","0.72269069","false","0","蕭孔瑞","0","0.0","PERSON"
"3.49578378","0.0","0.28605888","0.0","1","7","false","繤貽釗","1003.0","1","0","0","0.72269069","false","0","繤貽釗","0","0.0","PERSON"
"3.152","3.408E-4","0.31725888","0.0","26","7","false","信昌隆招商局","75.65384615","26","0","0","0.76088889","false","0","信昌隆招商局","7810402","0.12119131","ORG"
"4.07264865","0.0","0.24554045","0.0","1","8","false","董嚴信原","150.0","1","0","0","0.65859459","false","0","董嚴信原","0","0.0","PERSON"
"3.49578378","0.0","0.28605888","0.0","1","7","false","王金慶","1003.0","1","0","0","0.72269069","false","0","王金慶","0","0.0","PERSON"
"4.07264865","0.0","0.24554045","0.0","1","8","false","葉貽穀","150.0","1","0","0","0.65859459","false","0","葉貽穀","0","0.0","PERSON"
"3.49578378","0.0","0.28605888","0.0","1","7","false","王松桂","1003.0","1","0","0","0.72269069","false","0","王松桂","0","0.0","PERSON"
"3.21167568","5.5157E-4","0.31136394","0.0","16","7","false","益華織布有限公司","48.5","16","0","0","0.75425826","false","0","益華織布有限公司","4939160","0.08333333","ORG"
"3.49578378","0.0","0.28605888","0.0","1","7","false","胡林氏","1003.0","1","0","0","0.72269069","false","0","胡林氏","0","0.0","PERSON"
"3.49578378","0.0","0.28605888","0.0","1","7","false","王關春","1003.0","1","0","0","0.72269069","false","0","王關春","0","0.0","PERSON"
"3.49578378","0.0","0.28605888","0.0","1","7","false","顔景賢","1003.0","1","0","0","0.72269069","false","0","顔景賢","0","0.0","PERSON"
"3.49578378","0.0","0.28605888","0.0","1","7","false","夏甫全","1003.0","1","0","0","0.72269069","false","0","夏甫全","0","0.0","PERSON"
"3.49578378","0.0","0.28605888","0.0","1","7","false","金廷銓","1003.0","1","0","0","0.72269069","false","0","金廷銓","0","0.0","PERSON"
"3.49578378","0.0","0.28605888","0.0","1","7","false","胡桂雲","1003.0","1","0","0","0.72269069","false","0","胡桂雲","0","0.0","PERSON"
"3.12475676","7.926E-4","0.32002491","0.0","47","7","false","信裕堂","48.9787234","47","0","0","0.76391592","false","0","信裕堂","11343260","0.07531982","ORG"
"3.49578378","0.0","0.28605888","0.0","1","7","false","朱子藩","1003.0","1","0","0","0.72269069","false","0","朱子藩","0","0.0","PERSON"
"3.43956757","3.8647E-4","0.29073422","0.0","16","7","false","何林泉","117.0625","16","0","0","0.72893694","false","0","何林泉","6134254","0.10836835","PERSON"
"3.49578378","0.0","0.28605888","0.0","1","7","false","龔釗施","1003.0","1","0","0","0.72269069","false","0","龔釗施","0","0.0","PERSON"
"4.37578378","2.579E-5","0.22853049","0.0","14","7","false","盎霍而特德文報","30.71428571","14","0","0","0.62491291","false","0","盎霍而特德文報","131432","0.32653061","ORG"
"3.44562162","5.434E-5","0.29022339","0.0","11","7","false","曹雨泉","164.81818182","11","0","0","0.72826426","false","0","曹雨泉","658484","0.15396446","PERSON"
"3.44562162","5.434E-5","0.29022339","0.0","11","7","false","費鴻生","164.81818182","11","0","0","0.72826426","false","0","費鴻生","658484","0.15396446","PERSON"
"3.41924324","2.0171E-4","0.29246238","0.0","14","7","false","姜蘭亭","144.14285714","14","0","0","0.7311952","false","0","姜蘭亭","2069368","0.1275783","PERSON"
"3.44562162","5.434E-5","0.29022339","0.0","11","7","false","劉丁甘仁","164.81818182","11","0","0","0.72826426","false","0","劉丁甘仁","658484","0.15396446","PERSON"
"3.44562162","5.434E-5","0.29022339","0.0","11","7","false","孫少川","164.81818182","11","0","0","0.72826426","false","0","孫少川","658484","0.15396446","PERSON"
"3.34875676","8.2224E-4","0.29861829","0.0","22","6","false","盛公館","32.40909091","22","0","0","0.73902703","false","0","盛公館","12960912","0.08822778","ORG"
"3.44562162","5.434E-5","0.29022339","0.0","11","7","false","翁蘇寳森","164.81818182","11","0","0","0.72826426","false","0","翁蘇寳森","658484","0.15396446","PERSON"
"3.49578378","0.0","0.28605888","0.0","1","7","false","葉貽創","1003.0","1","0","0","0.72269069","false","0","葉貽創","0","0.0","PERSON"
"3.44562162","5.434E-5","0.29022339","0.0","11","7","false","翁信昌隆","164.81818182","11","0","0","0.72826426","false","0","翁信昌隆","658484","0.15396446","PERSON"
"3.44562162","5.434E-5","0.29022339","0.0","11","7","false","王省三","164.81818182","11","0","0","0.72826426","false","0","王省三","658484","0.15396446","PERSON"
"3.49578378","0.0","0.28605888","0.0","1","7","false","韓山艷","1003.0","1","0","0","0.72269069","false","0","韓山艷","0","0.0","PERSON"
"3.44562162","5.434E-5","0.29022339","0.0","11","7","false","朱拱之","164.81818182","11","0","0","0.72826426","false","0","朱拱之","658484","0.15396446","PERSON"
"3.49578378","0.0","0.28605888","0.0","1","7","false","周標","1003.0","1","0","0","0.72269069","false","0","周標","0","0.0","PERSON"
"3.49578378","0.0","0.28605888","0.0","1","7","false","黄祺","1003.0","1","0","0","0.72269069","false","0","黄祺","0","0.0","PERSON"
"3.44562162","5.434E-5","0.29022339","0.0","11","7","false","莊筱泉","164.81818182","11","0","0","0.72826426","false","0","莊筱泉","658484","0.15396446","PERSON"
"3.44562162","5.434E-5","0.29022339","0.0","11","7","false","趙廷玉","164.81818182","11","0","0","0.72826426","false","0","趙廷玉","658484","0.15396446","PERSON"
"3.49578378","0.0","0.28605888","0.0","1","7","false","唐藥俊","1003.0","1","0","0","0.72269069","false","0","唐藥俊","0","0.0","PERSON"
"3.41924324","2.0171E-4","0.29246238","0.0","14","7","false","顧南浦","144.14285714","14","0","0","0.7311952","false","0","顧南浦","2069368","0.1275783","PERSON"
"3.49535135","7.54E-6","0.28609427","0.0","2","7","false","麥容氏","506.0","2","0","0","0.72273874","false","0","麥容氏","7790","0.50399202","PERSON"
"3.41924324","2.0171E-4","0.29246238","0.0","14","7","false","顧珠浦","144.14285714","14","0","0","0.7311952","false","0","顧珠浦","2069368","0.1275783","PERSON"
"3.49535135","7.54E-6","0.28609427","0.0","2","7","false","王瑞記","506.0","2","0","0","0.72273874","false","0","王瑞記","7790","0.50399202","PERSON"
"3.44562162","5.434E-5","0.29022339","0.0","11","7","false","葉鴻","164.81818182","11","0","0","0.72826426","false","0","葉鴻","658484","0.15396446","PERSON"
"3.16713514","6.9761E-4","0.31574276","0.0","16","7","false","盛宫","67.75","16","0","0","0.75920721","false","0","盛宫","6120370","0.11014851","ORG"
"3.44562162","5.434E-5","0.29022339","0.0","11","7","false","吳榮寳","164.81818182","11","0","0","0.72826426","false","0","吳榮寳","658484","0.15396446","PERSON"
"3.44562162","5.434E-5","0.29022339","0.0","11","7","false","徐敬","164.81818182","11","0","0","0.72826426","false","0","徐敬","658484","0.15396446","PERSON"
"3.44562162","5.434E-5","0.29022339","0.0","11","7","false","吳仲記","164.81818182","11","0","0","0.72826426","false","0","吳仲記","658484","0.15396446","PERSON"
"3.43913514","8.348E-5","0.29077078","0.0","15","7","false","義昌成","134.85714286","15","0","1","0.72898498","false","0","義昌成","791724","0.12440255","PERSON"
"3.44562162","5.434E-5","0.29022339","0.0","11","7","false","吳謂川","164.81818182","11","0","0","0.72826426","false","0","吳謂川","658484","0.15396446","PERSON"
"3.20389189","1.6265E-4","0.31212039","0.0","14","7","false","廣肇醫院","106.21428571","14","0","0","0.75512312","false","0","廣肇醫院","992904","0.17924069","ORG"
"3.44562162","5.434E-5","0.29022339","0.0","11","7","false","王斗初","164.81818182","11","0","0","0.72826426","false","0","王斗初","658484","0.15396446","PERSON"
"3.44562162","5.434E-5","0.29022339","0.0","11","7","false","朱璜記","164.81818182","11","0","0","0.72826426","false","0","朱璜記","658484","0.15396446","PERSON"
"3.30897297","0.00334585","0.30220857","0.0","39","5","false","盛宮","20.41025641","39","0","0","0.74344745","false","0","盛宮","53381184","0.05725739","ORG"
"3.44562162","5.434E-5","0.29022339","0.0","12","7","false","梁煥","164.81818182","12","0","1","0.72826426","false","0","梁煥","658484","0.15396446","PERSON"
"3.44562162","5.434E-5","0.29022339","0.0","11","7","false","何景峰","164.81818182","11","0","0","0.72826426","false","0","何景峰","658484","0.15396446","PERSON"
"3.44562162","5.434E-5","0.29022339","0.0","11","7","false","潤濤尚","164.81818182","11","0","0","0.72826426","false","0","潤濤尚","658484","0.15396446","PERSON"
"3.41967568","1.6657E-4","0.29242539","0.0","13","7","false","唐培鋆","148.61538462","13","0","0","0.73114715","false","0","唐培鋆","1529558","0.13156451","PERSON"
"3.21210811","2.4697E-4","0.31132202","0.0","14","7","false","廣豐洋行","102.0","14","0","0","0.75421021","false","0","廣豐洋行","826486","0.17688266","ORG"
"3.20605405","5.8219E-4","0.3119099","0.0","23","7","false","修德堂","63.82608696","23","0","0","0.75488288","false","0","修德堂","1759322","0.10907307","ORG"
"3.20562162","3.2289E-4","0.31195198","0.0","16","7","false","廬州全盛局","78.0","16","0","0","0.75493093","false","0","廬州全盛局","1262028","0.13485114","ORG"
"4.08864865","1.314E-4","0.24457959","0.0","6","8","false","張子祥","27.66666667","6","0","0","0.65681682","false","0","張子祥","2006128","0.2359882","PERSON"
"3.18918919","0.00297142","0.31355932","0.0","24","7","false","修睦","58.04166667","24","0","0","0.75675676","false","0","修睦","11781036","0.0992029","ORG"
"3.21167568","3.5962E-4","0.31136394","0.0","16","7","false","盛局","87.625","16","0","0","0.75425826","false","0","盛局","1045042","0.15197368","ORG"
"4.09513514","2.1E-7","0.24419219","0.0","2","8","false","楊模記","63.5","2","0","0","0.6560961","false","0","楊模記","904","0.6127451","PERSON"
"3.17189189","3.1054E-4","0.31526926","0.0","20","7","false","張玉芝堂","85.4","20","0","0","0.75867868","false","0","張玉芝堂","4567596","0.13927393","ORG"
"4.09513514","2.1E-7","0.24419219","0.0","2","8","false","邵如元","63.5","2","0","0","0.6560961","false","0","邵如元","904","0.6127451","PERSON"
"4.09513514","2.1E-7","0.24419219","0.0","2","8","false","董英","63.5","2","0","0","0.6560961","false","0","董英","904","0.6127451","PERSON"
"4.08172973","0.00208177","0.24499417","0.0","3","8","false","沈耀奎","52.66666667","3","0","0","0.65758559","false","0","沈耀奎","4236402","0.39141414","PERSON"
"4.09513514","2.1E-7","0.24419219","0.0","2","8","false","翁源豐","63.5","2","0","0","0.6560961","false","0","翁源豐","904","0.6127451","PERSON"
"4.09513514","2.1E-7","0.24419219","0.0","2","8","false","汪良","63.5","2","0","0","0.6560961","false","0","汪良","904","0.6127451","PERSON"
"4.09513514","2.1E-7","0.24419219","0.0","2","8","false","賀少泉","63.5","2","0","0","0.6560961","false","0","賀少泉","904","0.6127451","PERSON"
"4.09513514","2.1E-7","0.24419219","0.0","2","8","false","王葆","63.5","2","0","0","0.6560961","false","0","王葆","904","0.6127451","PERSON"
"4.20281081","0.0","0.237936","0.0","2","8","false","陳筱石","32.0","2","0","0","0.64413213","false","0","陳筱石","2","1.0","PERSON"
"4.09513514","2.1E-7","0.24419219","0.0","2","8","false","沈鳳斌","63.5","2","0","0","0.6560961","false","0","沈鳳斌","904","0.6127451","PERSON"
"3.20345946","0.00411059","0.31216253","0.0","32","7","false","盛杏生","33.5","32","0","0","0.75517117","false","0","盛杏生","15914766","0.05671902","ORG"
"4.09513514","2.1E-7","0.24419219","0.0","2","8","false","李瑞麟","63.5","2","0","0","0.6560961","false","0","李瑞麟","904","0.6127451","PERSON"
"4.20281081","0.0","0.237936","0.0","2","8","false","唐蔚芝","32.0","2","0","0","0.64413213","false","0","唐蔚芝","2","1.0","PERSON"
"4.09513514","2.1E-7","0.24419219","0.0","2","8","false","張榮記","63.5","2","0","0","0.6560961","false","0","張榮記","904","0.6127451","PERSON"
"4.20281081","0.0","0.237936","0.0","2","8","false","蔡伯浩","32.0","2","0","0","0.64413213","false","0","蔡伯浩","2","1.0","PERSON"
"4.09513514","2.1E-7","0.24419219","0.0","2","8","false","陳性記","63.5","2","0","0","0.6560961","false","0","陳性記","904","0.6127451","PERSON"
"3.85989189","4.2256E-4","0.25907461","0.0","16","6","false","後瑞","23.625","16","0","0","0.68223423","false","0","後瑞","5085172","0.113125","ORG"
"4.20281081","0.0","0.237936","0.0","2","8","false","王清穆","32.0","2","0","0","0.64413213","false","0","王清穆","2","1.0","PERSON"
"4.09513514","2.1E-7","0.24419219","0.0","2","8","false","諶振","63.5","2","0","0","0.6560961","false","0","諶振","904","0.6127451","PERSON"
"4.20281081","0.0","0.237936","0.0","2","8","false","龎元濟","32.0","2","0","0","0.64413213","false","0","龎元濟","2","1.0","PERSON"
"4.09513514","2.1E-7","0.24419219","0.0","2","8","false","王鶴","63.5","2","0","0","0.6560961","false","0","王鶴","904","0.6127451","PERSON"
"4.09513514","2.1E-7","0.24419219","0.0","2","8","false","鄭宏度","63.5","2","0","0","0.6560961","false","0","鄭宏度","904","0.6127451","PERSON"
"4.09513514","2.1E-7","0.24419219","0.0","2","8","false","謝儀","63.5","2","0","0","0.6560961","false","0","謝儀","904","0.6127451","PERSON"
"4.20281081","0.0","0.237936","0.0","2","8","false","金文翰","32.0","2","0","0","0.64413213","false","0","金文翰","2","1.0","PERSON"
"4.09513514","2.1E-7","0.24419219","0.0","2","8","false","鄭輝","63.5","2","0","0","0.6560961","false","0","鄭輝","904","0.6127451","PERSON"
"4.20281081","0.0","0.237936","0.0","2","8","false","王鈺孫","32.0","2","0","0","0.64413213","false","0","王鈺孫","2","1.0","PERSON"
"4.20281081","0.0","0.237936","0.0","2","8","false","盛昌頤","32.0","2","0","0","0.64413213","false","0","盛昌頤","2","1.0","PERSON"
"3.06075676","0.00204115","0.32671659","0.0","108","7","false","徐敬德堂","40.90816327","108","0","10","0.77102703","false","0","徐敬德堂","35111406","0.05956442","ORG"
"3.21124324","6.0464E-4","0.31140587","0.0","13","7","false","倫敦大學校","70.76923077","13","0","0","0.75430631","false","0","倫敦大學校","3355248","0.12154918","ORG"
"4.20281081","0.0","0.237936","0.0","2","8","false","應德","32.0","2","0","0","0.64413213","false","0","應德","2","1.0","PERSON"
"4.13362162","1.26E-6","0.24191861","0.0","5","8","false","尹憲","20.0","5","0","0","0.65181982","false","0","尹憲","3028","0.40425532","PERSON"
"4.13362162","1.26E-6","0.24191861","0.0","5","8","false","王芍棠","20.0","5","0","0","0.65181982","false","0","王芍棠","3028","0.40425532","PERSON"
"4.20281081","0.0","0.237936","0.0","2","8","false","張繼曾","32.0","2","0","0","0.64413213","false","0","張繼曾","2","1.0","PERSON"
"4.13362162","1.26E-6","0.24191861","0.0","5","8","false","王益吾","20.0","5","0","0","0.65181982","false","0","王益吾","3028","0.40425532","PERSON"
"4.13362162","1.26E-6","0.24191861","0.0","5","8","false","彭向靑","20.0","5","0","0","0.65181982","false","0","彭向靑","3028","0.40425532","PERSON"
"4.20281081","0.0","0.237936","0.0","2","8","false","曾樸","32.0","2","0","0","0.64413213","false","0","曾樸","2","1.0","PERSON"
"4.20281081","0.0","0.237936","0.0","2","8","false","李克脩","32.0","2","0","0","0.64413213","false","0","李克脩","2","1.0","PERSON"
"4.20281081","0.0","0.237936","0.0","2","8","false","何鏞","32.0","2","0","0","0.64413213","false","0","何鏞","2","1.0","PERSON"
"4.13362162","1.26E-6","0.24191861","0.0","5","8","false","畧云","20.0","5","0","0","0.65181982","false","0","畧云","3028","0.40425532","PERSON"
"4.13362162","1.26E-6","0.24191861","0.0","5","8","false","龔懷希","20.0","5","0","0","0.65181982","false","0","龔懷希","3028","0.40425532","PERSON"
"4.20281081","0.0","0.237936","0.0","2","8","false","夏曰琦","32.0","2","0","0","0.64413213","false","0","夏曰琦","2","1.0","PERSON"
"4.13362162","1.26E-6","0.24191861","0.0","5","8","false","心釗","20.0","5","0","0","0.65181982","false","0","心釗","3028","0.40425532","PERSON"
"4.20281081","0.0","0.237936","0.0","2","8","false","蔡爾康","32.0","2","0","0","0.64413213","false","0","蔡爾康","2","1.0","PERSON"
"3.47762162","7.398E-5","0.28755285","0.0","6","7","false","梁燦求","184.83333333","6","0","0","0.72470871","false","0","梁燦求","486322","0.18058284","PERSON"
"3.21254054","2.4192E-4","0.31128012","0.0","14","7","false","傳德堂","91.21428571","14","0","0","0.75416216","false","0","傳德堂","752360","0.15827068","ORG"
"3.67048649","8.7105E-4","0.27244345","0.0","69","7","false","省三倉","12.91304348","69","0","0","0.70327928","false","0","省三倉","9322020","0.10636646","ORG"
"3.47762162","7.398E-5","0.28755285","0.0","6","7","false","崔浩記","184.83333333","6","0","0","0.72470871","false","0","崔浩記","486322","0.18058284","PERSON"
"3.47762162","7.398E-5","0.28755285","0.0","6","7","false","范翼","184.83333333","6","0","0","0.72470871","false","0","范翼","486322","0.18058284","PERSON"
"3.47762162","7.398E-5","0.28755285","0.0","6","7","false","周保","184.83333333","6","0","0","0.72470871","false","0","周保","486322","0.18058284","PERSON"
"3.47762162","7.398E-5","0.28755285","0.0","6","7","false","談任之","184.83333333","6","0","0","0.72470871","false","0","談任之","486322","0.18058284","PERSON"
"3.47762162","7.398E-5","0.28755285","0.0","6","7","false","吳受卿","184.83333333","6","0","0","0.72470871","false","0","吳受卿","486322","0.18058284","PERSON"
"3.47762162","7.398E-5","0.28755285","0.0","6","7","false","馬逸","184.83333333","6","0","0","0.72470871","false","0","馬逸","486322","0.18058284","PERSON"
"3.47762162","7.398E-5","0.28755285","0.0","6","7","false","潘亦亭","184.83333333","6","0","0","0.72470871","false","0","潘亦亭","486322","0.18058284","PERSON"
"4.79178378","3.6148E-4","0.20869055","0.0","8","8","false","李春華","17.375","8","0","0","0.57869069","false","0","李春華","5030126","0.46785714","PERSON"
"4.64562162","9.6744E-4","0.21525645","0.0","14","7","false","傳經堂","6.0","14","0","0","0.59493093","false","0","傳經堂","13271386","0.27777778","ORG"
"5.64367568","7.0E-8","0.17718949","0.0","5","8","false","劉雨田君","14.0","5","0","0","0.48403604","false","0","劉雨田君","20","1.0","PERSON"
"5.64367568","7.0E-8","0.17718949","0.0","5","8","false","王克銘","14.0","5","0","0","0.48403604","false","0","王克銘","20","1.0","PERSON"
"5.64367568","7.0E-8","0.17718949","0.0","5","8","false","鄔王","14.0","5","0","0","0.48403604","false","0","鄔王","20","1.0","PERSON"
"5.64367568","7.0E-8","0.17718949","0.0","5","8","false","李榮貴","14.0","5","0","0","0.48403604","false","0","李榮貴","20","1.0","PERSON"
"5.64367568","7.0E-8","0.17718949","0.0","5","8","false","張子觧","14.0","5","0","0","0.48403604","false","0","張子觧","20","1.0","PERSON"
"5.64367568","7.0E-8","0.17718949","0.0","5","8","false","梁鑾鑣","14.0","5","0","0","0.48403604","false","0","梁鑾鑣","20","1.0","PERSON"
"5.64367568","7.0E-8","0.17718949","0.0","5","8","false","吳蕖靑","14.0","5","0","0","0.48403604","false","0","吳蕖靑","20","1.0","PERSON"
"5.64367568","7.0E-8","0.17718949","0.0","5","8","false","宏農","14.0","5","0","0","0.48403604","false","0","宏農","20","1.0","PERSON"
"5.64367568","7.0E-8","0.17718949","0.0","5","8","false","錢伯潤","14.0","5","0","0","0.48403604","false","0","錢伯潤","20","1.0","PERSON"
"5.64367568","7.0E-8","0.17718949","0.0","5","8","false","石溪","14.0","5","0","0","0.48403604","false","0","石溪","20","1.0","PERSON"
"5.64367568","7.0E-8","0.17718949","0.0","5","8","false","黃季相","14.0","5","0","0","0.48403604","false","0","黃季相","20","1.0","PERSON"
"3.21556757","4.493E-5","0.31098709","0.0","4","7","false","元寗縣學堂","168.5","4","0","0","0.75382583","false","0","元寗縣學堂","278996","0.29232112","ORG"
"4.07178378","6.8E-7","0.24559261","0.0","3","8","false","趙隠氏","62.66666667","3","0","0","0.65869069","false","0","趙隠氏","3222","0.41387025","PERSON"
"3.21037838","9.7333E-4","0.31148976","0.0","19","7","false","元茂","78.57894737","19","0","0","0.7544024","false","0","元茂","5826420","0.13610342","ORG"
"4.07178378","6.8E-7","0.24559261","0.0","3","8","false","章承翁","62.66666667","3","0","0","0.65869069","false","0","章承翁","3222","0.41387025","PERSON"
"4.07178378","6.8E-7","0.24559261","0.0","3","8","false","梁誡謙","62.66666667","3","0","0","0.65869069","false","0","梁誡謙","3222","0.41387025","PERSON"
"4.07178378","6.8E-7","0.24559261","0.0","3","8","false","程鐵章","62.66666667","3","0","0","0.65869069","false","0","程鐵章","3222","0.41387025","PERSON"
"4.07178378","6.8E-7","0.24559261","0.0","3","8","false","黄焯民","62.66666667","3","0","0","0.65869069","false","0","黄焯民","3222","0.41387025","PERSON"
"4.07178378","6.8E-7","0.24559261","0.0","3","8","false","郭馬氏","62.66666667","3","0","0","0.65869069","false","0","郭馬氏","3222","0.41387025","PERSON"
"4.07178378","6.8E-7","0.24559261","0.0","3","8","false","龔存仁","62.66666667","3","0","0","0.65869069","false","0","龔存仁","3222","0.41387025","PERSON"
"4.07178378","6.8E-7","0.24559261","0.0","3","8","false","郭石記","62.66666667","3","0","0","0.65869069","false","0","郭石記","3222","0.41387025","PERSON"
"3.20778378","8.0651E-4","0.31174171","0.0","25","7","false","眉壽堂","44.84","25","0","0","0.75469069","false","0","眉壽堂","8206558","0.07691228","ORG"
"4.07178378","6.8E-7","0.24559261","0.0","3","8","false","郭安之","62.66666667","3","0","0","0.65869069","false","0","郭安之","3222","0.41387025","PERSON"
"4.07178378","6.8E-7","0.24559261","0.0","3","8","false","徐竹","62.66666667","3","0","0","0.65869069","false","0","徐竹","3222","0.41387025","PERSON"
"4.07178378","6.8E-7","0.24559261","0.0","3","8","false","李萬鎰","62.66666667","3","0","0","0.65869069","false","0","李萬鎰","3222","0.41387025","PERSON"
"3.96367568","8.9486E-4","0.25229108","0.0","17","6","false","光亭","19.0","17","0","0","0.6707027","false","0","光亭","7866138","0.09574468","ORG"
"4.72864865","0.0","0.21147691","0.0","1","7","false","倍車司道","4.0","1","0","0","0.58570571","false","0","倍車司道","0","0.0","PERSON"
"3.72886486","5.325E-4","0.26817813","0.0","4","6","false","徐景明分局","57.75","4","0","0","0.69679279","false","0","徐景明分局","3858110","0.31181319","ORG"
"4.31524324","1.52E-6","0.23173665","0.0","3","7","false","李徴五","23.66666667","3","0","0","0.63163964","false","0","李徴五","33150","0.62962963","PERSON"
"4.31524324","1.52E-6","0.23173665","0.0","3","7","false","陳良","23.66666667","3","0","0","0.63163964","false","0","陳良","33150","0.62962963","PERSON"
"3.19567568","5.6793E-4","0.31292287","0.0","14","7","false","徐毓萱堂","89.0","14","0","0","0.75603604","false","0","徐毓萱堂","3712756","0.15017065","ORG"
"4.31524324","1.52E-6","0.23173665","0.0","3","7","false","黄鍾瑛","23.66666667","3","0","0","0.63163964","false","0","黄鍾瑛","33150","0.62962963","PERSON"
"4.31524324","1.52E-6","0.23173665","0.0","3","7","false","黄裳治","23.66666667","3","0","0","0.63163964","false","0","黄裳治","33150","0.62962963","PERSON"
"3.72713514","2.8941E-4","0.26830259","0.0","8","6","false","硤石快","35.125","8","0","0","0.69698498","false","0","硤石快","4483866","0.1875","ORG"
"4.31524324","1.52E-6","0.23173665","0.0","3","7","false","毛仲芳","23.66666667","3","0","0","0.63163964","false","0","毛仲芳","33150","0.62962963","PERSON"
"4.31524324","1.52E-6","0.23173665","0.0","3","7","false","謝剛哲","23.66666667","3","0","0","0.63163964","false","0","謝剛哲","33150","0.62962963","PERSON"
"4.31524324","1.52E-6","0.23173665","0.0","3","7","false","沈鴻烈","23.66666667","3","0","0","0.63163964","false","0","沈鴻烈","33150","0.62962963","PERSON"
"4.31524324","1.52E-6","0.23173665","0.0","3","7","false","饒懷文","23.66666667","3","0","0","0.63163964","false","0","饒懷文","33150","0.62962963","PERSON"
"4.31524324","1.52E-6","0.23173665","0.0","3","7","false","孫鵬","23.66666667","3","0","0","0.63163964","false","0","孫鵬","33150","0.62962963","PERSON"
"3.21556757","4.814E-5","0.31098709","0.0","7","7","false","碧芷吟館","168.57142857","7","0","0","0.75382583","false","0","碧芷吟館","335560","0.29398496","ORG"
"4.31524324","1.52E-6","0.23173665","0.0","3","7","false","朱聲崗","23.66666667","3","0","0","0.63163964","false","0","朱聲崗","33150","0.62962963","PERSON"
"4.31524324","1.52E-6","0.23173665","0.0","3","7","false","鄧家驊","23.66666667","3","0","0","0.63163964","false","0","鄧家驊","33150","0.62962963","PERSON"
"4.31524324","1.52E-6","0.23173665","0.0","3","7","false","魏文浩","23.66666667","3","0","0","0.63163964","false","0","魏文浩","33150","0.62962963","PERSON"
"3.86032432","0.0","0.25904559","0.0","1","7","false","德仁里","121.0","1","0","0","0.68218619","false","0","德仁里","0","0.0","ORG"
"4.31524324","1.52E-6","0.23173665","0.0","3","7","false","吕德元","23.66666667","3","0","0","0.63163964","false","0","吕德元","33150","0.62962963","PERSON"
"3.21556757","1.404E-5","0.31098709","0.0","7","7","false","德兵艦办","194.14285714","7","0","0","0.75382583","false","0","德兵艦办","207776","0.33884712","ORG"
"3.88151351","1.4965E-4","0.25763146","0.0","5","7","false","祥大源號","31.0","5","0","0","0.67983183","false","0","祥大源號","4188532","0.24193548","ORG"
"4.60151351","0.00201431","0.2173198","0.0","15","7","false","光泰莊","4.2","15","0","0","0.59983183","false","0","光泰莊","17683470","0.16","ORG"
"5.60043243","2.0E-8","0.17855764","0.0","3","8","false","經亨泰","15.0","3","0","0","0.48884084","false","0","經亨泰","6","1.0","PERSON"
"5.60043243","2.0E-8","0.17855764","0.0","3","8","false","穎川","15.0","3","0","0","0.48884084","false","0","穎川","6","1.0","PERSON"
"3.88151351","1.4965E-4","0.25763146","0.0","5","7","false","祥大源記","31.0","5","0","0","0.67983183","false","0","祥大源記","4188532","0.24193548","ORG"
"5.60043243","2.0E-8","0.17855764","0.0","3","8","false","李萊山","15.0","3","0","0","0.48884084","false","0","李萊山","6","1.0","PERSON"
"4.91156757","2.917E-5","0.20360099","0.0","16","8","false","德文醫學堂","3.3125","16","0","0","0.56538138","false","0","德文醫學堂","20070","0.33035714","ORG"
"5.60043243","2.0E-8","0.17855764","0.0","3","8","false","王正順","15.0","3","0","0","0.48884084","false","0","王正順","6","1.0","PERSON"
"5.60043243","2.0E-8","0.17855764","0.0","3","8","false","朱不顯","15.0","3","0","0","0.48884084","false","0","朱不顯","6","1.0","PERSON"
"3.91091892","1.587E-5","0.25569438","0.0","2","7","false","祥茂洋行","26.0","2","0","0","0.67656456","false","0","祥茂洋行","16842","0.52083333","ORG"
"5.60043243","2.0E-8","0.17855764","0.0","3","8","false","張信記","15.0","3","0","0","0.48884084","false","0","張信記","6","1.0","PERSON"
"3.20216216","3.2139E-4","0.31228899","0.0","17","7","false","禁衛軍","47.41176471","17","0","0","0.75531532","false","0","禁衛軍","1390882","0.08113945","ORG"
"5.60043243","2.0E-8","0.17855764","0.0","3","8","false","孟霄童","15.0","3","0","0","0.48884084","false","0","孟霄童","6","1.0","PERSON"
"5.60043243","2.0E-8","0.17855764","0.0","3","8","false","費文","15.0","3","0","0","0.48884084","false","0","費文","6","1.0","PERSON"
"5.60043243","2.0E-8","0.17855764","0.0","3","8","false","唐素記","15.0","3","0","0","0.48884084","false","0","唐素記","6","1.0","PERSON"
"5.60043243","2.0E-8","0.17855764","0.0","3","8","false","宋炳奎","15.0","3","0","0","0.48884084","false","0","宋炳奎","6","1.0","PERSON"
"5.60043243","2.0E-8","0.17855764","0.0","3","8","false","紀君","15.0","3","0","0","0.48884084","false","0","紀君","6","1.0","PERSON"
"3.83264865","8.313E-5","0.26091617","0.0","5","7","false","德發洋行","23.6","5","0","0","0.68526126","false","0","德發洋行","602604","0.25681818","ORG"
"5.60043243","2.0E-8","0.17855764","0.0","3","8","false","黃君","15.0","3","0","0","0.48884084","false","0","黃君","6","1.0","PERSON"
"5.60043243","2.0E-8","0.17855764","0.0","3","8","false","洪氏","15.0","3","0","0","0.48884084","false","0","洪氏","6","1.0","PERSON"
"5.60043243","2.0E-8","0.17855764","0.0","3","8","false","盧道舘","15.0","3","0","0","0.48884084","false","0","盧道舘","6","1.0","PERSON"
"4.37578378","2.579E-5","0.22853049","0.0","14","7","false","德華銀行","30.71428571","14","0","0","0.62491291","true","0","德華銀行","131432","0.32653061","ORG"
"4.87567568","8.644E-4","0.20509978","0.0","5","8","false","光華堂藥房","2.4","5","0","0","0.56936937","false","0","光華堂藥房","3110188","0.46666667","ORG"
"3.21167568","0.00113932","0.31136394","0.0","16","7","false","福和烟公","40.4375","16","0","0","0.75425826","false","0","福和烟公","4510346","0.0691886","ORG"
"3.80151351","9.208E-4","0.26305312","0.0","20","6","false","兒院","15.5","20","0","0","0.68872072","false","0","兒院","36321438","0.09863946","ORG"
"3.21383784","3.0456E-4","0.31115447","0.0","11","7","false","德蔭堂","107.54545455","11","0","0","0.75401802","false","0","德蔭堂","852978","0.18692185","ORG"
"3.21210811","4.279E-4","0.31132202","0.0","15","7","false","福善堂","93.06666667","15","0","0","0.75421021","false","0","福善堂","920432","0.16152047","ORG"
"3.7267027","5.1989E-4","0.26833372","0.0","9","6","false","德記洋行","31.33333333","9","0","0","0.69703303","false","0","德記洋行","6061330","0.16666667","ORG"
"3.48194595","0.0011768","0.28719573","0.0","41","6","false","全國商會","11.56097561","41","0","0","0.72422823","false","0","全國商會","8407366","0.04532608","ORG"
"3.78508108","1.904E-5","0.26419513","0.0","4","6","false","徐粹菴","87.25","4","0","0","0.69054655","false","0","徐粹菴","363802","0.39027149","PERSON"
"3.18789189","0.00139642","0.31368692","0.0","21","6","false","福州省議會","33.9047619","21","0","0","0.7569009","false","0","福州省議會","6181650","0.05653739","ORG"
"3.78508108","1.904E-5","0.26419513","0.0","4","6","false","尤惜陰","87.25","4","0","0","0.69054655","false","0","尤惜陰","363802","0.39027149","PERSON"
"4.72605405","1.0E-8","0.21159301","0.0","2","7","false","諸野老云","9.0","2","0","0","0.58599399","false","0","諸野老云","2","1.0","PERSON"
"3.78508108","1.904E-5","0.26419513","0.0","4","6","false","俞鳳賓","87.25","4","0","0","0.69054655","false","0","俞鳳賓","363802","0.39027149","PERSON"
"3.21340541","3.0368E-4","0.31119634","0.0","12","7","false","德門","86.75","12","0","0","0.75406607","false","0","德門","1089230","0.1504386","ORG"
"3.78508108","1.904E-5","0.26419513","0.0","4","6","false","丁仲祜","87.25","4","0","0","0.69054655","false","0","丁仲祜","363802","0.39027149","PERSON"
"3.78508108","1.904E-5","0.26419513","0.0","4","6","false","朱謙甫","87.25","4","0","0","0.69054655","false","0","朱謙甫","363802","0.39027149","PERSON"
"3.70291892","6.8433E-4","0.27005722","0.0","9","6","false","張靜江","61.33333333","9","0","0","0.69967568","false","0","張靜江","4242630","0.16947566","PERSON"
"3.78508108","1.904E-5","0.26419513","0.0","4","6","false","瞿紹伊","87.25","4","0","0","0.69054655","false","0","瞿紹伊","363802","0.39027149","PERSON"
"3.78508108","1.904E-5","0.26419513","0.0","4","6","false","林幼誠","87.25","4","0","0","0.69054655","false","0","林幼誠","363802","0.39027149","PERSON"
"3.78508108","1.904E-5","0.26419513","0.0","4","6","false","陳敏修","87.25","4","0","0","0.69054655","false","0","陳敏修","363802","0.39027149","PERSON"
"3.21297297","2.2028E-4","0.31123822","0.0","13","7","false","徽州會館","56.61538462","13","0","0","0.75411411","false","0","徽州會館","654350","0.09757085","ORG"
"3.78508108","1.904E-5","0.26419513","0.0","4","6","false","周廉生","87.25","4","0","0","0.69054655","false","0","周廉生","363802","0.39027149","PERSON"
"3.78508108","1.904E-5","0.26419513","0.0","4","6","false","鄭蘇戡","87.25","4","0","0","0.69054655","false","0","鄭蘇戡","363802","0.39027149","PERSON"
"4.60151351","0.00201431","0.2173198","0.0","15","7","false","福州電報局","4.2","15","0","0","0.59983183","false","0","福州電報局","17683470","0.16","ORG"
"3.78508108","1.904E-5","0.26419513","0.0","4","6","false","鄭陶齋","87.25","4","0","0","0.69054655","false","0","鄭陶齋","363802","0.39027149","PERSON"
"3.78508108","1.904E-5","0.26419513","0.0","4","6","false","胡二梅","87.25","4","0","0","0.69054655","false","0","胡二梅","363802","0.39027149","PERSON"
"3.78508108","1.904E-5","0.26419513","0.0","4","6","false","狄楚卿","87.25","4","0","0","0.69054655","false","0","狄楚卿","363802","0.39027149","PERSON"
"3.20605405","5.8219E-4","0.3119099","0.0","23","7","false","忠恕堂","63.82608696","23","0","0","0.75488288","false","0","忠恕堂","1759322","0.10907307","ORG"
"3.78508108","1.904E-5","0.26419513","0.0","4","6","false","吕碧城","87.25","4","0","0","0.69054655","false","0","吕碧城","363802","0.39027149","PERSON"
"3.78508108","1.904E-5","0.26419513","0.0","4","6","false","哈少甫","87.25","4","0","0","0.69054655","false","0","哈少甫","363802","0.39027149","PERSON"
"3.78508108","1.904E-5","0.26419513","0.0","4","6","false","張籋雲","87.25","4","0","0","0.69054655","false","0","張籋雲","363802","0.39027149","PERSON"
"3.71113514","3.8418E-4","0.26945933","0.0","8","6","false","葉惠鈞","75.125","8","0","0","0.69876276","false","0","葉惠鈞","2512742","0.21801471","PERSON"
"4.86097297","0.00259095","0.20572013","0.0","13","8","false","福康公司","2.30769231","13","0","0","0.571003","false","0","福康公司","10670412","0.26153846","ORG"
"3.78508108","1.904E-5","0.26419513","0.0","4","6","false","郝潤之","87.25","4","0","0","0.69054655","false","0","郝潤之","363802","0.39027149","PERSON"
"3.78508108","1.904E-5","0.26419513","0.0","4","6","false","周伯華","87.25","4","0","0","0.69054655","false","0","周伯華","363802","0.39027149","PERSON"
"3.78508108","1.904E-5","0.26419513","0.0","4","6","false","黄芝軒","87.25","4","0","0","0.69054655","false","0","黄芝軒","363802","0.39027149","PERSON"
"3.78508108","1.904E-5","0.26419513","0.0","4","6","false","金蔚文","87.25","4","0","0","0.69054655","false","0","金蔚文","363802","0.39027149","PERSON"
"3.78508108","1.904E-5","0.26419513","0.0","4","6","false","王志公","87.25","4","0","0","0.69054655","false","0","王志公","363802","0.39027149","PERSON"
"3.78508108","1.904E-5","0.26419513","0.0","4","6","false","翁問樵","87.25","4","0","0","0.69054655","false","0","翁問樵","363802","0.39027149","PERSON"
"3.78508108","1.904E-5","0.26419513","0.0","4","6","false","陳也愚","87.25","4","0","0","0.69054655","false","0","陳也愚","363802","0.39027149","PERSON"
"3.21167568","3.4221E-4","0.31136394","0.0","17","7","false","福蘭堂","73.0625","17","0","1","0.75425826","false","0","福蘭堂","1207976","0.12642544","ORG"
"3.78508108","1.904E-5","0.26419513","0.0","4","6","false","夏昕渠","87.25","4","0","0","0.69054655","false","0","夏昕渠","363802","0.39027149","PERSON"
"3.2147027","1.801E-4","0.31107076","0.0","9","7","false","忠衍","131.33333333","9","0","0","0.75392192","false","0","忠衍","367446","0.22865497","ORG"
"3.78508108","1.904E-5","0.26419513","0.0","4","6","false","胡蓮伯","87.25","4","0","0","0.69054655","false","0","胡蓮伯","363802","0.39027149","PERSON"
"3.78508108","1.904E-5","0.26419513","0.0","4","6","false","王翰伯","87.25","4","0","0","0.69054655","false","0","王翰伯","363802","0.39027149","PERSON"
"3.78508108","1.904E-5","0.26419513","0.0","4","6","false","李振軒","87.25","4","0","0","0.69054655","false","0","李振軒","363802","0.39027149","PERSON"
"3.78508108","1.904E-5","0.26419513","0.0","4","6","false","陳潤夫君","87.25","4","0","0","0.69054655","false","0","陳潤夫君","363802","0.39027149","PERSON"
"3.78508108","1.904E-5","0.26419513","0.0","4","6","false","姚菊坡君","87.25","4","0","0","0.69054655","false","0","姚菊坡君","363802","0.39027149","PERSON"
"4.64562162","9.6744E-4","0.21525645","0.0","14","7","false","忠賢堂","6.0","14","0","0","0.59493093","false","0","忠賢堂","13271386","0.27777778","ORG"
"3.78508108","1.904E-5","0.26419513","0.0","4","6","false","金蔚文君","87.25","4","0","0","0.69054655","false","0","金蔚文君","363802","0.39027149","PERSON"
"4.37578378","2.579E-5","0.22853049","0.0","14","7","false","全隆","30.71428571","14","0","0","0.62491291","false","0","全隆","131432","0.32653061","ORG"
"3.20086486","2.1053E-4","0.31241556","0.0","9","7","false","福開森祥泰洋行","119.66666667","9","0","0","0.75545946","false","0","福開森祥泰洋行","1600700","0.20389462","ORG"
"3.19221622","5.284E-5","0.31326199","0.0","8","7","false","念慈堂","162.0","8","0","0","0.75642042","false","0","念慈堂","1190190","0.27241963","ORG"
"3.19351351","0.00232221","0.31313473","0.0","19","7","false","禪臣洋行","61.0","19","0","0","0.75627628","false","0","禪臣洋行","17599174","0.10186757","ORG"
"3.21081081","2.2956E-4","0.31144781","0.0","6","7","false","兩江學務處","103.16666667","6","0","0","0.75435435","false","0","兩江學務處","798760","0.17614943","ORG"
"3.09621622","8.4896E-4","0.32297486","0.0","61","7","false","思永堂","52.52459016","61","0","0","0.76708709","false","0","思永堂","19247848","0.07842403","ORG"
"3.85643243","2.0773E-4","0.25930702","0.0","10","7","false","兩湖總督部","19.4","10","0","0","0.68261862","false","0","兩湖總督部","750772","0.15333333","ORG"
"4.10118919","8.21E-6","0.24383172","0.0","5","7","false","振貝","12.2","5","0","0","0.65542342","false","0","振貝","38556","0.56","PERSON"
"4.02681081","1.65E-5","0.24833548","0.0","7","7","false","司道","11.28571429","7","0","0","0.66368769","false","0","司道","138490","0.42857143","PERSON"
"4.02724324","1.481E-5","0.24830882","0.0","7","7","false","額　揚","11.0","7","0","0","0.66363964","false","0","額　揚","121386","0.43478261","PERSON"
"3.82183784","3.77E-5","0.26165422","0.0","2","7","false","禱盻事務所","83.5","2","0","0","0.68646246","false","0","禱盻事務所","536116","0.55369128","ORG"
"4.10118919","8.21E-6","0.24383172","0.0","5","7","false","周金","12.2","5","0","0","0.65542342","false","0","周金","38556","0.56","PERSON"
"4.10118919","8.21E-6","0.24383172","0.0","5","7","false","陳子宜","12.2","5","0","0","0.65542342","false","0","陳子宜","38556","0.56","PERSON"
"3.85643243","2.0773E-4","0.25930702","0.0","10","7","false","萬利源","19.4","10","0","0","0.68261862","false","0","萬利源","750772","0.15333333","ORG"
"3.21556757","3.866E-5","0.31098709","0.0","7","7","false","公估局","172.85714286","7","0","0","0.75382583","false","0","公估局","294908","0.30150376","ORG"
"3.8387027","0.00140595","0.26050468","0.0","18","7","false","公共公","12.0","18","0","0","0.68458859","false","0","公共公","16668084","0.08461538","ORG"
"3.21513514","7.866E-5","0.31102892","0.0","8","7","false","萬國紅十字會","167.75","8","0","0","0.75387387","false","0","萬國紅十字會","476960","0.29254386","ORG"
"3.18227027","0.00433044","0.31424107","0.0","36","7","false","萬國紅會","29.72222222","36","0","0","0.75752553","false","0","萬國紅會","9530368","0.0493509","ORG"
"4.95351351","5.6E-7","0.20187691","0.0","10","8","false","公茂洋行","8.2","10","0","0","0.56072072","false","0","公茂洋行","122","0.9","ORG"
"3.16497297","4.2572E-4","0.31595846","0.0","25","7","false","六角木商會館","94.08","25","0","0","0.75944745","false","0","六角木商會館","6257792","0.15061489","ORG"
"4.37016216","1.2015E-4","0.22882446","0.0","16","7","false","思潤堂","14.625","16","0","0","0.62553754","false","0","思潤堂","1200570","0.25707547","ORG"
"3.49535135","2.84E-6","0.28609427","0.0","2","7","false","元成義","514.0","2","0","0","0.72273874","false","0","元成義","6332","0.51197605","PERSON"
"4.57254054","1.973E-5","0.2186968","0.0","8","7","false","萬國董事會","14.125","8","0","0","0.60305105","false","0","萬國董事會","87318","0.23026316","ORG"
"3.49535135","2.84E-6","0.28609427","0.0","2","7","false","恊成祥","514.0","2","0","0","0.72273874","false","0","恊成祥","6332","0.51197605","PERSON"
"3.15675676","3.504E-4","0.31678082","0.0","26","7","false","思補","62.76923077","26","0","0","0.76036036","false","0","思補","5414116","0.09946736","ORG"
"3.216","8.503E-5","0.31094527","0.0","6","7","false","萬承志堂","168.66666667","6","0","0","0.75377778","false","0","萬承志堂","347766","0.29415205","ORG"
"3.77556757","0.00103211","0.26486084","0.0","13","7","false","李徵五","39.38461538","13","0","0","0.6916036","false","0","李徵五","7668560","0.14060299","PERSON"
"4.15956757","0.00308591","0.24040961","0.0","12","7","false","六邑聯合會","7.25","12","0","0","0.64893694","false","0","六邑聯合會","22771436","0.08802817","ORG"
"3.83394595","7.196E-4","0.26082788","0.0","9","7","false","李薇莊","51.0","9","0","0","0.68511712","false","0","李薇莊","12656394","0.28571429","PERSON"
"3.2172973","1.47E-6","0.31081989","0.0","3","7","false","萬興","280.66666667","3","0","0","0.75363363","false","0","萬興","22812","0.49064327","ORG"
"4.05708108","7.421E-5","0.24648263","0.0","3","7","false","張詠霓","15.66666667","3","0","0","0.66032432","false","0","張詠霓","336186","0.47311828","PERSON"
"5.15935135","0.0","0.19382281","0.0","1","8","false","趙林士厦","12.0","1","0","0","0.53784985","false","0","趙林士厦","0","0.0","PERSON"
"3.21556757","9.874E-5","0.31098709","0.0","7","7","false","秉德堂","167.57142857","7","0","0","0.75382583","false","0","秉德堂","245988","0.29223058","ORG"
"3.86335135","2.5389E-4","0.25884262","0.0","5","7","false","謝蘅牕","47.0","5","0","0","0.68184985","false","0","謝蘅牕","2130774","0.31506849","PERSON"
"5.15935135","0.0","0.19382281","0.0","1","8","false","王淸夫","12.0","1","0","0","0.53784985","false","0","王淸夫","0","0.0","PERSON"
"5.15935135","0.0","0.19382281","0.0","1","8","false","陳蓉琯","12.0","1","0","0","0.53784985","false","0","陳蓉琯","0","0.0","PERSON"
"5.15935135","0.0","0.19382281","0.0","1","8","false","莊崧甫","12.0","1","0","0","0.53784985","false","0","莊崧甫","0","0.0","PERSON"
"3.60951351","2.8494E-4","0.27704565","0.0","21","7","false","程德潤堂","29.04761905","21","0","0","0.71005405","false","0","程德潤堂","7133398","0.1286588","ORG"
"5.15935135","0.0","0.19382281","0.0","1","8","false","張申之君","12.0","1","0","0","0.53784985","false","0","張申之君","0","0.0","PERSON"
"5.15935135","0.0","0.19382281","0.0","1","8","false","榮淸","12.0","1","0","0","0.53784985","false","0","榮淸","0","0.0","PERSON"
"5.15935135","0.0","0.19382281","0.0","1","8","false","盧志學君","12.0","1","0","0","0.53784985","false","0","盧志學君","0","0.0","PERSON"
"4.62875676","6.8521E-4","0.21604073","0.0","16","7","false","怡和洋棧","7.66666667","16","0","1","0.5968048","false","0","怡和洋棧","12046966","0.37037037","ORG"
"3.21167568","3.3127E-4","0.31136394","0.0","16","7","false","","68.625","16","0","0","0.75425826","false","0","","1894176","0.11864035",""
"4.18421622","2.1762E-4","0.23899339","0.0","4","8","false","朱傳到","14.25","4","0","0","0.6461982","false","0","朱傳到","3212334","0.63095238","PERSON"
"4.18421622","2.1762E-4","0.23899339","0.0","4","8","false","迪君","14.25","4","0","0","0.6461982","false","0","迪君","3212334","0.63095238","PERSON"
"4.18421622","2.1762E-4","0.23899339","0.0","4","8","false","勒非虚","14.25","4","0","0","0.6461982","false","0","勒非虚","3212334","0.63095238","PERSON"
"3.20216216","2.3953E-4","0.31228899","0.0","12","7","false","稻春村","72.33333333","12","0","0","0.75531532","false","0","稻春村","2492036","0.12405797","ORG"
"3.80151351","4.07E-6","0.26305312","0.0","2","8","false","陶芷江","224.5","2","0","0","0.68872072","false","0","陶芷江","6158","0.50911162","PERSON"
"4.37578378","2.579E-5","0.22853049","0.0","14","7","false","怡和洋行","30.71428571","14","0","0","0.62491291","false","0","怡和洋行","131432","0.32653061","ORG"
"3.80151351","4.07E-6","0.26305312","0.0","2","8","false","關宗漢","224.5","2","0","0","0.68872072","false","0","關宗漢","6158","0.50911162","PERSON"
"3.80151351","4.07E-6","0.26305312","0.0","2","8","false","汪自坤","224.5","2","0","0","0.68872072","false","0","汪自坤","6158","0.50911162","PERSON"
"3.80151351","4.07E-6","0.26305312","0.0","2","8","false","伍元宏","224.5","2","0","0","0.68872072","false","0","伍元宏","6158","0.50911162","PERSON"
"3.80151351","4.07E-6","0.26305312","0.0","2","8","false","邵源順","224.5","2","0","0","0.68872072","false","0","邵源順","6158","0.50911162","PERSON"
"3.7427027","1.643E-5","0.2671866","0.0","2","7","false","伏乞公","231.5","2","0","0","0.69525526","false","0","伏乞公","244498","0.51222222","PERSON"
"3.20475676","7.242E-4","0.31203616","0.0","15","7","false","稻香","56.86666667","15","0","0","0.75502703","false","0","稻香","5828120","0.09715942","ORG"
"3.80151351","2.76E-6","0.26305312","0.0","2","8","false","宋振麟","226.5","2","0","0","0.68872072","false","0","宋振麟","5490","0.51366743","PERSON"
"3.80151351","2.76E-6","0.26305312","0.0","2","8","false","呂少良","226.5","2","0","0","0.68872072","false","0","呂少良","5490","0.51366743","PERSON"
"3.19048649","2.6635E-4","0.31343182","0.0","24","7","false","怡大","76.54166667","24","0","0","0.75661261","false","0","怡大","2164844","0.12674776","ORG"
"3.80151351","2.76E-6","0.26305312","0.0","2","8","false","蕭德發","226.5","2","0","0","0.68872072","false","0","蕭德發","5490","0.51366743","PERSON"
"3.80151351","2.76E-6","0.26305312","0.0","2","8","false","洪施","226.5","2","0","0","0.68872072","false","0","洪施","5490","0.51366743","PERSON"
"3.80151351","2.76E-6","0.26305312","0.0","2","8","false","司尙　亨","226.5","2","0","0","0.68872072","false","0","司尙　亨","5490","0.51366743","PERSON"
"3.95762162","0.00116249","0.25267701","0.0","18","6","false","穌州和豐莊","18.5","18","0","0","0.67137538","false","0","穌州和豐莊","44199318","0.109375","ORG"
"3.21124324","7.0273E-4","0.31140587","0.0","16","7","false","兵備","77.625","16","0","0","0.75430631","false","0","兵備","1843122","0.1341944","ORG"
"3.20821622","3.3607E-4","0.31169969","0.0","14","7","false","怡怡齋","113.21428571","14","0","0","0.75464264","false","0","怡怡齋","859674","0.19347291","ORG"
"3.03913514","0.01465166","0.32904098","0.0","105","7","false","積善堂","25.58095238","105","0","0","0.77342943","false","0","積善堂","85506398","0.03593706","ORG"
"3.15675676","3.504E-4","0.31678082","0.0","26","7","false","其萃樓","62.76923077","26","0","0","0.76036036","false","0","其萃樓","5414116","0.09946736","ORG"
"3.10659459","0.00125216","0.32189588","0.0","50","7","false","怡情軒","54.2173913","50","0","4","0.76593393","false","0","怡情軒","23969004","0.0832823","ORG"
"3.20216216","3.2139E-4","0.31228899","0.0","17","7","false","内務府","47.41176471","17","0","0","0.75531532","false","0","内務府","1390882","0.08113945","ORG"
"3.20216216","3.2139E-4","0.31228899","0.0","17","7","false","内務部","47.41176471","17","0","0","0.75531532","false","0","内務部","1390882","0.08113945","ORG"
"3.78854054","3.961E-5","0.26395389","0.0","7","7","false","譚軒臣","65.0","7","0","0","0.69016216","false","0","譚軒臣","836034","0.20711974","PERSON"
"3.78854054","3.961E-5","0.26395389","0.0","7","7","false","周光詠","65.0","7","0","0","0.69016216","false","0","周光詠","836034","0.20711974","PERSON"
"3.21427027","3.2658E-4","0.31111261","0.0","10","7","false","怡樂堂","121.3","10","0","0","0.75396997","false","0","怡樂堂","879364","0.21105263","ORG"
"3.8067027","2.935E-5","0.26269454","0.0","5","6","false","瑞心如","56.8","5","0","0","0.68814414","true","0","瑞心如","464064","0.28762887","PERSON"
"3.94421622","2.9196E-4","0.2535358","0.0","14","6","false","内德文學堂","27.0","14","0","0","0.67286486","false","0","内德文學堂","2858286","0.13333333","ORG"
"3.8067027","2.935E-5","0.26269454","0.0","5","6","false","張效","56.8","5","0","0","0.68814414","true","0","張效","464064","0.28762887","PERSON"
"3.79286486","6.3015E-4","0.26365295","0.0","11","6","false","葉洪濤","31.63636364","11","0","0","0.68968168","true","0","葉洪濤","4724594","0.14800176","PERSON"
"3.72237838","3.66E-5","0.26864545","0.0","14","7","false","怡泰昌","50.28571429","14","0","0","0.69751351","false","0","怡泰昌","708316","0.28991597","ORG"
"3.8067027","2.935E-5","0.26269454","0.0","5","6","false","袁聯青","56.8","5","0","0","0.68814414","true","0","袁聯青","464064","0.28762887","PERSON"
"3.8067027","2.935E-5","0.26269454","0.0","5","6","false","謝小雲","56.8","5","0","0","0.68814414","true","0","謝小雲","464064","0.28762887","PERSON"
"3.79243243","9.201E-5","0.26368301","0.0","7","6","false","楊彝卿","46.57142857","7","0","0","0.68972973","true","0","楊彝卿","863394","0.20344388","PERSON"
"3.79589189","1.6056E-4","0.2634427","0.0","7","6","false","席裕成","49.71428571","7","0","0","0.68934535","true","0","席裕成","1849930","0.2244898","PERSON"
"4.20064865","8.6743E-4","0.23805847","0.0","4","7","false","内河報關行","9.75","4","0","0","0.64437237","false","0","内河報關行","2880448","0.29166667","ORG"
"4.08951351","5.4E-7","0.24452786","0.0","3","8","false","黃省三","68.33333333","3","0","0","0.65672072","false","0","黃省三","1886","0.59064327","PERSON"
"5.20043243","0.0","0.1922917","0.0","1","8","false","丁欽高","4.0","1","0","0","0.53328529","false","0","丁欽高","0","0.0","PERSON"
"3.16497297","0.0029159","0.31595846","0.0","45","7","false","怡順","40.68888889","45","0","0","0.75944745","false","0","怡順","24656204","0.06485113","ORG"
"5.20043243","0.0","0.1922917","0.0","1","8","false","周照桂","4.0","1","0","0","0.53328529","false","0","周照桂","0","0.0","PERSON"
"3.80454054","5.683E-5","0.26284383","0.0","18","7","false","内河輪局","44.94444444","18","0","0","0.68838438","false","0","内河輪局","1012812","0.24549969","ORG"
"4.08951351","5.4E-7","0.24452786","0.0","3","8","false","金幼梅","68.33333333","3","0","0","0.65672072","false","0","金幼梅","1886","0.59064327","PERSON"
"4.08951351","5.4E-7","0.24452786","0.0","3","8","false","陳清明","68.33333333","3","0","0","0.65672072","false","0","陳清明","1886","0.59064327","PERSON"
"4.08951351","5.4E-7","0.24452786","0.0","3","8","false","翁信昌","68.33333333","3","0","0","0.65672072","false","0","翁信昌","1886","0.59064327","PERSON"
"4.08951351","5.4E-7","0.24452786","0.0","3","8","false","翁榮子","68.33333333","3","0","0","0.65672072","false","0","翁榮子","1886","0.59064327","PERSON"
"5.29772973","0.0","0.1887601","0.0","1","9","false","陳鳴珂","9.0","1","0","0","0.52247447","false","0","陳鳴珂","0","0.0","PERSON"
"4.08951351","5.4E-7","0.24452786","0.0","3","8","false","翁永吉","68.33333333","3","0","0","0.65672072","false","0","翁永吉","1886","0.59064327","PERSON"
"4.29794595","0.00306309","0.23266928","0.0","9","8","false","積慶堂","2.66666667","9","0","0","0.63356156","false","0","積慶堂","5846828","0.11111111","ORG"
"4.08951351","5.4E-7","0.24452786","0.0","3","8","false","湯逹","68.33333333","3","0","0","0.65672072","false","0","湯逹","1886","0.59064327","PERSON"
"5.29772973","0.0","0.1887601","0.0","1","9","false","陳良哉","9.0","1","0","0","0.52247447","false","0","陳良哉","0","0.0","PERSON"
"5.29772973","0.0","0.1887601","0.0","1","9","false","洪桂記","9.0","1","0","0","0.52247447","false","0","洪桂記","0","0.0","PERSON"
"3.21816216","0.0","0.31073636","0.0","1","7","false","准户部","571.0","1","0","0","0.75353754","false","0","准户部","0","0.0","ORG"
"5.29772973","0.0","0.1887601","0.0","1","9","false","林愼之","9.0","1","0","0","0.52247447","false","0","林愼之","0","0.0","PERSON"
"4.08951351","5.4E-7","0.24452786","0.0","3","8","false","陶慶榮","68.33333333","3","0","0","0.65672072","false","0","陶慶榮","1886","0.59064327","PERSON"
"4.21362162","1.0E-8","0.23732553","0.0","2","8","false","龐　帥鈞鑒","10.0","2","0","0","0.64293093","false","0","龐　帥鈞鑒","2","1.0","PERSON"
"5.29772973","0.0","0.1887601","0.0","1","9","false","湯毓昌","9.0","1","0","0","0.52247447","false","0","湯毓昌","0","0.0","PERSON"
"3.21427027","0.00112604","0.31111261","0.0","10","7","false","准田商會","81.9","10","0","0","0.75396997","false","0","准田商會","2878200","0.14192982","ORG"
"4.08951351","5.4E-7","0.24452786","0.0","3","8","false","周紹棣","68.33333333","3","0","0","0.65672072","false","0","周紹棣","1886","0.59064327","PERSON"
"5.29772973","0.0","0.1887601","0.0","1","9","false","沈昻","9.0","1","0","0","0.52247447","false","0","沈昻","0","0.0","PERSON"
"4.21362162","1.0E-8","0.23732553","0.0","2","8","false","黎羣昐","10.0","2","0","0","0.64293093","false","0","黎羣昐","2","1.0","PERSON"
"4.08951351","5.4E-7","0.24452786","0.0","3","8","false","汪丙生","68.33333333","3","0","0","0.65672072","false","0","汪丙生","1886","0.59064327","PERSON"
"5.29772973","0.0","0.1887601","0.0","1","9","false","張渠卿","9.0","1","0","0","0.52247447","false","0","張渠卿","0","0.0","PERSON"
"4.08951351","5.4E-7","0.24452786","0.0","3","8","false","陳雨洲","68.33333333","3","0","0","0.65672072","false","0","陳雨洲","1886","0.59064327","PERSON"
"3.20345946","0.00411059","0.31216253","0.0","32","7","false","端午橋制軍","33.5","32","0","0","0.75517117","false","0","端午橋制軍","15914766","0.05671902","ORG"
"4.21362162","1.0E-8","0.23732553","0.0","2","8","false","周玉帥","10.0","2","0","0","0.64293093","false","0","周玉帥","2","1.0","PERSON"
"4.08951351","5.4E-7","0.24452786","0.0","3","8","false","吕尙鈞","68.33333333","3","0","0","0.65672072","false","0","吕尙鈞","1886","0.59064327","PERSON"
"4.21362162","1.0E-8","0.23732553","0.0","2","8","false","黎羣昐仁施","10.0","2","0","0","0.64293093","false","0","黎羣昐仁施","2","1.0","PERSON"
"4.08951351","5.4E-7","0.24452786","0.0","3","8","false","翁玉斗","68.33333333","3","0","0","0.65672072","false","0","翁玉斗","1886","0.59064327","PERSON"
"4.21362162","1.0E-8","0.23732553","0.0","2","8","false","龐劬","10.0","2","0","0","0.64293093","false","0","龐劬","2","1.0","PERSON"
"4.37016216","1.2015E-4","0.22882446","0.0","16","7","false","凝香堂","14.625","16","0","0","0.62553754","false","0","凝香堂","1200570","0.25707547","ORG"
"4.08951351","5.4E-7","0.24452786","0.0","3","8","false","魏啓元","68.33333333","3","0","0","0.65672072","false","0","魏啓元","1886","0.59064327","PERSON"
"4.08951351","5.4E-7","0.24452786","0.0","3","8","false","吳蔭庭","68.33333333","3","0","0","0.65672072","false","0","吳蔭庭","1886","0.59064327","PERSON"
"4.08951351","5.4E-7","0.24452786","0.0","3","8","false","翁榮保","68.33333333","3","0","0","0.65672072","false","0","翁榮保","1886","0.59064327","PERSON"
"4.08951351","5.4E-7","0.24452786","0.0","3","8","false","趙廷瑜","68.33333333","3","0","0","0.65672072","false","0","趙廷瑜","1886","0.59064327","PERSON"
"4.08951351","5.4E-7","0.24452786","0.0","3","8","false","陳箴","68.33333333","3","0","0","0.65672072","false","0","陳箴","1886","0.59064327","PERSON"
"4.08951351","5.4E-7","0.24452786","0.0","3","8","false","王正惠","68.33333333","3","0","0","0.65672072","false","0","王正惠","1886","0.59064327","PERSON"
"4.08951351","5.4E-7","0.24452786","0.0","3","8","false","何恆昌","68.33333333","3","0","0","0.65672072","false","0","何恆昌","1886","0.59064327","PERSON"
"4.08951351","5.4E-7","0.24452786","0.0","3","8","false","楚琴","68.33333333","3","0","0","0.65672072","false","0","楚琴","1886","0.59064327","PERSON"
"4.76064865","2.108E-5","0.21005541","0.0","13","8","false","出興製造局","6.30769231","13","0","0","0.58215015","false","0","出興製造局","31274","0.25274725","ORG"
"4.08951351","5.4E-7","0.24452786","0.0","3","8","false","榮保泰","68.33333333","3","0","0","0.65672072","false","0","榮保泰","1886","0.59064327","PERSON"
"3.97881081","6.449E-5","0.25133138","0.0","5","7","false","孫耳","22.6","5","0","0","0.66902102","false","0","孫耳","429844","0.36","PERSON"
"4.08951351","5.4E-7","0.24452786","0.0","3","8","false","陳箴堂","68.33333333","3","0","0","0.65672072","false","0","陳箴堂","1886","0.59064327","PERSON"
"3.97881081","6.449E-5","0.25133138","0.0","5","7","false","孫明府","22.6","5","0","0","0.66902102","false","0","孫明府","429844","0.36","PERSON"
"3.97881081","6.449E-5","0.25133138","0.0","5","7","false","陳道憲","22.6","5","0","0","0.66902102","false","0","陳道憲","429844","0.36","PERSON"
"4.15567568","2.0012E-4","0.24063476","0.0","18","7","false","第一","13.16666667","18","0","0","0.64936937","false","0","第一","927608","0.14147287","ORG"
"3.97881081","6.449E-5","0.25133138","0.0","5","7","false","魏蕃","22.6","5","0","0","0.66902102","false","0","魏蕃","429844","0.36","PERSON"
"3.97881081","6.449E-5","0.25133138","0.0","5","7","false","葉桐侯","22.6","5","0","0","0.66902102","false","0","葉桐侯","429844","0.36","PERSON"
"3.19005405","2.1345E-4","0.31347431","0.0","15","7","false","恆記行","109.53333333","15","0","0","0.75666066","false","0","恆記行","1455648","0.18302417","ORG"
"3.97881081","6.449E-5","0.25133138","0.0","5","7","false","巴斯君","22.6","5","0","0","0.66902102","false","0","巴斯君","429844","0.36","PERSON"
"3.97881081","6.449E-5","0.25133138","0.0","5","7","false","麥根君","22.6","5","0","0","0.66902102","false","0","麥根君","429844","0.36","PERSON"
"3.97881081","6.449E-5","0.25133138","0.0","5","7","false","樊特勛","22.6","5","0","0","0.66902102","false","0","樊特勛","429844","0.36","PERSON"
"3.97881081","6.449E-5","0.25133138","0.0","5","7","false","周舜欽","22.6","5","0","0","0.66902102","false","0","周舜欽","429844","0.36","PERSON"
"3.96064865","1.7615E-4","0.2524839","0.0","7","7","false","葉軍","24.57142857","7","0","0","0.67103904","false","0","葉軍","1034616","0.24553571","PERSON"
"3.97881081","6.449E-5","0.25133138","0.0","5","7","false","董過磅","22.6","5","0","0","0.66902102","false","0","董過磅","429844","0.36","PERSON"
"3.09621622","8.4896E-4","0.32297486","0.0","61","7","false","分陰","52.52459016","61","0","0","0.76708709","false","0","分陰","19247848","0.07842403","ORG"
"3.14378378","7.1679E-4","0.31808803","0.0","44","7","false","恆隆","54.04545455","44","0","0","0.7618018","false","0","恆隆","11935632","0.08446728","ORG"
"3.18659459","7.0405E-4","0.31381463","0.0","30","7","false","籌賑公所","55.23333333","30","0","0","0.75704505","false","0","籌賑公所","9666632","0.09053979","ORG"
"3.21167568","5.5157E-4","0.31136394","0.0","16","7","false","粤東烟草股分有限公司","48.5","16","0","0","0.75425826","false","0","粤東烟草股分有限公司","4939160","0.08333333","ORG"
"3.21383784","1.5775E-4","0.31115447","0.0","11","7","false","恆餘莊","66.09090909","11","0","0","0.75401802","false","0","恆餘莊","432984","0.11419458","ORG"
"4.15567568","2.0012E-4","0.24063476","0.0","18","7","false","粤漢鐵路","13.16666667","18","0","0","0.64936937","false","0","粤漢鐵路","927608","0.14147287","ORG"
"3.21556757","1.4475E-4","0.31098709","0.0","7","7","false","恒孚銀","134.14285714","7","0","0","0.75382583","false","0","恒孚銀","571226","0.23358396","ORG"
"3.12475676","7.926E-4","0.32002491","0.0","47","7","false","分陰堂","48.9787234","47","0","0","0.76391592","false","0","分陰堂","11343260","0.07531982","ORG"
"3.21167568","3.3127E-4","0.31136394","0.0","16","7","false","恒孚銀樓","68.625","16","0","0","0.75425826","false","0","恒孚銀樓","1894176","0.11864035","ORG"
"3.67048649","8.7105E-4","0.27244345","0.0","69","7","false","粤督","12.91304348","69","0","0","0.70327928","false","0","粤督","9322020","0.10636646","ORG"
"4.59459459","1.884E-5","0.21764706","0.0","4","7","false","恒昌祥","13.75","4","0","0","0.6006006","false","0","恒昌祥","20898","0.28333333","ORG"
"3.21037838","1.3054E-4","0.31148976","0.0","10","7","false","恒泰","131.2","10","0","0","0.7544024","false","0","恒泰","546784","0.22487047","ORG"
"3.19610811","7.601E-5","0.31288053","0.0","12","7","false","恒茂","105.25","12","0","0","0.75598799","false","0","恒茂","872170","0.17521008","ORG"
"3.18789189","0.00139642","0.31368692","0.0","21","6","false","切盻華僑聯合會","33.9047619","21","0","0","0.7569009","false","0","切盻華僑聯合會","6181650","0.05653739","ORG"
"3.21383784","1.5775E-4","0.31115447","0.0","11","7","false","悦生","66.09090909","11","0","0","0.75401802","false","0","悦生","432984","0.11419458","ORG"
"3.17491892","3.4977E-4","0.31496867","0.0","24","7","false","情軒","56.04166667","24","0","0","0.75834234","false","0","情軒","3673118","0.0906782","ORG"
"4.06875676","2.49E-6","0.24577532","0.0","5","8","false","袁竹記","11.4","5","0","0","0.65902703","false","0","袁竹記","11980","0.37142857","PERSON"
"3.21556757","9.52E-5","0.31098709","0.0","7","7","false","利亨莊","115.85714286","7","0","0","0.75382583","false","0","利亨莊","425180","0.20150376","ORG"
"3.81794595","1.45E-4","0.26192094","0.0","11","7","false","紅十","22.36363636","11","0","0","0.68689489","false","0","紅十","1021172","0.14338011","ORG"
"3.80886486","5.942E-5","0.26254541","0.0","13","6","false","王復方","21.61538462","13","0","0","0.6879039","false","0","王復方","297886","0.11847922","PERSON"
"3.80151351","9.208E-4","0.26305312","0.0","20","6","false","利安長利","15.5","20","0","0","0.68872072","false","0","利安長利","36321438","0.09863946","ORG"
"3.18918919","3.7963E-4","0.31355932","0.0","11","7","false","惇元堂","62.90909091","11","0","0","0.75675676","false","0","惇元堂","1436628","0.10199191","ORG"
"2.83675676","0.05951379","0.35251524","0.0","204","6","false","紅十字會","15.68617021","204","0","14","0.79591592","false","0","紅十字會","250442092","0.01721708","ORG"
"3.20605405","0.00106413","0.3119099","0.0","26","7","false","惜陰","33.88461538","26","0","0","0.75488288","false","0","惜陰","1288476","0.05759127","ORG"
"3.15891892","4.7345E-4","0.316564","0.0","19","6","false","利棧","63.94736842","19","0","0","0.76012012","false","0","利棧","6318182","0.10456373","ORG"
"3.19351351","0.00103778","0.31313473","0.0","16","7","false","劉河釐局","40.75","16","0","0","0.75627628","false","0","劉河釐局","2542986","0.06794872","ORG"
"3.97924324","2.62E-6","0.25130406","0.0","4","7","false","寶榮","27.25","4","0","0","0.66897297","false","0","寶榮","11916","0.4375","PERSON"
"3.97924324","2.62E-6","0.25130406","0.0","4","7","false","熊育銳","27.25","4","0","0","0.66897297","false","0","熊育銳","11916","0.4375","PERSON"
"3.21210811","0.00152001","0.31132202","0.0","15","7","false","惠羅公司","43.8","15","0","0","0.75421021","false","0","惠羅公司","4359408","0.07508772","ORG"
"3.97924324","2.62E-6","0.25130406","0.0","4","7","false","金汝霖","27.25","4","0","0","0.66897297","false","0","金汝霖","11916","0.4375","PERSON"
"3.97924324","2.62E-6","0.25130406","0.0","4","7","false","汪澤","27.25","4","0","0","0.66897297","false","0","汪澤","11916","0.4375","PERSON"
"3.97924324","2.62E-6","0.25130406","0.0","4","7","false","吳樹楷","27.25","4","0","0","0.66897297","false","0","吳樹楷","11916","0.4375","PERSON"
"3.97924324","2.62E-6","0.25130406","0.0","4","7","false","關炯","27.25","4","0","0","0.66897297","false","0","關炯","11916","0.4375","PERSON"
"3.97924324","2.62E-6","0.25130406","0.0","4","7","false","尹良寳","27.25","4","0","0","0.66897297","false","0","尹良寳","11916","0.4375","PERSON"
"3.81189189","1.9127E-4","0.26233693","0.0","7","7","false","王得庚","46.85714286","7","0","0","0.68756757","false","0","王得庚","911840","0.20024953","PERSON"
"3.97924324","2.62E-6","0.25130406","0.0","4","7","false","沈國鈞","27.25","4","0","0","0.66897297","false","0","沈國鈞","11916","0.4375","PERSON"
"3.97924324","2.62E-6","0.25130406","0.0","4","7","false","王篤基","27.25","4","0","0","0.66897297","false","0","王篤基","11916","0.4375","PERSON"
"3.72627027","7.6043E-4","0.26836486","0.0","10","6","false","愛倫生電燈","28.3","10","0","0","0.69708108","false","0","愛倫生電燈","9033810","0.15","ORG"
"3.97924324","2.62E-6","0.25130406","0.0","4","7","false","李超瓊","27.25","4","0","0","0.66897297","false","0","李超瓊","11916","0.4375","PERSON"
"3.97924324","2.62E-6","0.25130406","0.0","4","7","false","魏觀察","27.25","4","0","0","0.66897297","false","0","魏觀察","11916","0.4375","PERSON"
"3.97924324","2.62E-6","0.25130406","0.0","4","7","false","陳小帥","27.25","4","0","0","0.66897297","false","0","陳小帥","11916","0.4375","PERSON"
"3.97924324","2.62E-6","0.25130406","0.0","4","7","false","關絅","27.25","4","0","0","0.66897297","false","0","關絅","11916","0.4375","PERSON"
"3.67048649","8.7105E-4","0.27244345","0.0","69","7","false","劉貽德堂","12.91304348","69","0","0","0.70327928","false","0","劉貽德堂","9322020","0.10636646","ORG"
"3.65708108","0.00273958","0.27344212","0.0","44","7","false","愼安茶棧","9.43181818","44","0","0","0.70476877","false","0","愼安茶棧","51458404","0.06799853","ORG"
"3.83654054","0.0","0.26065149","0.0","1","7","false","邢厚莊","188.0","1","0","0","0.68482883","false","0","邢厚莊","0","0.0","PERSON"
"3.83654054","0.0","0.26065149","0.0","1","7","false","徐硯芸","188.0","1","0","0","0.68482883","false","0","徐硯芸","0","0.0","PERSON"
"3.83654054","0.0","0.26065149","0.0","1","7","false","王秉必","188.0","1","0","0","0.68482883","false","0","王秉必","0","0.0","PERSON"
"3.83654054","0.0","0.26065149","0.0","1","7","false","徐眉泉","188.0","1","0","0","0.68482883","false","0","徐眉泉","0","0.0","PERSON"
"3.83654054","0.0","0.26065149","0.0","1","7","false","朱南泉","188.0","1","0","0","0.68482883","false","0","朱南泉","0","0.0","PERSON"
"3.83654054","0.0","0.26065149","0.0","1","7","false","蔡晴巖","188.0","1","0","0","0.68482883","false","0","蔡晴巖","0","0.0","PERSON"
"3.83654054","0.0","0.26065149","0.0","1","7","false","楊菊生","188.0","1","0","0","0.68482883","false","0","楊菊生","0","0.0","PERSON"
"3.83654054","0.0","0.26065149","0.0","1","7","false","周善卿","188.0","1","0","0","0.68482883","false","0","周善卿","0","0.0","PERSON"
"3.83654054","0.0","0.26065149","0.0","1","7","false","袁祝二","188.0","1","0","0","0.68482883","false","0","袁祝二","0","0.0","PERSON"
"3.83654054","0.0","0.26065149","0.0","1","7","false","陶如增","188.0","1","0","0","0.68482883","false","0","陶如增","0","0.0","PERSON"
"3.83654054","0.0","0.26065149","0.0","1","7","false","楊蓮莊","188.0","1","0","0","0.68482883","false","0","楊蓮莊","0","0.0","PERSON"
"3.83654054","0.0","0.26065149","0.0","1","7","false","楊景庭","188.0","1","0","0","0.68482883","false","0","楊景庭","0","0.0","PERSON"
"3.83654054","0.0","0.26065149","0.0","1","7","false","楊涵齋","188.0","1","0","0","0.68482883","false","0","楊涵齋","0","0.0","PERSON"
"3.83654054","0.0","0.26065149","0.0","1","7","false","楊子萱","188.0","1","0","0","0.68482883","false","0","楊子萱","0","0.0","PERSON"
"3.83654054","0.0","0.26065149","0.0","1","7","false","楊杏城","188.0","1","0","0","0.68482883","false","0","楊杏城","0","0.0","PERSON"
"3.83654054","0.0","0.26065149","0.0","1","7","false","朱子文","188.0","1","0","0","0.68482883","false","0","朱子文","0","0.0","PERSON"
"3.83654054","0.0","0.26065149","0.0","1","7","false","管斯駿","188.0","1","0","0","0.68482883","false","0","管斯駿","0","0.0","PERSON"
"3.15675676","0.0013425","0.31678082","0.0","24","6","false","愼泰","51.66666667","24","0","0","0.76036036","false","0","愼泰","9598932","0.0841639","ORG"
"3.83654054","0.0","0.26065149","0.0","1","7","false","陸宗塵","188.0","1","0","0","0.68482883","false","0","陸宗塵","0","0.0","PERSON"
"3.83654054","0.0","0.26065149","0.0","1","7","false","陳選青","188.0","1","0","0","0.68482883","false","0","陳選青","0","0.0","PERSON"
"3.21513514","2.0972E-4","0.31102892","0.0","8","7","false","劉道通商銀行","94.75","8","0","0","0.75387387","true","0","劉道通商銀行","435486","0.16447368","ORG"
"3.83654054","0.0","0.26065149","0.0","1","7","false","施肇英","188.0","1","0","0","0.68482883","false","0","施肇英","0","0.0","PERSON"
"3.83654054","0.0","0.26065149","0.0","1","7","false","張少塘","188.0","1","0","0","0.68482883","false","0","張少塘","0","0.0","PERSON"
"3.83654054","0.0","0.26065149","0.0","1","7","false","汪漢溪","188.0","1","0","0","0.68482883","false","0","汪漢溪","0","0.0","PERSON"
"3.83654054","0.0","0.26065149","0.0","1","7","false","朱懋清","188.0","1","0","0","0.68482883","false","0","朱懋清","0","0.0","PERSON"
"4.1107027","6.1E-7","0.24326741","0.0","3","8","false","羅忠堯","62.0","3","0","0","0.65436637","false","0","羅忠堯","5002","0.57009346","PERSON"
"3.20172973","0.0040812","0.31233117","0.0","39","7","false","務部","17.61538462","39","0","0","0.75536336","false","0","務部","10032868","0.0291498","ORG"
"3.83654054","0.0","0.26065149","0.0","1","7","false","金維泉","188.0","1","0","0","0.68482883","false","0","金維泉","0","0.0","PERSON"
"4.1107027","6.1E-7","0.24326741","0.0","3","8","false","繆國璋","62.0","3","0","0","0.65436637","false","0","繆國璋","5002","0.57009346","PERSON"
"3.83654054","0.0","0.26065149","0.0","1","7","false","施子香","188.0","1","0","0","0.68482883","false","0","施子香","0","0.0","PERSON"
"4.1107027","6.1E-7","0.24326741","0.0","3","8","false","陸樹藩","62.0","3","0","0","0.65436637","false","0","陸樹藩","5002","0.57009346","PERSON"
"3.83654054","0.0","0.26065149","0.0","1","7","false","黄春圃","188.0","1","0","0","0.68482883","false","0","黄春圃","0","0.0","PERSON"
"4.15481081","3.0E-6","0.24068485","0.0","5","7","false","沈松茂","19.2","5","0","0","0.64946547","false","0","沈松茂","64664","0.79130435","PERSON"
"4.1107027","6.1E-7","0.24326741","0.0","3","8","false","王崇烈","62.0","3","0","0","0.65436637","false","0","王崇烈","5002","0.57009346","PERSON"
"3.83654054","0.0","0.26065149","0.0","1","7","false","潘祖謙","188.0","1","0","0","0.68482883","false","0","潘祖謙","0","0.0","PERSON"
"4.15481081","3.0E-6","0.24068485","0.0","5","7","false","景三","19.2","5","0","0","0.64946547","false","0","景三","64664","0.79130435","PERSON"
"4.1107027","6.1E-7","0.24326741","0.0","3","8","false","劉更","62.0","3","0","0","0.65436637","false","0","劉更","5002","0.57009346","PERSON"
"4.15481081","3.0E-6","0.24068485","0.0","5","7","false","張賽啓","19.2","5","0","0","0.64946547","false","0","張賽啓","64664","0.79130435","PERSON"
"3.83654054","0.0","0.26065149","0.0","1","7","false","倪順寳","188.0","1","0","0","0.68482883","false","0","倪順寳","0","0.0","PERSON"
"4.1107027","6.1E-7","0.24326741","0.0","3","8","false","李常度","62.0","3","0","0","0.65436637","false","0","李常度","5002","0.57009346","PERSON"
"4.15481081","3.0E-6","0.24068485","0.0","5","7","false","眞正超","19.2","5","0","0","0.64946547","false","0","眞正超","64664","0.79130435","PERSON"
"4.1107027","6.1E-7","0.24326741","0.0","3","8","false","宗振","62.0","3","0","0","0.65436637","false","0","宗振","5002","0.57009346","PERSON"
"4.15481081","3.0E-6","0.24068485","0.0","5","7","false","啓　甲５９３","19.2","5","0","0","0.64946547","false","0","啓　甲５９３","64664","0.79130435","PERSON"
"3.83654054","0.0","0.26065149","0.0","1","7","false","郁庚","188.0","1","0","0","0.68482883","false","0","郁庚","0","0.0","PERSON"
"4.1107027","6.1E-7","0.24326741","0.0","3","8","false","胡瀠","62.0","3","0","0","0.65436637","false","0","胡瀠","5002","0.57009346","PERSON"
"3.14378378","7.1679E-4","0.31808803","0.0","44","7","false","慈邑","54.04545455","44","0","0","0.7618018","false","0","慈邑","11935632","0.08446728","ORG"
"3.83654054","0.0","0.26065149","0.0","1","7","false","張雲","188.0","1","0","0","0.68482883","false","0","張雲","0","0.0","PERSON"
"4.1107027","6.1E-7","0.24326741","0.0","3","8","false","楊奎儒","62.0","3","0","0","0.65436637","false","0","楊奎儒","5002","0.57009346","PERSON"
"3.83654054","0.0","0.26065149","0.0","1","7","false","戴守誠","188.0","1","0","0","0.68482883","false","0","戴守誠","0","0.0","PERSON"
"4.1107027","6.1E-7","0.24326741","0.0","3","8","false","沈瑶慶","62.0","3","0","0","0.65436637","false","0","沈瑶慶","5002","0.57009346","PERSON"
"4.1107027","6.1E-7","0.24326741","0.0","3","8","false","林謀昌","62.0","3","0","0","0.65436637","false","0","林謀昌","5002","0.57009346","PERSON"
"4.1107027","6.1E-7","0.24326741","0.0","3","8","false","張傳綸","62.0","3","0","0","0.65436637","false","0","張傳綸","5002","0.57009346","PERSON"
"3.83654054","0.0","0.26065149","0.0","1","7","false","姚廉泉","188.0","1","0","0","0.68482883","false","0","姚廉泉","0","0.0","PERSON"
"4.1107027","6.1E-7","0.24326741","0.0","3","8","false","裴祖澤","62.0","3","0","0","0.65436637","false","0","裴祖澤","5002","0.57009346","PERSON"
"3.83654054","0.0","0.26065149","0.0","1","7","false","邱稼","188.0","1","0","0","0.68482883","false","0","邱稼","0","0.0","PERSON"
"4.1107027","6.1E-7","0.24326741","0.0","3","8","false","葛維森","62.0","3","0","0","0.65436637","false","0","葛維森","5002","0.57009346","PERSON"
"3.83654054","0.0","0.26065149","0.0","1","7","false","張順松","188.0","1","0","0","0.68482883","false","0","張順松","0","0.0","PERSON"
"4.1107027","6.1E-7","0.24326741","0.0","3","8","false","李丙吉","62.0","3","0","0","0.65436637","false","0","李丙吉","5002","0.57009346","PERSON"
"3.83654054","0.0","0.26065149","0.0","1","7","false","嚴雨辰","188.0","1","0","0","0.68482883","false","0","嚴雨辰","0","0.0","PERSON"
"4.1107027","6.1E-7","0.24326741","0.0","3","8","false","楊蔭桐","62.0","3","0","0","0.65436637","false","0","楊蔭桐","5002","0.57009346","PERSON"
"4.1107027","6.1E-7","0.24326741","0.0","3","8","false","吳丕球","62.0","3","0","0","0.65436637","false","0","吳丕球","5002","0.57009346","PERSON"
"3.83654054","0.0","0.26065149","0.0","1","7","false","周禹亭","188.0","1","0","0","0.68482883","false","0","周禹亭","0","0.0","PERSON"
"3.83654054","0.0","0.26065149","0.0","1","7","false","許春榮","188.0","1","0","0","0.68482883","false","0","許春榮","0","0.0","PERSON"
"4.1107027","6.1E-7","0.24326741","0.0","3","8","false","吳筠孫","62.0","3","0","0","0.65436637","false","0","吳筠孫","5002","0.57009346","PERSON"
"3.83654054","0.0","0.26065149","0.0","1","7","false","邵松峯","188.0","1","0","0","0.68482883","false","0","邵松峯","0","0.0","PERSON"
"4.1107027","6.1E-7","0.24326741","0.0","3","8","false","朱家寳","62.0","3","0","0","0.65436637","false","0","朱家寳","5002","0.57009346","PERSON"
"3.83654054","0.0","0.26065149","0.0","1","7","false","翁秉鈞","188.0","1","0","0","0.68482883","false","0","翁秉鈞","0","0.0","PERSON"
"4.1107027","6.1E-7","0.24326741","0.0","3","8","false","凌福彭","62.0","3","0","0","0.65436637","false","0","凌福彭","5002","0.57009346","PERSON"
"4.1107027","6.1E-7","0.24326741","0.0","3","8","false","曹允源","62.0","3","0","0","0.65436637","false","0","曹允源","5002","0.57009346","PERSON"
"3.83654054","0.0","0.26065149","0.0","1","7","false","洪濤","188.0","1","0","0","0.68482883","false","0","洪濤","0","0.0","PERSON"
"4.1107027","6.1E-7","0.24326741","0.0","3","8","false","楊士夑","62.0","3","0","0","0.65436637","false","0","楊士夑","5002","0.57009346","PERSON"
"3.83654054","0.0","0.26065149","0.0","1","7","false","施潤香","188.0","1","0","0","0.68482883","false","0","施潤香","0","0.0","PERSON"
"4.1107027","6.1E-7","0.24326741","0.0","3","8","false","張符元","62.0","3","0","0","0.65436637","false","0","張符元","5002","0.57009346","PERSON"
"3.83654054","0.0","0.26065149","0.0","1","7","false","顧溶","188.0","1","0","0","0.68482883","false","0","顧溶","0","0.0","PERSON"
"4.1107027","6.1E-7","0.24326741","0.0","3","8","false","葉季銓","62.0","3","0","0","0.65436637","false","0","葉季銓","5002","0.57009346","PERSON"
"3.83654054","0.0","0.26065149","0.0","1","7","false","蘇紹良","188.0","1","0","0","0.68482883","false","0","蘇紹良","0","0.0","PERSON"
"4.1107027","6.1E-7","0.24326741","0.0","3","8","false","張鴻南","62.0","3","0","0","0.65436637","false","0","張鴻南","5002","0.57009346","PERSON"
"3.83654054","0.0","0.26065149","0.0","1","7","false","何良棟","188.0","1","0","0","0.68482883","false","0","何良棟","0","0.0","PERSON"
"4.1107027","6.1E-7","0.24326741","0.0","3","8","false","劉詒愼","62.0","3","0","0","0.65436637","false","0","劉詒愼","5002","0.57009346","PERSON"
"3.83654054","0.0","0.26065149","0.0","1","7","false","王霆煦","188.0","1","0","0","0.68482883","false","0","王霆煦","0","0.0","PERSON"
"4.1107027","6.1E-7","0.24326741","0.0","3","8","false","涂懋儒","62.0","3","0","0","0.65436637","false","0","涂懋儒","5002","0.57009346","PERSON"
"3.83654054","0.0","0.26065149","0.0","1","7","false","范裕德","188.0","1","0","0","0.68482883","false","0","范裕德","0","0.0","PERSON"
"4.1107027","6.1E-7","0.24326741","0.0","3","8","false","曹榮黻","62.0","3","0","0","0.65436637","false","0","曹榮黻","5002","0.57009346","PERSON"
"3.83654054","0.0","0.26065149","0.0","1","7","false","丁樹曾","188.0","1","0","0","0.68482883","false","0","丁樹曾","0","0.0","PERSON"
"4.1107027","6.1E-7","0.24326741","0.0","3","8","false","程更森","62.0","3","0","0","0.65436637","false","0","程更森","5002","0.57009346","PERSON"
"3.83654054","0.0","0.26065149","0.0","1","7","false","吳朗清","188.0","1","0","0","0.68482883","false","0","吳朗清","0","0.0","PERSON"
"4.1107027","6.1E-7","0.24326741","0.0","3","8","false","胡之楨","62.0","3","0","0","0.65436637","false","0","胡之楨","5002","0.57009346","PERSON"
"3.20086486","4.7455E-4","0.31241556","0.0","12","7","false","慎昌丰","100.66666667","12","0","0","0.75545946","false","0","慎昌丰","3758638","0.17243368","ORG"
"3.83654054","0.0","0.26065149","0.0","1","7","false","徐樂三","188.0","1","0","0","0.68482883","false","0","徐樂三","0","0.0","PERSON"
"4.1107027","6.1E-7","0.24326741","0.0","3","8","false","蔣慶頤","62.0","3","0","0","0.65436637","false","0","蔣慶頤","5002","0.57009346","PERSON"
"3.83654054","0.0","0.26065149","0.0","1","7","false","倪綬卿","188.0","1","0","0","0.68482883","false","0","倪綬卿","0","0.0","PERSON"
"4.1107027","6.1E-7","0.24326741","0.0","3","8","false","楊毓璋","62.0","3","0","0","0.65436637","false","0","楊毓璋","5002","0.57009346","PERSON"
"3.83654054","0.0","0.26065149","0.0","1","7","false","潘藹","188.0","1","0","0","0.68482883","false","0","潘藹","0","0.0","PERSON"
"4.1107027","6.1E-7","0.24326741","0.0","3","8","false","吳海","62.0","3","0","0","0.65436637","false","0","吳海","5002","0.57009346","PERSON"
"3.83654054","0.0","0.26065149","0.0","1","7","false","錢芩生","188.0","1","0","0","0.68482883","false","0","錢芩生","0","0.0","PERSON"
"4.1107027","6.1E-7","0.24326741","0.0","3","8","false","叚世德","62.0","3","0","0","0.65436637","false","0","叚世德","5002","0.57009346","PERSON"
"3.83654054","0.0","0.26065149","0.0","1","7","false","譚麗生","188.0","1","0","0","0.68482883","false","0","譚麗生","0","0.0","PERSON"
"4.1107027","6.1E-7","0.24326741","0.0","3","8","false","江慶瑞","62.0","3","0","0","0.65436637","false","0","江慶瑞","5002","0.57009346","PERSON"
"3.83654054","0.0","0.26065149","0.0","1","7","false","顧小亭","188.0","1","0","0","0.68482883","false","0","顧小亭","0","0.0","PERSON"
"4.1107027","6.1E-7","0.24326741","0.0","3","8","false","王　貞直","62.0","3","0","0","0.65436637","false","0","王　貞直","5002","0.57009346","PERSON"
"3.12475676","7.926E-4","0.32002491","0.0","47","7","false","慶和堂","48.9787234","47","0","0","0.76391592","false","0","慶和堂","11343260","0.07531982","ORG"
"3.83654054","0.0","0.26065149","0.0","1","7","false","瞿慶","188.0","1","0","0","0.68482883","false","0","瞿慶","0","0.0","PERSON"
"4.1107027","6.1E-7","0.24326741","0.0","3","8","false","王賡詩","62.0","3","0","0","0.65436637","false","0","王賡詩","5002","0.57009346","PERSON"
"3.83654054","0.0","0.26065149","0.0","1","7","false","陸文麓","188.0","1","0","0","0.68482883","false","0","陸文麓","0","0.0","PERSON"
"4.21362162","3.0E-8","0.23732553","0.0","3","8","false","徐振捐","9.0","3","0","0","0.64293093","false","0","徐振捐","6","1.0","PERSON"
"3.2147027","5.896E-4","0.31107076","0.0","9","7","false","勤泰","89.44444444","9","0","0","0.75392192","false","0","勤泰","2134470","0.15516569","ORG"
"3.83654054","0.0","0.26065149","0.0","1","7","false","趙味青","188.0","1","0","0","0.68482883","false","0","趙味青","0","0.0","PERSON"
"4.21362162","3.0E-8","0.23732553","0.0","3","8","false","淮振","9.0","3","0","0","0.64293093","false","0","淮振","6","1.0","PERSON"
"3.83654054","0.0","0.26065149","0.0","1","7","false","姚泰山","188.0","1","0","0","0.68482883","false","0","姚泰山","0","0.0","PERSON"
"4.21362162","3.0E-8","0.23732553","0.0","3","8","false","孔殷卽","9.0","3","0","0","0.64293093","false","0","孔殷卽","6","1.0","PERSON"
"3.83654054","0.0","0.26065149","0.0","1","7","false","葉宣桂","188.0","1","0","0","0.68482883","false","0","葉宣桂","0","0.0","PERSON"
"4.21362162","3.0E-8","0.23732553","0.0","3","8","false","伏祈　公","9.0","3","0","0","0.64293093","false","0","伏祈　公","6","1.0","PERSON"
"3.83654054","0.0","0.26065149","0.0","1","7","false","程訪槎","188.0","1","0","0","0.68482883","false","0","程訪槎","0","0.0","PERSON"
"3.83654054","0.0","0.26065149","0.0","1","7","false","金紫霆","188.0","1","0","0","0.68482883","false","0","金紫霆","0","0.0","PERSON"
"3.83654054","0.0","0.26065149","0.0","1","7","false","榮瑞卿","188.0","1","0","0","0.68482883","false","0","榮瑞卿","0","0.0","PERSON"
"3.48194595","0.0011768","0.28719573","0.0","41","6","false","勸戒紙烟職員會","11.56097561","41","0","0","0.72422823","false","0","勸戒紙烟職員會","8407366","0.04532608","ORG"
"3.83654054","0.0","0.26065149","0.0","1","7","false","張詠沂","188.0","1","0","0","0.68482883","false","0","張詠沂","0","0.0","PERSON"
"3.83654054","0.0","0.26065149","0.0","1","7","false","潘蒓卿","188.0","1","0","0","0.68482883","false","0","潘蒓卿","0","0.0","PERSON"
"3.83654054","0.0","0.26065149","0.0","1","7","false","金鏡清","188.0","1","0","0","0.68482883","false","0","金鏡清","0","0.0","PERSON"
"3.83654054","0.0","0.26065149","0.0","1","7","false","柳壽春","188.0","1","0","0","0.68482883","false","0","柳壽春","0","0.0","PERSON"
"3.83654054","0.0","0.26065149","0.0","1","7","false","戴鹿蕖","188.0","1","0","0","0.68482883","false","0","戴鹿蕖","0","0.0","PERSON"
"3.83654054","0.0","0.26065149","0.0","1","7","false","馮二南","188.0","1","0","0","0.68482883","false","0","馮二南","0","0.0","PERSON"
"3.83654054","0.0","0.26065149","0.0","1","7","false","沈芝香","188.0","1","0","0","0.68482883","false","0","沈芝香","0","0.0","PERSON"
"3.83654054","0.0","0.26065149","0.0","1","7","false","沈毓麟","188.0","1","0","0","0.68482883","false","0","沈毓麟","0","0.0","PERSON"
"3.83654054","0.0","0.26065149","0.0","1","7","false","陳湘湄","188.0","1","0","0","0.68482883","false","0","陳湘湄","0","0.0","PERSON"
"3.83654054","0.0","0.26065149","0.0","1","7","false","劉安濤","188.0","1","0","0","0.68482883","false","0","劉安濤","0","0.0","PERSON"
"3.83654054","0.0","0.26065149","0.0","1","7","false","徐昇甫","188.0","1","0","0","0.68482883","false","0","徐昇甫","0","0.0","PERSON"
"3.83654054","0.0","0.26065149","0.0","1","7","false","陳輅清","188.0","1","0","0","0.68482883","false","0","陳輅清","0","0.0","PERSON"
"3.83654054","0.0","0.26065149","0.0","1","7","false","莊陳芝","188.0","1","0","0","0.68482883","false","0","莊陳芝","0","0.0","PERSON"
"3.21210811","2.4697E-4","0.31132202","0.0","14","7","false","慶恩堂","102.0","14","0","0","0.75421021","false","0","慶恩堂","826486","0.17688266","ORG"
"3.81362162","5.014E-5","0.26221794","0.0","4","7","false","愛德華君","67.25","4","0","0","0.68737538","false","0","愛德華君","125198","0.28191489","PERSON"
"3.81362162","5.014E-5","0.26221794","0.0","4","7","false","朱仲賓","67.25","4","0","0","0.68737538","false","0","朱仲賓","125198","0.28191489","PERSON"
"3.21167568","5.5157E-4","0.31136394","0.0","16","7","false","北京","48.5","16","0","0","0.75425826","false","0","北京","4939160","0.08333333","ORG"
"3.81362162","5.014E-5","0.26221794","0.0","4","7","false","王立紉","67.25","4","0","0","0.68737538","false","0","王立紉","125198","0.28191489","PERSON"
"3.18659459","7.0405E-4","0.31381463","0.0","30","7","false","慶益善堂司","55.23333333","30","0","0","0.75704505","false","0","慶益善堂司","9666632","0.09053979","ORG"
"3.81794595","1.45E-4","0.26192094","0.0","11","7","false","紅十字會事務所","22.36363636","11","0","0","0.68689489","false","0","紅十字會事務所","1021172","0.14338011","ORG"
"4.17124324","1.1E-7","0.23973668","0.0","2","8","false","王爺中堂","34.0","2","0","0","0.64763964","false","0","王爺中堂","378","0.75","PERSON"
"3.20302703","0.00273558","0.31220467","0.0","23","7","false","北京外務部","52.60869565","23","0","0","0.75521922","false","0","北京外務部","12467152","0.09006753","ORG"
"4.18767568","8.079E-5","0.23879595","0.0","7","7","false","紅十字會南市分會","35.71428571","7","0","0","0.64581381","false","0","紅十字會南市分會","846046","0.21167247","ORG"
"4.15394595","1.955E-5","0.24073496","0.0","5","8","false","孫廷翰","31.2","5","0","0","0.64956156","false","0","孫廷翰","36112","0.37283951","PERSON"
"4.17124324","1.1E-7","0.23973668","0.0","2","8","false","沈衞","34.0","2","0","0","0.64763964","false","0","沈衞","378","0.75","PERSON"
"4.17124324","1.1E-7","0.23973668","0.0","2","8","false","張元濟","34.0","2","0","0","0.64763964","false","0","張元濟","378","0.75","PERSON"
"4.17124324","1.1E-7","0.23973668","0.0","2","8","false","汪康年","34.0","2","0","0","0.64763964","false","0","汪康年","378","0.75","PERSON"
"3.04691892","0.00266332","0.3282004","0.0","23","6","false","紅會","41.08695652","23","0","0","0.77256456","false","0","紅會","19167698","0.05498897","ORG"
"4.17124324","1.1E-7","0.23973668","0.0","2","8","false","何燏時","34.0","2","0","0","0.64763964","false","0","何燏時","378","0.75","PERSON"
"4.15351351","3.674E-5","0.24076002","0.0","7","8","false","王存善","24.85714286","7","0","0","0.64960961","false","0","王存善","45526","0.29821429","PERSON"
"4.17124324","1.1E-7","0.23973668","0.0","2","8","false","龐元濟","34.0","2","0","0","0.64763964","false","0","龐元濟","378","0.75","PERSON"
"3.14378378","7.1679E-4","0.31808803","0.0","44","7","false","慶記怡情軒","54.04545455","44","0","0","0.7618018","false","0","慶記怡情軒","11935632","0.08446728","ORG"
"4.17124324","1.1E-7","0.23973668","0.0","2","8","false","沈能虎","34.0","2","0","0","0.64763964","false","0","沈能虎","378","0.75","PERSON"
"4.17124324","1.1E-7","0.23973668","0.0","2","8","false","徐爾榖","34.0","2","0","0","0.64763964","false","0","徐爾榖","378","0.75","PERSON"
"4.17124324","1.1E-7","0.23973668","0.0","2","8","false","夏曾佑","34.0","2","0","0","0.64763964","false","0","夏曾佑","378","0.75","PERSON"
"4.17124324","1.1E-7","0.23973668","0.0","2","8","false","張美翊","34.0","2","0","0","0.64763964","false","0","張美翊","378","0.75","PERSON"
"4.17124324","1.1E-7","0.23973668","0.0","2","8","false","謝絅輝","34.0","2","0","0","0.64763964","false","0","謝絅輝","378","0.75","PERSON"
"4.16389189","5.46E-6","0.24015993","0.0","3","8","false","樊棻","30.66666667","3","0","0","0.64845646","false","0","樊棻","3806","0.49444444","PERSON"
"3.18183784","4.9857E-4","0.31428377","0.0","23","7","false","純武堂","74.26086957","23","0","0","0.75757357","false","0","純武堂","6705422","0.12250982","ORG"
"4.17124324","1.1E-7","0.23973668","0.0","2","8","false","徐棠","34.0","2","0","0","0.64763964","false","0","徐棠","378","0.75","PERSON"
"4.17124324","1.1E-7","0.23973668","0.0","2","8","false","孫思敬","34.0","2","0","0","0.64763964","false","0","孫思敬","378","0.75","PERSON"
"3.18789189","0.00139642","0.31368692","0.0","21","6","false","北京工商部","33.9047619","21","0","0","0.7569009","false","0","北京工商部","6181650","0.05653739","ORG"
"3.2","2.4661E-4","0.3125","0.0","11","7","false","純泰莊","109.45454545","11","0","0","0.75555556","false","0","純泰莊","2130856","0.18444651","ORG"
"3.20259459","9.5724E-4","0.31224683","0.0","34","7","false","北京政務處","34.91176471","34","0","0","0.75526727","false","0","北京政務處","2246636","0.05918284","ORG"
"4.37405405","0.00238014","0.22862086","0.0","24","8","false","應慶","4.20833333","24","0","0","0.62510511","false","0","應慶","13241432","0.40104167","ORG"
"3.6332973","0.00206143","0.27523209","0.0","37","6","false","紹興軍政分府","8.24324324","37","0","0","0.70741141","false","0","紹興軍政分府","8376380","0.04765292","ORG"
"3.15891892","4.7345E-4","0.316564","0.0","19","6","false","懋昌洋","63.94736842","19","0","0","0.76012012","false","0","懋昌洋","6318182","0.10456373","ORG"
"3.20648649","6.112E-4","0.31186784","0.0","28","7","false","北京政務處商部","37.35714286","28","0","0","0.75483483","false","0","北京政務處商部","1405530","0.06378446","ORG"
"3.19091892","2.0024E-4","0.31338935","0.0","20","7","false","成綸華廠","80.3","20","0","0","0.75656456","false","0","成綸華廠","1940274","0.13238731","ORG"
"3.21643243","7.19E-6","0.31090347","0.0","5","7","false","絲業會","233.4","5","0","0","0.75372973","false","0","絲業會","90566","0.4077193","ORG"
"3.11135135","0.00351131","0.32140375","0.0","37","7","false","絲業會館","64.53125","37","0","4","0.76540541","false","0","絲業會館","26865738","0.09684642","ORG"
"3.72583784","0.00199562","0.26839601","0.0","11","6","false","北京琉璃廠","25.09090909","11","0","0","0.69712913","false","0","北京琉璃廠","10603224","0.13236763","ORG"
"3.21081081","4.0748E-4","0.31144781","0.0","18","7","false","戴生昌船局","54.38888889","18","0","0","0.75435435","false","0","戴生昌船局","952746","0.09366472","ORG"
"4.72562162","0.0","0.21161237","0.0","1","7","false","龐萊巨","11.0","1","0","0","0.58604204","false","0","龐萊巨","0","0.0","PERSON"
"4.72562162","0.0","0.21161237","0.0","1","7","false","台鑒","11.0","1","0","0","0.58604204","false","0","台鑒","0","0.0","PERSON"
"4.72562162","0.0","0.21161237","0.0","1","7","false","李夢蘭","11.0","1","0","0","0.58604204","false","0","李夢蘭","0","0.0","PERSON"
"4.72562162","0.0","0.21161237","0.0","1","7","false","崔東海","11.0","1","0","0","0.58604204","false","0","崔東海","0","0.0","PERSON"
"4.2067027","0.0","0.23771587","0.0","2","8","false","李隠名","21.0","2","0","0","0.6436997","false","0","李隠名","2","1.0","PERSON"
"3.20735135","0.00307321","0.31178374","0.0","21","7","false","北仁濟善堂","54.66666667","21","0","0","0.75473874","false","0","北仁濟善堂","9963916","0.09333333","ORG"
"4.2067027","0.0","0.23771587","0.0","2","8","false","章存德","21.0","2","0","0","0.6436997","false","0","章存德","2","1.0","PERSON"
"4.2067027","0.0","0.23771587","0.0","2","8","false","沈錫記","21.0","2","0","0","0.6436997","false","0","沈錫記","2","1.0","PERSON"
"3.15805405","5.4179E-4","0.31665069","0.0","25","7","false","户部","89.125","25","0","1","0.76021622","false","0","户部","7368342","0.14168006","ORG"
"4.2067027","0.0","0.23771587","0.0","2","8","false","周芝能","21.0","2","0","0","0.6436997","false","0","周芝能","2","1.0","PERSON"
"4.2067027","0.0","0.23771587","0.0","2","8","false","徐隠名","21.0","2","0","0","0.6436997","false","0","徐隠名","2","1.0","PERSON"
"3.17491892","3.4977E-4","0.31496867","0.0","24","7","false","絲雲絲廠","56.04166667","24","0","0","0.75834234","false","0","絲雲絲廠","3673118","0.0906782","ORG"
"4.2067027","0.0","0.23771587","0.0","2","8","false","張隠名","21.0","2","0","0","0.6436997","false","0","張隠名","2","1.0","PERSON"
"4.2067027","0.0","0.23771587","0.0","2","8","false","翟起林","21.0","2","0","0","0.6436997","false","0","翟起林","2","1.0","PERSON"
"4.2067027","0.0","0.23771587","0.0","2","8","false","何隠名","21.0","2","0","0","0.6436997","false","0","何隠名","2","1.0","PERSON"
"4.2067027","0.0","0.23771587","0.0","2","8","false","耿夢","21.0","2","0","0","0.6436997","false","0","耿夢","2","1.0","PERSON"
"4.2067027","0.0","0.23771587","0.0","2","8","false","汪柏如","21.0","2","0","0","0.6436997","false","0","汪柏如","2","1.0","PERSON"
"4.2067027","0.0","0.23771587","0.0","2","8","false","洪隠名","21.0","2","0","0","0.6436997","false","0","洪隠名","2","1.0","PERSON"
"4.2067027","0.0","0.23771587","0.0","2","8","false","馮長生","21.0","2","0","0","0.6436997","false","0","馮長生","2","1.0","PERSON"
"4.2067027","0.0","0.23771587","0.0","2","8","false","魏坤記","21.0","2","0","0","0.6436997","false","0","魏坤記","2","1.0","PERSON"
"4.2067027","0.0","0.23771587","0.0","2","8","false","馮泰和","21.0","2","0","0","0.6436997","false","0","馮泰和","2","1.0","PERSON"
"4.20627027","0.0","0.23774031","0.0","2","8","false","徐宗绩","27.0","2","0","0","0.64374775","false","0","徐宗绩","2","1.0","PERSON"
"3.20691892","0.00497216","0.31182578","0.0","27","7","false","批詳院","23.55555556","27","0","0","0.75478679","false","0","批詳院","8260140","0.03957115","ORG"
"4.20627027","0.0","0.23774031","0.0","2","8","false","王鼎晋","27.0","2","0","0","0.64374775","false","0","王鼎晋","2","1.0","PERSON"
"3.89232432","1.5009E-4","0.2569159","0.0","9","7","false","綢業公所","8.22222222","9","0","0","0.67863063","false","0","綢業公所","523618","0.13374486","ORG"
"4.6892973","0.00119069","0.21325157","0.0","14","7","false","北伐義勇軍","5.5","14","0","0","0.59007808","false","0","北伐義勇軍","22380590","0.225","ORG"
"4.20627027","0.0","0.23774031","0.0","2","8","false","王文畿","27.0","2","0","0","0.64374775","false","0","王文畿","2","1.0","PERSON"
"4.20627027","0.0","0.23774031","0.0","2","8","false","高錦江","27.0","2","0","0","0.64374775","false","0","高錦江","2","1.0","PERSON"
"4.20627027","0.0","0.23774031","0.0","2","8","false","潘遠志","27.0","2","0","0","0.64374775","false","0","潘遠志","2","1.0","PERSON"
"4.20627027","0.0","0.23774031","0.0","2","8","false","洪昺","27.0","2","0","0","0.64374775","false","0","洪昺","2","1.0","PERSON"
"4.20627027","0.0","0.23774031","0.0","2","8","false","華鎔","27.0","2","0","0","0.64374775","false","0","華鎔","2","1.0","PERSON"
"3.84908108","9.74E-6","0.25980227","0.0","2","7","false","維祈　公鑒","68.5","2","0","0","0.68343544","false","0","維祈　公鑒","86798","0.53149606","ORG"
"4.20627027","0.0","0.23774031","0.0","2","8","false","陳坤鏞","27.0","2","0","0","0.64374775","false","0","陳坤鏞","2","1.0","PERSON"
"3.81664865","3.9576E-4","0.26200997","0.0","12","7","false","綸華公司","18.66666667","12","0","0","0.68703904","false","0","綸華公司","10154180","0.14971751","ORG"
"4.20627027","0.0","0.23774031","0.0","2","8","false","李誠","27.0","2","0","0","0.64374775","false","0","李誠","2","1.0","PERSON"
"3.66616216","0.00177199","0.2727648","0.0","29","7","false","北洋海軍","10.89655172","29","0","0","0.70375976","false","0","北洋海軍","9829788","0.07018831","ORG"
"4.20627027","0.0","0.23774031","0.0","2","8","false","孫啟椿","27.0","2","0","0","0.64374775","false","0","孫啟椿","2","1.0","PERSON"
"4.20627027","0.0","0.23774031","0.0","2","8","false","陳金才","27.0","2","0","0","0.64374775","false","0","陳金才","2","1.0","PERSON"
"4.20627027","0.0","0.23774031","0.0","2","8","false","周庠","27.0","2","0","0","0.64374775","false","0","周庠","2","1.0","PERSON"
"4.20627027","0.0","0.23774031","0.0","2","8","false","凌玉成","27.0","2","0","0","0.64374775","false","0","凌玉成","2","1.0","PERSON"
"4.20627027","0.0","0.23774031","0.0","2","8","false","劉保元","27.0","2","0","0","0.64374775","false","0","劉保元","2","1.0","PERSON"
"4.20627027","0.0","0.23774031","0.0","2","8","false","劉啓龍","27.0","2","0","0","0.64374775","false","0","劉啓龍","2","1.0","PERSON"
"3.12994595","0.00200823","0.31949434","0.0","94","7","false","綸華廠","51.19672131","94","0","23","0.76333934","false","0","綸華廠","21700144","0.07993108","ORG"
"4.20627027","0.0","0.23774031","0.0","2","8","false","吳馨","27.0","2","0","0","0.64374775","false","0","吳馨","2","1.0","PERSON"
"4.19589189","6.77E-6","0.23832835","0.0","3","8","false","王納善","28.0","3","0","0","0.6449009","false","0","王納善","2014","0.55102041","PERSON"
"4.19589189","6.77E-6","0.23832835","0.0","3","8","false","錢允利","28.0","3","0","0","0.6449009","false","0","錢允利","2014","0.55102041","PERSON"
"4.20627027","0.0","0.23774031","0.0","2","8","false","顧鴻逵","27.0","2","0","0","0.64374775","false","0","顧鴻逵","2","1.0","PERSON"
"4.20627027","0.0","0.23774031","0.0","2","8","false","穆湘瑶","27.0","2","0","0","0.64374775","false","0","穆湘瑶","2","1.0","PERSON"
"4.66551351","2.47E-6","0.21433868","0.0","2","8","false","繆君仲茂","19.5","2","0","0","0.59272072","false","0","繆君仲茂","27268","0.66071429","PERSON"
"4.19589189","6.77E-6","0.23832835","0.0","3","8","false","楊辰","28.0","3","0","0","0.6449009","false","0","楊辰","2014","0.55102041","PERSON"
"4.19589189","6.77E-6","0.23832835","0.0","3","8","false","周樹藩","28.0","3","0","0","0.6449009","false","0","周樹藩","2014","0.55102041","PERSON"
"4.19589189","6.77E-6","0.23832835","0.0","3","8","false","范熙瑞","28.0","3","0","0","0.6449009","false","0","范熙瑞","2014","0.55102041","PERSON"
"4.66551351","2.47E-6","0.21433868","0.0","2","8","false","唐君","19.5","2","0","0","0.59272072","false","0","唐君","27268","0.66071429","PERSON"
"4.19589189","6.77E-6","0.23832835","0.0","3","8","false","穆湘瑤","28.0","3","0","0","0.6449009","false","0","穆湘瑤","2014","0.55102041","PERSON"
"5.53427027","1.0E-8","0.1806923","0.0","2","9","false","姚捷勳","10.0","2","0","0","0.49619219","false","0","姚捷勳","2","1.0","PERSON"
"4.20627027","0.0","0.23774031","0.0","2","8","false","顧鴻逹","27.0","2","0","0","0.64374775","false","0","顧鴻逹","2","1.0","PERSON"
"4.53491892","0.00194384","0.22051111","0.0","10","8","false","北巡警總局","2.7","10","0","0","0.60723123","false","0","北巡警總局","6910020","0.2125","ORG"
"3.18789189","9.4625E-4","0.31368692","0.0","29","7","false","承德堂","73.43478261","29","0","5","0.7569009","false","0","承德堂","7181286","0.12403216","ORG"
"5.53427027","1.0E-8","0.1806923","0.0","2","9","false","李交保","10.0","2","0","0","0.49619219","false","0","李交保","2","1.0","PERSON"
"5.53427027","1.0E-8","0.1806923","0.0","2","9","false","詹寛甫","10.0","2","0","0","0.49619219","false","0","詹寛甫","2","1.0","PERSON"
"5.53427027","1.0E-8","0.1806923","0.0","2","9","false","李阿九","10.0","2","0","0","0.49619219","false","0","李阿九","2","1.0","PERSON"
"5.53427027","1.0E-8","0.1806923","0.0","2","9","false","翁榮甫","10.0","2","0","0","0.49619219","false","0","翁榮甫","2","1.0","PERSON"
"5.53427027","1.0E-8","0.1806923","0.0","2","9","false","朱君","10.0","2","0","0","0.49619219","false","0","朱君","2","1.0","PERSON"
"5.53427027","1.0E-8","0.1806923","0.0","2","9","false","陳省三","10.0","2","0","0","0.49619219","false","0","陳省三","2","1.0","PERSON"
"5.53427027","1.0E-8","0.1806923","0.0","2","9","false","伍申翁","10.0","2","0","0","0.49619219","false","0","伍申翁","2","1.0","PERSON"
"5.53427027","1.0E-8","0.1806923","0.0","2","9","false","劉柏生","10.0","2","0","0","0.49619219","false","0","劉柏生","2","1.0","PERSON"
"3.70248649","2.7734E-4","0.27008876","0.0","19","7","false","匯學會","12.94736842","19","0","0","0.69972372","false","0","匯學會","1708748","0.11378446","ORG"
"3.21167568","3.3127E-4","0.31136394","0.0","16","7","false","承慶","68.625","16","0","0","0.75425826","false","0","承慶","1894176","0.11864035","ORG"
"3.39589189","0.00334438","0.29447345","0.0","49","6","false","匯豐銀行","22.73913043","49","0","3","0.73378979","true","0","匯豐銀行","37480540","0.07627765","ORG"
"4.64562162","9.6744E-4","0.21525645","0.0","14","7","false","承福堂","6.0","14","0","0","0.59493093","false","0","承福堂","13271386","0.27777778","ORG"
"3.21556757","9.874E-5","0.31098709","0.0","7","7","false","承緒堂","167.57142857","7","0","0","0.75382583","false","0","承緒堂","245988","0.29223058","ORG"
"3.21427027","2.581E-4","0.31111261","0.0","10","7","false","承裕莊","116.6","10","0","0","0.75396997","false","0","承裕莊","917786","0.20280702","ORG"
"3.072","0.00187524","0.32552083","0.0","105","7","false","綸華絲廠","43.18947368","105","0","10","0.76977778","false","0","綸華絲廠","34979308","0.06382674","ORG"
"2.88172973","0.05243449","0.34701381","0.0","182","6","false","招商局","23.4375","182","0","5","0.79091892","false","0","招商局","440539944","0.02677506","ORG"
"3.21340541","3.0368E-4","0.31119634","0.0","12","7","false","十石絲業會館","86.75","12","0","0","0.75406607","false","0","十石絲業會館","1089230","0.1504386","ORG"
"5.62551351","1.24E-6","0.17776155","0.0","8","8","false","邢梅溪","12.5","8","0","0","0.48605405","false","0","邢梅溪","2726","0.82142857","PERSON"
"4.63956757","3.9943E-4","0.21553733","0.0","11","7","false","升科","8.54545455","11","0","0","0.5956036","false","0","升科","7163892","0.58041958","ORG"
"5.62551351","1.24E-6","0.17776155","0.0","8","8","false","翟比南君","12.5","8","0","0","0.48605405","false","0","翟比南君","2726","0.82142857","PERSON"
"5.62551351","1.24E-6","0.17776155","0.0","8","8","false","翟君","12.5","8","0","0","0.48605405","false","0","翟君","2726","0.82142857","PERSON"
"5.62551351","1.24E-6","0.17776155","0.0","8","8","false","高易勃勒","12.5","8","0","0","0.48605405","false","0","高易勃勒","2726","0.82142857","PERSON"
"5.62551351","1.24E-6","0.17776155","0.0","8","8","false","趙揚瑜","12.5","8","0","0","0.48605405","false","0","趙揚瑜","2726","0.82142857","PERSON"
"5.62551351","1.24E-6","0.17776155","0.0","8","8","false","比南君","12.5","8","0","0","0.48605405","false","0","比南君","2726","0.82142857","PERSON"
"5.62551351","1.24E-6","0.17776155","0.0","8","8","false","蔣娘娘","12.5","8","0","0","0.48605405","false","0","蔣娘娘","2726","0.82142857","PERSON"
"5.62551351","1.24E-6","0.17776155","0.0","8","8","false","司馬升堂","12.5","8","0","0","0.48605405","false","0","司馬升堂","2726","0.82142857","PERSON"
"5.62551351","1.24E-6","0.17776155","0.0","8","8","false","馬大新","12.5","8","0","0","0.48605405","false","0","馬大新","2726","0.82142857","PERSON"
"3.21556757","4.493E-5","0.31098709","0.0","4","7","false","半日學堂","168.5","4","0","0","0.75382583","false","0","半日學堂","278996","0.29232112","ORG"
"3.18659459","7.0405E-4","0.31381463","0.0","30","7","false","協德善堂","55.23333333","30","0","0","0.75704505","false","0","協德善堂","9666632","0.09053979","ORG"
"3.88108108","1.86E-6","0.25766017","0.0","2","7","false","顧川","104.5","2","0","0","0.67987988","false","0","顧川","67706","0.59142857","PERSON"
"3.88108108","1.86E-6","0.25766017","0.0","2","7","false","邵順浦","104.5","2","0","0","0.67987988","false","0","邵順浦","67706","0.59142857","PERSON"
"3.88108108","1.86E-6","0.25766017","0.0","2","7","false","趙紀生","104.5","2","0","0","0.67987988","false","0","趙紀生","67706","0.59142857","PERSON"
"3.88108108","1.86E-6","0.25766017","0.0","2","7","false","木作","104.5","2","0","0","0.67987988","false","0","木作","67706","0.59142857","PERSON"
"3.74962162","9.85E-5","0.26669358","0.0","3","7","false","何錦豐","132.33333333","3","0","0","0.69448649","false","0","何錦豐","495304","0.37739464","PERSON"
"3.88108108","1.86E-6","0.25766017","0.0","2","7","false","葉鉄卿","104.5","2","0","0","0.67987988","false","0","葉鉄卿","67706","0.59142857","PERSON"
"3.88108108","1.86E-6","0.25766017","0.0","2","7","false","陳甘棠","104.5","2","0","0","0.67987988","false","0","陳甘棠","67706","0.59142857","PERSON"
"3.88108108","1.86E-6","0.25766017","0.0","2","7","false","翁源鑫","104.5","2","0","0","0.67987988","false","0","翁源鑫","67706","0.59142857","PERSON"
"3.88108108","1.86E-6","0.25766017","0.0","2","7","false","李菊","104.5","2","0","0","0.67987988","false","0","李菊","67706","0.59142857","PERSON"
"3.88108108","1.86E-6","0.25766017","0.0","2","7","false","沈寶鴻","104.5","2","0","0","0.67987988","false","0","沈寶鴻","67706","0.59142857","PERSON"
"3.88108108","1.86E-6","0.25766017","0.0","2","7","false","張丹榮","104.5","2","0","0","0.67987988","false","0","張丹榮","67706","0.59142857","PERSON"
"3.46767568","6.44E-5","0.2883776","0.0","4","7","false","周榮發","266.75","4","0","0","0.72581381","false","0","周榮發","332792","0.26182266","PERSON"
"3.17967568","7.0976E-4","0.31449748","0.0","19","7","false","協振所","70.89473684","19","0","0","0.75781381","false","0","協振所","4026960","0.11806543","ORG"
"3.88108108","1.86E-6","0.25766017","0.0","2","7","false","傅筱菴","104.5","2","0","0","0.67987988","false","0","傅筱菴","67706","0.59142857","PERSON"
"3.46767568","6.44E-5","0.2883776","0.0","4","7","false","涂鐵珊","266.75","4","0","0","0.72581381","false","0","涂鐵珊","332792","0.26182266","PERSON"
"3.88108108","1.86E-6","0.25766017","0.0","2","7","false","王餘綿","104.5","2","0","0","0.67987988","false","0","王餘綿","67706","0.59142857","PERSON"
"3.88108108","1.86E-6","0.25766017","0.0","2","7","false","唐九華","104.5","2","0","0","0.67987988","false","0","唐九華","67706","0.59142857","PERSON"
"3.88108108","1.86E-6","0.25766017","0.0","2","7","false","虞樊松泉","104.5","2","0","0","0.67987988","false","0","虞樊松泉","67706","0.59142857","PERSON"
"3.46594595","8.184E-5","0.28852152","0.0","8","7","false","李季衡","143.0","8","0","0","0.72600601","false","0","李季衡","371666","0.13990148","PERSON"
"3.88108108","1.86E-6","0.25766017","0.0","2","7","false","張茂","104.5","2","0","0","0.67987988","false","0","張茂","67706","0.59142857","PERSON"
"3.46767568","6.44E-5","0.2883776","0.0","4","7","false","陳志","266.75","4","0","0","0.72581381","false","0","陳志","332792","0.26182266","PERSON"
"3.96237838","1.657E-5","0.25237368","0.0","3","7","false","唐子中","40.0","3","0","0","0.67084685","false","0","唐子中","87868","0.40625","PERSON"
"4.192","1.618E-4","0.23854962","0.0","11","7","false","編書官","8.90909091","11","0","0","0.64533333","false","0","編書官","601504","0.12167832","ORG"
"3.96237838","1.657E-5","0.25237368","0.0","3","7","false","郁王欽軒","40.0","3","0","0","0.67084685","false","0","郁王欽軒","87868","0.40625","PERSON"
"3.87718919","3.2755E-4","0.2579188","0.0","5","7","false","協濟公司","29.2","5","0","0","0.68031231","false","0","協濟公司","5465866","0.21363636","ORG"
"3.96237838","1.657E-5","0.25237368","0.0","3","7","false","魏蕃實","40.0","3","0","0","0.67084685","false","0","魏蕃實","87868","0.40625","PERSON"
"3.96237838","1.657E-5","0.25237368","0.0","3","7","false","江寳仁","40.0","3","0","0","0.67084685","false","0","江寳仁","87868","0.40625","PERSON"
"3.84864865","8.173E-5","0.25983146","0.0","3","7","false","南京醫學研究會","47.66666667","3","0","0","0.68348348","false","0","南京醫學研究會","1299740","0.36745407","ORG"
"3.96237838","1.657E-5","0.25237368","0.0","3","7","false","屠興之","40.0","3","0","0","0.67084685","false","0","屠興之","87868","0.40625","PERSON"
"4.84627027","4.7E-7","0.20634425","0.0","6","8","false","孫瑞","3.0","6","0","0","0.57263664","false","0","孫瑞","30","1.0","PERSON"
"3.96237838","1.657E-5","0.25237368","0.0","3","7","false","德爲門君","40.0","3","0","0","0.67084685","false","0","德爲門君","87868","0.40625","PERSON"
"3.31632432","0.00522954","0.30153866","0.0","39","6","false","南北商會","23.78378378","39","0","2","0.74263063","false","0","南北商會","45740920","0.05710221","ORG"
"3.96237838","1.657E-5","0.25237368","0.0","3","7","false","德君允","40.0","3","0","0","0.67084685","false","0","德君允","87868","0.40625","PERSON"
"3.96237838","1.657E-5","0.25237368","0.0","3","7","false","黄紹箕","40.0","3","0","0","0.67084685","false","0","黄紹箕","87868","0.40625","PERSON"
"3.20345946","0.00256594","0.31216253","0.0","35","7","false","總工程局","28.92857143","35","0","4","0.75517117","false","0","總工程局","9587614","0.04865605","ORG"
"3.80843243","3.061E-5","0.26257522","0.0","11","7","false","施子英君","39.27272727","11","0","0","0.68795195","false","0","施子英君","417234","0.19136364","PERSON"
"3.80843243","3.061E-5","0.26257522","0.0","11","7","false","丁价","39.27272727","11","0","0","0.68795195","false","0","丁价","417234","0.19136364","PERSON"
"3.80843243","3.061E-5","0.26257522","0.0","11","7","false","梁綸卿","39.27272727","11","0","0","0.68795195","false","0","梁綸卿","417234","0.19136364","PERSON"
"3.80843243","3.061E-5","0.26257522","0.0","11","7","false","關湘泉","39.27272727","11","0","0","0.68795195","false","0","關湘泉","417234","0.19136364","PERSON"
"3.80843243","3.061E-5","0.26257522","0.0","11","7","false","李誦清","39.27272727","11","0","0","0.68795195","false","0","李誦清","417234","0.19136364","PERSON"
"3.31805405","0.00471011","0.30138147","0.0","13","7","false","葉樹德","111.07692308","13","0","0","0.74243844","false","0","葉樹德","14537554","0.09203756","PERSON"
"3.21427027","6.0786E-4","0.31111261","0.0","10","7","false","總統府","63.5","10","0","0","0.75396997","false","0","總統府","2566508","0.10964912","ORG"
"3.7932973","1.7264E-4","0.26362289","0.0","13","7","false","蘇葆生","35.84615385","13","0","0","0.68963363","false","0","蘇葆生","3191668","0.16283249","PERSON"
"3.80843243","3.061E-5","0.26257522","0.0","11","7","false","孫植齋","39.27272727","11","0","0","0.68795195","false","0","孫植齋","417234","0.19136364","PERSON"
"3.80843243","3.061E-5","0.26257522","0.0","11","7","false","劉貫記","39.27272727","11","0","0","0.68795195","false","0","劉貫記","417234","0.19136364","PERSON"
"3.73362162","0.00136802","0.26783646","0.0","24","6","false","李君","28.75","24","0","0","0.69626426","false","0","李君","13839066","0.09375","PERSON"
"3.80843243","3.061E-5","0.26257522","0.0","11","7","false","劉保昌","39.27272727","11","0","0","0.68795195","false","0","劉保昌","417234","0.19136364","PERSON"
"3.18918919","3.7963E-4","0.31355932","0.0","11","7","false","南巿商務分會","62.90909091","11","0","0","0.75675676","false","0","南巿商務分會","1436628","0.10199191","ORG"
"3.16886486","5.726E-4","0.31557041","0.0","31","7","false","繩武堂","71.64516129","31","0","0","0.75901502","false","0","繩武堂","5814054","0.11505727","ORG"
"3.34875676","8.2224E-4","0.29861829","0.0","22","6","false","南市商務分會","32.40909091","22","0","0","0.73902703","false","0","南市商務分會","12960912","0.08822778","ORG"
"3.21210811","4.1863E-4","0.31132202","0.0","15","7","false","繼善堂","76.8","15","0","0","0.75421021","false","0","繼善堂","1936306","0.13298246","ORG"
"3.0707027","0.00197971","0.32565836","0.0","29","7","false","南方報館","41.5862069","29","0","0","0.76992192","false","0","南方報館","18687078","0.0597735","ORG"
"3.21297297","2.2028E-4","0.31123822","0.0","13","7","false","招商局股東維持會","56.61538462","13","0","0","0.75411411","false","0","招商局股東維持會","654350","0.09757085","ORG"
"3.4252973","0.00118199","0.29194546","0.0","25","6","false","繼述堂","22.84","25","0","0","0.73052252","false","0","繼述堂","11588716","0.07970803","ORG"
"3.14854054","0.00380504","0.31760747","0.0","28","7","false","招商總局","52.67857143","28","0","0","0.76127327","false","0","招商總局","21037978","0.08049622","ORG"
"3.81059459","3.999E-5","0.26242624","0.0","9","6","false","王眉","28.11111111","9","0","0","0.68771171","false","0","王眉","207922","0.15581098","PERSON"
"3.89448649","9.94E-6","0.25677326","0.0","4","6","false","峨利生","35.5","4","0","0","0.67839039","false","0","峨利生","63202","0.3254717","PERSON"
"3.64410811","3.0612E-4","0.27441557","0.0","10","6","false","南洋入伍生隊","22.7","10","0","0","0.70621021","false","0","南洋入伍生隊","1944632","0.13312883","ORG"
"3.89448649","9.94E-6","0.25677326","0.0","4","6","false","黎公云","35.5","4","0","0","0.67839039","false","0","黎公云","63202","0.3254717","PERSON"
"3.80151351","1.0724E-4","0.26305312","0.0","6","6","false","葉敏","58.5","6","0","0","0.68872072","false","0","葉敏","575488","0.21062271","PERSON"
"3.21210811","0.00152001","0.31132202","0.0","15","7","false","美國牙科大學","43.8","15","0","0","0.75421021","false","0","美國牙科大學","4359408","0.07508772","ORG"
"3.89448649","9.94E-6","0.25677326","0.0","4","6","false","辭　君云","35.5","4","0","0","0.67839039","false","0","辭　君云","63202","0.3254717","PERSON"
"3.89448649","9.94E-6","0.25677326","0.0","4","6","false","李侍白","35.5","4","0","0","0.67839039","false","0","李侍白","63202","0.3254717","PERSON"
"3.21210811","4.1863E-4","0.31132202","0.0","15","7","false","振文社","76.8","15","0","0","0.75421021","false","0","振文社","1936306","0.13298246","ORG"
"3.89448649","9.94E-6","0.25677326","0.0","4","6","false","朱禮","35.5","4","0","0","0.67839039","false","0","朱禮","63202","0.3254717","PERSON"
"3.84908108","9.74E-6","0.25980227","0.0","2","7","false","南洋分公司","68.5","2","0","0","0.68343544","false","0","南洋分公司","86798","0.53149606","ORG"
"4.07351351","4.53E-6","0.24548832","0.0","8","7","false","美士福開森","17.75","8","0","0","0.6584985","true","0","美士福開森","16940","0.335","PERSON"
"3.20562162","5.1432E-4","0.31195198","0.0","13","7","false","南洋工程司","53.76923077","13","0","0","0.75493093","false","0","南洋工程司","3286968","0.09145447","ORG"
"4.07351351","4.53E-6","0.24548832","0.0","8","7","false","丕雅士","17.75","8","0","0","0.6584985","true","0","丕雅士","16940","0.335","PERSON"
"3.7267027","5.1989E-4","0.26833372","0.0","9","6","false","美國胡禮號廠","31.33333333","9","0","0","0.69703303","false","0","美國胡禮號廠","6061330","0.16666667","ORG"
"4.07351351","4.53E-6","0.24548832","0.0","8","7","false","格林森","17.75","8","0","0","0.6584985","true","0","格林森","16940","0.335","PERSON"
"4.07091892","6.606E-5","0.24564478","0.0","11","7","false","鮑司鐸","16.0","11","0","0","0.65878679","true","0","鮑司鐸","566098","0.28301887","PERSON"
"3.2147027","5.896E-4","0.31107076","0.0","9","7","false","振濟","89.44444444","9","0","0","0.75392192","false","0","振濟","2134470","0.15516569","ORG"
"4.07351351","4.53E-6","0.24548832","0.0","8","7","false","周學銘","17.75","8","0","0","0.6584985","true","0","周學銘","16940","0.335","PERSON"
"3.2147027","3.9038E-4","0.31107076","0.0","9","7","false","美孚新廠","111.77777778","9","0","0","0.75392192","false","0","美孚新廠","940118","0.19434698","ORG"
"4.07351351","4.53E-6","0.24548832","0.0","8","7","false","竇炎","17.75","8","0","0","0.6584985","true","0","竇炎","16940","0.335","PERSON"
"4.07351351","4.53E-6","0.24548832","0.0","8","7","false","李壁仞","17.75","8","0","0","0.6584985","true","0","李壁仞","16940","0.335","PERSON"
"3.07416216","0.00392412","0.32529188","0.0","91","7","false","振華堂","36.9382716","91","0","8","0.76953754","false","0","振華堂","58963390","0.05486759","ORG"
"4.07351351","4.53E-6","0.24548832","0.0","8","7","false","張寅","17.75","8","0","0","0.6584985","true","0","張寅","16940","0.335","PERSON"
"4.6547027","3.0E-8","0.21483649","0.0","6","8","false","孔昭","44.0","6","0","0","0.59392192","false","0","孔昭","30","1.0","PERSON"
"3.65708108","0.00273958","0.27344212","0.0","44","7","false","南海道善堂","9.43181818","44","0","0","0.70476877","false","0","南海道善堂","51458404","0.06799853","ORG"
"3.81102703","6.6629E-4","0.26239646","0.0","16","7","false","美政府","13.0625","16","0","0","0.68766366","false","0","美政府","2278624","0.08095638","ORG"
"4.6547027","3.0E-8","0.21483649","0.0","6","8","false","黄楚九","44.0","6","0","0","0.59392192","false","0","黄楚九","30","1.0","PERSON"
"4.6547027","3.0E-8","0.21483649","0.0","6","8","false","楊斯盛","44.0","6","0","0","0.59392192","false","0","楊斯盛","30","1.0","PERSON"
"4.6547027","3.0E-8","0.21483649","0.0","6","8","false","粱啓賢","44.0","6","0","0","0.59392192","false","0","粱啓賢","30","1.0","PERSON"
"4.6547027","3.0E-8","0.21483649","0.0","6","8","false","蔣大順","44.0","6","0","0","0.59392192","false","0","蔣大順","30","1.0","PERSON"
"4.6547027","3.0E-8","0.21483649","0.0","6","8","false","鄭錦峯","44.0","6","0","0","0.59392192","false","0","鄭錦峯","30","1.0","PERSON"
"4.6547027","3.0E-8","0.21483649","0.0","6","8","false","虞瑞","44.0","6","0","0","0.59392192","false","0","虞瑞","30","1.0","PERSON"
"4.6547027","3.0E-8","0.21483649","0.0","6","8","false","鄭字春","44.0","6","0","0","0.59392192","false","0","鄭字春","30","1.0","PERSON"
"3.20562162","5.1432E-4","0.31195198","0.0","13","7","false","美益愛禮司","53.76923077","13","0","0","0.75493093","false","0","美益愛禮司","3286968","0.09145447","ORG"
"4.6547027","3.0E-8","0.21483649","0.0","6","8","false","黄玉書","44.0","6","0","0","0.59392192","false","0","黄玉書","30","1.0","PERSON"
"4.6547027","3.0E-8","0.21483649","0.0","6","8","false","王慮臣","44.0","6","0","0","0.59392192","false","0","王慮臣","30","1.0","PERSON"
"4.6547027","3.0E-8","0.21483649","0.0","6","8","false","吳潤之","44.0","6","0","0","0.59392192","false","0","吳潤之","30","1.0","PERSON"
"4.6547027","3.0E-8","0.21483649","0.0","6","8","false","方雲卿","44.0","6","0","0","0.59392192","false","0","方雲卿","30","1.0","PERSON"
"4.6547027","3.0E-8","0.21483649","0.0","6","8","false","鮑雲生","44.0","6","0","0","0.59392192","false","0","鮑雲生","30","1.0","PERSON"
"4.6547027","3.0E-8","0.21483649","0.0","6","8","false","譯海秋","44.0","6","0","0","0.59392192","false","0","譯海秋","30","1.0","PERSON"
"3.65664865","0.00218614","0.27347446","0.0","17","7","false","美紙烟公司","19.05882353","17","0","0","0.70481682","false","0","美紙烟公司","29708050","0.09120618","ORG"
"4.6547027","3.0E-8","0.21483649","0.0","6","8","false","戚炳炎","44.0","6","0","0","0.59392192","false","0","戚炳炎","30","1.0","PERSON"
"4.6547027","3.0E-8","0.21483649","0.0","6","8","false","鄭崧主","44.0","6","0","0","0.59392192","false","0","鄭崧主","30","1.0","PERSON"
"4.6547027","3.0E-8","0.21483649","0.0","6","8","false","左子愼","44.0","6","0","0","0.59392192","false","0","左子愼","30","1.0","PERSON"
"4.6547027","3.0E-8","0.21483649","0.0","6","8","false","胡筠籟","44.0","6","0","0","0.59392192","false","0","胡筠籟","30","1.0","PERSON"
"4.6547027","3.0E-8","0.21483649","0.0","6","8","false","胡筠秋","44.0","6","0","0","0.59392192","false","0","胡筠秋","30","1.0","PERSON"
"4.6547027","3.0E-8","0.21483649","0.0","6","8","false","何宏橋","44.0","6","0","0","0.59392192","false","0","何宏橋","30","1.0","PERSON"
"4.6547027","3.0E-8","0.21483649","0.0","6","8","false","陳芝軒","44.0","6","0","0","0.59392192","false","0","陳芝軒","30","1.0","PERSON"
"4.6547027","3.0E-8","0.21483649","0.0","6","8","false","洪仲煌","44.0","6","0","0","0.59392192","false","0","洪仲煌","30","1.0","PERSON"
"4.6547027","3.0E-8","0.21483649","0.0","6","8","false","洪味三","44.0","6","0","0","0.59392192","false","0","洪味三","30","1.0","PERSON"
"3.20389189","1.6265E-4","0.31212039","0.0","14","7","false","羣益書局","106.21428571","14","0","0","0.75512312","false","0","羣益書局","992904","0.17924069","ORG"
"4.6547027","3.0E-8","0.21483649","0.0","6","8","false","唐廷鰲","44.0","6","0","0","0.59392192","false","0","唐廷鰲","30","1.0","PERSON"
"4.6547027","3.0E-8","0.21483649","0.0","6","8","false","黄景仁","44.0","6","0","0","0.59392192","false","0","黄景仁","30","1.0","PERSON"
"3.83827027","4.3315E-4","0.26053402","0.0","8","7","false","謝蓮卿","55.875","8","0","0","0.68463664","false","0","謝蓮卿","10598436","0.33057229","PERSON"
"4.6547027","3.0E-8","0.21483649","0.0","6","8","false","陸尹卿","44.0","6","0","0","0.59392192","false","0","陸尹卿","30","1.0","PERSON"
"4.6547027","3.0E-8","0.21483649","0.0","6","8","false","陶厚堂","44.0","6","0","0","0.59392192","false","0","陶厚堂","30","1.0","PERSON"
"4.6547027","3.0E-8","0.21483649","0.0","6","8","false","毛慶發","44.0","6","0","0","0.59392192","false","0","毛慶發","30","1.0","PERSON"
"4.6547027","3.0E-8","0.21483649","0.0","6","8","false","王維藩","44.0","6","0","0","0.59392192","false","0","王維藩","30","1.0","PERSON"
"3.2147027","1.528E-4","0.31107076","0.0","9","7","false","義和棧","151.66666667","9","0","0","0.75392192","false","0","義和棧","685254","0.26432749","ORG"
"4.6547027","3.0E-8","0.21483649","0.0","6","8","false","朱芹生","44.0","6","0","0","0.59392192","false","0","朱芹生","30","1.0","PERSON"
"4.6547027","3.0E-8","0.21483649","0.0","6","8","false","范炳鎔","44.0","6","0","0","0.59392192","false","0","范炳鎔","30","1.0","PERSON"
"4.6547027","3.0E-8","0.21483649","0.0","6","8","false","顧渭泉","44.0","6","0","0","0.59392192","false","0","顧渭泉","30","1.0","PERSON"
"4.6547027","3.0E-8","0.21483649","0.0","6","8","false","凌若愚","44.0","6","0","0","0.59392192","false","0","凌若愚","30","1.0","PERSON"
"4.6547027","3.0E-8","0.21483649","0.0","6","8","false","曾幹民","44.0","6","0","0","0.59392192","false","0","曾幹民","30","1.0","PERSON"
"4.58032432","4.982E-5","0.21832515","0.0","18","7","false","義善堂","11.27777778","18","0","0","0.60218619","false","0","義善堂","132884","0.20975057","ORG"
"4.6547027","3.0E-8","0.21483649","0.0","6","8","false","張步洲","44.0","6","0","0","0.59392192","false","0","張步洲","30","1.0","PERSON"
"4.6547027","3.0E-8","0.21483649","0.0","6","8","false","徐輔臣","44.0","6","0","0","0.59392192","false","0","徐輔臣","30","1.0","PERSON"
"4.6547027","3.0E-8","0.21483649","0.0","6","8","false","徐輔卿","44.0","6","0","0","0.59392192","false","0","徐輔卿","30","1.0","PERSON"
"3.85643243","2.0773E-4","0.25930702","0.0","10","7","false","博山玻璃公司","19.4","10","0","0","0.68261862","false","0","博山玻璃公司","750772","0.15333333","ORG"
"4.48864865","2.13E-6","0.2227842","0.0","14","8","false","振裕絲廠","4.0","14","0","0","0.61237237","false","0","振裕絲廠","182","1.0","ORG"
"3.87718919","3.2755E-4","0.2579188","0.0","5","7","false","博文書局","29.2","5","0","0","0.68031231","false","0","博文書局","5465866","0.21363636","ORG"
"3.18918919","3.7963E-4","0.31355932","0.0","11","7","false","義善源莊","62.90909091","11","0","0","0.75675676","false","0","義善源莊","1436628","0.10199191","ORG"
"4.03502703","4.03E-6","0.24782981","0.0","10","8","false","香錫疇","64.8","10","0","0","0.66277477","false","0","香錫疇","28208","0.31741294","PERSON"
"3.14724324","0.00121298","0.31773839","0.0","49","7","false","厚德","45.0","49","0","0","0.76141742","false","0","厚德","29277918","0.07017544","ORG"
"4.03502703","4.03E-6","0.24782981","0.0","10","8","false","焦樂山君","64.8","10","0","0","0.66277477","false","0","焦樂山君","28208","0.31741294","PERSON"
"3.20994595","9.9855E-4","0.31153173","0.0","20","7","false","揚仁風　司","45.8","20","0","0","0.75445045","false","0","揚仁風　司","1988000","0.07859649","ORG"
"4.03502703","4.03E-6","0.24782981","0.0","10","8","false","朱葆珊","64.8","10","0","0","0.66277477","false","0","朱葆珊","28208","0.31741294","PERSON"
"3.93859459","0.00113409","0.25389767","0.0","19","8","false","倪錫疇君","51.15789474","19","0","0","0.67348949","false","0","倪錫疇君","13892330","0.20389388","PERSON"
"3.21643243","8.644E-4","0.31090347","0.0","5","7","false","義國使署","115.8","5","0","0","0.75372973","false","0","義國使署","1252124","0.20140351","ORG"
"4.03502703","4.03E-6","0.24782981","0.0","10","8","false","朱研濤君","64.8","10","0","0","0.66277477","false","0","朱研濤君","28208","0.31741294","PERSON"
"4.03502703","4.03E-6","0.24782981","0.0","10","8","false","劉子鶴君","64.8","10","0","0","0.66277477","false","0","劉子鶴君","28208","0.31741294","PERSON"
"4.03502703","4.03E-6","0.24782981","0.0","10","8","false","朱幼鴻","64.8","10","0","0","0.66277477","false","0","朱幼鴻","28208","0.31741294","PERSON"
"3.21513514","1.6751E-4","0.31102892","0.0","8","7","false","義成洋貨號","151.125","8","0","0","0.75387387","false","0","義成洋貨號","511286","0.26337719","ORG"
"4.03502703","4.03E-6","0.24782981","0.0","10","8","false","丁价俟君","64.8","10","0","0","0.66277477","false","0","丁价俟君","28208","0.31741294","PERSON"
"4.03502703","4.03E-6","0.24782981","0.0","10","8","false","竇介人","64.8","10","0","0","0.66277477","false","0","竇介人","28208","0.31741294","PERSON"
"4.03502703","4.03E-6","0.24782981","0.0","10","8","false","唐卓","64.8","10","0","0","0.66277477","false","0","唐卓","28208","0.31741294","PERSON"
"5.61124324","8.641E-5","0.17821363","0.0","2","8","false","馮君錫華","14.0","2","0","0","0.48763964","false","0","馮君錫華","6285278","0.59090909","PERSON"
"4.03502703","4.03E-6","0.24782981","0.0","10","8","false","祝蘭芳","64.8","10","0","0","0.66277477","false","0","祝蘭芳","28208","0.31741294","PERSON"
"4.61189189","0.00269017","0.21683075","0.0","23","7","false","義振會","7.2173913","23","0","0","0.59867868","false","0","義振會","63411478","0.11304348","ORG"
"4.03502703","4.03E-6","0.24782981","0.0","10","8","false","翁靜","64.8","10","0","0","0.66277477","false","0","翁靜","28208","0.31741294","PERSON"
"3.21513514","1.1875E-4","0.31102892","0.0","8","7","false","揚盛德","138.125","8","0","0","0.75387387","false","0","揚盛德","552856","0.24057018","ORG"
"5.61124324","8.641E-5","0.17821363","0.0","2","8","false","鍾君藹","14.0","2","0","0","0.48763964","false","0","鍾君藹","6285278","0.59090909","PERSON"
"4.03502703","4.03E-6","0.24782981","0.0","10","8","false","兪慶棠","64.8","10","0","0","0.66277477","false","0","兪慶棠","28208","0.31741294","PERSON"
"5.61124324","8.641E-5","0.17821363","0.0","2","8","false","馮君","14.0","2","0","0","0.48763964","false","0","馮君","6285278","0.59090909","PERSON"
"5.61124324","8.641E-5","0.17821363","0.0","2","8","false","鍾君","14.0","2","0","0","0.48763964","false","0","鍾君","6285278","0.59090909","PERSON"
"4.03502703","4.03E-6","0.24782981","0.0","10","8","false","鄭崧卿","64.8","10","0","0","0.66277477","false","0","鄭崧卿","28208","0.31741294","PERSON"
"5.61124324","8.641E-5","0.17821363","0.0","2","8","false","黎具","14.0","2","0","0","0.48763964","false","0","黎具","6285278","0.59090909","PERSON"
"3.44691892","1.6008E-4","0.29011416","0.0","11","7","false","吳志和","150.09090909","11","0","0","0.72812012","false","0","吳志和","1922222","0.13653014","PERSON"
"3.19567568","0.00181581","0.31292287","0.0","15","7","false","政務處","52.06666667","15","0","0","0.75603604","false","0","政務處","3773036","0.08714448","ORG"
"3.44691892","1.6008E-4","0.29011416","0.0","11","7","false","湯蓮","150.09090909","11","0","0","0.72812012","false","0","湯蓮","1922222","0.13653014","PERSON"
"4.03502703","4.03E-6","0.24782981","0.0","10","8","false","何淸風","64.8","10","0","0","0.66277477","false","0","何淸風","28208","0.31741294","PERSON"
"4.03502703","4.03E-6","0.24782981","0.0","10","8","false","趙日愛","64.8","10","0","0","0.66277477","false","0","趙日愛","28208","0.31741294","PERSON"
"4.03502703","4.03E-6","0.24782981","0.0","10","8","false","徐軍","64.8","10","0","0","0.66277477","false","0","徐軍","28208","0.31741294","PERSON"
"4.03502703","4.03E-6","0.24782981","0.0","10","8","false","沈寳鴻","64.8","10","0","0","0.66277477","false","0","沈寳鴻","28208","0.31741294","PERSON"
"4.0147027","3.0835E-4","0.24908445","0.0","13","8","false","周步雲","55.15384615","13","0","0","0.66503303","false","0","周步雲","13546616","0.24504003","PERSON"
"3.9052973","4.2541E-4","0.25606245","0.0","12","7","false","朱衡齊","59.83333333","12","0","0","0.67718919","false","0","朱衡齊","7412098","0.25035461","PERSON"
"4.03502703","4.03E-6","0.24782981","0.0","10","8","false","沈崇如","64.8","10","0","0","0.66277477","false","0","沈崇如","28208","0.31741294","PERSON"
"3.96540541","5.557E-5","0.25218103","0.0","4","7","false","張謇","47.75","4","0","0","0.67051051","false","0","張謇","104580","0.33156028","PERSON"
"3.18659459","0.00546656","0.31381463","0.0","24","7","false","政府","37.91666667","24","0","0","0.75704505","false","0","政府","11434496","0.06321347","ORG"
"3.15027027","6.2011E-4","0.31743308","0.0","30","7","false","翁進脩堂","46.33333333","30","0","0","0.76108108","false","0","翁進脩堂","6885866","0.07431694","ORG"
"4.03502703","4.03E-6","0.24782981","0.0","10","8","false","洪文庭","64.8","10","0","0","0.66277477","false","0","洪文庭","28208","0.31741294","PERSON"
"4.18637838","0.0","0.23886995","0.0","1","8","false","祁　嚴信厚","24.0","1","0","0","0.64595796","false","0","祁　嚴信厚","0","0.0","PERSON"
"3.44605405","1.7821E-4","0.29018697","0.0","15","7","false","巢松亭","130.23076923","15","0","1","0.72821622","false","0","巢松亭","2052390","0.1183432","PERSON"
"4.18637838","0.0","0.23886995","0.0","1","8","false","馬良","24.0","1","0","0","0.64595796","false","0","馬良","0","0.0","PERSON"
"4.03502703","4.03E-6","0.24782981","0.0","10","8","false","南明良","64.8","10","0","0","0.66277477","false","0","南明良","28208","0.31741294","PERSON"
"4.03502703","4.03E-6","0.24782981","0.0","10","8","false","巢崇如","64.8","10","0","0","0.66277477","false","0","巢崇如","28208","0.31741294","PERSON"
"4.18637838","0.0","0.23886995","0.0","1","8","false","周晉","24.0","1","0","0","0.64595796","false","0","周晉","0","0.0","PERSON"
"4.03502703","4.03E-6","0.24782981","0.0","10","8","false","陳潤齋","64.8","10","0","0","0.66277477","false","0","陳潤齋","28208","0.31741294","PERSON"
"4.18637838","0.0","0.23886995","0.0","1","8","false","劉樹屏","24.0","1","0","0","0.64595796","false","0","劉樹屏","0","0.0","PERSON"
"4.03502703","4.03E-6","0.24782981","0.0","10","8","false","黃鐘瑞","64.8","10","0","0","0.66277477","false","0","黃鐘瑞","28208","0.31741294","PERSON"
"4.18637838","0.0","0.23886995","0.0","1","8","false","胡琪","24.0","1","0","0","0.64595796","false","0","胡琪","0","0.0","PERSON"
"4.03502703","4.03E-6","0.24782981","0.0","10","8","false","樂源昌","64.8","10","0","0","0.66277477","false","0","樂源昌","28208","0.31741294","PERSON"
"3.44518919","1.9367E-4","0.29025982","0.0","15","7","false","楊慶貴","113.2","15","0","0","0.72831231","false","0","楊慶貴","1996412","0.10274725","PERSON"
"4.1747027","4.14E-6","0.23953802","0.0","3","8","false","黄繼曾","29.33333333","3","0","0","0.64725526","false","0","黄繼曾","12354","0.59027778","PERSON"
"4.18637838","0.0","0.23886995","0.0","1","8","false","朱開甲","24.0","1","0","0","0.64595796","false","0","朱開甲","0","0.0","PERSON"
"4.18637838","0.0","0.23886995","0.0","1","8","false","胡焕","24.0","1","0","0","0.64595796","false","0","胡焕","0","0.0","PERSON"
"4.1747027","4.14E-6","0.23953802","0.0","3","8","false","席裕光","29.33333333","3","0","0","0.64725526","false","0","席裕光","12354","0.59027778","PERSON"
"4.03502703","4.03E-6","0.24782981","0.0","10","8","false","棄貽銓","64.8","10","0","0","0.66277477","false","0","棄貽銓","28208","0.31741294","PERSON"
"4.1747027","4.14E-6","0.23953802","0.0","3","8","false","夏清貽","29.33333333","3","0","0","0.64725526","false","0","夏清貽","12354","0.59027778","PERSON"
"3.21254054","4.6887E-4","0.31128012","0.0","14","7","false","厦防廳","88.78571429","14","0","0","0.75416216","false","0","厦防廳","1822226","0.15401003","ORG"
"3.89535135","4.68E-6","0.25671625","0.0","2","6","false","盧廷光","73.5","2","0","0","0.67829429","false","0","盧廷光","44898","0.60416667","PERSON"
"4.18637838","0.0","0.23886995","0.0","1","8","false","狄葆賢","24.0","1","0","0","0.64595796","false","0","狄葆賢","0","0.0","PERSON"
"3.13556757","0.00655252","0.31892153","0.0","49","7","false","翰林院","22.22916667","49","0","1","0.76271471","false","0","翰林院","16334482","0.0340211","ORG"
"4.18637838","0.0","0.23886995","0.0","1","8","false","俞復　度","24.0","1","0","0","0.64595796","false","0","俞復　度","0","0.0","PERSON"
"3.89535135","4.68E-6","0.25671625","0.0","2","6","false","鄒增順","73.5","2","0","0","0.67829429","false","0","鄒增順","44898","0.60416667","PERSON"
"4.18637838","0.0","0.23886995","0.0","1","8","false","赫德","24.0","1","0","0","0.64595796","false","0","赫德","0","0.0","PERSON"
"3.89535135","4.68E-6","0.25671625","0.0","2","6","false","許良圖","73.5","2","0","0","0.67829429","false","0","許良圖","44898","0.60416667","PERSON"
"4.15567568","2.0012E-4","0.24063476","0.0","18","7","false","政廳","13.16666667","18","0","0","0.64936937","false","0","政廳","927608","0.14147287","ORG"
"3.89535135","4.68E-6","0.25671625","0.0","2","6","false","唐庚","73.5","2","0","0","0.67829429","false","0","唐庚","44898","0.60416667","PERSON"
"3.89535135","4.68E-6","0.25671625","0.0","2","6","false","馮恩崐","73.5","2","0","0","0.67829429","false","0","馮恩崐","44898","0.60416667","PERSON"
"3.89535135","4.68E-6","0.25671625","0.0","2","6","false","朱慶章","73.5","2","0","0","0.67829429","false","0","朱慶章","44898","0.60416667","PERSON"
"3.89535135","4.68E-6","0.25671625","0.0","2","6","false","徐誠檀","73.5","2","0","0","0.67829429","false","0","徐誠檀","44898","0.60416667","PERSON"
"4.20713514","3.3E-7","0.23769144","0.0","5","8","false","敢云義","12.4","5","0","0","0.64365165","false","0","敢云義","116","0.54285714","PERSON"
"3.20908108","0.00102177","0.31161569","0.0","22","7","false","參議院","36.36363636","22","0","0","0.75454655","false","0","參議院","4493552","0.06204147","ORG"
"3.89535135","4.68E-6","0.25671625","0.0","2","6","false","楊煥宸","73.5","2","0","0","0.67829429","false","0","楊煥宸","44898","0.60416667","PERSON"
"4.20713514","3.3E-7","0.23769144","0.0","5","8","false","譚延","12.4","5","0","0","0.64365165","false","0","譚延","116","0.54285714","PERSON"
"3.89535135","4.68E-6","0.25671625","0.0","2","6","false","張慶桂","73.5","2","0","0","0.67829429","false","0","張慶桂","44898","0.60416667","PERSON"
"4.20713514","3.3E-7","0.23769144","0.0","5","8","false","乞迅","12.4","5","0","0","0.64365165","false","0","乞迅","116","0.54285714","PERSON"
"3.89535135","4.68E-6","0.25671625","0.0","2","6","false","伍璜","73.5","2","0","0","0.67829429","false","0","伍璜","44898","0.60416667","PERSON"
"4.20713514","3.3E-7","0.23769144","0.0","5","8","false","陳國民","12.4","5","0","0","0.64365165","false","0","陳國民","116","0.54285714","PERSON"
"3.89535135","4.68E-6","0.25671625","0.0","2","6","false","陶式鋆","73.5","2","0","0","0.67829429","false","0","陶式鋆","44898","0.60416667","PERSON"
"3.89535135","4.68E-6","0.25671625","0.0","2","6","false","孫葆瑨","73.5","2","0","0","0.67829429","false","0","孫葆瑨","44898","0.60416667","PERSON"
"4.20713514","3.3E-7","0.23769144","0.0","5","8","false","虞君和","12.4","5","0","0","0.64365165","false","0","虞君和","116","0.54285714","PERSON"
"3.15891892","4.7345E-4","0.316564","0.0","19","6","false","敎育總會","63.94736842","19","0","0","0.76012012","false","0","敎育總會","6318182","0.10456373","ORG"
"3.89535135","4.68E-6","0.25671625","0.0","2","6","false","范貴良","73.5","2","0","0","0.67829429","false","0","范貴良","44898","0.60416667","PERSON"
"4.20713514","3.3E-7","0.23769144","0.0","5","8","false","元洪文","12.4","5","0","0","0.64365165","false","0","元洪文","116","0.54285714","PERSON"
"3.89535135","4.68E-6","0.25671625","0.0","2","6","false","歐陽朝華","73.5","2","0","0","0.67829429","false","0","歐陽朝華","44898","0.60416667","PERSON"
"3.86162162","1.1512E-4","0.25895857","0.0","9","6","false","梁士詒","28.88888889","9","0","0","0.68204204","false","0","梁士詒","586680","0.16600529","PERSON"
"3.89535135","4.68E-6","0.25671625","0.0","2","6","false","孟憲彝","73.5","2","0","0","0.67829429","false","0","孟憲彝","44898","0.60416667","PERSON"
"4.20713514","3.3E-7","0.23769144","0.0","5","8","false","胡維德","12.4","5","0","0","0.64365165","false","0","胡維德","116","0.54285714","PERSON"
"3.89535135","4.68E-6","0.25671625","0.0","2","6","false","施世杰","73.5","2","0","0","0.67829429","false","0","施世杰","44898","0.60416667","PERSON"
"3.89535135","4.68E-6","0.25671625","0.0","2","6","false","張兆駿","73.5","2","0","0","0.67829429","false","0","張兆駿","44898","0.60416667","PERSON"
"3.89535135","4.68E-6","0.25671625","0.0","2","6","false","孫長青","73.5","2","0","0","0.67829429","false","0","孫長青","44898","0.60416667","PERSON"
"3.89535135","4.68E-6","0.25671625","0.0","2","6","false","張鐸","73.5","2","0","0","0.67829429","false","0","張鐸","44898","0.60416667","PERSON"
"3.89535135","4.68E-6","0.25671625","0.0","2","6","false","周志椿","73.5","2","0","0","0.67829429","false","0","周志椿","44898","0.60416667","PERSON"
"3.89535135","4.68E-6","0.25671625","0.0","2","6","false","劉朝鈞","73.5","2","0","0","0.67829429","false","0","劉朝鈞","44898","0.60416667","PERSON"
"3.89535135","4.68E-6","0.25671625","0.0","2","6","false","崇亷","73.5","2","0","0","0.67829429","false","0","崇亷","44898","0.60416667","PERSON"
"3.95502703","3.023E-5","0.25284277","0.0","7","7","false","裴式楷","22.85714286","7","0","0","0.67166366","false","0","裴式楷","127488","0.1969112","PERSON"
"3.17751351","9.2167E-4","0.31471149","0.0","25","6","false","敎育部","37.0","25","0","0","0.75805405","false","0","敎育部","4527804","0.06174957","ORG"
"3.21513514","1.4081E-4","0.31102892","0.0","7","7","false","台安尚賢堂","148.85714286","7","0","0","0.75387387","false","0","台安尚賢堂","819052","0.25894421","ORG"
"3.89535135","4.68E-6","0.25671625","0.0","2","6","false","劉晋藻","73.5","2","0","0","0.67829429","false","0","劉晋藻","44898","0.60416667","PERSON"
"3.95545946","1.246E-5","0.25281513","0.0","6","7","false","茂德貞","25.16666667","6","0","0","0.67161562","false","0","茂德貞","42710","0.21771772","PERSON"
"3.95286486","2.436E-5","0.25298107","0.0","12","7","false","潘麟","17.91666667","12","0","0","0.6719039","false","0","潘麟","76692","0.1524024","PERSON"
"4.85708108","0.0","0.20588497","0.0","1","8","false","蘭英","8.0","1","0","0","0.57143544","false","0","蘭英","0","0.0","PERSON"
"3.8572973","0.00223326","0.25924888","0.0","8","7","false","司德科","18.0","8","0","0","0.68252252","false","0","司德科","6685058","0.14166667","ORG"
"4.85708108","0.0","0.20588497","0.0","1","8","false","吳筱谷","8.0","1","0","0","0.57143544","false","0","吳筱谷","0","0.0","PERSON"
"4.85708108","0.0","0.20588497","0.0","1","8","false","王吉民","8.0","1","0","0","0.57143544","false","0","王吉民","0","0.0","PERSON"
"4.85708108","0.0","0.20588497","0.0","1","8","false","陳家恩","8.0","1","0","0","0.57143544","false","0","陳家恩","0","0.0","PERSON"
"4.85708108","0.0","0.20588497","0.0","1","8","false","張芝","8.0","1","0","0","0.57143544","false","0","張芝","0","0.0","PERSON"
"3.49491892","9.35E-6","0.28612967","0.0","3","7","false","朱之幹","345.66666667","3","0","0","0.72278679","false","0","朱之幹","15550","0.34397871","PERSON"
"3.21124324","5.8249E-4","0.31140587","0.0","17","7","false","司改委","73.47058824","17","0","0","0.75430631","false","0","司改委","1056118","0.12714138","ORG"
"3.21643243","1.97E-5","0.31090347","0.0","5","7","false","救濟善會","199.6","5","0","0","0.75372973","false","0","救濟善會","174152","0.34842105","ORG"
"3.2012973","9.0639E-4","0.31237336","0.0","11","7","false","翰輝堂","89.36363636","11","0","0","0.75541141","false","0","翰輝堂","1791110","0.15475243","ORG"
"3.49491892","9.35E-6","0.28612967","0.0","3","7","false","曾鳳祺","345.66666667","3","0","0","0.72278679","false","0","曾鳳祺","15550","0.34397871","PERSON"
"3.49491892","9.35E-6","0.28612967","0.0","3","7","false","俞熙","345.66666667","3","0","0","0.72278679","false","0","俞熙","15550","0.34397871","PERSON"
"3.49491892","9.35E-6","0.28612967","0.0","3","7","false","謝丁春","345.66666667","3","0","0","0.72278679","false","0","謝丁春","15550","0.34397871","PERSON"
"3.21081081","2.2956E-4","0.31144781","0.0","6","7","false","教育研究會","103.16666667","6","0","0","0.75435435","false","0","教育研究會","798760","0.17614943","ORG"
"3.49491892","9.35E-6","0.28612967","0.0","3","7","false","周殿魁","345.66666667","3","0","0","0.72278679","false","0","周殿魁","15550","0.34397871","PERSON"
"3.49491892","9.35E-6","0.28612967","0.0","3","7","false","楊元勳","345.66666667","3","0","0","0.72278679","false","0","楊元勳","15550","0.34397871","PERSON"
"3.49491892","9.35E-6","0.28612967","0.0","3","7","false","張耀遠","345.66666667","3","0","0","0.72278679","false","0","張耀遠","15550","0.34397871","PERSON"
"3.21037838","1.4777E-4","0.31148976","0.0","14","7","false","敝堂","108.38461538","14","0","1","0.7544024","false","0","敝堂","844180","0.18643162","ORG"
"3.21254054","2.4192E-4","0.31128012","0.0","14","7","false","老民院","91.21428571","14","0","0","0.75416216","false","0","老民院","752360","0.15827068","ORG"
"3.49491892","9.35E-6","0.28612967","0.0","3","7","false","蘇撫標","345.66666667","3","0","0","0.72278679","false","0","蘇撫標","15550","0.34397871","PERSON"
"3.49491892","9.35E-6","0.28612967","0.0","3","7","false","常福","345.66666667","3","0","0","0.72278679","false","0","常福","15550","0.34397871","PERSON"
"3.49491892","9.35E-6","0.28612967","0.0","3","7","false","章宗瀚","345.66666667","3","0","0","0.72278679","false","0","章宗瀚","15550","0.34397871","PERSON"
"3.49491892","9.35E-6","0.28612967","0.0","3","7","false","朱元羹","345.66666667","3","0","0","0.72278679","false","0","朱元羹","15550","0.34397871","PERSON"
"3.49491892","9.35E-6","0.28612967","0.0","3","7","false","章俊斌","345.66666667","3","0","0","0.72278679","false","0","章俊斌","15550","0.34397871","PERSON"
"3.21037838","9.7333E-4","0.31148976","0.0","19","7","false","敦仁堂","78.57894737","19","0","0","0.7544024","false","0","敦仁堂","5826420","0.13610342","ORG"
"3.10745946","8.5873E-4","0.32180629","0.0","25","6","false","老泰山堂","66.76","25","0","0","0.76583784","false","0","老泰山堂","12317930","0.09713442","ORG"
"4.87264865","5.6E-7","0.20522719","0.0","6","8","false","司法一科","6.0","6","0","0","0.56970571","false","0","司法一科","170","0.5","ORG"
"3.98227027","2.62E-6","0.25111304","0.0","3","7","false","姚榮澤","65.0","3","0","0","0.66863664","false","0","姚榮澤","21162","0.53333333","PERSON"
"3.6332973","0.00206143","0.27523209","0.0","37","6","false","司法總長","8.24324324","37","0","0","0.70741141","false","0","司法總長","8376380","0.04765292","ORG"
"3.98227027","2.62E-6","0.25111304","0.0","3","7","false","丁二","65.0","3","0","0","0.66863664","false","0","丁二","21162","0.53333333","PERSON"
"3.98227027","2.62E-6","0.25111304","0.0","3","7","false","劉重熙","65.0","3","0","0","0.66863664","false","0","劉重熙","21162","0.53333333","PERSON"
"3.98227027","2.62E-6","0.25111304","0.0","3","7","false","秦肇煌","65.0","3","0","0","0.66863664","false","0","秦肇煌","21162","0.53333333","PERSON"
"3.98227027","2.62E-6","0.25111304","0.0","3","7","false","狄梁","65.0","3","0","0","0.66863664","false","0","狄梁","21162","0.53333333","PERSON"
"3.98227027","2.62E-6","0.25111304","0.0","3","7","false","徐槐齡","65.0","3","0","0","0.66863664","false","0","徐槐齡","21162","0.53333333","PERSON"
"3.21556757","7.783E-5","0.31098709","0.0","7","7","false","敦信堂","136.42857143","7","0","0","0.75382583","false","0","敦信堂","404742","0.23759398","ORG"
"3.98227027","2.62E-6","0.25111304","0.0","3","7","false","秦聯望","65.0","3","0","0","0.66863664","false","0","秦聯望","21162","0.53333333","PERSON"
"3.98227027","2.62E-6","0.25111304","0.0","3","7","false","高恩澤","65.0","3","0","0","0.66863664","false","0","高恩澤","21162","0.53333333","PERSON"
"3.98227027","2.62E-6","0.25111304","0.0","3","7","false","李大駒","65.0","3","0","0","0.66863664","false","0","李大駒","21162","0.53333333","PERSON"
"3.19956757","3.2111E-4","0.31254224","0.0","11","7","false","耶松廠","99.09090909","11","0","0","0.7556036","false","0","耶松廠","2126328","0.16825199","ORG"
"3.98227027","2.62E-6","0.25111304","0.0","3","7","false","陶同耀","65.0","3","0","0","0.66863664","false","0","陶同耀","21162","0.53333333","PERSON"
"3.21556757","4.814E-5","0.31098709","0.0","7","7","false","敦儉堂","168.57142857","7","0","0","0.75382583","false","0","敦儉堂","335560","0.29398496","ORG"
"3.98227027","2.62E-6","0.25111304","0.0","3","7","false","陳開怡","65.0","3","0","0","0.66863664","false","0","陳開怡","21162","0.53333333","PERSON"
"3.98227027","2.62E-6","0.25111304","0.0","3","7","false","朱葆康","65.0","3","0","0","0.66863664","false","0","朱葆康","21162","0.53333333","PERSON"
"3.98227027","2.62E-6","0.25111304","0.0","3","7","false","伍秩庸君","65.0","3","0","0","0.66863664","false","0","伍秩庸君","21162","0.53333333","PERSON"
"3.98227027","2.62E-6","0.25111304","0.0","3","7","false","曹錫庚","65.0","3","0","0","0.66863664","false","0","曹錫庚","21162","0.53333333","PERSON"
"3.16410811","6.789E-4","0.31604483","0.0","25","7","false","敦厚堂","70.6","25","0","0","0.75954354","false","0","敦厚堂","7648160","0.11262136","ORG"
"3.98227027","2.62E-6","0.25111304","0.0","3","7","false","員潤生","65.0","3","0","0","0.66863664","false","0","員潤生","21162","0.53333333","PERSON"
"4.16389189","0.00119486","0.24015993","0.0","12","7","false","聖書公會","11.25","12","0","0","0.64845646","false","0","聖書公會","16116024","0.11516854","ORG"
"3.98227027","2.62E-6","0.25111304","0.0","3","7","false","胡文甫","65.0","3","0","0","0.66863664","false","0","胡文甫","21162","0.53333333","PERSON"
"3.98227027","2.62E-6","0.25111304","0.0","3","7","false","周鈺卿","65.0","3","0","0","0.66863664","false","0","周鈺卿","21162","0.53333333","PERSON"
"3.98227027","2.62E-6","0.25111304","0.0","3","7","false","唐　園兪","65.0","3","0","0","0.66863664","false","0","唐　園兪","21162","0.53333333","PERSON"
"3.98227027","2.62E-6","0.25111304","0.0","3","7","false","周夏粹芳","65.0","3","0","0","0.66863664","false","0","周夏粹芳","21162","0.53333333","PERSON"
"3.98227027","2.62E-6","0.25111304","0.0","3","7","false","李登輝","65.0","3","0","0","0.66863664","false","0","李登輝","21162","0.53333333","PERSON"
"3.98227027","2.62E-6","0.25111304","0.0","3","7","false","林蓮生","65.0","3","0","0","0.66863664","false","0","林蓮生","21162","0.53333333","PERSON"
"4.07221622","2.4E-7","0.24556653","0.0","2","8","false","汪萃和","87.5","2","0","0","0.65864264","false","0","汪萃和","700","0.58053691","PERSON"
"3.21297297","2.3088E-4","0.31123822","0.0","13","7","false","聚商總會","111.53846154","13","0","0","0.75411411","false","0","聚商總會","727636","0.19392713","ORG"
"3.98227027","2.62E-6","0.25111304","0.0","3","7","false","高鳳池","65.0","3","0","0","0.66863664","false","0","高鳳池","21162","0.53333333","PERSON"
"3.98227027","2.62E-6","0.25111304","0.0","3","7","false","沈琪泉","65.0","3","0","0","0.66863664","false","0","沈琪泉","21162","0.53333333","PERSON"
"3.98227027","2.62E-6","0.25111304","0.0","3","7","false","虞和甫","65.0","3","0","0","0.66863664","false","0","虞和甫","21162","0.53333333","PERSON"
"4.07221622","2.4E-7","0.24556653","0.0","2","8","false","嚴厚信","87.5","2","0","0","0.65864264","false","0","嚴厚信","700","0.58053691","PERSON"
"3.98227027","2.62E-6","0.25111304","0.0","3","7","false","王金發君","65.0","3","0","0","0.66863664","false","0","王金發君","21162","0.53333333","PERSON"
"3.69859459","1.1704E-4","0.27037297","0.0","19","7","false","敦泰","39.42105263","19","0","0","0.70015616","false","0","敦泰","1963188","0.20768137","ORG"
"3.98227027","2.62E-6","0.25111304","0.0","3","7","false","汪雲生","65.0","3","0","0","0.66863664","false","0","汪雲生","21162","0.53333333","PERSON"
"3.21167568","3.3127E-4","0.31136394","0.0","16","7","false","聚興","68.625","16","0","0","0.75425826","false","0","聚興","1894176","0.11864035","ORG"
"3.98227027","2.62E-6","0.25111304","0.0","3","7","false","卜羅斯君","65.0","3","0","0","0.66863664","false","0","卜羅斯君","21162","0.53333333","PERSON"
"4.03027027","1.36E-6","0.24812232","0.0","4","8","false","翁恊興","51.5","4","0","0","0.6633033","false","0","翁恊興","37230","0.35314685","PERSON"
"3.98227027","2.62E-6","0.25111304","0.0","3","7","false","王金綱","65.0","3","0","0","0.66863664","false","0","王金綱","21162","0.53333333","PERSON"
"3.98227027","2.62E-6","0.25111304","0.0","3","7","false","張凱","65.0","3","0","0","0.66863664","false","0","張凱","21162","0.53333333","PERSON"
"3.20216216","3.2139E-4","0.31228899","0.0","17","7","false","司法部","47.41176471","17","0","0","0.75531532","false","0","司法部","1390882","0.08113945","ORG"
"3.70205405","0.00239349","0.27012031","0.0","15","6","false","聯合義賑會","20.4","15","0","0","0.69977177","false","0","聯合義賑會","40943808","0.09371981","ORG"
"4.03027027","1.36E-6","0.24812232","0.0","4","8","false","翁聚昌","51.5","4","0","0","0.6633033","false","0","翁聚昌","37230","0.35314685","PERSON"
"3.60951351","2.8494E-4","0.27704565","0.0","21","7","false","敦睦堂","29.04761905","21","0","0","0.71005405","false","0","敦睦堂","7133398","0.1286588","ORG"
"3.19567568","5.6793E-4","0.31292287","0.0","14","7","false","司獄署","89.0","14","0","0","0.75603604","false","0","司獄署","3712756","0.15017065","ORG"
"4.18983784","0.0","0.23867272","0.0","1","8","false","姚品驊","44.0","1","0","0","0.64557357","false","0","姚品驊","0","0.0","PERSON"
"3.19005405","0.00933643","0.31347431","0.0","92","7","false","育嬰堂","35.43181818","92","0","24","0.75666066","false","0","育嬰堂","22222012","0.05946773","ORG"
"4.18983784","0.0","0.23867272","0.0","3","8","false","倪頌兼","44.0","3","0","1","0.64557357","false","0","倪頌兼","0","0.0","PERSON"
"4.18983784","0.0","0.23867272","0.0","2","8","false","劉卓如","44.0","2","0","1","0.64557357","false","0","劉卓如","0","0.0","PERSON"
"4.18983784","0.0","0.23867272","0.0","2","8","false","李佑之","44.0","2","0","1","0.64557357","false","0","李佑之","0","0.0","PERSON"
"4.18983784","0.0","0.23867272","0.0","3","8","false","錢培生","44.0","3","0","1","0.64557357","false","0","錢培生","0","0.0","PERSON"
"4.89816216","6.5259E-4","0.20415821","0.0","9","8","false","呂盛","6.42857143","9","0","2","0.56687087","false","0","呂盛","7117506","0.2585034","PERSON"
"3.17362162","2.9751E-4","0.31509742","0.0","11","7","false","敦誼堂","131.90909091","11","0","0","0.75848649","false","0","敦誼堂","4641878","0.21927821","ORG"
"5.89708108","2.3E-7","0.16957542","0.0","3","9","false","合興公司","5.66666667","3","0","0","0.45587988","false","0","合興公司","78","0.77777778","ORG"
"4.18983784","0.0","0.23867272","0.0","2","8","false","居紹文","44.0","2","0","1","0.64557357","false","0","居紹文","0","0.0","PERSON"
"4.90594595","3.227E-4","0.20383429","0.0","5","8","false","鴻書眞","4.2","5","0","0","0.56600601","false","0","鴻書眞","3558236","0.64","PERSON"
"4.90594595","3.227E-4","0.20383429","0.0","5","8","false","方文印","4.2","5","0","0","0.56600601","false","0","方文印","3558236","0.64","PERSON"
"3.216","5.85E-6","0.31094527","0.0","6","7","false","同仁府","211.16666667","6","0","0","0.75377778","false","0","同仁府","105940","0.36871345","ORG"
"4.18983784","0.0","0.23867272","0.0","1","8","false","黃訪周","44.0","1","0","0","0.64557357","false","0","黃訪周","0","0.0","PERSON"
"4.18983784","0.0","0.23867272","0.0","3","8","false","朱少甫","44.0","3","0","1","0.64557357","false","0","朱少甫","0","0.0","PERSON"
"3.20562162","3.2289E-4","0.31195198","0.0","16","7","false","敦遠堂","78.0","16","0","0","0.75493093","false","0","敦遠堂","1262028","0.13485114","ORG"
"3.21081081","5.1077E-4","0.31144781","0.0","5","7","false","同仁輔元堂","124.6","5","0","0","0.75435435","false","0","同仁輔元堂","1492558","0.21570681","ORG"
"4.18983784","0.0","0.23867272","0.0","1","8","false","黃文卿","44.0","1","0","0","0.64557357","false","0","黃文卿","0","0.0","PERSON"
"4.21059459","0.0","0.23749615","0.0","1","8","false","鄭官應","5.0","1","0","0","0.64326727","false","0","鄭官應","0","0.0","PERSON"
"3.49535135","7.17E-6","0.28609427","0.0","2","7","false","陳阿金","507.0","2","0","0","0.72273874","false","0","陳阿金","7786","0.50499002","PERSON"
"3.21383784","4.2239E-4","0.31115447","0.0","11","7","false","同仁醫院","78.0","11","0","0","0.75401802","false","0","同仁醫院","546452","0.13508772","ORG"
"3.49535135","7.17E-6","0.28609427","0.0","2","7","false","傅春泉","507.0","2","0","0","0.72273874","false","0","傅春泉","7786","0.50499002","PERSON"
"4.18983784","0.0","0.23867272","0.0","1","8","false","徐澍生","44.0","1","0","0","0.64557357","false","0","徐澍生","0","0.0","PERSON"
"3.49535135","7.17E-6","0.28609427","0.0","2","7","false","張亞五","507.0","2","0","0","0.72273874","false","0","張亞五","7786","0.50499002","PERSON"
"4.18983784","0.0","0.23867272","0.0","1","8","false","仲景生","44.0","1","0","0","0.64557357","false","0","仲景生","0","0.0","PERSON"
"3.49535135","7.17E-6","0.28609427","0.0","2","7","false","朱阿京","507.0","2","0","0","0.72273874","false","0","朱阿京","7786","0.50499002","PERSON"
"3.21124324","6.9546E-4","0.31140587","0.0","17","7","false","敬之堂","58.11764706","17","0","0","0.75430631","false","0","敬之堂","931922","0.1002064","ORG"
"3.49535135","7.17E-6","0.28609427","0.0","2","7","false","奚阿升","507.0","2","0","0","0.72273874","false","0","奚阿升","7786","0.50499002","PERSON"
"4.18983784","0.0","0.23867272","0.0","1","8","false","唐梅生","44.0","1","0","0","0.64557357","false","0","唐梅生","0","0.0","PERSON"
"3.49535135","7.17E-6","0.28609427","0.0","2","7","false","費金法","507.0","2","0","0","0.72273874","false","0","費金法","7786","0.50499002","PERSON"
"3.49535135","7.17E-6","0.28609427","0.0","2","7","false","王四園","507.0","2","0","0","0.72273874","false","0","王四園","7786","0.50499002","PERSON"
"3.49535135","7.17E-6","0.28609427","0.0","2","7","false","錢阿大","507.0","2","0","0","0.72273874","false","0","錢阿大","7786","0.50499002","PERSON"
"4.18983784","0.0","0.23867272","0.0","1","8","false","周圭堂","44.0","1","0","0","0.64557357","false","0","周圭堂","0","0.0","PERSON"
"3.83264865","8.313E-5","0.26091617","0.0","5","7","false","同和莊申報館新聞報館","23.6","5","0","0","0.68526126","false","0","同和莊申報館新聞報館","602604","0.25681818","ORG"
"4.11027027","9.07E-6","0.243293","0.0","3","8","false","韋文圃","14.0","3","0","0","0.65441441","false","0","韋文圃","40878","0.41935484","PERSON"
"4.11027027","9.07E-6","0.243293","0.0","3","8","false","賴衆擎","14.0","3","0","0","0.65441441","false","0","賴衆擎","40878","0.41935484","PERSON"
"3.12345946","0.00171632","0.32015783","0.0","44","7","false","敬信堂","38.5","44","0","0","0.76406006","false","0","敬信堂","15489726","0.05832037","ORG"
"3.49448649","9.238E-5","0.28616508","0.0","4","7","false","葉景林","261.25","4","0","0","0.72283483","false","0","葉景林","1906416","0.25973054","PERSON"
"4.48864865","2.13E-6","0.2227842","0.0","14","8","false","同善公所","4.0","14","0","0","0.61237237","false","0","同善公所","182","1.0","ORG"
"3.49448649","9.238E-5","0.28616508","0.0","4","7","false","陳其芳","261.25","4","0","0","0.72283483","false","0","陳其芳","1906416","0.25973054","PERSON"
"3.49448649","9.238E-5","0.28616508","0.0","4","7","false","張少庭","261.25","4","0","0","0.72283483","false","0","張少庭","1906416","0.25973054","PERSON"
"3.49448649","9.238E-5","0.28616508","0.0","4","7","false","錢青記","261.25","4","0","0","0.72283483","false","0","錢青記","1906416","0.25973054","PERSON"
"3.49448649","9.238E-5","0.28616508","0.0","4","7","false","張長記","261.25","4","0","0","0.72283483","false","0","張長記","1906416","0.25973054","PERSON"
"3.49448649","9.238E-5","0.28616508","0.0","4","7","false","葉成春","261.25","4","0","0","0.72283483","false","0","葉成春","1906416","0.25973054","PERSON"
"3.49448649","9.238E-5","0.28616508","0.0","4","7","false","宋寶","261.25","4","0","0","0.72283483","false","0","宋寶","1906416","0.25973054","PERSON"
"3.49448649","9.238E-5","0.28616508","0.0","4","7","false","許愿","261.25","4","0","0","0.72283483","false","0","許愿","1906416","0.25973054","PERSON"
"3.49448649","9.238E-5","0.28616508","0.0","4","7","false","李金珠","261.25","4","0","0","0.72283483","false","0","李金珠","1906416","0.25973054","PERSON"
"3.49448649","9.238E-5","0.28616508","0.0","4","7","false","寕波","261.25","4","0","0","0.72283483","false","0","寕波","1906416","0.25973054","PERSON"
"3.49448649","9.238E-5","0.28616508","0.0","4","7","false","翁坤慶","261.25","4","0","0","0.72283483","false","0","翁坤慶","1906416","0.25973054","PERSON"
"4.18983784","0.0","0.23867272","0.0","1","8","false","徐樹生","44.0","1","0","0","0.64557357","false","0","徐樹生","0","0.0","PERSON"
"3.49448649","9.238E-5","0.28616508","0.0","4","7","false","王在明","261.25","4","0","0","0.72283483","false","0","王在明","1906416","0.25973054","PERSON"
"4.18983784","0.0","0.23867272","0.0","1","8","false","潘滄泉","44.0","1","0","0","0.64557357","false","0","潘滄泉","0","0.0","PERSON"
"3.49448649","9.238E-5","0.28616508","0.0","4","7","false","劉堯廷","261.25","4","0","0","0.72283483","false","0","劉堯廷","1906416","0.25973054","PERSON"
"3.49448649","9.238E-5","0.28616508","0.0","4","7","false","張柏年","261.25","4","0","0","0.72283483","false","0","張柏年","1906416","0.25973054","PERSON"
"4.18983784","0.0","0.23867272","0.0","1","8","false","查聴鴻","44.0","1","0","0","0.64557357","false","0","查聴鴻","0","0.0","PERSON"
"3.20605405","5.8219E-4","0.3119099","0.0","23","7","false","同善堂","63.82608696","23","0","0","0.75488288","false","0","同善堂","1759322","0.10907307","ORG"
"4.18983784","0.0","0.23867272","0.0","1","8","false","干芑","44.0","1","0","0","0.64557357","false","0","干芑","0","0.0","PERSON"
"4.18983784","0.0","0.23867272","0.0","1","8","false","唐志伊","44.0","1","0","0","0.64557357","false","0","唐志伊","0","0.0","PERSON"
"4.18983784","0.0","0.23867272","0.0","1","8","false","黄訪周","44.0","1","0","0","0.64557357","false","0","黄訪周","0","0.0","PERSON"
"3.21556757","5.481E-5","0.31098709","0.0","7","7","false","敬善","116.42857143","7","0","0","0.75382583","false","0","敬善","227208","0.20250627","ORG"
"3.21124324","1.1483E-4","0.31140587","0.0","10","7","false","敬德堂","120.7","10","0","0","0.75430631","false","0","敬德堂","466684","0.20745234","ORG"
"3.12475676","7.926E-4","0.32002491","0.0","47","7","false","同善居","48.9787234","47","0","0","0.76391592","false","0","同善居","11343260","0.07531982","ORG"
"3.20562162","3.2289E-4","0.31195198","0.0","16","7","false","胥門全盛局","78.0","16","0","0","0.75493093","false","0","胥門全盛局","1262028","0.13485114","ORG"
"3.20864865","2.7046E-4","0.31165768","0.0","9","7","false","敬心堂","134.66666667","9","0","0","0.75459459","false","0","敬心堂","995064","0.23409224","ORG"
"3.67048649","8.7105E-4","0.27244345","0.0","69","7","false","臨浦學堂","12.91304348","69","0","0","0.70327928","false","0","臨浦學堂","9322020","0.10636646","ORG"
"4.06140541","7.99E-6","0.24622019","0.0","4","8","false","夏丙輝","48.25","4","0","0","0.65984384","false","0","夏丙輝","20406","0.2747093","PERSON"
"3.18962162","0.00247052","0.31351681","0.0","31","7","false","敬業堂","38.80645161","31","0","0","0.75670871","false","0","敬業堂","10823666","0.06518354","ORG"
"4.06140541","7.99E-6","0.24622019","0.0","4","8","false","王輔淸","48.25","4","0","0","0.65984384","false","0","王輔淸","20406","0.2747093","PERSON"
"4.06140541","7.99E-6","0.24622019","0.0","4","8","false","葉殆鑑","48.25","4","0","0","0.65984384","false","0","葉殆鑑","20406","0.2747093","PERSON"
"4.03589189","1.017E-5","0.24777671","0.0","5","8","false","李三榮","42.2","5","0","0","0.66267868","false","0","李三榮","184486","0.38504673","PERSON"
"4.03589189","1.017E-5","0.24777671","0.0","5","8","false","袁錦堂","42.2","5","0","0","0.66267868","false","0","袁錦堂","184486","0.38504673","PERSON"
"4.03589189","1.017E-5","0.24777671","0.0","5","8","false","黄耀宿","42.2","5","0","0","0.66267868","false","0","黄耀宿","184486","0.38504673","PERSON"
"4.03589189","1.017E-5","0.24777671","0.0","5","8","false","麥令豪君","42.2","5","0","0","0.66267868","false","0","麥令豪君","184486","0.38504673","PERSON"
"4.03589189","1.017E-5","0.24777671","0.0","5","8","false","汪開第","42.2","5","0","0","0.66267868","false","0","汪開第","184486","0.38504673","PERSON"
"4.03589189","1.017E-5","0.24777671","0.0","5","8","false","潘仁記","42.2","5","0","0","0.66267868","false","0","潘仁記","184486","0.38504673","PERSON"
"4.03589189","1.017E-5","0.24777671","0.0","5","8","false","愛蓮","42.2","5","0","0","0.66267868","false","0","愛蓮","184486","0.38504673","PERSON"
"4.03589189","1.017E-5","0.24777671","0.0","5","8","false","趙馥　洋","42.2","5","0","0","0.66267868","false","0","趙馥　洋","184486","0.38504673","PERSON"
"3.088","0.00197223","0.3238342","0.0","84","7","false","同善會","43.7875","84","0","4","0.768","false","0","同善會","25114142","0.06512557","ORG"
"4.03589189","1.017E-5","0.24777671","0.0","5","8","false","陶崇信","42.2","5","0","0","0.66267868","false","0","陶崇信","184486","0.38504673","PERSON"
"4.03589189","1.017E-5","0.24777671","0.0","5","8","false","左埠純","42.2","5","0","0","0.66267868","false","0","左埠純","184486","0.38504673","PERSON"
"4.03589189","1.017E-5","0.24777671","0.0","5","8","false","周萬鎰","42.2","5","0","0","0.66267868","false","0","周萬鎰","184486","0.38504673","PERSON"
"4.03589189","1.017E-5","0.24777671","0.0","5","8","false","沈雨春","42.2","5","0","0","0.66267868","false","0","沈雨春","184486","0.38504673","PERSON"
"4.03589189","1.017E-5","0.24777671","0.0","5","8","false","顧肇濂","42.2","5","0","0","0.66267868","false","0","顧肇濂","184486","0.38504673","PERSON"
"4.03589189","1.017E-5","0.24777671","0.0","5","8","false","周聚德棠","42.2","5","0","0","0.66267868","false","0","周聚德棠","184486","0.38504673","PERSON"
"4.03589189","1.017E-5","0.24777671","0.0","5","8","false","郭裕盛","42.2","5","0","0","0.66267868","false","0","郭裕盛","184486","0.38504673","PERSON"
"4.03589189","1.017E-5","0.24777671","0.0","5","8","false","李善繼","42.2","5","0","0","0.66267868","false","0","李善繼","184486","0.38504673","PERSON"
"4.03589189","1.017E-5","0.24777671","0.0","5","8","false","許蓮甫","42.2","5","0","0","0.66267868","false","0","許蓮甫","184486","0.38504673","PERSON"
"4.03589189","1.017E-5","0.24777671","0.0","5","8","false","徐世才","42.2","5","0","0","0.66267868","false","0","徐世才","184486","0.38504673","PERSON"
"4.03589189","1.017E-5","0.24777671","0.0","5","8","false","傅福成","42.2","5","0","0","0.66267868","false","0","傅福成","184486","0.38504673","PERSON"
"4.03589189","1.017E-5","0.24777671","0.0","5","8","false","龔錫純","42.2","5","0","0","0.66267868","false","0","龔錫純","184486","0.38504673","PERSON"
"4.03589189","1.017E-5","0.24777671","0.0","5","8","false","澄林","42.2","5","0","0","0.66267868","false","0","澄林","184486","0.38504673","PERSON"
"4.03589189","1.017E-5","0.24777671","0.0","5","8","false","隐名","42.2","5","0","0","0.66267868","false","0","隐名","184486","0.38504673","PERSON"
"3.21427027","0.00112604","0.31111261","0.0","10","7","false","文　　商會","81.9","10","0","0","0.75396997","false","0","文　　商會","2878200","0.14192982","ORG"
"4.95351351","5.6E-7","0.20187691","0.0","10","8","false","文君","8.2","10","0","0","0.56072072","false","0","文君","122","0.9","ORG"
"3.14724324","0.00121298","0.31773839","0.0","49","7","false","與升堂","45.0","49","0","0","0.76141742","false","0","與升堂","29277918","0.07017544","ORG"
"3.8867027","0.00206283","0.25728749","0.0","23","8","false","文昇樓","11.34782609","23","0","0","0.67925526","false","0","文昇樓","68066346","0.08345021","ORG"
"3.47589189","2.088E-5","0.28769594","0.0","4","7","false","濮石齋","298.5","4","0","0","0.7249009","false","0","濮石齋","220654","0.28688525","PERSON"
"3.47589189","2.088E-5","0.28769594","0.0","4","7","false","周志仁","298.5","4","0","0","0.7249009","false","0","周志仁","220654","0.28688525","PERSON"
"3.47589189","2.088E-5","0.28769594","0.0","4","7","false","關定章","298.5","4","0","0","0.7249009","false","0","關定章","220654","0.28688525","PERSON"
"3.47589189","2.088E-5","0.28769594","0.0","4","7","false","陳建人","298.5","4","0","0","0.7249009","false","0","陳建人","220654","0.28688525","PERSON"
"3.47589189","2.088E-5","0.28769594","0.0","4","7","false","王永康","298.5","4","0","0","0.7249009","false","0","王永康","220654","0.28688525","PERSON"
"3.47589189","2.088E-5","0.28769594","0.0","4","7","false","王再璋","298.5","4","0","0","0.7249009","false","0","王再璋","220654","0.28688525","PERSON"
"4.84367568","1.749E-5","0.20645478","0.0","5","8","false","文明書局","6.4","5","0","0","0.57292492","false","0","文明書局","141692","0.77142857","ORG"
"3.47589189","2.088E-5","0.28769594","0.0","4","7","false","李桂生","298.5","4","0","0","0.7249009","false","0","李桂生","220654","0.28688525","PERSON"
"3.47589189","2.088E-5","0.28769594","0.0","4","7","false","徐足蘭","298.5","4","0","0","0.7249009","false","0","徐足蘭","220654","0.28688525","PERSON"
"3.47589189","2.088E-5","0.28769594","0.0","4","7","false","何煥章","298.5","4","0","0","0.7249009","false","0","何煥章","220654","0.28688525","PERSON"
"3.72713514","2.8941E-4","0.26830259","0.0","8","6","false","文達羅洋行","35.125","8","0","0","0.69698498","false","0","文達羅洋行","4483866","0.1875","ORG"
"3.47589189","2.088E-5","0.28769594","0.0","4","7","false","董克榮","298.5","4","0","0","0.7249009","false","0","董克榮","220654","0.28688525","PERSON"
"3.47589189","2.088E-5","0.28769594","0.0","4","7","false","朱子景","298.5","4","0","0","0.7249009","false","0","朱子景","220654","0.28688525","PERSON"
"3.47589189","2.088E-5","0.28769594","0.0","4","7","false","倪柏年","298.5","4","0","0","0.7249009","false","0","倪柏年","220654","0.28688525","PERSON"
"3.47589189","2.088E-5","0.28769594","0.0","4","7","false","陳建卿","298.5","4","0","0","0.7249009","false","0","陳建卿","220654","0.28688525","PERSON"
"3.47589189","2.088E-5","0.28769594","0.0","4","7","false","葉梅生","298.5","4","0","0","0.7249009","false","0","葉梅生","220654","0.28688525","PERSON"
"3.20086486","2.1053E-4","0.31241556","0.0","9","7","false","斯堂","119.66666667","9","0","0","0.75545946","false","0","斯堂","1600700","0.20389462","ORG"
"3.09621622","8.4896E-4","0.32297486","0.0","61","7","false","與時","52.52459016","61","0","0","0.76708709","false","0","與時","19247848","0.07842403","ORG"
"3.47589189","2.088E-5","0.28769594","0.0","4","7","false","張仁甫","298.5","4","0","0","0.7249009","false","0","張仁甫","220654","0.28688525","PERSON"
"3.47589189","2.088E-5","0.28769594","0.0","4","7","false","嚴秉章","298.5","4","0","0","0.7249009","false","0","嚴秉章","220654","0.28688525","PERSON"
"4.11891892","1.1816E-4","0.24278215","0.0","3","7","false","新建洋貨公所","44.33333333","3","0","0","0.65345345","false","0","新建洋貨公所","2765124","0.40880503","ORG"
"3.21513514","0.00113824","0.31102892","0.0","8","7","false","同壽善堂","88.625","8","0","0","0.75387387","false","0","同壽善堂","2342082","0.15372807","ORG"
"5.11740541","1.9E-7","0.19541153","0.0","4","8","false","秦本幹","3.0","4","0","0","0.54251051","true","0","秦本幹","12","1.0","PERSON"
"4.21448649","1.0E-8","0.23727683","0.0","2","8","false","朱珮珍","8.0","2","0","0","0.64283483","false","0","朱珮珍","2","1.0","PERSON"
"3.13167568","0.00218417","0.31931787","0.0","59","7","false","新聞報館","40.94915254","59","0","0","0.76314715","false","0","新聞報館","41089694","0.06321068","ORG"
"4.21448649","1.0E-8","0.23727683","0.0","2","8","false","徐閏施","8.0","2","0","0","0.64283483","false","0","徐閏施","2","1.0","PERSON"
"4.21448649","1.0E-8","0.23727683","0.0","2","8","false","施之敬","8.0","2","0","0","0.64283483","false","0","施之敬","2","1.0","PERSON"
"4.21448649","1.0E-8","0.23727683","0.0","2","8","false","陳作林","8.0","2","0","0","0.64283483","false","0","陳作林","2","1.0","PERSON"
"4.21448649","1.0E-8","0.23727683","0.0","2","8","false","孔殷全","8.0","2","0","0","0.64283483","false","0","孔殷全","2","1.0","PERSON"
"4.37578378","2.579E-5","0.22853049","0.0","14","7","false","同孚洋行","30.71428571","14","0","0","0.62491291","false","0","同孚洋行","131432","0.32653061","ORG"
"3.18659459","7.0405E-4","0.31381463","0.0","30","7","false","同康莊","55.23333333","30","0","0","0.75704505","false","0","同康莊","9666632","0.09053979","ORG"
"3.09318919","0.00601975","0.32329093","0.0","103","7","false","與時堂","37.14285714","103","0","9","0.76742342","false","0","與時堂","53950268","0.05603544","ORG"
"3.20994595","9.9855E-4","0.31153173","0.0","20","7","false","同新會","45.8","20","0","0","0.75445045","false","0","同新會","1988000","0.07859649","ORG"
"3.21167568","3.3127E-4","0.31136394","0.0","16","7","false","新聞報館協賑","68.625","16","0","0","0.75425826","false","0","新聞報館協賑","1894176","0.11864035","ORG"
"3.81664865","3.9576E-4","0.26200997","0.0","12","7","false","新閘","18.66666667","12","0","0","0.68703904","false","0","新閘","10154180","0.14971751","ORG"
"3.48151351","4.241E-5","0.2872314","0.0","6","7","false","虞薌山","187.5","6","0","0","0.72427628","false","0","虞薌山","187614","0.18106796","PERSON"
"3.21210811","2.441E-4","0.31132202","0.0","15","7","false","同泰客棧","75.73333333","15","0","0","0.75421021","false","0","同泰客棧","757966","0.13111111","ORG"
"3.48151351","4.241E-5","0.2872314","0.0","6","7","false","張繼香","187.5","6","0","0","0.72427628","false","0","張繼香","187614","0.18106796","PERSON"
"3.48151351","4.241E-5","0.2872314","0.0","6","7","false","楊朱氏","187.5","6","0","0","0.72427628","false","0","楊朱氏","187614","0.18106796","PERSON"
"3.48151351","4.241E-5","0.2872314","0.0","6","7","false","楊王氏","187.5","6","0","0","0.72427628","false","0","楊王氏","187614","0.18106796","PERSON"
"3.48151351","4.241E-5","0.2872314","0.0","6","7","false","楊祚䳥","187.5","6","0","0","0.72427628","false","0","楊祚䳥","187614","0.18106796","PERSON"
"3.48151351","4.241E-5","0.2872314","0.0","6","7","false","張壽維","187.5","6","0","0","0.72427628","false","0","張壽維","187614","0.18106796","PERSON"
"3.85297297","0.00121808","0.25953984","0.0","18","7","false","新關河泊司","12.27777778","18","0","0","0.683003","false","0","新關河泊司","18148428","0.09398148","ORG"
"3.48151351","4.241E-5","0.2872314","0.0","6","7","false","李誦淸","187.5","6","0","0","0.72427628","false","0","李誦淸","187614","0.18106796","PERSON"
"3.48151351","4.241E-5","0.2872314","0.0","6","7","false","楊聿脩","187.5","6","0","0","0.72427628","false","0","楊聿脩","187614","0.18106796","PERSON"
"3.48151351","4.241E-5","0.2872314","0.0","6","7","false","馮余氏","187.5","6","0","0","0.72427628","false","0","馮余氏","187614","0.18106796","PERSON"
"3.91048649","0.0031148","0.25572266","0.0","44","6","false","同濟醫院","17.61904762","44","0","2","0.67661261","false","0","同濟醫院","16762870","0.08268183","ORG"
"3.19610811","7.601E-5","0.31288053","0.0","12","7","false","新順記","105.25","12","0","0","0.75598799","false","0","新順記","872170","0.17521008","ORG"
"3.88064865","4.6787E-4","0.25768888","0.0","13","6","false","方餘慶堂","33.61538462","13","0","0","0.67992793","false","0","方餘慶堂","16919898","0.16725838","ORG"
"4.01383784","2.602E-5","0.24913812","0.0","3","7","false","黃國華","30.66666667","3","0","0","0.66512913","false","0","黃國華","500690","0.50282486","PERSON"
"4.01383784","2.602E-5","0.24913812","0.0","3","7","false","唐史因","30.66666667","3","0","0","0.66512913","false","0","唐史因","500690","0.50282486","PERSON"
"4.01383784","2.602E-5","0.24913812","0.0","3","7","false","程明府","30.66666667","3","0","0","0.66512913","false","0","程明府","500690","0.50282486","PERSON"
"3.20086486","2.1053E-4","0.31241556","0.0","9","7","false","施皋總稅務司","119.66666667","9","0","0","0.75545946","false","0","施皋總稅務司","1600700","0.20389462","ORG"
"4.01383784","2.602E-5","0.24913812","0.0","3","7","false","寳隆","30.66666667","3","0","0","0.66512913","false","0","寳隆","500690","0.50282486","PERSON"
"4.01383784","2.602E-5","0.24913812","0.0","3","7","false","云　　龍華","30.66666667","3","0","0","0.66512913","false","0","云　　龍華","500690","0.50282486","PERSON"
"4.01383784","2.602E-5","0.24913812","0.0","3","7","false","楊三益","30.66666667","3","0","0","0.66512913","false","0","楊三益","500690","0.50282486","PERSON"
"4.01383784","2.602E-5","0.24913812","0.0","3","7","false","計源和","30.66666667","3","0","0","0.66512913","false","0","計源和","500690","0.50282486","PERSON"
"4.01383784","2.602E-5","0.24913812","0.0","3","7","false","沈哲成","30.66666667","3","0","0","0.66512913","false","0","沈哲成","500690","0.50282486","PERSON"
"4.07135135","0.001815","0.24561869","0.0","24","8","false","旅泰","6.29166667","24","0","0","0.65873874","false","0","旅泰","27440462","0.16035354","ORG"
"4.01383784","2.602E-5","0.24913812","0.0","3","7","false","吳國樑","30.66666667","3","0","0","0.66512913","false","0","吳國樑","500690","0.50282486","PERSON"
"4.01383784","2.602E-5","0.24913812","0.0","3","7","false","陳渭濱","30.66666667","3","0","0","0.66512913","false","0","陳渭濱","500690","0.50282486","PERSON"
"3.15675676","0.0013425","0.31678082","0.0","24","6","false","興昌祥","51.66666667","24","0","0","0.76036036","false","0","興昌祥","9598932","0.0841639","ORG"
"3.91827027","5.031E-4","0.25521466","0.0","8","7","false","李大令","31.375","8","0","0","0.67574775","false","0","李大令","7322978","0.21542553","PERSON"
"4.01383784","2.602E-5","0.24913812","0.0","3","7","false","吳友三","30.66666667","3","0","0","0.66512913","false","0","吳友三","500690","0.50282486","PERSON"
"4.01383784","2.602E-5","0.24913812","0.0","3","7","false","陳海棠","30.66666667","3","0","0","0.66512913","false","0","陳海棠","500690","0.50282486","PERSON"
"4.01383784","2.602E-5","0.24913812","0.0","3","7","false","蔣董","30.66666667","3","0","0","0.66512913","false","0","蔣董","500690","0.50282486","PERSON"
"4.01383784","2.602E-5","0.24913812","0.0","3","7","false","國樑","30.66666667","3","0","0","0.66512913","false","0","國樑","500690","0.50282486","PERSON"
"4.01383784","2.602E-5","0.24913812","0.0","3","7","false","陶文瀾","30.66666667","3","0","0","0.66512913","false","0","陶文瀾","500690","0.50282486","PERSON"
"3.21427027","6.0786E-4","0.31111261","0.0","10","7","false","同盟會","63.5","10","0","0","0.75396997","false","0","同盟會","2566508","0.10964912","ORG"
"3.90832432","2.65E-6","0.25586413","0.0","4","6","false","尤力　　惲","43.5","4","0","0","0.67685285","false","0","尤力　　惲","27612","0.43367347","PERSON"
"3.4252973","0.00118199","0.29194546","0.0","25","6","false","旅浙院學堂","22.84","25","0","0","0.73052252","false","0","旅浙院學堂","11588716","0.07970803","ORG"
"3.90832432","2.65E-6","0.25586413","0.0","4","6","false","王金镕","43.5","4","0","0","0.67685285","false","0","王金镕","27612","0.43367347","PERSON"
"3.21556757","5.481E-5","0.31098709","0.0","7","7","false","同福","116.42857143","7","0","0","0.75382583","false","0","同福","227208","0.20250627","ORG"
"3.90832432","2.65E-6","0.25586413","0.0","4","6","false","王金鎔","43.5","4","0","0","0.67685285","false","0","王金鎔","27612","0.43367347","PERSON"
"3.60951351","2.8494E-4","0.27704565","0.0","21","7","false","興時堂","29.04761905","21","0","0","0.71005405","false","0","興時堂","7133398","0.1286588","ORG"
"3.90832432","2.65E-6","0.25586413","0.0","4","6","false","袁尙書","43.5","4","0","0","0.67685285","false","0","袁尙書","27612","0.43367347","PERSON"
"3.90832432","2.65E-6","0.25586413","0.0","4","6","false","俞道明","43.5","4","0","0","0.67685285","false","0","俞道明","27612","0.43367347","PERSON"
"3.90832432","2.65E-6","0.25586413","0.0","4","6","false","倪啟驥","43.5","4","0","0","0.67685285","false","0","倪啟驥","27612","0.43367347","PERSON"
"4.21059459","0.0","0.23749615","0.0","1","8","false","經鈞","5.0","1","0","0","0.64326727","false","0","經鈞","0","0.0","PERSON"
"3.21081081","9.141E-4","0.31144781","0.0","5","7","false","同鄉會","125.0","5","0","0","0.75435435","false","0","同鄉會","1777114","0.21640489","ORG"
"4.21059459","0.0","0.23749615","0.0","1","8","false","熊財政","5.0","1","0","0","0.64326727","false","0","熊財政","0","0.0","PERSON"
"3.90832432","2.65E-6","0.25586413","0.0","4","6","false","𠪚子均","43.5","4","0","0","0.67685285","false","0","𠪚子均","27612","0.43367347","PERSON"
"3.21556757","9.52E-5","0.31098709","0.0","7","7","false","同餘莊","115.85714286","7","0","0","0.75382583","false","0","同餘莊","425180","0.20150376","ORG"
"3.90832432","2.65E-6","0.25586413","0.0","4","6","false","樊時勉","43.5","4","0","0","0.67685285","false","0","樊時勉","27612","0.43367347","PERSON"
"3.90832432","2.65E-6","0.25586413","0.0","4","6","false","蘇資森","43.5","4","0","0","0.67685285","false","0","蘇資森","27612","0.43367347","PERSON"
"3.90832432","2.65E-6","0.25586413","0.0","4","6","false","湯子壯","43.5","4","0","0","0.67685285","false","0","湯子壯","27612","0.43367347","PERSON"
"3.21513514","1.1875E-4","0.31102892","0.0","8","7","false","興隆","138.125","8","0","0","0.75387387","false","0","興隆","552856","0.24057018","ORG"
"3.37210811","6.1448E-4","0.2965504","0.0","8","6","false","劉東峯","156.625","8","0","0","0.73643243","false","0","劉東峯","3034254","0.1422532","PERSON"
"3.90832432","2.65E-6","0.25586413","0.0","4","6","false","陳慶才","43.5","4","0","0","0.67685285","false","0","陳慶才","27612","0.43367347","PERSON"
"3.21037838","1.9981E-4","0.31148976","0.0","12","7","false","后宮","116.16666667","12","0","0","0.7544024","false","0","后宮","658524","0.19959561","ORG"
"3.44","3.3498E-4","0.29069767","0.0","15","7","false","陳可良","102.86666667","15","0","0","0.72888889","false","0","陳可良","4669176","0.09493632","PERSON"
"3.90832432","2.65E-6","0.25586413","0.0","4","6","false","胡仲彰","43.5","4","0","0","0.67685285","false","0","胡仲彰","27612","0.43367347","PERSON"
"3.49448649","1.989E-5","0.28616508","0.0","5","7","false","何植園","258.75","5","0","1","0.72283483","false","0","何植園","23074","0.25723553","PERSON"
"3.90832432","2.65E-6","0.25586413","0.0","4","6","false","陳利華","43.5","4","0","0","0.67685285","false","0","陳利華","27612","0.43367347","PERSON"
"4.37578378","2.579E-5","0.22853049","0.0","14","7","false","芬裕","30.71428571","14","0","0","0.62491291","false","0","芬裕","131432","0.32653061","ORG"
"3.90832432","2.65E-6","0.25586413","0.0","4","6","false","吳竹崖","43.5","4","0","0","0.67685285","false","0","吳竹崖","27612","0.43367347","PERSON"
"3.97967568","5.49E-5","0.25127676","0.0","3","7","false","王立才","25.66666667","3","0","0","0.66892492","false","0","王立才","247042","0.41111111","PERSON"
"4.42681081","9.545E-5","0.22589626","0.0","8","8","false","日本幻術學校","3.125","8","0","0","0.61924324","false","0","日本幻術學校","29568","0.70833333","ORG"
"3.49535135","5.82E-6","0.28609427","0.0","4","7","false","徐心堂","507.5","4","0","1","0.72273874","false","0","徐心堂","7684","0.50548902","PERSON"
"3.97967568","5.49E-5","0.25127676","0.0","3","7","false","嚴承業","25.66666667","3","0","0","0.66892492","false","0","嚴承業","247042","0.41111111","PERSON"
"3.20172973","0.0040812","0.31233117","0.0","39","7","false","吏部","17.61538462","39","0","0","0.75536336","false","0","吏部","10032868","0.0291498","ORG"
"3.97967568","5.49E-5","0.25127676","0.0","3","7","false","顧旭侯","25.66666667","3","0","0","0.66892492","false","0","顧旭侯","247042","0.41111111","PERSON"
"3.97967568","5.49E-5","0.25127676","0.0","3","7","false","梁幹臣","25.66666667","3","0","0","0.66892492","false","0","梁幹臣","247042","0.41111111","PERSON"
"3.97967568","5.49E-5","0.25127676","0.0","3","7","false","顧翕周","25.66666667","3","0","0","0.66892492","false","0","顧翕周","247042","0.41111111","PERSON"
"4.95351351","5.6E-7","0.20187691","0.0","10","8","false","花旗銀行","8.2","10","0","0","0.56072072","true","0","花旗銀行","122","0.9","ORG"
"3.97967568","5.49E-5","0.25127676","0.0","3","7","false","袁頌豐","25.66666667","3","0","0","0.66892492","false","0","袁頌豐","247042","0.41111111","PERSON"
"3.97967568","5.49E-5","0.25127676","0.0","3","7","false","吳金","25.66666667","3","0","0","0.66892492","false","0","吳金","247042","0.41111111","PERSON"
"3.21556757","3.857E-5","0.31098709","0.0","7","7","false","昇利堂","164.28571429","7","0","0","0.75382583","false","0","昇利堂","307174","0.28646617","ORG"
"4.29621622","0.0","0.23276296","0.0","1","8","false","英公","59.0","1","0","0","0.63375375","false","0","英公","0","0.0","ORG"
"3.09621622","8.4896E-4","0.32297486","0.0","61","7","false","昇昌馬","52.52459016","61","0","0","0.76708709","false","0","昇昌馬","19247848","0.07842403","ORG"
"3.21124324","6.0464E-4","0.31140587","0.0","13","7","false","英公司","70.76923077","13","0","0","0.75430631","false","0","英公司","3355248","0.12154918","ORG"
"4.01210811","1.2964E-4","0.24924553","0.0","6","6","false","英公堂","44.5","6","0","0","0.66532132","false","0","英公堂","1582340","0.27018634","ORG"
"4.99589189","3.0E-8","0.20016446","0.0","3","9","false","浙紹","10.0","3","0","0","0.55601201","false","0","浙紹","6","1.0","PERSON"
"3.7587027","1.9949E-4","0.26604924","0.0","16","7","false","英商謀得利總公司","17.8125","16","0","0","0.69347748","false","0","英商謀得利總公司","1785386","0.14247881","ORG"
"3.99697297","0.00101494","0.25018933","0.0","10","8","false","吕宋","12.0","10","0","0","0.667003","false","0","吕宋","20203882","0.12790698","ORG"
"4.99589189","3.0E-8","0.20016446","0.0","3","9","false","兪騰","10.0","3","0","0","0.55601201","false","0","兪騰","6","1.0","PERSON"
"4.99416216","4.6E-7","0.20023379","0.0","4","9","false","成春嗣","9.75","4","0","0","0.5562042","false","0","成春嗣","126","0.72916667","PERSON"
"4.99416216","4.6E-7","0.20023379","0.0","4","9","false","張君繼","9.75","4","0","0","0.5562042","false","0","張君繼","126","0.72916667","PERSON"
"4.99416216","4.6E-7","0.20023379","0.0","4","9","false","施靜齋","9.75","4","0","0","0.5562042","false","0","施靜齋","126","0.72916667","PERSON"
"4.99589189","3.0E-8","0.20016446","0.0","3","9","false","邵穀華　林純泉","10.0","3","0","0","0.55601201","false","0","邵穀華　林純泉","6","1.0","PERSON"
"4.99416216","4.6E-7","0.20023379","0.0","4","9","false","尹秀升","9.75","4","0","0","0.5562042","false","0","尹秀升","126","0.72916667","PERSON"
"4.99589189","3.0E-8","0.20016446","0.0","3","9","false","廣惠","10.0","3","0","0","0.55601201","false","0","廣惠","6","1.0","PERSON"
"3.21124324","6.0464E-4","0.31140587","0.0","13","7","false","英國","70.76923077","13","0","0","0.75430631","false","0","英國","3355248","0.12154918","ORG"
"3.49405405","1.923E-5","0.2862005","0.0","5","7","false","姜愼之","215.0","5","0","0","0.72288288","false","0","姜愼之","31100","0.21357285","PERSON"
"3.21081081","4.0748E-4","0.31144781","0.0","18","7","false","吕簡泉經訓堂","54.38888889","18","0","0","0.75435435","false","0","吕簡泉經訓堂","952746","0.09366472","ORG"
"3.49405405","1.923E-5","0.2862005","0.0","5","7","false","田福如","215.0","5","0","0","0.72288288","false","0","田福如","31100","0.21357285","PERSON"
"3.49405405","1.923E-5","0.2862005","0.0","5","7","false","孫步雲","215.0","5","0","0","0.72288288","false","0","孫步雲","31100","0.21357285","PERSON"
"3.49405405","1.923E-5","0.2862005","0.0","5","7","false","朱石泉","215.0","5","0","0","0.72288288","false","0","朱石泉","31100","0.21357285","PERSON"
"3.49405405","1.923E-5","0.2862005","0.0","5","7","false","董萬高","215.0","5","0","0","0.72288288","false","0","董萬高","31100","0.21357285","PERSON"
"3.49405405","1.923E-5","0.2862005","0.0","5","7","false","熊步朝","215.0","5","0","0","0.72288288","false","0","熊步朝","31100","0.21357285","PERSON"
"4.95351351","5.6E-7","0.20187691","0.0","10","8","false","英國教土","8.2","10","0","0","0.56072072","false","0","英國教土","122","0.9","ORG"
"3.49405405","1.923E-5","0.2862005","0.0","5","7","false","陳鶴松","215.0","5","0","0","0.72288288","false","0","陳鶴松","31100","0.21357285","PERSON"
"3.49405405","1.923E-5","0.2862005","0.0","5","7","false","聶漢池","215.0","5","0","0","0.72288288","false","0","聶漢池","31100","0.21357285","PERSON"
"3.49405405","1.923E-5","0.2862005","0.0","5","7","false","蘇垣","215.0","5","0","0","0.72288288","false","0","蘇垣","31100","0.21357285","PERSON"
"3.49405405","1.923E-5","0.2862005","0.0","5","7","false","悲世","215.0","5","0","0","0.72288288","false","0","悲世","31100","0.21357285","PERSON"
"3.49405405","1.923E-5","0.2862005","0.0","6","7","false","周禹廷","215.0","6","0","1","0.72288288","false","0","周禹廷","31100","0.21357285","PERSON"
"3.19091892","2.0024E-4","0.31338935","0.0","20","7","false","昌源昌","80.3","20","0","0","0.75656456","false","0","昌源昌","1940274","0.13238731","ORG"
"3.49405405","1.923E-5","0.2862005","0.0","5","7","false","陳綬","215.0","5","0","0","0.72288288","false","0","陳綬","31100","0.21357285","PERSON"
"5.296","3.835E-5","0.18882175","0.0","6","7","false","英工部局","3.83333333","6","0","0","0.52266667","false","0","英工部局","602430","0.4047619","ORG"
"3.47459459","4.198E-5","0.28780336","0.0","7","7","false","吳城齋","168.57142857","7","0","0","0.72504505","false","0","吳城齋","232288","0.16159251","PERSON"
"3.49405405","1.923E-5","0.2862005","0.0","6","7","false","嚴信","215.0","6","0","1","0.72288288","false","0","嚴信","31100","0.21357285","PERSON"
"3.8387027","0.00140595","0.26050468","0.0","18","7","false","英巴副領","12.0","18","0","0","0.68458859","false","0","英巴副領","16668084","0.08461538","ORG"
"4.95351351","5.6E-7","0.20187691","0.0","10","8","false","君本堂","8.2","10","0","0","0.56072072","false","0","君本堂","122","0.9","ORG"
"3.88151351","1.4965E-4","0.25763146","0.0","5","7","false","昌祥輪船機器廠","31.0","5","0","0","0.67983183","false","0","昌祥輪船機器廠","4188532","0.24193548","ORG"
"3.49405405","1.885E-5","0.2862005","0.0","5","7","false","金冶臣","213.4","5","0","0","0.72288288","false","0","金冶臣","31116","0.21197605","PERSON"
"3.21167568","3.5962E-4","0.31136394","0.0","16","7","false","吳敬善堂","87.625","16","0","0","0.75425826","false","0","吳敬善堂","1045042","0.15197368","ORG"
"3.49405405","1.885E-5","0.2862005","0.0","5","7","false","顧氏","213.4","5","0","0","0.72288288","false","0","顧氏","31116","0.21197605","PERSON"
"3.49405405","1.885E-5","0.2862005","0.0","5","7","false","柳營記","213.4","5","0","0","0.72288288","false","0","柳營記","31116","0.21197605","PERSON"
"3.9667027","2.3642E-4","0.25209855","0.0","25","8","false","明府商之德總領事署","8.96","25","0","0","0.67036637","false","0","明府商之德總領事署","1451616","0.09045455","ORG"
"4.62875676","6.8521E-4","0.21604073","0.0","15","7","false","英總領事署","7.66666667","15","0","0","0.5968048","false","0","英總領事署","12046966","0.37037037","ORG"
"3.49405405","1.885E-5","0.2862005","0.0","5","7","false","陳雨田","213.4","5","0","0","0.72288288","false","0","陳雨田","31116","0.21197605","PERSON"
"3.49405405","1.885E-5","0.2862005","0.0","5","7","false","柳氏","213.4","5","0","0","0.72288288","false","0","柳氏","31116","0.21197605","PERSON"
"3.49405405","1.885E-5","0.2862005","0.0","5","7","false","陳寶亷","213.4","5","0","0","0.72288288","false","0","陳寶亷","31116","0.21197605","PERSON"
"3.49405405","1.885E-5","0.2862005","0.0","5","7","false","陳寶銓","213.4","5","0","0","0.72288288","false","0","陳寶銓","31116","0.21197605","PERSON"
"3.49405405","1.885E-5","0.2862005","0.0","5","7","false","吳雲生","213.4","5","0","0","0.72288288","false","0","吳雲生","31116","0.21197605","PERSON"
"3.49405405","1.885E-5","0.2862005","0.0","5","7","false","容吕耘洋","213.4","5","0","0","0.72288288","false","0","容吕耘洋","31116","0.21197605","PERSON"
"3.49405405","1.885E-5","0.2862005","0.0","5","7","false","吕簡泉","213.4","5","0","0","0.72288288","false","0","吕簡泉","31116","0.21197605","PERSON"
"3.19091892","0.00366961","0.31338935","0.0","13","7","false","英美租界","97.0","13","0","1","0.75656456","false","0","英美租界","26677012","0.16438356","ORG"
"4.70183784","5.8E-6","0.21268279","0.0","24","7","false","吳淞學堂","8.125","24","0","0","0.58868468","false","0","吳淞學堂","17020","0.7125","ORG"
"3.2","9.5913E-4","0.3125","0.0","25","7","false","明德堂","84.8","25","0","3","0.75555556","false","0","明德堂","4058290","0.14448276","ORG"
"4.15567568","2.0012E-4","0.24063476","0.0","18","7","false","英美電車公司","13.16666667","18","0","0","0.64936937","false","0","英美電車公司","927608","0.14147287","ORG"
"3.21297297","2.2028E-4","0.31123822","0.0","13","7","false","吳淞砲臺營","56.61538462","13","0","0","0.75411411","false","0","吳淞砲臺營","654350","0.09757085","ORG"
"4.63956757","3.9943E-4","0.21553733","0.0","11","7","false","茂豐洋行","8.54545455","11","0","0","0.5956036","false","0","茂豐洋行","7163892","0.58041958","ORG"
"3.21556757","5.481E-5","0.31098709","0.0","7","7","false","明德莊","116.42857143","7","0","0","0.75382583","false","0","明德莊","227208","0.20250627","ORG"
"3.20864865","6.0047E-4","0.31165768","0.0","23","7","false","春　草堂","64.43478261","23","0","0","0.75459459","false","0","春　草堂","1628916","0.11128909","ORG"
"3.85297297","0.00121808","0.25953984","0.0","18","7","false","吳淞紅十字分會","12.27777778","18","0","0","0.683003","false","0","吳淞紅十字分會","18148428","0.09398148","ORG"
"3.15675676","3.504E-4","0.31678082","0.0","26","7","false","莊源大","62.76923077","26","0","0","0.76036036","false","0","莊源大","5414116","0.09946736","ORG"
"3.44994595","0.00200187","0.28985961","0.0","20","6","false","吳淞軍政府","25.25","20","0","0","0.72778378","false","0","吳淞軍政府","28134246","0.09435798","ORG"
"4.4492973","0.0","0.22475459","0.0","2","7","false","方樵艌","20.0","2","0","0","0.61674474","false","0","方樵艌","2","1.0","PERSON"
"3.60951351","2.8494E-4","0.27704565","0.0","21","7","false","春和","29.04761905","21","0","0","0.71005405","false","0","春和","7133398","0.1286588","ORG"
"3.85902703","2.9811E-4","0.25913268","0.0","10","7","false","華人壽險","35.0","10","0","3","0.68233033","false","0","華人壽險","2249556","0.28333333","ORG"
"3.84605405","1.862E-4","0.26000675","0.0","5","7","false","陳伯剛","53.8","5","0","0","0.68377177","false","0","陳伯剛","1756596","0.29662921","PERSON"
"3.86767568","2.471E-5","0.25855322","0.0","4","7","false","樓心如","55.75","4","0","0","0.68136937","false","0","樓心如","479328","0.39963504","PERSON"
"4.4492973","0.0","0.22475459","0.0","2","7","false","趙匊俶","20.0","2","0","0","0.61674474","false","0","趙匊俶","2","1.0","PERSON"
"4.85837838","2.0E-8","0.20583","0.0","2","8","false","溥濟","4.0","2","0","0","0.57129129","false","0","溥濟","2","1.0","PERSON"
"4.4492973","0.0","0.22475459","0.0","2","7","false","仝啓敬","20.0","2","0","0","0.61674474","false","0","仝啓敬","2","1.0","PERSON"
"3.09621622","0.00547565","0.32297486","0.0","30","6","false","華僑聯合會","29.23333333","30","0","0","0.76708709","false","0","華僑聯合會","14974764","0.04195146","ORG"
"4.4492973","0.0","0.22475459","0.0","2","7","false","洪禧","20.0","2","0","0","0.61674474","false","0","洪禧","2","1.0","PERSON"
"4.4492973","0.0","0.22475459","0.0","2","7","false","洪玉露","20.0","2","0","0","0.61674474","false","0","洪玉露","2","1.0","PERSON"
"4.4492973","0.0","0.22475459","0.0","2","7","false","倪福","20.0","2","0","0","0.61674474","false","0","倪福","2","1.0","PERSON"
"3.15675676","3.504E-4","0.31678082","0.0","26","7","false","春園","62.76923077","26","0","0","0.76036036","false","0","春園","5414116","0.09946736","ORG"
"4.4492973","0.0","0.22475459","0.0","2","7","false","宋友亷","20.0","2","0","0","0.61674474","false","0","宋友亷","2","1.0","PERSON"
"3.21297297","2.7974E-4","0.31123822","0.0","10","7","false","周萬銀堂","111.4","10","0","0","0.75411411","false","0","周萬銀堂","1036836","0.19267016","ORG"
"3.20605405","6.1377E-4","0.3119099","0.0","6","7","false","和布","101.66666667","6","0","0","0.75488288","false","0","和布","2026934","0.1726701","ORG"
"4.14702703","2.378E-5","0.2411366","0.0","4","8","false","項安閣","15.25","4","0","0","0.65033033","false","0","項安閣","355392","0.52777778","PERSON"
"4.57643243","1.2794E-4","0.21851082","0.0","11","7","false","和成","12.27272727","11","0","0","0.60261862","false","0","和成","1068422","0.16824966","ORG"
"4.14702703","2.378E-5","0.2411366","0.0","4","8","false","中堂","15.25","4","0","0","0.65033033","false","0","中堂","355392","0.52777778","PERSON"
"4.01210811","1.2964E-4","0.24924553","0.0","6","6","false","華商團","44.5","6","0","0","0.66532132","false","0","華商團","1582340","0.27018634","ORG"
"4.14702703","2.378E-5","0.2411366","0.0","4","8","false","虞洽","15.25","4","0","0","0.65033033","false","0","虞洽","355392","0.52777778","PERSON"
"4.37405405","0.00238014","0.22862086","0.0","24","8","false","時中書局","4.20833333","24","0","0","0.62510511","false","0","時中書局","13241432","0.40104167","ORG"
"3.86205405","3.4499E-4","0.25892957","0.0","13","7","false","陳君","29.30769231","13","0","0","0.68199399","false","0","陳君","5665624","0.1474359","PERSON"
"4.37405405","0.00238014","0.22862086","0.0","24","8","false","華商總會","4.20833333","24","0","0","0.62510511","false","0","華商總會","13241432","0.40104167","ORG"
"4.14702703","2.378E-5","0.2411366","0.0","4","8","false","姚君","15.25","4","0","0","0.65033033","false","0","姚君","355392","0.52777778","PERSON"
"4.14702703","2.378E-5","0.2411366","0.0","4","8","false","永逹","15.25","4","0","0","0.65033033","false","0","永逹","355392","0.52777778","PERSON"
"4.14702703","2.378E-5","0.2411366","0.0","4","8","false","寳隆君","15.25","4","0","0","0.65033033","false","0","寳隆君","355392","0.52777778","PERSON"
"4.14702703","2.378E-5","0.2411366","0.0","4","8","false","字林","15.25","4","0","0","0.65033033","false","0","字林","355392","0.52777778","PERSON"
"4.70183784","5.8E-6","0.21268279","0.0","24","7","false","唐露園商會","8.125","24","0","0","0.58868468","false","0","唐露園商會","17020","0.7125","ORG"
"3.18659459","6.5744E-4","0.31381463","0.0","25","7","false","時堂","88.95652174","25","0","2","0.75704505","false","0","時堂","3769284","0.14832466","ORG"
"3.21513514","2.0972E-4","0.31102892","0.0","8","7","false","華商銀行","94.75","8","0","0","0.75387387","true","0","華商銀行","435486","0.16447368","ORG"
"4.09081081","0.0","0.24445032","0.0","1","7","false","伊子胡底爾","11.0","1","0","0","0.65657658","false","0","伊子胡底爾","0","0.0","PERSON"
"3.21124324","9.4011E-4","0.31140587","0.0","13","7","false","商務公所","82.92307692","13","0","0","0.75430631","false","0","商務公所","3472256","0.14272313","ORG"
"3.09102703","0.00247039","0.32351707","0.0","11","6","false","華安保險公司","71.18181818","11","0","0","0.76766366","false","0","華安保險公司","9673950","0.10320856","ORG"
"4.09081081","0.0","0.24445032","0.0","1","7","false","江振敦","11.0","1","0","0","0.65657658","false","0","江振敦","0","0.0","PERSON"
"4.07783784","1.21E-6","0.245228","0.0","2","7","false","伏祈公","21.0","2","0","0","0.65801802","false","0","伏祈公","6530","0.58823529","PERSON"
"4.07221622","1.374E-5","0.24556653","0.0","3","7","false","謝仁施","18.66666667","3","0","0","0.65864264","false","0","謝仁施","48616","0.38405797","PERSON"
"3.14724324","0.00121298","0.31773839","0.0","49","7","false","時報館","45.0","49","0","0","0.76141742","false","0","時報館","29277918","0.07017544","ORG"
"4.07783784","1.21E-6","0.245228","0.0","2","7","false","心泉","21.0","2","0","0","0.65801802","false","0","心泉","6530","0.58823529","PERSON"
"3.98097297","0.0","0.25119487","0.0","1","7","false","愛司可","25.0","1","0","0","0.66878078","false","0","愛司可","0","0.0","PERSON"
"2.98118919","0.0055829","0.33543661","0.0","25","6","false","商務局","45.0","25","0","0","0.77986787","false","0","商務局","27537666","0.05472637","ORG"
"4.07783784","1.21E-6","0.245228","0.0","2","7","false","顏以江","21.0","2","0","0","0.65801802","false","0","顏以江","6530","0.58823529","PERSON"
"3.98097297","0.0","0.25119487","0.0","1","7","false","周生友","25.0","1","0","0","0.66878078","false","0","周生友","0","0.0","PERSON"
"3.85902703","2.9811E-4","0.25913268","0.0","6","7","false","華安水火人壽保險公司","35.0","6","0","2","0.68233033","false","0","華安水火人壽保險公司","2249556","0.28333333","ORG"
"3.98097297","0.0","0.25119487","0.0","1","7","false","汪瑤庭","25.0","1","0","0","0.66878078","false","0","汪瑤庭","0","0.0","PERSON"
"3.18183784","4.9857E-4","0.31428377","0.0","23","7","false","華廠","74.26086957","23","0","0","0.75757357","false","0","華廠","6705422","0.12250982","ORG"
"3.98097297","0.0","0.25119487","0.0","1","7","false","周玉山","25.0","1","0","0","0.66878078","false","0","周玉山","0","0.0","PERSON"
"3.98097297","0.0","0.25119487","0.0","1","7","false","劉鎭軍","25.0","1","0","0","0.66878078","false","0","劉鎭軍","0","0.0","PERSON"
"3.83048649","0.0","0.26106345","0.0","1","7","false","費雅頌","161.0","1","0","0","0.6855015","false","0","費雅頌","0","0.0","PERSON"
"2.8307027","0.04301694","0.35326917","0.0","175","6","false","商務總會","21.09937888","175","0","12","0.79658859","false","0","商務總會","316989538","0.02278841","ORG"
"3.83048649","0.0","0.26106345","0.0","1","7","false","陸順泉","161.0","1","0","0","0.6855015","false","0","陸順泉","0","0.0","PERSON"
"4.58032432","4.982E-5","0.21832515","0.0","18","7","false","華成公司","11.27777778","18","0","0","0.60218619","false","0","華成公司","132884","0.20975057","ORG"
"3.83048649","0.0","0.26106345","0.0","1","7","false","劉成德","161.0","1","0","0","0.6855015","false","0","劉成德","0","0.0","PERSON"
"3.83048649","0.0","0.26106345","0.0","1","7","false","朱梅","161.0","1","0","0","0.6855015","false","0","朱梅","0","0.0","PERSON"
"3.83048649","0.0","0.26106345","0.0","1","7","false","房會潤","161.0","1","0","0","0.6855015","false","0","房會潤","0","0.0","PERSON"
"3.83048649","0.0","0.26106345","0.0","1","7","false","張家記","161.0","1","0","0","0.6855015","false","0","張家記","0","0.0","PERSON"
"3.83048649","0.0","0.26106345","0.0","1","7","false","項氏","161.0","1","0","0","0.6855015","false","0","項氏","0","0.0","PERSON"
"3.83048649","0.0","0.26106345","0.0","1","7","false","李厚福","161.0","1","0","0","0.6855015","false","0","李厚福","0","0.0","PERSON"
"3.85989189","3.44E-5","0.25907461","0.0","2","7","false","時疫醫院","65.5","2","0","0","0.68223423","false","0","時疫醫院","615328","0.5375","ORG"
"3.21167568","5.5157E-4","0.31136394","0.0","16","7","false","時益號合貲有限公司","48.5","16","0","0","0.75425826","false","0","時益號合貲有限公司","4939160","0.08333333","ORG"
"4.05664865","7.4E-7","0.2465089","0.0","3","7","false","李京卿","21.66666667","3","0","0","0.66037237","false","0","李京卿","782","0.41333333","PERSON"
"3.12389189","4.4031E-4","0.32011351","0.0","7","6","false","華文義塾","125.71428571","7","0","0","0.76401201","false","0","華文義塾","5171808","0.18924778","ORG"
"3.84864865","8.173E-5","0.25983146","0.0","3","7","false","華洋廠棧","47.66666667","3","0","0","0.68348348","false","0","華洋廠棧","1299740","0.36745407","ORG"
"3.83048649","0.0","0.26106345","0.0","1","7","false","祝　舫","161.0","1","0","0","0.6855015","false","0","祝　舫","0","0.0","PERSON"
"3.30897297","0.00334585","0.30220857","0.0","39","5","false","華洋義","20.41025641","39","0","0","0.74344745","false","0","華洋義","53381184","0.05725739","ORG"
"3.20778378","8.0651E-4","0.31174171","0.0","25","7","false","晉大","44.84","25","0","0","0.75469069","false","0","晉大","8206558","0.07691228","ORG"
"3.21556757","5.481E-5","0.31098709","0.0","7","7","false","晉大莊","116.42857143","7","0","0","0.75382583","false","0","晉大莊","227208","0.20250627","ORG"
"3.20864865","6.2513E-4","0.31165768","0.0","20","7","false","晉泰當","55.9","20","0","0","0.75459459","false","0","晉泰當","3800880","0.09581152","ORG"
"4.57254054","0.00228752","0.2186968","0.0","28","7","false","華洋義振善會","7.57692308","28","0","2","0.60305105","false","0","華洋義振善會","56408390","0.09009484","ORG"
"3.20562162","5.1432E-4","0.31195198","0.0","13","7","false","晤士報","53.76923077","13","0","0","0.75493093","false","0","晤士報","3286968","0.09145447","ORG"
"3.07675676","0.00984504","0.32501757","0.0","56","6","false","華洋義振會","21.58823529","56","0","4","0.76924925","false","0","華洋義振會","51285034","0.02941176","ORG"
"4.07135135","0.001815","0.24561869","0.0","24","8","false","景綸廠","6.29166667","24","0","0","0.65873874","false","0","景綸廠","27440462","0.16035354","ORG"
"4.84367568","1.749E-5","0.20645478","0.0","5","8","false","書藥局","6.4","5","0","0","0.57292492","false","0","書藥局","141692","0.77142857","ORG"
"4.37016216","1.2015E-4","0.22882446","0.0","16","7","false","會稽堂","14.625","16","0","0","0.62553754","false","0","會稽堂","1200570","0.25707547","ORG"
"3.7587027","1.9949E-4","0.26604924","0.0","16","7","false","有容堂","17.8125","16","0","0","0.69347748","false","0","有容堂","1785386","0.14247881","ORG"
"3.824","1.0103E-4","0.26150628","0.0","5","7","false","岑制台","39.4","5","0","0","0.68622222","false","0","岑制台","1603392","0.22857143","PERSON"
"3.824","1.0103E-4","0.26150628","0.0","5","7","false","劉道台","39.4","5","0","0","0.68622222","false","0","劉道台","1603392","0.22857143","PERSON"
"3.824","1.0103E-4","0.26150628","0.0","5","7","false","彌滋","39.4","5","0","0","0.68622222","false","0","彌滋","1603392","0.22857143","PERSON"
"3.05772973","0.00868777","0.32704002","0.0","53","6","false","華洋義賑會","38.54901961","53","0","2","0.77136336","false","0","華洋義賑會","51732128","0.05281156","ORG"
"3.824","1.0103E-4","0.26150628","0.0","5","7","false","於歡","39.4","5","0","0","0.68622222","false","0","於歡","1603392","0.22857143","PERSON"
"3.20691892","0.00138867","0.31182578","0.0","14","7","false","望敦","46.28571429","14","0","0","0.75478679","false","0","望敦","4680716","0.07903266","ORG"
"4.20583784","2.0E-8","0.23776475","0.0","3","8","false","長沙譚","14.0","3","0","0","0.6437958","false","0","長沙譚","6","1.0","PERSON"
"4.20583784","2.0E-8","0.23776475","0.0","3","8","false","南昌","14.0","3","0","0","0.6437958","false","0","南昌","6","1.0","PERSON"
"4.20583784","2.0E-8","0.23776475","0.0","3","8","false","鑒嗣","14.0","3","0","0","0.6437958","false","0","鑒嗣","6","1.0","PERSON"
"3.97059459","6.177E-5","0.25185145","0.0","6","7","false","趙鳳昌","34.83333333","6","0","0","0.66993393","false","0","趙鳳昌","181718","0.25826972","PERSON"
"4.20583784","2.0E-8","0.23776475","0.0","3","8","false","聶其杰","14.0","3","0","0","0.6437958","false","0","聶其杰","6","1.0","PERSON"
"4.20583784","2.0E-8","0.23776475","0.0","3","8","false","何聲灝","14.0","3","0","0","0.6437958","false","0","何聲灝","6","1.0","PERSON"
"4.20583784","2.0E-8","0.23776475","0.0","3","8","false","袁思亮","14.0","3","0","0","0.6437958","false","0","袁思亮","6","1.0","PERSON"
"3.85297297","0.00121808","0.25953984","0.0","18","7","false","商團","12.27777778","18","0","0","0.683003","false","0","商團","18148428","0.09398148","ORG"
"4.20583784","2.0E-8","0.23776475","0.0","3","8","false","陳廷緒","14.0","3","0","0","0.6437958","false","0","陳廷緒","6","1.0","PERSON"
"4.20583784","2.0E-8","0.23776475","0.0","3","8","false","竊維","14.0","3","0","0","0.6437958","false","0","竊維","6","1.0","PERSON"
"3.21210811","4.1863E-4","0.31132202","0.0","15","7","false","望雲堂","76.8","15","0","0","0.75421021","false","0","望雲堂","1936306","0.13298246","ORG"
"4.18767568","8.079E-5","0.23879595","0.0","7","7","false","商團敎育總會","35.71428571","7","0","0","0.64581381","false","0","商團敎育總會","846046","0.21167247","ORG"
"2.90724324","0.02264472","0.34396847","0.0","92","6","false","木商會館","36.45054945","92","0","1","0.78808408","false","0","木商會館","186025756","0.04276303","ORG"
"4.45794595","7.983E-5","0.22431856","0.0","10","7","false","華洋義賑會職員會","12.8","10","0","0","0.61578378","false","0","華洋義賑會職員會","423598","0.16857143","ORG"
"3.20648649","6.112E-4","0.31186784","0.0","28","7","false","商學公會","37.35714286","28","0","0","0.75483483","false","0","商學公會","1405530","0.06378446","ORG"
"3.30897297","0.00334585","0.30220857","0.0","39","5","false","華洋義賬","20.41025641","39","0","0","0.74344745","false","0","華洋義賬","53381184","0.05725739","ORG"
"3.16281081","0.00111022","0.31617446","0.0","34","7","false","商局","52.15151515","34","0","1","0.75968769","false","0","商局","7890882","0.08413078","ORG"
"3.488","4.367E-5","0.28669725","0.0","9","7","false","楊潤芝","158.71428571","9","0","1","0.72355556","false","0","楊潤芝","82534","0.15553677","PERSON"
"3.43827027","9.308E-5","0.29084392","0.0","5","7","false","邵林睦","241.6","5","0","0","0.72908108","false","0","邵林睦","525358","0.22154696","PERSON"
"3.4892973","2.146E-5","0.28659066","0.0","4","7","false","缅華","269.5","4","0","0","0.72341141","false","0","缅華","52140","0.2647929","PERSON"
"3.48886486","2.609E-5","0.28662618","0.0","6","7","false","徐貫","219.2","6","0","1","0.72345946","false","0","徐貫","62684","0.21518738","PERSON"
"3.4892973","2.146E-5","0.28659066","0.0","4","7","false","章佩","269.5","4","0","0","0.72341141","false","0","章佩","52140","0.2647929","PERSON"
"3.4892973","2.146E-5","0.28659066","0.0","5","7","false","葉天","269.5","5","0","1","0.72341141","false","0","葉天","52140","0.2647929","PERSON"
"3.13989189","0.00144681","0.3184823","0.0","61","7","false","華興","55.51923077","61","0","9","0.76223423","false","0","華興","15178146","0.08821882","ORG"
"2.91545946","0.01763059","0.34299911","0.0","93","6","false","商會","21.11956522","93","0","1","0.78717117","false","0","商會","94797396","0.02432837","ORG"
"3.88021622","5.6E-7","0.2577176","0.0","2","7","false","薩森羅夫","91.5","2","0","0","0.67997598","false","0","薩森羅夫","9054","0.72983871","PERSON"
"3.88021622","5.6E-7","0.2577176","0.0","2","7","false","憲鈞","91.5","2","0","0","0.67997598","false","0","憲鈞","9054","0.72983871","PERSON"
"3.88021622","5.6E-7","0.2577176","0.0","2","7","false","長裕","91.5","2","0","0","0.67997598","false","0","長裕","9054","0.72983871","PERSON"
"3.88021622","5.6E-7","0.2577176","0.0","2","7","false","憲鑒","91.5","2","0","0","0.67997598","false","0","憲鑒","9054","0.72983871","PERSON"
"3.88021622","5.6E-7","0.2577176","0.0","2","7","false","裕生","91.5","2","0","0","0.67997598","false","0","裕生","9054","0.72983871","PERSON"
"3.88021622","5.6E-7","0.2577176","0.0","2","7","false","毛義虎","91.5","2","0","0","0.67997598","false","0","毛義虎","9054","0.72983871","PERSON"
"3.88021622","5.6E-7","0.2577176","0.0","2","7","false","林小魯","91.5","2","0","0","0.67997598","false","0","林小魯","9054","0.72983871","PERSON"
"4.63956757","3.9943E-4","0.21553733","0.0","11","7","false","本分府","8.54545455","11","0","0","0.5956036","false","0","本分府","7163892","0.58041958","ORG"
"3.88021622","5.6E-7","0.2577176","0.0","2","7","false","董干城","91.5","2","0","0","0.67997598","false","0","董干城","9054","0.72983871","PERSON"
"3.88021622","5.6E-7","0.2577176","0.0","2","7","false","嚴子鈞","91.5","2","0","0","0.67997598","false","0","嚴子鈞","9054","0.72983871","PERSON"
"3.88021622","5.6E-7","0.2577176","0.0","2","7","false","蘇葆笙","91.5","2","0","0","0.67997598","false","0","蘇葆笙","9054","0.72983871","PERSON"
"4.58118919","0.0","0.21828393","0.0","1","7","false","盛宫保","13.0","1","0","0","0.60209009","false","0","盛宫保","0","0.0","PERSON"
"3.58140541","0.00245258","0.27922","0.0","13","6","false","本埠貧兒院","23.53846154","13","0","0","0.71317718","false","0","本埠貧兒院","12087420","0.12452189","ORG"
"3.88021622","5.6E-7","0.2577176","0.0","2","7","false","錢逹三","91.5","2","0","0","0.67997598","false","0","錢逹三","9054","0.72983871","PERSON"
"3.88021622","5.6E-7","0.2577176","0.0","2","7","false","孫梅塘","91.5","2","0","0","0.67997598","false","0","孫梅塘","9054","0.72983871","PERSON"
"3.85902703","4.0705E-4","0.25913268","0.0","8","7","false","方樵苓","36.875","8","0","0","0.68233033","true","0","方樵苓","12285086","0.21875","PERSON"
"4.58118919","0.0","0.21828393","0.0","1","7","false","雷吉安","13.0","1","0","0","0.60209009","false","0","雷吉安","0","0.0","PERSON"
"3.88021622","5.6E-7","0.2577176","0.0","2","7","false","周維翹","91.5","2","0","0","0.67997598","false","0","周維翹","9054","0.72983871","PERSON"
"4.58118919","0.0","0.21828393","0.0","1","7","false","施君","13.0","1","0","0","0.60209009","false","0","施君","0","0.0","PERSON"
"3.03481081","0.00711873","0.32950983","0.0","153","7","false","華興公司","34.32116788","153","0","16","0.77390991","false","0","華興公司","74965136","0.04936469","ORG"
"4.58118919","0.0","0.21828393","0.0","1","7","false","焦君","13.0","1","0","0","0.60209009","false","0","焦君","0","0.0","PERSON"
"3.86724324","2.936E-5","0.25858213","0.0","4","7","false","徐棣蓀","54.5","4","0","0","0.68141742","false","0","徐棣蓀","229088","0.39338235","PERSON"
"4.58118919","0.0","0.21828393","0.0","1","7","false","雷君","13.0","1","0","0","0.60209009","false","0","雷君","0","0.0","PERSON"
"4.18767568","8.079E-5","0.23879595","0.0","7","7","false","本督院","35.71428571","7","0","0","0.64581381","false","0","本督院","846046","0.21167247","ORG"
"3.88021622","5.6E-7","0.2577176","0.0","2","7","false","李子川","91.5","2","0","0","0.67997598","false","0","李子川","9054","0.72983871","PERSON"
"3.872","9.81E-5","0.25826446","0.0","3","7","false","董杏生","69.0","3","0","0","0.68088889","true","0","董杏生","2176082","0.47887324","PERSON"
"3.88021622","5.6E-7","0.2577176","0.0","2","7","false","周熊甫","91.5","2","0","0","0.67997598","false","0","周熊甫","9054","0.72983871","PERSON"
"4.62875676","6.8521E-4","0.21604073","0.0","15","7","false","本管總領事署","7.66666667","15","0","0","0.5968048","false","0","本管總領事署","12046966","0.37037037","ORG"
"3.87978378","4.3299E-4","0.25774632","0.0","3","7","false","嚴蕉銘","61.33333333","3","0","0","0.68002402","false","0","嚴蕉銘","786632","0.48655914","PERSON"
"3.88021622","5.6E-7","0.2577176","0.0","2","7","false","余民進","91.5","2","0","0","0.67997598","false","0","余民進","9054","0.72983871","PERSON"
"3.88021622","5.6E-7","0.2577176","0.0","2","7","false","袁子峯","91.5","2","0","0","0.67997598","false","0","袁子峯","9054","0.72983871","PERSON"
"3.8732973","1.1764E-4","0.25817796","0.0","3","7","false","王清夫","66.33333333","3","0","0","0.68074474","false","0","王清夫","1713560","0.48039216","PERSON"
"3.88021622","5.6E-7","0.2577176","0.0","2","7","false","趙滄蓉","91.5","2","0","0","0.67997598","false","0","趙滄蓉","9054","0.72983871","PERSON"
"3.86724324","2.936E-5","0.25858213","0.0","4","7","false","李如山","54.5","4","0","0","0.68141742","false","0","李如山","229088","0.39338235","PERSON"
"3.88021622","5.6E-7","0.2577176","0.0","2","7","false","華永祺","91.5","2","0","0","0.67997598","false","0","華永祺","9054","0.72983871","PERSON"
"3.20216216","6.4207E-4","0.31228899","0.0","12","7","false","朱積善堂","100.75","12","0","0","0.75531532","false","0","朱積善堂","4192008","0.17347826","ORG"
"3.88021622","5.6E-7","0.2577176","0.0","2","7","false","王引貫","91.5","2","0","0","0.67997598","false","0","王引貫","9054","0.72983871","PERSON"
"3.79762162","1.4839E-4","0.26332271","0.0","8","6","false","陳良玉","49.0","8","0","0","0.68915315","false","0","陳良玉","817202","0.21145374","PERSON"
"3.88021622","5.6E-7","0.2577176","0.0","2","7","false","朱舜田","91.5","2","0","0","0.67997598","false","0","朱舜田","9054","0.72983871","PERSON"
"3.88021622","5.6E-7","0.2577176","0.0","2","7","false","張寶康","91.5","2","0","0","0.67997598","false","0","張寶康","9054","0.72983871","PERSON"
"3.88021622","5.6E-7","0.2577176","0.0","2","7","false","李志芳","91.5","2","0","0","0.67997598","false","0","李志芳","9054","0.72983871","PERSON"
"3.88021622","5.6E-7","0.2577176","0.0","2","7","false","陳鏡如","91.5","2","0","0","0.67997598","false","0","陳鏡如","9054","0.72983871","PERSON"
"3.67048649","8.7105E-4","0.27244345","0.0","69","7","false","杭州　　浙江鐵路公司","12.91304348","69","0","0","0.70327928","false","0","杭州　　浙江鐵路公司","9322020","0.10636646","ORG"
"3.80367568","7.037E-5","0.26290359","0.0","6","6","false","屠康侯","59.5","6","0","0","0.68848048","false","0","屠康侯","371082","0.27209302","PERSON"
"3.88021622","5.6E-7","0.2577176","0.0","2","7","false","方莪田","91.5","2","0","0","0.67997598","false","0","方莪田","9054","0.72983871","PERSON"
"3.86637838","0.00608564","0.25863997","0.0","6","7","false","陳文鑑","40.5","6","0","0","0.68151351","false","0","陳文鑑","23924190","0.26510067","PERSON"
"3.88021622","5.6E-7","0.2577176","0.0","2","7","false","陳屺懷","91.5","2","0","0","0.67997598","false","0","陳屺懷","9054","0.72983871","PERSON"
"3.88021622","5.6E-7","0.2577176","0.0","2","7","false","孫泉","91.5","2","0","0","0.67997598","false","0","孫泉","9054","0.72983871","PERSON"
"3.66183784","1.5943E-4","0.27308692","0.0","5","6","false","商約公所","30.6","5","0","0","0.70424024","false","0","商約公所","916654","0.21449275","ORG"
"4.06010811","2.18E-6","0.24629886","0.0","2","7","false","嚴君","23.0","2","0","0","0.65998799","false","0","嚴君","9906","0.55","PERSON"
"4.06010811","2.18E-6","0.24629886","0.0","2","7","false","裴德","23.0","2","0","0","0.65998799","false","0","裴德","9906","0.55","PERSON"
"3.11178378","0.01271286","0.32135909","0.0","108","7","false","商部","14.61111111","108","0","0","0.76535736","false","0","商部","49076236","0.02181268","ORG"
"3.20735135","0.00307321","0.31178374","0.0","21","7","false","杭州保平安堂","54.66666667","21","0","0","0.75473874","false","0","杭州保平安堂","9963916","0.09333333","ORG"
"4.37016216","1.2015E-4","0.22882446","0.0","16","7","false","杭州敦裕堂","14.625","16","0","0","0.62553754","false","0","杭州敦裕堂","1200570","0.25707547","ORG"
"3.18659459","7.0405E-4","0.31381463","0.0","30","7","false","杭州西湖協德善堂","55.23333333","30","0","0","0.75704505","false","0","杭州西湖協德善堂","9666632","0.09053979","ORG"
"3.05902703","0.00417075","0.32690133","0.0","77","6","false","華英大藥房","47.1969697","77","0","8","0.77121922","false","0","華英大藥房","44592744","0.06675863","ORG"
"3.20994595","7.1431E-4","0.31153173","0.0","20","7","false","杭省電報局","69.7","20","0","0","0.75445045","false","0","杭省電報局","1416790","0.12052632","ORG"
"3.19048649","2.6635E-4","0.31343182","0.0","24","7","false","嗚昌","76.54166667","24","0","0","0.75661261","false","0","嗚昌","2164844","0.12674776","ORG"
"3.44302703","8.257E-5","0.2904421","0.0","6","7","false","韓山羲","204.83333333","6","0","0","0.72855255","false","0","韓山羲","497480","0.18978895","PERSON"
"3.44302703","8.257E-5","0.2904421","0.0","6","7","false","周兆泳","204.83333333","6","0","0","0.72855255","false","0","周兆泳","497480","0.18978895","PERSON"
"3.44302703","8.257E-5","0.2904421","0.0","6","7","false","翁正月","204.83333333","6","0","0","0.72855255","false","0","翁正月","497480","0.18978895","PERSON"
"3.41578378","1.7729E-4","0.29275858","0.0","10","7","false","汪萃","157.44444444","10","0","1","0.73157958","false","0","汪萃","1030932","0.13795806","PERSON"
"4.84367568","1.749E-5","0.20645478","0.0","5","8","false","東亞公司","6.4","5","0","0","0.57292492","false","0","東亞公司","141692","0.77142857","ORG"
"3.85513514","7.3947E-4","0.25939428","0.0","13","7","false","東方公司","15.76923077","13","0","0","0.68276276","false","0","東方公司","12174900","0.12307692","ORG"
"3.44302703","8.257E-5","0.2904421","0.0","9","7","false","張家","204.83333333","9","0","1","0.72855255","false","0","張家","497480","0.18978895","PERSON"
"4.05837838","4.3E-7","0.24640384","0.0","2","7","false","吕義","43.0","2","0","0","0.66018018","false","0","吕義","11056","0.64615385","PERSON"
"3.44302703","8.257E-5","0.2904421","0.0","6","7","false","葉貽絟","204.83333333","6","0","0","0.72855255","false","0","葉貽絟","497480","0.18978895","PERSON"
"3.21643243","4.17E-6","0.31090347","0.0","5","7","false","華英學塾","236.2","5","0","0","0.75372973","false","0","華英學塾","81062","0.41263158","ORG"
"4.07221622","9.0E-7","0.24556653","0.0","2","8","false","徐　　交來","78.5","2","0","0","0.65864264","false","0","徐　　交來","1634","0.52013423","PERSON"
"3.21556757","3.417E-4","0.31098709","0.0","7","7","false","嘉善","117.85714286","7","0","0","0.75382583","false","0","嘉善","1110080","0.20501253","ORG"
"4.58032432","4.982E-5","0.21832515","0.0","18","7","false","東方輪船公司","11.27777778","18","0","0","0.60218619","false","0","東方輪船公司","132884","0.20975057","ORG"
"4.07221622","9.0E-7","0.24556653","0.0","2","8","false","蘇班","78.5","2","0","0","0.65864264","false","0","蘇班","1634","0.52013423","PERSON"
"3.12389189","4.4031E-4","0.32011351","0.0","7","6","false","華英日夜館","125.71428571","7","0","0","0.76401201","false","0","華英日夜館","5171808","0.18924778","ORG"
"4.07221622","9.0E-7","0.24556653","0.0","2","8","false","毛開林","78.5","2","0","0","0.65864264","false","0","毛開林","1634","0.52013423","PERSON"
"4.07221622","9.0E-7","0.24556653","0.0","2","8","false","榮俊","78.5","2","0","0","0.65864264","false","0","榮俊","1634","0.52013423","PERSON"
"4.58032432","4.982E-5","0.21832515","0.0","18","7","false","華英藥房","11.27777778","18","0","0","0.60218619","false","0","華英藥房","132884","0.20975057","ORG"
"3.21513514","0.00113824","0.31102892","0.0","8","7","false","嘉定縣署","88.625","8","0","0","0.75387387","false","0","嘉定縣署","2342082","0.15372807","ORG"
"4.37578378","2.579E-5","0.22853049","0.0","14","7","false","東方銀行","30.71428571","14","0","0","0.62491291","true","0","東方銀行","131432","0.32653061","ORG"
"4.8147027","8.0E-8","0.20769714","0.0","5","8","false","陳子鍾","12.0","5","0","0","0.57614414","false","0","陳子鍾","20","1.0","PERSON"
"3.81664865","3.9576E-4","0.26200997","0.0","12","7","false","嘉德","18.66666667","12","0","0","0.68703904","false","0","嘉德","10154180","0.14971751","ORG"
"4.8147027","8.0E-8","0.20769714","0.0","5","8","false","阮星階","12.0","5","0","0","0.57614414","false","0","阮星階","20","1.0","PERSON"
"4.8147027","8.0E-8","0.20769714","0.0","5","8","false","樊時勳","12.0","5","0","0","0.57614414","false","0","樊時勳","20","1.0","PERSON"
"3.91048649","3.0E-5","0.25572266","0.0","3","7","false","松江府","19.33333333","3","0","0","0.67661261","false","0","松江府","88938","0.38194444","ORG"
"4.8147027","8.0E-8","0.20769714","0.0","5","8","false","許聘三","12.0","5","0","0","0.57614414","false","0","許聘三","20","1.0","PERSON"
"3.21643243","3.862E-5","0.31090347","0.0","5","7","false","華鶴書屋","138.4","5","0","0","0.75372973","false","0","華鶴書屋","243470","0.24105263","ORG"
"3.20605405","6.1377E-4","0.3119099","0.0","6","7","false","嚴公館","101.66666667","6","0","0","0.75488288","false","0","嚴公館","2026934","0.1726701","ORG"
"3.20475676","7.242E-4","0.31203616","0.0","15","7","false","松風堂","56.86666667","15","0","0","0.75502703","false","0","松風堂","5828120","0.09715942","ORG"
"3.21556757","1.4475E-4","0.31098709","0.0","7","7","false","萃泰","134.14285714","7","0","0","0.75382583","false","0","萃泰","571226","0.23358396","ORG"
"3.97362162","2.8415E-4","0.25165959","0.0","7","7","false","虞洽卿君","27.71428571","7","0","0","0.6695976","false","0","虞洽卿君","5971908","0.26190476","PERSON"
"3.10356757","0.00328116","0.32220984","0.0","21","6","false","四明公所","47.23809524","21","0","0","0.76627027","false","0","四明公所","11529470","0.06932248","ORG"
"4.10291892","1.3E-6","0.24372892","0.0","2","7","false","夏祥甫","17.5","2","0","0","0.65523123","false","0","夏祥甫","10114","0.825","PERSON"
"3.2147027","2.6731E-4","0.31107076","0.0","9","7","false","萱堂","112.0","9","0","0","0.75392192","false","0","萱堂","686798","0.19473684","ORG"
"4.10291892","1.3E-6","0.24372892","0.0","2","7","false","樊時勋","17.5","2","0","0","0.65523123","false","0","樊時勋","10114","0.825","PERSON"
"4.10291892","1.3E-6","0.24372892","0.0","2","7","false","陳配懷","17.5","2","0","0","0.65523123","false","0","陳配懷","10114","0.825","PERSON"
"3.34875676","8.2224E-4","0.29861829","0.0","22","6","false","柏德洋行","32.40909091","22","0","0","0.73902703","false","0","柏德洋行","12960912","0.08822778","ORG"
"4.10291892","1.3E-6","0.24372892","0.0","2","7","false","吳蔭亭","17.5","2","0","0","0.65523123","false","0","吳蔭亭","10114","0.825","PERSON"
"3.4252973","0.00118199","0.29194546","0.0","25","6","false","葉𣗳德堂","22.84","25","0","0","0.73052252","false","0","葉𣗳德堂","11588716","0.07970803","ORG"
