id,Type,mc5Degree,mc5Degree_norm,mc5Eig,mc5Betw,mc5Close
地院,ORG,9,0.002860775588048315,0.05738144787129591,6277.000000000002,4.6880127513946835e-5
滬東稽查所,ORG,9,0.002860775588048315,0.05738144787129591,6277.000000000002,4.6880127513946835e-5
翁蔡氏,PERSON,4,0.0012714558169103624,0.012015537171137161,0.6666666666666666,4.086636697997548e-5
朱佩珍 ·,PERSON,4,0.0012714558169103624,0.012015537171137156,0.6666666666666666,4.086636697997548e-5
許慧珍,PERSON,4,0.0012714558169103624,0.012015537171137156,0.6666666666666666,4.086636697997548e-5
楊邵氏,PERSON,4,0.0012714558169103624,0.012015537171137156,0.6666666666666666,4.086636697997548e-5
翁梅郎,PERSON,4,0.0012714558169103624,0.012015537171137156,0.6666666666666666,4.086636697997548e-5
許向榮,PERSON,4,0.0012714558169103624,0.012015537171137158,0.6666666666666666,4.086636697997548e-5
申聯中學,ORG,9,0.002860775588048315,0.05738144787129591,6277.000000000002,4.6880127513946835e-5
稽查所,ORG,9,0.002860775588048315,0.05738144787129591,6277.000000000002,4.6880127513946835e-5
朱佩珍,PERSON,68,0.02161474888747616,1,1028033.7269140558,5.49390176903637e-5
沈天保,PERSON,4,0.0012714558169103624,0.012015537171137148,0.6666666666666666,4.086636697997548e-5
朱佩珍·許慧珍,PERSON,4,0.0012714558169103624,0.01201553717113715,0.6666666666666666,4.086636697997548e-5
上海市商會,ORG,9,0.002860775588048315,3.246407489049634e-4,25657.66100104791,4.258399693395222e-5
法公董局,ORG,5,0.001589319771137953,4.4806353271274665e-4,25280.92108297654,4.241061961915263e-5
朱子奎,PERSON,10,0.003178639542275906,0.004377455901507608,113803.3607758143,4.889497359671426e-5
朱係三,PERSON,4,0.0012714558169103624,0.004108256004018004,7051.12323415933,4.3144361032013115e-5
市政府,ORG,13,0.004132231404958678,0.0771411085354183,75404.82935908905,4.986287708800798e-5
市政,ORG,2,6.357279084551812e-4,4.4422191582328896e-4,176.4210829768355,4.238186056367875e-5
市工務局,ORG,2,6.357279084551812e-4,4.442219158232861e-4,176.4210829768355,4.238186056367875e-5
紅軍,ORG,2,6.357279084551812e-4,2.1236180120802825e-9,0.125,2.658089896600303e-5
傳勒斯,PERSON,6,0.0019071837253655435,2.4461388189349126e-5,5234.999999999809,3.74335554390956e-5
中日實業銀行,ORG,11,0.0034965034965034965,8.916115497591609e-5,18851.25,3.5249744439352814e-5
民盟,ORG,3,9.535918626827717e-4,1.7416980236793241e-6,7811.810147794933,3.4408010184771016e-5
葉篤義,PERSON,2,6.357279084551812e-4,9.142739726697066e-8,3145,3.1050114885425076e-5
新華日報辦事處,ORG,1,3.178639542275906e-4,4.786169228371077e-9,0,2.8287742920992336e-5
敎部,ORG,2,6.357279084551812e-4,2.031344385806214e-7,0.16666666666666666,2.9165572957680754e-5
工部局,ORG,51,0.01621106166560712,6.020153165997348e-4,380094.66853898246,5.3725890506635145e-5
馮炳南,PERSON,1,3.178639542275906e-4,3.1515139834221654e-5,0,4.596010662744738e-5
吴君之,PERSON,1,3.178639542275906e-4,3.151513983422317e-5,0,4.596010662744738e-5
上海市政府,ORG,5,0.001589319771137953,6.25421448427726e-5,52.52511445205814,4.629843974258068e-5
海軍,ORG,14,0.004450095359186269,2.840513780802801e-4,29842.40040153726,4.723442444853809e-5
張阿毛,PERSON,1,3.178639542275906e-4,3.1798540793115465e-5,0,4.416570974295557e-5
許家梅,PERSON,1,3.178639542275906e-4,3.17985407931156e-5,0,4.416570974295557e-5
李松泉,PERSON,1,3.178639542275906e-4,3.179854079311106e-5,0,4.416570974295557e-5
陳杏生,PERSON,1,3.178639542275906e-4,3.1798540793113046e-5,0,4.416570974295557e-5
嚴阿金,PERSON,1,3.178639542275906e-4,3.1798540793111494e-5,0,4.416570974295557e-5
法公堂,ORG,26,0.008264462809917356,6.074289596584224e-4,159888.28650863902,5.128994204236549e-5
朱高標,PERSON,1,3.178639542275906e-4,3.179854079311592e-5,0,4.416570974295557e-5
朱立有,PERSON,1,3.178639542275906e-4,3.179854079311344e-5,0,4.416570974295557e-5
金星影業股份有限公司,ORG,3,9.535918626827717e-4,2.61006408847365e-8,6289,3.5249744439352814e-5
吳正矱,PERSON,1,3.178639542275906e-4,1.366352811468026e-9,0,3.173192866662436e-5
鳳昔醉,PERSON,1,3.178639542275906e-4,1.3663528141275604e-9,0,3.173192866662436e-5
周劍雲,PERSON,5,0.001589319771137953,4.958526003612596e-7,9964.854257278294,3.963849690819724e-5
中國通商銀行,ORG,11,0.0034965034965034965,2.5845183688420526e-4,89518.98092515879,4.8911714355588165e-5
賀君寀,PERSON,2,6.357279084551812e-4,1.3566978008999168e-5,3145,4.2394437849754115e-5
通商銀行,ORG,1,3.178639542275906e-4,7.102231409498827e-7,0,3.740695021134927e-5
張錫華,PERSON,17,0.00540368722186904,1.4785314483775307e-4,52502.06562844744,4.492766645700422e-5
市公安局,ORG,5,0.001589319771137953,1.3009385383637231e-5,10154.133852506711,4.110321016071355e-5
解治院,ORG,4,0.0012714558169103624,1.2973635718821703e-5,3866.1338525066208,4.109645337607364e-5
陳文斌,PERSON,8,0.0025429116338207248,3.365717118264494e-5,89307.44194359666,4.636068613815485e-5
俞福寅,PERSON,3,9.535918626827717e-4,3.315873632428637e-5,1424.7222970893433,4.418132013784572e-5
郭惠卿·吳榮坤,PERSON,3,9.535918626827717e-4,3.315873632429009e-5,1424.7222970893433,4.418132013784572e-5
檬姆飯店,ORG,6,0.0019071837253655435,2.3564496075752423e-5,2229.052059804941,3.9380931752845275e-5
許文斌,PERSON,13,0.004132231404958678,1.4401148882121944e-4,29917.060517672442,4.487121959974872e-5
許濤濤,PERSON,11,0.0034965034965034965,1.4229036697933095e-4,20927.67458335325,4.486316733961418e-5
余福英·吳惠卿,PERSON,2,6.357279084551812e-4,5.327936703276295e-6,2.9047328788708104,3.5102499297950014e-5
希圖,PERSON,2,6.357279084551812e-4,5.3279367032737866e-6,2.9047328788708104,3.5102499297950014e-5
公安局,ORG,26,0.008264462809917356,7.821196812888723e-5,53411.539740956854,3.9455513908068655e-5
普萊梅,PERSON,2,6.357279084551812e-4,5.327936703273682e-6,2.9047328788708104,3.5102499297950014e-5
楊志成,PERSON,1,3.178639542275906e-4,2.5216370630720736e-7,0,3.428649797709662e-5
法捕房特别機關,ORG,7,0.0022250476795931343,4.816936059760735e-6,18855,3.8430498443564814e-5
金九林,PERSON,3,9.535918626827717e-4,9.050213501831358e-5,22067.121212122554,4.369101712687871e-5
張子楹,PERSON,1,3.178639542275906e-4,2.521637063026518e-7,0,3.428649797709662e-5
周耀庭,PERSON,1,3.178639542275906e-4,2.521637063078558e-7,0,3.428649797709662e-5
周步廣,PERSON,1,3.178639542275906e-4,2.5216370630381976e-7,0,3.428649797709662e-5
秦有裕,PERSON,1,3.178639542275906e-4,2.5216370630928503e-7,0,3.428649797709662e-5
李新和,PERSON,1,3.178639542275906e-4,2.521637063093423e-7,0,3.428649797709662e-5
關炯之,PERSON,3,9.535918626827717e-4,3.306432590437491e-5,528.0787859033843,4.5968557506665444e-5
黃金榮,PERSON,5,0.001589319771137953,0.010293143703405921,22063.529461294976,4.743833017077799e-5
宗才良,PERSON,1,3.178639542275906e-4,2.8285459062060983e-5,0,3.653902367728734e-5
大同公司,ORG,2,6.357279084551812e-4,5.403206104133383e-4,3144.9999999999995,4.128307806630062e-5
特一院,ORG,8,0.0025429116338207248,3.74655636742496e-8,7,3.3221487658217334e-5
平安旅社,ORG,13,0.004132231404958678,5.503181487347225e-5,109550.98185828066,4.917146088410287e-5
蔡維才,PERSON,17,0.00540368722186904,0.001024371401841615,35039.783253051166,4.8666536889234965e-5
唐世良,PERSON,18,0.00572155117609663,0.001223875762759315,25943.377138419768,4.8652330446628395e-5
朱竟成,PERSON,22,0.006993006993006993,0.0013015447869750736,79392.41145968375,4.95000495000495e-5
陳仲衡,PERSON,20,0.006357279084551812,0.001282724683521224,39144.4658476647,4.973145016908693e-5
郞楚高夫,PERSON,2,6.357279084551812e-4,7.914767841901632e-5,5242.4549757474715,4.7514967214672624e-5
布拉國,PERSON,2,6.357279084551812e-4,7.914767841901467e-5,5242.4549757474715,4.7514967214672624e-5
拉租莫夫,PERSON,2,6.357279084551812e-4,7.914767841900517e-5,5242.4549757474715,4.7514967214672624e-5
特二法院,ORG,25,0.007946598855689765,9.098965750258758e-4,184005.41516131864,5.1961548454143937e-5
王仟,PERSON,2,6.357279084551812e-4,7.91476784190214e-5,5242.4549757474715,4.7514967214672624e-5
石榮廷,PERSON,3,9.535918626827717e-4,5.6397604580560915e-6,3.4000000000000012,3.2102728731942213e-5
重慶市私立新民小學,ORG,5,0.001589319771137953,3.584330563355324e-5,4179.3333333329265,3.5684973057845344e-5
國府,ORG,7,0.0022250476795931343,3.6046440072104686e-5,26152.500000000233,3.570280981113214e-5
胡宗懋,PERSON,3,9.535918626827717e-4,5.639760458062969e-6,3.4000000000000012,3.2102728731942213e-5
浙江省立圖書館,ORG,5,0.001589319771137953,3.584330563355764e-5,4179.3333333329265,3.5684973057845344e-5
杜家坤,PERSON,3,9.535918626827717e-4,5.639760458064345e-6,3.4000000000000012,3.2102728731942213e-5
田時霖,PERSON,10,0.003178639542275906,6.621346990977634e-4,43851.81999999999,4.018323555412682e-5
竺泉通,PERSON,3,9.535918626827717e-4,5.639760458062695e-6,3.4000000000000012,3.2102728731942213e-5
金福明,PERSON,2,6.357279084551812e-4,3.575710618728901e-4,4.892572197442579,4.4931703810208485e-5
趙慰先,PERSON,23,0.007310870947234584,0.005720325294276251,174911.14979369965,5.359056806002143e-5
財政部稅警獨立第六營,ORG,14,0.004450095359186269,0.002745351370358326,80064.53481852746,5.0789781096043474e-5
魏之,PERSON,2,6.357279084551812e-4,3.575710618728896e-4,4.892572197442579,4.4931703810208485e-5
第二特區地方法院,ORG,22,0.006993006993006993,0.004085119861981277,210357.66739312073,5.232041019201591e-5
熊彙苹,PERSON,2,6.357279084551812e-4,3.5757106187289444e-4,4.892572197442579,4.4931703810208485e-5
高文麒,PERSON,2,6.357279084551812e-4,3.5757106187289434e-4,4.892572197442579,4.4931703810208485e-5
朱殿卿,PERSON,2,6.357279084551812e-4,3.575710618728841e-4,4.892572197442579,4.4931703810208485e-5
單毓華,PERSON,5,0.001589319771137953,3.6101487962729174e-4,182570.4192320641,4.7650814828933574e-5
葛肇基,PERSON,16,0.0050858232676414495,3.747260531388992e-4,88884.02084983769,4.797083373309028e-5
費席珍,PERSON,11,0.0034965034965034965,3.729011534217197e-4,36087.250416259754,4.52447742285766e-5
熊推事,PERSON,2,6.357279084551812e-4,3.5757106187288707e-4,4.892572197442579,4.4931703810208485e-5
文云,PERSON,12,0.003814367450731087,0.04130666386395488,100011.15078062317,5.048975058063213e-5
吕若望,PERSON,10,0.003178639542275906,7.798443154754036e-4,15364.3995204938,4.682963379226374e-5
錢芳享,PERSON,2,6.357279084551812e-4,3.5757106187288816e-4,4.892572197442579,4.4931703810208485e-5
賀寀唐,PERSON,4,0.0012714558169103624,5.244550421209123e-5,950.3048982032963,4.362621062734491e-5
賀君,PERSON,4,0.0012714558169103624,5.2445504212103564e-5,950.3048982032963,4.362621062734491e-5
寗波同鄉會,ORG,12,0.003814367450731087,2.521237546306251e-4,26878.078555784432,4.683182690956774e-5
定海同鄉會,ORG,7,0.0022250476795931343,2.4563012795506624e-4,1365.7866886095705,4.2399830400678394e-5
旅滬同鄉會,ORG,7,0.0022250476795931343,2.4563012795507215e-4,1365.7866886095705,4.2399830400678394e-5
袁伯夔,PERSON,4,0.0012714558169103624,5.24455042121046e-5,950.3048982032963,4.362621062734491e-5
陳布雷,PERSON,4,0.0012714558169103624,5.2445504212104296e-5,950.3048982032963,4.362621062734491e-5
潘公展,PERSON,4,0.0012714558169103624,5.244550421210212e-5,950.3048982032963,4.362621062734491e-5
劉鴻生,PERSON,4,0.0012714558169103624,5.244550421210434e-5,950.3048982032963,4.362621062734491e-5
張培棛,PERSON,4,0.0012714558169103624,1.0169381179108328e-4,13723.85758767287,4.5442152140325365e-5
銀行,ORG,10,0.003178639542275906,3.231212700480982e-5,53197.950000000004,3.982952961325527e-5
李彩弟,PERSON,4,0.0012714558169103624,1.0169381179107409e-4,13723.85758767287,4.5442152140325365e-5
張秉宜,PERSON,4,0.0012714558169103624,1.0169381179109802e-4,13723.85758767287,4.5442152140325365e-5
法捕房,ORG,100,0.03178639542275906,0.0015680697631050042,444665.67606668244,5.060984867655246e-5
張培楨,PERSON,4,0.0012714558169103624,1.016938117910954e-4,13723.85758767287,4.5442152140325365e-5
特二法院刑八庭,ORG,6,0.0019071837253655435,3.194165939467491e-5,3.75,3.9775665248001276e-5
張民生,PERSON,4,0.0012714558169103624,1.01693811791079e-4,13723.85758767287,4.5442152140325365e-5
警務處,ORG,15,0.004767959313413859,3.1027396470130914e-4,52739.97955666124,4.647920055775041e-5
袁家璜,PERSON,4,0.0012714558169103624,1.0169381179111457e-4,13723.85758767287,4.5442152140325365e-5
潘序倫,PERSON,5,0.001589319771137953,5.625435421731991e-7,40394.30769230936,3.925262992620505e-5
陳景新,PERSON,4,0.0012714558169103624,5.609539974415431e-7,2786.307692307394,3.9215686274509805e-5
俞鳳賓,PERSON,4,0.0012714558169103624,5.609539974337838e-7,2786.307692307394,3.9215686274509805e-5
馮秋,PERSON,4,0.0012714558169103624,5.609539974281739e-7,2786.307692307394,3.9215686274509805e-5
張振遠,PERSON,6,0.0019071837253655435,5.764354542841493e-7,8484.574358974567,3.922183871979918e-5
上海總商會,ORG,21,0.006675143038779402,9.533180741192297e-6,144071.30489340101,4.466479074545536e-5
朱景逸,PERSON,6,0.0019071837253655435,5.764354542783331e-7,8484.574358974567,3.922183871979918e-5
周浩坤,PERSON,4,0.0012714558169103624,5.609539974406834e-7,2786.307692307394,3.9215686274509805e-5
宜興陶業,ORG,13,0.004132231404958678,3.850778497194809e-7,60.59999999999999,3.497359493582345e-5
馬崇　之,PERSON,4,0.0012714558169103624,5.60953997437713e-7,2786.307692307394,3.9215686274509805e-5
徐匡廬,PERSON,4,0.0012714558169103624,5.609539974443072e-7,2786.307692307394,3.9215686274509805e-5
楊雨生,PERSON,6,0.0019071837253655435,5.764354542797602e-7,8484.574358974567,3.922183871979918e-5
屠廣鈞,PERSON,4,0.0012714558169103624,5.609539974294033e-7,2786.307692307394,3.9215686274509805e-5
謝月齋,PERSON,4,0.0012714558169103624,5.609539974346393e-7,2786.307692307394,3.9215686274509805e-5
永茂昌,ORG,27,0.008582326764144946,4.1224026794652195e-7,27333.19999999768,3.500787677227376e-5
崑崙　酒公司,ORG,13,0.004132231404958678,3.85077849715986e-7,60.59999999999999,3.497359493582345e-5
王敦慶,PERSON,6,0.0019071837253655435,5.76435454288762e-7,8484.574358974567,3.922183871979918e-5
上海特別市公安局,ORG,5,0.001589319771137953,1.597748017113816e-5,8686.045789071744,3.939644644053106e-5
周根瑞,PERSON,5,0.001589319771137953,8.296931830252913e-6,80.44030022265311,3.5129628328532286e-5
朱葆三 路　姆飯店,ORG,5,0.001589319771137953,1.597748017113945e-5,8686.045789071744,3.939644644053106e-5
濤濤,PERSON,7,0.0022250476795931343,2.537675561972237e-6,18842.6,3.507295173961841e-5
麥萊梅,PERSON,3,9.535918626827717e-4,2.509234439218001e-6,0.6000000000000001,3.5058196606366565e-5
貴公堂,ORG,5,0.001589319771137953,1.5977480171132774e-5,8686.045789071744,3.939644644053106e-5
中華義勇隊,ORG,31,0.009853782581055308,0.0013353261718918512,18192.96456454248,4.977848573846384e-5
中法銀公司,ORG,30,0.009535918626827717,0.0013118667221295782,18824.01420026706,4.9773530436513865e-5
魏廷榮,PERSON,43,0.013668150031786395,0.006388949801661407,582676.9311269827,5.880277549100318e-5
王魁·朱竟成,PERSON,4,0.0012714558169103624,1.9742787701551546e-4,505.08573159566424,4.4286979627989374e-5
朱鳳翔·唐世良,PERSON,4,0.0012714558169103624,1.9742787701553183e-4,505.08573159566424,4.4286979627989374e-5
羽黨,ORG,6,0.0019071837253655435,5.167276155771615e-4,1004.8306885981443,4.965489845573266e-5
財政部,ORG,50,0.01589319771137953,0.003540338582665354,589768.8466769431,5.686664771111743e-5
義勇隊,ORG,5,0.001589319771137953,0.0013936097143684787,221.99710489400184,4.964996772752098e-5
趙爲,PERSON,7,0.0022250476795931343,0.004837345879686614,23204.19096501779,5.235053921055387e-5
吕若望·蔡維才·陳仲衡·朱竟成,PERSON,7,0.0022250476795931343,0.004837345879686592,23204.19096501779,5.235053921055387e-5
趙適,PERSON,7,0.0022250476795931343,0.004837345879686604,23204.19096501779,5.235053921055387e-5
最高法院,ORG,7,0.0022250476795931343,0.001401419188845729,15927.247104893786,4.967463116586359e-5
軍事,ORG,5,0.001589319771137953,0.0013936097143684868,221.99710489400184,4.964996772752098e-5
江蘇高等法院第三分院,ORG,5,0.001589319771137953,0.0013936097143684859,221.99710489400184,4.964996772752098e-5
淞滬警備司令部,ORG,21,0.006675143038779402,0.07919728734964929,408359.52169890166,5.415064710023285e-5
黃愛珍,PERSON,1,3.178639542275906e-4,2.631603596911321e-6,0,3.731900283624421e-5
蔣畢峯,PERSON,1,3.178639542275906e-4,2.6316035969117423e-6,0,3.731900283624421e-5
黃文魁,PERSON,1,3.178639542275906e-4,2.6316035969116347e-6,0,3.731900283624421e-5
胡覺,PERSON,1,3.178639542275906e-4,2.6316035969161744e-6,0,3.731900283624421e-5
第一特院,ORG,18,0.00572155117609663,5.026998708861142e-5,37664,4.228151029554776e-5
馮氏,PERSON,1,3.178639542275906e-4,2.6316035969148246e-6,0,3.731900283624421e-5
第十四小學,ORG,20,0.006357279084551812,0.8340827510111967,3292.2777777779265,4.692852785208128e-5
戴琪瑞,PERSON,18,0.00572155117609663,0.7859471487154143,7.65,4.095004095004095e-5
第十九小學,ORG,20,0.006357279084551812,0.8340827510111963,3292.2777777779265,4.692852785208128e-5
王振新,PERSON,18,0.00572155117609663,0.7859471487154142,7.65,4.095004095004095e-5
第二十小學,ORG,20,0.006357279084551812,0.8340827510111971,3292.2777777779265,4.692852785208128e-5
吳月秋,PERSON,18,0.00572155117609663,0.7859471487154142,7.65,4.095004095004095e-5
第二十二小學,ORG,20,0.006357279084551812,0.8340827510111969,3292.2777777779265,4.692852785208128e-5
惠瑾,PERSON,18,0.00572155117609663,0.7859471487154142,7.65,4.095004095004095e-5
第二十三小畢,ORG,20,0.006357279084551812,0.8340827510111967,3292.2777777779265,4.692852785208128e-5
錢軼家,PERSON,18,0.00572155117609663,0.7859471487154145,7.65,4.095004095004095e-5
第十一小學,ORG,20,0.006357279084551812,0.8340827510111972,3292.2777777779265,4.692852785208128e-5
陳承芝,PERSON,18,0.00572155117609663,0.7859471487154143,7.65,4.095004095004095e-5
第十二小學,ORG,20,0.006357279084551812,0.8340827510111967,3292.2777777779265,4.692852785208128e-5
洪士英,PERSON,18,0.00572155117609663,0.7859471487154142,7.65,4.095004095004095e-5
第十五小學,ORG,20,0.006357279084551812,0.8340827510111968,3292.2777777779265,4.692852785208128e-5
郭珊霞,PERSON,18,0.00572155117609663,0.7859471487154142,7.65,4.095004095004095e-5
第十六小學,ORG,20,0.006357279084551812,0.8340827510111968,3292.2777777779265,4.692852785208128e-5
孫家型,PERSON,18,0.00572155117609663,0.7859471487154144,7.65,4.095004095004095e-5
第十七小學,ORG,20,0.006357279084551812,0.8340827510111962,3292.2777777779265,4.692852785208128e-5
王宜華,PERSON,18,0.00572155117609663,0.7859471487154143,7.65,4.095004095004095e-5
第二十一小學,ORG,20,0.006357279084551812,0.8340827510111963,3292.2777777779265,4.692852785208128e-5
陸根深,PERSON,18,0.00572155117609663,0.7859471487154144,7.65,4.095004095004095e-5
第二十四小學,ORG,20,0.006357279084551812,0.8340827510111966,3292.2777777779265,4.692852785208128e-5
陶家芬,PERSON,18,0.00572155117609663,0.7859471487154142,7.65,4.095004095004095e-5
第二十五小學,ORG,20,0.006357279084551812,0.8340827510111966,3292.2777777779265,4.692852785208128e-5
第八小學,ORG,20,0.006357279084551812,0.8340827510111968,3292.2777777779265,4.692852785208128e-5
石立言,PERSON,18,0.00572155117609663,0.7859471487154142,7.65,4.095004095004095e-5
第十小學,ORG,20,0.006357279084551812,0.8340827510111968,3292.2777777779265,4.692852785208128e-5
金承雲,PERSON,18,0.00572155117609663,0.7859471487154139,7.65,4.095004095004095e-5
侯景柳,PERSON,18,0.00572155117609663,0.7859471487154143,7.65,4.095004095004095e-5
第三十五小學,ORG,20,0.006357279084551812,0.8340827510111963,3292.2777777779265,4.692852785208128e-5
包麗君,PERSON,18,0.00572155117609663,0.7859471487154143,7.65,4.095004095004095e-5
第三十八小學,ORG,20,0.006357279084551812,0.8340827510111968,3292.2777777779265,4.692852785208128e-5
應澄娟,PERSON,18,0.00572155117609663,0.7859471487154144,7.65,4.095004095004095e-5
方萍,PERSON,18,0.00572155117609663,0.7859471487154143,7.65,4.095004095004095e-5
振濟委員會,ORG,20,0.006357279084551812,0.8340827510111972,3292.2777777779265,4.692852785208128e-5
馬公相伯,PERSON,18,0.00572155117609663,0.7859471487154143,7.65,4.095004095004095e-5
法租界中華義勇隊,ORG,7,0.0022250476795931343,5.109125430813594e-4,1398.2877604956002,4.965983016338084e-5
華商電氣公司,ORG,3,9.535918626827717e-4,3.984673757045166e-4,415.0209471320055,4.9640109208240255e-5
楊和尙,PERSON,4,0.0012714558169103624,1.983684352468352e-4,195.09265927772023,4.37368789363191e-5
法工部,ORG,7,0.0022250476795931343,6.024370064208588e-4,691.137931251012,4.965983016338084e-5
朱金成,PERSON,11,0.0034965034965034965,4.2357500257695887e-4,14155.728295147197,4.797543657647284e-5
特二監獄,ORG,7,0.0022250476795931343,6.024370064208713e-4,691.137931251012,4.965983016338084e-5
二監獄,ORG,7,0.0022250476795931343,6.024370064208861e-4,691.137931251012,4.965983016338084e-5
邱煥瀛,PERSON,6,0.0019071837253655435,2.808231399665147e-4,804.3490485481718,4.4790826838663444e-5
呂若望,PERSON,11,0.0034965034965034965,8.836826173200285e-4,23689.521307655516,4.860031104199067e-5
行赤十字會,ORG,11,0.0034965034965034965,4.845638798567173e-5,5013.228207319861,4.509582863585119e-5
沈仲禮,PERSON,17,0.00540368722186904,7.104657480692433e-4,108110.84159891958,4.825323296660876e-5
江趨丹,PERSON,7,0.0022250476795931343,1.775663942068264e-5,1.9090909090909092,3.951319740793425e-5
紅會,ORG,11,0.0034965034965034965,4.845638798565412e-5,5013.228207319861,4.509582863585119e-5
紅十字會,ORG,11,0.0034965034965034965,4.845638798568934e-5,5013.228207319861,4.509582863585119e-5
仲禮,PERSON,7,0.0022250476795931343,1.7756639420672735e-5,1.9090909090909092,3.951319740793425e-5
朱葆三 ·汪漢溪·施子英,PERSON,7,0.0022250476795931343,1.7756639420672735e-5,1.9090909090909092,3.951319740793425e-5
王桂哈洪,PERSON,7,0.0022250476795931343,1.7756639420669432e-5,1.9090909090909092,3.951319740793425e-5
國紅會,ORG,11,0.0034965034965034965,4.845638798566733e-5,5013.228207319861,4.509582863585119e-5
敦和,PERSON,7,0.0022250476795931343,1.7756639420681538e-5,1.9090909090909092,3.951319740793425e-5
施子英,PERSON,10,0.003178639542275906,5.082096532506347e-5,13490.005188675816,4.690871563936579e-5
常議會,ORG,11,0.0034965034965034965,4.845638798568934e-5,5013.228207319861,4.509582863585119e-5
佩珍,PERSON,10,0.003178639542275906,2.2294260377707578e-5,47319.19507636132,4.682963379226374e-5
汪漢溪,PERSON,7,0.0022250476795931343,1.775663942069144e-5,1.9090909090909092,3.951319740793425e-5
龍標,PERSON,7,0.0022250476795931343,1.775663942068484e-5,1.9090909090909092,3.951319740793425e-5
朱公,PERSON,7,0.0022250476795931343,1.7756639420676035e-5,1.9090909090909092,3.951319740793425e-5
傷兵,ORG,11,0.0034965034965034965,4.845638798567833e-5,5013.228207319861,4.509582863585119e-5
太古洋行,ORG,11,0.0034965034965034965,4.845638798569814e-5,5013.228207319861,4.509582863585119e-5
葉傳習,PERSON,6,0.0019071837253655435,7.870371651436751e-5,8618.294787767107,4.8657065005838845e-5
劉四福,PERSON,6,0.0019071837253655435,7.870371651435803e-5,8618.294787767107,4.8657065005838845e-5
陳菊生,PERSON,6,0.0019071837253655435,7.870371651438361e-5,8618.294787767107,4.8657065005838845e-5
淸潔公司　　中央儲蓄會,ORG,12,0.003814367450731087,4.9441106823097544e-5,11,4.2238648363252374e-5
陳惠章,PERSON,6,0.0019071837253655435,7.870371651436601e-5,8618.294787767107,4.8657065005838845e-5
英國水手總會,ORG,12,0.003814367450731087,4.944110682308798e-5,11,4.2238648363252374e-5
陳歐,PERSON,6,0.0019071837253655435,7.870371651439764e-5,8618.294787767107,4.8657065005838845e-5
仁濟醫院,ORG,25,0.007946598855689765,7.028225224067762e-4,170831.65748122707,5.0945030312293034e-5
張宗儒,PERSON,6,0.0019071837253655435,7.870371651436476e-5,8618.294787767107,4.8657065005838845e-5
魏·張·二,PERSON,6,0.0019071837253655435,7.870371651438113e-5,8618.294787767107,4.8657065005838845e-5
王祖冀,PERSON,6,0.0019071837253655435,7.870371651435252e-5,8618.294787767107,4.8657065005838845e-5
李阿四,PERSON,6,0.0019071837253655435,7.870371651435706e-5,8618.294787767107,4.8657065005838845e-5
周日,PERSON,6,0.0019071837253655435,7.870371651436751e-5,8618.294787767107,4.8657065005838845e-5
陳學忠,PERSON,6,0.0019071837253655435,7.87037165143539e-5,8618.294787767107,4.8657065005838845e-5
陳張,PERSON,6,0.0019071837253655435,7.870371651436972e-5,8618.294787767107,4.8657065005838845e-5
海軍部海道測量局,ORG,12,0.003814367450731087,4.944110682308427e-5,11,4.2238648363252374e-5
中國救濟婦孺總會,ORG,3,9.535918626827717e-4,1.3850494223028207e-4,1653.6491228609107,4.2457436419988964e-5
徐乾麟,PERSON,2,6.357279084551812e-4,1.4501300886277274e-5,0.3333333333333333,3.7458795325142346e-5
虞洽卿,PERSON,17,0.00540368722186904,0.0017191141418809411,82943.5924190195,4.749691270067446e-5
王一亭,PERSON,17,0.00540368722186904,9.121636045761376e-4,158059.43723756995,4.890453834115806e-5
中國救濟婦孺會,ORG,3,9.535918626827717e-4,1.3850494223027326e-4,1653.6491228609107,4.2457436419988964e-5
上海道,ORG,4,0.0012714558169103624,7.268386580303536e-6,1.5999999999999996,4.101218061764344e-5
麟桂,PERSON,6,0.0019071837253655435,3.3536178781715274e-5,19323.141933471576,4.7063253012048195e-5
洽卿,PERSON,8,0.0025429116338207248,3.823520895618419e-5,21726.566115375277,4.7072114479382414e-5
萬國商團,ORG,4,0.0012714558169103624,7.268386580299718e-6,1.5999999999999996,4.101218061764344e-5
萬國商團中華隊,ORG,4,0.0012714558169103624,7.268386580301713e-6,1.5999999999999996,4.101218061764344e-5
愛而考克,PERSON,6,0.0019071837253655435,3.353617878170826e-5,19323.141933471576,4.7063253012048195e-5
上海工部局,ORG,4,0.0012714558169103624,7.268386580294904e-6,1.5999999999999996,4.101218061764344e-5
梅家衖,PERSON,6,0.0019071837253655435,3.353617878169863e-5,19323.141933471576,4.7063253012048195e-5
臧金鳳,PERSON,4,0.0012714558169103624,8.946034872481677e-8,7911.477922891363,3.707823507601038e-5
張旦平,PERSON,4,0.0012714558169103624,8.946034872827706e-8,7911.477922891363,3.707823507601038e-5
交通銀行,ORG,15,0.004767959313413859,4.008637037884692e-8,57592.311613600774,3.411688444611238e-5
浙江興業銀行,ORG,10,0.003178639542275906,1.5938913135915456e-6,85241.94009895742,4.1174290772841436e-5
唐推事,PERSON,4,0.0012714558169103624,8.946034874427799e-8,7911.477922891363,3.707823507601038e-5
施田乃,PERSON,4,0.0012714558169103624,8.946034873694761e-8,7911.477922891363,3.707823507601038e-5
沈義林,PERSON,4,0.0012714558169103624,8.946034873388828e-8,7911.477922891363,3.707823507601038e-5
正祥營業公司,ORG,8,0.0025429116338207248,3.746556368246079e-8,7,3.3221487658217334e-5
張祥卿,PERSON,4,0.0012714558169103624,8.946034874465233e-8,7911.477922891363,3.707823507601038e-5
郁德寶,PERSON,4,0.0012714558169103624,8.946034873779676e-8,7911.477922891363,3.707823507601038e-5
李變,PERSON,4,0.0012714558169103624,8.946034874091416e-8,7911.477922891363,3.707823507601038e-5
晨安里,ORG,1,3.178639542275906e-4,1.400659361011351e-7,0,3.3412409368839586e-5
蕙芳工業社,ORG,1,3.178639542275906e-4,1.4006593610012328e-7,0,3.3412409368839586e-5
市大東門火神廟街保衛團第六隊,ORG,1,3.178639542275906e-4,1.4006593610397016e-7,0,3.3412409368839586e-5
吳淞江,PERSON,7,0.0022250476795931343,2.675597801861173e-6,18855.000000000004,3.7335722819593785e-5
江濱飯店,ORG,1,3.178639542275906e-4,1.4006593610153435e-7,0,3.3412409368839586e-5
GambrinusTavern,ORG,1,3.178639542275906e-4,1.4006593610106176e-7,0,3.3412409368839586e-5
寳芳唱機公司,ORG,1,3.178639542275906e-4,1.400659361066843e-7,0,3.3412409368839586e-5
肌務　史卡,PERSON,3,9.535918626827717e-4,1.322143012821702e-8,28240.999999999985,3.59401955146636e-5
義軍,ORG,3,9.535918626827717e-4,2.5116345737425894e-7,31986.19999999594,4.049074786411305e-5
法國　船公司,ORG,1,3.178639542275906e-4,6.921339002714282e-10,0,3.2290354871000035e-5
法租界警務處,ORG,8,0.0025429116338207248,7.056706627673769e-10,21993.999999999993,3.2304958811177516e-5
俄東方語言學院,ORG,7,0.0022250476795931343,3.3978621963441997e-10,2.333333333333334,2.8176157335662564e-5
帝俄使館,ORG,7,0.0022250476795931343,3.397862109746551e-10,2.333333333333334,2.8176157335662564e-5
帝俄駐滬領事館,ORG,7,0.0022250476795931343,3.397862192613288e-10,2.333333333333334,2.8176157335662564e-5
梅氏卽,PERSON,9,0.002860775588048315,9.27248166759546e-10,3583.4285714282387,3.090425860683602e-5
丹麥,ORG,7,0.0022250476795931343,3.397862182209551e-10,2.333333333333334,2.8176157335662564e-5
美發保險公司,ORG,7,0.0022250476795931343,3.3978620500909317e-10,2.333333333333334,2.8176157335662564e-5
義泰興煤號,ORG,7,0.0022250476795931343,3.397862045609056e-10,2.333333333333334,2.8176157335662564e-5
沈錦洲,PERSON,9,0.002860775588048315,9.272481657223837e-10,3583.4285714282387,3.090425860683602e-5
中華煤球公司,ORG,11,0.0034965034965034965,1.4994390323810436e-8,51659.33333333334,3.421259707824421e-5
顧阿毛,PERSON,9,0.002860775588048315,9.272481416891798e-10,3583.4285714282387,3.090425860683602e-5
沈循例,PERSON,9,0.002860775588048315,9.27248161137244e-10,3583.4285714282387,3.090425860683602e-5
阿毛,PERSON,9,0.002860775588048315,9.272481589534225e-10,3583.4285714282387,3.090425860683602e-5
捕房,ORG,7,0.0022250476795931343,3.397862162468721e-10,2.333333333333334,2.8176157335662564e-5
曾飭,PERSON,9,0.002860775588048315,9.272481548117329e-10,3583.4285714282387,3.090425860683602e-5
沈之,PERSON,9,0.002860775588048315,9.272481655638631e-10,3583.4285714282387,3.090425860683602e-5
上海領事團,ORG,7,0.0022250476795931343,3.397862179529337e-10,2.333333333333334,2.8176157335662564e-5
山東同鄉會,ORG,2,6.357279084551812e-4,7.809474477249292e-6,0.25,3.786014462575247e-5
吳作鈞,PERSON,4,0.0012714558169103624,7.458991574638241e-5,4714.5,4.2973785990545764e-5
工務局,ORG,2,6.357279084551812e-4,7.809474477243271e-6,0.25,3.786014462575247e-5
誠明文學院,ORG,2,6.357279084551812e-4,7.809474477244594e-6,0.25,3.786014462575247e-5
蔣維喬,PERSON,4,0.0012714558169103624,7.458991574637654e-5,4714.5,4.2973785990545764e-5
南京衞　司,ORG,3,9.535918626827717e-4,3.8416168894631165e-6,0.5,3.349522693016245e-5
市公良局,ORG,3,9.535918626827717e-4,3.841616889464952e-6,0.5,3.349522693016245e-5
財內國政公債部,ORG,3,9.535918626827717e-4,3.84161688946032e-6,0.5,3.349522693016245e-5
鍾榮光,PERSON,6,0.0019071837253655435,2.446138818935113e-5,5234.999999999809,3.74335554390956e-5
僑務局,ORG,3,9.535918626827717e-4,3.841616889464099e-6,0.5,3.349522693016245e-5
郁震東,PERSON,6,0.0019071837253655435,2.4461388189361933e-5,5234.999999999809,3.74335554390956e-5
部局,ORG,3,9.535918626827717e-4,3.841616889469699e-6,0.5,3.349522693016245e-5
第二特院,ORG,11,0.0034965034965034965,9.407865742899574e-4,4039.5978357903414,4.9679566794177554e-5
元泰洋貨,ORG,7,0.0022250476795931343,8.931168094362034e-4,833.9358692992857,4.965983016338084e-5
李維才,PERSON,6,0.0019071837253655435,3.634243328405736e-4,298.5498600848098,4.377517072316582e-5
財政部稅普獨立團第六營,ORG,7,0.0022250476795931343,8.931168094361632e-4,833.9358692992857,4.965983016338084e-5
孤星戲劇影片公司,ORG,20,0.006357279084551812,4.3277965928531796e-12,28219.699999999997,2.6640381490262942e-5
孤星公司,ORG,20,0.006357279084551812,4.3277467468129355e-12,28219.699999999997,2.6640381490262942e-5
黄文駿,PERSON,2,6.357279084551812e-4,4.5312471794886294e-13,0.05,2.4582104228121928e-5
陸福曜,PERSON,5,0.001589319771137953,3.725740487068584e-11,31252.478571428586,2.904443799012489e-5
包玉露,PERSON,5,0.001589319771137953,3.725739713789794e-11,31252.478571428586,2.904443799012489e-5
李梅君,PERSON,2,6.357279084551812e-4,4.5312319436569906e-13,0.05,2.4582104228121928e-5
羅慧因,PERSON,2,6.357279084551812e-4,4.531254474612773e-13,0.05,2.4582104228121928e-5
祝菊紅,PERSON,2,6.357279084551812e-4,4.5312608845898165e-13,0.05,2.4582104228121928e-5
尹曉霞,PERSON,2,6.357279084551812e-4,4.5312667203306526e-13,0.05,2.4582104228121928e-5
王少白,PERSON,2,6.357279084551812e-4,4.5313150887509995e-13,0.05,2.4582104228121928e-5
章擁翠,PERSON,2,6.357279084551812e-4,4.5311336171753697e-13,0.05,2.4582104228121928e-5
周天悲,PERSON,2,6.357279084551812e-4,4.5312566815132483e-13,0.05,2.4582104228121928e-5
蔣呆兒,PERSON,2,6.357279084551812e-4,4.531267743264474e-13,0.05,2.4582104228121928e-5
湯桂枝,PERSON,2,6.357279084551812e-4,4.5311247711821173e-13,0.05,2.4582104228121928e-5
徐寒梅,PERSON,2,6.357279084551812e-4,4.53130897797411e-13,0.05,2.4582104228121928e-5
顧夢,PERSON,2,6.357279084551812e-4,4.5312615833316497e-13,0.05,2.4582104228121928e-5
沈翠花,PERSON,2,6.357279084551812e-4,4.531302552974296e-13,0.05,2.4582104228121928e-5
胡國珍,PERSON,2,6.357279084551812e-4,4.531218476526233e-13,0.05,2.4582104228121928e-5
施文韻,PERSON,2,6.357279084551812e-4,4.531294729548871e-13,0.05,2.4582104228121928e-5
施春軒,PERSON,2,6.357279084551812e-4,4.531255448583321e-13,0.05,2.4582104228121928e-5
施春娥,PERSON,2,6.357279084551812e-4,4.531220347512456e-13,0.05,2.4582104228121928e-5
范松林,PERSON,2,6.357279084551812e-4,4.531156927792931e-13,0.05,2.4582104228121928e-5
朱公葆三,PERSON,3,9.535918626827717e-4,4.537620957031835e-6,19736.464097970656,4.636928498562552e-5
祥麟,PERSON,3,9.535918626827717e-4,4.5376209570315775e-6,19736.464097970656,4.636928498562552e-5
６３０３君,PERSON,3,9.535918626827717e-4,4.53762095703088e-6,19736.464097970656,4.636928498562552e-5
上海康成造酒廠,ORG,6,0.0019071837253655435,2.1783977786793845e-5,71294.1431998233,4.953683063357606e-5
兜安氏,ORG,8,0.0025429116338207248,5.5362365390489996e-5,56344.54881109195,4.9561381771323785e-5
翁振夫,PERSON,1,3.178639542275906e-4,3.6941444699540386e-11,0,2.932551319648094e-5
翁聞判,PERSON,1,3.178639542275906e-4,3.6941438196148596e-11,0,2.932551319648094e-5
翁聞,PERSON,1,3.178639542275906e-4,3.694143730028524e-11,0,2.932551319648094e-5
翁同,PERSON,1,3.178639542275906e-4,3.694143449920428e-11,0,2.932551319648094e-5
孫振夫,PERSON,1,3.178639542275906e-4,3.694143502788506e-11,0,2.932551319648094e-5
趙士嘉,PERSON,1,3.178639542275906e-4,3.6941433942323395e-11,0,2.932551319648094e-5
顧彩琴,PERSON,1,3.178639542275906e-4,3.6941432156808186e-11,0,2.932551319648094e-5
大美煙公司,ORG,1,3.178639542275906e-4,2.2447600614593486e-8,0,3.6806654643159485e-5
花旗煙公司,ORG,1,3.178639542275906e-4,2.2447600614571384e-8,0,3.6806654643159485e-5
康成造酒廠,ORG,36,0.01144310235219326,7.532187220333336e-6,228803.73997942443,4.523454109558059e-5
無敵,ORG,4,0.0012714558169103624,4.1882329279996287e-7,12987.217137413647,4.234238048863107e-5
惠詩客酒,ORG,1,3.178639542275906e-4,2.2447600616092367e-8,0,3.6806654643159485e-5
顧　滿洋,PERSON,10,0.003178639542275906,4.288034084175257e-7,26971.260521747095,4.1625041625041625e-5
東廣生祥闗店,ORG,1,3.178639542275906e-4,2.2447600613343858e-8,0,3.6806654643159485e-5
金鞏伯,PERSON,1,3.178639542275906e-4,3.15151398342273e-5,0,4.596010662744738e-5
袁樹勛,PERSON,1,3.178639542275906e-4,3.151513983422909e-5,0,4.596010662744738e-5
周金箴,PERSON,3,9.535918626827717e-4,3.3064325904380415e-5,528.0787859033843,4.5968557506665444e-5
董子明,PERSON,1,3.178639542275906e-4,3.151513983422853e-5,0,4.596010662744738e-5
老子,PERSON,1,3.178639542275906e-4,3.151513983420405e-5,0,4.596010662744738e-5
高誼,PERSON,7,0.0022250476795931343,7.67279464271239e-6,8150.161235991395,4.6279155868196966e-5
上海濟生會,ORG,9,0.002860775588048315,3.614995673277234e-6,5.1428571428571415,4.042527388123055e-5
儲希,PERSON,7,0.0022250476795931343,7.672794642699494e-6,8150.161235991395,4.6279155868196966e-5
曹受熙,PERSON,7,0.0022250476795931343,7.672794642717754e-6,8150.161235991395,4.6279155868196966e-5
萬萊洋行,ORG,10,0.003178639542275906,3.6260782754436568e-6,55184.99572112994,4.134794293983874e-5
法租界會審公堂,ORG,9,0.002860775588048315,3.614995673279607e-6,5.1428571428571415,4.042527388123055e-5
錢慶長君,PERSON,7,0.0022250476795931343,7.67279464271122e-6,8150.161235991395,4.6279155868196966e-5
錢君,PERSON,7,0.0022250476795931343,7.672794642696365e-6,8150.161235991395,4.6279155868196966e-5
錢慶長,PERSON,7,0.0022250476795931343,7.672794642702382e-6,8150.161235991395,4.6279155868196966e-5
王家振,PERSON,7,0.0022250476795931343,7.67279464270589e-6,8150.161235991395,4.6279155868196966e-5
五洲藥房,ORG,13,0.004132231404958678,2.585925914421896e-5,17437.23977043118,4.826953709513926e-5
上海中法藥房,ORG,13,0.004132231404958678,2.5859259144198394e-5,17437.23977043118,4.826953709513926e-5
五洲大藥房,ORG,27,0.008582326764144946,8.037933282628007e-5,411556.6575651235,5.146945287971589e-5
勲　受杰,PERSON,7,0.0022250476795931343,7.672794642712492e-6,8150.161235991395,4.6279155868196966e-5
瑞　家琳,PERSON,7,0.0022250476795931343,7.672794642699975e-6,8150.161235991395,4.6279155868196966e-5
法領署,ORG,9,0.002860775588048315,3.6149956732797788e-6,5.1428571428571415,4.042527388123055e-5
威利公司,ORG,1,3.178639542275906e-4,5.999950511870163e-8,0,3.37325012649688e-5
捷發地產公司,ORG,4,0.0012714558169103624,6.051068351232123e-8,39960.995435096134,3.530200868429414e-5
顧蘭記,ORG,1,3.178639542275906e-4,5.9999505117021e-8,0,3.37325012649688e-5
地產部,ORG,5,0.001589319771137953,2.153278625356462e-5,77201.08964203723,4.1990342221289104e-5
百克房地產部,ORG,2,6.357279084551812e-4,6.033108353779265e-8,3142.9999999999995,3.373705340575554e-5
仁安醫院,ORG,2,6.357279084551812e-4,6.033108353774862e-8,3142.9999999999995,3.373705340575554e-5
沈菊人啟,PERSON,7,0.0022250476795931343,1.1461355164760395e-6,54841.42591045308,3.7735849056603776e-5
永安醫院,ORG,1,3.178639542275906e-4,5.999950512010785e-8,0,3.37325012649688e-5
大亨公司,ORG,8,0.0025429116338207248,1.5523431682018077e-5,35687.610682646744,4.633705574347806e-5
驥雲氏,PERSON,2,6.357279084551812e-4,3.760497875755355e-5,2032.555972534182,4.511006856730422e-5
陳澄,PERSON,2,6.357279084551812e-4,3.760497875754408e-5,2032.555972534182,4.511006856730422e-5
楊順生,PERSON,2,6.357279084551812e-4,3.760497875755089e-5,2032.555972534182,4.511006856730422e-5
鮑芳洲,PERSON,6,0.0019071837253655435,3.802176721683483e-5,14606.555972534257,4.5126353790613716e-5
孫覆武君,PERSON,27,0.008582326764144946,6.622492631645648e-5,105535.04672840078,5.121901249743905e-5
林秉心,PERSON,36,0.01144310235219326,7.713872406879061e-5,190732.1488179749,5.226845076311938e-5
蔡顯宗,PERSON,3,9.535918626827717e-4,8.238493338115986e-7,0.5,3.490157755130532e-5
大鮮,ORG,6,0.0019071837253655435,5.24583761064371e-6,4188.916666666311,3.9198776998157654e-5
樊壽堂,PERSON,4,0.0012714558169103624,4.845638791859912e-5,10983.499999999998,4.46907400786557e-5
紐約舞塲,ORG,6,0.0019071837253655435,5.24583761065813e-6,4188.916666666311,3.9198776998157654e-5
樊毛弟,PERSON,4,0.0012714558169103624,4.845638791860174e-5,10983.499999999998,4.46907400786557e-5
萬民醫院,ORG,6,0.0019071837253655435,5.245837610650561e-6,4188.916666666311,3.9198776998157654e-5
馬志民,PERSON,3,9.535918626827717e-4,8.23849333817228e-7,0.5,3.490157755130532e-5
陸惠林,PERSON,3,9.535918626827717e-4,8.238493338045323e-7,0.5,3.490157755130532e-5
朱阿大,PERSON,3,9.535918626827717e-4,8.238493338142383e-7,0.5,3.490157755130532e-5
惠司丁,ORG,27,0.008582326764144946,0.10930982738033537,56604.35319009147,5.110645474523432e-5
王曉籟,PERSON,20,0.006357279084551812,0.05335469353525127,334006.15484995546,5.236698785085882e-5
張伊雯,PERSON,9,0.002860775588048315,0.051435684870118965,18.557060157180814,4.4138418079096045e-5
黃莉芳,PERSON,9,0.002860775588048315,0.05143568487011902,18.557060157180814,4.4138418079096045e-5
潘秀娟,PERSON,9,0.002860775588048315,0.05143568487011906,18.557060157180814,4.4138418079096045e-5
燕萍,PERSON,12,0.003814367450731087,0.05189420143215421,90415.89039349045,4.425170369059209e-5
王啓梅,PERSON,9,0.002860775588048315,0.051435684870119014,18.557060157180814,4.4138418079096045e-5
李珍,PERSON,9,0.002860775588048315,0.051435684870119014,18.557060157180814,4.4138418079096045e-5
李秋萍,PERSON,9,0.002860775588048315,0.051435684870118965,18.557060157180814,4.4138418079096045e-5
陳梅芳,PERSON,9,0.002860775588048315,0.05143568487011899,18.557060157180814,4.4138418079096045e-5
楊娟娟,PERSON,12,0.003814367450731087,0.06150078346918503,17647.88602911221,4.593477262287552e-5
管敏莉,PERSON,9,0.002860775588048315,0.05143568487011899,18.557060157180814,4.4138418079096045e-5
鄧燕靑,PERSON,9,0.002860775588048315,0.051435684870119,18.557060157180814,4.4138418079096045e-5
嚴九九,PERSON,9,0.002860775588048315,0.05143568487011905,18.557060157180814,4.4138418079096045e-5
王美云,PERSON,3,9.535918626827717e-4,0.017166911207150207,0.1111111111111111,4.403734366742998e-5
陳美華,PERSON,3,9.535918626827717e-4,0.017166911207150193,0.1111111111111111,4.403734366742998e-5
李美華,PERSON,3,9.535918626827717e-4,0.0171669112071502,0.1111111111111111,4.403734366742998e-5
張莉娟,PERSON,9,0.002860775588048315,0.05143568487011903,18.557060157180814,4.4138418079096045e-5
金美珍,PERSON,3,9.535918626827717e-4,0.017166911207150203,0.1111111111111111,4.403734366742998e-5
劉桂珍,PERSON,9,0.002860775588048315,0.05143568487011902,18.557060157180814,4.4138418079096045e-5
唐莉,PERSON,3,9.535918626827717e-4,0.017166911207150196,0.1111111111111111,4.403734366742998e-5
顧莉華,PERSON,9,0.002860775588048315,0.051435684870119,18.557060157180814,4.4138418079096045e-5
陳秋霞,PERSON,9,0.002860775588048315,0.05143568487011899,18.557060157180814,4.4138418079096045e-5
蘇蟬,PERSON,3,9.535918626827717e-4,0.0171669112071502,0.1111111111111111,4.403734366742998e-5
富德樂九人大樂隊,ORG,27,0.008582326764144946,0.10930982738033532,56604.35319009147,5.110645474523432e-5
王徐遠,PERSON,9,0.002860775588048315,0.05143568487011899,18.557060157180814,4.4138418079096045e-5
永信棉布有限公司,ORG,27,0.008582326764144946,0.10930982738033541,56604.35319009147,5.110645474523432e-5
潘士浩,PERSON,6,0.0019071837253655435,0.02339769738833387,46437.88327953434,5.070993914807302e-5
董久峯,PERSON,6,0.0019071837253655435,0.023397697388333895,46437.88327953434,5.070993914807302e-5
上海全新石棉公司,ORG,4,0.0012714558169103624,2.1700672140090895e-5,3205.9850746378484,4.8033046736154476e-5
王獻公,PERSON,13,0.004132231404958678,1.7350373208166582e-5,5191.311195274728,4.7837734404898585e-5
孫履武,PERSON,63,0.020025429116338207,3.1776312358449386e-4,311627.9076306556,5.4147714966428416e-5
余親,PERSON,2,6.357279084551812e-4,2.283049411785011e-6,0.7105263157894736,4.1750167000668006e-5
龍東公司,ORG,2,6.357279084551812e-4,1.615461618403684e-5,316.96593642762974,4.87638367386746e-5
孟子,PERSON,6,0.0019071837253655435,6.480235382353976e-6,1893.3867433562307,4.528575310207409e-5
林元普,PERSON,39,0.012396694214876033,3.0211196594499975e-4,319543.4539510301,5.759041695461875e-5
無敵牌,ORG,3,9.535918626827717e-4,2.633996757846896e-7,2657.581126681463,4.17588842026141e-5
市商會,ORG,23,0.007310870947234584,0.0044797827689956205,43941.81923339206,5.027904872039821e-5
余華龍,PERSON,7,0.0022250476795931343,8.879065923693302e-8,62.060966001861026,3.556693697538768e-5
榮華襪,ORG,16,0.0050858232676414495,2.41406270817704e-7,6509.0719691191225,3.978832610512076e-5
王榮昌,PERSON,7,0.0022250476795931343,8.879065924799748e-8,62.060966001861026,3.556693697538768e-5
百克律師公館,ORG,23,0.007310870947234584,2.465285263306555e-7,40998.2719691191,3.982318505834097e-5
姚國來甫,PERSON,7,0.0022250476795931343,8.879065921766939e-8,62.060966001861026,3.556693697538768e-5
葉鐵生君,PERSON,7,0.0022250476795931343,8.879065924627248e-8,62.060966001861026,3.556693697538768e-5
朱承勛,PERSON,7,0.0022250476795931343,8.879065922536366e-8,62.060966001861026,3.556693697538768e-5
吳氏,PERSON,7,0.0022250476795931343,8.879065923456259e-8,62.060966001861026,3.556693697538768e-5
本乙一,PERSON,7,0.0022250476795931343,8.879065924272307e-8,62.060966001861026,3.556693697538768e-5
惠利貿易公司,ORG,16,0.0050858232676414495,2.4140627082202447e-7,6509.0719691191225,3.978832610512076e-5
嚴竹萍君,PERSON,7,0.0022250476795931343,8.879065924683039e-8,62.060966001861026,3.556693697538768e-5
村上法律事務,ORG,16,0.0050858232676414495,2.4140627079619616e-7,6509.0719691191225,3.978832610512076e-5
許勤甫,PERSON,7,0.0022250476795931343,8.879065924314355e-8,62.060966001861026,3.556693697538768e-5
金敬晞,PERSON,7,0.0022250476795931343,8.879065925255697e-8,62.060966001861026,3.556693697538768e-5
鄭錦雲,PERSON,7,0.0022250476795931343,8.879065924438624e-8,62.060966001861026,3.556693697538768e-5
吳健侯,PERSON,7,0.0022250476795931343,8.879065924624887e-8,62.060966001861026,3.556693697538768e-5
李濟華,PERSON,7,0.0022250476795931343,8.879065923857892e-8,62.060966001861026,3.556693697538768e-5
諸乞　鑒亮,PERSON,7,0.0022250476795931343,8.879065926050551e-8,62.060966001861026,3.556693697538768e-5
大同西菸行,ORG,17,0.00540368722186904,2.4255624273870124e-7,30494.93293668561,3.9992001599680064e-5
諸希　亮,PERSON,7,0.0022250476795931343,8.879065923876356e-8,62.060966001861026,3.556693697538768e-5
蘭州,ORG,16,0.0050858232676414495,2.414062708105778e-7,6509.0719691191225,3.978832610512076e-5
中庸商業銀行,ORG,16,0.0050858232676414495,2.4140627078960476e-7,6509.0719691191225,3.978832610512076e-5
務希,PERSON,16,0.0050858232676414495,3.27958315870527e-6,181941.28194232922,4.541738577527478e-5
令飭,PERSON,2,6.357279084551812e-4,6.829049757273853e-7,3145,3.6400698893418755e-5
三友事業社,ORG,1,3.178639542275906e-4,3.574966480490089e-8,0,3.266159323251788e-5
三四三　器械療法研究所,ORG,2,6.357279084551812e-4,7.505000893637338e-6,2.214493006706945,4.489337822671156e-5
幸福書局,ORG,2,6.357279084551812e-4,7.5050008936390405e-6,2.214493006706945,4.489337822671156e-5
三友實業社,ORG,10,0.003178639542275906,2.4271645099588438e-5,105885.15015506516,5.0273993263284905e-5
炎培,PERSON,4,0.0012714558169103624,1.6972573781498954e-5,14294.612401283299,3.856536829926726e-5
中共,ORG,3,9.535918626827717e-4,3.0529904713454164e-4,17302.835568812443,3.88123423248593e-5
共黨,ORG,2,6.357279084551812e-4,1.628791857172453e-5,13080.721062255576,4.053670598727148e-5
後方共產黨,ORG,1,3.178639542275906e-4,8.885040318845056e-7,0,3.4393809114359416e-5
申報館,ORG,14,0.004450095359186269,9.535377220492235e-8,5.055555555555558,3.5277101633329805e-5
黃子健,PERSON,18,0.00572155117609663,1.3010624543482013e-7,3793.4285714280572,3.963849690819724e-5
李純青,PERSON,18,0.00572155117609663,1.301062453810338e-7,3793.4285714280572,3.963849690819724e-5
僑聲報館,ORG,14,0.004450095359186269,9.535377216980992e-8,5.055555555555558,3.5277101633329805e-5
朱培璜,PERSON,18,0.00572155117609663,1.3010624537415576e-7,3793.4285714280572,3.963849690819724e-5
黃嘉歷,PERSON,18,0.00572155117609663,1.3010624546504915e-7,3793.4285714280572,3.963849690819724e-5
華僑銀行,ORG,14,0.004450095359186269,9.535377221056235e-8,5.055555555555558,3.5277101633329805e-5
陳維龍,PERSON,18,0.00572155117609663,1.3010624537642552e-7,3793.4285714280572,3.963849690819724e-5
中南銀行,ORG,14,0.004450095359186269,9.535377222063869e-8,5.055555555555558,3.5277101633329805e-5
莊友仁,PERSON,18,0.00572155117609663,1.301062453540375e-7,3793.4285714280572,3.963849690819724e-5
胡桂庚,PERSON,18,0.00572155117609663,1.3010624537762918e-7,3793.4285714280572,3.963849690819724e-5
華菲烟草公司,ORG,14,0.004450095359186269,9.53537721888965e-8,5.055555555555558,3.5277101633329805e-5
林朝聘,PERSON,18,0.00572155117609663,1.301062454247094e-7,3793.4285714280572,3.963849690819724e-5
華僑企業公司,ORG,14,0.004450095359186269,9.535377219900723e-8,5.055555555555558,3.5277101633329805e-5
桂華山,PERSON,18,0.00572155117609663,1.3010624540352502e-7,3793.4285714280572,3.963849690819724e-5
任忠誠,PERSON,18,0.00572155117609663,1.3010624547588206e-7,3793.4285714280572,3.963849690819724e-5
林庶明,PERSON,18,0.00572155117609663,1.301062454204794e-7,3793.4285714280572,3.963849690819724e-5
華通公司,ORG,14,0.004450095359186269,9.535377220045162e-8,5.055555555555558,3.5277101633329805e-5
泉榮,ORG,14,0.004450095359186269,9.535377221190357e-8,5.055555555555558,3.5277101633329805e-5
李克芽,PERSON,18,0.00572155117609663,1.3010624541332625e-7,3793.4285714280572,3.963849690819724e-5
陳祖康,PERSON,18,0.00572155117609663,1.3010624543406355e-7,3793.4285714280572,3.963849690819724e-5
上海泉漳會館,ORG,14,0.004450095359186269,9.53537722409977e-8,5.055555555555558,3.5277101633329805e-5
報館,ORG,14,0.004450095359186269,9.535377220361553e-8,5.055555555555558,3.5277101633329805e-5
大公報館,ORG,14,0.004450095359186269,9.535377223549526e-8,5.055555555555558,3.5277101633329805e-5
華僑企業公,ORG,14,0.004450095359186269,9.535377220330601e-8,5.055555555555558,3.5277101633329805e-5
興業里,ORG,14,0.004450095359186269,9.535377225747062e-8,5.055555555555558,3.5277101633329805e-5
卜宗道,PERSON,18,0.00572155117609663,1.3010624537346795e-7,3793.4285714280572,3.963849690819724e-5
泉榮行,ORG,16,0.0050858232676414495,8.643295108412297e-7,100747.69817215491,4.521408871004205e-5
本會館,ORG,14,0.004450095359186269,9.535377221860966e-8,5.055555555555558,3.5277101633329805e-5
緯昌紡織廠股份有限公司,ORG,14,0.004450095359186269,9.535377229643475e-8,5.055555555555558,3.5277101633329805e-5
緯昌紡織股份有限公司籌,ORG,14,0.004450095359186269,9.535377214277921e-8,5.055555555555558,3.5277101633329805e-5
福華煙草股份有限公司,ORG,14,0.004450095359186269,9.535377217386797e-8,5.055555555555558,3.5277101633329805e-5
務處,ORG,9,0.002860775588048315,2.783323053066364e-4,9515.552902205853,4.567252797442338e-5
特二院,ORG,21,0.006675143038779402,2.8931257189107677e-4,61309.07826705198,4.63155944606549e-5
張長根,PERSON,6,0.0019071837253655435,1.2303150973424001e-4,2054.405779094726,4.496807266840543e-5
顧守熙,PERSON,10,0.003178639542275906,1.2869723432052242e-4,267876.066186169,4.9975012493753125e-5
海軍陸戰隊,ORG,9,0.002860775588048315,2.7833230530664314e-4,9515.552902205853,4.567252797442338e-5
報云,PERSON,6,0.0019071837253655435,1.230315097342454e-4,2054.405779094726,4.496807266840543e-5
史密斯,PERSON,6,0.0019071837253655435,1.2303150973423205e-4,2054.405779094726,4.496807266840543e-5
張王氏,PERSON,8,0.0025429116338207248,0.004326901725578327,84872.55355300229,4.849190185239065e-5
徐根生,PERSON,6,0.0019071837253655435,1.2303150973424313e-4,2054.405779094726,4.496807266840543e-5
蔣阿寳,PERSON,6,0.0019071837253655435,1.2303150973423812e-4,2054.405779094726,4.496807266840543e-5
范步明,PERSON,6,0.0019071837253655435,1.2303150973423432e-4,2054.405779094726,4.496807266840543e-5
顧阿福,PERSON,6,0.0019071837253655435,1.2303150973426866e-4,2054.405779094726,4.496807266840543e-5
史致富,PERSON,3,9.535918626827717e-4,0.010065098599066095,0.16666666666666666,4.364906154517678e-5
韋偉,PERSON,3,9.535918626827717e-4,0.010065098599066093,0.16666666666666666,4.364906154517678e-5
曹慧麟,PERSON,14,0.004450095359186269,0.01045435149449745,99931.61602240423,4.3929010718678616e-5
童芷苓,PERSON,3,9.535918626827717e-4,0.010065098599066093,0.16666666666666666,4.364906154517678e-5
歐陽莎菲,PERSON,3,9.535918626827717e-4,0.010065098599066086,0.16666666666666666,4.364906154517678e-5
菊雲琴琴,PERSON,3,9.535918626827717e-4,0.010065098599066088,0.16666666666666666,4.364906154517678e-5
鐵諾大樂,ORG,18,0.00572155117609663,0.064089234059282435,82429.84976560314,5.0584248065152515e-5
綢緞,ORG,18,0.00572155117609663,0.06408923405928246,82429.84976560314,5.0584248065152515e-5
李燕,PERSON,3,9.535918626827717e-4,0.010065098599066088,0.16666666666666666,4.364906154517678e-5
李珍珍,PERSON,3,9.535918626827717e-4,0.010065098599066088,0.16666666666666666,4.364906154517678e-5
陳瑛,PERSON,16,0.0050858232676414495,0.011164660220725897,189080.16789790356,5.2664840952180324e-5
陳莉莉,PERSON,3,9.535918626827717e-4,0.010065098599066085,0.16666666666666666,4.364906154517678e-5
陳雲裳,PERSON,3,9.535918626827717e-4,0.010065098599066093,0.16666666666666666,4.364906154517678e-5
馬莉莉,PERSON,3,9.535918626827717e-4,0.010065098599066093,0.16666666666666666,4.364906154517678e-5
張佩君,PERSON,3,9.535918626827717e-4,0.010065098599066093,0.16666666666666666,4.364906154517678e-5
陳小燕,PERSON,3,9.535918626827717e-4,0.010065098599066093,0.16666666666666666,4.364906154517678e-5
安蓓拉,PERSON,3,9.535918626827717e-4,0.010065098599066093,0.16666666666666666,4.364906154517678e-5
愛普廬,ORG,18,0.00572155117609663,0.064089234059282435,82429.84976560314,5.0584248065152515e-5
利紀生洋行,ORG,1,3.178639542275906e-4,1.1082602161363538e-8,0,3.4653636899192574e-5
三發洋行,ORG,1,3.178639542275906e-4,1.1082602162951232e-8,0,3.4653636899192574e-5
瑞和洋行,ORG,8,0.0025429116338207248,1.4349648228653823e-7,31523.955304604016,3.9455513908068655e-5
密勒君,PERSON,9,0.002860775588048315,2.1170447832325608e-7,58948.76644154486,3.8892345986309894e-5
美藝,ORG,1,3.178639542275906e-4,1.1082602162006775e-8,0,3.4653636899192574e-5
福利公司,ORG,1,3.178639542275906e-4,1.1082602166762165e-8,0,3.4653636899192574e-5
魯意師摩洋行,ORG,4,0.0012714558169103624,2.0799668266251213e-7,27077.960375891456,3.96463545177021e-5
太古公,ORG,1,3.178639542275906e-4,1.1082602162219968e-8,0,3.4653636899192574e-5
華盛,ORG,1,3.178639542275906e-4,1.1082602160734773e-8,0,3.4653636899192574e-5
大生製藥公司,ORG,11,0.0034965034965034965,4.296892401732897e-5,70990.1758501618,5.263989050902774e-5
上海華茶公司,ORG,3,9.535918626827717e-4,8.212287470883054e-6,4180.270743694437,4.514061300952467e-5
上海痔瘡醫院,ORG,8,0.0025429116338207248,5.750415814577965e-5,23042.512679160438,4.819044865307696e-5
江岳巒,PERSON,6,0.0019071837253655435,1.351088254665008e-5,84813.72582491273,4.6494327692021575e-5
傅仁圃君,PERSON,48,0.015257469802924348,2.98800852757541e-4,128917.14180160448,5.367686527106817e-5
英美公司大板,ORG,13,0.004132231404958678,1.3436787287059786e-4,33883.284747512895,4.828352083433924e-5
陳玉峯,PERSON,48,0.015257469802924348,2.9880085275780073e-4,128917.14180160448,5.367686527106817e-5
傅君,PERSON,20,0.006357279084551812,1.8885035601076138e-4,44974.11179054903,5.2175727851403525e-5
劉慶昌,PERSON,15,0.004767959313413859,1.7345128853471468e-4,36788.78112039237,5.199667221297837e-5
霍傑士洋行,ORG,5,0.001589319771137953,6.688507163868451e-5,42.18499058488325,4.629843974258068e-5
華成煙公司,ORG,2,6.357279084551812e-4,2.3261521157241824e-10,0.125,3.205436420168606e-5
富觀成緣,ORG,2,6.357279084551812e-4,2.3261521255237632e-10,0.125,3.205436420168606e-5
錢俊華,PERSON,8,0.0025429116338207248,2.2217562447888693e-9,10993.5,3.564554074285307e-5
錢鳳昌,PERSON,8,0.0025429116338207248,2.2217562307529225e-9,10993.5,3.564554074285307e-5
百克律師地產部,ORG,6,0.0019071837253655435,4.081260839783339e-8,48560.277415084114,4.012358062833527e-5
青島怡和洋行,ORG,1,3.178639542275906e-4,5.999623308781176e-8,0,3.323031934336889e-5
捷陞快輪,ORG,1,3.178639542275906e-4,5.999623308386888e-8,0,3.323031934336889e-5
啓君,PERSON,7,0.0022250476795931343,1.1460730129355797e-6,18855,3.7108505269407746e-5
教育局,ORG,1,3.178639542275906e-4,5.999623308771475e-8,0,3.323031934336889e-5
中華職業教育社附設,ORG,1,3.178639542275906e-4,5.999623308580613e-8,0,3.323031934336889e-5
一職業褶學校,ORG,1,3.178639542275906e-4,5.999623308641224e-8,0,3.323031934336889e-5
中國工業技術股份有限公司,ORG,1,3.178639542275906e-4,5.999623308448587e-8,0,3.323031934336889e-5
張子修,PERSON,17,0.00540368722186904,6.681574986659045e-6,121468.92449498482,4.963764519011218e-5
通商印務局,ORG,9,0.002860775588048315,1.3862847257774601e-6,9474.000445140155,4.296455424274973e-5
黃漢卿,PERSON,15,0.004767959313413859,6.644352042134881e-6,114021.01493572147,4.9627791563275434e-5
趙留,PERSON,6,0.0019071837253655435,2.534408692016207e-4,5.830491227127879,4.3070031871823586e-5
陳九峯,PERSON,6,0.0019071837253655435,2.5344086920162687e-4,5.830491227127879,4.3070031871823586e-5
張賢芳,PERSON,6,0.0019071837253655435,2.5344086920161743e-4,5.830491227127879,4.3070031871823586e-5
胡鳳翔,PERSON,6,0.0019071837253655435,2.534408692016093e-4,5.830491227127879,4.3070031871823586e-5
張一塵,PERSON,6,0.0019071837253655435,2.53440869201613e-4,5.830491227127879,4.3070031871823586e-5
推賢芳九峯,PERSON,6,0.0019071837253655435,2.53440869201597e-4,5.830491227127879,4.3070031871823586e-5
張氏,PERSON,6,0.0019071837253655435,2.5344086920158946e-4,5.830491227127879,4.3070031871823586e-5
法工部局華董委,ORG,13,0.004132231404958678,5.485350156508687e-4,3599.4613496616125,4.968450340338848e-5
閘北彭浦保衛團第二隊,ORG,13,0.004132231404958678,5.485350156508835e-4,3599.4613496616125,4.968450340338848e-5
平江橋分防所,ORG,13,0.004132231404958678,5.4853501565088e-4,3599.4613496616125,4.968450340338848e-5
何連生,PERSON,6,0.0019071837253655435,2.534408692016043e-4,5.830491227127879,4.3070031871823586e-5
當卽,PERSON,6,0.0019071837253655435,2.5344086920159185e-4,5.830491227127879,4.3070031871823586e-5
劉金榮,PERSON,6,0.0019071837253655435,2.5344086920161277e-4,5.830491227127879,4.3070031871823586e-5
施頴馥,PERSON,6,0.0019071837253655435,2.5344086920160513e-4,5.830491227127879,4.3070031871823586e-5
上海第五廠,ORG,13,0.004132231404958678,5.48535015650865e-4,3599.4613496616125,4.968450340338848e-5
國大,ORG,25,0.007946598855689765,0.11109356128683373,53264.281608328456,5.109600940166573e-5
景福衫襪織造廠,ORG,18,0.00572155117609663,0.005479798600602852,443825.53885933466,5.420347986340723e-5
亞細亞鋼業公司,ORG,2,6.357279084551812e-4,0.00244971077863983,0.16666666666666666,4.3738791934566766e-5
意謙和,PERSON,2,6.357279084551812e-4,0.007193547326769303,0.05555555555555555,4.088976120379457e-5
倪雲甫,PERSON,7,0.0022250476795931343,0.024026900166465977,24.10555555555556,4.091653027823241e-5
陳漢章,PERSON,2,6.357279084551812e-4,0.007193547326769315,0.05555555555555555,4.088976120379457e-5
徐寳之,PERSON,2,6.357279084551812e-4,0.007193547326769309,0.05555555555555555,4.088976120379457e-5
祁善賢,PERSON,2,6.357279084551812e-4,0.0071935473267693,0.05555555555555555,4.088976120379457e-5
徐竇之,PERSON,2,6.357279084551812e-4,0.0071935473267693015,0.05555555555555555,4.088976120379457e-5
馮雲鵬,PERSON,2,6.357279084551812e-4,0.0071935473267693,0.05555555555555555,4.088976120379457e-5
部國湧,PERSON,2,6.357279084551812e-4,0.007193547326769299,0.05555555555555555,4.088976120379457e-5
稽一峯,PERSON,2,6.357279084551812e-4,0.007193547326769304,0.05555555555555555,4.088976120379457e-5
張吉秋,PERSON,2,6.357279084551812e-4,0.0071935473267693,0.05555555555555555,4.088976120379457e-5
吳淞泉,PERSON,17,0.00540368722186904,0.06497599296854797,16049.394576967483,4.914004914004914e-5
褚一峯,PERSON,7,0.0022250476795931343,0.024026900166465966,24.10555555555556,4.091653027823241e-5
翁瑞夫,PERSON,12,0.003814367450731087,0.04814264012885133,11413.561106217938,4.910144358244132e-5
王月佩,PERSON,17,0.00540368722186904,0.06497599296854795,16049.394576967483,4.914004914004914e-5
吳一爲,PERSON,2,6.357279084551812e-4,0.0071935473267693084,0.05555555555555555,4.088976120379457e-5
茶葉業,ORG,18,0.00572155117609663,0.06870706736811588,20007.38561532302,4.6919720358466666e-5
茶葉業務職工會,ORG,18,0.00572155117609663,0.06870706736811587,20007.38561532302,4.6919720358466666e-5
汪　森,PERSON,2,6.357279084551812e-4,0.007193547326769304,0.05555555555555555,4.088976120379457e-5
俞祖要,PERSON,2,6.357279084551812e-4,0.007193547326769308,0.05555555555555555,4.088976120379457e-5
美國勝利唱機公司,ORG,9,0.002860775588048315,0.003201054037324199,13286.68448013534,4.718093890068412e-5
鴻運來酒樓,ORG,9,0.002860775588048315,0.003201054037324219,13286.68448013534,4.718093890068412e-5
田兆麟,PERSON,6,0.0019071837253655435,8.424838562024651e-4,1573.111111111111,4.110152075626798e-5
沈爾喬律師事務所,ORG,9,0.002860775588048315,0.00320105403732421,13286.68448013534,4.718093890068412e-5
沈百英君,PERSON,6,0.0019071837253655435,8.424838562024475e-4,1573.111111111111,4.110152075626798e-5
王選青眼科專門醫院,ORG,9,0.002860775588048315,0.0032010540373242032,13286.68448013534,4.718093890068412e-5
八角總院,ORG,9,0.002860775588048315,0.003201054037324206,13286.68448013534,4.718093890068412e-5
杜月笙,PERSON,6,0.0019071837253655435,0.0010376259156304848,601.4516134019963,4.2767941151312976e-5
林康侯,PERSON,5,0.001589319771137953,8.378662703527154e-4,1.1111111111111112,4.109814236396515e-5
郭襄士,PERSON,5,0.001589319771137953,8.378662703527138e-4,1.1111111111111112,4.109814236396515e-5
劉鴻笙,PERSON,5,0.001589319771137953,8.378662703527281e-4,1.1111111111111112,4.109814236396515e-5
俞佐庭,PERSON,5,0.001589319771137953,8.378662703527297e-4,1.1111111111111112,4.109814236396515e-5
中央社,ORG,10,0.003178639542275906,2.7059455658420336e-11,19630.83980426964,2.6005773281668532e-5
南京市政府,ORG,7,0.0022250476795931343,2.683143706872987e-11,790.0898042697444,2.5997660210581048e-5
周　庸,PERSON,6,0.0019071837253655435,7.28138220895966e-11,3350.7040980709985,2.6812526812526813e-5
馬日明,PERSON,6,0.0019071837253655435,7.281381069297798e-11,3350.7040980709985,2.6812526812526813e-5
南京市銀行,ORG,7,0.0022250476795931343,2.6831436872556046e-11,790.0898042697444,2.5997660210581048e-5
南京市民銀行,ORG,7,0.0022250476795931343,2.683143606859571e-11,790.0898042697444,2.5997660210581048e-5
中華郵政,ORG,7,0.0022250476795931343,2.683145893249692e-11,790.0898042697444,2.5997660210581048e-5
如上,ORG,12,0.003814367450731087,1.2565340709553414e-9,78367.03604688979,2.926286834635531e-5
陳浩聲,PERSON,6,0.0019071837253655435,7.281382392751688e-11,3350.7040980709985,2.6812526812526813e-5
蔡曉白,PERSON,12,0.003814367450731087,7.409531912540677e-11,31587.45409807098,2.682547346960674e-5
黃翰,PERSON,10,0.003178639542275906,7.438045491815716e-11,29162.16222377815,2.8288543140028288e-5
胡福泉,PERSON,6,0.0019071837253655435,7.281383079914818e-11,3350.7040980709985,2.6812526812526813e-5
周一塵,PERSON,6,0.0019071837253655435,7.281381194642822e-11,3350.7040980709985,2.6812526812526813e-5
上海,ORG,8,0.0025429116338207248,1.2215255988539796e-4,104048.13788286468,5.2845743275379165e-5
明星香水廠,ORG,3,9.535918626827717e-4,5.526748824671509e-5,721.2966671697842,4.8930860693839605e-5
義生橡膠廠,ORG,68,0.02161474888747616,3.5620351685177604e-4,523595.0415271476,5.3691275167785237e-5
中國航空公司,ORG,11,0.0034965034965034965,5.8060704341992706e-5,79096.76891647288,4.99775101204458e-5
汛美航空公司,ORG,3,9.535918626827717e-4,5.5267488246711634e-5,721.2966671697842,4.8930860693839605e-5
景福衫襪織造廠股份有限公司,ORG,21,0.006675143038779402,5.957644513957236e-5,446133.8946255988,5.2107758845292065e-5
邵克萍,PERSON,13,0.004132231404958678,3.3834024358594245e-4,189867.90927145153,5.363655867839519e-5
周丹林,PERSON,13,0.004132231404958678,3.383402435859661e-4,189867.90927145153,5.363655867839519e-5
司徒博牙醫院,ORG,3,9.535918626827717e-4,5.526748824671442e-5,721.2966671697842,4.8930860693839605e-5
司徒博,PERSON,20,0.006357279084551812,3.790620736908577e-4,486229.13024402177,5.670220004536176e-5
司徒學牙醫師　總院,ORG,3,9.535918626827717e-4,5.5267488246719975e-5,721.2966671697842,4.8930860693839605e-5
平民牙科醫院,ORG,3,9.535918626827717e-4,5.526748824671698e-5,721.2966671697842,4.8930860693839605e-5
豁公意　寅,PERSON,1,3.178639542275906e-4,6.44752976174272e-11,0,3.053621595211921e-5
中國南洋兄弟煙草公司,ORG,2,6.357279084551812e-4,1.2316348181141518e-9,3145,3.378036009863865e-5
觀世音,PERSON,4,0.0012714558169103624,2.346272663877499e-8,9288.057707857104,3.779289493575208e-5
華商,ORG,1,3.178639542275906e-4,2.0986734128663506e-8,0,3.5229874933943984e-5
三和公司,ORG,1,3.178639542275906e-4,2.09867341264306e-8,0,3.5229874933943984e-5
梅蘭芳,PERSON,7,0.0022250476795931343,4.0089732919804175e-7,18855,3.961965134706815e-5
云南洋西菜社,ORG,1,3.178639542275906e-4,2.0986734131053337e-8,0,3.5229874933943984e-5
南洋西菜社,ORG,1,3.178639542275906e-4,2.09867341287215e-8,0,3.5229874933943984e-5
云康成造酒廠,ORG,1,3.178639542275906e-4,2.0986734128979714e-8,0,3.5229874933943984e-5
四川路惠羅公司,ORG,1,3.178639542275906e-4,2.098673413142541e-8,0,3.5229874933943984e-5
阿林巴克司眼科,ORG,5,0.001589319771137953,2.1911087848503964e-5,4717.981588645798,4.805612955932529e-5
陳練百,PERSON,2,6.357279084551812e-4,4.019448430101285e-6,286.64004874682433,4.506534474988734e-5
中國國貨公司,ORG,8,0.0025429116338207248,6.310401907393545e-5,31718.096672038817,4.664396660291991e-5
麗華公司,ORG,12,0.003814367450731087,0.0020457309833138986,67313.10554540153,4.436360409919702e-5
英美公司,ORG,18,0.00572155117609663,9.118583653963119e-5,46064.86893054374,4.795013186286262e-5
慶昌,PERSON,36,0.01144310235219326,1.4737015849723508e-4,24670.14788314011,4.933885928557332e-5
江灣大香賓本會,ORG,4,0.0012714558169103624,4.888503171393513e-5,27.358848372612744,4.593688272313841e-5
萬國體育會,ORG,4,0.0012714558169103624,4.88850317139178e-5,27.358848372612744,4.593688272313841e-5
光明製造水瓶電氣有限公司,ORG,4,0.0012714558169103624,4.8885031713947234e-5,27.358848372612744,4.593688272313841e-5
華軍,ORG,2,6.357279084551812e-4,2.123618017281913e-9,0.125,2.658089896600303e-5
上海郵務工會,ORG,11,0.0034965034965034965,0.07669688661959508,6807.767034013956,4.805612955932529e-5
張克昌,PERSON,10,0.003178639542275906,0.040949092802082,5799.769088530551,4.902441415825081e-5
齊嘉謀,PERSON,10,0.003178639542275906,0.04094909280208202,5799.769088530551,4.902441415825081e-5
上海醬業職工會,ORG,11,0.0034965034965034965,0.07669688661959499,6807.767034013956,4.805612955932529e-5
工整會,ORG,11,0.0034965034965034965,0.07669688661959503,6807.767034013956,4.805612955932529e-5
萬通,ORG,11,0.0034965034965034965,0.07669688661959503,6807.767034013956,4.805612955932529e-5
吳國治,PERSON,10,0.003178639542275906,0.040949092802082025,5799.769088530551,4.902441415825081e-5
沈家濱,PERSON,10,0.003178639542275906,0.040949092802082,5799.769088530551,4.902441415825081e-5
園業及　酒業商民協會,ORG,11,0.0034965034965034965,0.07669688661959502,6807.767034013956,4.805612955932529e-5
沈介圭,PERSON,10,0.003178639542275906,0.040949092802082,5799.769088530551,4.902441415825081e-5
魯芝梅,PERSON,10,0.003178639542275906,0.040949092802081984,5799.769088530551,4.902441415825081e-5
米業職工會,ORG,11,0.0034965034965034965,0.07669688661959503,6807.767034013956,4.805612955932529e-5
市黨部,ORG,29,0.009218054672600126,0.08496845586472476,94125.6761249225,4.8185804462005495e-5
社會局,ORG,27,0.008582326764144946,0.08073844080390376,142351.00370535435,5.099699117752052e-5
余鴻章,PERSON,5,0.001589319771137953,0.016833352839696666,1.25,4.086636697997548e-5
預備會,ORG,8,0.0025429116338207248,0.06431154227814002,2850.9944142636587,4.687573243331927e-5
高錫瑞,PERSON,5,0.001589319771137953,0.01683335283969668,1.25,4.086636697997548e-5
社　局,ORG,8,0.0025429116338207248,0.06431154227814001,2850.9944142636587,4.687573243331927e-5
周觀天,PERSON,5,0.001589319771137953,0.016833352839696676,1.25,4.086636697997548e-5
熟貨業職工會熟貨業職工會,ORG,8,0.0025429116338207248,0.06431154227814001,2850.9944142636587,4.687573243331927e-5
熟貨商民協會,ORG,8,0.0025429116338207248,0.06431154227814,2850.9944142636587,4.687573243331927e-5
鮮猪棧船工會上海鮮猪棧船工會,ORG,8,0.0025429116338207248,0.06431154227814002,2850.9944142636587,4.687573243331927e-5
德和洋行,ORG,3,9.535918626827717e-4,3.381407020756644e-10,15705.25,2.8910925438723293e-5
中國營業公司,ORG,6,0.0019071837253655435,2.7990816958266355e-9,84511.5641200843,3.717057577221871e-5
地產,ORG,1,3.178639542275906e-4,3.3157842513505556e-10,0,2.7834219389317228e-5
西菜社,ORG,4,0.0012714558169103624,1.8420339474742968e-10,25110.25,3.218642376645531e-5
康成造酒,ORG,1,3.178639542275906e-4,2.244760061414807e-8,0,3.6806654643159485e-5
厰門市部,ORG,1,3.178639542275906e-4,2.244760061538e-8,0,3.6806654643159485e-5
食物部,ORG,2,6.357279084551812e-4,8.303744729427883e-8,4719.5474121819525,3.9791492578886634e-5
高梁,ORG,1,3.178639542275906e-4,2.2447600611291444e-8,0,3.6806654643159485e-5
黃益壽,PERSON,6,0.0019071837253655435,1.8525178282529913e-5,53200.72833113644,4.8211358596085236e-5
唐拾義藥房,ORG,6,0.0019071837253655435,2.668088048673223e-5,15247.138182401937,4.9316960102579274e-5
泰山醫生處,ORG,7,0.0022250476795931343,1.3767380126699134e-6,4351.076671072616,4.2957171699815284e-5
平務局,ORG,2,6.357279084551812e-4,6.976042671655286e-7,0.19166666666666668,4.2938726437373865e-5
美國安寗公司,ORG,2,6.357279084551812e-4,6.97604267174459e-7,0.19166666666666668,4.2938726437373865e-5
普益地產公司,ORG,6,0.0019071837253655435,8.690812677486749e-7,364361.7716178126,4.757600266425615e-5
萬盛鐵工廠,ORG,2,6.357279084551812e-4,6.976042671661615e-7,0.19166666666666668,4.2938726437373865e-5
齊倉製藥公司,ORG,9,0.002860775588048315,1.1421564016864756e-4,28949.906845684,5.283457494584456e-5
張秀世,PERSON,14,0.004450095359186269,2.4355695815762748e-4,60046.523380134146,5.4543471146503765e-5
華扁,PERSON,23,0.007310870947234584,2.6280590248293394e-4,123492.60927495739,5.6261955665578935e-5
張秀芳,PERSON,23,0.007310870947234584,2.6280590248295844e-4,123492.60927495739,5.6261955665578935e-5
張贊榮,PERSON,3,9.535918626827717e-4,1.1916033900828956e-5,38.20918085311681,4.5314482508609755e-5
雲紗拷綢莊,ORG,5,0.001589319771137953,5.670469921873101e-5,890.3191064988824,4.899799108236562e-5
國民政府實業部商標局,ORG,5,0.001589319771137953,5.670469921872883e-5,890.3191064988824,4.899799108236562e-5
天喜堂,ORG,4,0.0012714558169103624,4.381376195296867e-5,916.4487638974716,4.899318994659742e-5
褚民誼,PERSON,4,0.0012714558169103624,9.22494365455573e-6,193.31897929822566,4.399084990322013e-5
大馬路,ORG,4,0.0012714558169103624,4.3813761952971735e-5,916.4487638974716,4.899318994659742e-5
美商店,ORG,4,0.0012714558169103624,4.381376195297287e-5,916.4487638974716,4.899318994659742e-5
法大,ORG,8,0.0025429116338207248,4.4777426925710545e-5,103433.29803503104,5.103863624763946e-5
天日吾,PERSON,3,9.535918626827717e-4,2.0751046266143643e-6,4714,4.493978069387021e-5
許希圖,PERSON,3,9.535918626827717e-4,2.0751046266153066e-6,4714,4.493978069387021e-5
Phenolax,PERSON,1,3.178639542275906e-4,1.1404734727931749e-8,0,3.504099796762212e-5
普強公司,ORG,3,9.535918626827717e-4,2.1785798980423894e-7,3145.3333333333335,3.9380931752845275e-5
黃漢　啟,PERSON,1,3.178639542275906e-4,7.257117185675376e-8,0,3.785011355034065e-5
金阿梅,PERSON,1,3.178639542275906e-4,4.763253858478725e-5,0,4.466279589102278e-5
王任,PERSON,1,3.178639542275906e-4,4.7632538584783773e-5,0,4.466279589102278e-5
樊松元,PERSON,1,3.178639542275906e-4,4.7632538584789465e-5,0,4.466279589102278e-5
吳履平,PERSON,5,0.001589319771137953,6.227029164453319e-11,34882.194297846334,3.0391441769997568e-5
孫介凡,PERSON,1,3.178639542275906e-4,6.070367538794183e-11,0,2.9950880555888343e-5
丁宛軒,PERSON,1,3.178639542275906e-4,6.070367509146692e-11,0,2.9950880555888343e-5
顧雅愛,PERSON,5,0.001589319771137953,2.1967242682635683e-8,52378.23224675908,3.65123411713159e-5
泰興煤球廠,ORG,4,0.0012714558169103624,1.1595872544539588e-9,43412.05911199435,3.306550276096948e-5
宋鶴梅,PERSON,2,6.357279084551812e-4,1.895877444957116e-5,523.3333333332957,4.5938993017273064e-5
凱　兪壽潛,PERSON,2,6.357279084551812e-4,1.895877444958005e-5,523.3333333332957,4.5938993017273064e-5
魏文達,PERSON,2,6.357279084551812e-4,1.8958774449577195e-5,523.3333333332957,4.5938993017273064e-5
曾立羣,PERSON,2,6.357279084551812e-4,1.8958774449593465e-5,523.3333333332957,4.5938993017273064e-5
曹秀文,PERSON,2,6.357279084551812e-4,1.895877444957532e-5,523.3333333332957,4.5938993017273064e-5
嚴裕棠,PERSON,2,6.357279084551812e-4,1.8958774449576802e-5,523.3333333332957,4.5938993017273064e-5
天津國華社,ORG,6,0.0019071837253655435,5.95488265542781e-6,7.5,4.015580452154359e-5
民主同盟,ORG,1,3.178639542275906e-4,8.484078225667124e-7,0,3.120806416377992e-5
黃炎培,PERSON,5,0.001589319771137953,1.6206639304345828e-5,11345.754377579391,3.4604470897639976e-5
共產黨,ORG,1,3.178639542275906e-4,8.484078225680548e-7,0,3.120806416377992e-5
內政部,ORG,1,3.178639542275906e-4,8.484078225705136e-7,0,3.120806416377992e-5
寶隆醫院,ORG,50,0.01589319771137953,0.001791519932556721,35239.66563286667,4.591157430788302e-5
耳鼻,ORG,50,0.01589319771137953,0.001791519932556862,35239.66563286667,4.591157430788302e-5
必多特,ORG,50,0.01589319771137953,0.0017915199325571436,35239.66563286667,4.591157430788302e-5
金一元,PERSON,7,0.0022250476795931343,6.564949386399852e-4,0.42000000000000004,4.013807497792406e-5
金五元,PERSON,7,0.0022250476795931343,6.564949386397739e-4,0.42000000000000004,4.013807497792406e-5
袁麟,PERSON,7,0.0022250476795931343,6.564949386398443e-4,0.42000000000000004,4.013807497792406e-5
黃涵之,PERSON,7,0.0022250476795931343,6.564949386397034e-4,0.42000000000000004,4.013807497792406e-5
顧馨一,PERSON,10,0.003178639542275906,6.723879065767124e-4,22617.500281806846,4.23908435777872e-5
沈聯芳,PERSON,7,0.0022250476795931343,6.564949386398795e-4,0.42000000000000004,4.013807497792406e-5
林仲立,PERSON,7,0.0022250476795931343,6.564949386397739e-4,0.42000000000000004,4.013807497792406e-5
莫子經,PERSON,7,0.0022250476795931343,6.564949386397739e-4,0.42000000000000004,4.013807497792406e-5
張公權,PERSON,9,0.002860775588048315,6.603159186213969e-4,30948.64743473771,4.091987887715852e-5
宋漢章,PERSON,7,0.0022250476795931343,6.564949386397386e-4,0.42000000000000004,4.013807497792406e-5
姚子讓,PERSON,7,0.0022250476795931343,6.564949386396682e-4,0.42000000000000004,4.013807497792406e-5
蘇筠尙,PERSON,7,0.0022250476795931343,6.564949386398443e-4,0.42000000000000004,4.013807497792406e-5
陳作霖,PERSON,7,0.0022250476795931343,6.564949386399147e-4,0.42000000000000004,4.013807497792406e-5
張逸槎,PERSON,7,0.0022250476795931343,6.564949386397034e-4,0.42000000000000004,4.013807497792406e-5
陳光甫,PERSON,7,0.0022250476795931343,6.56494938639633e-4,0.42000000000000004,4.013807497792406e-5
沈溫石,PERSON,7,0.0022250476795931343,6.564949386398795e-4,0.42000000000000004,4.013807497792406e-5
顧企韓,PERSON,7,0.0022250476795931343,6.564949386398091e-4,0.42000000000000004,4.013807497792406e-5
毛安甫,PERSON,7,0.0022250476795931343,6.564949386397739e-4,0.42000000000000004,4.013807497792406e-5
李馥蓀,PERSON,7,0.0022250476795931343,6.564949386396682e-4,0.42000000000000004,4.013807497792406e-5
莊得,PERSON,7,0.0022250476795931343,6.564949386398443e-4,0.42000000000000004,4.013807497792406e-5
沈　民,PERSON,7,0.0022250476795931343,6.564949386398795e-4,0.42000000000000004,4.013807497792406e-5
關壽,PERSON,7,0.0022250476795931343,6.564949386398091e-4,0.42000000000000004,4.013807497792406e-5
阿旅館,ORG,50,0.01589319771137953,0.0017915199325569324,35239.66563286667,4.591157430788302e-5
江北品音,PERSON,7,0.0022250476795931343,6.564949386395978e-4,0.42000000000000004,4.013807497792406e-5
徐宅,PERSON,7,0.0022250476795931343,6.564949386397034e-4,0.42000000000000004,4.013807497792406e-5
逃君,PERSON,7,0.0022250476795931343,6.564949386397739e-4,0.42000000000000004,4.013807497792406e-5
德國醫科大學,ORG,50,0.01589319771137953,0.0017915199325569324,35239.66563286667,4.591157430788302e-5
金均,PERSON,7,0.0022250476795931343,6.564949386398795e-4,0.42000000000000004,4.013807497792406e-5
李平書,PERSON,7,0.0022250476795931343,6.564949386396682e-4,0.42000000000000004,4.013807497792406e-5
張知笙,PERSON,7,0.0022250476795931343,6.564949386398443e-4,0.42000000000000004,4.013807497792406e-5
朱　堂,PERSON,7,0.0022250476795931343,6.564949386399147e-4,0.42000000000000004,4.013807497792406e-5
項如松,PERSON,7,0.0022250476795931343,6.564949386398443e-4,0.42000000000000004,4.013807497792406e-5
席雲生,PERSON,7,0.0022250476795931343,6.564949386396682e-4,0.42000000000000004,4.013807497792406e-5
蘇筠尚,PERSON,7,0.0022250476795931343,6.564949386397739e-4,0.42000000000000004,4.013807497792406e-5
陸伯鴻,PERSON,7,0.0022250476795931343,6.564949386398443e-4,0.42000000000000004,4.013807497792406e-5
陸崧侯,PERSON,7,0.0022250476795931343,6.564949386397739e-4,0.42000000000000004,4.013807497792406e-5
李　香閔,PERSON,7,0.0022250476795931343,6.564949386397034e-4,0.42000000000000004,4.013807497792406e-5
瑞之,PERSON,7,0.0022250476795931343,6.564949386397034e-4,0.42000000000000004,4.013807497792406e-5
秦硯畦,PERSON,7,0.0022250476795931343,6.564949386397739e-4,0.42000000000000004,4.013807497792406e-5
錢強齋,PERSON,7,0.0022250476795931343,6.564949386397739e-4,0.42000000000000004,4.013807497792406e-5
沈思齊,PERSON,7,0.0022250476795931343,6.564949386398795e-4,0.42000000000000004,4.013807497792406e-5
吳懷疚,PERSON,7,0.0022250476795931343,6.564949386398091e-4,0.42000000000000004,4.013807497792406e-5
沈信卿,PERSON,7,0.0022250476795931343,6.564949386397386e-4,0.42000000000000004,4.013807497792406e-5
賈季英,PERSON,7,0.0022250476795931343,6.564949386397034e-4,0.42000000000000004,4.013807497792406e-5
王引才,PERSON,7,0.0022250476795931343,6.564949386398443e-4,0.42000000000000004,4.013807497792406e-5
黃　之,PERSON,7,0.0022250476795931343,6.564949386398443e-4,0.42000000000000004,4.013807497792406e-5
朱子灝,PERSON,7,0.0022250476795931343,6.564949386396682e-4,0.42000000000000004,4.013807497792406e-5
周森友,PERSON,7,0.0022250476795931343,6.564949386396682e-4,0.42000000000000004,4.013807497792406e-5
美國醫科大學,ORG,50,0.01589319771137953,0.0017915199325570026,35239.66563286667,4.591157430788302e-5
愛仁醫院,ORG,50,0.01589319771137953,0.001791519932556862,35239.66563286667,4.591157430788302e-5
沈秋蓀,PERSON,1,3.178639542275906e-4,1.5895447326175178e-9,0,3.150201612903226e-5
熙廷,PERSON,1,3.178639542275906e-4,1.5895447257349884e-9,0,3.150201612903226e-5
任所君,PERSON,1,3.178639542275906e-4,1.5895447258252795e-9,0,3.150201612903226e-5
上峰所,ORG,12,0.003814367450731087,3.03641446582895e-8,34540,3.49662575614532e-5
君邃,PERSON,1,3.178639542275906e-4,1.5895447294550105e-9,0,3.150201612903226e-5
成春如,PERSON,1,3.178639542275906e-4,1.589544729774094e-9,0,3.150201612903226e-5
葉紳,PERSON,1,3.178639542275906e-4,1.5895447294721048e-9,0,3.150201612903226e-5
安立德君,PERSON,1,3.178639542275906e-4,1.589544734031967e-9,0,3.150201612903226e-5
張文炳,PERSON,1,3.178639542275906e-4,1.5895447257765488e-9,0,3.150201612903226e-5
尤阿根拿,PERSON,1,3.178639542275906e-4,1.589544728547498e-9,0,3.150201612903226e-5
謝永森,PERSON,1,3.178639542275906e-4,1.589544725383261e-9,0,3.150201612903226e-5
田島氏,PERSON,1,3.178639542275906e-4,1.5895447303238843e-9,0,3.150201612903226e-5
聞秀山,PERSON,3,9.535918626827717e-4,1.5892967937076732e-5,100.17860344950932,3.9936102236421726e-5
包剛,PERSON,3,9.535918626827717e-4,1.5892967937069576e-5,100.17860344950932,3.9936102236421726e-5
楊月華,PERSON,3,9.535918626827717e-4,1.589296793707398e-5,100.17860344950932,3.9936102236421726e-5
崔長费,PERSON,3,9.535918626827717e-4,1.589296793707783e-5,100.17860344950932,3.9936102236421726e-5
中央銀行,ORG,34,0.01080737444373808,1.2105370367645914e-4,81770.25149637145,4.566418557925019e-5
華成保險公司,ORG,12,0.003814367450731087,9.127019197440005e-5,5789.770357134746,4.242501378812948e-5
曾少卿,PERSON,3,9.535918626827717e-4,1.589296793707508e-5,100.17860344950932,3.9936102236421726e-5
郁屏翰,PERSON,3,9.535918626827717e-4,1.5892967937083332e-5,100.17860344950932,3.9936102236421726e-5
沈縵雲,PERSON,3,9.535918626827717e-4,1.5892967937072327e-5,100.17860344950932,3.9936102236421726e-5
李雲,PERSON,3,9.535918626827717e-4,1.5892967937082234e-5,100.17860344950932,3.9936102236421726e-5
李平齊,PERSON,3,9.535918626827717e-4,1.589296793707508e-5,100.17860344950932,3.9936102236421726e-5
穆恕,PERSON,3,9.535918626827717e-4,1.589296793707728e-5,100.17860344950932,3.9936102236421726e-5
華咸保險公司,ORG,12,0.003814367450731087,9.127019197440886e-5,5789.770357134746,4.242501378812948e-5
班禪,PERSON,2,6.357279084551812e-4,7.944734575511667e-7,0.25,3.934839065082238e-5
駐京,ORG,4,0.0012714558169103624,7.588181309114835e-6,3145.7144930067084,4.490144133626689e-5
朱福南,PERSON,2,6.357279084551812e-4,7.944734575517309e-7,0.25,3.934839065082238e-5
太和藥房,ORG,4,0.0012714558169103624,7.588181309116039e-6,3145.7144930067084,4.490144133626689e-5
兪胡氏,PERSON,6,0.0019071837253655435,5.275848652016572e-4,5305.671537162548,4.502881844380403e-5
陸相田,PERSON,6,0.0019071837253655435,5.275848652016435e-4,5305.671537162548,4.502881844380403e-5
法工部局,ORG,17,0.00540368722186904,7.201719325081094e-4,90176.67552665711,5.0671395996959714e-5
上海市各界援助愛國志士委員會,ORG,8,0.0025429116338207248,6.629282986340966e-4,883.1351720841895,4.965983016338084e-5
潘洪生,PERSON,6,0.0019071837253655435,5.27584865201644e-4,5305.671537162548,4.502881844380403e-5
美軍,ORG,1,3.178639542275906e-4,1.5399414539836207e-5,0,4.048419092344439e-5
李味江,PERSON,5,0.001589319771137953,2.932357189554808e-5,3169.2026007174195,4.6768309793284074e-5
陳淞荃,PERSON,5,0.001589319771137953,2.9323571895554683e-5,3169.2026007174195,4.6768309793284074e-5
國鈞儒英,PERSON,5,0.001589319771137953,2.932357189554973e-5,3169.2026007174195,4.6768309793284074e-5
國鈞,PERSON,5,0.001589319771137953,2.932357189553102e-5,3169.2026007174195,4.6768309793284074e-5
儒英,PERSON,5,0.001589319771137953,2.9323571895563485e-5,3169.2026007174195,4.6768309793284074e-5
燕爾誌,PERSON,5,0.001589319771137953,2.932357189558357e-5,3169.2026007174195,4.6768309793284074e-5
丁琛,PERSON,5,0.001589319771137953,2.9323571895555506e-5,3169.2026007174195,4.6768309793284074e-5
姚寓晨,PERSON,5,0.001589319771137953,2.9323571895538725e-5,3169.2026007174195,4.6768309793284074e-5
賴國强,PERSON,5,0.001589319771137953,2.9323571895523594e-5,3169.2026007174195,4.6768309793284074e-5
周仲嘉,PERSON,5,0.001589319771137953,2.9323571895569814e-5,3169.2026007174195,4.6768309793284074e-5
薄梓培,PERSON,5,0.001589319771137953,2.9323571895546704e-5,3169.2026007174195,4.6768309793284074e-5
閔永程,PERSON,5,0.001589319771137953,2.932357189559155e-5,3169.2026007174195,4.6768309793284074e-5
趙卜訓,PERSON,5,0.001589319771137953,2.9323571895556882e-5,3169.2026007174195,4.6768309793284074e-5
王念伯,PERSON,5,0.001589319771137953,2.932357189555771e-5,3169.2026007174195,4.6768309793284074e-5
陳堃年,PERSON,5,0.001589319771137953,2.9323571895553033e-5,3169.2026007174195,4.6768309793284074e-5
楊輯五,PERSON,5,0.001589319771137953,2.9323571895537075e-5,3169.2026007174195,4.6768309793284074e-5
朱惜辰,PERSON,5,0.001589319771137953,2.93235718955401e-5,3169.2026007174195,4.6768309793284074e-5
李丙寅,PERSON,5,0.001589319771137953,2.932357189554203e-5,3169.2026007174195,4.6768309793284074e-5
物資,ORG,18,0.00572155117609663,2.7631284418429638e-5,30.6,4.08279916710897e-5
清查處理委員會,ORG,18,0.00572155117609663,2.7631284418406802e-5,30.6,4.08279916710897e-5
台灣糖業公司總公司,ORG,18,0.00572155117609663,2.7631284418423035e-5,30.6,4.08279916710897e-5
飛霞汽車專門本行,ORG,1,3.178639542275906e-4,6.154751057242828e-8,0,3.9816842524387814e-5
飛霞,ORG,1,3.178639542275906e-4,6.154751056901218e-8,0,3.9816842524387814e-5
怡元洋行,ORG,1,3.178639542275906e-4,6.154751056545828e-8,0,3.9816842524387814e-5
東昇實業地產公司,ORG,1,3.178639542275906e-4,6.15475105730157e-8,0,3.9816842524387814e-5
女校,ORG,1,3.178639542275906e-4,6.154751056952357e-8,0,3.9816842524387814e-5
百克事務所,ORG,6,0.0019071837253655435,6.351376330600031e-8,226463.2978752519,4.008819402685909e-5
劉君,PERSON,24,0.007628734901462174,1.175706159648203e-6,359780.4685268336,4.551661356395084e-5
道中女校,ORG,2,6.357279084551812e-4,6.206172269890477e-8,1007.3563103100423,3.98200135388046e-5
彙福洋行,ORG,1,3.178639542275906e-4,6.15475105653726e-8,0,3.9816842524387814e-5
中林　心,PERSON,5,0.001589319771137953,9.606794533634758e-6,554.7628385537413,4.287429257417253e-5
陳克武,PERSON,2,6.357279084551812e-4,1.8242842973056448e-6,0.2,4.0407305640859865e-5
吳國卿,PERSON,2,6.357279084551812e-4,1.8242842973080436e-6,0.2,4.0407305640859865e-5
吳國卿製葯公司,ORG,5,0.001589319771137953,1.74241189249948e-5,5110.0084490368145,4.628558204119417e-5
上海文　師醫,ORG,5,0.001589319771137953,1.7424118925005322e-5,5110.0084490368145,4.628558204119417e-5
張汝偉,PERSON,2,6.357279084551812e-4,1.8242842973082155e-6,0.2,4.0407305640859865e-5
華泰電機製造廠股份有限公司,ORG,1,3.178639542275906e-4,1.7168420642077282e-7,0,3.9740889401104796e-5
信孚印染廠股份有限公司,ORG,1,3.178639542275906e-4,1.716842064215578e-7,0,3.9740889401104796e-5
董事會,ORG,3,9.535918626827717e-4,1.7361164023564957e-7,50896.49627591939,4.092155338216639e-5
新星化學製藥厰股份有限公司,ORG,1,3.178639542275906e-4,1.7168420642240003e-7,0,3.9740889401104796e-5
普益習藝所,ORG,2,6.357279084551812e-4,3.13934246657461e-14,784,2.3095221598651238e-5
白濁,PERSON,5,0.001589319771137953,5.92804527430008e-13,34493.625,2.4902878772786134e-5
陳銘德,PERSON,4,0.0012714558169103624,6.599322214609476e-15,8.625,2.1539654503941758e-5
中華火柴公司,ORG,8,0.0025429116338207248,3.231339116459074e-14,10208.5,2.3101624044170307e-5
光祿,ORG,2,6.357279084551812e-4,3.1387116191681747e-14,784,2.3095221598651238e-5
建威將軍外務部,ORG,8,0.0025429116338207248,3.230024478618527e-14,10208.5,2.3101624044170307e-5
生園食品公司,ORG,25,0.007946598855689765,6.888865384152376e-7,24076.49766612216,4.0081766804280735e-5
自由雜誌社,ORG,3,9.535918626827717e-4,5.710545524773348e-9,1.5,3.201741747510646e-5
曲永康,PERSON,2,6.357279084551812e-4,3.636173964552827e-8,1047.6666666665974,3.559732308130429e-5
陳　祥,PERSON,2,6.357279084551812e-4,3.636173964291959e-8,1047.6666666665974,3.559732308130429e-5
木石居越,PERSON,2,6.357279084551812e-4,3.636173964121201e-8,1047.6666666665974,3.559732308130429e-5
保險部,ORG,3,9.535918626827717e-4,2.1412790515353533e-5,159.79097073968887,4.168924834285238e-5
儲蓄部,ORG,6,0.0019071837253655435,4.921551002690595e-5,56175.16494953181,4.8498957272418644e-5
利民銀公司,ORG,3,9.535918626827717e-4,2.141279051535413e-5,159.79097073968887,4.168924834285238e-5
利安信託儲蓄部,ORG,3,9.535918626827717e-4,2.1412790515358303e-5,159.79097073968887,4.168924834285238e-5
信託部,ORG,3,9.535918626827717e-4,2.1412790515375122e-5,159.79097073968887,4.168924834285238e-5
銀業部,ORG,3,9.535918626827717e-4,2.1412790515368298e-5,159.79097073968887,4.168924834285238e-5
吳凱聲公館,ORG,3,9.535918626827717e-4,2.1412790515365317e-5,159.79097073968887,4.168924834285238e-5
倪絅,PERSON,14,0.004450095359186269,1.715499126599353e-5,16215.978131156955,4.232983406705046e-5
伍澄宇,PERSON,14,0.004450095359186269,1.7154991266015603e-5,16215.978131156955,4.232983406705046e-5
廣業銀公司,ORG,3,9.535918626827717e-4,2.141279051535468e-5,159.79097073968887,4.168924834285238e-5
興業銀公司,ORG,3,9.535918626827717e-4,2.1412790515368617e-5,159.79097073968887,4.168924834285238e-5
漢口同孚,ORG,3,9.535918626827717e-4,2.1412790515360566e-5,159.79097073968887,4.168924834285238e-5
和記,ORG,3,9.535918626827717e-4,2.1412790515369267e-5,159.79097073968887,4.168924834285238e-5
善利全,ORG,3,9.535918626827717e-4,2.141279051536725e-5,159.79097073968887,4.168924834285238e-5
得泰,ORG,3,9.535918626827717e-4,2.1412790515357375e-5,159.79097073968887,4.168924834285238e-5
港滬天喜堂藥行,ORG,2,6.357279084551812e-4,6.976042671695745e-7,0.19166666666666668,4.2938726437373865e-5
紅獅食品公司,ORG,5,0.001589319771137953,6.254214484278167e-5,52.52511445205814,4.629843974258068e-5
洋人,ORG,15,0.004767959313413859,8.86489310209797e-5,15081.998271911065,4.753077617757498e-5
傅君遂,PERSON,31,0.009853782581055308,1.3197109102107668e-4,17480.669877511635,4.92029128124385e-5
趙繼才,PERSON,17,0.00540368722186904,2.4497828131259824e-4,99828.77756503785,5.634437683119225e-5
孫兆田,PERSON,6,0.0019071837253655435,1.3866754351449694e-5,934.218999603195,4.523658735185018e-5
麥特赫司脫路　大精神治療院,ORG,9,0.002860775588048315,5.487008881559829e-5,11931.242713835336,4.8806676753379864e-5
馬化影,PERSON,1,3.178639542275906e-4,2.872416156297084e-6,0,4.231192350004231e-5
上海中國心靈研究會,ORG,2,6.357279084551812e-4,2.1726095885078915e-7,0.3333333333333333,3.9377830281551485e-5
江靖,ORG,2,6.357279084551812e-4,2.310182431631288e-14,0.08333333333333333,2.3010193515727468e-5
海晏,ORG,2,6.357279084551812e-4,2.3100180488202676e-14,0.08333333333333333,2.3010193515727468e-5
普安,ORG,2,6.357279084551812e-4,2.3092616562298323e-14,0.08333333333333333,2.3010193515727468e-5
普陀,ORG,2,6.357279084551812e-4,2.3105666534999126e-14,0.08333333333333333,2.3010193515727468e-5
公平,ORG,2,6.357279084551812e-4,2.309775502248205e-14,0.08333333333333333,2.3010193515727468e-5
廣州三北公司,ORG,2,6.357279084551812e-4,2.3097011076361422e-14,0.08333333333333333,2.3010193515727468e-5
新寗興,ORG,2,6.357279084551812e-4,2.3098587889847744e-14,0.08333333333333333,2.3010193515727468e-5
三發輪船公司,ORG,14,0.004450095359186269,3.694848622683332e-12,46288.249999997126,2.68867797703869e-5
益利輪船公司,ORG,8,0.0025429116338207248,2.8709373371624533e-13,73.74999999999999,2.302396795063661e-5
三北公司,ORG,2,6.357279084551812e-4,2.3097554272254086e-14,0.08333333333333333,2.3010193515727468e-5
昌興公司,ORG,2,6.357279084551812e-4,2.310232585607606e-14,0.08333333333333333,2.3010193515727468e-5
鶴洲,PERSON,12,0.003814367450731087,2.2043852343755394e-13,15817.624999999363,2.4804048020636968e-5
袁艮初,PERSON,12,0.003814367450731087,2.2043201470488496e-13,15817.624999999363,2.4804048020636968e-5
上海市衛生局衛生試騐所,ORG,2,6.357279084551812e-4,2.310231824614261e-14,0.08333333333333333,2.3010193515727468e-5
山醫生處,ORG,2,6.357279084551812e-4,6.976042671716699e-7,0.19166666666666668,4.2938726437373865e-5
商紗布交易所,ORG,2,6.357279084551812e-4,5.4979265051333e-12,0.2,2.442897276169537e-5
傅盛記,PERSON,5,0.001589319771137953,5.251196601740453e-11,9421.833333333332,2.6460626587637594e-5
特區法院,ORG,2,6.357279084551812e-4,5.497920951310847e-12,0.2,2.442897276169537e-5
楊志一,PERSON,5,0.001589319771137953,5.2511980131386073e-11,9421.833333333332,2.6460626587637594e-5
國醫出版社,ORG,6,0.0019071837253655435,9.8105508131964e-10,25105.7,2.8852534695172972e-5
聯盛地產公司,ORG,3,9.535918626827717e-4,5.528264677861266e-12,3143.2,2.4431360093816422e-5
敝銀公司,ORG,3,9.535918626827717e-4,5.5282628006954365e-12,3143.2,2.4431360093816422e-5
康福大藥房,ORG,3,9.535918626827717e-4,2.2464104581276704e-5,896.7142857142123,3.4980935390212336e-5
中央聯合百貨商,ORG,3,9.535918626827717e-4,2.2464104581276894e-5,896.7142857142123,3.4980935390212336e-5
鄭子良,PERSON,21,0.006675143038779402,4.1265492133633636e-4,49821.36929074793,3.929890749037177e-5
歐陽飛鶯,PERSON,7,0.0022250476795931343,8.231876570568252e-6,6.999999999999999,3.1525851197982345e-05
筱丹桂,PERSON,7,0.0022250476795931343,8.231876570581865e-6,6.999999999999999,3.1525851197982345e-05
環球百貨,ORG,3,9.535918626827717e-4,2.2464104581279506e-5,896.7142857142123,3.4980935390212336e-5
華新公司,ORG,3,9.535918626827717e-4,2.2464104581277063e-5,896.7142857142123,3.4980935390212336e-5
富民,ORG,3,9.535918626827717e-4,2.2464104581279004e-5,896.7142857142123,3.4980935390212336e-5
夫婦牌,ORG,3,9.535918626827717e-4,2.2464104581277798e-5,896.7142857142123,3.4980935390212336e-5
美來,ORG,3,9.535918626827717e-4,2.246410458127816e-5,896.7142857142123,3.4980935390212336e-5
光亞廠,ORG,2,6.357279084551812e-4,2.0571504516229837e-6,0.14285714285714285,4.015902975784105e-5
金安公司,ORG,8,0.0025429116338207248,8.840199931755244e-6,47.30952380952381,4.020100502512563e-5
金都公司,ORG,2,6.357279084551812e-4,2.0571504516227385e-6,0.14285714285714285,4.015902975784105e-5
陶曼諾華,PERSON,7,0.0022250476795931343,1.9648272019851043e-5,8245.75,4.596010662744738e-5
台灣織和化學工廠,ORG,2,6.357279084551812e-4,2.0571504516239574e-6,0.14285714285714285,4.015902975784105e-5
利羣大藥房,ORG,2,6.357279084551812e-4,2.0571504516216874e-6,0.14285714285714285,4.015902975784105e-5
上海理療診所,ORG,2,6.357279084551812e-4,2.0571504516202538e-6,0.14285714285714285,4.015902975784105e-5
羅德文,PERSON,7,0.0022250476795931343,1.9648272019830545e-5,8245.75,4.596010662744738e-5
FRISCO　RESTAURANT,ORG,2,6.357279084551812e-4,1.3205125776136467e-7,17.258241758241773,3.798670465337132e-5
宋桂記,PERSON,7,0.0022250476795931343,1.2633221853546154e-6,164189.21776002206,4.313691657320335e-5
曹　平,PERSON,6,0.0019071837253655435,1.2591758949031253e-6,8786.141034748844,4.274234911950761e-5
會計師經租部,ORG,2,6.357279084551812e-4,1.3205125775632324e-7,17.258241758241773,3.798670465337132e-5
百克地產部,ORG,40,0.012714558169103624,2.3317100256757808e-5,516190.4466125259,4.8687862115974485e-5
中華學藝社宿舍,ORG,2,6.357279084551812e-4,1.3205125775826533e-7,17.258241758241773,3.798670465337132e-5
禮廳事務所,ORG,2,6.357279084551812e-4,1.3205125776045864e-7,17.258241758241773,3.798670465337132e-5
永茂廠,ORG,4,0.0012714558169103624,1.6145190250706116e-7,4952.682274047595,3.891807744697412e-5
曹洽,PERSON,3,9.535918626827717e-4,2.5355730000238733e-8,0.75,3.4678873630184493e-5
達磨洋行,ORG,4,0.0012714558169103624,1.6145190249777863e-7,4952.682274047595,3.891807744697412e-5
金山行,PERSON,3,9.535918626827717e-4,2.5355729997631347e-8,0.75,3.4678873630184493e-5
林君,PERSON,7,0.0022250476795931343,3.004414487284143e-6,24536.97220775665,4.3148084225060405e-5
張洽,PERSON,4,0.0012714558169103624,2.8995485555118548e-8,8198.320754771275,3.675659780930677e-5
大陸旅社,ORG,4,0.0012714558169103624,1.6145190250223873e-7,4952.682274047595,3.891807744697412e-5
徐壽延,PERSON,8,0.0025429116338207248,9.291777649692171e-4,1316.2643182281915,4.832318546438581e-5
中國利華煙廠股份有限公司,ORG,40,0.012714558169103624,0.002140501153499354,15473.014166209101,4.544008724496751e-5
蘇裕第,PERSON,8,0.0025429116338207248,9.291777649691479e-4,1316.2643182281915,4.832318546438581e-5
陳雲翔,PERSON,8,0.0025429116338207248,9.291777649692162e-4,1316.2643182281915,4.832318546438581e-5
裴正庸,PERSON,8,0.0025429116338207248,9.291777649691263e-4,1316.2643182281915,4.832318546438581e-5
楊偉欽,PERSON,11,0.0034965034965034965,9.385036659871822e-4,76244.40068186371,4.8435532306500046e-5
鄧歧山,PERSON,8,0.0025429116338207248,9.29177764969191e-4,1316.2643182281915,4.832318546438581e-5
裘唐林,PERSON,8,0.0025429116338207248,9.291777649692437e-4,1316.2643182281915,4.832318546438581e-5
黃錫秋,PERSON,8,0.0025429116338207248,9.291777649692132e-4,1316.2643182281915,4.832318546438581e-5
史鴻海,PERSON,8,0.0025429116338207248,9.291777649691372e-4,1316.2643182281915,4.832318546438581e-5
陳兂量,PERSON,8,0.0025429116338207248,9.291777649691843e-4,1316.2643182281915,4.832318546438581e-5
張賢能,PERSON,8,0.0025429116338207248,9.291777649691771e-4,1316.2643182281915,4.832318546438581e-5
戎承泗,PERSON,8,0.0025429116338207248,9.291777649691999e-4,1316.2643182281915,4.832318546438581e-5
馬承融,PERSON,8,0.0025429116338207248,9.291777649691666e-4,1316.2643182281915,4.832318546438581e-5
朱麗文,PERSON,8,0.0025429116338207248,9.291777649691647e-4,1316.2643182281915,4.832318546438581e-5
趙光裕,PERSON,8,0.0025429116338207248,9.29177764969176e-4,1316.2643182281915,4.832318546438581e-5
黃錫範,PERSON,8,0.0025429116338207248,9.291777649691955e-4,1316.2643182281915,4.832318546438581e-5
周禧如,PERSON,8,0.0025429116338207248,9.291777649691897e-4,1316.2643182281915,4.832318546438581e-5
侯乃慊,PERSON,8,0.0025429116338207248,9.291777649692173e-4,1316.2643182281915,4.832318546438581e-5
顧文若,PERSON,8,0.0025429116338207248,9.291777649692393e-4,1316.2643182281915,4.832318546438581e-5
陸卿馥,PERSON,8,0.0025429116338207248,9.291777649691889e-4,1316.2643182281915,4.832318546438581e-5
李勞勃,PERSON,8,0.0025429116338207248,9.291777649692059e-4,1316.2643182281915,4.832318546438581e-5
周國石,PERSON,8,0.0025429116338207248,9.291777649692215e-4,1316.2643182281915,4.832318546438581e-5
沈詩璋,PERSON,8,0.0025429116338207248,9.29177764969232e-4,1316.2643182281915,4.832318546438581e-5
張鴻勳,PERSON,8,0.0025429116338207248,9.291777649691981e-4,1316.2643182281915,4.832318546438581e-5
章溢門,PERSON,8,0.0025429116338207248,9.291777649691746e-4,1316.2643182281915,4.832318546438581e-5
陳旡量,PERSON,8,0.0025429116338207248,9.291777649691942e-4,1316.2643182281915,4.832318546438581e-5
裕康行,ORG,40,0.012714558169103624,0.0021405011534994882,15473.014166209101,4.544008724496751e-5
中國利華煙廠,ORG,29,0.009218054672600126,0.0019469245785608325,3967.0141662091614,4.5394706977166465e-5
鍾樵桐,PERSON,8,0.0025429116338207248,9.291777649691801e-4,1316.2643182281915,4.832318546438581e-5
單宗器,PERSON,8,0.0025429116338207248,9.291777649691936e-4,1316.2643182281915,4.832318546438581e-5
米許林,ORG,29,0.009218054672600126,0.001946924578560897,3967.0141662091614,4.5394706977166465e-5
中國利華烟廠股份有限公司,ORG,40,0.012714558169103624,0.002140501153499403,15473.014166209101,4.544008724496751e-5
中國庚興商業銀行,ORG,29,0.009218054672600126,0.0019469245785609008,3967.0141662091614,4.5394706977166465e-5
中國庚興商業銀行董事會,ORG,29,0.009218054672600126,0.0019469245785609457,3967.0141662091614,4.5394706977166465e-5
大理院,ORG,4,0.0012714558169103624,9.7963110479657e-7,466.47465238456266,3.4888183372291806e-5
平政院,ORG,4,0.0012714558169103624,9.796311048055758e-7,466.47465238456266,3.4888183372291806e-5
公共租界臨時法院,ORG,4,0.0012714558169103624,9.796311047970977e-7,466.47465238456266,3.4888183372291806e-5
沈越聲,PERSON,5,0.001589319771137953,2.596374715673352e-7,1657.1318695185166,3.65764447695684e-5
哈華托律師,ORG,4,0.0012714558169103624,9.796311047988273e-7,466.47465238456266,3.4888183372291806e-5
沈爾喬,PERSON,10,0.003178639542275906,1.793440863678429e-5,68158.73761900511,3.9178812098417176e-5
全子廉,PERSON,5,0.001589319771137953,2.596374715760597e-7,1657.1318695185166,3.65764447695684e-5
朱希雲,PERSON,5,0.001589319771137953,2.5963747155564324e-7,1657.1318695185166,3.65764447695684e-5
總商會,ORG,5,0.001589319771137953,1.041178615364489e-6,46395.25086186467,4.1317192083625994e-5
楊而墨,PERSON,2,6.357279084551812e-4,1.7519783277240123e-5,0.7499999999999999,3.701236212895107e-5
丁益明,PERSON,2,6.357279084551812e-4,1.7519783277226204e-5,0.7499999999999999,3.701236212895107e-5
馬君,PERSON,5,0.001589319771137953,0.00298036949112439,102531.45769559398,4.6798951703481845e-5
沈季宣,PERSON,2,6.357279084551812e-4,1.7519783277229186e-5,0.7499999999999999,3.701236212895107e-5
楊方,PERSON,2,6.357279084551812e-4,1.7519783277230212e-5,0.7499999999999999,3.701236212895107e-5
楊銘之,PERSON,2,6.357279084551812e-4,1.7519783277238215e-5,0.7499999999999999,3.701236212895107e-5
南京大英藥房,ORG,12,0.003814367450731087,1.6613090748177764e-4,36324.86910197798,4.185676614624754e-5
楊士麒,PERSON,2,6.357279084551812e-4,1.751978327723834e-5,0.7499999999999999,3.701236212895107e-5
士麒,PERSON,2,6.357279084551812e-4,1.7519783277241857e-5,0.7499999999999999,3.701236212895107e-5
士駿,PERSON,2,6.357279084551812e-4,1.751978327723588e-5,0.7499999999999999,3.701236212895107e-5
楊方氏,PERSON,2,6.357279084551812e-4,1.7519783277243097e-5,0.7499999999999999,3.701236212895107e-5
劉景先,PERSON,2,6.357279084551812e-4,1.7519783277241454e-5,0.7499999999999999,3.701236212895107e-5
壳件洋行,ORG,17,0.00540368722186904,1.6853928379413283e-4,61431.36910197803,4.18848167539267e-5
黃楚九,PERSON,2,6.357279084551812e-4,1.0491986724378379e-5,309.83501207123646,4.176062807984632e-5
傅筱庵,PERSON,2,6.357279084551812e-4,1.0491986724381818e-5,309.83501207123646,4.176062807984632e-5
天虚我生,PERSON,2,6.357279084551812e-4,1.0491986724384295e-5,309.83501207123646,4.176062807984632e-5
中西書局,ORG,6,0.0019071837253655435,1.0877995758543069e-4,25853.721405087388,4.806998990530212e-5
屈臣氏,ORG,4,0.0012714558169103624,9.164233921838678e-5,1441.5342670232556,4.133427024345885e-5
飛雁牌,ORG,1,3.178639542275906e-4,2.20309220481156e-8,0,3.656975681111721e-5
世界書局,ORG,2,6.357279084551812e-4,1.3418837402882637e-7,17524.77045103404,4.186728072011723e-5
海南陽橋家庭工業社,ORG,3,9.535918626827717e-4,1.6302610949600824e-6,1.5,3.453634950785702e-5
康成酒廠,ORG,13,0.004132231404958678,1.9666508177409444e-4,43078.30987996762,4.410921441489127e-5
上海南陽橋家庭工業社,ORG,8,0.0025429116338207248,1.939269364616676e-4,9403.521240095875,4.266029606245467e-5
馬駘,PERSON,2,6.357279084551812e-4,2.0447257292951775e-5,31.18333726840494,3.873866893933525e-5
企周,PERSON,2,6.357279084551812e-4,2.0447257292947685e-5,31.18333726840494,3.873866893933525e-5
張恂子,PERSON,2,6.357279084551812e-4,2.0447257292955587e-5,31.18333726840494,3.873866893933525e-5
徐忱亞,PERSON,2,6.357279084551812e-4,2.0447257292952574e-5,31.18333726840494,3.873866893933525e-5
吳稚暉,PERSON,2,6.357279084551812e-4,2.0447257292955295e-5,31.18333726840494,3.873866893933525e-5
柳亞子,PERSON,2,6.357279084551812e-4,2.0447257292957518e-5,31.18333726840494,3.873866893933525e-5
葉楚傖,PERSON,9,0.002860775588048315,0.003561342244782255,70729.57221290363,4.9236829148202856e-5
戴渭清,PERSON,2,6.357279084551812e-4,2.0447257292949695e-5,31.18333726840494,3.873866893933525e-5
孔雀,ORG,1,3.178639542275906e-4,5.436510884733593e-7,0,3.466564980760565e-5
南京路先施公司,ORG,1,3.178639542275906e-4,5.436510884711585e-7,0,3.466564980760565e-5
國民政府,ORG,4,0.0012714558169103624,5.6080902009146864e-5,274.74533568969207,4.899318994659742e-5
葉元鼎,PERSON,3,9.535918626827717e-4,3.5953449053003925e-6,3591.507930856992,4.7911077041011885e-5
商務印書館,ORG,21,0.006675143038779402,3.9204393214214125e-5,323706.5303657672,5.232041019201591e-5
中法藥房,ORG,15,0.004767959313413859,2.759323998190111e-5,51260.91806388553,4.918597216073976e-5
廣泰來旅店,ORG,10,0.003178639542275906,1.8821414391050287e-6,15,4.166840285011876e-5
陸鴻逵,PERSON,3,9.535918626827717e-4,3.5953449053043045e-6,3591.507930856992,4.7911077041011885e-5
於瑞槑君,PERSON,3,9.535918626827717e-4,3.5953449053094888e-6,3591.507930856992,4.7911077041011885e-5
朱厚槎,PERSON,3,9.535918626827717e-4,3.5953449053044163e-6,3591.507930856992,4.7911077041011885e-5
芸蓀,PERSON,3,9.535918626827717e-4,3.59534490530053e-6,3591.507930856992,4.7911077041011885e-5
錦帆,PERSON,3,9.535918626827717e-4,3.595344905311793e-6,3591.507930856992,4.7911077041011885e-5
陸芸蓀,PERSON,3,9.535918626827717e-4,3.5953449053048936e-6,3591.507930856992,4.7911077041011885e-5
余錦帆,PERSON,3,9.535918626827717e-4,3.5953449053082936e-6,3591.507930856992,4.7911077041011885e-5
許玉麟,PERSON,3,9.535918626827717e-4,3.595344905312769e-6,3591.507930856992,4.7911077041011885e-5
許君玉麟,PERSON,3,9.535918626827717e-4,3.5953449053054264e-6,3591.507930856992,4.7911077041011885e-5
唐舉,PERSON,7,0.0022250476795931343,0.0035408949874892967,18673.53713860372,4.9135220125786166e-5
競芳照相館,ORG,11,0.0034965034965034965,0.0020400713597550457,36.71428571428572,4.2671218263281416e-5
王雪岑,PERSON,7,0.0022250476795931343,0.0035408949874893014,18673.53713860372,4.9135220125786166e-5
陳庸庵,PERSON,7,0.0022250476795931343,0.0035408949874892862,18673.53713860372,4.9135220125786166e-5
董康,PERSON,7,0.0022250476795931343,0.0035408949874892784,18673.53713860372,4.9135220125786166e-5
蔣觀雲,PERSON,7,0.0022250476795931343,0.0035408949874893053,18673.53713860372,4.9135220125786166e-5
章太炎,PERSON,7,0.0022250476795931343,0.0035408949874892954,18673.53713860372,4.9135220125786166e-5
陳散原,PERSON,7,0.0022250476795931343,0.003540894987489294,18673.53713860372,4.9135220125786166e-5
朱古微,PERSON,7,0.0022250476795931343,0.003540894987489288,18673.53713860372,4.9135220125786166e-5
易培基,PERSON,7,0.0022250476795931343,0.0035408949874893006,18673.53713860372,4.9135220125786166e-5
史量才,PERSON,7,0.0022250476795931343,0.003540894987489298,18673.53713860372,4.9135220125786166e-5
先施公司,ORG,17,0.00540368722186904,0.0553210080408659,362438.98771514086,5.1448268765756035e-5
酒部,ORG,11,0.0034965034965034965,0.0020400713597550466,36.71428571428572,4.2671218263281416e-5
洋酒部,ORG,11,0.0034965034965034965,0.0020400713597550444,36.71428571428572,4.2671218263281416e-5
新新公司,ORG,16,0.0050858232676414495,0.0021069564313937043,165025.2104624031,4.928779141406674e-5
冠生園,ORG,12,0.003814367450731087,0.0020457401115929314,25140.714285714286,4.270037149323199e-5
孤星劇社,ORG,7,0.0022250476795931343,2.328324085809956e-10,26993.53333333125,3.1905050569505154e-5
孤星戲劇社,ORG,14,0.004450095359186269,2.3738598386603123e-10,48987.53333333292,3.191930798940279e-5
董天鐸,PERSON,3,9.535918626827717e-4,3.680426960685797e-11,2.428571428571428,2.901073397156948e-5
包二君,PERSON,3,9.535918626827717e-4,3.6804271666322045e-11,2.428571428571428,2.901073397156948e-5
董君,PERSON,6,0.0019071837253655435,4.225928110523938e-9,116140.59305045917,3.5398230088495574e-5
上海影戲公司,ORG,7,0.0022250476795931343,2.32832398163697e-10,26993.53333333125,3.1905050569505154e-5
陳寳琦君,PERSON,3,9.535918626827717e-4,3.680427326231993e-11,2.428571428571428,2.901073397156948e-5
杜字君,PERSON,3,9.535918626827717e-4,3.6804277319995374e-11,2.428571428571428,2.901073397156948e-5
成造酒廠,ORG,9,0.002860775588048315,4.3714329148302296e-7,42843.15724478701,4.259488009541253e-5
醉翁懷,PERSON,3,9.535918626827717e-4,3.0842522966427888e-6,28939.624439210398,4.4029587883057415e-5
法商龍東公司,ORG,2,6.357279084551812e-4,7.505000893653811e-6,2.214493006706945,4.489337822671156e-5
德商禮和洋行,ORG,9,0.002860775588048315,8.90134189775384e-5,16209.446423192283,4.806998990530212e-5
玄門中,ORG,5,0.001589319771137953,2.5711098542775646e-5,3460.8636376067006,4.803766152663688e-5
余親云,PERSON,9,0.002860775588048315,1.2666957236423475e-5,1685.6945121188785,4.7054394880481836e-5
劉伯明,PERSON,1,3.178639542275906e-4,2.2493973353006876e-6,0,4.516303856923494e-5
李星泉,PERSON,4,0.0012714558169103624,2.1888057353342797e-7,5.2634920634920634,3.78587112894677e-5
惠羅公,ORG,3,9.535918626827717e-4,7.090625335675846e-7,583.6145018551243,4.294241422252759e-5
光迪醫院院,ORG,3,9.535918626827717e-4,7.090625335715655e-7,583.6145018551243,4.294241422252759e-5
上海父子大藥廠,ORG,8,0.0025429116338207248,5.750415814580551e-5,23042.512679160438,4.819044865307696e-5
延泰山,PERSON,4,0.0012714558169103624,1.5434858151629318e-5,166.23553729526103,4.309973278165675e-5
傳君,PERSON,3,9.535918626827717e-4,1.0794139916952604e-5,91.7596882878007,4.3088590141330577e-5
大精神治療院,ORG,6,0.0019071837253655435,1.1029336106136946e-4,21468.15579190142,4.825090470446321e-5
洋人處,ORG,11,0.0034965034965034965,1.324388128986564e-4,31470.02372236652,4.827419744146753e-5
功德林,ORG,6,0.0019071837253655435,1.1029336106138707e-4,21468.15579190142,4.825090470446321e-5
黃濟民,PERSON,4,0.0012714558169103624,2.338141151794086e-5,344.00760861520234,4.294425835265825e-5
李君達三,PERSON,4,0.0012714558169103624,2.3381411517932607e-5,344.00760861520234,4.294425835265825e-5
李君寓,PERSON,2,6.357279084551812e-4,1.3967169570098902e-5,0.1575757575757576,4.1921690282552195e-5
血中寶,ORG,5,0.001589319771137953,6.688507163866854e-5,42.18499058488325,4.629843974258068e-5
錢杏生,PERSON,2,6.357279084551812e-4,0.004203870215844063,438.48845000086317,4.6274872744099955e-5
瞿家橋,PERSON,2,6.357279084551812e-4,0.004203870215844062,438.48845000086317,4.6274872744099955e-5
王氏,PERSON,2,6.357279084551812e-4,0.004203870215844062,438.48845000086317,4.6274872744099955e-5
雲飛公司,ORG,5,0.001589319771137953,0.0011067910156857168,587.3035031773829,4.208931352329643e-5
盛杏蓀,PERSON,2,6.357279084551812e-4,0.004203870215844061,438.48845000086317,4.6274872744099955e-5
香港天壽堂,ORG,3,9.535918626827717e-4,7.588181309168819e-6,787.7144930067063,4.48974094194765e-5
永安,PERSON,4,0.0012714558169103624,1.5889469150817444e-6,2,3.935148748622698e-5
新　唐,ORG,3,9.535918626827717e-4,7.588181309158356e-6,787.7144930067063,4.48974094194765e-5
太和堂,ORG,3,9.535918626827717e-4,7.588181309162827e-6,787.7144930067063,4.48974094194765e-5
濟華堂,ORG,3,9.535918626827717e-4,7.588181309163557e-6,787.7144930067063,4.48974094194765e-5
新華信託儲蓄銀行,ORG,5,0.001589319771137953,6.254214484281688e-5,52.52511445205814,4.629843974258068e-5
丁甘仁子,PERSON,2,6.357279084551812e-4,7.574225119299478e-9,1047.6666666666035,3.5102499297950014e-5
任農軒,PERSON,2,6.357279084551812e-4,7.574225114079087e-9,1047.6666666666035,3.5102499297950014e-5
婦女小,ORG,3,9.535918626827717e-4,1.1895182966930631e-9,1.5,3.1616554427898445e-5
陳競芳,PERSON,2,6.357279084551812e-4,7.574225112970211e-9,1047.6666666666035,3.5102499297950014e-5
陸基康醫院,ORG,8,0.0025429116338207248,8.605266062222813e-8,62523.5,3.518277451359814e-5
錢種德,PERSON,4,0.0012714558169103624,4.658874711634658e-9,12525.25,3.1709791983764585e-5
楊志兒,PERSON,4,0.0012714558169103624,4.658874707276435e-9,12525.25,3.1709791983764585e-5
羅抱一,PERSON,4,0.0012714558169103624,4.6588746977848495e-9,12525.25,3.1709791983764585e-5
仝啓,PERSON,4,0.0012714558169103624,4.6588747170442264e-9,12525.25,3.1709791983764585e-5
濟美氏跳舞學校,ORG,8,0.0025429116338207248,9.864906305649638e-10,15709.5,2.8847540747151304e-5
瑞和洋,ORG,4,0.0012714558169103624,9.755571587042003e-10,1.5,2.8839221341023793e-5
白卓寶,PERSON,3,9.535918626827717e-4,5.802921975199547e-13,3145.3333333333335,2.26901434017063e-5
震旦大學,ORG,1,3.178639542275906e-4,3.034543096562492e-14,0,2.1178812715759155e-5
土地財政三局,ORG,3,9.535918626827717e-4,1.3582354107736663e-7,1570.75,3.159258206173191e-5
黃河水災急賑聯合會,ORG,3,9.535918626827717e-4,1.3582354107875634e-7,1570.75,3.159258206173191e-5
辛未救濟會,ORG,3,9.535918626827717e-4,1.3582354106115339e-07,1570.75,3.159258206173191e-5
百克律師公館地產部,ORG,3,9.535918626827717e-4,1.3582354107251308e-7,1570.75,3.159258206173191e-5
韓陶陶,PERSON,4,0.0012714558169103624,2.8441122741143696e-8,2,2.8742239595309267e-5
顧祥麟,PERSON,4,0.0012714558169103624,2.8441122735763744e-8,2,2.8742239595309267e-5
劉鴻年,PERSON,5,0.001589319771137953,2.67338800247e-4,4.021767814414873,4.30551967622492e-5
韋硯耕,PERSON,5,0.001589319771137953,2.6733880024700933e-4,4.021767814414873,4.30551967622492e-5
祝鼎,PERSON,5,0.001589319771137953,2.673388002470004e-4,4.021767814414873,4.30551967622492e-5
呂茗望,PERSON,5,0.001589319771137953,2.673388002470189e-4,4.021767814414873,4.30551967622492e-5
上海無綫電總台同人抗日救國會,ORG,10,0.003178639542275906,9.428727118475773e-4,2688.9142167961854,4.967463116586359e-5
自强社,ORG,10,0.003178639542275906,9.42872711847545e-4,2688.9142167961854,4.967463116586359e-5
國衡曙星社,ORG,10,0.003178639542275906,9.428727118475749e-4,2688.9142167961854,4.967463116586359e-5
電信同人抗日會,ORG,10,0.003178639542275906,9.428727118475316e-4,2688.9142167961854,4.967463116586359e-5
滬道,ORG,5,0.001589319771137953,4.4881414982420856e-5,1086.5556993661214,4.209285684219388e-5
仲芳,PERSON,3,9.535918626827717e-4,3.621417000870295e-5,803.8805900036434,4.5968557506665444e-5
德領,PERSON,3,9.535918626827717e-4,3.62141700086991e-5,803.8805900036434,4.5968557506665444e-5
兩江制軍,ORG,5,0.001589319771137953,4.488141498241425e-5,1086.5556993661214,4.209285684219388e-5
周玉帥,PERSON,3,9.535918626827717e-4,3.621417000869717e-5,803.8805900036434,4.5968557506665444e-5
拉告格未區,PERSON,4,0.0012714558169103624,8.345981876474554e-5,4714.499999999999,4.3671936413660584e-5
LachbeVisde,PERSON,4,0.0012714558169103624,8.345981876473566e-5,4714.499999999999,4.3671936413660584e-5
路工部局醫院,ORG,2,6.357279084551812e-4,8.738142656425276e-6,0.25,3.840098306516647e-5
寗紹公司,ORG,2,6.357279084551812e-4,8.738142656430473e-6,0.25,3.840098306516647e-5
大通社,ORG,2,6.357279084551812e-4,8.738142656429428e-6,0.25,3.840098306516647e-5
李鵬程,PERSON,1,3.178639542275906e-4,8.208750922334744e-5,0,4.366049598323437e-5
吳玉廷,PERSON,1,3.178639542275906e-4,8.208750922335537e-5,0,4.366049598323437e-5
陸芹生,PERSON,6,0.0019071837253655435,1.9307229924460513e-5,5919.002313104498,4.2066296483257616e-5
馬采貞,PERSON,6,0.0019071837253655435,1.9307229924460937e-5,5919.002313104498,4.2066296483257616e-5
陸芹,PERSON,4,0.0012714558169103624,1.686977023568018e-5,627.2919986664797,4.0436716538617066e-5
采貞,PERSON,4,0.0012714558169103624,1.6869770235666288e-5,627.2919986664797,4.0436716538617066e-5
朱陸氏,PERSON,4,0.0012714558169103624,1.6869770235673142e-5,627.2919986664797,4.0436716538617066e-5
朱子昭,PERSON,6,0.0019071837253655435,1.930722992445911e-5,5919.002313104498,4.2066296483257616e-5
威海衛,ORG,12,0.003814367450731087,1.0980266584433104e-5,659.7058675724569,3.7181632273656813e-5
平民醫院楊震甫,ORG,12,0.003814367450731087,1.0980266584434916e-5,659.7058675724569,3.7181632273656813e-5
馬延喩,PERSON,4,0.0012714558169103624,1.686977023567588e-5,627.2919986664797,4.0436716538617066e-5
兆麟,PERSON,4,0.0012714558169103624,1.686977023567662e-5,627.2919986664797,4.0436716538617066e-5
楊震甫,PERSON,4,0.0012714558169103624,1.6869770235666084e-5,627.2919986664797,4.0436716538617066e-5
武芳·,PERSON,4,0.0012714558169103624,1.686977023567008e-5,627.2919986664797,4.0436716538617066e-5
孫祖基,PERSON,4,0.0012714558169103624,1.6869770235656387e-5,627.2919986664797,4.0436716538617066e-5
朱邪氏,PERSON,4,0.0012714558169103624,1.68697702356674e-5,627.2919986664797,4.0436716538617066e-5
高三分院,ORG,12,0.003814367450731087,1.0980266584460055e-5,659.7058675724569,3.7181632273656813e-5
海軍部,ORG,8,0.0025429116338207248,2.302293521250804e-6,7,3.250235642084051e-5
四豐貿易行地産部,ORG,13,0.004132231404958678,0.0029414646429867723,64702.08333333423,3.892413685726519e-5
上海女子中學,ORG,1,3.178639542275906e-4,2.778019395165428e-9,0,3.466564980760565e-5
景福衫襪廠,ORG,5,0.001589319771137953,1.0109276757616603e-6,86420.80768534803,4.432820603750166e-5
甘維,PERSON,2,6.357279084551812e-4,5.306688356320276e-8,3145,3.890747801727492e-5
義內閣,ORG,3,9.535918626827717e-4,2.1560062633490425e-7,0.30000000000000004,3.82511570975022e-5
朋生,PERSON,10,0.003178639542275906,1.3728309629254956e-6,17750.1250000003,4.347448047995827e-5
海陸,ORG,3,9.535918626827717e-4,2.156006263383567e-7,0.30000000000000004,3.82511570975022e-5
美國陸軍,ORG,3,9.535918626827717e-4,2.1560062633085588e-7,0.30000000000000004,3.82511570975022e-5
振泰錢莊,ORG,3,9.535918626827717e-4,2.1560062633214014e-7,0.30000000000000004,3.82511570975022e-5
光中毛巾公司,ORG,8,0.0025429116338207248,2.2176944720665162e-7,12554.299999999997,3.8274581850193284e-5
光中染織廠,ORG,8,0.0025429116338207248,2.217694472007956e-7,12554.299999999997,3.8274581850193284e-5
光中本公司,ORG,3,9.535918626827717e-4,2.156006263266882e-7,0.30000000000000004,3.82511570975022e-5
光中廠,ORG,3,9.535918626827717e-4,2.1560062633716755e-7,0.30000000000000004,3.82511570975022e-5
光中毛巾股份有限公司,ORG,3,9.535918626827717e-4,2.1560062633540397e-7,0.30000000000000004,3.82511570975022e-5
陳禮誥,PERSON,10,0.003178639542275906,1.3728309629229981e-6,17750.1250000003,4.347448047995827e-5
徐謀德,PERSON,10,0.003178639542275906,1.3728309629440535e-6,17750.1250000003,4.347448047995827e-5
經濟部,ORG,19,0.006039415130324221,1.5889964580596735e-6,280975.5471958178,4.3438599539550845e-5
上秦律師事務所,ORG,4,0.0012714558169103624,1.9660481623776142e-8,16.363636363636378,3.4282971647982445e-5
莫會計師事務所,ORG,4,0.0012714558169103624,1.9660481610824896e-8,16.363636363636378,3.4282971647982445e-5
穆緯均,PERSON,17,0.00540368722186904,9.513724201790844e-8,187743.04999999996,3.84172109104879e-5
集成建築師事務所,ORG,4,0.0012714558169103624,1.9660481620321538e-8,16.363636363636378,3.4282971647982445e-5
愛蘭化學製藥廠,ORG,4,0.0012714558169103624,1.966048161882749e-8,16.363636363636378,3.4282971647982445e-5
四方紙業公司,ORG,4,0.0012714558169103624,1.9660481600689164e-8,16.363636363636378,3.4282971647982445e-5
富豐,ORG,4,0.0012714558169103624,1.966048161103802e-8,16.363636363636378,3.4282971647982445e-5
裕豐公司,ORG,4,0.0012714558169103624,1.9660481619269646e-8,16.363636363636378,3.4282971647982445e-5
久昌公司,ORG,4,0.0012714558169103624,1.9660481607526222e-8,16.363636363636378,3.4282971647982445e-5
王其培,PERSON,11,0.0034965034965034965,9.347515298292304e-8,7698.749999999996,3.824676814809149e-5
華興劇,ORG,4,0.0012714558169103624,1.9660481603123282e-8,16.363636363636378,3.4282971647982445e-5
崔廷華,PERSON,11,0.0034965034965034965,9.347515298574935e-8,7698.749999999996,3.824676814809149e-5
宋渭霖,PERSON,11,0.0034965034965034965,9.347515297767807e-8,7698.749999999996,3.824676814809149e-5
華興劇塲,ORG,4,0.0012714558169103624,1.9660481619239672e-8,16.363636363636378,3.4282971647982445e-5
美科大藥,ORG,2,6.357279084551812e-4,2.123618021890151e-9,0.125,2.658089896600303e-5
蔣廷黻,PERSON,8,0.0025429116338207248,2.028311751833584e-8,10993.5,2.9004002552352226e-5
日軍,ORG,2,6.357279084551812e-4,2.1236180140416208e-9,0.125,2.658089896600303e-5
英遠東艦隊,ORG,2,6.357279084551812e-4,2.123618009831351e-9,0.125,2.658089896600303e-5
英輪,ORG,2,6.357279084551812e-4,2.1236180096558873e-9,0.125,2.658089896600303e-5
大通銀行,ORG,6,0.0019071837253655435,3.725912281364991e-7,28234.324999999997,3.1900979360066355e-5
王開,PERSON,8,0.0025429116338207248,2.028311749348256e-8,10993.5,2.9004002552352226e-5
新華大藥行,ORG,2,6.357279084551812e-4,2.123618014868032e-9,0.125,2.658089896600303e-5
華商銀行,ORG,4,0.0012714558169103624,3.7046761012727196e-7,1.2000000000000002,3.188267176789415e-5
英商銀行,ORG,4,0.0012714558169103624,3.7046761012685633e-7,1.2000000000000002,3.188267176789415e-5
美商銀行,ORG,4,0.0012714558169103624,3.7046761013627306e-7,1.2000000000000002,3.188267176789415e-5
毛姜氏,PERSON,5,0.001589319771137953,1.7692066161404063e-6,10180.75,3.5428328491461775e-5
吳屨平,PERSON,5,0.001589319771137953,1.7692066161413389e-6,10180.75,3.5428328491461775e-5
吳蔣氏,PERSON,5,0.001589319771137953,1.7692066161440627e-6,10180.75,3.5428328491461775e-5
吳常英·金嘉賓,PERSON,5,0.001589319771137953,1.7692066161348402e-6,10180.75,3.5428328491461775e-5
毫縣府,ORG,4,0.0012714558169103624,2.1522272836688514e-6,0.6000000000000001,3.881535535457827e-5
孫漢昭,PERSON,10,0.003178639542275906,1.02781853133041e-5,10807.53352151271,4.42008486562942e-5
蘇州電　台,ORG,4,0.0012714558169103624,2.152227283664862e-6,0.6000000000000001,3.881535535457827e-5
省參會,ORG,4,0.0012714558169103624,2.1522272836832264e-6,0.6000000000000001,3.881535535457827e-5
黄純靑,PERSON,10,0.003178639542275906,1.0278185313297499e-5,10807.53352151271,4.42008486562942e-5
賀耀祖,PERSON,10,0.003178639542275906,1.0278185313293921e-5,10807.53352151271,4.42008486562942e-5
曹浩森,PERSON,10,0.003178639542275906,1.0278185313295573e-5,10807.53352151271,4.42008486562942e-5
忠正義生橡膠廠,ORG,5,0.001589319771137953,2.1581742678470027e-6,9429.6,3.8824397251232675e-5
中航公司,ORG,4,0.0012714558169103624,2.1522272836735283e-6,0.6000000000000001,3.881535535457827e-5
ＧＮＲＣ,ORG,4,0.0012714558169103624,2.1522272836691953e-6,0.6000000000000001,3.881535535457827e-5
福爾康,ORG,4,0.0012714558169103624,2.1522272836774488e-6,0.6000000000000001,3.881535535457827e-5
福爾康髮腊　異生化學廠,ORG,4,0.0012714558169103624,2.1522272836674068e-6,0.6000000000000001,3.881535535457827e-5
省府,ORG,3,9.535918626827717e-4,5.618742311717423e-7,0.30000000000000004,3.7120902780355616e-5
保案司令部,ORG,3,9.535918626827717e-4,5.618742311611436e-7,0.30000000000000004,3.7120902780355616e-5
華北區難民社部,ORG,3,9.535918626827717e-4,5.618742311783215e-7,0.30000000000000004,3.7120902780355616e-5
青年輔導處,ORG,3,9.535918626827717e-4,5.618742311680991e-7,0.30000000000000004,3.7120902780355616e-5
宋鈞,PERSON,10,0.003178639542275906,3.5777184653232384e-6,9191.28688791702,4.202033784351626e-5
僑校,ORG,3,9.535918626827717e-4,5.618742311705429e-7,0.30000000000000004,3.7120902780355616e-5
李鐵錚,PERSON,10,0.003178639542275906,3.5777184652917025e-6,9191.28688791702,4.202033784351626e-5
政府,ORG,4,0.0012714558169103624,7.44054121105888e-7,6474.542729232576,4.2616663115278074e-5
上海義生橡膠廠出品事務所,ORG,3,9.535918626827717e-4,5.618742311758132e-7,0.30000000000000004,3.7120902780355616e-5
南匯,ORG,3,9.535918626827717e-4,5.618742311772662e-7,0.30000000000000004,3.7120902780355616e-5
新會,ORG,3,9.535918626827717e-4,5.618742311640173e-7,0.30000000000000004,3.7120902780355616e-5
馬寳山,PERSON,10,0.003178639542275906,3.5777184653308558e-6,9191.28688791702,4.202033784351626e-5
采丞,PERSON,2,6.357279084551812e-4,2.8765246169063744e-4,3145,4.631344942571323e-5
無錫旅滬,ORG,1,3.178639542275906e-4,1.5058433404982808e-5,0,4.042527388123055e-5
受孕節育婦科院,ORG,1,3.178639542275906e-4,8.195474863870338e-6,0,3.127638945360148e-5
上海婦科病院,ORG,1,3.178639542275906e-4,8.195474863866265e-6,0,3.127638945360148e-5
張慶鶴,PERSON,5,0.001589319771137953,1.5655337151686009e-4,9430.5,3.468849729429721e-5
孫推,PERSON,4,0.0012714558169103624,4.426143764281107e-6,1569.5000000000002,4.4310528181495923e-5
張志浩,PERSON,4,0.0012714558169103624,4.426143764286506e-6,1569.5000000000002,4.4310528181495923e-5
宏承,ORG,6,0.0019071837253655435,1.390235787764129e-6,3.75,3.890596428432479e-5
銀行週報社,ORG,6,0.0019071837253655435,1.3902357877584201e-6,3.75,3.890596428432479e-5
上海租界上訴院,ORG,6,0.0019071837253655435,1.390235787745008e-6,3.75,3.890596428432479e-5
金珊林,PERSON,4,0.0012714558169103624,4.426143764290341e-6,1569.5000000000002,4.4310528181495923e-5
楊立三,PERSON,4,0.0012714558169103624,4.426143764287142e-6,1569.5000000000002,4.4310528181495923e-5
楊勤生,PERSON,4,0.0012714558169103624,4.426143764284907e-6,1569.5000000000002,4.4310528181495923e-5
麟章,PERSON,4,0.0012714558169103624,4.426143764289997e-6,1569.5000000000002,4.4310528181495923e-5
丹卿,PERSON,4,0.0012714558169103624,2.737299199664637e-7,109.9627159638155,3.82262996941896e-5
郁美華·沈浩渡·應永,PERSON,4,0.0012714558169103624,2.737299199624476e-7,109.9627159638155,3.82262996941896e-5
丁儒,PERSON,4,0.0012714558169103624,2.737299199596397e-7,109.9627159638155,3.82262996941896e-5
李鴻興,PERSON,6,0.0019071837253655435,2.752820269985686e-7,62633.96271596357,3.8284839203675343e-05
大中華火柴公司,ORG,13,0.004132231404958678,1.2133021298984609e-6,13568.793306740668,4.092155338216639e-5
賀·趙·陳·陸,PERSON,4,0.0012714558169103624,2.7372991996214936e-7,109.9627159638155,3.82262996941896e-5
王·施·倪·單,PERSON,4,0.0012714558169103624,2.7372991996557794e-7,109.9627159638155,3.82262996941896e-5
鐘清,PERSON,4,0.0012714558169103624,2.73729919973485e-7,109.9627159638155,3.82262996941896e-5
蔣保廉,PERSON,4,0.0012714558169103624,2.737299199590782e-7,109.9627159638155,3.82262996941896e-5
王南貴,PERSON,4,0.0012714558169103624,2.737299199700591e-7,109.9627159638155,3.82262996941896e-5
華捕,PERSON,4,0.0012714558169103624,2.7372991996956206e-7,109.9627159638155,3.82262996941896e-5
林報云,PERSON,4,0.0012714558169103624,2.737299199730339e-7,109.9627159638155,3.82262996941896e-5
中央捕房,ORG,13,0.004132231404958678,1.2133021299164148e-6,13568.793306740668,4.092155338216639e-5
范銳,PERSON,4,0.0012714558169103624,2.7372991996700804e-7,109.9627159638155,3.82262996941896e-5
經濟部工礦調整處,ORG,13,0.004132231404958678,1.2133021299255926e-6,13568.793306740668,4.092155338216639e-5
翁文灝,PERSON,8,0.0025429116338207248,1.989069107209842e-5,148031.64352622817,4.682524817381532e-5
璉璋,PERSON,4,0.0012714558169103624,1.0811248455704721e-4,82278.04734434979,4.406839414771726e-5
中央,ORG,16,0.0050858232676414495,6.2868785109620525e-6,125193.32947019802,4.557261996992207e-5
上海九福公司,ORG,1,3.178639542275906e-4,5.6596235588753765e-6,0,3.8704183922282e-5
伏乞　亮,PERSON,2,6.357279084551812e-4,3.4050395045146607e-15,0.125,2.1537798836958863e-5
銘澤,PERSON,2,6.357279084551812e-4,3.3967880414055487e-15,0.125,2.1537798836958863e-5
斅泌,PERSON,2,6.357279084551812e-4,3.3979833503472323e-15,0.125,2.1537798836958863e-5
宇府,PERSON,2,6.357279084551812e-4,3.3954872252971335e-15,0.125,2.1537798836958863e-5
吕斆泌,PERSON,2,6.357279084551812e-4,3.3959314083661926e-15,0.125,2.1537798836958863e-5
迺綱,PERSON,2,6.357279084551812e-4,3.394417909339686e-15,0.125,2.1537798836958863e-5
鴛池之,PERSON,3,9.535918626827717e-4,3.706198701958707e-8,1.5666666666666664,3.153977165205324e-5
鴛池君,PERSON,3,9.535918626827717e-4,3.706198701639684e-8,1.5666666666666664,3.153977165205324e-5
中國郵政,ORG,18,0.00572155117609663,1.4786661608182915e-7,8329.999999999503,3.495647918341665e-5
馬崇鏸,PERSON,3,9.535918626827717e-4,3.706198702512578e-8,1.5666666666666664,3.153977165205324e-5
崑崙釀酒公司,ORG,18,0.00572155117609663,1.4786661606088978e-7,8329.999999999503,3.495647918341665e-5
樑君,PERSON,3,9.535918626827717e-4,3.706198702360079e-8,1.5666666666666664,3.153977165205324e-5
陸紅冰,PERSON,3,9.535918626827717e-4,3.706198700699192e-8,1.5666666666666664,3.153977165205324e-5
霍俊林,PERSON,3,9.535918626827717e-4,3.7061987019133016e-8,1.5666666666666664,3.153977165205324e-5
劉玉琴,PERSON,3,9.535918626827717e-4,3.706198701960346e-8,1.5666666666666664,3.153977165205324e-5
陸樹田,PERSON,3,9.535918626827717e-4,3.706198700507359e-8,1.5666666666666664,3.153977165205324e-5
梅龍,PERSON,3,9.535918626827717e-4,3.7061987020643765e-8,1.5666666666666664,3.153977165205324e-5
劉奎官,PERSON,3,9.535918626827717e-4,3.7061987029492e-8,1.5666666666666664,3.153977165205324e-5
董志揚,PERSON,3,9.535918626827717e-4,3.7061987020332646e-8,1.5666666666666664,3.153977165205324e-5
劉筱衡,PERSON,3,9.535918626827717e-4,3.706198702682434e-8,1.5666666666666664,3.153977165205324e-5
唐韻笙,PERSON,3,9.535918626827717e-4,3.706198701073831e-8,1.5666666666666664,3.153977165205324e-5
劉漢,PERSON,3,9.535918626827717e-4,3.706198701184605e-8,1.5666666666666664,3.153977165205324e-5
章氏墨莊,ORG,1,3.178639542275906e-4,4.6148182201390635e-8,0,3.847189627976763e-5
謹啟者本墨莊,ORG,1,3.178639542275906e-4,4.614818220162796e-8,0,3.847189627976763e-5
孫中山,PERSON,10,0.003178639542275906,8.815417813748562e-7,35050.099808156294,4.376750700280112e-5
中國美最時洋行,ORG,1,3.178639542275906e-4,4.614818220249582e-8,0,3.847189627976763e-5
廣萬源,ORG,1,3.178639542275906e-4,4.61481822031043e-8,0,3.847189627976763e-5
鎭江有利,ORG,1,3.178639542275906e-4,4.614818220147317e-8,0,3.847189627976763e-5
中華,ORG,5,0.001589319771137953,2.6937382758104517e-7,26783.475335005547,4.3101590448687555e-5
鎭江有利源,ORG,1,3.178639542275906e-4,4.6148182199580447e-8,0,3.847189627976763e-5
漢口,ORG,3,9.535918626827717e-4,1.620076436624508e-5,30258.03853257658,4.8883022926137754e-5
上海天福公,ORG,1,3.178639542275906e-4,4.614818220228717e-8,0,3.847189627976763e-5
北首家庭工業社,ORG,7,0.0022250476795931343,1.0745289549083403e-7,36099.12441069972,3.8050302499904876e-5
義成公司,ORG,4,0.0012714558169103624,6.271504464961146e-7,2474.1477531216806,3.85549600956163e-5
陳兆華,PERSON,4,0.0012714558169103624,1.0385049340647793e-5,7759.488865580221,3.890747801727492e-5
傅仲達,PERSON,6,0.0019071837253655435,5.744506882408889e-9,13203.203261880799,3.399510470492249e-5
恒昌,ORG,1,3.178639542275906e-4,3.0072146899750156e-10,0,3.071158748195694e-5
協記公益廠,ORG,1,3.178639542275906e-4,3.0072147129397115e-10,0,3.071158748195694e-5
口　康成造酒廠,ORG,2,6.357279084551812e-4,1.0781833604281007e-9,1699.3495684723873,3.366209984178813e-5
愛蘭漢百利公司,ORG,1,3.178639542275906e-4,3.0072147116828126e-10,0,3.071158748195694e-5
凱旋牌,ORG,1,3.178639542275906e-4,3.0072147068445365e-10,0,3.071158748195694e-5
惠詩客,ORG,21,0.006675143038779402,6.81288127255141e-7,8365.99766612199,4.006570776072759e-5
六合影片營業公,ORG,15,0.004767959313413859,5.435202022180684e-7,4024.5115121229205,3.9842224789832265e-5
沈誥,PERSON,4,0.0012714558169103624,4.944862475567186e-7,535.8542572783274,3.9629071887136404e-5
沈延哲,PERSON,4,0.0012714558169103624,4.944862475675232e-7,535.8542572783274,3.9629071887136404e-5
徐碧波,PERSON,4,0.0012714558169103624,4.94486247558054e-7,535.8542572783274,3.9629071887136404e-5
吳永剛,PERSON,4,0.0012714558169103624,4.944862475507013e-7,535.8542572783274,3.9629071887136404e-5
胡旭光,PERSON,4,0.0012714558169103624,4.944862475418249e-7,535.8542572783274,3.9629071887136404e-5
楊濟生,PERSON,4,0.0012714558169103624,4.944862475445696e-7,535.8542572783274,3.9629071887136404e-5
蔣文釗,PERSON,4,0.0012714558169103624,4.94486247558965e-7,535.8542572783274,3.9629071887136404e-5
張聿光,PERSON,4,0.0012714558169103624,4.944862475527426e-7,535.8542572783274,3.9629071887136404e-5
董翩翩,PERSON,4,0.0012714558169103624,4.944862475455699e-7,535.8542572783274,3.9629071887136404e-5
胡蝶,PERSON,5,0.001589319771137953,3.458375276060776e-6,58170.27588615827,4.5479352374022196e-5
鄭超凡,PERSON,4,0.0012714558169103624,4.944862475544501e-7,535.8542572783274,3.9629071887136404e-5
王吉亭,PERSON,4,0.0012714558169103624,4.944862475533413e-7,535.8542572783274,3.9629071887136404e-5
譚雪蓉,PERSON,4,0.0012714558169103624,4.944862475521246e-7,535.8542572783274,3.9629071887136404e-5
陳英,PERSON,4,0.0012714558169103624,4.94486247551018e-7,535.8542572783274,3.9629071887136404e-5
錦里西,ORG,3,9.535918626827717e-4,8.349935802896098e-8,19.52030526803482,3.6639431356025354e-5
翁志華,PERSON,9,0.002860775588048315,5.393078910358041e-7,11397.243584713533,4.1404438555813184e-5
Ｙenskow,PERSON,8,0.0025429116338207248,5.164237025771425e-7,4718.757491507014,3.965421524308034e-5
翁君,PERSON,9,0.002860775588048315,5.393078910412845e-7,11397.243584713533,4.1404438555813184e-5
萬國藥學會,ORG,3,9.535918626827717e-4,8.34993580228446e-8,19.52030526803482,3.6639431356025354e-5
經云,PERSON,1,3.178639542275906e-4,3.606279606137828e-8,0,3.559478892290169e-5
上海孔雀領帶公司,ORG,1,3.178639542275906e-4,2.2030922047311845e-8,0,3.656975681111721e-5
上海廣西路父子藥廠,ORG,1,3.178639542275906e-4,2.2030922049432415e-8,0,3.656975681111721e-5
張愼夫,PERSON,6,0.0019071837253655435,4.208438414291576e-7,13912.641780722697,4.132231404958678e-5
里本醫室,ORG,1,3.178639542275906e-4,2.2030922045027427e-8,0,3.656975681111721e-5
克利氏,PERSON,2,6.357279084551812e-4,7.172781982914373e-8,0.2857142857142857,3.559732308130429e-5
陳明,PERSON,5,0.001589319771137953,1.4851400891708362e-8,30109.17966529873,3.76335992774349e-5
保晋公司,ORG,1,3.178639542275906e-4,7.774618911964564e-10,0,3.365077228522395e-5
大影戲院,ORG,1,3.178639542275906e-4,7.774618873854863e-10,0,3.365077228522395e-5
大東書局,ORG,1,3.178639542275906e-4,1.1306319648321201e-7,0,4.03926162297532e-5
老寳芳公司,ORG,2,6.357279084551812e-4,3.5549581319858617e-7,0.25,3.9769337840524956e-5
百代公司,ORG,7,0.0022250476795931343,5.6617441688559984e-5,120335.52036628772,4.968944099378882e-5
月明影片公司,ORG,2,6.357279084551812e-4,3.554958131965366e-7,0.25,3.9769337840524956e-5
查瑞龍,PERSON,4,0.0012714558169103624,3.395414484541244e-6,28548.107421251152,4.545041359876375e-5
伍天游,PERSON,4,0.0012714558169103624,3.395414484545514e-6,28548.107421251152,4.545041359876375e-5
萬國儲蓄會,ORG,20,0.006357279084551812,8.198456016934256e-5,56674.32166908882,4.805151122002787e-5
黃絃音君,PERSON,3,9.535918626827717e-4,2.925976104938187e-11,0.375,2.9118863199580687e-5
余默華君,PERSON,3,9.535918626827717e-4,2.925975466715069e-11,0.375,2.9118863199580687e-5
段寳華君,PERSON,3,9.535918626827717e-4,2.925975873282897e-11,0.375,2.9118863199580687e-5
周刋社,ORG,8,0.0025429116338207248,1.8631067581794257e-10,7326.666666667233,3.2050254799525656e-5
徐廣治君,PERSON,3,9.535918626827717e-4,2.925976067023168e-11,0.375,2.9118863199580687e-5
旅社,ORG,8,0.0025429116338207248,1.8631066853834581e-10,7326.666666667233,3.2050254799525656e-5
楊非成,PERSON,3,9.535918626827717e-4,2.925976399579693e-11,0.375,2.9118863199580687e-5
燕西君,PERSON,3,9.535918626827717e-4,2.925976100808493e-11,0.375,2.9118863199580687e-5
黃君,PERSON,4,0.0012714558169103624,3.3541671227967475e-9,31360.375,3.562522265764161e-5
天漢君,PERSON,3,9.535918626827717e-4,2.925976738050498e-11,0.375,2.9118863199580687e-5
洋行成公司,ORG,8,0.0025429116338207248,1.863106786987079e-10,7326.666666667233,3.2050254799525656e-5
三友,ORG,3,9.535918626827717e-4,2.158115587624986e-5,1660.193486558307,4.802843283223668e-5
愛華製藥社,ORG,2,6.357279084551812e-4,7.505000893640279e-6,2.214493006706945,4.489337822671156e-5
費子彬,PERSON,2,6.357279084551812e-4,1.4464257900711578e-7,0.39682539682539686,3.7852979029449615e-5
南無,PERSON,2,6.357279084551812e-4,1.4464257900637478e-7,0.39682539682539686,3.7852979029449615e-5
生達信封廠,ORG,10,0.003178639542275906,1.3846671848089488e-4,86961.4258384881,5.607581450120563e-5
益壽醫院,ORG,6,0.0019071837253655435,6.351192678676679e-5,5444.855822805143,4.749014579474759e-5
孫覆武,PERSON,2,6.357279084551812e-4,9.414241947832913e-6,3.3545966929567324,4.16770859381512e-5
仁國君,PERSON,2,6.357279084551812e-4,9.414241947836318e-6,3.3545966929567324,4.16770859381512e-5
錢大鈞,PERSON,6,0.0019071837253655435,1.167349210356743e-6,15468.993709068076,4.351610095735422e-5
王正廷,PERSON,12,0.003814367450731087,4.1456150247508095e-7,53970.52301917834,4.116581590647127e-5
陳公博,PERSON,3,9.535918626827717e-4,4.602443392180252e-9,883.5784288271849,3.174804749507905e-5
渣華郵船公司,ORG,8,0.0025429116338207248,1.8913322140897747e-10,106328.16666666052,3.224246332419797e-5
益蓀,ORG,12,0.003814367450731087,3.671753231450736e-12,8524.166666666899,2.686944138431362e-5
波生台維,PERSON,6,0.0019071837253655435,1.0849508347483208e-11,14534.333333334102,2.9322073657049025e-5
益利,ORG,6,0.0019071837253655435,3.407760179520678e-12,2.4999999999999996,2.6853567496441904e-5
大來輪船公司,ORG,12,0.003814367450731087,3.671752826142788e-12,8524.166666666899,2.686944138431362e-5
美國郵船公司,ORG,12,0.003814367450731087,3.6717663966636774e-12,8524.166666666899,2.686944138431362e-5
塔虎脫,PERSON,6,0.0019071837253655435,1.0849505881146668e-11,14534.333333334102,2.9322073657049025e-5
胡佛,PERSON,6,0.0019071837253655435,1.0849512849181264e-11,14534.333333334102,2.9322073657049025e-5
傑克遜,PERSON,6,0.0019071837253655435,1.0849521646445867e-11,14534.333333334102,2.9322073657049025e-5
傑弗遜,PERSON,6,0.0019071837253655435,1.0849514174370927e-11,14534.333333334102,2.9322073657049025e-5
亞士,PERSON,6,0.0019071837253655435,1.0849520616487971e-11,14534.333333334102,2.9322073657049025e-5
發大藥房,ORG,2,6.357279084551812e-4,1.6154616184038528e-5,316.96593642762974,4.87638367386746e-5
聯合會,ORG,4,0.0012714558169103624,2.642895785561139e-7,1.5,3.728977887161129e-5
上海永大實業股份有限公司董事會,ORG,4,0.0012714558169103624,2.642895785552161e-7,1.5,3.728977887161129e-5
濟善醫院,ORG,4,0.0012714558169103624,2.642895785527785e-7,1.5,3.728977887161129e-5
王振川,PERSON,4,0.0012714558169103624,1.2621423795289872e-6,2355.75,4.223329673114283e-5
祖德,PERSON,4,0.0012714558169103624,1.2621423795128652e-6,2355.75,4.223329673114283e-5
袁珊寳,PERSON,4,0.0012714558169103624,1.2621423795157787e-6,2355.75,4.223329673114283e-5
范　源,PERSON,4,0.0012714558169103624,1.2621423795121596e-6,2355.75,4.223329673114283e-5
中國針灸學研究社,ORG,3,9.535918626827717e-4,4.33308416996509e-5,249.22277675973424,4.8988389751628865e-5
耀華玻璃,ORG,3,9.535918626827717e-4,4.333084169964286e-5,249.22277675973424,4.8988389751628865e-5
明華印刷公司,ORG,2,6.357279084551812e-4,1.0292837731436043e-12,0.25,2.6773044898396293e-5
張岱,PERSON,4,0.0012714558169103624,9.831290408278703e-12,4189.833333333113,2.9232927970065482e-5
陳眉公,PERSON,4,0.0012714558169103624,9.831296209528828e-12,4189.833333333113,2.9232927970065482e-5
鴛鴦舞廳,ORG,3,9.535918626827717e-4,1.5410843017333323e-12,6.25,2.6777346364975233e-5
大中國食品公司,ORG,2,6.357279084551812e-4,1.0292791515056847e-12,0.25,2.6773044898396293e-5
鴻餘地產公司,ORG,5,0.001589319771137953,4.4690284783922607e-4,598.4280293598405,4.964503797845405e-5
恒興祥洋貨店,ORG,5,0.001589319771137953,4.4690284783920655e-4,598.4280293598405,4.964503797845405e-5
王文泰,PERSON,6,0.0019071837253655435,2.1142729669278564e-4,4014.1586159645663,4.638649225345579e-5
蔡勁軍,PERSON,6,0.0019071837253655435,2.1142729669279087e-4,4014.1586159645663,4.638649225345579e-5
余震,PERSON,1,3.178639542275906e-4,5.861950886579521e-13,0,2.488924286923192e-5
孫玉成,PERSON,3,9.535918626827717e-4,2.115600905001732e-10,50080.2,2.948287045226723e-5
周頌康,PERSON,1,3.178639542275906e-4,5.861944118281994e-13,0,2.488924286923192e-5
彭菊洲,PERSON,1,3.178639542275906e-4,5.861927657165274e-13,0,2.488924286923192e-5
申江醫院,ORG,5,0.001589319771137953,1.1197983466394529e-11,47004,2.7002943320821968e-5
徐文聲,PERSON,1,3.178639542275906e-4,2.264077149367683e-8,0,3.579610538373425e-5
馬文,PERSON,1,3.178639542275906e-4,2.264077149817644e-8,0,3.579610538373425e-5
繆慶邦,PERSON,3,9.535918626827717e-4,2.460100460280651e-6,6665.398050234011,4.0163868583821995e-5
法租界行政當局,ORG,7,0.0022250476795931343,4.3249343959001177e-7,19826.904921896574,4.0337219152111657e-5
姚肇第,PERSON,5,0.001589319771137953,5.6883653577819936e-6,41761.93710392043,4.504098729844158e-5
郭少榮,PERSON,1,3.178639542275906e-4,2.264077149561336e-8,0,3.579610538373425e-5
陳金山,PERSON,1,3.178639542275906e-4,2.2640771492476494e-8,0,3.579610538373425e-5
馬宗,PERSON,1,3.178639542275906e-4,2.2640771496837975e-8,0,3.579610538373425e-5
謝啓,PERSON,7,0.0022250476795931343,2.0162714949438826e-4,45476.2272157854,4.95000495000495e-5
江海關,ORG,2,6.357279084551812e-4,4.5138170332100124e-10,0.14285714285714285,3.1789426836634136e-5
長久藥行,ORG,1,3.178639542275906e-4,1.1499719290111962e-9,0,3.2751449251629386e-5
印度𠶋喱飯店,ORG,1,3.178639542275906e-4,1.1499719291455162e-9,0,3.2751449251629386e-5
岡崎,PERSON,2,6.357279084551812e-4,3.2131525861260394e-5,448.42857142854166,4.5964331678617394e-5
布吿云,PERSON,2,6.357279084551812e-4,3.213152586126755e-5,448.42857142854166,4.5964331678617394e-5
朱龍,PERSON,2,6.357279084551812e-4,3.213152586127374e-5,448.42857142854166,4.5964331678617394e-5
周裕國,PERSON,2,6.357279084551812e-4,3.213152586127291e-5,448.42857142854166,4.5964331678617394e-5
董芊里,PERSON,2,6.357279084551812e-4,3.2131525861262874e-5,448.42857142854166,4.5964331678617394e-5
丁志洪,PERSON,2,6.357279084551812e-4,3.213152586126535e-5,448.42857142854166,4.5964331678617394e-5
張厲斌,PERSON,2,6.357279084551812e-4,3.213152586126576e-5,448.42857142854166,4.5964331678617394e-5
義泰興煤球廠,ORG,7,0.0022250476795931343,1.1774462407696065e-5,10.5,4.017839206074973e-5
五和織造廠,ORG,1,3.178639542275906e-4,1.1306319647686731e-7,0,4.03926162297532e-5
振豐紡織,ORG,1,3.178639542275906e-4,1.1306319648381743e-7,0,4.03926162297532e-5
振豐總發行所,ORG,1,3.178639542275906e-4,1.1306319648229845e-7,0,4.03926162297532e-5
景福廠總管理處,ORG,1,3.178639542275906e-4,1.1306319648455569e-7,0,4.03926162297532e-5
太古輪船公司,ORG,4,0.0012714558169103624,5.991094173183622e-4,2821.660737838862,3.990582225946766e-5
丁永昌,PERSON,11,0.0034965034965034965,3.8925289543136114e-4,55.58333333333329,3.552397868561279e-5
白玉艷,PERSON,6,0.0019071837253655435,1.8817810652435317e-4,3.75,3.546853940554728e-5
志奮内衣廠,ORG,4,0.0012714558169103624,5.991094173183664e-4,2821.660737838862,3.990582225946766e-5
聖喬賜富,ORG,4,0.0012714558169103624,5.991094173183762e-4,2821.660737838862,3.990582225946766e-5
阿司匹靈,ORG,4,0.0012714558169103624,5.991094173183614e-4,2821.660737838862,3.990582225946766e-5
威斯登洋行,ORG,4,0.0012714558169103624,5.991094173183674e-4,2821.660737838862,3.990582225946766e-5
維他新那,ORG,4,0.0012714558169103624,5.991094173183794e-4,2821.660737838862,3.990582225946766e-5
柯索　蒂,PERSON,4,0.0012714558169103624,1.139391527304393e-4,274.2352941176406,4.3671936413660584e-5
西崽,PERSON,4,0.0012714558169103624,1.1393915273045388e-4,274.2352941176406,4.3671936413660584e-5
希爾登,PERSON,4,0.0012714558169103624,1.1393915273046957e-4,274.2352941176406,4.3671936413660584e-5
希氏,PERSON,4,0.0012714558169103624,1.1393915273045196e-4,274.2352941176406,4.3671936413660584e-5
柯氏,PERSON,4,0.0012714558169103624,1.1393915273046434e-4,274.2352941176406,4.3671936413660584e-5
青雲乒乓隊,ORG,34,0.01080737444373808,2.0281444993422302e-4,165,3.850448577259251e-5
上海混合隊,ORG,34,0.01080737444373808,2.028144499342883e-4,165,3.850448577259251e-5
葉玉傑,PERSON,4,0.0012714558169103624,1.1393915273048285e-4,274.2352941176406,4.3671936413660584e-5
黃桐音,PERSON,4,0.0012714558169103624,1.1393915273043546e-4,274.2352941176406,4.3671936413660584e-5
張詠如,PERSON,4,0.0012714558169103624,1.1393915273046714e-4,274.2352941176406,4.3671936413660584e-5
王光美,PERSON,4,0.0012714558169103624,1.1393915273044583e-4,274.2352941176406,4.3671936413660584e-5
梁玉傑,PERSON,4,0.0012714558169103624,1.1393915273046069e-4,274.2352941176406,4.3671936413660584e-5
蔡秀　·,PERSON,4,0.0012714558169103624,1.1393915273045287e-4,274.2352941176406,4.3671936413660584e-5
林金蘭,PERSON,4,0.0012714558169103624,1.1393915273043451e-4,274.2352941176406,4.3671936413660584e-5
方秀雯,PERSON,4,0.0012714558169103624,1.1393915273043515e-4,274.2352941176406,4.3671936413660584e-5
胡家和,PERSON,4,0.0012714558169103624,1.1393915273044169e-4,274.2352941176406,4.3671936413660584e-5
張連生,PERSON,4,0.0012714558169103624,1.1393915273045061e-4,274.2352941176406,4.3671936413660584e-5
楊兆祥,PERSON,4,0.0012714558169103624,1.1393915273044156e-4,274.2352941176406,4.3671936413660584e-5
王昌厚,PERSON,4,0.0012714558169103624,1.1393915273045575e-4,274.2352941176406,4.3671936413660584e-5
容德能,PERSON,4,0.0012714558169103624,1.1393915273045383e-4,274.2352941176406,4.3671936413660584e-5
歐陽維,PERSON,4,0.0012714558169103624,1.1393915273046408e-4,274.2352941176406,4.3671936413660584e-5
朱葵生,PERSON,4,0.0012714558169103624,1.1393915273044856e-4,274.2352941176406,4.3671936413660584e-5
王惠章,PERSON,4,0.0012714558169103624,1.1393915273046615e-4,274.2352941176406,4.3671936413660584e-5
陳兆文,PERSON,4,0.0012714558169103624,1.139391527304677e-4,274.2352941176406,4.3671936413660584e-5
高祖培,PERSON,4,0.0012714558169103624,1.139391527304503e-4,274.2352941176406,4.3671936413660584e-5
方興民,PERSON,4,0.0012714558169103624,1.1393915273044725e-4,274.2352941176406,4.3671936413660584e-5
青雲隊,ORG,34,0.01080737444373808,2.0281444993421616e-4,165,3.850448577259251e-5
陸漢俊,PERSON,4,0.0012714558169103624,1.1393915273043493e-4,274.2352941176406,4.3671936413660584e-5
姚冠凡,PERSON,4,0.0012714558169103624,1.1393915273044807e-4,274.2352941176406,4.3671936413660584e-5
張英,PERSON,5,0.001589319771137953,1.14253986738566e-4,9703.235294118018,4.368338284116722e-5
郎德培,PERSON,4,0.0012714558169103624,1.1393915273043977e-4,274.2352941176406,4.3671936413660584e-5
謝　華,PERSON,4,0.0012714558169103624,1.139391527304517e-4,274.2352941176406,4.3671936413660584e-5
張志鴻,PERSON,4,0.0012714558169103624,1.1393915273045234e-4,274.2352941176406,4.3671936413660584e-5
李宗浦,PERSON,4,0.0012714558169103624,1.1393915273041915e-4,274.2352941176406,4.3671936413660584e-5
鄧秀榮,PERSON,4,0.0012714558169103624,1.1393915273046271e-4,274.2352941176406,4.3671936413660584e-5
郭競仁,PERSON,4,0.0012714558169103624,1.1393915273044393e-4,274.2352941176406,4.3671936413660584e-5
方克平,PERSON,4,0.0012714558169103624,1.1393915273044031e-4,274.2352941176406,4.3671936413660584e-5
唐軍,PERSON,5,0.001589319771137953,2.9128121939521154e-6,12574,4.260032376246059e-5
上海縣黨部,ORG,1,3.178639542275906e-4,1.5248396687257122e-7,0,3.7567151282918214e-5
第三區黨部,ORG,1,3.178639542275906e-4,1.5248396687088972e-7,0,3.7567151282918214e-5
陽曆黨,ORG,1,3.178639542275906e-4,1.524839668743607e-7,0,3.7567151282918214e-5
縣政府,ORG,1,3.178639542275906e-4,1.5248396687520885e-7,0,3.7567151282918214e-5
公餘乒乓隊,ORG,10,0.003178639542275906,1.5293284988781374e-5,7.5,4.057618178129438e-5
陳芹香君,PERSON,6,0.0019071837253655435,2.921386943802458e-5,2555.2497900848125,4.6472720513058835e-5
宋豹雄君,PERSON,6,0.0019071837253655435,2.9213869438008415e-5,2555.2497900848125,4.6472720513058835e-5
楊凛知,PERSON,6,0.0019071837253655435,2.921386943801397e-5,2555.2497900848125,4.6472720513058835e-5
張嘉惠,PERSON,6,0.0019071837253655435,2.9213869438020348e-5,2555.2497900848125,4.6472720513058835e-5
三發,ORG,10,0.003178639542275906,1.5293284988811776e-5,7.5,4.057618178129438e-5
律師事務所,ORG,10,0.003178639542275906,1.5293284988800073e-5,7.5,4.057618178129438e-5
法會,ORG,10,0.003178639542275906,1.529328498880586e-5,7.5,4.057618178129438e-5
聶宗義,PERSON,6,0.0019071837253655435,2.921386943802042e-5,2555.2497900848125,4.6472720513058835e-5
光華大學,ORG,16,0.0050858232676414495,4.1489779166048875e-4,33406.98018316288,5.045154129458655e-5
李厚川君,PERSON,6,0.0019071837253655435,2.921386943802047e-5,2555.2497900848125,4.6472720513058835e-5
李懋齋,PERSON,6,0.0019071837253655435,2.9213869438018542e-5,2555.2497900848125,4.6472720513058835e-5
沈秀華,PERSON,6,0.0019071837253655435,2.9213869438022807e-5,2555.2497900848125,4.6472720513058835e-5
尤娟秀,PERSON,6,0.0019071837253655435,2.9213869438027466e-5,2555.2497900848125,4.6472720513058835e-5
餘興云,PERSON,6,0.0019071837253655435,2.9213869438018027e-5,2555.2497900848125,4.6472720513058835e-5
雷誦芬,PERSON,1,3.178639542275906e-4,2.4291435043474856e-9,0,3.4324157341937255e-5
中國　最時洋行,ORG,3,9.535918626827717e-4,4.6402510493864206e-8,6288.999999999999,3.847781753818924e-5
黃自雄,PERSON,1,3.178639542275906e-4,2.4291435075123816e-9,0,3.4324157341937255e-5
三友公,ORG,1,3.178639542275906e-4,1.7419890217635353e-8,0,3.54295837023915e-5
啟陶陶音樂公司,ORG,1,3.178639542275906e-4,1.74198902169344e-8,0,3.54295837023915e-5
華章,ORG,1,3.178639542275906e-4,1.7419890219004168e-8,0,3.54295837023915e-5
和記造紙廠,ORG,1,3.178639542275906e-4,1.7419890215986547e-8,0,3.54295837023915e-5
李順楚,PERSON,5,0.001589319771137953,3.327619927347007e-7,12574,3.9872408293460924e-5
梅蘭芬,PERSON,2,6.357279084551812e-4,1.0380641964843577e-5,1047.666666666601,3.873866893933525e-5
鹿原學人,PERSON,2,6.357279084551812e-4,1.038064196484291e-5,1047.666666666601,3.873866893933525e-5
秦腔坤伶,PERSON,2,6.357279084551812e-4,1.0380641964841079e-5,1047.666666666601,3.873866893933525e-5
王君九,PERSON,3,9.535918626827717e-4,4.0436312963444014e-7,5381.784276278058,4.04236397445226e-5
劉鳳叔,PERSON,3,9.535918626827717e-4,4.0436312962653785e-7,5381.784276278058,4.04236397445226e-5
臧晉叔,PERSON,3,9.535918626827717e-4,4.0436312962541585e-7,5381.784276278058,4.04236397445226e-5
林紓,PERSON,3,9.535918626827717e-4,4.043631296262223e-7,5381.784276278058,4.04236397445226e-5
妃廟,ORG,4,0.0012714558169103624,8.467266671758365e-8,2,3.5871865695734833e-5
首家庭工業社,ORG,1,3.178639542275906e-4,2.1125177541036276e-8,0,3.700551382155941e-5
明德法老藥房,ORG,1,3.178639542275906e-4,2.1125177542165298e-8,0,3.700551382155941e-5
法麟氏,PERSON,4,0.0012714558169103624,4.0354193325036134e-7,21615.24373545631,4.1879554401541165e-5
萬春醫院,ORG,1,3.178639542275906e-4,1.9843671628949822e-5,0,4.8120879649679994e-5
中國牙科醫院,ORG,14,0.004450095359186269,1.78307301323338e-4,131886.46229536377,5.627145349164369e-5
上海書業公所,ORG,1,3.178639542275906e-4,2.170204541737977e-8,0,3.64471334329555e-5
書業公所,ORG,1,3.178639542275906e-4,2.1702045412437513e-8,0,3.64471334329555e-5
外交部,ORG,1,3.178639542275906e-4,2.1702045412883526e-8,0,3.64471334329555e-5
中組會,ORG,2,6.357279084551812e-4,1.222200584750834e-7,0.16666666666666666,3.8280442521915554e-5
中常會,ORG,2,6.357279084551812e-4,1.222200584756587e-7,0.16666666666666666,3.8280442521915554e-5
蒙藏會,ORG,2,6.357279084551812e-4,1.222200584729805e-7,0.16666666666666666,3.8280442521915554e-5
何成濬,PERSON,6,0.0019071837253655435,1.1673492103626097e-6,15468.993709068076,4.351610095735422e-5
臨時全代會,ORG,2,6.357279084551812e-4,1.2222005847597324e-7,0.16666666666666666,3.8280442521915554e-5
上海德商禮和洋行,ORG,5,0.001589319771137953,6.688507163864544e-5,42.18499058488325,4.629843974258068e-5
林濚慶,PERSON,4,0.0012714558169103624,5.665724586278256e-6,22648.43140223745,4.49034575662326e-5
閔采君,PERSON,4,0.0012714558169103624,5.665724586279099e-6,22648.43140223745,4.49034575662326e-5
閔采章君,PERSON,8,0.0025429116338207248,6.05919412458987e-6,74482.8016737708,4.49195939268709e-5
閔君名,PERSON,4,0.0012714558169103624,5.66572458628295e-6,22648.43140223745,4.49034575662326e-5
姚肇第律師事務所,ORG,27,0.008582326764144946,9.8038518806663e-6,142140.7180816733,4.382312984793374e-5
顧守熙律師事務所,ORG,27,0.008582326764144946,9.803851880671735e-6,142140.7180816733,4.382312984793374e-5
林濚慶律師事務所,ORG,6,0.0019071837253655435,8.241992332556766e-6,1504.145731815883,4.324698352289928e-5
財政局,ORG,2,6.357279084551812e-4,3.699895735174397e-12,0.5,2.6500596263415928e-5
土地局,ORG,5,0.001589319771137953,6.713651230131692e-10,9430.25,3.179751343444942e-5
黄伯樵,PERSON,2,6.357279084551812e-4,3.533918487605414e-11,1572,2.8908418131359853e-5
歐西風,PERSON,2,6.357279084551812e-4,3.5339185267655496e-11,1572,2.8908418131359853e-5
英美公司大,ORG,5,0.001589319771137953,6.551974016364928e-5,53.21383214496196,4.629843974258068e-5
中央國醫館,ORG,1,3.178639542275906e-4,2.1288601697988757e-7,0,4.045798438321803e-5
秦伯永,PERSON,6,0.0019071837253655435,4.0666372922258346e-6,36835.06644150896,4.6356387910254036e-5
中央衛生試騐所,ORG,6,0.0019071837253655435,7.61374596550734e-5,55467.579428993915,5.305884225606197e-5
中西醫院,ORG,1,3.178639542275906e-4,2.1288601698215122e-7,0,4.045798438321803e-5
廣州民生實業公司,ORG,6,0.0019071837253655435,2.6399774831047113e-13,1.6666666666666665,2.301125250247371e-5
怡和,ORG,6,0.0019071837253655435,2.6398793555359216e-13,1.6666666666666665,2.301125250247371e-5
浙江公司,ORG,6,0.0019071837253655435,2.6398222140241403e-13,1.6666666666666665,2.301125250247371e-5
德利輪船,ORG,6,0.0019071837253655435,2.639855567220997e-13,1.6666666666666665,2.301125250247371e-5
克利扶倫,PERSON,9,0.002860775588048315,8.403901630886365e-13,2577.4583333332725,2.4800357125142602e-5
范白倫,PERSON,9,0.002860775588048315,8.403820464173694e-13,2577.4583333332725,2.4800357125142602e-5
傑克邇,PERSON,9,0.002860775588048315,8.403822019731228e-13,2577.4583333332725,2.4800357125142602e-5
柯立芝,PERSON,9,0.002860775588048315,8.403797913589872e-13,2577.4583333332725,2.4800357125142602e-5
麥金蘭,PERSON,9,0.002860775588048315,8.40370799580424e-13,2577.4583333332725,2.4800357125142602e-5
呂宋,PERSON,9,0.002860775588048315,8.403703346562867e-13,2577.4583333332725,2.4800357125142602e-5
勞資製畫公司,ORG,2,6.357279084551812e-4,1.8572546168540203e-10,517.6666666666373,3.2171926776694654e-5
陳君,PERSON,17,0.00540368722186904,3.4892905118057415e-9,183922.14328019804,3.579098067287044e-5
楊君,PERSON,6,0.0019071837253655435,5.851403290464574e-11,92.5,2.9282576866764276e-5
中法實業公司,ORG,2,6.357279084551812e-4,1.8572546683367827e-10,517.6666666666373,3.2171926776694654e-5
華洋雜貨商廠,ORG,2,6.357279084551812e-4,1.8572546329438093e-10,517.6666666666373,3.2171926776694654e-5
申莊,ORG,2,6.357279084551812e-4,1.857254585764521e-10,517.6666666666373,3.2171926776694654e-5
寗益,ORG,2,6.357279084551812e-4,1.857254738910454e-10,517.6666666666373,3.2171926776694654e-5
十九路軍,ORG,4,0.0012714558169103624,8.507710345279481e-8,2,3.5133330991111266e-5
泰檜,PERSON,3,9.535918626827717e-4,4.0629455950747066e-7,17170.75,3.9488232506713e-5
朱南山,PERSON,3,9.535918626827717e-4,4.0629455950826486e-7,17170.75,3.9488232506713e-5
小南鶴臯,PERSON,3,9.535918626827717e-4,4.0629455949873394e-7,17170.75,3.9488232506713e-5
美德醫院,ORG,6,0.0019071837253655435,7.5900779971114205e-6,81124.21449300669,4.499842505512307e-5
張湘玲,PERSON,3,9.535918626827717e-4,4.06294559507159e-7,17170.75,3.9488232506713e-5
山醫生,ORG,2,6.357279084551812e-4,3.555240889157162e-7,583.3672796329075,4.2938726437373865e-5
黃黃卿啟,PERSON,3,9.535918626827717e-4,1.097941163622258e-7,5.158333333333333,3.7855844942459115e-5
鄭美泰玻璃砂部,ORG,2,6.357279084551812e-4,3.555240889223057e-7,583.3672796329075,4.2938726437373865e-5
敎育局,ORG,18,0.00572155117609663,0.008271569245129739,13.909090909090912,3.7052132350216754e-5
上海市兒童假期健康活動促進會,ORG,18,0.00572155117609663,0.008271569245129737,13.909090909090912,3.7052132350216754e-5
衛生局,ORG,18,0.00572155117609663,0.008271569245129786,13.909090909090912,3.7052132350216754e-5
上海市兒童假期健康促進會,ORG,18,0.00572155117609663,0.008271569245129774,13.909090909090912,3.7052132350216754e-5
自動機工程學會,ORG,18,0.00572155117609663,0.008271569245129803,13.909090909090912,3.7052132350216754e-5
中學訓育研究會,ORG,18,0.00572155117609663,0.008271569245129728,13.909090909090912,3.7052132350216754e-5
武昌敎育學院,ORG,18,0.00572155117609663,0.008271569245129737,13.909090909090912,3.7052132350216754e-5
張宗麟,PERSON,11,0.0034965034965034965,0.00877816433641059,1735.2777777778492,4.1879554401541165e-5
黃人俊,PERSON,11,0.0034965034965034965,0.008778164336410595,1735.2777777778492,4.1879554401541165e-5
安徽大學敎育系,ORG,18,0.00572155117609663,0.008271569245129756,13.909090909090912,3.7052132350216754e-5
敎育系,ORG,18,0.00572155117609663,0.008271569245129763,13.909090909090912,3.7052132350216754e-5
郝耀東,PERSON,11,0.0034965034965034965,0.008778164336410606,1735.2777777778492,4.1879554401541165e-5
南通大學紡織科,ORG,18,0.00572155117609663,0.008271569245129728,13.909090909090912,3.7052132350216754e-5
黃龍,PERSON,11,0.0034965034965034965,0.008778164336410562,1735.2777777778492,4.1879554401541165e-5
陳晋華,PERSON,11,0.0034965034965034965,0.008778164336410588,1735.2777777778492,4.1879554401541165e-5
劉業懋,PERSON,11,0.0034965034965034965,0.00877816433641062,1735.2777777778492,4.1879554401541165e-5
朱金湯,PERSON,11,0.0034965034965034965,0.008778164336410616,1735.2777777778492,4.1879554401541165e-5
高景崑,PERSON,11,0.0034965034965034965,0.008778164336410564,1735.2777777778492,4.1879554401541165e-5
須俊康,PERSON,11,0.0034965034965034965,0.008778164336410578,1735.2777777778492,4.1879554401541165e-5
黃郁炎,PERSON,11,0.0034965034965034965,0.008778164336410599,1735.2777777778492,4.1879554401541165e-5
王汝駿,PERSON,11,0.0034965034965034965,0.008778164336410627,1735.2777777778492,4.1879554401541165e-5
王德培,PERSON,11,0.0034965034965034965,0.008778164336410595,1735.2777777778492,4.1879554401541165e-5
王亞球,PERSON,11,0.0034965034965034965,0.008778164336410606,1735.2777777778492,4.1879554401541165e-5
陳繕正,PERSON,11,0.0034965034965034965,0.00877816433641061,1735.2777777778492,4.1879554401541165e-5
左燮卿,PERSON,11,0.0034965034965034965,0.008778164336410623,1735.2777777778492,4.1879554401541165e-5
李維道,PERSON,11,0.0034965034965034965,0.008778164336410585,1735.2777777778492,4.1879554401541165e-5
况餘盈,PERSON,11,0.0034965034965034965,0.008778164336410595,1735.2777777778492,4.1879554401541165e-5
朱冠凡,PERSON,11,0.0034965034965034965,0.00877816433641059,1735.2777777778492,4.1879554401541165e-5
葛雲山,PERSON,2,6.357279084551812e-4,5.221453315725057e-11,785.5,2.6449428692340246e-5
鄒巳,PERSON,2,6.357279084551812e-4,5.221453725797238e-11,785.5,2.6449428692340246e-5
郭寳豐,PERSON,2,6.357279084551812e-4,5.221452604164443e-11,785.5,2.6449428692340246e-5
張春勝,PERSON,2,6.357279084551812e-4,5.221453364281158e-11,785.5,2.6449428692340246e-5
第二特區法院,ORG,4,0.0012714558169103624,1.0933488876958936e-11,3,2.4421813563875253e-5
市興業信託社,ORG,5,0.001589319771137953,5.719072773651996e-6,798.8659451726644,4.132060658650469e-5
寇克倫,PERSON,3,9.535918626827717e-4,1.546869888499276e-5,433.7459419213022,4.113195129976966e-5
鮑爾文,PERSON,3,9.535918626827717e-4,1.5468698884998134e-5,433.7459419213022,4.113195129976966e-5
法殖民軍,ORG,5,0.001589319771137953,5.719072773650767e-6,798.8659451726644,4.132060658650469e-5
龐薩爾,PERSON,3,9.535918626827717e-4,1.5468698885002257e-5,433.7459419213022,4.113195129976966e-5
龐氏,PERSON,3,9.535918626827717e-4,1.546869888499477e-5,433.7459419213022,4.113195129976966e-5
鮑氏,PERSON,7,0.0022250476795931343,4.737331265956573e-5,21034.353561858337,4.7474363843524496e-5
顧志春,PERSON,2,6.357279084551812e-4,4.1633743358858885e-6,2091.333333333308,3.510989396812022e-5
憤懣,PERSON,2,6.357279084551812e-4,4.163374335884311e-6,2091.333333333308,3.510989396812022e-5
賀漢澄,PERSON,2,6.357279084551812e-4,4.163374335882869e-6,2091.333333333308,3.510989396812022e-5
李尊庸,PERSON,2,6.357279084551812e-4,4.163374335888547e-6,2091.333333333308,3.510989396812022e-5
張鳴欽,PERSON,2,6.357279084551812e-4,4.163374335870282e-6,2091.333333333308,3.510989396812022e-5
總局,ORG,9,0.002860775588048315,1.3185410836624539e-6,9439.5,3.1634557590712096e-5
李冷呈,PERSON,2,6.357279084551812e-4,4.163374335879976e-6,2091.333333333308,3.510989396812022e-5
艾登,PERSON,4,0.0012714558169103624,1.4523027285611316e-12,3142.0000000000005,2.404308520869398e-5
下院,ORG,3,9.535918626827717e-4,2.2802808348275676e-13,0.75,2.2354861064538485e-5
英下院,ORG,3,9.535918626827717e-4,2.280279026224581e-13,0.75,2.2354861064538485e-5
工黨,ORG,3,9.535918626827717e-4,2.2803236626060423e-13,0.75,2.2354861064538485e-5
布爾克,PERSON,4,0.0012714558169103624,1.452296043234036e-12,3142.0000000000005,2.404308520869398e-5
艾登當,PERSON,4,0.0012714558169103624,1.4523001967982239e-12,3142.0000000000005,2.404308520869398e-5
西湖勸業旅館,ORG,2,6.357279084551812e-4,7.505000893645231e-6,2.214493006706945,4.489337822671156e-5
種德園,ORG,4,0.0012714558169103624,2.2244263470928193e-5,1796.4163715718162,4.8033046736154476e-5
上海中國瘋病院,ORG,5,0.001589319771137953,2.2747173388203078e-5,2971.458846830715,4.803766152663688e-5
中華義勇軍,ORG,6,0.0019071837253655435,6.815830348586274e-4,1885.2744875521512,4.965489845573266e-5
蔡維才·,PERSON,6,0.0019071837253655435,2.2765192167813973e-4,3.480102667602668,4.298486932599725e-5
呂若望·,PERSON,6,0.0019071837253655435,2.2765192167814783e-4,3.480102667602668,4.298486932599725e-5
朱竟成·,PERSON,6,0.0019071837253655435,2.2765192167813596e-4,3.480102667602668,4.298486932599725e-5
陳仲衡·唐世良,PERSON,6,0.0019071837253655435,2.2765192167814127e-4,3.480102667602668,4.298486932599725e-5
特區第二法院,ORG,6,0.0019071837253655435,6.815830348586373e-4,1885.2744875521512,4.965489845573266e-5
財政部稅警團,ORG,6,0.0019071837253655435,6.815830348586171e-4,1885.2744875521512,4.965489845573266e-5
軍法處,ORG,6,0.0019071837253655435,6.815830348586224e-4,1885.2744875521512,4.965489845573266e-5
警備司令部軍法處,ORG,6,0.0019071837253655435,6.815830348586305e-4,1885.2744875521512,4.965489845573266e-5
韋世所,PERSON,15,0.004767959313413859,2.4057362992579767e-4,61490.21747489547,5.458515283842795e-5
孫兆圖,PERSON,12,0.003814367450731087,2.339839431174551e-4,58939.783483385305,5.456728145803776e-5
個祐興,PERSON,1,3.178639542275906e-4,2.8724161562976054e-6,0,4.231192350004231e-5
馬化影啟,PERSON,1,3.178639542275906e-4,2.8724161563005726e-6,0,4.231192350004231e-5
兜安,ORG,4,0.0012714558169103624,5.348264907931066e-5,50.2666610388573,4.8773350241428086e-5
党波平,PERSON,2,6.357279084551812e-4,2.1097390764600615e-10,0.2,2.9455081001472753e-5
王紫宸,PERSON,2,6.357279084551812e-4,2.1097390194318604e-10,0.2,2.9455081001472753e-5
華隆中醫院,ORG,5,0.001589319771137953,2.0150559177459956e-9,31277,3.2460155159541666e-5
郭柏良,PERSON,3,9.535918626827717e-4,3.7647957212137314e-8,68728.2,3.609847664428561e-5
父子醫院,ORG,5,0.001589319771137953,2.015055916928447e-9,31277,3.2460155159541666e-5
佘震啓,PERSON,2,6.357279084551812e-4,2.1097390892541232e-10,0.2,2.9455081001472753e-5
姚崇培,PERSON,1,3.178639542275906e-4,3.7436983321910945e-8,0,3.6041231168456714e-5
兪永康,PERSON,1,3.178639542275906e-4,3.743698331743847e-8,0,3.6041231168456714e-5
渭臣,ORG,5,0.001589319771137953,7.151368357053944e-7,81192,4.0648754115686354e-5
張益君,PERSON,1,3.178639542275906e-4,3.743698331698078e-8,0,3.6041231168456714e-5
黑衫黨,ORG,2,6.357279084551812e-4,2.5047132347164507e-7,626.2000000000291,4.045798438321803e-5
義王,PERSON,5,0.001589319771137953,6.559634853860454e-8,25,3.592728317884602e-5
玉趾,PERSON,14,0.004450095359186269,4.719011109083954e-6,139715.16415825248,4.6352090479280616e-5
福記,ORG,2,6.357279084551812e-4,2.504713234657063e-7,626.2000000000291,4.045798438321803e-5
興泰昌,ORG,2,6.357279084551812e-4,2.5047132347179124e-7,626.2000000000291,4.045798438321803e-5
華洋海味國産廠,ORG,2,6.357279084551812e-4,2.5047132347435224e-7,626.2000000000291,4.045798438321803e-5
衛生署,ORG,17,0.00540368722186904,3.5839279080538905e-5,1055.257470287979,3.501768393038485e-5
廣大華,PERSON,3,9.535918626827717e-4,1.5170149334359076e-5,208.6483517660176,3.8663779771110426e-5
陳邦彥,PERSON,4,0.0012714558169103624,2.4916653784302727e-5,424.88767286813993,3.866676977805274e-5
鹿苹其昇,PERSON,3,9.535918626827717e-4,1.5170149334372974e-5,208.6483517660176,3.8663779771110426e-5
其廉,PERSON,3,9.535918626827717e-4,1.5170149334353342e-5,208.6483517660176,3.8663779771110426e-5
其美承,PERSON,3,9.535918626827717e-4,1.5170149334363537e-5,208.6483517660176,3.8663779771110426e-5
朱理民,PERSON,4,0.0012714558169103624,2.4916653784292298e-5,424.88767286813993,3.866676977805274e-5
張昌敬,PERSON,4,0.0012714558169103624,2.491665378428987e-5,424.88767286813993,3.866676977805274e-5
周世敏,PERSON,3,9.535918626827717e-4,1.5170149334378507e-5,208.6483517660176,3.8663779771110426e-5
利泰紡織總公,ORG,31,0.009853782581055308,2.1810794770433728e-4,102372.0998676244,4.400827355542842e-5
福大,ORG,17,0.00540368722186904,3.5839279080509814e-5,1055.257470287979,3.501768393038485e-5
周聯芳,PERSON,3,9.535918626827717e-4,1.5170149334365448e-5,208.6483517660176,3.8663779771110426e-5
馬積祚,PERSON,3,9.535918626827717e-4,1.5170149334375629e-5,208.6483517660176,3.8663779771110426e-5
福長欣蘭,PERSON,3,9.535918626827717e-4,1.5170149334380772e-5,208.6483517660176,3.8663779771110426e-5
金潤庠,PERSON,3,9.535918626827717e-4,1.5170149334371397e-5,208.6483517660176,3.8663779771110426e-5
陳振明,PERSON,3,9.535918626827717e-4,1.5170149334373284e-5,208.6483517660176,3.8663779771110426e-5
王益吾,PERSON,3,9.535918626827717e-4,1.5170149334374824e-5,208.6483517660176,3.8663779771110426e-5
振璜璆,PERSON,3,9.535918626827717e-4,1.5170149334358236e-5,208.6483517660176,3.8663779771110426e-5
鄒勇,PERSON,3,9.535918626827717e-4,1.5170149334366542e-5,208.6483517660176,3.8663779771110426e-5
徐悌性,PERSON,9,0.002860775588048315,5.41504215770331e-8,43894.85714285714,3.8946876460507865e-5
謝啓日,PERSON,4,0.0012714558169103624,1.6984611107806504e-4,2816.6999999999725,3.959768749505029e-5
鄭重仰,PERSON,2,6.357279084551812e-4,4.389397106571669e-6,9250.48527265348,4.7837734404898585e-5
湯恩伯,PERSON,2,6.357279084551812e-4,4.389397106567254e-6,9250.48527265348,4.7837734404898585e-5
藝華,ORG,6,0.0019071837253655435,7.481615531670888e-12,7772.1386488644075,2.8580410986309984e-5
大來地産公司,ORG,6,0.0019071837253655435,7.481608412711434e-12,7772.1386488644075,2.8580410986309984e-5
楊秋孫,PERSON,4,0.0012714558169103624,1.5666339071680372e-12,1,2.6227444397817876e-5
沈步雲,PERSON,4,0.0012714558169103624,1.5666258282825422e-12,1,2.6227444397817876e-5
戚鶴鳴,PERSON,4,0.0012714558169103624,1.566617240092961e-12,1,2.6227444397817876e-5
于少甫,PERSON,4,0.0012714558169103624,1.566617249181082e-12,1,2.6227444397817876e-5
生生西藥,ORG,6,0.0019071837253655435,7.481600687005527e-12,7772.1386488644075,2.8580410986309984e-5
海通,ORG,6,0.0019071837253655435,7.481603565365144e-12,7772.1386488644075,2.8580410986309984e-5
黎澤,PERSON,7,0.0022250476795931343,7.889207864595101e-5,1.7499999999999998,3.279763857002296e-5
揚　仁,ORG,12,0.003814367450731087,2.152899026272672e-4,4924.857142857533,3.65537156851994e-5
同仁,ORG,12,0.003814367450731087,2.1528990262725985e-4,4924.857142857533,3.65537156851994e-5
輔元分堂,ORG,12,0.003814367450731087,2.1528990262725115e-4,4924.857142857533,3.65537156851994e-5
中國濟生會,ORG,12,0.003814367450731087,2.1528990262727353e-4,4924.857142857533,3.65537156851994e-5
梅公館,ORG,12,0.003814367450731087,2.1528990262725676e-4,4924.857142857533,3.65537156851994e-5
同仁曲藝部,ORG,12,0.003814367450731087,2.1528990262725773e-4,4924.857142857533,3.65537156851994e-5
張鏡清,PERSON,7,0.0022250476795931343,7.889207864593295e-5,1.7499999999999998,3.279763857002296e-5
方常盈,PERSON,7,0.0022250476795931343,7.889207864593954e-5,1.7499999999999998,3.279763857002296e-5
唐叔明,PERSON,7,0.0022250476795931343,7.889207864592696e-5,1.7499999999999998,3.279763857002296e-5
順德堂,ORG,12,0.003814367450731087,2.1528990262727538e-4,4924.857142857533,3.65537156851994e-5
唐松壽,PERSON,7,0.0022250476795931343,7.889207864595761e-5,1.7499999999999998,3.279763857002296e-5
忻蘭,PERSON,7,0.0022250476795931343,7.88920786459307e-5,1.7499999999999998,3.279763857002296e-5
陳雪珍,PERSON,8,0.0025429116338207248,0.003244744450932161,56305.75,4.126433935792688e-5
李才記,PERSON,7,0.0022250476795931343,7.889207864593089e-5,1.7499999999999998,3.279763857002296e-5
顧永康,PERSON,7,0.0022250476795931343,7.889207864594054e-5,1.7499999999999998,3.279763857002296e-5
陸松齡,PERSON,7,0.0022250476795931343,7.889207864594779e-5,1.7499999999999998,3.279763857002296e-5
陸禎裕,PERSON,7,0.0022250476795931343,7.889207864593298e-5,1.7499999999999998,3.279763857002296e-5
張佩清,PERSON,7,0.0022250476795931343,7.889207864592155e-5,1.7499999999999998,3.279763857002296e-5
錢高氏,ORG,17,0.00540368722186904,1.8567711269960078e-5,1087.840000000002,4.0652059026789705e-5
詹允吉,PERSON,2,6.357279084551812e-4,1.9619048443489867e-5,173.86119556277026,4.5938993017273064e-5
錢戛鳴,PERSON,2,6.357279084551812e-4,1.961904844349415e-5,173.86119556277026,4.5938993017273064e-5
强君南,PERSON,2,6.357279084551812e-4,1.961904844350065e-5,173.86119556277026,4.5938993017273064e-5
高吹,PERSON,2,6.357279084551812e-4,1.9619048443508387e-5,173.86119556277026,4.5938993017273064e-5
垿君賓,PERSON,2,6.357279084551812e-4,1.9619048443506357e-5,173.86119556277026,4.5938993017273064e-5
陳啓桂,PERSON,2,6.357279084551812e-4,1.9619048443470626e-5,173.86119556277026,4.5938993017273064e-5
方梅卿,PERSON,2,6.357279084551812e-4,1.9619048443497416e-5,173.86119556277026,4.5938993017273064e-5
吳海林,PERSON,2,6.357279084551812e-4,1.961904844349613e-5,173.86119556277026,4.5938993017273064e-5
錢孟道,PERSON,2,6.357279084551812e-4,1.9619048443489027e-5,173.86119556277026,4.5938993017273064e-5
謹啓詹,PERSON,2,6.357279084551812e-4,1.9619048443487618e-5,173.86119556277026,4.5938993017273064e-5
陸家鴻,PERSON,2,6.357279084551812e-4,1.9619048443494048e-5,173.86119556277026,4.5938993017273064e-5
葛興沅,PERSON,2,6.357279084551812e-4,1.9619048443495525e-5,173.86119556277026,4.5938993017273064e-5
錦芳,PERSON,2,6.357279084551812e-4,1.9619048443505724e-5,173.86119556277026,4.5938993017273064e-5
培光,PERSON,2,6.357279084551812e-4,1.9619048443489095e-5,173.86119556277026,4.5938993017273064e-5
文瑛,PERSON,2,6.357279084551812e-4,1.9619048443492913e-5,173.86119556277026,4.5938993017273064e-5
謹詹,PERSON,4,0.0012714558169103624,4.078337280817628e-5,100980.70936253756,4.6541934282788796e-5
何受天,PERSON,2,6.357279084551812e-4,1.961904844349587e-5,173.86119556277026,4.5938993017273064e-5
國立復旦大學商科研究所,ORG,1,3.178639542275906e-4,1.1051131171960765e-7,0,3.988672171034263e-5
薛仲三,PERSON,3,9.535918626827717e-4,2.111033068007997e-6,25523.011713885287,4.560795402718234e-5
中一信託公司,ORG,3,9.535918626827717e-4,1.738605639853518e-6,32720.16140558349,4.4489923032433154e-5
中銀行,ORG,2,6.357279084551812e-4,1.5564257498953665e-6,20.276289407359076,4.0652059026789705e-5
上開房地產,ORG,1,3.178639542275906e-4,1.6462024303893258e-7,0,3.925417075564279e-5
荷特,PERSON,4,0.0012714558169103624,3.1446443920876895e-6,9432,4.478280340349306e-5
新光標準内衣染織整理廠股份有限公司,ORG,1,3.178639542275906e-4,1.646202430382672e-7,0,3.925417075564279e-5
美商永安公司,ORG,1,3.178639542275906e-4,1.6462024304053106e-7,0,3.925417075564279e-5
路透社,ORG,1,3.178639542275906e-4,1.5399414539839063e-5,0,4.048419092344439e-5
朝鮮西區學生會,ORG,1,3.178639542275906e-4,1.539941453983892e-5,0,4.048419092344439e-5
聯合國,ORG,1,3.178639542275906e-4,1.539941453983562e-5,0,4.048419092344439e-5
軍政府,ORG,1,3.178639542275906e-4,1.539941453983502e-5,0,4.048419092344439e-5
臨時政府,ORG,1,3.178639542275906e-4,1.5399414539839283e-5,0,4.048419092344439e-5
李承晚,PERSON,10,0.003178639542275906,2.9416602523187746e-4,41182.53855745739,4.639079606606049e-5
均益建築師事務所,ORG,1,3.178639542275906e-4,1.5399414539839737e-5,0,4.048419092344439e-5
裕民毛羢線廠,ORG,1,3.178639542275906e-4,1.539941453983863e-5,0,4.048419092344439e-5
火柴商業同業公會,ORG,4,0.0012714558169103624,4.083704962178162e-6,1.2000000000000002,4.015902975784105e-5
敝發行,ORG,4,0.0012714558169103624,4.083704962181721e-6,1.2000000000000002,4.015902975784105e-5
裕華煙公司,ORG,4,0.0012714558169103624,4.083704962172643e-6,1.2000000000000002,4.015902975784105e-5
東方画廳,ORG,4,0.0012714558169103624,4.0837049621811325e-6,1.2000000000000002,4.015902975784105e-5
唐醉石,PERSON,5,0.001589319771137953,1.9502157920136404e-5,3140.5,4.595165885488466e-5
王叔煒,PERSON,5,0.001589319771137953,1.9502157920143285e-5,3140.5,4.595165885488466e-5
儲經邦,PERSON,5,0.001589319771137953,1.950215792014306e-5,3140.5,4.595165885488466e-5
世健,PERSON,5,0.001589319771137953,1.9502157920141547e-5,3140.5,4.595165885488466e-5
涂開與,PERSON,8,0.0025429116338207248,0.044222764734375364,1.1666666666666663,4.0929927963326786e-5
敎育局長,ORG,24,0.007628734901462174,0.10559520698856878,8990.125,4.694615276278109e-5
朱時雋,PERSON,8,0.0025429116338207248,0.044222764734375364,1.1666666666666663,4.0929927963326786e-5
唐雄伯,PERSON,8,0.0025429116338207248,0.04422276473437537,1.1666666666666663,4.0929927963326786e-5
沈德仁,PERSON,8,0.0025429116338207248,0.04422276473437538,1.1666666666666663,4.0929927963326786e-5
倪若水,PERSON,8,0.0025429116338207248,0.04422276473437538,1.1666666666666663,4.0929927963326786e-5
董神駿,PERSON,8,0.0025429116338207248,0.044222764734375385,1.1666666666666663,4.0929927963326786e-5
吳鶴荃,PERSON,8,0.0025429116338207248,0.04422276473437538,1.1666666666666663,4.0929927963326786e-5
丁若川,PERSON,8,0.0025429116338207248,0.04422276473437538,1.1666666666666663,4.0929927963326786e-5
倪一嗚,PERSON,8,0.0025429116338207248,0.04422276473437535,1.1666666666666663,4.0929927963326786e-5
陸婉華,PERSON,8,0.0025429116338207248,0.04422276473437541,1.1666666666666663,4.0929927963326786e-5
顧卓怡,PERSON,8,0.0025429116338207248,0.04422276473437538,1.1666666666666663,4.0929927963326786e-5
蔣畹華,PERSON,8,0.0025429116338207248,0.04422276473437537,1.1666666666666663,4.0929927963326786e-5
張堰中心,ORG,24,0.007628734901462174,0.10559520698856885,8990.125,4.694615276278109e-5
俞蜀瑜,PERSON,8,0.0025429116338207248,0.0442227647343754,1.1666666666666663,4.0929927963326786e-5
廊下中心,ORG,24,0.007628734901462174,0.10559520698856883,8990.125,4.694615276278109e-5
徐敏輝,PERSON,8,0.0025429116338207248,0.044222764734375364,1.1666666666666663,4.0929927963326786e-5
欽明小學,ORG,24,0.007628734901462174,0.10559520698856885,8990.125,4.694615276278109e-5
王孝桓,PERSON,8,0.0025429116338207248,0.04422276473437538,1.1666666666666663,4.0929927963326786e-5
松隠中心,ORG,24,0.007628734901462174,0.10559520698856878,8990.125,4.694615276278109e-5
雷婉華,PERSON,8,0.0025429116338207248,0.04422276473437537,1.1666666666666663,4.0929927963326786e-5
馮湘漪,PERSON,8,0.0025429116338207248,0.04422276473437538,1.1666666666666663,4.0929927963326786e-5
廊下中心小學,ORG,24,0.007628734901462174,0.10559520698856881,8990.125,4.694615276278109e-5
國立曁南大學,ORG,24,0.007628734901462174,0.10559520698856888,8990.125,4.694615276278109e-5
沈鵬飛,PERSON,8,0.0025429116338207248,0.04422276473437537,1.1666666666666663,4.0929927963326786e-5
中社,ORG,24,0.007628734901462174,0.1055952069885688,8990.125,4.694615276278109e-5
李熙謀,PERSON,8,0.0025429116338207248,0.04422276473437538,1.1666666666666663,4.0929927963326786e-5
孟壽椿,PERSON,8,0.0025429116338207248,0.044222764734375364,1.1666666666666663,4.0929927963326786e-5
董修甲,PERSON,8,0.0025429116338207248,0.044222764734375364,1.1666666666666663,4.0929927963326786e-5
章衣萍,PERSON,8,0.0025429116338207248,0.044222764734375405,1.1666666666666663,4.0929927963326786e-5
張耀翔,PERSON,8,0.0025429116338207248,0.04422276473437537,1.1666666666666663,4.0929927963326786e-5
義品銀行,ORG,2,6.357279084551812e-4,3.3720381121350554e-10,0.25,2.8902569438423076e-5
紫羅蘭美容室,ORG,1,3.178639542275906e-4,1.7551944394495402e-10,0,3.201946783644456e-5
上海跑馬總會,ORG,1,3.178639542275906e-4,2.274357411762723e-9,0,3.0337044565118466e-5
公和洋行地產部,ORG,2,6.357279084551812e-4,1.842151883562384e-10,818.2338535376762,3.2171926776694654e-5
陳俊成,PERSON,3,9.535918626827717e-4,2.966444462336525e-11,49.50512596926488,2.9354781893970526e-5
捷發地産公司,ORG,10,0.003178639542275906,2.662177646975595e-9,31357.437447286746,3.70137320946071e-5
王子衡,PERSON,7,0.0022250476795931343,6.983960126373431e-10,4304.349658400655,3.3306687982946975e-5
可也醫藥専醫鼻塞鼻膿診所,ORG,5,0.001589319771137953,6.647153153798606e-11,55.41804249390453,3.0155906034196797e-5
劉尊植,PERSON,2,6.357279084551812e-4,1.4284316219115296e-10,339.7952623486115,3.315649867374005e-5
普懷德,PERSON,2,6.357279084551812e-4,1.428431687694135e-10,339.7952623486115,3.315649867374005e-5
法塔夫,PERSON,2,6.357279084551812e-4,1.4284317137743685e-10,339.7952623486115,3.315649867374005e-5
Ｄr,PERSON,2,6.357279084551812e-4,1.4284316382161027e-10,339.7952623486115,3.315649867374005e-5
久相廠,ORG,1,3.178639542275906e-4,6.058984667891968e-8,0,3.8201474576918666e-5
中泰康公司,ORG,1,3.178639542275906e-4,6.058984668014469e-8,0,3.8201474576918666e-5
張永福,PERSON,6,0.0019071837253655435,1.1574124668815292e-6,18124.08029169173,4.341785342132685e-5
平民廠,ORG,1,3.178639542275906e-4,6.05898466816979e-8,0,3.8201474576918666e-5
三角牌,ORG,1,3.178639542275906e-4,6.05898466777128e-8,0,3.8201474576918666e-5
上海特別市公安局長,ORG,11,0.0034965034965034965,3.23470360690785e-5,6092.787179656523,3.939644644053106e-5
戴石浮,PERSON,2,6.357279084551812e-4,5.787697391037625e-6,1.3811965811965812,3.5102499297950014e-5
俞福英,PERSON,11,0.0034965034965034965,1.42750127667087e-4,21439.483424930222,4.486316733961418e-5
郭惠卿,PERSON,9,0.002860775588048315,1.4026866718172212e-4,11404.336975937727,4.482294935006723e-5
吳榮昆,PERSON,2,6.357279084551812e-4,5.787697391035358e-6,1.3811965811965812,3.5102499297950014e-5
許陶陶,PERSON,2,6.357279084551812e-4,5.787697391032199e-6,1.3811965811965812,3.5102499297950014e-5
許志仁,PERSON,2,6.357279084551812e-4,5.787697391032758e-6,1.3811965811965812,3.5102499297950014e-5
朱寳根,PERSON,2,6.357279084551812e-4,5.787697391037849e-6,1.3811965811965812,3.5102499297950014e-5
裘復,PERSON,2,6.357279084551812e-4,5.787697391030845e-6,1.3811965811965812,3.5102499297950014e-5
二　軒畫社,ORG,1,3.178639542275906e-4,5.642331289961303e-7,0,3.754176521380035e-5
徐毓英,PERSON,5,0.001589319771137953,1.0778216043765339e-5,19406.909130297514,4.256768261535842e-5
快活林,ORG,1,3.178639542275906e-4,5.642331289936016e-7,0,3.754176521380035e-5
長成寬緊帶廠,ORG,1,3.178639542275906e-4,5.642331289925827e-7,0,3.754176521380035e-5
Yenskow,PERSON,2,6.357279084551812e-4,2.733022701850688e-8,297.87818372041534,3.75685626267939e-5
萬國體學會,ORG,4,0.0012714558169103624,8.4930078937372e-8,415.9095947323954,3.6642116448646074e-5
德温,PERSON,5,0.001589319771137953,4.824664660616267e-7,2723.7862929834055,4.096346059315091e-5
台登勃來思公司,ORG,2,6.357279084551812e-4,5.051365880255926e-8,0.2,3.629105425512611e-5
程鳳生,PERSON,5,0.001589319771137953,4.824664660611046e-7,2723.7862929834055,4.096346059315091e-5
工業社,ORG,3,9.535918626827717e-4,8.349935802350073e-8,19.52030526803482,3.6639431356025354e-5
一角實業部,ORG,5,0.001589319771137953,6.25421448427016e-5,52.52511445205814,4.629843974258068e-5
大華農,ORG,5,0.001589319771137953,6.254214484274562e-5,52.52511445205814,4.629843974258068e-5
江蘇上　印花稅局,ORG,5,0.001589319771137953,6.254214484272334e-5,52.52511445205814,4.629843974258068e-5
存　仁　君,PERSON,1,3.178639542275906e-4,4.77352371316908e-6,0,4.1666666666666665e-5
玄門中林,ORG,2,6.357279084551812e-4,1.6680420467176196e-5,3145,4.6272731479339224e-5
還元丹,PERSON,1,3.178639542275906e-4,8.732099815362494e-7,0,4.039424785910486e-5
西湖葛嶺肺病療養院,ORG,4,0.0012714558169103624,7.783169009030397e-6,765.323272378661,4.490144133626689e-5
嵇鈞甫,PERSON,2,6.357279084551812e-4,2.6568415529178793e-6,85.53996589888017,4.516711833785005e-5
劉懷翥,PERSON,2,6.357279084551812e-4,2.656841552920966e-6,85.53996589888017,4.516711833785005e-5
俄使館,ORG,1,3.178639542275906e-4,2.47996443233998e-6,0,4.130695196001487e-5
國民禦侮自救會,ORG,1,3.178639542275906e-4,2.4799644323435736e-6,0,4.130695196001487e-5
南園俄使館辦事處,ORG,1,3.178639542275906e-4,2.479964432342757e-6,0,4.130695196001487e-5
職業教育社,ORG,11,0.0034965034965034965,2.5407960384946593e-5,35647.55935425624,4.8213683043247675e-5
鄭文漢君,PERSON,3,9.535918626827717e-4,5.527554314572546e-6,78.75462395151546,4.51997830410414e-5
中國內衣公司,ORG,14,0.004450095359186269,5.47737221176846e-5,123583.2813617909,5.267871253226571e-5
王遐章,PERSON,3,9.535918626827717e-4,5.527554314566829e-6,78.75462395151546,4.51997830410414e-5
謝拙荊,PERSON,3,9.535918626827717e-4,5.527554314567557e-6,78.75462395151546,4.51997830410414e-5
王君眞,PERSON,3,9.535918626827717e-4,5.527554314569408e-6,78.75462395151546,4.51997830410414e-5
王君,PERSON,33,0.01048951048951049,1.0905186513177644e-5,333739.697980811,5.000500050005001e-5
王君旋,PERSON,3,9.535918626827717e-4,5.527554314577367e-6,78.75462395151546,4.51997830410414e-5
諸希　公,PERSON,4,0.0012714558169103624,2.923917160710942e-4,29381.678009515326,5.0556117290192114e-5
張壽記,PERSON,3,9.535918626827717e-4,5.527554314575514e-6,78.75462395151546,4.51997830410414e-5
王　公,PERSON,3,9.535918626827717e-4,5.52755431456849e-6,78.75462395151546,4.51997830410414e-5
門中,ORG,11,0.0034965034965034965,2.5407960384984096e-5,35647.55935425624,4.8213683043247675e-5
上海中西大藥房,ORG,5,0.001589319771137953,6.688507163863636e-5,42.18499058488325,4.629843974258068e-5
中國企業銀行儲蓄部,ORG,5,0.001589319771137953,6.68850716386669e-5,42.18499058488325,4.629843974258068e-5
海珠美術廣告社,ORG,6,0.0019071837253655435,6.3312552404387525e-05,677.5383182888872,4.6302727230633885e-5
何極君,PERSON,4,0.0012714558169103624,1.4716645859411704e-5,26.960628761085196,4.16770859381512e-5
新星西藥,ORG,6,0.0019071837253655435,6.331255240439028e-5,677.5383182888872,4.6302727230633885e-5
遠東,ORG,6,0.0019071837253655435,6.331255240435973e-5,677.5383182888872,4.6302727230633885e-5
佟忠義,PERSON,4,0.0012714558169103624,1.842485319602279e-5,71.8776401251709,4.278623994523361e-5
時化小學,ORG,7,0.0022250476795931343,6.447120481475532e-5,1097.5240921128827,4.6307015512850196e-5
葉君之,PERSON,4,0.0012714558169103624,1.8424853196017974e-5,71.8776401251709,4.278623994523361e-5
國術館,ORG,7,0.0022250476795931343,6.447120481473936e-5,1097.5240921128827,4.6307015512850196e-5
西大藥房,ORG,5,0.001589319771137953,6.254214484273545e-5,52.52511445205814,4.629843974258068e-5
耀華玻璃廠,ORG,5,0.001589319771137953,6.25421448427481e-5,52.52511445205814,4.629843974258068e-5
耀華機器製玻璃有限公司,ORG,5,0.001589319771137953,6.254214484274287e-5,52.52511445205814,4.629843974258068e-5
大生公司,ORG,5,0.001589319771137953,6.254214484272775e-5,52.52511445205814,4.629843974258068e-5
吳承洛,PERSON,6,0.0019071837253655435,1.4199210402034586e-6,172.28427632719587,3.85297064036372e-5
胡博淵,PERSON,6,0.0019071837253655435,1.4199210401778789e-6,172.28427632719587,3.85297064036372e-5
王百雷,PERSON,6,0.0019071837253655435,1.4199210402104636e-6,172.28427632719587,3.85297064036372e-5
熊傳飛,PERSON,6,0.0019071837253655435,1.4199210401917262e-6,172.28427632719587,3.85297064036372e-5
吳桂洛,PERSON,6,0.0019071837253655435,1.4199210402135908e-6,172.28427632719587,3.85297064036372e-5
劉翼杞,PERSON,6,0.0019071837253655435,1.419921040215433e-6,172.28427632719587,3.85297064036372e-5
張灑壵,PERSON,6,0.0019071837253655435,1.4199210401839013e-6,172.28427632719587,3.85297064036372e-5
徐永炘,PERSON,6,0.0019071837253655435,1.4199210402281863e-6,172.28427632719587,3.85297064036372e-5
吳欽烈,PERSON,6,0.0019071837253655435,1.4199210401943441e-6,172.28427632719587,3.85297064036372e-5
吳永洛,PERSON,6,0.0019071837253655435,1.4199210401876746e-6,172.28427632719587,3.85297064036372e-5
范旭東,PERSON,6,0.0019071837253655435,1.419921040204153e-6,172.28427632719587,3.85297064036372e-5
侯德榮,PERSON,6,0.0019071837253655435,1.4199210402035802e-6,172.28427632719587,3.85297064036372e-5
朱升芹,PERSON,6,0.0019071837253655435,1.4199210401991684e-6,172.28427632719587,3.85297064036372e-5
程景康,PERSON,6,0.0019071837253655435,1.4199210402272696e-6,172.28427632719587,3.85297064036372e-5
張迭生,PERSON,6,0.0019071837253655435,1.4199210402180433e-6,172.28427632719587,3.85297064036372e-5
鄧邦逖,PERSON,6,0.0019071837253655435,1.419921040203907e-6,172.28427632719587,3.85297064036372e-5
朱光壽,PERSON,6,0.0019071837253655435,1.4199210402053168e-6,172.28427632719587,3.85297064036372e-5
周君梅,PERSON,6,0.0019071837253655435,1.4199210401961583e-6,172.28427632719587,3.85297064036372e-5
夏道湘,PERSON,6,0.0019071837253655435,1.419921040209593e-6,172.28427632719587,3.85297064036372e-5
模範紗廠,ORG,22,0.006993006993006993,1.879054717164789e-6,11434.90618816553,3.986128273607845e-5
閔君,PERSON,6,0.0019071837253655435,1.4199210402015952e-6,172.28427632719587,3.85297064036372e-5
林溁慶律師事務所,ORG,22,0.006993006993006993,1.8790547171408748e-6,11434.90618816553,3.986128273607845e-5
榮記勝利公司,ORG,22,0.006993006993006993,1.8790547171923312e-6,11434.90618816553,3.986128273607845e-5
白同仁法律事務所,ORG,22,0.006993006993006993,1.8790547171968105e-6,11434.90618816553,3.986128273607845e-5
吳麟坤,PERSON,10,0.003178639542275906,1.4368702703970536e-6,263334.33481409267,3.9013732833957553e-5
耀華機器製造玻璃有限公司,ORG,2,6.357279084551812e-4,1.6154616184033574e-5,316.96593642762974,4.87638367386746e-5
太和大藥房,ORG,2,6.357279084551812e-4,1.6154616184041106e-5,316.96593642762974,4.87638367386746e-5
衛生部,ORG,12,0.003814367450731087,1.1494197880134259e-4,265854.4568367978,5.4291763939410394e-5
鄧惠,PERSON,4,0.0012714558169103624,6.232464854575232e-6,4418.012438525743,4.640801930573603e-5
陳寶臣,PERSON,4,0.0012714558169103624,6.23246485458658e-6,4418.012438525743,4.640801930573603e-5
衛音,ORG,4,0.0012714558169103624,1.3501358422750216e-6,224.46617292777734,4.294610264118531e-5
翁百,PERSON,1,3.178639542275906e-4,1.1676737800487571e-6,0,4.1732743510558384e-5
立興洋行,ORG,5,0.001589319771137953,2.2305390491153394e-5,4941.416371571819,4.803766152663688e-5
寗波五洲,ORG,4,0.0012714558169103624,4.195964660314564e-5,402.6692961437822,4.8773350241428086e-5
杭州萬利,ORG,4,0.0012714558169103624,4.195964660314874e-5,402.6692961437822,4.8773350241428086e-5
濟南神州藥房,ORG,4,0.0012714558169103624,4.1959646603139124e-5,402.6692961437822,4.8773350241428086e-5
南洋種苗公司,ORG,5,0.001589319771137953,6.493626675541587e-6,59.53574235179383,4.317975732976381e-5
啓浦東同鄉會主辦,ORG,5,0.001589319771137953,6.493626675547571e-6,59.53574235179383,4.317975732976381e-5
梁誠福,PERSON,5,0.001589319771137953,2.0632104957692573e-5,3129.0104864558048,4.699689820471849e-5
梁潤福,PERSON,5,0.001589319771137953,2.0632104957703063e-5,3129.0104864558048,4.699689820471849e-5
朱鹿賓,PERSON,5,0.001589319771137953,2.063210495769419e-5,3129.0104864558048,4.699689820471849e-5
金四角,PERSON,5,0.001589319771137953,2.063210495770473e-5,3129.0104864558048,4.699689820471849e-5
内外痔衛生試騐,ORG,5,0.001589319771137953,6.49362667554647e-6,59.53574235179383,4.317975732976381e-5
農商部,ORG,14,0.004450095359186269,1.2251842059766036e-4,63763.023381785955,5.225479437738412e-5
朱葆祚,PERSON,9,0.002860775588048315,4.1515539343982336e-5,20719.904354910323,4.9945060433523126e-5
徐志成,PERSON,2,6.357279084551812e-4,1.5521070223879905e-9,3.9999999999999996,3.08908933646361e-5
李興記運輸公司,ORG,4,0.0012714558169103624,1.4654604100501562e-8,4692,3.417751802864076e-5
王金廉,PERSON,2,6.357279084551812e-4,1.5521070186518438e-9,3.9999999999999996,3.08908933646361e-5
王嘉昌,PERSON,2,6.357279084551812e-4,1.552107019481227e-9,3.9999999999999996,3.08908933646361e-5
中國國貨銀行,ORG,1,3.178639542275906e-4,1.821798899520191e-7,0,4.10559592724884e-5
中貿銀行,ORG,1,3.178639542275906e-4,1.821798899539316e-7,0,4.10559592724884e-5
通易信託公司,ORG,1,3.178639542275906e-4,1.8217988995373252e-7,0,4.10559592724884e-5
美琪大戲院,ORG,1,3.178639542275906e-4,1.821798899551178e-7,0,4.10559592724884e-5
務希貴,PERSON,15,0.004767959313413859,3.4800760739149017e-6,83298.04124190967,4.714312653215161e-5
久豐紡織廠股份有限公司,ORG,1,3.178639542275906e-4,1.8217988994770072e-7,0,4.10559592724884e-5
啓興華實業股份有限公司,ORG,1,3.178639542275906e-4,1.8217988994405636e-7,0,4.10559592724884e-5
董事,ORG,1,3.178639542275906e-4,1.716842064224122e-7,0,3.9740889401104796e-5
上海大三元酒家股份有限公司,ORG,1,3.178639542275906e-4,1.7168420641720846e-7,0,3.9740889401104796e-5
大統織染廠股份有限公司,ORG,1,3.178639542275906e-4,1.716842064171552e-7,0,3.9740889401104796e-5
上海香港路銀行俱樂部,ORG,1,3.178639542275906e-4,1.716842064167934e-7,0,3.9740889401104796e-5
共軍,ORG,1,3.178639542275906e-4,3.035621352800884e-4,0,3.87551835057939e-5
國軍,ORG,1,3.178639542275906e-4,3.035621352800893e-4,0,3.87551835057939e-5
新華日報,ORG,1,3.178639542275906e-4,3.035621352800839e-4,0,3.87551835057939e-5
民社,ORG,1,3.178639542275906e-4,3.0356213528009166e-4,0,3.87551835057939e-5
青年,ORG,1,3.178639542275906e-4,3.0356213528008976e-4,0,3.87551835057939e-5
民社黨,ORG,24,0.007628734901462174,0.10894741264347403,67952.3564934401,5.1163980557687386e-5
蔣勻,PERSON,7,0.0022250476795931343,0.00579877023995773,33995.461442543616,4.413452202312649e-5
海平,PERSON,4,0.0012714558169103624,5.497421122101067e-6,1209.2250543439902,3.618468664061369e-5
招商局,ORG,10,0.003178639542275906,2.6235809316188183e-6,21639.973374740413,3.819855609457963e-5
產業處理局,ORG,8,0.0025429116338207248,2.3022935212555825e-6,7,3.250235642084051e-5
航政局,ORG,16,0.0050858232676414495,9.77858581322683e-5,15173.855431974913,3.6701288215216355e-5
張劼,PERSON,4,0.0012714558169103624,5.497421122095939e-6,1209.2250543439902,3.618468664061369e-5
陳瑞岳,PERSON,4,0.0012714558169103624,5.497421122102387e-6,1209.2250543439902,3.618468664061369e-5
殷玉,PERSON,4,0.0012714558169103624,5.49742112209705e-6,1209.2250543439902,3.618468664061369e-5
殷玉發,PERSON,4,0.0012714558169103624,5.49742112210752e-6,1209.2250543439902,3.618468664061369e-5
徐堯文,PERSON,4,0.0012714558169103624,5.497421122096335e-6,1209.2250543439902,3.618468664061369e-5
林靑峰君,PERSON,4,0.0012714558169103624,5.497421122102963e-6,1209.2250543439902,3.618468664061369e-5
葛蘅芬,PERSON,4,0.0012714558169103624,5.4974211220985525e-6,1209.2250543439902,3.618468664061369e-5
大通紗廠,ORG,4,0.0012714558169103624,4.08009449689349e-12,1569.5000000000002,2.474206398297746e-5
中國水泥公司,ORG,4,0.0012714558169103624,4.0801102207554804e-12,1569.5000000000002,2.474206398297746e-5
恒利銀行,ORG,4,0.0012714558169103624,4.080114769813904e-12,1569.5000000000002,2.474206398297746e-5
郵政儲滙局,ORG,4,0.0012714558169103624,4.080114698803834e-12,1569.5000000000002,2.474206398297746e-5
查重福,PERSON,6,0.0019071837253655435,1.2814904508702902e-12,3.75,2.2961058045554738e-5
瞿重福,PERSON,6,0.0019071837253655435,1.281491166256544e-12,3.75,2.2961058045554738e-5
復旦同,ORG,4,0.0012714558169103624,4.080096505386293e-12,1569.5000000000002,2.474206398297746e-5
夏光中學,ORG,4,0.0012714558169103624,4.080105308906865e-12,1569.5000000000002,2.474206398297746e-5
陳立,PERSON,6,0.0019071837253655435,1.2815106793304137e-12,3.75,2.2961058045554738e-5
陸君,PERSON,13,0.004132231404958678,1.3916539976960117e-6,17452.700543813095,4.22654268808115e-5
伊苦,ORG,1,3.178639542275906e-4,7.285225000683426e-8,0,3.7306472673008764e-5
上海孤兒院,ORG,1,3.178639542275906e-4,7.285225000661078e-8,0,3.7306472673008764e-5
永春藥社,ORG,1,3.178639542275906e-4,7.285225000291774e-8,0,3.7306472673008764e-5
均益園,ORG,1,3.178639542275906e-4,7.285225000431386e-8,0,3.7306472673008764e-5
新生科學研究社,ORG,1,3.178639542275906e-4,7.285225000576946e-8,0,3.7306472673008764e-5
羅斯,PERSON,3,9.535918626827717e-4,1.9972379447638147e-5,26727.279533192108,4.896200548374461e-5
上海鼎豐製造厰股份有限公,ORG,1,3.178639542275906e-4,1.0455420547440164e-6,0,4.2428613857185285e-5
廣東銀行有限公司,ORG,2,6.357279084551812e-4,3.35895252381442e-7,0.3333333333333333,3.925417075564279e-5
事會,ORG,8,0.0025429116338207248,1.3721352510762624e-6,16.083333333333332,3.9278840488628774e-5
袁鈍初,PERSON,3,9.535918626827717e-4,3.2082054497869087e-6,1963.875,4.477879276374709e-5
徐子鶴,PERSON,3,9.535918626827717e-4,3.208205449784628e-6,1963.875,4.477879276374709e-5
海立斯,ORG,1,3.178639542275906e-4,2.2469971394713145e-4,0,4.36700292589196e-5
上海太乙調鼓掌粉廠股份有限公司,ORG,1,3.178639542275906e-4,2.2469971394713264e-4,0,4.36700292589196e-5
中國首創達豐染織股份有限公司,ORG,1,3.178639542275906e-4,2.2469971394713128e-4,0,4.36700292589196e-5
鄧祿普,PERSON,6,0.0019071837253655435,0.004292307447901184,122922.10593289307,5.062265870203503e-5
鄧祿普廠,ORG,1,3.178639542275906e-4,2.2469971394713093e-4,0,4.36700292589196e-5
景福衫襪織造廠謹啓神經科,ORG,3,9.535918626827717e-4,3.589123848317513e-5,220.300149092984,4.590314436538903e-5
牟鴻彝,PERSON,4,0.0012714558169103624,8.928886997920845e-6,22925.57194759067,4.723219346306443e-5
康健書局,ORG,3,9.535918626827717e-4,3.589123848316571e-5,220.300149092984,4.590314436538903e-5
歐威廉,PERSON,2,6.357279084551812e-4,1.8749806093356567e-5,1571.9999999999998,4.5938993017273064e-5
廣吿科,ORG,2,6.357279084551812e-4,1.963082149540834e-6,0.5,4.01429087551684e-5
辭淵,PERSON,2,6.357279084551812e-4,1.874980609336769e-5,1571.9999999999998,4.5938993017273064e-5
上海證券交易所,ORG,2,6.357279084551812e-4,3.5603384652635524e-7,0.14285714285714285,4.08279916710897e-5
孚昌染織廠股份有限公司,ORG,2,6.357279084551812e-4,0.05264527593667175,823.5957069406159,4.684937924572499e-5
陶白貞,PERSON,2,6.357279084551812e-4,0.005651970046448508,321.9805069112524,4.4286979627989374e-5
滬北英文專修學校,ORG,2,6.357279084551812e-4,3.581817588545045e-10,70.94955768868812,3.2173996975644285e-5
中五,PERSON,3,9.535918626827717e-4,3.352846231215714e-9,4670.904073812506,3.5604927721996724e-5
吉利,ORG,4,0.0012714558169103624,6.39254200959457e-8,11276.127794681546,4.029171199484266e-5
百克律師有務所,ORG,3,9.535918626827717e-4,2.3779095341337527e-9,340.57747279233774,3.522242964319679e-5
德國柏林大學,ORG,2,6.357279084551812e-4,2.023559114246071e-9,0.3928571428571428,3.521994857887507e-5
李盤仙,PERSON,5,0.001589319771137953,2.097643969528277e-8,11619.998978017087,3.9603960396039605e-5
楊靜山,PERSON,4,0.0012714558169103624,1.767842940589786e-8,6777.942776709488,3.96008236971329e-5
平安搬塲汽車公司,ORG,3,9.535918626827717e-4,6.299996496052877e-8,6110.420776513459,4.028846541235244e-5
百星大戲院,ORG,1,3.178639542275906e-4,1.5048827469455242e-11,0,3.014318010550113e-5
德國衛慈堡大學,ORG,1,3.178639542275906e-4,1.504882525628739e-11,0,3.014318010550113e-5
丁名全,PERSON,4,0.0012714558169103624,2.8746919408120704e-10,6371.111679125484,3.33000333000333e-5
華北汽車公司,ORG,3,9.535918626827717e-4,5.143365113782846e-11,26.542354580285597,3.015226895823911e-5
孫潤生,PERSON,2,6.357279084551812e-4,1.4205593139458147e-10,436.99151753547886,3.315649867374005e-5
常川,PERSON,2,6.357279084551812e-4,1.4205592242020714e-10,436.99151753547886,3.315649867374005e-5
世界書局總局,ORG,1,3.178639542275906e-4,2.170204541380513e-8,0,3.64471334329555e-5
中央大戲院,ORG,1,3.178639542275906e-4,2.1702045414060607e-8,0,3.64471334329555e-5
大世界,ORG,3,9.535918626827717e-4,8.416782621486611e-8,25981.249484912558,4.083466045979828e-5
外交,ORG,1,3.178639542275906e-4,2.1702045413495884e-8,0,3.64471334329555e-5
四五科學研究社,ORG,1,3.178639542275906e-4,2.1702045410740893e-8,0,3.64471334329555e-5
北首家庭工業社發,ORG,1,3.178639542275906e-4,2.1702045410128882e-8,0,3.64471334329555e-5
外交部長,ORG,1,3.178639542275906e-4,2.1702045412971958e-8,0,3.64471334329555e-5
雪鴻軒,PERSON,4,0.0012714558169103624,4.008973293338033e-7,4714.5,3.9610235284797595e-5
唐祝香,PERSON,4,0.0012714558169103624,4.008973293420012e-7,4714.5,3.9610235284797595e-5
中原書局,ORG,2,6.357279084551812e-4,4.197346824145138e-8,0.25,3.522491105709958e-5
庭工業,ORG,2,6.357279084551812e-4,4.197346823927578e-8,0.25,3.522491105709958e-5
居奇,ORG,2,6.357279084551812e-4,4.197346824059252e-8,0.25,3.522491105709958e-5
中西大藥房,ORG,5,0.001589319771137953,6.68850716386669e-5,42.18499058488325,4.629843974258068e-5
喜字,ORG,5,0.001589319771137953,6.688507163865067e-5,42.18499058488325,4.629843974258068e-5
佛慈,ORG,5,0.001589319771137953,6.254214484276709e-5,52.52511445205814,4.629843974258068e-5
泰山醫生,ORG,2,6.357279084551812e-4,6.976042671719738e-7,0.19166666666666668,4.2938726437373865e-5
啟拜目大藥廠,ORG,2,6.357279084551812e-4,6.97604267160939e-7,0.19166666666666668,4.2938726437373865e-5
痔科,ORG,6,0.0019071837253655435,6.471545836426726e-5,1394.8765759759988,4.67180565288484e-5
蔡律師事務所,ORG,1,3.178639542275906e-4,5.11799109255818e-13,0,2.677161138328916e-5
趙愛琴,PERSON,4,0.0012714558169103624,9.777097904143075e-12,7335.3333333336195,2.9232927970065482e-5
上海打靶總會,ORG,1,3.178639542275906e-4,5.118028598333824e-13,0,2.677161138328916e-5
上海特別市財政局,ORG,1,3.178639542275906e-4,6.154751056709981e-8,0,3.9816842524387814e-5
上海市財政憶,ORG,1,3.178639542275906e-4,6.154751056882685e-8,0,3.9816842524387814e-5
大源　井工程公司,ORG,1,3.178639542275906e-4,6.154751057418176e-8,0,3.9816842524387814e-5
五洲大藥房推廣部,ORG,1,3.178639542275906e-4,6.154751058222355e-8,0,3.9816842524387814e-5
王祐,PERSON,2,6.357279084551812e-4,5.696277356219144e-6,12.542586090473408,4.258943781942078e-5
上海中國賽馬會,ORG,5,0.001589319771137953,5.378084577371949e-5,1572.118985389311,4.877810838495683e-5
上海電報局,ORG,4,0.0012714558169103624,6.251350957818488e-7,36.89933107280923,3.800114003420103e-5
吕興棠,PERSON,4,0.0012714558169103624,2.9790587572917247e-6,2237.4539600759144,4.259669449650707e-5
八仙橋青年會,ORG,4,0.0012714558169103624,6.251350957743756e-7,36.89933107280923,3.800114003420103e-5
張錫祜,PERSON,4,0.0012714558169103624,2.9790587572944767e-6,2237.4539600759144,4.259669449650707e-5
谷秀娟,PERSON,4,0.0012714558169103624,2.9790587572955795e-6,2237.4539600759144,4.259669449650707e-5
徐家匯天文台,ORG,4,0.0012714558169103624,6.251350957711646e-7,36.89933107280923,3.800114003420103e-5
華僑屈能伸事務所,ORG,1,3.178639542275906e-4,2.470373941009801e-7,0,4.045471095109025e-5
德國哥廷根大學,ORG,1,3.178639542275906e-4,2.470373941014814e-7,0,4.045471095109025e-5
柏林大學醫院,ORG,1,3.178639542275906e-4,2.470373941054352e-7,0,4.045471095109025e-5
大華醫院,ORG,1,3.178639542275906e-4,2.4703739409563885e-7,0,4.045471095109025e-5
陸愼先,PERSON,3,9.535918626827717e-4,9.325901018058003e-6,0.13636363636363635,3.7188545927854223e-5
陸梅生,PERSON,3,9.535918626827717e-4,9.32590101804559e-6,0.13636363636363635,3.7188545927854223e-5
費　一,PERSON,3,9.535918626827717e-4,9.32590101804611e-6,0.13636363636363635,3.7188545927854223e-5
鎭大成,PERSON,3,9.535918626827717e-4,9.325901018050653e-6,0.13636363636363635,3.7188545927854223e-5
李國樑,PERSON,3,9.535918626827717e-4,9.325901018049675e-6,0.13636363636363635,3.7188545927854223e-5
黎里,PERSON,3,9.535918626827717e-4,9.325901018046734e-6,0.13636363636363635,3.7188545927854223e-5
葉澄淸,PERSON,3,9.535918626827717e-4,9.32590101805476e-6,0.13636363636363635,3.7188545927854223e-5
惟興甫,PERSON,3,9.535918626827717e-4,9.325901018050058e-6,0.13636363636363635,3.7188545927854223e-5
周祖良,PERSON,3,9.535918626827717e-4,9.325901018048665e-6,0.13636363636363635,3.7188545927854223e-5
張雲祺,PERSON,3,9.535918626827717e-4,9.325901018044107e-6,0.13636363636363635,3.7188545927854223e-5
許嘉斌,PERSON,3,9.535918626827717e-4,9.32590101803821e-6,0.13636363636363635,3.7188545927854223e-5
承岐,PERSON,3,9.535918626827717e-4,9.325901018050055e-6,0.13636363636363635,3.7188545927854223e-5
夏信,PERSON,3,9.535918626827717e-4,9.325901018046263e-6,0.13636363636363635,3.7188545927854223e-5
陸大順,PERSON,3,9.535918626827717e-4,9.325901018053699e-6,0.13636363636363635,3.7188545927854223e-5
丁伯南,PERSON,3,9.535918626827717e-4,9.325901018057534e-6,0.13636363636363635,3.7188545927854223e-5
聯益,ORG,22,0.006993006993006993,5.938241411921391e-5,21931.000000000004,4.2107036085729926e-5
興泰,ORG,22,0.006993006993006993,5.9382414119251994e-5,21931.000000000004,4.2107036085729926e-5
張利忠,PERSON,3,9.535918626827717e-4,9.32590101804802e-6,0.13636363636363635,3.7188545927854223e-5
姜介藩,PERSON,3,9.535918626827717e-4,9.325901018047268e-6,0.13636363636363635,3.7188545927854223e-5
陳葆茂,PERSON,3,9.535918626827717e-4,9.32590101805674e-6,0.13636363636363635,3.7188545927854223e-5
周之楨,PERSON,3,9.535918626827717e-4,9.325901018041849e-6,0.13636363636363635,3.7188545927854223e-5
李岐標,PERSON,3,9.535918626827717e-4,9.325901018049731e-6,0.13636363636363635,3.7188545927854223e-5
楊勤修,PERSON,3,9.535918626827717e-4,9.32590101805064e-6,0.13636363636363635,3.7188545927854223e-5
裕成泰,ORG,22,0.006993006993006993,5.938241411924613e-5,21931.000000000004,4.2107036085729926e-5
張趙寳珍,PERSON,4,0.0012714558169103624,3.2991146169844733e-6,1438.3750000000923,4.478280340349306e-5
張祖耿,PERSON,4,0.0012714558169103624,3.2991146169892794e-6,1438.3750000000923,4.478280340349306e-5
張祖良,PERSON,4,0.0012714558169103624,3.2991146169922796e-6,1438.3750000000923,4.478280340349306e-5
上海郵政儲金匯業局,ORG,6,0.0019071837253655435,1.0362399986976961e-6,3.75,3.92695857058708e-5
張鎭寰君,PERSON,4,0.0012714558169103624,3.299114616989044e-6,1438.3750000000923,4.478280340349306e-5
郵政儲金滙業局,ORG,6,0.0019071837253655435,1.0362399986966456e-6,3.75,3.92695857058708e-5
張祖祖,PERSON,4,0.0012714558169103624,3.2991146169792166e-6,1438.3750000000923,4.478280340349306e-5
張良,PERSON,4,0.0012714558169103624,3.2991146169924668e-6,1438.3750000000923,4.478280340349306e-5
華生,PERSON,3,9.535918626827717e-4,2.3541928528917495e-8,627.9250000000179,3.416700833675003e-5
關勒銘,PERSON,3,9.535918626827717e-4,2.3541928523992167e-8,627.9250000000179,3.416700833675003e-5
拜德羅　謝拉,PERSON,3,9.535918626827717e-4,2.3541928532999655e-8,627.9250000000179,3.416700833675003e-5
光中,ORG,5,0.001589319771137953,6.168820851805436e-9,6,3.086324496157526e-5
Brownwood,PERSON,3,9.535918626827717e-4,2.3541928526121674e-8,627.9250000000179,3.416700833675003e-5
新星藥,ORG,1,3.178639542275906e-4,1.2391977362607642e-9,0,3.085562652349656e-5
麥克勞倫,PERSON,5,0.001589319771137953,2.3671670938233278e-8,6916.925000000318,3.417167851284855e-5
大吉,ORG,1,3.178639542275906e-4,1.2391977342614375e-9,0,3.085562652349656e-5
永興,ORG,5,0.001589319771137953,7.87684227757713e-8,2785.7224985527596,3.475963710938858e-5
林金啓,PERSON,4,0.0012714558169103624,1.6949230198576444e-8,1520.8962136004207,3.1912177687005363e-5
陳隆璋君,PERSON,4,0.0012714558169103624,1.6949230194613558e-8,1520.8962136004207,3.1912177687005363e-5
務所,ORG,15,0.004767959313413859,8.110951186178411e-8,130787.04598881282,3.495403544339194e-5
三民法律事務所,ORG,26,0.008264462809917356,8.512489099085308e-8,133782.246645313,3.526466128292838e-5
汪春汶君,PERSON,4,0.0012714558169103624,1.694923019685092e-8,1520.8962136004207,3.1912177687005363e-5
陳心田,PERSON,4,0.0012714558169103624,1.6949230183532818e-8,1520.8962136004207,3.1912177687005363e-5
鼎大錢莊,ORG,5,0.001589319771137953,7.876842277128412e-8,2785.7224985527596,3.475963710938858e-5
慕爾堂東吳初中,ORG,7,0.0022250476795931343,6.379802039601374e-4,1458.152931596499,4.520591293341169e-5
孔　榮,PERSON,5,0.001589319771137953,1.7038385669065721e-4,532.7237443461154,4.392515154177282e-5
吳桂林,PERSON,5,0.001589319771137953,1.703838566906545e-4,532.7237443461154,4.392515154177282e-5
沈祥生,PERSON,5,0.001589319771137953,1.7038385669065196e-4,532.7237443461154,4.392515154177282e-5
祁素蓮,PERSON,5,0.001589319771137953,1.7038385669065635e-4,532.7237443461154,4.392515154177282e-5
華都舞廳舞女大班,ORG,7,0.0022250476795931343,6.379802039601383e-4,1458.152931596499,4.520591293341169e-5
華麗舞女大班,ORG,7,0.0022250476795931343,6.379802039601487e-4,1458.152931596499,4.520591293341169e-5
陳志華,PERSON,5,0.001589319771137953,1.7038385669065692e-4,532.7237443461154,4.392515154177282e-5
麥洛姆,PERSON,5,0.001589319771137953,1.703838566906576e-4,532.7237443461154,4.392515154177282e-5
華都,ORG,7,0.0022250476795931343,6.379802039601374e-4,1458.152931596499,4.520591293341169e-5
凌咸采,PERSON,23,0.007310870947234584,8.265775369786923e-9,87454.96012177656,3.33000333000333e-5
張翅鵬,PERSON,3,9.535918626827717e-4,4.602443389237377e-9,883.5784288271849,3.174804749507905e-5
榮興錩廠,ORG,5,0.001589319771137953,1.396448964150143e-9,182.2760595733057,3.0150450749238703e-5
汪舜榮,PERSON,3,9.535918626827717e-4,4.60244339285503e-9,883.5784288271849,3.174804749507905e-5
復興工業玻璃,ORG,5,0.001589319771137953,1.3964489648357415e-9,182.2760595733057,3.0150450749238703e-5
蔡金福,PERSON,3,9.535918626827717e-4,4.60244339272461e-9,883.5784288271849,3.174804749507905e-5
聚康錢莊股份有限公司董,ORG,6,0.0019071837253655435,4.4661792854538623e-10,7817,3.015226895823911e-5
三民法律務事所,ORG,14,0.004450095359186269,5.685121517883894e-10,10397.39999999974,3.0166822528583065e-5
蔣仲謀,PERSON,2,6.357279084551812e-4,5.3141469531488344e-11,0.6999999999999998,2.7554281935412764e-5
王吉甫,PERSON,2,6.357279084551812e-4,5.314146742096789e-11,0.6999999999999998,2.7554281935412764e-5
顧廷康,PERSON,2,6.357279084551812e-4,5.314146764600111e-11,0.6999999999999998,2.7554281935412764e-5
秋蘭,PERSON,2,6.357279084551812e-4,5.3141466189126236e-11,0.6999999999999998,2.7554281935412764e-5
陳榮發,PERSON,2,6.357279084551812e-4,5.3141466695513754e-11,0.6999999999999998,2.7554281935412764e-5
上海　開明書店,ORG,1,3.178639542275906e-4,1.1306319648264511e-7,0,4.03926162297532e-5
中華書局,ORG,9,0.002860775588048315,1.1606917403711235e-7,46968.5,4.0441622517895415e-5
正中書局,ORG,1,3.178639542275906e-4,1.1306319647834962e-7,0,4.03926162297532e-5
朱光潛,PERSON,11,0.0034965034965034965,2.1597802316818726e-6,109297.77467713613,4.6270590412733666e-5
景福廠,ORG,12,0.003814367450731087,1.4674429461619235e-5,104985.16929767457,4.4796846302020335e-5
ＭＳＨＳＵＥＨ君,PERSON,2,6.357279084551812e-4,5.346421848133378e-10,3,3.0959752321981425e-5
ＳＨＡＰＩＲＯ,PERSON,2,6.357279084551812e-4,5.346421883322351e-10,3,3.0959752321981425e-5
ＨＯＲＡＳＨ君,PERSON,2,6.357279084551812e-4,5.346421828963134e-10,3,3.0959752321981425e-5
唐亞記,PERSON,1,3.178639542275906e-4,2.6584377016607385e-10,0,3.094825451844516e-5
立信會計職業諮詢所,ORG,5,0.001589319771137953,5.078258715068677e-9,7850.499999999995,3.4285322453457674e-5
韓翠娥,PERSON,1,3.178639542275906e-4,0.0031658523722862117,0,4.120313143798929e-5
胡玉秀,PERSON,1,3.178639542275906e-4,0.0031658523722862186,0,4.120313143798929e-5
荘吉秀,PERSON,1,3.178639542275906e-4,0.003165852372286216,0,4.120313143798929e-5
丁雲珍,PERSON,1,3.178639542275906e-4,0.0031658523722862034,0,4.120313143798929e-5
丁月華,PERSON,1,3.178639542275906e-4,0.0031658523722862242,0,4.120313143798929e-5
周香英,PERSON,1,3.178639542275906e-4,0.0031658523722862156,0,4.120313143798929e-5
陳根海,PERSON,1,3.178639542275906e-4,0.0031658523722862095,0,4.120313143798929e-5
龔娥,PERSON,1,3.178639542275906e-4,0.0031658523722862247,0,4.120313143798929e-5
秦秀娟,PERSON,1,3.178639542275906e-4,0.0031658523722862143,0,4.120313143798929e-5
張秀英,PERSON,3,9.535918626827717e-4,0.003187016696650896,44958.67413032415,4.3706293706293706e-5
孫玉仙,PERSON,1,3.178639542275906e-4,0.003165852372286222,0,4.120313143798929e-5
何彩貞,PERSON,1,3.178639542275906e-4,0.0031658523722862264,0,4.120313143798929e-5
施翠菲,PERSON,1,3.178639542275906e-4,0.003165852372286227,0,4.120313143798929e-5
金品,PERSON,1,3.178639542275906e-4,0.0031658523722862177,0,4.120313143798929e-5
劉秋月,PERSON,1,3.178639542275906e-4,0.003165852372286224,0,4.120313143798929e-5
黃金英,PERSON,1,3.178639542275906e-4,0.003165852372286219,0,4.120313143798929e-5
盛英芝,PERSON,1,3.178639542275906e-4,0.00316585237228622,0,4.120313143798929e-5
胡明珠,PERSON,1,3.178639542275906e-4,0.0031658523722862156,0,4.120313143798929e-5
甘豫敏,PERSON,1,3.178639542275906e-4,0.003165852372286227,0,4.120313143798929e-5
女子乙組,ORG,50,0.01589319771137953,0.06047542953133502,237347.92222417516,4.7337278106508875e-5
蔡佩薇,PERSON,1,3.178639542275906e-4,0.003165852372286224,0,4.120313143798929e-5
王秀雲,PERSON,1,3.178639542275906e-4,0.0031658523722862125,0,4.120313143798929e-5
徐琴芳,PERSON,1,3.178639542275906e-4,0.0031658523722862203,0,4.120313143798929e-5
張一鳴,PERSON,1,3.178639542275906e-4,0.003165852372286217,0,4.120313143798929e-5
金勤棣,PERSON,1,3.178639542275906e-4,0.0031658523722862104,0,4.120313143798929e-5
朱福珍,PERSON,1,3.178639542275906e-4,0.00316585237228621,0,4.120313143798929e-5
陸杏弟,PERSON,1,3.178639542275906e-4,0.0031658523722862264,0,4.120313143798929e-5
林愛貞,PERSON,1,3.178639542275906e-4,0.003165852372286219,0,4.120313143798929e-5
夏蘭英,PERSON,1,3.178639542275906e-4,0.003165852372286214,0,4.120313143798929e-5
沈錦仙,PERSON,1,3.178639542275906e-4,0.003165852372286218,0,4.120313143798929e-5
張秀娟,PERSON,1,3.178639542275906e-4,0.003165852372286221,0,4.120313143798929e-5
張奉妹,PERSON,1,3.178639542275906e-4,0.003165852372286214,0,4.120313143798929e-5
江顯芝,PERSON,1,3.178639542275906e-4,0.003165852372286235,0,4.120313143798929e-5
常玉華,PERSON,1,3.178639542275906e-4,0.003165852372286212,0,4.120313143798929e-5
趙婉珍,PERSON,1,3.178639542275906e-4,0.0031658523722862125,0,4.120313143798929e-5
金錦標,PERSON,1,3.178639542275906e-4,0.003165852372286214,0,4.120313143798929e-5
白慧英,PERSON,1,3.178639542275906e-4,0.003165852372286216,0,4.120313143798929e-5
袁佩珍,PERSON,1,3.178639542275906e-4,0.0031658523722862177,0,4.120313143798929e-5
高蘭香,PERSON,1,3.178639542275906e-4,0.003165852372286219,0,4.120313143798929e-5
張月秋,PERSON,1,3.178639542275906e-4,0.0031658523722862208,0,4.120313143798929e-5
鄭椒英,PERSON,1,3.178639542275906e-4,0.0031658523722862125,0,4.120313143798929e-5
柳月芳,PERSON,1,3.178639542275906e-4,0.0031658523722862143,0,4.120313143798929e-5
杜如照,PERSON,1,3.178639542275906e-4,0.003165852372286214,0,4.120313143798929e-5
潘煥笑,PERSON,1,3.178639542275906e-4,0.003165852372286218,0,4.120313143798929e-5
日霞,PERSON,1,3.178639542275906e-4,0.003165852372286214,0,4.120313143798929e-5
李愛貞,PERSON,1,3.178639542275906e-4,0.0031658523722862164,0,4.120313143798929e-5
劉碧禧,PERSON,1,3.178639542275906e-4,0.003165852372286208,0,4.120313143798929e-5
杜如泳,PERSON,1,3.178639542275906e-4,0.003165852372286216,0,4.120313143798929e-5
蕭曼君,PERSON,1,3.178639542275906e-4,0.0031658523722862177,0,4.120313143798929e-5
孔庚,PERSON,6,0.0019071837253655435,0.034268773662968766,4.675393035104231,4.410337831877922e-5
胡適,PERSON,6,0.0019071837253655435,0.03426877366296879,4.675393035104231,4.410337831877922e-5
蔣匀田,PERSON,6,0.0019071837253655435,0.03426877366296877,4.675393035104231,4.410337831877922e-5
雯芳娟,PERSON,6,0.0019071837253655435,0.03426877366296874,4.675393035104231,4.410337831877922e-5
富德樂九人,ORG,23,0.007310870947234584,0.10864385050819397,30935.395050896957,5.108034938958982e-5
樂隊,ORG,23,0.007310870947234584,0.10864385050819399,30935.395050896957,5.108034938958982e-5
大統織染廠股分有限公司,ORG,23,0.007310870947234584,0.10864385050819397,30935.395050896957,5.108034938958982e-5
朱三山堂,ORG,23,0.007310870947234584,0.10864385050819395,30935.395050896957,5.108034938958982e-5
陸文中君,PERSON,4,0.0012714558169103624,7.710286364114792e-7,91355.79347461901,4.5471080392870135e-5
聯益贸易公司,ORG,1,3.178639542275906e-4,4.036288548379825e-8,0,3.9781994669212715e-5
羲品銀行,ORG,1,3.178639542275906e-4,1.8266231270651573e-10,0,3.216985684413704e-5
公和洋行地産部,ORG,2,6.357279084551812e-4,1.8421518281807954e-10,818.2338535376762,3.2171926776694654e-5
飛隆汽車行,ORG,1,3.178639542275906e-4,2.550735442231275e-9,0,3.697267719155544e-5
福成號,ORG,3,9.535918626827717e-4,1.9823304491914758e-10,4876.8591968786495,3.2336297493936946e-05
沈菊人,PERSON,3,9.535918626827717e-4,6.333949715621785e-9,3145.4999999999995,3.0504545177231407e-5
可也醫藥,ORG,2,6.357279084551812e-4,2.5872960713113853e-9,1378.4221453883358,3.698088088458267e-5
王少倩,PERSON,10,0.003178639542275906,4.8725209447309634e-8,150857.4617741352,4.183750313781274e-5
八七,ORG,2,6.357279084551812e-4,2.587296076744012e-9,1378.4221453883358,3.698088088458267e-5
永安醫,ORG,2,6.357279084551812e-4,2.5872960735603653e-9,1378.4221453883358,3.698088088458267e-5
可也　義品銀行,ORG,1,3.178639542275906e-4,1.739745902120422e-10,0,3.1757121534504114e-5
鍾君,PERSON,3,9.535918626827717e-4,3.3233355636727182e-09,17410.899858382392,3.528083545018346e-5
南方醫院,ORG,1,3.178639542275906e-4,1.5048825924303768e-11,0,3.014318010550113e-5
上海南方總醫院,ORG,1,3.178639542275906e-4,1.5048828603316194e-11,0,3.014318010550113e-5
屠企華,PERSON,4,0.0012714558169103624,2.8746919664060725e-10,6371.111679125483,3.33000333000333e-5
朱礎成,PERSON,2,6.357279084551812e-4,2.481460485393993e-6,0.09090909090909091,3.5055738624412815e-5
崇德女,ORG,11,0.0034965034965034965,2.3700945443944183e-5,12563.982106782107,3.939644644053106e-5
張鏞·王愼卿,PERSON,2,6.357279084551812e-4,2.481460485389999e-6,0.09090909090909091,3.5055738624412815e-5
金吉山,PERSON,2,6.357279084551812e-4,2.4814604853948215e-6,0.09090909090909091,3.5055738624412815e-5
陳榮德,PERSON,2,6.357279084551812e-4,2.48146048539108e-6,0.09090909090909091,3.5055738624412815e-5
李招弟,PERSON,2,6.357279084551812e-4,2.481460485393953e-6,0.09090909090909091,3.5055738624412815e-5
名招,PERSON,2,6.357279084551812e-4,2.4814604853952603e-6,0.09090909090909091,3.5055738624412815e-5
樸姆西飯店,ORG,11,0.0034965034965034965,2.3700945443950403e-5,12563.982106782107,3.939644644053106e-5
許文彬,PERSON,2,6.357279084551812e-4,2.4814604853924545e-6,0.09090909090909091,3.5055738624412815e-5
居蘭君,PERSON,2,6.357279084551812e-4,2.4814604853949096e-6,0.09090909090909091,3.5055738624412815e-5
遠東橡皮公司,ORG,1,3.178639542275906e-4,4.320849175518387e-14,0,2.5378778265614294e-5
大華汽車公司,ORG,1,3.178639542275906e-4,4.3214981241244525e-14,0,2.5378778265614294e-5
中國營業司公,ORG,2,6.357279084551812e-4,7.7565877958469e-12,9387,3.017046311660884e-5
百克房地産部,ORG,4,0.0012714558169103624,7.799752943882259e-12,40771,3.018867924528302e-5
華安汽車公司,ORG,1,3.178639542275906e-4,4.320613240748631e-14,0,2.5378778265614294e-5
程立卿,PERSON,7,0.0022250476795931343,8.254551922220592e-13,15720.5,2.7580120249324285e-5
上海中國瘋病醫院,ORG,1,3.178639542275906e-4,4.320939432108843e-14,0,2.5378778265614294e-5
求齡醫社瘋病科,ORG,1,3.178639542275906e-4,4.3207643516667064e-14,0,2.5378778265614294e-5
薛寶銀,PERSON,2,6.357279084551812e-4,9.0249971312e-5,94.12121212121333,4.366430879399179e-5
夏如璧,PERSON,2,6.357279084551812e-4,9.024997131201912e-5,94.12121212121333,4.366430879399179e-5
如香,PERSON,2,6.357279084551812e-4,9.024997131202399e-5,94.12121212121333,4.366430879399179e-5
夏如香,PERSON,2,6.357279084551812e-4,9.024997131201783e-5,94.12121212121333,4.366430879399179e-5
朱西甫,PERSON,2,6.357279084551812e-4,9.024997131202499e-5,94.12121212121333,4.366430879399179e-5
司法科,ORG,33,0.01048951048951049,1.559227477472607e-4,376,3.850745119180561e-5
沈德福,PERSON,2,6.357279084551812e-4,9.024997131203415e-5,94.12121212121333,4.366430879399179e-5
李耀龍,PERSON,2,6.357279084551812e-4,9.024997131201394e-5,94.12121212121333,4.366430879399179e-5
毛金根,PERSON,2,6.357279084551812e-4,9.024997131203877e-5,94.12121212121333,4.366430879399179e-5
周寳生,PERSON,2,6.357279084551812e-4,9.024997131202258e-5,94.12121212121333,4.366430879399179e-5
潘瑞福,PERSON,2,6.357279084551812e-4,9.024997131204041e-5,94.12121212121333,4.366430879399179e-5
王如松,PERSON,2,6.357279084551812e-4,9.024997131201514e-5,94.12121212121333,4.366430879399179e-5
白爾地,PERSON,2,6.357279084551812e-4,9.024997131202497e-5,94.12121212121333,4.366430879399179e-5
達鳳興,PERSON,2,6.357279084551812e-4,9.024997131201004e-5,94.12121212121333,4.366430879399179e-5
王阿四,PERSON,2,6.357279084551812e-4,9.024997131203107e-5,94.12121212121333,4.366430879399179e-5
胡阿富,PERSON,2,6.357279084551812e-4,9.024997131202485e-5,94.12121212121333,4.366430879399179e-5
王阿根,PERSON,2,6.357279084551812e-4,9.024997131202992e-5,94.12121212121333,4.366430879399179e-5
許標,PERSON,2,6.357279084551812e-4,9.024997131203172e-5,94.12121212121333,4.366430879399179e-5
徐阿根,PERSON,2,6.357279084551812e-4,9.024997131201535e-5,94.12121212121333,4.366430879399179e-5
王茂新,PERSON,2,6.357279084551812e-4,9.024997131202052e-5,94.12121212121333,4.366430879399179e-5
張志江,PERSON,2,6.357279084551812e-4,9.024997131199538e-5,94.12121212121333,4.366430879399179e-5
鄭玉隆,PERSON,2,6.357279084551812e-4,9.024997131201656e-5,94.12121212121333,4.366430879399179e-5
龔長根,PERSON,2,6.357279084551812e-4,9.02499713120298e-5,94.12121212121333,4.366430879399179e-5
丁阿海,PERSON,2,6.357279084551812e-4,9.024997131203224e-5,94.12121212121333,4.366430879399179e-5
范春波,PERSON,2,6.357279084551812e-4,9.024997131202506e-5,94.12121212121333,4.366430879399179e-5
杜德興,PERSON,2,6.357279084551812e-4,9.024997131200497e-5,94.12121212121333,4.366430879399179e-5
唐星南,PERSON,2,6.357279084551812e-4,9.024997131202741e-5,94.12121212121333,4.366430879399179e-5
王阿福,PERSON,2,6.357279084551812e-4,9.024997131201069e-5,94.12121212121333,4.366430879399179e-5
龔和尙,PERSON,2,6.357279084551812e-4,9.024997131202668e-5,94.12121212121333,4.366430879399179e-5
朱福林,PERSON,2,6.357279084551812e-4,9.024997131202588e-5,94.12121212121333,4.366430879399179e-5
徐紀來,PERSON,2,6.357279084551812e-4,9.024997131203041e-5,94.12121212121333,4.366430879399179e-5
卞岩風,PERSON,2,6.357279084551812e-4,9.024997131202461e-5,94.12121212121333,4.366430879399179e-5
周學餘,PERSON,2,6.357279084551812e-4,9.024997131203078e-5,94.12121212121333,4.366430879399179e-5
R·W·Roche君,PERSON,4,0.0012714558169103624,4.475829888908908e-6,1883.9999999999484,4.175365344467641e-5
陳玉記,PERSON,4,0.0012714558169103624,4.4758298889046096e-06,1883.9999999999484,4.175365344467641e-5
徐鏡記,PERSON,4,0.0012714558169103624,4.475829888908306e-6,1883.9999999999484,4.175365344467641e-5
袁瑞和,PERSON,4,0.0012714558169103624,4.475829888901548e-6,1883.9999999999484,4.175365344467641e-5
李仲言之,PERSON,4,0.0012714558169103624,4.4758298889038184e-6,1883.9999999999484,4.175365344467641e-5
普萊梅秆師事務所,ORG,5,0.001589319771137953,1.1715350168514791e-6,2.5,3.691807878318012e-5
滬西　社,ORG,5,0.001589319771137953,1.1715350168446442e-6,2.5,3.691807878318012e-5
語言日夜專修學校,ORG,5,0.001589319771137953,1.1715350168461144e-6,2.5,3.691807878318012e-5
劉玉麒,PERSON,4,0.0012714558169103624,0.004860742835522996,1522.765685878126,4.806305873305777e-5
沈杏初,PERSON,4,0.0012714558169103624,0.004860742835522993,1522.765685878126,4.806305873305777e-5
金阿狗,PERSON,4,0.0012714558169103624,0.004860742835522998,1522.765685878126,4.806305873305777e-5
棉花號業　同業公會,ORG,15,0.004767959313413859,0.003816854470361507,26.25,4.18007774944614e-5
朱亞揆,PERSON,4,0.0012714558169103624,0.004860742835522992,1522.765685878126,4.806305873305777e-5
謝紀南,PERSON,4,0.0012714558169103624,0.004860742835523002,1522.765685878126,4.806305873305777e-5
袁鴻鈞,PERSON,4,0.0012714558169103624,0.004860742835522998,1522.765685878126,4.806305873305777e-5
孫子奎,PERSON,4,0.0012714558169103624,0.0048607428355229906,1522.765685878126,4.806305873305777e-5
邱永清,PERSON,4,0.0012714558169103624,0.004860742835522992,1522.765685878126,4.806305873305777e-5
李鵠成,PERSON,4,0.0012714558169103624,0.004860742835522996,1522.765685878126,4.806305873305777e-5
理髮業　同業公會,ORG,15,0.004767959313413859,0.0038168544703615077,26.25,4.18007774944614e-5
管志降,PERSON,4,0.0012714558169103624,0.004860742835522988,1522.765685878126,4.806305873305777e-5
黄如卿,PERSON,4,0.0012714558169103624,0.004860742835522999,1522.765685878126,4.806305873305777e-5
夏明卿,PERSON,4,0.0012714558169103624,0.004860742835522985,1522.765685878126,4.806305873305777e-5
羅善桃,PERSON,4,0.0012714558169103624,0.0048607428355229914,1522.765685878126,4.806305873305777e-5
錢壽林,PERSON,4,0.0012714558169103624,0.004860742835522996,1522.765685878126,4.806305873305777e-5
崔兆鼎,PERSON,4,0.0012714558169103624,0.004860742835522984,1522.765685878126,4.806305873305777e-5
衛生部中央衛生試騐,ORG,5,0.001589319771137953,7.332632070827066e-5,15076.942259752606,5.255689283649551e-5
上海法商龍東公司,ORG,3,9.535918626827717e-4,2.9365761732686128e-5,274.4250198199643,4.87685930260912e-5
朱欽雄,PERSON,1,3.178639542275906e-4,6.902483288186289e-8,0,2.8772010588099897e-5
欽雄,PERSON,1,3.178639542275906e-4,6.902483289017653e-8,0,2.8772010588099897e-5
朱世德,PERSON,1,3.178639542275906e-4,6.902483288639337e-8,0,2.8772010588099897e-5
大華影戲院,ORG,1,3.178639542275906e-4,0.002793086124566743,0,4.496200710399712e-5
大來集團,ORG,19,0.006039415130324221,0.002977483107047927,113052.04216762209,4.5193654810864554e-5
華澄染織公司,ORG,1,3.178639542275906e-4,0.002793086124566751,0,4.496200710399712e-5
龍章機器造紙股份有限公司,ORG,1,3.178639542275906e-4,0.002793086124566745,0,4.496200710399712e-5
馮文鳳,PERSON,5,0.001589319771137953,6.96632722455837e-9,2920.3106289648676,3.323142363418849e-5
陳小翠,PERSON,5,0.001589319771137953,6.9663272347457616e-9,2920.3106289648676,3.323142363418849e-5
謝月眉,PERSON,5,0.001589319771137953,6.966327225896679e-9,2920.3106289648676,3.323142363418849e-5
顧飛,PERSON,5,0.001589319771137953,6.9663272373839276e-9,2920.3106289648676,3.323142363418849e-5
楊慧明,PERSON,5,0.001589319771137953,6.966327227946546e-9,2920.3106289648676,3.323142363418849e-5
唐恩琛,PERSON,5,0.001589319771137953,6.966327221274695e-9,2920.3106289648676,3.323142363418849e-5
大公醫院,ORG,7,0.0022250476795931343,2.620806692904284e-9,36.33333333333337,3.0154087386545245e-5
勝陽酒樓,ORG,7,0.0022250476795931343,2.62080670660577e-9,36.33333333333337,3.0154087386545245e-5
北京清真勝陽樓菜館,ORG,7,0.0022250476795931343,2.620806709413433e-9,36.33333333333337,3.0154087386545245e-5
堤濱南,PERSON,10,0.003178639542275906,2.910594090769916e-10,9.5,2.7566435108611755e-5
王瑗仲,PERSON,10,0.003178639542275906,2.910594074934935e-10,9.5,2.7566435108611755e-5
陳嘉芝,PERSON,10,0.003178639542275906,2.910593923793654e-10,9.5,2.7566435108611755e-5
濱南,PERSON,10,0.003178639542275906,2.910594017837281e-10,9.5,2.7566435108611755e-5
李澤,PERSON,10,0.003178639542275906,2.910594006762696e-10,9.5,2.7566435108611755e-5
王仁宏,PERSON,10,0.003178639542275906,2.9105940243120613e-10,9.5,2.7566435108611755e-5
陸家駿,PERSON,10,0.003178639542275906,2.9105940060657345e-10,9.5,2.7566435108611755e-5
綠寳三輪車公司,ORG,9,0.002860775588048315,5.546027015596678e-10,2501.73333333338,3.015772490123345e-5
豐泰,ORG,9,0.002860775588048315,5.546026920880536e-10,2501.73333333338,3.015772490123345e-5
大東烟草公司,ORG,9,0.002860775588048315,5.54602699856027e-10,2501.73333333338,3.015772490123345e-5
大東染織廠,ORG,9,0.002860775588048315,5.54602700170774e-10,2501.73333333338,3.015772490123345e-5
萬昌烟行,ORG,9,0.002860775588048315,5.546027157068483e-10,2501.73333333338,3.015772490123345e-5
通吿茲,PERSON,10,0.003178639542275906,2.9105940396547185e-10,9.5,2.7566435108611755e-5
上海特别市錫箔製造業同業公會,ORG,9,0.002860775588048315,5.54602700052746e-10,2501.73333333338,3.015772490123345e-5
錫箔廠商組箔灰收集組,ORG,9,0.002860775588048315,5.546026986493133e-10,2501.73333333338,3.015772490123345e-5
經濟局,ORG,9,0.002860775588048315,5.546026964441936e-10,2501.73333333338,3.015772490123345e-5
箔灰收集,ORG,9,0.002860775588048315,5.546027158922819e-10,2501.73333333338,3.015772490123345e-5
李君,PERSON,17,0.00540368722186904,3.784108065096489e-6,220571.822387871,4.995504046358277e-5
沈叔玉,PERSON,8,0.0025429116338207248,4.698058120858633e-9,19639.102790044057,3.169371196754564e-5
謝凝遠,PERSON,8,0.0025429116338207248,4.698058128604356e-9,19639.102790044057,3.169371196754564e-5
大華廠,ORG,5,0.001589319771137953,1.229702626455032e-9,1.25,2.8827582230678313e-5
上海地方檢察署,ORG,5,0.001589319771137953,1.2297026138107318e-9,1.25,2.8827582230678313e-5
遠東廠,ORG,5,0.001589319771137953,1.2297026204848828e-9,1.25,2.8827582230678313e-5
徐耀章,PERSON,8,0.0025429116338207248,4.698058122960832e-9,19639.102790044057,3.169371196754564e-5
上海中醫學院,ORG,5,0.001589319771137953,1.22970262283015e-9,1.25,2.8827582230678313e-5
丁濟萬,PERSON,8,0.0025429116338207248,4.698058138408053e-9,19639.102790044057,3.169371196754564e-5
蔣文芳,PERSON,8,0.0025429116338207248,4.69805812435207e-9,19639.102790044057,3.169371196754564e-5
大同大學,ORG,5,0.001589319771137953,1.2297026202317366e-9,1.25,2.8827582230678313e-5
附中,ORG,5,0.001589319771137953,1.2297026098491186e-9,1.25,2.8827582230678313e-5
美聯牌,ORG,6,0.0019071837253655435,6.783049480137552e-6,1.6666666666666665,4.017839206074973e-5
D.D,ORG,6,0.0019071837253655435,6.7830494801392285e-6,1.6666666666666665,4.017839206074973e-5
T.,ORG,6,0.0019071837253655435,6.783049480144439e-6,1.6666666666666665,4.017839206074973e-5
美聯太平洋公司,ORG,6,0.0019071837253655435,6.7830494801242005e-6,1.6666666666666665,4.017839206074973e-5
廣大華行,ORG,6,0.0019071837253655435,6.7830494801497605e-6,1.6666666666666665,4.017839206074973e-5
中正書局,ORG,6,0.0019071837253655435,6.7830494801376895e-6,1.6666666666666665,4.017839206074973e-5
俞子夷,PERSON,9,0.002860775588048315,2.159543900564117e-5,4050.5833333334,4.5968557506665444e-5
唐廷仁,PERSON,9,0.002860775588048315,2.1595439005659054e-5,4050.5833333334,4.5968557506665444e-5
船　斯寶昶,PERSON,9,0.002860775588048315,2.1595439005641754e-5,4050.5833333334,4.5968557506665444e-5
溫太輝,PERSON,9,0.002860775588048315,2.159543900562683e-5,4050.5833333334,4.5968557506665444e-5
江芷千,PERSON,9,0.002860775588048315,2.1595439005636493e-5,4050.5833333334,4.5968557506665444e-5
中國國民黨,ORG,6,0.0019071837253655435,6.783049480131749e-6,1.6666666666666665,4.017839206074973e-5
周曙山,PERSON,9,0.002860775588048315,2.1595439005652776e-5,4050.5833333334,4.5968557506665444e-5
顧肯夫,PERSON,1,3.178639542275906e-4,4.246034208859987e-9,0,3.149209548403351e-5
鴻順德南貨店,ORG,7,0.0022250476795931343,1.922387057983638e-5,161015.01852492485,4.487726069200736e-5
周邵玉英,PERSON,1,3.178639542275906e-4,1.0063580656217377e-6,0,3.932672644329086e-5
周仲儀君,PERSON,1,3.178639542275906e-4,1.006358065620842e-6,0,3.932672644329086e-5
陳素琴,PERSON,1,3.178639542275906e-4,1.0063580656202022e-6,0,3.932672644329086e-5
鴻祺,PERSON,1,3.178639542275906e-4,1.0063580656220712e-6,0,3.932672644329086e-5
素琴,PERSON,1,3.178639542275906e-4,1.0063580656173736e-6,0,3.932672644329086e-5
彭玉書,PERSON,3,9.535918626827717e-4,1.5569531515454565e-4,3141.5,3.468368479467259e-5
九州帝國大學,ORG,2,6.357279084551812e-4,1.6346030993101076e-5,1,3.127834600106346e-5
中山大學,ORG,2,6.357279084551812e-4,1.6346030993096875e-5,1,3.127834600106346e-5
遠東國際法庭,ORG,6,0.0019071837253655435,6.175946320976647e-6,158.1651506819869,4.0831325793148504e-5
裕仁天皇,PERSON,4,0.0012714558169103624,1.9616961152132615e-5,1455.4935825879359,4.594743613306377e-5
魏勃,PERSON,4,0.0012714558169103624,1.9616961152156037e-5,1455.4935825879359,4.594743613306377e-5
梅汝璈,PERSON,4,0.0012714558169103624,1.961696115214553e-5,1455.4935825879359,4.594743613306377e-5
富貝康無限公司,ORG,6,0.0019071837253655435,6.175946320974635e-6,158.1651506819869,4.0831325793148504e-5
中國標準紙品公司,ORG,6,0.0019071837253655435,6.175946320972882e-6,158.1651506819869,4.0831325793148504e-5
丁文江,PERSON,4,0.0012714558169103624,1.961696115214085e-5,1455.4935825879359,4.594743613306377e-5
曾世英,PERSON,4,0.0012714558169103624,1.961696115214713e-5,1455.4935825879359,4.594743613306377e-5
中國銀行,ORG,25,0.007946598855689765,8.071181173270576e-7,84432.75,3.7460198539052254e-5
可也宿舍,ORG,1,3.178639542275906e-4,1.8266231474573113e-10,0,3.216985684413704e-5
交通公學,ORG,1,3.178639542275906e-4,1.8266231109474634e-10,0,3.216985684413704e-5
新農報社,ORG,9,0.002860775588048315,4.1199076097617464e-7,3045.4477943485263,4.0480913249402905e-5
大南門民立中學,ORG,9,0.002860775588048315,4.119907609773557e-7,3045.4477943485263,4.0480913249402905e-5
蘇祖衍君,PERSON,4,0.0012714558169103624,3.938759828423178e-7,413.6048726914977,3.9872408293460924e-5
振昌祥,PERSON,4,0.0012714558169103624,3.938759828338237e-7,413.6048726914977,3.9872408293460924e-5
黃伯權,PERSON,4,0.0012714558169103624,3.938759828463525e-7,413.6048726914977,3.9872408293460924e-5
李養人,PERSON,4,0.0012714558169103624,3.938759828431445e-7,413.6048726914977,3.9872408293460924e-5
涂惕亞,PERSON,4,0.0012714558169103624,3.938759828645151e-7,413.6048726914977,3.9872408293460924e-5
王憲,PERSON,4,0.0012714558169103624,3.938759828296023e-7,413.6048726914977,3.9872408293460924e-5
劉麟生,PERSON,4,0.0012714558169103624,3.9387598283063213e-07,413.6048726914977,3.9872408293460924e-5
胡雲樵,PERSON,4,0.0012714558169103624,3.9387598284244755e-7,413.6048726914977,3.9872408293460924e-5
上海渡船公司,ORG,10,0.003178639542275906,4.131229075534009e-7,6190.447794348529,4.048419092344439e-5
佩年,PERSON,3,9.535918626827717e-4,6.583328448221696e-8,239.65713048325588,3.806913354652048e-5
華東牙科,ORG,4,0.0012714558169103624,1.41785413410481e-7,653.196406388253,3.8896884359562796e-5
歐君,PERSON,3,9.535918626827717e-4,6.58332844775102e-8,239.65713048325588,3.806913354652048e-5
法大夜校,ORG,4,0.0012714558169103624,1.4178541340883362e-7,653.196406388253,3.8896884359562796e-5
中華公司,ORG,7,0.0022250476795931343,9.74003971229061e-7,9625.123440557876,4.323950361049855e-5
周君,PERSON,6,0.0019071837253655435,2.5109441212541783e-6,9282.949336540949,4.4306601683650866e-5
余友,PERSON,3,9.535918626827717e-4,6.583328448094663e-8,239.65713048325588,3.806913354652048e-5
可也庚Ｅ８５９９▲,ORG,1,3.178639542275906e-4,2.164373243500814e-14,0,2.537749016622256e-5
可也Ｅ,ORG,1,3.178639542275906e-4,2.16517509709104e-14,0,2.537749016622256e-5
新唐,PERSON,6,0.0019071837253655435,4.137589226783093e-13,15715,2.7578599007170437e-5
可也東興公司,ORG,1,3.178639542275906e-4,2.1650621665175328e-14,0,2.537749016622256e-5
德泰鐵廠,ORG,1,3.178639542275906e-4,2.165072116292548e-14,0,2.537749016622256e-5
安樂里,ORG,1,3.178639542275906e-4,2.16502060953901e-14,0,2.537749016622256e-5
縣公安局,ORG,10,0.003178639542275906,7.38152901603983e-5,27.72865823351985,3.9393342525113254e-5
沈俠民,PERSON,8,0.0025429116338207248,1.3857531929364116e-4,9203.236084072993,4.4818931516672646e-5
楊行鄉行政局公安分局,ORG,10,0.003178639542275906,7.38152901604195e-5,27.72865823351985,3.9393342525113254e-5
張來南,PERSON,8,0.0025429116338207248,1.3857531929365274e-4,9203.236084072993,4.4818931516672646e-5
寶山縣政府,ORG,10,0.003178639542275906,7.381529016040575e-5,27.72865823351985,3.9393342525113254e-5
檬姆西飯店,ORG,17,0.00540368722186904,9.815156776566512e-5,13818.717270140773,4.099872903939978e-5
許天斌,PERSON,8,0.0025429116338207248,1.385753192936416e-4,9203.236084072993,4.4818931516672646e-5
艾家,PERSON,8,0.0025429116338207248,1.3857531929364024e-4,9203.236084072993,4.4818931516672646e-5
黃隆昌織布廠,ORG,10,0.003178639542275906,7.381529016040627e-5,27.72865823351985,3.9393342525113254e-5
韓承共,PERSON,8,0.0025429116338207248,1.3857531929364683e-4,9203.236084072993,4.4818931516672646e-5
遠里,PERSON,3,9.535918626827717e-4,1.4734460707447395e-10,56309.5,3.332000533120085e-5
國心靈研究會,ORG,5,0.001589319771137953,6.254214484280065e-5,52.52511445205814,4.629843974258068e-5
上海四明銀行,ORG,1,3.178639542275906e-4,2.7679007791664287e-9,0,3.600100802822479e-5
高大雄,PERSON,3,9.535918626827717e-4,5.287359324407222e-8,18783.62422124109,4.059759662227996e-5
大華飯店,ORG,5,0.001589319771137953,9.664328735280402e-7,21040.31613184862,4.41598586884522e-5
嘉禾總會,ORG,4,0.0012714558169103624,5.608090200912953e-5,274.74533568969207,4.899318994659742e-5
霞飛療養院,ORG,4,0.0012714558169103624,5.608090200912702e-5,274.74533568969207,4.899318994659742e-5
阿克東,PERSON,2,6.357279084551812e-4,3.0477953203477848e-6,3144.9999999999995,4.319281271596406e-5
友聯電器公司,ORG,1,3.178639542275906e-4,1.5955025234376246e-7,0,3.8027151386089666e-5
東大東皮鞋公司,ORG,2,6.357279084551812e-4,2.212020862486983e-7,0.16666666666666666,3.987717829086414e-5
東中華皮鞋公司,ORG,2,6.357279084551812e-4,2.2120208623835038e-7,0.16666666666666666,3.987717829086414e-5
陳濟美氏,PERSON,6,0.0019071837253655435,2.112747153957396e-6,17510.009331586512,4.5591319412783804e-5
昨承,ORG,2,6.357279084551812e-4,2.2120208624238747e-7,0.16666666666666666,3.987717829086414e-5
世界新聞社,ORG,2,6.357279084551812e-4,2.2120208624351866e-7,0.16666666666666666,3.987717829086414e-5
無相君,PERSON,6,0.0019071837253655435,2.1127471539654257e-6,17510.009331586512,4.5591319412783804e-5
本所,ORG,4,0.0012714558169103624,5.348264907932837e-5,50.2666610388573,4.8773350241428086e-5
同仁醫藥所,ORG,2,6.357279084551812e-4,2.326152152110168e-10,0.125,3.205436420168606e-5
徐文新,PERSON,2,6.357279084551812e-4,2.1164324364666256e-5,2.406140105498723,3.866079022655223e-5
華暄,PERSON,2,6.357279084551812e-4,2.1164324364671396e-5,2.406140105498723,3.866079022655223e-5
文達,PERSON,2,6.357279084551812e-4,2.1164324364665958e-5,2.406140105498723,3.866079022655223e-5
爾良,PERSON,2,6.357279084551812e-4,2.116432436466981e-5,2.406140105498723,3.866079022655223e-5
孫栩仙,PERSON,2,6.357279084551812e-4,2.1164324364659395e-5,2.406140105498723,3.866079022655223e-5
郭玉麟,PERSON,2,6.357279084551812e-4,2.116432436467271e-5,2.406140105498723,3.866079022655223e-5
陳鹿蘋,PERSON,2,6.357279084551812e-4,2.1164324364671088e-5,2.406140105498723,3.866079022655223e-5
周世敏君,PERSON,2,6.357279084551812e-4,2.1164324364669492e-5,2.406140105498723,3.866079022655223e-5
蔡樹滋培元,PERSON,2,6.357279084551812e-4,2.1164324364677597e-5,2.406140105498723,3.866079022655223e-5
德清,PERSON,2,6.357279084551812e-4,2.116432436467501e-5,2.406140105498723,3.866079022655223e-5
顧蓉君,PERSON,2,6.357279084551812e-4,2.1164324364681584e-5,2.406140105498723,3.866079022655223e-5
銘楚,PERSON,2,6.357279084551812e-4,2.1164324364669414e-5,2.406140105498723,3.866079022655223e-5
中華電,ORG,17,0.00540368722186904,1.8618178415386172e-4,29240.988081138174,4.380009636021199e-5
一富小學,ORG,2,6.357279084551812e-4,7.68975738662523e-7,4177.642616598465,4.508769556787952e-5
滬江小學,ORG,2,6.357279084551812e-4,7.689757386641641e-7,4177.642616598465,4.508769556787952e-5
中央大藥廠,ORG,2,6.357279084551812e-4,7.689757386597132e-7,4177.642616598465,4.508769556787952e-5
大製紙廠,ORG,2,6.357279084551812e-4,7.6897573865258e-7,4177.642616598465,4.508769556787952e-5
華中都市公共汽車公司,ORG,2,6.357279084551812e-4,7.689757386483655e-7,4177.642616598465,4.508769556787952e-5
馮爕,PERSON,2,6.357279084551812e-4,2.900514024840823e-4,602.4141166573204,4.631344942571323e-5
堂筆墨文具莊,ORG,4,0.0012714558169103624,6.088399879553134e-5,564.3069943518415,4.283939510774108e-5
馮漢文君,PERSON,2,6.357279084551812e-4,2.900514024840872e-4,602.4141166573204,4.631344942571323e-5
馮君,PERSON,5,0.001589319771137953,2.928772753110845e-4,187234.37418087223,4.9495149475351414e-5
郭嘉祥,PERSON,2,6.357279084551812e-4,2.900514024840784e-4,602.4141166573204,4.631344942571323e-5
黄永權啓,PERSON,4,0.0012714558169103624,4.251339659875266e-9,6278.999999999999,3.531821713639895e-5
協義公司,ORG,3,9.535918626827717e-4,6.676652389269148e-10,0.75,3.1791448100460974e-5
陳楚材,PERSON,4,0.0012714558169103624,4.251339659518878e-9,6278.999999999999,3.531821713639895e-5
白義溥,PERSON,4,0.0012714558169103624,4.251339651470094e-9,6278.999999999999,3.531821713639895e-5
新亞洋行,ORG,29,0.009218054672600126,7.9204163821148e-8,288850.02869948075,3.971248163297724e-5
東亞公證拍賣行,ORG,3,9.535918626827717e-4,6.676652275924269e-10,0.75,3.1791448100460974e-5
中央信託局,ORG,1,3.178639542275906e-4,2.8347420368762596e-9,0,3.469692238298463e-5
蘇浙皖區敵僞産業清理處,ORG,1,3.178639542275906e-4,2.83474203585867e-9,0,3.469692238298463e-5
拜耳藥廠清理處,ORG,1,3.178639542275906e-4,2.8347420365533543e-9,0,3.469692238298463e-5
聯合勤務總司令部兵工署駐滬修理處,ORG,1,3.178639542275906e-4,2.83474203282921e-9,0,3.469692238298463e-5
瑞安,ORG,1,3.178639542275906e-4,1.6553504821463867e-7,0,3.926033528326332e-5
福生公司,ORG,1,3.178639542275906e-4,1.6553504821422318e-7,0,3.926033528326332e-5
瑞安商輪公司,ORG,1,3.178639542275906e-4,1.6553504821251058e-7,0,3.926033528326332e-5
戴景槐,PERSON,6,0.0019071837253655435,3.162119380987209e-6,15715,4.4790826838663444e-5
天一機織印染廠,ORG,1,3.178639542275906e-4,1.6553504821548258e-7,0,3.926033528326332e-5
商標局,ORG,1,3.178639542275906e-4,1.6553504821544208e-7,0,3.926033528326332e-5
中國織造廠,ORG,9,0.002860775588048315,6.952812493908834e-8,20831.596444865736,3.844231730288702e-5
明誠,PERSON,1,3.178639542275906e-4,3.6397555573116464e-9,0,3.429590506893477e-5
趙洽,PERSON,1,3.178639542275906e-4,3.639755550980266e-9,0,3.429590506893477e-5
許君,PERSON,1,3.178639542275906e-4,3.639755554465886e-9,0,3.429590506893477e-5
張星,PERSON,1,3.178639542275906e-4,3.6397555542879274e-9,0,3.429590506893477e-5
席君,PERSON,3,9.535918626827717e-4,9.243945206356756e-8,1.4166666666666667,3.806043997868615e-5
重人格藥廠,ORG,4,0.0012714558169103624,5.85397405890891e-7,3139.2000000000007,4.322081514457363e-5
浙江實業銀行,ORG,6,0.0019071837253655435,5.950220713677575e-7,5241.93333333304,4.322828859205464e-5
黄凡士林,PERSON,3,9.535918626827717e-4,9.243945205705222e-8,1.4166666666666667,3.806043997868615e-5
鄭君,PERSON,3,9.535918626827717e-4,9.243945206098755e-8,1.4166666666666667,3.806043997868615e-5
大化工社,ORG,4,0.0012714558169103624,5.853974058937819e-7,3139.2000000000007,4.322081514457363e-5
王國瑞君,PERSON,3,9.535918626827717e-4,9.1927183487546e-8,2.2,3.806043997868615e-5
巫寳山,PERSON,3,9.535918626827717e-4,9.192718348058977e-8,2.2,3.806043997868615e-5
中華郵票公司,ORG,3,9.535918626827717e-4,5.805046222938823e-7,2092.333333333329,4.321707938977484e-5
華郵,ORG,3,9.535918626827717e-4,5.805046222842746e-7,2092.333333333329,4.321707938977484e-5
興昌車行,ORG,7,0.0022250476795931343,5.1222555335822986e-9,4.2,3.186641598419426e-5
湯逸帆君,PERSON,5,0.001589319771137953,1.3978208116711315e-8,1792.8571428571167,3.540073633531577e-5
逸帆,PERSON,5,0.001589319771137953,1.397820811130041e-8,1792.8571428571167,3.540073633531577e-5
五寳,PERSON,5,0.001589319771137953,1.3978208115753858e-8,1792.8571428571167,3.540073633531577e-5
律師,ORG,7,0.0022250476795931343,5.122255526418298e-9,4.2,3.186641598419426e-5
英雄大律師,PERSON,5,0.001589319771137953,1.3978208122551641e-8,1792.8571428571167,3.540073633531577e-5
實生橡膠廠,ORG,7,0.0022250476795931343,5.122255533628582e-9,4.2,3.186641598419426e-5
顧方千君,PERSON,5,0.001589319771137953,1.3978208112108724e-8,1792.8571428571167,3.540073633531577e-5
英雄大,PERSON,5,0.001589319771137953,1.3978208123734414e-8,1792.8571428571167,3.540073633531577e-5
一德工業社,ORG,7,0.0022250476795931343,5.122255538137736e-9,4.2,3.186641598419426e-5
顧炳瑞君,PERSON,5,0.001589319771137953,1.397820812573056e-8,1792.8571428571167,3.540073633531577e-5
上海市錢業同業公會,ORG,3,9.535918626827717e-4,3.0354232158400683e-5,0.5,4.190939189472361e-5
同興錢莊,ORG,3,9.535918626827717e-4,3.0354232158396177e-5,0.5,4.190939189472361e-5
錢業公會,ORG,3,9.535918626827717e-4,3.0354232158394557e-5,0.5,4.190939189472361e-5
國華保險公司,ORG,3,9.535918626827717e-4,3.0354232158395848e-5,0.5,4.190939189472361e-5
中西療養院,ORG,3,9.535918626827717e-4,3.0354232158393944e-5,0.5,4.190939189472361e-5
馬月靑,PERSON,6,0.0019071837253655435,1.9327972501634804e-4,5234.999999999711,4.826254826254826e-5
張卜熊,PERSON,6,0.0019071837253655435,1.932797250163493e-4,5234.999999999711,4.826254826254826e-5
張福星,PERSON,6,0.0019071837253655435,1.93279725016349e-4,5234.999999999711,4.826254826254826e-5
西湖肺病療養院,ORG,11,0.0034965034965034965,3.2046295225301857e-9,345.7965178531531,3.0161363293620872e-5
瞿惕時,PERSON,6,0.0019071837253655435,5.295039024046697e-9,1041.9494577213707,3.175409627841992e-5
印廷華,PERSON,6,0.0019071837253655435,5.2950390000912865e-9,1041.9494577213707,3.175409627841992e-5
梁偑芬,PERSON,6,0.0019071837253655435,5.295039002385776e-9,1041.9494577213707,3.175409627841992e-5
中華慈幼協會,ORG,11,0.0034965034965034965,3.2046295300256522e-9,345.7965178531531,3.0161363293620872e-5
汪德榮,PERSON,6,0.0019071837253655435,5.295039016791185e-9,1041.9494577213707,3.175409627841992e-5
誠鴻君,PERSON,6,0.0019071837253655435,5.295039019473199e-9,1041.9494577213707,3.175409627841992e-5
朱向榮,PERSON,6,0.0019071837253655435,5.295038999130447e-9,1041.9494577213707,3.175409627841992e-5
陳葆初,PERSON,6,0.0019071837253655435,5.2950390089311795e-9,1041.9494577213707,3.175409627841992e-5
鼎鑫工業,ORG,11,0.0034965034965034965,3.2046295409776976e-9,345.7965178531531,3.0161363293620872e-5
華豐窰業廠,ORG,11,0.0034965034965034965,3.2046295329378334e-9,345.7965178531531,3.0161363293620872e-5
馮偑卿,PERSON,6,0.0019071837253655435,5.2950390180785605e-9,1041.9494577213707,3.175409627841992e-5
邱信浩,PERSON,6,0.0019071837253655435,5.2950390185314816e-9,1041.9494577213707,3.175409627841992e-5
戴志濎,PERSON,6,0.0019071837253655435,5.295039016148518e-9,1041.9494577213707,3.175409627841992e-5
新生鈕扣廠,ORG,11,0.0034965034965034965,3.2046295391062995e-9,345.7965178531531,3.0161363293620872e-5
張紹連,PERSON,3,9.535918626827717e-4,3.361618449278608e-4,0.07500000000000001,3.976459360585335e-5
桂聯,PERSON,3,9.535918626827717e-4,3.361618449278719e-4,0.07500000000000001,3.976459360585335e-5
台光,PERSON,3,9.535918626827717e-4,3.3616184492787617e-4,0.07500000000000001,3.976459360585335e-5
諸維,PERSON,3,9.535918626827717e-4,3.361618449278682e-4,0.07500000000000001,3.976459360585335e-5
張子甘,PERSON,3,9.535918626827717e-4,3.3616184492785915e-4,0.07500000000000001,3.976459360585335e-5
承惠,PERSON,3,9.535918626827717e-4,3.361618449278836e-4,0.07500000000000001,3.976459360585335e-5
郭亦揚,PERSON,3,9.535918626827717e-4,3.3616184492790913e-4,0.07500000000000001,3.976459360585335e-5
伏希諒,PERSON,3,9.535918626827717e-4,3.3616184492790224e-4,0.07500000000000001,3.976459360585335e-5
陳作均,PERSON,3,9.535918626827717e-4,3.361618449278948e-4,0.07500000000000001,3.976459360585335e-5
朱逸君,PERSON,3,9.535918626827717e-4,3.3616184492789986e-4,0.07500000000000001,3.976459360585335e-5
嚴瑞欽,PERSON,3,9.535918626827717e-4,3.3616184492787704e-4,0.07500000000000001,3.976459360585335e-5
趙錫曾,PERSON,3,9.535918626827717e-4,1.1360176721297189e-7,6289,3.4604470897639976e-5
申大染織公司,ORG,1,3.178639542275906e-4,5.946984165048727e-9,0,3.120806416377992e-5
新和公司,ORG,1,3.178639542275906e-4,5.946984166802091e-9,0,3.120806416377992e-5
薛微子君,PERSON,6,0.0019071837253655435,3.035885313477256e-10,3138.9999999999973,3.1015445691954595e-5
張　葆君,PERSON,1,3.178639542275906e-4,2.827893088260341e-10,0,3.100582909587002e-5
汪　汪夷,PERSON,1,3.178639542275906e-4,2.827893105789771e-10,0,3.100582909587002e-5
貴律師事務所,ORG,27,0.008582326764144946,5.401958041620258e-9,106198.91666666663,3.435599683924829e-5
馮曉鐘,PERSON,1,3.178639542275906e-4,2.8278931467552637e-10,0,3.100582909587002e-5
鄧樹勛,PERSON,1,3.178639542275906e-4,2.827893085024235e-10,0,3.100582909587002e-5
重煦,PERSON,1,3.178639542275906e-4,2.8278931526870565e-10,0,3.100582909587002e-5
於翔,PERSON,1,3.178639542275906e-4,2.8278930917483315e-10,0,3.100582909587002e-5
黃柏權,PERSON,1,3.178639542275906e-4,2.1626735802127827e-8,0,3.591180061768297e-5
左券茲,PERSON,5,0.001589319771137953,1.754118063474187e-8,6191.492798262338,3.6400698893418755e-5
天字,ORG,2,6.357279084551812e-4,6.246578078638292e-8,517.6277615907186,3.98200135388046e-5
達理會計師,ORG,2,6.357279084551812e-4,6.246578077747494e-8,517.6277615907186,3.98200135388046e-5
飛隆汽車,ORG,2,6.357279084551812e-4,6.246578078585536e-8,517.6277615907186,3.98200135388046e-5
倪代昌,PERSON,4,0.0012714558169103624,2.496099359018818e-6,2416.5279152140793,4.429875077522814e-5
徐君,PERSON,4,0.0012714558169103624,2.496099359035074e-6,2416.5279152140793,4.429875077522814e-5
啟醫藥肺病療養院,ORG,2,6.357279084551812e-4,3.372038109345241e-10,0.25,2.8902569438423076e-5
邱樹新,PERSON,4,0.0012714558169103624,3.2207041020311977e-9,12554.5,3.1790437436419124e-5
單名善,PERSON,4,0.0012714558169103624,3.220704096511624e-9,12554.5,3.1790437436419124e-5
趙陳廣義,PERSON,4,0.0012714558169103624,9.201161319881689e-6,1883.9999999999484,3.701784260013326e-5
鄭鴻賓,PERSON,4,0.0012714558169103624,9.201161319881358e-6,1883.9999999999484,3.701784260013326e-5
余祗爾,PERSON,4,0.0012714558169103624,9.201161319884645e-6,1883.9999999999484,3.701784260013326e-5
徐氏啟廣泰來旅店,ORG,5,0.001589319771137953,2.4083763123500285e-6,2.5,3.316639580776757e-5
克拉克君出,PERSON,4,0.0012714558169103624,9.201161319884919e-6,1883.9999999999484,3.701784260013326e-5
英領事署,ORG,5,0.001589319771137953,2.4083763123448527e-6,2.5,3.316639580776757e-5
林豁琳,PERSON,4,0.0012714558169103624,9.201161319889786e-6,1883.9999999999484,3.701784260013326e-5
南洋兄弟烟香公司,ORG,5,0.001589319771137953,2.408376312338175e-6,2.5,3.316639580776757e-5
華豐公司,ORG,1,3.178639542275906e-4,2.1518239771688064e-14,0,2.5374914359664035e-5
泰利洋行,ORG,1,3.178639542275906e-4,2.1517742396168205e-14,0,2.5374914359664035e-5
鴻遠里,PERSON,4,0.0012714558169103624,4.1155911441712164e-13,9432,2.757555702625193e-5
豫康洋棧,ORG,1,3.178639542275906e-4,2.1521667252908913e-14,0,2.5374914359664035e-5
留日學生代表團,ORG,2,6.357279084551812e-4,2.0313443858152414e-7,0.16666666666666666,2.9165572957680754e-5
張岳軍,PERSON,6,0.0019071837253655435,1.940179291614281e-6,7855,3.210891343436938e-5
上海市敎育局,ORG,2,6.357279084551812e-4,2.0313443857476646e-7,0.16666666666666666,2.9165572957680754e-5
市敎育局,ORG,2,6.357279084551812e-4,2.031344385742248e-7,0.16666666666666666,2.9165572957680754e-5
曹修憲,PERSON,6,0.0019071837253655435,1.9401792916072655e-6,7855,3.210891343436938e-5
上海縣執行委員會,ORG,2,6.357279084551812e-4,2.0313443857972724e-7,0.16666666666666666,2.9165572957680754e-5
尊德里,ORG,1,3.178639542275906e-4,6.701586910838158e-8,0,3.97251022921384e-5
通成紡織公司,ORG,1,3.178639542275906e-4,6.701586911089211e-8,0,3.97251022921384e-5
汪芰荷,PERSON,6,0.0019071837253655435,1.2801650214970808e-6,125782.78025326125,4.539676775013619e-5
大夏大學,ORG,1,3.178639542275906e-4,6.701586911122564e-8,0,3.97251022921384e-5
劍衡法律事務所,ORG,1,3.178639542275906e-4,6.701586911020113e-8,0,3.97251022921384e-5
乾大昌,PERSON,1,3.178639542275906e-4,1.22063617809618e-6,0,4.2222597534200305e-5
周君可,PERSON,1,3.178639542275906e-4,1.22063617810481e-6,0,4.2222597534200305e-5
林淵泉,PERSON,2,6.357279084551812e-4,3.056193711026976e-6,1571.9999999999998,4.319281271596406e-5
山公安局長,ORG,2,6.357279084551812e-4,3.199798060945504e-7,0.5,3.80300437345503e-5
夏松,PERSON,2,6.357279084551812e-4,3.0561937110300928e-6,1571.9999999999998,4.319281271596406e-5
永大銀行,ORG,8,0.0025429116338207248,3.005977584584857e-9,3.5,3.226951498918971e-5
上海電報總局,ORG,8,0.0025429116338207248,3.005977575621371e-9,3.5,3.226951498918971e-5
謙吉旅館,ORG,8,0.0025429116338207248,3.0059775511651803e-9,3.5,3.226951498918971e-5
張星恒,PERSON,8,0.0025429116338207248,7.177679313486587e-9,2743.125,3.589633139493144e-5
朱子氏,PERSON,8,0.0025429116338207248,7.177679312646125e-9,2743.125,3.589633139493144e-5
商棧,ORG,8,0.0025429116338207248,3.0059775781280725e-9,3.5,3.226951498918971e-5
陳然,PERSON,8,0.0025429116338207248,7.177679317482478e-9,2743.125,3.589633139493144e-5
陳季孫,PERSON,8,0.0025429116338207248,7.177679317045629e-9,2743.125,3.589633139493144e-5
新申營造廠,ORG,8,0.0025429116338207248,3.005977582460618e-9,3.5,3.226951498918971e-5
陸南初,PERSON,8,0.0025429116338207248,7.17767931628788e-9,2743.125,3.589633139493144e-5
哈同洋行,ORG,8,0.0025429116338207248,3.0059775848420365e-9,3.5,3.226951498918971e-5
潘紀孫,PERSON,8,0.0025429116338207248,7.177679299917756e-9,2743.125,3.589633139493144e-5
費凛餘,PERSON,8,0.0025429116338207248,7.1776793282787245e-9,2743.125,3.589633139493144e-5
第一特區地方法院,ORG,8,0.0025429116338207248,3.005977584857124e-9,3.5,3.226951498918971e-5
潘來,PERSON,8,0.0025429116338207248,7.177679327804074e-9,2743.125,3.589633139493144e-5
附郵五分院,ORG,2,6.357279084551812e-4,1.7137618367043434e-5,395.50844903683236,4.6272731479339224e-5
南京飯店,ORG,4,0.0012714558169103624,4.146560453800176e-7,1587.5100789045832,4.320214282628418e-5
公信運輸公司,ORG,4,0.0012714558169103624,4.146560453889067e-7,1587.5100789045832,4.320214282628418e-5
汪啓,PERSON,8,0.0025429116338207248,1.3725851404709618e-6,1737.7005438131487,4.224757076468103e-5
信記洋行,ORG,4,0.0012714558169103624,4.146560453892256e-7,1587.5100789045832,4.320214282628418e-5
彭記工程處,ORG,4,0.0012714558169103624,4.146560453899346e-7,1587.5100789045832,4.320214282628418e-5
定中工程事務所,ORG,4,0.0012714558169103624,4.1465604538993673e-7,1587.5100789045832,4.320214282628418e-5
蘇灘,ORG,4,0.0012714558169103624,4.1465604538640265e-7,1587.5100789045832,4.320214282628418e-5
蘇劇,ORG,4,0.0012714558169103624,4.146560453820912e-7,1587.5100789045832,4.320214282628418e-5
朱國樑,PERSON,8,0.0025429116338207248,1.3725851404932257e-6,1737.7005438131487,4.224757076468103e-5
金君,PERSON,7,0.0022250476795931343,3.344386190111633e-5,87061.02641504709,4.895241824946152e-5
蘇松,PERSON,3,9.535918626827717e-4,3.306432590437051e-5,528.0787859033843,4.5968557506665444e-5
袁海觀,PERSON,3,9.535918626827717e-4,3.306432590438261e-5,528.0787859033843,4.5968557506665444e-5
澤公,PERSON,3,9.535918626827717e-4,3.3064325904383715e-5,528.0787859033843,4.5968557506665444e-5
洋務局,ORG,8,0.0025429116338207248,1.4796598514892312e-5,1556.845828571898,4.256949470009791e-5
淸廷,ORG,8,0.0025429116338207248,1.4796598514901667e-5,1556.845828571898,4.256949470009791e-5
周制軍,PERSON,3,9.535918626827717e-4,3.306432590437188e-5,528.0787859033843,4.5968557506665444e-5
中國縫紉機製造廠,ORG,10,0.003178639542275906,9.600978648238584e-5,6291.153846153844,3.6285786857288e-5
詹念曾,PERSON,1,3.178639542275906e-4,5.026054591992272e-6,0,3.256904637832204e-5
陳正陽,PERSON,1,3.178639542275906e-4,5.026054591989645e-6,0,3.256904637832204e-5
黎明,ORG,8,0.0025429116338207248,9.54835646110156e-5,2.1538461538461537,3.628052098828139e-5
上海黎明火柴廠,ORG,8,0.0025429116338207248,9.548356461099684e-5,2.1538461538461537,3.628052098828139e-5
張福康,PERSON,13,0.004132231404958678,2.2799584851063517e-4,7129.121317504692,4.0929927963326786e-5
虞順慰,PERSON,13,0.004132231404958678,2.2799584851061346e-4,7129.121317504692,4.0929927963326786e-5
海員特别黨部,ORG,8,0.0025429116338207248,9.5483564611002e-5,2.1538461538461537,3.628052098828139e-5
書天,PERSON,13,0.004132231404958678,2.2799584851060332e-4,7129.121317504692,4.0929927963326786e-5
船舶調配委員會,ORG,8,0.0025429116338207248,9.548356461100643e-5,2.1538461538461537,3.628052098828139e-5
鴻生,PERSON,13,0.004132231404958678,2.2799584851062476e-4,7129.121317504692,4.0929927963326786e-5
孤帆,PERSON,13,0.004132231404958678,2.2799584851060554e-4,7129.121317504692,4.0929927963326786e-5
上海市輪船業商業同業公會社,ORG,8,0.0025429116338207248,9.54835646110014e-5,2.1538461538461537,3.628052098828139e-5
月笙,PERSON,13,0.004132231404958678,2.2799584851063452e-4,7129.121317504692,4.0929927963326786e-5
國營招商局,ORG,8,0.0025429116338207248,9.54835646109933e-5,2.1538461538461537,3.628052098828139e-5
學禹,PERSON,13,0.004132231404958678,2.2799584851060362e-4,7129.121317504692,4.0929927963326786e-5
上海民航機帆船聯營處,ORG,8,0.0025429116338207248,9.548356461100105e-5,2.1538461538461537,3.628052098828139e-5
管北,ORG,8,0.0025429116338207248,9.54835646110038e-5,2.1538461538461537,3.628052098828139e-5
民營輪船公司,ORG,8,0.0025429116338207248,9.5483564611002e-5,2.1538461538461537,3.628052098828139e-5
李雲良,PERSON,13,0.004132231404958678,2.2799584851064119e-4,7129.121317504692,4.0929927963326786e-5
馮洽,PERSON,5,0.001589319771137953,1.3066713647442123e-7,111850.69370657073,3.9783577339274344e-5
曹君,PERSON,4,0.0012714558169103624,1.2652084604738707e-7,1,3.840835765862652e-5
王君洽,PERSON,4,0.0012714558169103624,1.2652084604267386e-7,1,3.840835765862652e-5
項君,PERSON,4,0.0012714558169103624,1.2652084604915387e-7,1,3.840835765862652e-5
Ｐａｒｉｓ,ORG,6,0.0019071837253655435,6.042134635661472e-7,31458.3319544349,4.367384373498712e-5
曹轉洽,PERSON,4,0.0012714558169103624,1.2652084604392347e-7,1,3.840835765862652e-5
Ｅｌａｓｔｉ－Ｇｌａｓｓ,ORG,6,0.0019071837253655435,6.04213463580776e-7,31458.3319544349,4.367384373498712e-5
ＨＩＣＫＯＫ,ORG,6,0.0019071837253655435,6.042134635581112e-7,31458.3319544349,4.367384373498712e-5
勤生洋服,ORG,6,0.0019071837253655435,6.042134635539515e-7,31458.3319544349,4.367384373498712e-5
上海企業銀行,ORG,6,0.0019071837253655435,1.3699101504164266e-9,3.75,3.1791448100460974e-5
行業同,ORG,6,0.0019071837253655435,1.3699101523497839e-9,3.75,3.1791448100460974e-5
公會,ORG,6,0.0019071837253655435,1.369910148034489e-9,3.75,3.1791448100460974e-5
吳阿灶啓,PERSON,4,0.0012714558169103624,4.361432283223177e-9,1569.5000000000002,3.531073446327684e-5
戴富才,PERSON,4,0.0012714558169103624,4.361432294368702e-9,1569.5000000000002,3.531073446327684e-5
呂允良啓,PERSON,4,0.0012714558169103624,4.361432297845587e-9,1569.5000000000002,3.531073446327684e-5
吳文彬,PERSON,4,0.0012714558169103624,4.3614322848045025e-9,1569.5000000000002,3.531073446327684e-5
吳文彬啓,PERSON,4,0.0012714558169103624,4.361432289735814e-9,1569.5000000000002,3.531073446327684e-5
林惜興,PERSON,4,0.0012714558169103624,4.361432288051185e-9,1569.5000000000002,3.531073446327684e-5
中國業餘音樂社,ORG,1,3.178639542275906e-4,5.708799568110979e-7,0,4.320960981722335e-5
二六七六藥廠,ORG,1,3.178639542275906e-4,5.708799568059641e-7,0,4.320960981722335e-5
大美公司,ORG,1,3.178639542275906e-4,5.708799568163257e-7,0,4.320960981722335e-5
新亞,ORG,1,3.178639542275906e-4,2.477371057188836e-7,0,2.886086178533291e-5
新亞藥廠,ORG,1,3.178639542275906e-4,2.477371057255097e-7,0,2.886086178533291e-5
通用通用PENTAL,ORG,1,3.178639542275906e-4,2.4773710572487783e-7,0,2.886086178533291e-5
中國通用化學股份有限公,ORG,1,3.178639542275906e-4,2.4773710572281043e-7,0,2.886086178533291e-5
州路口泰昌公司,ORG,1,3.178639542275906e-4,2.47737105722674e-7,0,2.886086178533291e-5
統女,PERSON,6,0.0019071837253655435,4.732377293077501e-6,15715,3.174200101574403e-5
周孝庵,PERSON,1,3.178639542275906e-4,2.6879841451098216e-10,0,3.095591877166914e-5
俞佐衡,PERSON,1,3.178639542275906e-4,2.6879840909753984e-10,0,3.095591877166914e-5
俞君,PERSON,1,3.178639542275906e-4,2.6879841334955595e-10,0,3.095591877166914e-5
沙遜洋行,ORG,9,0.002860775588048315,5.1346989834867405e-9,20420.499999999985,3.429472890016804e-5
Ｂanraclough,PERSON,1,3.178639542275906e-4,2.687984092639391e-10,0,3.095591877166914e-5
廖公劭,PERSON,1,3.178639542275906e-4,2.687984161233894e-10,0,3.095591877166914e-5
成龍照相館,ORG,9,0.002860775588048315,0.002908654771702859,8324.000000000038,3.886966999650173e-5
朱振陸,PERSON,3,9.535918626827717e-4,4.585165620352437e-4,4.333333333333332,3.468368479467259e-5
黃明德,PERSON,3,9.535918626827717e-4,4.5851656203523905e-4,4.333333333333332,3.468368479467259e-5
鄭慧珍,PERSON,3,9.535918626827717e-4,4.585165620352392e-4,4.333333333333332,3.468368479467259e-5
ＣＰＣ咖啡,ORG,9,0.002860775588048315,0.002908654771702864,8324.000000000038,3.886966999650173e-5
黃明元,PERSON,3,9.535918626827717e-4,4.585165620352271e-4,4.333333333333332,3.468368479467259e-5
范貴勛,PERSON,3,9.535918626827717e-4,4.585165620352395e-4,4.333333333333332,3.468368479467259e-5
樹人,PERSON,3,9.535918626827717e-4,4.5851656203523623e-4,4.333333333333332,3.468368479467259e-5
任亦飛,PERSON,3,9.535918626827717e-4,4.5851656203523824e-4,4.333333333333332,3.468368479467259e-5
慧貞,PERSON,3,9.535918626827717e-4,4.585165620352381e-4,4.333333333333332,3.468368479467259e-5
飯店,ORG,4,0.0012714558169103624,9.636649727508703e-7,788.7948618844022,4.322828859205464e-5
南陽橋家庭工業社,ORG,5,0.001589319771137953,4.916930587500695e-9,6535.101472680059,3.417985439382028e-5
施君領,PERSON,2,6.357279084551812e-4,2.6777571948883277e-10,4306.125107276518,3.207801372938988e-5
鴻懋地產公司,ORG,2,6.357279084551812e-4,3.526135696165083e-8,0.2,3.5887313834559486e-5
可也E庚,ORG,2,6.357279084551812e-4,3.526135696231967e-8,0.2,3.5887313834559486e-5
可也醫,ORG,2,6.357279084551812e-4,3.5261356966353646e-8,0.2,3.5887313834559486e-5
朱少雲,PERSON,5,0.001589319771137953,3.367885577627396e-7,16664.64464927409,4.04498017959712e-5
七世祖,PERSON,5,0.001589319771137953,3.3678855775106453e-7,16664.64464927409,4.04498017959712e-5
南　滬北英專校宿舍部,ORG,1,3.178639542275906e-4,2.550735440858723e-9,0,3.697267719155544e-5
中央八二二二醫藥金針,ORG,1,3.178639542275906e-4,2.5507354411230104e-9,0,3.697267719155544e-5
孫粹存,PERSON,3,9.535918626827717e-4,6.7689497091486695e-9,464.32494627806193,3.57653791130186e-5
鄧君,PERSON,3,9.535918626827717e-4,9.822695072823148e-9,80.16666666666669,3.5604927721996724e-5
彙福洋,ORG,2,6.357279084551812e-4,6.206172269481624e-8,1007.3563103100423,3.98200135388046e-5
上海青年寄宿舍,ORG,1,3.178639542275906e-4,6.154751056744222e-8,0,3.9816842524387814e-5
上海搬場公司,ORG,1,3.178639542275906e-4,6.154751056158234e-8,0,3.9816842524387814e-5
綺霞,PERSON,1,3.178639542275906e-4,1.2427039507051063e-11,0,2.9007367871439347e-5
卓文君,PERSON,1,3.178639542275906e-4,1.2427037007147944e-11,0,2.9007367871439347e-5
董天鐸君,PERSON,1,3.178639542275906e-4,1.2427035770096325e-11,0,2.9007367871439347e-5
陸福矅,PERSON,1,3.178639542275906e-4,1.2427039190077196e-11,0,2.9007367871439347e-5
曹雪松,PERSON,1,3.178639542275906e-4,1.242703543711771e-11,0,2.9007367871439347e-5
楊超,PERSON,1,3.178639542275906e-4,1.2427034216996983e-11,0,2.9007367871439347e-5
方世玉,PERSON,1,3.178639542275906e-4,1.2427031791861522e-11,0,2.9007367871439347e-5
秉佳秉傑,PERSON,9,0.002860775588048315,1.533009154881375e-5,393.2564638297046,3.633720930232558e-5
照予君,PERSON,9,0.002860775588048315,1.533009154882164e-5,393.2564638297046,3.633720930232558e-5
仝啟,PERSON,9,0.002860775588048315,1.533009154882558e-5,393.2564638297046,3.633720930232558e-5
唐鴻奎,PERSON,9,0.002860775588048315,1.5330091548805816e-5,393.2564638297046,3.633720930232558e-5
劉賢珠,PERSON,9,0.002860775588048315,1.533009154882635e-5,393.2564638297046,3.633720930232558e-5
協記公司檬姆西飯店,ORG,7,0.0022250476795931343,2.4336277605256008e-05,1200.6443806000636,3.962750148603131e-5
麗姝西飯店,ORG,7,0.0022250476795931343,2.4336277605254673e-5,1200.6443806000636,3.962750148603131e-5
協記公司,ORG,7,0.0022250476795931343,2.433627760525741e-5,1200.6443806000636,3.962750148603131e-5
西飯店,ORG,7,0.0022250476795931343,2.433627760525237e-5,1200.6443806000636,3.962750148603131e-5
麗妹,ORG,7,0.0022250476795931343,2.4336277605261436e-5,1200.6443806000636,3.962750148603131e-5
天廚味精廠,ORG,7,0.0022250476795931343,2.4336277605256093e-5,1200.6443806000636,3.962750148603131e-5
天原電化廠,ORG,7,0.0022250476795931343,2.4336277605250225e-5,1200.6443806000636,3.962750148603131e-5
江蘇上海特區地方法院,ORG,7,0.0022250476795931343,2.4336277605257218e-5,1200.6443806000636,3.962750148603131e-5
裘汾齡,PERSON,9,0.002860775588048315,1.5330091548810918e-5,393.2564638297046,3.633720930232558e-5
衛生所,ORG,6,0.0019071837253655435,6.471545836429256e-5,1394.8765759759988,4.67180565288484e-5
生達,ORG,5,0.001589319771137953,7.592457363808724e-5,16769.803748206996,5.2812252442566676e-5
中華慈幼恊會,ORG,5,0.001589319771137953,7.592457363810985e-5,16769.803748206996,5.2812252442566676e-5
領南旅館,ORG,2,6.357279084551812e-4,7.908269921719046e-10,0.5,3.1614555341279126e-5
沙法,PERSON,2,6.357279084551812e-4,7.55335385803255e-9,1572,3.5102499297950014e-5
項惠卿,PERSON,2,6.357279084551812e-4,7.553353855428834e-9,1572,3.5102499297950014e-5
卡門氏跳舞院,ORG,1,3.178639542275906e-4,1.8266231908750446e-10,0,3.216985684413704e-5
虹口產科醫院,ORG,1,3.178639542275906e-4,1.8266231512590244e-10,0,3.216985684413704e-5
駱駝絨廠,ORG,2,6.357279084551812e-4,3.212874103566065e-7,0.2,3.771734620752084e-5
王相九,PERSON,5,0.001589319771137953,3.0686829105765736e-6,16523.15744275856,4.2789901583226356e-5
余振之君,PERSON,5,0.001589319771137953,3.068682910581168e-6,16523.15744275856,4.2789901583226356e-5
大成駝絨廠,ORG,2,6.357279084551812e-4,3.212874103510388e-7,0.2,3.771734620752084e-5
國營,ORG,2,6.357279084551812e-4,3.212874103525975e-7,0.2,3.771734620752084e-5
中國商業公學函授部,ORG,1,3.178639542275906e-4,1.9904166514245918e-6,0,3.9517881841533296e-5
上海市棉花號業同業公會,ORG,1,3.178639542275906e-4,1.990416651426896e-6,0,3.9517881841533296e-5
中國肖像畫學院函授部,ORG,1,3.178639542275906e-4,1.990416651426673e-6,0,3.9517881841533296e-5
玉光電池研究社,ORG,1,3.178639542275906e-4,1.990416651423807e-6,0,3.9517881841533296e-5
信平公司,ORG,1,3.178639542275906e-4,9.36903349612201e-13,0,2.446722615057131e-5
首得財里,ORG,1,3.178639542275906e-4,9.369030827403722e-13,0,2.446722615057131e-5
江松記,PERSON,5,0.001589319771137953,1.7897442357523398e-11,12574,2.6506918305677783e-5
大千世界,ORG,1,3.178639542275906e-4,9.369051866679372e-13,0,2.446722615057131e-5
潘世義建築師事務所,ORG,1,3.178639542275906e-4,9.369013162451242e-13,0,2.446722615057131e-5
南生活小學,ORG,1,3.178639542275906e-4,1.5206262672866745e-7,0,3.756432891326396e-5
大香妝品公司,ORG,1,3.178639542275906e-4,1.5206262672813763e-7,0,3.756432891326396e-5
申蘇揚,PERSON,4,0.0012714558169103624,2.9047635793127286e-6,9432,4.259669449650707e-5
方糖廠,ORG,1,3.178639542275906e-4,1.5206262672815475e-7,0,3.756432891326396e-5
現代出版社,ORG,2,6.357279084551812e-4,7.505000893641611e-6,2.214493006706945,4.489337822671156e-5
合眾鑫記,ORG,7,0.0022250476795931343,4.844719083152892e-7,4.2,3.730090641202581e-5
趙水鋼,PERSON,5,0.001589319771137953,1.3220834303144701e-6,1792.8571428571454,4.223686433519176e-5
友誼,ORG,7,0.0022250476795931343,4.844719083147694e-7,4.2,3.730090641202581e-5
張秉鋆,PERSON,5,0.001589319771137953,1.3220834303002815e-6,1792.8571428571454,4.223686433519176e-5
五福地產公司,ORG,7,0.0022250476795931343,4.844719082874999e-7,4.2,3.730090641202581e-5
張秀美,PERSON,5,0.001589319771137953,1.3220834302873287e-6,1792.8571428571454,4.223686433519176e-5
來所,PERSON,5,0.001589319771137953,1.322083430296663e-6,1792.8571428571454,4.223686433519176e-5
秀美,PERSON,5,0.001589319771137953,1.3220834302973596e-6,1792.8571428571454,4.223686433519176e-5
張美記,PERSON,5,0.001589319771137953,1.3220834302905035e-6,1792.8571428571454,4.223686433519176e-5
泰康產,ORG,7,0.0022250476795931343,4.844719083063264e-7,4.2,3.730090641202581e-5
張殿榮,PERSON,5,0.001589319771137953,1.3220834302990605e-6,1792.8571428571454,4.223686433519176e-5
立信行,ORG,1,3.178639542275906e-4,2.274357411817905e-9,0,3.0337044565118466e-5
潘君,PERSON,11,0.0034965034965034965,4.344572109704671e-8,34535.5,3.353678985847475e-5
上海婦女敎育館,ORG,1,3.178639542275906e-4,2.274357404572377e-9,0,3.0337044565118466e-5
金剛公司,ORG,1,3.178639542275906e-4,2.2743574019399453e-9,0,3.0337044565118466e-5
茲本清理處,ORG,1,3.178639542275906e-4,2.274357408495707e-9,0,3.0337044565118466e-5
大銀公司債權團清理,ORG,1,3.178639542275906e-4,2.2743574051541185e-9,0,3.0337044565118466e-5
狄百克事務所,ORG,2,6.357279084551812e-4,2.2932107150819423e-9,1047.6666666666895,3.0338885349352265e-5
英商勤業地產公司,ORG,1,3.178639542275906e-4,2.274357408640463e-9,0,3.0337044565118466e-5
呂偉民,PERSON,5,0.001589319771137953,1.0828685674197127e-4,21982.999999999996,3.766478342749529e-5
慎利洋酒,ORG,1,3.178639542275906e-4,5.668751837895795e-6,0,3.3675702980299716e-5
建元行,ORG,3,9.535918626827717e-4,5.731493691710669e-6,4715.499999999999,3.368250867324598e-5
新樂公司,ORG,2,6.357279084551812e-4,5.700165927616877e-6,3141.6666666666665,3.36802398033074e-5
上海科學化工廠,ORG,1,3.178639542275906e-4,6.557071209648535e-8,0,3.7811472000604984e-5
蔡司,ORG,1,3.178639542275906e-4,6.557071209169873e-8,0,3.7811472000604984e-5
朱君,PERSON,9,0.002860775588048315,1.252559029704108e-6,51997.67520320467,4.291477126426916e-5
中和銀公司,ORG,1,3.178639542275906e-4,6.557071209299461e-8,0,3.7811472000604984e-5
恩特華,ORG,1,3.178639542275906e-4,6.557071209428987e-8,0,3.7811472000604984e-5
湖南省銀行,ORG,1,3.178639542275906e-4,1.0555060038281915e-5,0,4.283205551034394e-5
大和記錢莊,ORG,1,3.178639542275906e-4,1.0555060038278963e-5,0,4.283205551034394e-5
錢莊,ORG,1,3.178639542275906e-4,1.0555060038280858e-5,0,4.283205551034394e-5
大和記錢莊董事會,ORG,1,3.178639542275906e-4,1.0555060038281124e-5,0,4.283205551034394e-5
藥房,ORG,1,3.178639542275906e-4,1.0555060038279845e-5,0,4.283205551034394e-5
棉織工業同業公會,ORG,5,0.001589319771137953,3.3855283549090314e-8,2.5,3.5417035594120773e-05
業同業公會,ORG,5,0.001589319771137953,3.385528354954905e-8,2.5,3.5417035594120773e-05
上海市刀剪商業同業公會籌備會,ORG,5,0.001589319771137953,3.385528356121992e-8,2.5,3.5417035594120773e-05
上海市社會局,ORG,11,0.0034965034965034965,2.3692083424493367e-6,105864.9579215848,4.553941436313129e-5
王志偉,PERSON,4,0.0012714558169103624,1.2934354336073932e-7,1883.9999999999484,3.984381225595665e-5
陳發沅,PERSON,4,0.0012714558169103624,1.2934354335916945e-7,1883.9999999999484,3.984381225595665e-5
李志良,PERSON,4,0.0012714558169103624,1.2934354335126041e-7,1883.9999999999484,3.984381225595665e-5
屠桂榮,PERSON,4,0.0012714558169103624,1.2934354334842103e-7,1883.9999999999484,3.984381225595665e-5
胡世廷,PERSON,4,0.0012714558169103624,1.2934354335312545e-7,1883.9999999999484,3.984381225595665e-5
工棉織工業同業公會,ORG,2,6.357279084551812e-4,1.7880254385959927e-6,269.85295447132705,4.04645328369684e-5
工業同業公會,ORG,2,6.357279084551812e-4,1.788025438591572e-6,269.85295447132705,4.04645328369684e-5
北四川路後勤部第一補給區司令部,ORG,2,6.357279084551812e-4,1.7880254385905622e-6,269.85295447132705,4.04645328369684e-5
留昆郎,PERSON,5,0.001589319771137953,4.98434858360028e-7,2185.889636141809,3.984698756773988e-5
獨立出版,ORG,2,6.357279084551812e-4,1.7880254385981906e-6,269.85295447132705,4.04645328369684e-5
五豐海外貿易公司,ORG,20,0.006357279084551812,7.682028595849766e-4,12950.527404505441,3.9956846605665884e-5
無綫電,ORG,20,0.006357279084551812,7.682028595849883e-4,12950.527404505441,3.9956846605665884e-5
葉佐鑫,PERSON,5,0.001589319771137953,2.0107478890698665e-4,0.5,3.550632012498225e-5
恩派亞,ORG,20,0.006357279084551812,7.682028595850201e-4,12950.527404505441,3.9956846605665884e-5
汪恂字學館,ORG,20,0.006357279084551812,7.682028595850298e-4,12950.527404505441,3.9956846605665884e-5
陸士逵傷科整骨病院,ORG,20,0.006357279084551812,7.682028595850065e-4,12950.527404505441,3.9956846605665884e-5
白玉薇,PERSON,5,0.001589319771137953,2.0107478890700792e-4,0.5,3.550632012498225e-5
朱葆三 路,PERSON,5,0.001589319771137953,2.0107478890699657e-4,0.5,3.550632012498225e-5
劉士林,PERSON,5,0.001589319771137953,2.0107478890699844e-4,0.5,3.550632012498225e-5
王志强,PERSON,5,0.001589319771137953,2.010747889069981e-4,0.5,3.550632012498225e-5
魯勵華,PERSON,5,0.001589319771137953,2.010747889069939e-4,0.5,3.550632012498225e-5
唐欣三,PERSON,5,0.001589319771137953,2.0107478890700332e-4,0.5,3.550632012498225e-5
李鴻茂,PERSON,5,0.001589319771137953,2.010747889069982e-4,0.5,3.550632012498225e-5
陳桂芳,PERSON,5,0.001589319771137953,2.0107478890698675e-4,0.5,3.550632012498225e-5
張鴻山,PERSON,5,0.001589319771137953,2.0107478890699483e-4,0.5,3.550632012498225e-5
唐渭三,PERSON,5,0.001589319771137953,2.010747889070045e-4,0.5,3.550632012498225e-5
應宗元,PERSON,5,0.001589319771137953,2.01074788906997e-4,0.5,3.550632012498225e-5
陶欣理,PERSON,5,0.001589319771137953,2.0107478890698724e-4,0.5,3.550632012498225e-5
張如聲,PERSON,5,0.001589319771137953,2.0107478890698396e-4,0.5,3.550632012498225e-5
殷卓麗,PERSON,5,0.001589319771137953,2.010747889070074e-4,0.5,3.550632012498225e-5
沈霆元,PERSON,5,0.001589319771137953,2.0107478890699318e-4,0.5,3.550632012498225e-5
徐永福,PERSON,5,0.001589319771137953,2.0107478890698843e-4,0.5,3.550632012498225e-5
種業同業公會,ORG,7,0.0022250476795931343,3.034311807198826e-9,4709.25,3.4711374917560485e-5
洽桂,ORG,7,0.0022250476795931343,3.034311808535071e-9,4709.25,3.4711374917560485e-5
瀛文,ORG,7,0.0022250476795931343,3.034311799864845e-9,4709.25,3.4711374917560485e-5
蔡輝琮君,PERSON,4,0.0012714558169103624,6.353776128554455e-10,0.8571428571428571,3.130086390384375e-5
仁抱,PERSON,4,0.0012714558169103624,6.353776108116827e-10,0.8571428571428571,3.130086390384375e-5
公子　怡,PERSON,4,0.0012714558169103624,6.353776096495832e-10,0.8571428571428571,3.130086390384375e-5
曾慶曾英會玲,PERSON,4,0.0012714558169103624,6.353776214969453e-10,0.8571428571428571,3.130086390384375e-5
曾愼,PERSON,4,0.0012714558169103624,6.353776090156447e-10,0.8571428571428571,3.130086390384375e-5
曾勤曾,PERSON,4,0.0012714558169103624,6.353776176081306e-10,0.8571428571428571,3.130086390384375e-5
經濟部湘鄂贛區特派員辦公處,ORG,7,0.0022250476795931343,3.03431181234507e-9,4709.25,3.4711374917560485e-5
順風行,ORG,1,3.178639542275906e-4,5.6567841569832806e-8,0,3.66474878147103e-5
五豐行,ORG,1,3.178639542275906e-4,5.6567841570342514e-8,0,3.66474878147103e-5
Ｔel13823,PERSON,9,0.002860775588048315,1.0805824510896612e-6,61486.58406628569,4.1421588932151434e-5
勝家,ORG,2,6.357279084551812e-4,5.6943614882698943e-8,30994.188465629464,3.7306472673008764e-5
六合公司,ORG,2,6.357279084551812e-4,5.3151907792687475e-6,19317.648579946534,4.135478268061701e-5
中國公司,ORG,1,3.178639542275906e-4,5.656784157095504e-8,0,3.66474878147103e-5
天源祥鐘表行,ORG,4,0.0012714558169103624,1.844502309646334e-7,1050.8363115097452,3.666630000366663e-5
金門飯店,ORG,4,0.0012714558169103624,1.8445023095397718e-7,1050.8363115097452,3.666630000366663e-5
愛亨鐘表,ORG,1,3.178639542275906e-4,5.6567841571648705e-8,0,3.66474878147103e-5
大新公司,ORG,5,0.001589319771137953,6.40919367376783e-4,33906.23212358401,4.3738791934566766e-5
庶務科,ORG,1,3.178639542275906e-4,5.258622937698373e-6,0,3.917727717923604e-5
大華綢業,ORG,1,3.178639542275906e-4,5.258622937701276e-6,0,3.917727717923604e-5
聯泰,ORG,1,3.178639542275906e-4,5.2586229376984935e-6,0,3.917727717923604e-5
張君,PERSON,16,0.0050858232676414495,1.00452403808477e-4,113742.2999498632,4.468275245755138e-5
天源祥,ORG,1,3.178639542275906e-4,5.258622937697202e-6,0,3.917727717923604e-5
光華西藥行,ORG,1,3.178639542275906e-4,5.258622937698666e-6,0,3.917727717923604e-5
光華戲院,ORG,1,3.178639542275906e-4,5.258622937698226e-6,0,3.917727717923604e-5
合利西藥行,ORG,1,3.178639542275906e-4,5.258622937697169e-6,0,3.917727717923604e-5
張品泉,PERSON,3,9.535918626827717e-4,1.0680547857571494e-8,43.836994066447524,3.4300610550867805e-5
陳芬,PERSON,3,9.535918626827717e-4,1.0680547850903558e-8,43.836994066447524,3.4300610550867805e-5
禮和洋行光學部,ORG,4,0.0012714558169103624,6.724807280318314e-8,2570.186935871169,3.7820052191672025e-5
葉福辰,PERSON,3,9.535918626827717e-4,1.0680547856217133e-8,43.836994066447524,3.4300610550867805e-5
康生行,ORG,4,0.0012714558169103624,6.724807280436547e-8,2570.186935871169,3.7820052191672025e-5
李召頂,PERSON,1,3.178639542275906e-4,4.146290462685942e-9,0,3.5303254960107325e-5
張宏,PERSON,1,3.178639542275906e-4,4.146290466642775e-9,0,3.5303254960107325e-5
王鐸,PERSON,1,3.178639542275906e-4,4.146290468831484e-9,0,3.5303254960107325e-5
徐龔氏,PERSON,1,3.178639542275906e-4,3.1483400814560343e-7,0,3.427239701144698e-5
曉白律師復業通告,ORG,3,9.535918626827717e-4,6.0140902471720456e-6,6289,3.8412783774440136e-5
杜煥如,PERSON,1,3.178639542275906e-4,3.1483400814468906e-7,0,3.427239701144698e-5
金得利帆船,ORG,10,0.003178639542275906,3.649497488349283e-5,17030.477422443302,3.794346423828495e-5
金得利,ORG,10,0.003178639542275906,3.649497488351044e-5,17030.477422443302,3.794346423828495e-5
沈全備,PERSON,2,6.357279084551812e-4,3.820979981695704e-6,0.1,3.390060343074107e-5
陸廷柱,PERSON,2,6.357279084551812e-4,3.820979981687863e-6,0.1,3.390060343074107e-5
顧陸氏,PERSON,2,6.357279084551812e-4,3.820979981694604e-6,0.1,3.390060343074107e-5
趙鍚曾,PERSON,2,6.357279084551812e-4,3.82097998168525e-6,0.1,3.390060343074107e-5
顧三媛培華,PERSON,2,6.357279084551812e-4,3.820979981694329e-6,0.1,3.390060343074107e-5
顧戚氏,PERSON,2,6.357279084551812e-4,3.820979981693228e-6,0.1,3.390060343074107e-5
陸氏,PERSON,4,0.0012714558169103624,6.258439670459949e-6,16998.09791367823,3.881987577639752e-5
顧樹基公,PERSON,2,6.357279084551812e-4,3.820979981684287e-6,0.1,3.390060343074107e-5
樹基公,PERSON,2,6.357279084551812e-4,3.820979981688964e-6,0.1,3.390060343074107e-5
鼎康錢,ORG,2,6.357279084551812e-4,1.556425749899565e-6,20.276289407359076,4.0652059026789705e-5
黃法雲,PERSON,1,3.178639542275906e-4,2.8686416175652816e-4,0,4.630915995183848e-5
雪寳,PERSON,1,3.178639542275906e-4,2.86864161756525e-4,0,4.630915995183848e-5
法雲,PERSON,1,3.178639542275906e-4,2.86864161756526e-4,0,4.630915995183848e-5
丁文秀,PERSON,1,3.178639542275906e-4,2.868641617565223e-4,0,4.630915995183848e-5
吳雲珍,PERSON,1,3.178639542275906e-4,2.868641617565231e-4,0,4.630915995183848e-5
復興漁輪局,ORG,4,0.0012714558169103624,2.673195336749876e-7,1.2000000000000002,3.729256013425322e-5
恒豐紗廠,ORG,4,0.0012714558169103624,2.673195336833778e-7,1.2000000000000002,3.729256013425322e-5
恒豐,ORG,4,0.0012714558169103624,2.6731953367965875e-7,1.2000000000000002,3.729256013425322e-5
徐俊謹,PERSON,5,0.001589319771137953,1.276612245334353e-6,3140.5,4.223686433519176e-5
江蘇上海第一特區地方法院,ORG,4,0.0012714558169103624,2.673195336840758e-7,1.2000000000000002,3.729256013425322e-5
朱陳氏,PERSON,5,0.001589319771137953,1.276612245333871e-6,3140.5,4.223686433519176e-5
朱聚春,PERSON,5,0.001589319771137953,1.2766122453226247e-6,3140.5,4.223686433519176e-5
朱士春,PERSON,5,0.001589319771137953,1.2766122453357014e-6,3140.5,4.223686433519176e-5
劉相律師事務所,ORG,11,0.0034965034965034965,7.738834051771152e-7,13.75,3.738457512430371e-5
查先夫,PERSON,4,0.0012714558169103624,1.3439129879301599e-6,8476.090909090837,4.232983406705046e-5
先嚴,PERSON,4,0.0012714558169103624,1.3439129879153628e-6,8476.090909090837,4.232983406705046e-5
程子,PERSON,4,0.0012714558169103624,1.3439129879351078e-6,8476.090909090837,4.232983406705046e-5
箴公所,ORG,11,0.0034965034965034965,7.738834051785851e-7,13.75,3.738457512430371e-5
程王素瑛,PERSON,4,0.0012714558169103624,1.3439129879272702e-6,8476.090909090837,4.232983406705046e-5
程克振,PERSON,4,0.0012714558169103624,1.343912987909338e-6,8476.090909090837,4.232983406705046e-5
程克威,PERSON,4,0.0012714558169103624,1.343912987925426e-6,8476.090909090837,4.232983406705046e-5
程克,PERSON,4,0.0012714558169103624,1.3439129879192317e-6,8476.090909090837,4.232983406705046e-5
程克琬,PERSON,4,0.0012714558169103624,1.3439129879301616e-6,8476.090909090837,4.232983406705046e-5
程克俊,PERSON,4,0.0012714558169103624,1.3439129879150852e-6,8476.090909090837,4.232983406705046e-5
程克珣,PERSON,4,0.0012714558169103624,1.343912987908826e-6,8476.090909090837,4.232983406705046e-5
馬杏花廿崴,PERSON,4,0.0012714558169103624,1.3439129879419535e-6,8476.090909090837,4.232983406705046e-5
雷明登,PERSON,3,9.535918626827717e-4,1.2390366339183132e-6,12876.312714566844,4.275696938600992e-5
宏興藥房,ORG,2,6.357279084551812e-4,8.820704657876038e-5,0.16666666666666666,3.639937393076839e-5
民生實業,ORG,9,0.002860775588048315,9.851823714453773e-7,12021.749999999884,3.4900359473702576e-5
珠瑞堂,ORG,13,0.004132231404958678,1.0068370525814396e-6,18325.52272727292,3.491010647582475e-5
陸銘恩,PERSON,3,9.535918626827717e-4,1.5498788795970334e-7,3.255050505050505,3.146039136726861e-5
朱和復,PERSON,2,6.357279084551812e-4,1.0428101907576034e-7,0.4747474747474748,3.145841197936328e-5
蔣昌林,PERSON,2,6.357279084551812e-4,1.042810190739616e-7,0.4747474747474748,3.145841197936328e-5
蔣胡氏,PERSON,2,6.357279084551812e-4,1.0428101908838497e-7,0.4747474747474748,3.145841197936328e-5
蔣昌圭,PERSON,2,6.357279084551812e-4,1.0428101908271225e-7,0.4747474747474748,3.145841197936328e-5
蔣昌堯,PERSON,2,6.357279084551812e-4,1.0428101907677365e-7,0.4747474747474748,3.145841197936328e-5
陳家珍,PERSON,2,6.357279084551812e-4,1.0428101907690691e-7,0.4747474747474748,3.145841197936328e-5
鄒同慶,PERSON,2,6.357279084551812e-4,1.042810190794344e-7,0.4747474747474748,3.145841197936328e-5
大銀公司,ORG,2,6.357279084551812e-4,2.293210711369009e-9,1047.6666666666895,3.0338885349352265e-5
西區某君,PERSON,3,9.535918626827717e-4,3.601445304780046e-10,1.5,2.7699296437870477e-5
潤大,ORG,2,6.357279084551812e-4,2.293210713585468e-9,1047.6666666666895,3.0338885349352265e-5
胡阿朱,PERSON,2,6.357279084551812e-4,5.984359880994739e-7,1.1666666666666665,3.0458089668615983e-5
來生公司,ORG,2,6.357279084551812e-4,5.700079601988269e-6,1570.833333333333,3.3677971239012565e-5
賡記公司,ORG,1,3.178639542275906e-4,3.141408971563562e-8,0,2.7797081306462822e-5
孫君,PERSON,3,9.535918626827717e-4,6.000850158464696e-7,3145.833333333333,3.045994517209869e-5
山東紡綢,ORG,9,0.002860775588048315,3.530743883191373e-4,3512.5892211011424,4.040567295648309e-5
福興祥批發所,ORG,10,0.003178639542275906,3.5833301125685294e-4,22508.34205356848,4.3590078898042804e-5
福泰莊,ORG,9,0.002860775588048315,3.5307438831914603e-4,3512.5892211011424,4.040567295648309e-5
梅君,PERSON,21,0.006675143038779402,0.0031629607899232165,92724.64008017845,4.625346901017576e-5
泰記機器廠,ORG,2,6.357279084551812e-4,1.689592908514331e-4,298.30114817906775,4.0382829221015224e-5
俞國梀君,PERSON,4,0.0012714558169103624,6.456989880831822e-5,155.35807631436134,3.834355828220859e-5
大昌公司,ORG,3,9.535918626827717e-4,1.7331326600190946e-4,524.2453496950936,4.0386091030249185e-5
東亞醫學書局,ORG,3,9.535918626827717e-4,1.7331326600190342e-4,524.2453496950936,4.0386091030249185e-5
吳君,PERSON,5,0.001589319771137953,7.38706720518981e-5,217.24161620922365,3.8346498964644526e-5
黄君,PERSON,5,0.001589319771137953,7.387067205188369e-5,217.24161620922365,3.8346498964644526e-5
咸信行,ORG,4,0.0012714558169103624,1.7267732377555e-4,1883.9999999999484,4.0389353366452604e-5
福泰,ORG,4,0.0012714558169103624,1.726773237755514e-4,1883.9999999999484,4.0389353366452604e-5
靜安筆店,ORG,4,0.0012714558169103624,1.7267732377554944e-4,1883.9999999999484,4.0389353366452604e-5
儲蓄會,ORG,4,0.0012714558169103624,1.7267732377554656e-4,1883.9999999999484,4.0389353366452604e-5
蘇甲,PERSON,5,0.001589319771137953,4.519777034668765e-5,2.5,3.5847433323774016e-5
日新輿地學社,ORG,4,0.0012714558169103624,1.7267732377555141e-4,1883.9999999999484,4.0389353366452604e-5
年餘,PERSON,5,0.001589319771137953,4.519777034667659e-5,2.5,3.5847433323774016e-5
今甫,PERSON,5,0.001589319771137953,4.5197770346675265e-5,2.5,3.5847433323774016e-5
張君洽木紗團廠,ORG,2,6.357279084551812e-4,1.6463840290836073e-5,1.0833333333333333,3.129009042836134e-5
南貨店,ORG,2,6.357279084551812e-4,5.820454610281449e-7,448.4285714285807,4.3213344280713883e-5
徐氏啓,PERSON,6,0.0019071837253655435,4.117702017967594e-5,12895.936551190505,4.595165885488466e-5
敬德堂,ORG,6,0.0019071837253655435,1.2933553480762798e-5,2.4999999999999996,4.016548178495401e-5
潘用和君,PERSON,6,0.0019071837253655435,4.117702017968772e-5,12895.936551190505,4.595165885488466e-5
葛紀元啓,PERSON,6,0.0019071837253655435,4.117702017968283e-5,12895.936551190505,4.595165885488466e-5
沈劍秋,PERSON,6,0.0019071837253655435,4.1177020179674726e-5,12895.936551190505,4.595165885488466e-5
邵孝立啓,PERSON,6,0.0019071837253655435,4.117702017968625e-5,12895.936551190505,4.595165885488466e-5
閔行公司,ORG,6,0.0019071837253655435,1.2933553480768907e-5,2.4999999999999996,4.016548178495401e-5
陳希賢,PERSON,6,0.0019071837253655435,4.117702017968051e-5,12895.936551190505,4.595165885488466e-5
松江典業銀行,ORG,6,0.0019071837253655435,1.2933553480754843e-5,2.4999999999999996,4.016548178495401e-5
典業銀,ORG,6,0.0019071837253655435,1.2933553480768475e-5,2.4999999999999996,4.016548178495401e-5
鄭州九日航,ORG,12,0.003814367450731087,0.003815891877003297,93819.63384466156,4.935590543408519e-5
范世勤,PERSON,1,3.178639542275906e-4,1.9975964527776076e-4,0,4.27240878407246e-5
諸公曁,PERSON,1,3.178639542275906e-4,1.9975964527776572e-4,0,4.27240878407246e-5
顔惠慶,PERSON,1,3.178639542275906e-4,1.997596452777627e-4,0,4.27240878407246e-5
守漢章,PERSON,1,3.178639542275906e-4,1.9975964527776434e-4,0,4.27240878407246e-5
謝蘅牕,PERSON,1,3.178639542275906e-4,1.9975964527776518e-4,0,4.27240878407246e-5
裴雲卿,PERSON,1,3.178639542275906e-4,1.9975964527776464e-4,0,4.27240878407246e-5
四洽,PERSON,7,0.0022250476795931343,8.142875407364886e-7,5346.25493209496,3.9283469516027656e-5
徐洽正豐烟行,ORG,3,9.535918626827717e-4,1.278823893803647e-7,0.42857142857142855,3.4968703010805326e-5
吳天興,PERSON,7,0.0022250476795931343,8.142875407218961e-7,5346.25493209496,3.9283469516027656e-5
愛亨鐘表行,ORG,3,9.535918626827717e-4,1.278823893839201e-7,0.42857142857142855,3.4968703010805326e-5
森泰襪廠,ORG,3,9.535918626827717e-4,1.2788238938671243e-7,0.42857142857142855,3.4968703010805326e-5
李洽,PERSON,7,0.0022250476795931343,8.142875407220121e-7,5346.25493209496,3.9283469516027656e-5
立成商行,ORG,3,9.535918626827717e-4,1.278823893825784e-7,0.42857142857142855,3.4968703010805326e-5
鼎盛,ORG,1,3.178639542275906e-4,6.460779007926358e-8,0,3.728421759069386e-5
ＩＵ　ＢＯＵＮＤＳ,ORG,1,3.178639542275906e-4,6.460779007949339e-8,0,3.728421759069386e-5
孔國光,PERSON,5,0.001589319771137953,1.234164893711668e-6,12574,4.223686433519176e-5
信華公司,ORG,1,3.178639542275906e-4,6.460779007943631e-8,0,3.728421759069386e-5
Ｔ３５７８４,ORG,1,3.178639542275906e-4,6.460779007941623e-8,0,3.728421759069386e-5
永安公司,ORG,10,0.003178639542275906,5.378333208243562e-9,9416.999999999989,3.4297081318379805e-5
中美法律會計事務所,ORG,10,0.003178639542275906,5.378333186260048e-9,9416.999999999989,3.4297081318379805e-5
曹國樑,PERSON,3,9.535918626827717e-4,8.44657538571754e-10,0.30000000000000004,3.096166945321692e-5
戴凝瑞,PERSON,3,9.535918626827717e-4,8.446575467196042e-10,0.30000000000000004,3.096166945321692e-5
中國漁業銀行法律顧問啓事事務所,ORG,10,0.003178639542275906,5.3783332012123e-9,9416.999999999989,3.4297081318379805e-5
胡貽穀,PERSON,3,9.535918626827717e-4,8.446575414326974e-10,0.30000000000000004,3.096166945321692e-5
胡自居,PERSON,3,9.535918626827717e-4,8.446575426922594e-10,0.30000000000000004,3.096166945321692e-5
張敬禮,PERSON,3,9.535918626827717e-4,8.446575370714761e-10,0.30000000000000004,3.096166945321692e-5
賴依仁,PERSON,3,9.535918626827717e-4,8.446575430776613e-10,0.30000000000000004,3.096166945321692e-5
胡君教,PERSON,3,9.535918626827717e-4,8.446575448590128e-10,0.30000000000000004,3.096166945321692e-5
胡文珍,PERSON,3,9.535918626827717e-4,8.446575412576764e-10,0.30000000000000004,3.096166945321692e-5
大西明,PERSON,3,9.535918626827717e-4,8.446575454270949e-10,0.30000000000000004,3.096166945321692e-5
福祿壽,PERSON,5,0.001589319771137953,4.192244965164624e-9,12574,3.531322833533442e-5
ｔ８７８１２,ORG,1,3.178639542275906e-4,2.1946150201241395e-10,0,3.178336458697518e-5
大通行,ORG,1,3.178639542275906e-4,2.1946150115380275e-10,0,3.178336458697518e-5
泰安公司,ORG,1,3.178639542275906e-4,2.1946150235737486e-10,0,3.178336458697518e-5
大昌電氣化學製造廠,ORG,1,3.178639542275906e-4,2.1946150005365951e-10,0,3.178336458697518e-5
大成商塲管理處,ORG,1,3.178639542275906e-4,2.2193873143194737e-10,0,3.178538507994025e-5
中央公證拍賣股份有限公司,ORG,4,0.0012714558169103624,8.940360375282906e-10,35.642857142857146,3.180560414745078e-5
Robinson,PERSON,6,0.0019071837253655435,4.2395659260339845e-9,13356.75,3.531572255968357e-5
廣發盛,ORG,1,3.178639542275906e-4,2.2193873314146577e-10,0,3.178538507994025e-5
露香園畜植公司,ORG,1,3.178639542275906e-4,2.2193873519990043e-10,0,3.178538507994025e-5
天昌電氣化學製造廠,ORG,1,3.178639542275906e-4,2.219387320547932e-10,0,3.178538507994025e-5
益中公證拍賣行,ORG,1,3.178639542275906e-4,1.533194925639318e-5,0,4.282838665467472e-5
派立司,ORG,1,3.178639542275906e-4,1.5331949256392372e-5,0,4.282838665467472e-5
侯蓬洲,PERSON,4,0.0012714558169103624,1.698461110780663e-4,2816.6999999999725,3.959768749505029e-5
王華德,PERSON,4,0.0012714558169103624,1.6984611107806696e-4,2816.6999999999725,3.959768749505029e-5
仲薇,PERSON,4,0.0012714558169103624,1.698461110780505e-4,2816.6999999999725,3.959768749505029e-5
何慧覺,PERSON,4,0.0012714558169103624,1.698461110780534e-4,2816.6999999999725,3.959768749505029e-5
蔡岐卿,PERSON,4,0.0012714558169103624,1.698461110780583e-4,2816.6999999999725,3.959768749505029e-5
何叔明,PERSON,4,0.0012714558169103624,1.698461110780706e-4,2816.6999999999725,3.959768749505029e-5
諸希　諒,PERSON,4,0.0012714558169103624,1.6984611107806032e-4,2816.6999999999725,3.959768749505029e-5
社會福利局,ORG,10,0.003178639542275906,8.891341787019887e-5,11.25,3.523484020999965e-5
孫鳴岐,PERSON,4,0.0012714558169103624,1.6984611107806303e-4,2816.6999999999725,3.959768749505029e-5
伏希　亮,PERSON,4,0.0012714558169103624,1.69846111078068e-4,2816.6999999999725,3.959768749505029e-5
華一工程企業股份有限公司,ORG,10,0.003178639542275906,8.891341787018577e-5,11.25,3.523484020999965e-5
中國通商銀,ORG,1,3.178639542275906e-4,7.817404061131381e-7,0,4.0648754115686354e-5
謙泰豫,ORG,2,6.357279084551812e-4,1.5564257498987519e-6,20.276289407359076,4.0652059026789705e-5
景福衫襪廠股份有限公司,ORG,1,3.178639542275906e-4,7.817404061105487e-7,0,4.0648754115686354e-5
李謀雄,PERSON,11,0.0034965034965034965,1.4933130569761763e-5,114258.6124302709,4.660700969425801e-5
周千,PERSON,7,0.0022250476795931343,3.4005533523524973e-6,109606.59797494151,4.68384074941452e-5
趙祖康,PERSON,7,0.0022250476795931343,3.4005533523487394e-6,109606.59797494151,4.68384074941452e-5
安慎興業股份有限公司,ORG,2,6.357279084551812e-4,3.5603384652364606e-7,0.14285714285714285,4.08279916710897e-5
安慎洋行,ORG,2,6.357279084551812e-4,3.560338465267021e-7,0.14285714285714285,4.08279916710897e-5
中國油輪有限公司,ORG,2,6.357279084551812e-4,3.560338465196311e-7,0.14285714285714285,4.08279916710897e-5
陳小青,PERSON,3,9.535918626827717e-4,2.3398251346501508e-8,3000.0577078571237,3.778718258766626e-5
嘯秋,PERSON,3,9.535918626827717e-4,2.3398251348160888e-08,3000.0577078571237,3.778718258766626e-5
宛亭,PERSON,3,9.535918626827717e-4,2.339825133912803e-8,3000.0577078571237,3.778718258766626e-5
惠泉廠,ORG,4,0.0012714558169103624,4.902912742582983e-9,3.999999999999999,3.3784925166390757e-5
倫敦紐約莫愁製藥公司,ORG,2,6.357279084551812e-4,6.976042671762212e-7,0.19166666666666668,4.2938726437373865e-5
英商順發有限公,ORG,3,9.535918626827717e-4,2.780271951155165e-5,894.7034547717698,4.781257470714798e-5
山林元普,PERSON,3,9.535918626827717e-4,5.487313654246675e-6,40.87558263691852,4.208754208754209e-5
中國通商銀行商業部,ORG,3,9.535918626827717e-4,2.7802719511540584e-5,894.7034547717698,4.781257470714798e-5
深康藥行,ORG,13,0.004132231404958678,3.096035468939452e-8,26,3.0342567588069303e-5
張俟英,PERSON,3,9.535918626827717e-4,4.54936600279932e-8,481.9230769230705,3.351655717924655e-5
朱元昌,PERSON,3,9.535918626827717e-4,4.549366003867124e-8,481.9230769230705,3.351655717924655e-5
五夢泉君,PERSON,3,9.535918626827717e-4,4.549366002638012e-8,481.9230769230705,3.351655717924655e-5
張英忠,PERSON,3,9.535918626827717e-4,4.549366002792145e-8,481.9230769230705,3.351655717924655e-5
夢泉,ORG,13,0.004132231404958678,3.096035471734481e-8,26,3.0342567588069303e-5
鄔振明,PERSON,3,9.535918626827717e-4,4.5493660012009016e-8,481.9230769230705,3.351655717924655e-5
陳其浩君,PERSON,3,9.535918626827717e-4,4.5493660026899895e-8,481.9230769230705,3.351655717924655e-5
錢承貴,PERSON,3,9.535918626827717e-4,4.54936600339804e-8,481.9230769230705,3.351655717924655e-5
錢雨提,PERSON,3,9.535918626827717e-4,4.549366002537452e-8,481.9230769230705,3.351655717924655e-5
錢培元,PERSON,3,9.535918626827717e-4,4.549366003086528e-8,481.9230769230705,3.351655717924655e-5
錢柱芬,PERSON,3,9.535918626827717e-4,4.54936600171167e-8,481.9230769230705,3.351655717924655e-5
徐新生,PERSON,3,9.535918626827717e-4,4.5493660026467716e-8,481.9230769230705,3.351655717924655e-5
羅孫文柔,PERSON,3,9.535918626827717e-4,4.549366001782049e-8,481.9230769230705,3.351655717924655e-5
唐士箴,PERSON,3,9.535918626827717e-4,4.549366002086741e-8,481.9230769230705,3.351655717924655e-5
江少懐,PERSON,5,0.001589319771137953,8.320644474955014e-5,180.52339110535488,3.8346498964644526e-5
周承源,PERSON,5,0.001589319771137953,8.32064447495374e-5,180.52339110535488,3.8346498964644526e-5
沈炳若,PERSON,5,0.001589319771137953,8.320644474955461e-5,180.52339110535488,3.8346498964644526e-5
啓明書局,ORG,6,0.0019071837253655435,3.419600224148205e-4,1866.8330200982925,4.039587962027873e-5
許晚成,PERSON,5,0.001589319771137953,8.320644474954209e-5,180.52339110535488,3.8346498964644526e-5
龍文書店,ORG,5,0.001589319771137953,1.8300232487794207e-4,938.2405594297176,4.03926162297532e-5
啟者,PERSON,7,0.0022250476795931343,0.0030364760909280613,21123.872420989428,4.6180844185831714e-5
上海煤球聯合公司,ORG,4,0.0012714558169103624,6.356607444390895e-4,749.0637586930709,4.0898122776164575e-5
INJEKHONSNADELN,PERSON,3,9.535918626827717e-4,0.0029628497078471503,5545.735360010823,4.6133973057759734e-5
曹洲　三山農藝社,ORG,2,6.357279084551812e-4,1.7083771841219385e-4,5595.691903695204,4.355969856688592e-5
上海廠,ORG,2,6.357279084551812e-4,1.708377184121973e-4,5595.691903695204,4.355969856688592e-5
湯生貿易公司,ORG,2,6.357279084551812e-4,1.7083771841220192e-4,5595.691903695204,4.355969856688592e-5
勝家公司,ORG,2,6.357279084551812e-4,1.708377184122034e-4,5595.691903695204,4.355969856688592e-5
華裕洋行,ORG,2,6.357279084551812e-4,1.708377184121999e-4,5595.691903695204,4.355969856688592e-5
吳蘭仙,PERSON,4,0.0012714558169103624,2.2098454876792683e-6,4.833333333333333,2.8498147620404674e-5
慧麗,PERSON,4,0.0012714558169103624,2.209845487676752e-6,4.833333333333333,2.8498147620404674e-5
摩靜百,ORG,3,9.535918626827717e-4,8.498254079979484e-6,1255.5500000000056,3.129204869042776e-5
之江,PERSON,7,0.0022250476795931343,1.579174951340334e-4,25415.53333333278,3.470294280955025e-5
四豐花園,ORG,4,0.0012714558169103624,1.669520845581576e-5,2515.1000000000113,3.129400719762166e-5
朱交屋,ORG,3,9.535918626827717e-4,8.498254079982506e-6,1255.5500000000056,3.129204869042776e-5
四豐貿易行地產部,ORG,4,0.0012714558169103624,8.52167155070649e-6,7543.549999999795,3.129596594998905e-5
毛君,PERSON,1,3.178639542275906e-4,1.0230210035743074e-7,0,4.16770859381512e-5
聯益行,ORG,3,9.535918626827717e-4,1.9542172961007363e-6,78868.32703701104,4.7963931123794903e-5
李君合,PERSON,3,9.535918626827717e-4,2.7723389637751353e-7,1.5,3.7436358191075174e-5
中國醫院,ORG,2,6.357279084551812e-4,1.7652790886090408e-6,1047.666666666698,4.242501378812948e-5
智德小學,ORG,2,6.357279084551812e-4,1.7652790886011914e-6,1047.666666666698,4.242501378812948e-5
德　小學,ORG,2,6.357279084551812e-4,1.7652790886085767e-6,1047.666666666698,4.242501378812948e-5
華北政務委員會,ORG,2,6.357279084551812e-4,5.820454610365846e-7,448.4285714285807,4.3213344280713883e-5
宋漢書,PERSON,7,0.0022250476795931343,2.1328810921732716e-7,10.5,3.806043997868615e-5
軍政部京滬特派員辦公處,ORG,2,6.357279084551812e-4,5.82045461026807e-7,448.4285714285807,4.3213344280713883e-5
軍政部,ORG,2,6.357279084551812e-4,5.820454610479613e-7,448.4285714285807,4.3213344280713883e-5
上海接運站,ORG,2,6.357279084551812e-4,5.820454610297989e-7,448.4285714285807,4.3213344280713883e-5
百樂門舞專,ORG,2,6.357279084551812e-4,5.820454610334684e-7,448.4285714285807,4.3213344280713883e-5
陳洽房地產,ORG,2,6.357279084551812e-4,5.820454610272089e-7,448.4285714285807,4.3213344280713883e-5
國際公證拍賣行,ORG,1,3.178639542275906e-4,3.757733119552421e-10,0,3.294133148861877e-5
中華公證拍賣行,ORG,2,6.357279084551812e-4,5.969981362981125e-10,6276.860768067925,3.3024008454146164e-5
陳中國,PERSON,4,0.0012714558169103624,7.178178319396366e-9,33691.30284547028,3.674849331177422e-5
敬義堂董事會,ORG,2,6.357279084551812e-4,1.9739608950272755e-6,0.3333333333333333,4.014613192018949e-5
屠殿臣,PERSON,3,9.535918626827717e-4,1.8853711254995978e-5,3143.5,4.594321418726454e-5
周鳳圖,PERSON,3,9.535918626827717e-4,1.8853711255008805e-5,3143.5,4.594321418726454e-5
中央信託局儲運處,ORG,2,6.357279084551812e-4,1.9739608950315526e-6,0.3333333333333333,4.014613192018949e-5
駱文慶·袁仲杼,PERSON,4,0.0012714558169103624,2.4889235721199193e-4,1290.8578043172115,4.836525440123815e-5
警備司令部,ORG,6,0.0019071837253655435,3.996045066716962e-4,1088.709827531295,4.964996772752098e-5
榮德生,PERSON,4,0.0012714558169103624,2.4889235721196895e-4,1290.8578043172115,4.836525440123815e-5
第一綏靖區司令部,ORG,6,0.0019071837253655435,3.996045066716927e-4,1088.709827531295,4.964996772752098e-5
毛森,PERSON,4,0.0012714558169103624,2.488923572119886e-4,1290.8578043172115,4.836525440123815e-5
黃伯憲,PERSON,4,0.0012714558169103624,2.488923572119946e-4,1290.8578043172115,4.836525440123815e-5
張壽　氏,PERSON,4,0.0012714558169103624,2.4889235721197833e-4,1290.8578043172115,4.836525440123815e-5
利生藥房,ORG,2,6.357279084551812e-4,2.3261521123561526e-10,0.125,3.205436420168606e-5
大中,ORG,2,6.357279084551812e-4,2.326152166089799e-10,0.125,3.205436420168606e-5
大昌祥,ORG,2,6.357279084551812e-4,2.3261521185112959e-10,0.125,3.205436420168606e-5
協祥和記,ORG,2,6.357279084551812e-4,2.3261521022914685e-10,0.125,3.205436420168606e-5
中國文化股份有限公司,ORG,2,6.357279084551812e-4,1.9129377378557148e-7,243.04435996319066,4.105933073290905e-5
啟景福衫襪織造廠股份有限公司,ORG,2,6.357279084551812e-4,1.9129377378000637e-7,243.04435996319066,4.105933073290905e-5
丙康化學製藥廠股份有限公司,ORG,2,6.357279084551812e-4,1.912937737889878e-7,243.04435996319066,4.105933073290905e-5
上海市新藥業同業公會,ORG,2,6.357279084551812e-4,1.912937737861156e-7,243.04435996319066,4.105933073290905e-5
振中紡織整染股份有限公司,ORG,2,6.357279084551812e-4,1.9129377379036723e-7,243.04435996319066,4.105933073290905e-5
務希　貴,PERSON,6,0.0019071837253655435,1.7409720224613403e-7,1338.7861412810628,3.985016338566988e-5
葛鑑如,PERSON,4,0.0012714558169103624,4.399478836250874e-9,1344.8571428571342,3.531073446327684e-5
葛蓉甫,PERSON,4,0.0012714558169103624,4.399478847461135e-9,1344.8571428571342,3.531073446327684e-5
葛學良,PERSON,4,0.0012714558169103624,4.399478850982292e-9,1344.8571428571342,3.531073446327684e-5
葛學新,PERSON,4,0.0012714558169103624,4.399478831433785e-9,1344.8571428571342,3.531073446327684e-5
葛學棻,PERSON,4,0.0012714558169103624,4.399478857386523e-9,1344.8571428571342,3.531073446327684e-5
仝啓茲,PERSON,4,0.0012714558169103624,4.39947883410388e-9,1344.8571428571342,3.531073446327684e-5
任重遠,PERSON,4,0.0012714558169103624,4.399478845677404e-9,1344.8571428571342,3.531073446327684e-5
劍橋大學,ORG,7,0.0022250476795931343,1.6121705225057899e-9,5.25,3.179346962133978e-5
學校,ORG,7,0.0022250476795931343,1.6121705153449938e-9,5.25,3.179346962133978e-5
維楚會計校速成班,ORG,7,0.0022250476795931343,1.6121705245933644e-9,5.25,3.179346962133978e-5
胡晉邦,PERSON,4,0.0012714558169103624,3.225686219423926e-10,626.0000000000023,3.101159833777833e-5
胡友生,PERSON,4,0.0012714558169103624,3.225686413573192e-10,626.0000000000023,3.101159833777833e-5
夏光酒精廠,ORG,15,0.004767959313413859,2.5329418470498494e-10,26.25,2.8278143822639483e-5
貴所,ORG,15,0.004767959313413859,2.532941984617451e-10,26.25,2.8278143822639483e-5
凌昌炎,PERSON,4,0.0012714558169103624,3.2256862017695524e-10,626.0000000000023,3.101159833777833e-5
江忠煒,PERSON,4,0.0012714558169103624,3.2256862709127816e-10,626.0000000000023,3.101159833777833e-5
陳桂蓀公,PERSON,4,0.0012714558169103624,3.2256863732045195e-10,626.0000000000023,3.101159833777833e-5
陳福祺,PERSON,4,0.0012714558169103624,3.225686355709757e-10,626.0000000000023,3.101159833777833e-5
陳福祥,PERSON,4,0.0012714558169103624,3.225686338612483e-10,626.0000000000023,3.101159833777833e-5
陳秀娟,PERSON,4,0.0012714558169103624,3.225686401867143e-10,626.0000000000023,3.101159833777833e-5
陳麗娟,PERSON,4,0.0012714558169103624,3.2256863263930493e-10,626.0000000000023,3.101159833777833e-5
陳寶娟,PERSON,4,0.0012714558169103624,3.2256863846295573e-10,626.0000000000023,3.101159833777833e-5
陳美娟,PERSON,4,0.0012714558169103624,3.2256862970088715e-10,626.0000000000023,3.101159833777833e-5
王新發,PERSON,4,0.0012714558169103624,3.225686337173334e-10,626.0000000000023,3.101159833777833e-5
王新康,PERSON,4,0.0012714558169103624,3.225686539513177e-10,626.0000000000023,3.101159833777833e-5
桂蓀公,PERSON,4,0.0012714558169103624,3.2256863200295266e-10,626.0000000000023,3.101159833777833e-5
福祺,PERSON,4,0.0012714558169103624,3.2256864440556523e-10,626.0000000000023,3.101159833777833e-5
桂蒸公,ORG,15,0.004767959313413859,2.532941786832639e-10,26.25,2.8278143822639483e-5
巴黎百貨店,ORG,1,3.178639542275906e-4,1.9809578184886246e-7,0,4.317230065190174e-5
王毛郎,PERSON,7,0.0022250476795931343,4.311240322669256e-9,8637.75,3.531821713639895e-5
王大度啓,PERSON,7,0.0022250476795931343,4.311240291864352e-9,8637.75,3.531821713639895e-5
大通興行,ORG,2,6.357279084551812e-4,4.513816987665873e-10,0.14285714285714285,3.1789426836634136e-5
華山藥房籌備處,ORG,2,6.357279084551812e-4,4.5138169794498006e-10,0.14285714285714285,3.1789426836634136e-5
甘草,ORG,2,6.357279084551812e-4,4.5138170056590013e-10,0.14285714285714285,3.1789426836634136e-5
通孚拍賣行,ORG,2,6.357279084551812e-4,4.513816980574158e-10,0.14285714285714285,3.1789426836634136e-5
清華新公證拍賣行,ORG,1,3.178639542275906e-4,2.2122482663052247e-10,0,3.1852205765249246e-5
萬國貿易洋行,ORG,1,3.178639542275906e-4,2.2071559238323544e-10,0,3.1781344350866045e-5
老晉隆,PERSON,4,0.0012714558169103624,4.216201236507134e-9,7071.75,3.531073446327684e-5
胡洽傢,ORG,1,3.178639542275906e-4,2.2071559274277172e-10,0,3.1781344350866045e-5
傅德升翼升,PERSON,1,3.178639542275906e-4,4.246034210363438e-9,0,3.149209548403351e-5
德升翼升,PERSON,1,3.178639542275906e-4,4.246034213515988e-9,0,3.149209548403351e-5
吳怡然,PERSON,1,3.178639542275906e-4,4.246034209631378e-9,0,3.149209548403351e-5
桂永標,PERSON,1,3.178639542275906e-4,4.246034210441689e-9,0,3.149209548403351e-5
許炳福,PERSON,3,9.535918626827717e-4,0.013398700930733212,0.0625,4.099368697220628e-5
奚杜根,PERSON,3,9.535918626827717e-4,0.013398700930733202,0.0625,4.099368697220628e-5
蔡錦章,PERSON,3,9.535918626827717e-4,0.01339870093073323,0.0625,4.099368697220628e-5
蔡文卿,PERSON,3,9.535918626827717e-4,0.013398700930733221,0.0625,4.099368697220628e-5
祝瑞馨,PERSON,3,9.535918626827717e-4,0.013398700930733231,0.0625,4.099368697220628e-5
奚根弟,PERSON,3,9.535918626827717e-4,0.01339870093073322,0.0625,4.099368697220628e-5
姚洪福,PERSON,3,9.535918626827717e-4,0.013398700930733231,0.0625,4.099368697220628e-5
沈長發,PERSON,3,9.535918626827717e-4,0.013398700930733223,0.0625,4.099368697220628e-5
蔡灶根,PERSON,3,9.535918626827717e-4,0.013398700930733197,0.0625,4.099368697220628e-5
羅長根,PERSON,3,9.535918626827717e-4,0.01339870093073321,0.0625,4.099368697220628e-5
奚金樓,PERSON,3,9.535918626827717e-4,0.013398700930733226,0.0625,4.099368697220628e-5
金如珍,PERSON,3,9.535918626827717e-4,0.013398700930733212,0.0625,4.099368697220628e-5
徐俊龍,PERSON,3,9.535918626827717e-4,0.013398700930733198,0.0625,4.099368697220628e-5
徐新華,PERSON,3,9.535918626827717e-4,0.013398700930733204,0.0625,4.099368697220628e-5
孫福堂,PERSON,3,9.535918626827717e-4,0.01339870093073319,0.0625,4.099368697220628e-5
孫鎭才,PERSON,3,9.535918626827717e-4,0.013398700930733226,0.0625,4.099368697220628e-5
顧錫根,PERSON,3,9.535918626827717e-4,0.013398700930733226,0.0625,4.099368697220628e-5
鄔　德,PERSON,3,9.535918626827717e-4,0.013398700930733204,0.0625,4.099368697220628e-5
沈顯祥,PERSON,3,9.535918626827717e-4,0.013398700930733214,0.0625,4.099368697220628e-5
邵裕發,PERSON,3,9.535918626827717e-4,0.013398700930733193,0.0625,4.099368697220628e-5
黃梅根,PERSON,3,9.535918626827717e-4,0.013398700930733226,0.0625,4.099368697220628e-5
張菜良,PERSON,3,9.535918626827717e-4,0.013398700930733186,0.0625,4.099368697220628e-5
董淑芳,PERSON,3,9.535918626827717e-4,0.013398700930733195,0.0625,4.099368697220628e-5
程金榮,PERSON,3,9.535918626827717e-4,0.01339870093073321,0.0625,4.099368697220628e-5
陶志勤,PERSON,3,9.535918626827717e-4,0.013398700930733226,0.0625,4.099368697220628e-5
朱佑才,PERSON,3,9.535918626827717e-4,0.01339870093073323,0.0625,4.099368697220628e-5
張桂林,PERSON,3,9.535918626827717e-4,0.013398700930733198,0.0625,4.099368697220628e-5
吳志祥,PERSON,3,9.535918626827717e-4,0.013398700930733217,0.0625,4.099368697220628e-5
龔根寳,PERSON,3,9.535918626827717e-4,0.01339870093073322,0.0625,4.099368697220628e-5
周自新,PERSON,3,9.535918626827717e-4,0.013398700930733207,0.0625,4.099368697220628e-5
瞿彩雲,PERSON,3,9.535918626827717e-4,0.013398700930733228,0.0625,4.099368697220628e-5
許金龍,PERSON,3,9.535918626827717e-4,0.013398700930733217,0.0625,4.099368697220628e-5
劉冠雄,PERSON,3,9.535918626827717e-4,0.013398700930733183,0.0625,4.099368697220628e-5
沈潘氏,PERSON,3,9.535918626827717e-4,0.013398700930733223,0.0625,4.099368697220628e-5
倪克祥,PERSON,3,9.535918626827717e-4,0.013398700930733235,0.0625,4.099368697220628e-5
張殿元,PERSON,3,9.535918626827717e-4,0.01339870093073322,0.0625,4.099368697220628e-5
劉根福,PERSON,3,9.535918626827717e-4,0.013398700930733217,0.0625,4.099368697220628e-5
祥泰蓄電池,ORG,48,0.015257469802924348,0.08531585374829466,48879.99999999951,4.7052180868583256e-5
許崇仁,PERSON,3,9.535918626827717e-4,0.013398700930733226,0.0625,4.099368697220628e-5
孟文,PERSON,3,9.535918626827717e-4,0.013398700930733223,0.0625,4.099368697220628e-5
張國賢,PERSON,3,9.535918626827717e-4,0.01339870093073321,0.0625,4.099368697220628e-5
大森泗坊,ORG,48,0.015257469802924348,0.0853158537482947,48879.99999999951,4.7052180868583256e-5
紀志成,PERSON,3,9.535918626827717e-4,0.013398700930733212,0.0625,4.099368697220628e-5
吳代清,PERSON,3,9.535918626827717e-4,0.013398700930733212,0.0625,4.099368697220628e-5
德源,ORG,48,0.015257469802924348,0.08531585374829465,48879.99999999951,4.7052180868583256e-5
卜仁山,PERSON,3,9.535918626827717e-4,0.01339870093073321,0.0625,4.099368697220628e-5
陸兆華,PERSON,3,9.535918626827717e-4,0.013398700930733207,0.0625,4.099368697220628e-5
曹忠,PERSON,3,9.535918626827717e-4,0.013398700930733214,0.0625,4.099368697220628e-5
朱貴生,PERSON,3,9.535918626827717e-4,0.013398700930733221,0.0625,4.099368697220628e-5
朱平山,PERSON,3,9.535918626827717e-4,0.013398700930733195,0.0625,4.099368697220628e-5
朱咬,PERSON,3,9.535918626827717e-4,0.00912124959187122,0.23076923076923078,4.087638979725311e-5
張則民,PERSON,3,9.535918626827717e-4,0.009121249591871224,0.23076923076923078,4.087638979725311e-5
蔣公,PERSON,3,9.535918626827717e-4,0.009121249591871222,0.23076923076923078,4.087638979725311e-5
茂昌蛋廠,ORG,13,0.004132231404958678,0.05807930188193191,12550.000000000007,4.689771608122684e-5
陸公,PERSON,3,9.535918626827717e-4,0.009121249591871222,0.23076923076923078,4.087638979725311e-5
何公,PERSON,3,9.535918626827717e-4,0.009121249591871222,0.23076923076923078,4.087638979725311e-5
米一石,PERSON,3,9.535918626827717e-4,0.009121249591871218,0.23076923076923078,4.087638979725311e-5
昌祥機器廠,ORG,13,0.004132231404958678,0.058079301881931944,12550.000000000007,4.689771608122684e-5
李德英,PERSON,3,9.535918626827717e-4,0.009121249591871222,0.23076923076923078,4.087638979725311e-5
宋禮,PERSON,3,9.535918626827717e-4,0.009121249591871224,0.23076923076923078,4.087638979725311e-5
莊克明,PERSON,3,9.535918626827717e-4,0.009121249591871225,0.23076923076923078,4.087638979725311e-5
樓文藻,PERSON,3,9.535918626827717e-4,0.009121249591871225,0.23076923076923078,4.087638979725311e-5
薛嘉孩,PERSON,3,9.535918626827717e-4,0.009121249591871225,0.23076923076923078,4.087638979725311e-5
應永玉,PERSON,3,9.535918626827717e-4,0.009121249591871227,0.23076923076923078,4.087638979725311e-5
上海市靜安區自衛大隊第三中隊,ORG,13,0.004132231404958678,0.058079301881931965,12550.000000000007,4.689771608122684e-5
袁仰安,PERSON,2,6.357279084551812e-4,1.034141832013383e-7,1.0416666666666665,3.145841197936328e-5
朱鑫林君,PERSON,2,6.357279084551812e-4,1.0341418320270124e-7,1.0416666666666665,3.145841197936328e-5
鄒良基,PERSON,2,6.357279084551812e-4,1.034141832039711e-7,1.0416666666666665,3.145841197936328e-5
鄒君,PERSON,2,6.357279084551812e-4,1.0341418319657953e-7,1.0416666666666665,3.145841197936328e-5
丐政局,ORG,6,0.0019071837253655435,9.686237121879437e-7,7313.727272727148,3.4893052793188874e-5
合記粤菜廚房,ORG,1,3.178639542275906e-4,2.1825201228670974e-10,0,3.177932437156386e-5
泰利米行,ORG,1,3.178639542275906e-4,2.1825201179778952e-10,0,3.177932437156386e-5
孔慶恒,PERSON,3,9.535918626827717e-4,4.169141065167572e-9,6289,3.53082409434362e-5
謀雄,PERSON,8,0.0025429116338207248,1.4798361833504053e-5,51083.237923797686,4.5429765582409596e-5
中紡,ORG,2,6.357279084551812e-4,1.5564257499029354e-6,20.276289407359076,4.0652059026789705e-5
陸刑氏科刑,ORG,13,0.004132231404958678,2.3280684679816916e-5,28426.361720251472,4.326195111399524e-5
喻兆麟,PERSON,2,6.357279084551812e-4,2.4374596887854196e-6,0.07692307692307693,3.8083631655114635e-5
陸邢氏,PERSON,2,6.357279084551812e-4,2.437459688781813e-6,0.07692307692307693,3.8083631655114635e-5
上海平民療養院,ORG,13,0.004132231404958678,2.328068467984625e-5,28426.361720251472,4.326195111399524e-5
楊鍾甫,PERSON,2,6.357279084551812e-4,2.437459688780934e-6,0.07692307692307693,3.8083631655114635e-5
呂周氏,PERSON,2,6.357279084551812e-4,2.4374596887848813e-6,0.07692307692307693,3.8083631655114635e-5
錢沈,PERSON,2,6.357279084551812e-4,2.4374596887830606e-6,0.07692307692307693,3.8083631655114635e-5
許武芳,PERSON,2,6.357279084551812e-4,2.437459688778464e-6,0.07692307692307693,3.8083631655114635e-5
王承祥,PERSON,2,6.357279084551812e-4,2.437459688786791e-6,0.07692307692307693,3.8083631655114635e-5
吳士恩,PERSON,6,0.0019071837253655435,3.0358853731994137e-10,3138.9999999999973,3.1015445691954595e-5
黃叢祥,PERSON,6,0.0019071837253655435,3.035885196834665e-10,3138.9999999999973,3.1015445691954595e-5
杭州汪園,ORG,5,0.001589319771137953,7.946342778247412e-11,1.6666666666666665,2.8265355154187514e-5
張綬葆君,PERSON,6,0.0019071837253655435,3.035885319971001e-10,3138.9999999999973,3.1015445691954595e-5
汪夷,PERSON,6,0.0019071837253655435,3.0358852608295037e-10,3138.9999999999973,3.1015445691954595e-5
程緯律師事務所,ORG,5,0.001589319771137953,7.946342290260845e-11,1.6666666666666665,2.8265355154187514e-5
中國蠶絲公司,ORG,5,0.001589319771137953,7.946341880538732e-11,1.6666666666666665,2.8265355154187514e-5
興無,ORG,5,0.001589319771137953,7.946343145652372e-11,1.6666666666666665,2.8265355154187514e-5
中孚轉運公司,ORG,5,0.001589319771137953,7.946341252462985e-11,1.6666666666666665,2.8265355154187514e-5
索章百樂門舞所,ORG,2,6.357279084551812e-4,1.6463840290845364e-5,1.0833333333333333,3.129009042836134e-5
陳洽,PERSON,4,0.0012714558169103624,1.5658163377021793e-4,5958.79999999989,3.469090404495941e-5
付定洋,PERSON,2,6.357279084551812e-4,4.473302720713927e-7,3145,2.8493275586961478e-5
滬江汽車駕駛學校,ORG,1,3.178639542275906e-4,2.3417470726539183e-8,0,2.6149943777620877e-5
