id,Type,mc1Degree,mc1Degree_norm,mc1Eig,mc1Betw,mc1Close
丁厚卿,PERSON,5,0.0017494751574527643,0.012539171734302834,5.801204041916086,9.221689413500554e-5
丁少,PERSON,4,0.0013995801259622112,0.005896504111519519,9.45929053129305,9.240436148586214e-5
丁朝奎,PERSON,4,0.0013995801259622112,0.04199654106434135,188.5840211302102,1.0307153164296021e-4
丁汝霖,PERSON,14,0.00489853044086774,0.032688293329712875,45.30091917212842,9.286775631500742e-5
丁甘仁,PERSON,7,0.00244926522043387,0.023578222245105643,1020.3914705314647,9.759906304899473e-5
丁艱,PERSON,3,0.0010496850944716584,0.007347976229962709,1.2299414880376804,9.062896501721951e-5
丁芾莊,PERSON,7,0.00244926522043387,0.021010524102021012,13.74293537419925,9.386146048432514e-5
丁郁,PERSON,4,0.0013995801259622112,0.014237481990472443,13.7883226237342,9.324878776575905e-5
三友實業社,ORG,13,0.004548635409377187,0.033277264018074335,1962.271817492258,1.2102142079148009e-4
三同鄉會,ORG,12,0.004198740377886634,0.06013450988878154,725.30098775895965,1.2113870381586917e-4
三德洋行,ORG,20,0.006997900629811057,0.0869662883258527,2205.7462797171643,1.231678778174652e-4
上海伶界聯合,ORG,76,0.026592022393282014,0.13529426141649742,44994.39159697593,1.2313754463735992e-4
上海兵,ORG,14,0.00489853044086774,0.06402777955309105,1425.224134922302,1.2298610257040955e-4
上海函授交易所,ORG,21,0.00734779566130161,0.024613770471041997,9872.543587005346,1.2116806009935781e-4
上海北火,ORG,7,0.00244926522043387,0.026478599566231383,1164.9362072225608,1.2075836251660427e-4
上海北站材料,ORG,28,0.00979706088173548,0.04384829721527746,17996.929257034044,1.2137395314965408e-4
上海各公團聯合,ORG,11,0.003848845346396081,0.05176494309930517,785.5185660279324,1.2087513598452798e-4
上海婦,ORG,6,0.002099370188943317,0.011438039068147858,48.82668464516651,8.862891075068687e-5
上海婦女,ORG,6,0.002099370188943317,0.011438039068147858,48.82668464516651,8.862891075068687e-5
上海學生聯合,ORG,11,0.003848845346396081,0.0464769337262791,657.4406190363491,1.2087513598452798e-4
上海學生聯合會,ORG,29,0.010146955913226032,0.08018486179684577,3963.1867122452136,1.2175818823815901e-4
上海審判,ORG,69,0.024142757172848146,0.06850736035636441,54295.86424160407,1.225940909648155e-4
上海小兒專科療養院,ORG,15,0.005248425472358292,0.07315926521242092,1990.5467458660785,1.212268153715602e-4
上海崇文書局,ORG,35,0.01224632610216935,0.04438533214744787,7810.526634469573,1.2166930283489475e-4
上海市民大會,ORG,16,0.005598320503848845,0.06058635932246562,2445.7437274149665,1.2102142079148009e-4
上海救火聯合,ORG,22,0.007697690692792162,0.06686613626310818,2131.754674229865,1.2119743061447097e-4
上海日僑商會,ORG,24,0.008397480755773267,0.0791491560855285,2826.9475493276746,1.2149192078726765e-4
上海日夜銀行,ORG,37,0.012946116165150455,0.04340546625135117,30333.55040941051,1.216397031991242e-4
上海東方滙理銀行,ORG,8,0.0027991602519244225,0.025296649363232154,2900.7062516817464,1.2078753472641623e-4
上海東方鋼琴有限公司,ORG,15,0.005248425472358292,0.07315926521242092,1990.5467458660785,1.212268153715602e-4
上海機器麵粉公司公會,ORG,14,0.00489853044086774,0.057293802121828205,3842.9721004114954,1.2096286440062901e-4
上海檢察,ORG,69,0.024142757172848146,0.06850736035636444,54295.86424160407,1.225940909648155e-4
上海水泥公司,ORG,28,0.00979706088173548,0.08122310646311312,3760.0003010404557,1.2328936012822092e-4
上海科學儀器,ORG,15,0.005248425472358292,0.03994701796120679,14745.62616635858,1.2099213551119177e-4
上海絲繭銀行,ORG,43,0.015045486354093772,0.04900133514959265,37433.53068715824,1.2181751735899622e-4
上海綢緞,ORG,36,0.012596221133659902,0.11643753156978992,4262.677920074396,1.2161011796181443e-4
上海縣商會,ORG,15,0.005248425472358292,0.04118915175881626,4511.705834105103,1.212268153715602e-4
上海縣署,ORG,22,0.007697690692792162,0.0668661362631082,2131.754674229865,1.2119743061447097e-4
上海總商會,ORG,590,0.20643806857942618,1,725487.721810161,1.434102968593145e-4
上海總商會民治委,ORG,53,0.0185444366689993,0.09999323335914306,60028.67128448022,1.222344456667889e-4
上海總商會民治委員會,ORG,21,0.00734779566130161,0.02467805745486957,9557.433664044554,1.2125621438098702e-4
上海總商會關稅委員會,ORG,14,0.00489853044086774,0.04302231060911154,7997.271135508016,1.2096286440062901e-4
上海聯益,ORG,32,0.01119664100769769,0.02499155731984725,10345.46006482268,1.2149192078726765e-4
上海聯益善會,ORG,8,0.0027991602519244225,0.029392814588503395,1600.1885182210606,1.2078753472641623e-4
上海花旗銀行,ORG,6,0.002099370188943317,0.025238979640144404,458.9120956515348,1.2072920439454304e-4
上海華商紗布交易所,ORG,31,0.010846745976207137,0.09054500935324863,8464.253464475189,1.2313754463735992e-4
上海華商電氣公司,ORG,23,0.008047585724282715,0.01684296340454781,2171.621204752094,9.860960457548565e-5
上海錢業同業公會,ORG,28,0.00979706088173548,0.08122310646311312,3760.0003010404557,1.2328936012822092e-4
上海鐵業公會,ORG,14,0.00489853044086774,0.057293802121828184,3842.9721004114954,1.2096286440062901e-4
上海雜糧交易所,ORG,49,0.017144856543037088,0.033901297618406094,11364.685327188441,1.219958521410272e-4
上海飲和室公司,ORG,7,0.00244926522043387,0.026478599566231373,1164.9362072225608,1.2075836251660427e-4
世昌,PERSON,5,0.0017494751574527643,0.012539171734302836,5.801204041916086,9.221689413500554e-5
丞奚,PERSON,15,0.005248425472358292,0.01989896449209454,22.04067929823549,9.216589861751152e-5
丞爲,PERSON,6,0.002099370188943317,0.03926090511799286,63.14114436675733,1.0195758564437195e-4
中國協濟日災義賑會,ORG,10,0.0034989503149055285,0.03618031843521711,826.8179727685524,1.2084592145015106e-4
中國婦孺救濟會,ORG,19,0.006648005598320504,0.045921464215190506,2275.0526180160427,1.2110936175366356e-4
中國救濟婦孺總會,ORG,55,0.019244226731980407,0.07998629730833733,40009.97009415603,1.238696890870804e-4
中國書業聯合會,ORG,28,0.00979706088173548,0.08122310646311313,3760.0003010404557,1.2328936012822092e-4
中國濟生會,ORG,13,0.004548635409377187,0.04680221692948691,3021.7710699408603,1.210507202517855e-4
中國濟難會,ORG,29,0.010146955913226032,0.08018486179684577,3963.1867122452136,1.2175818823815901e-4
中國皮件公司,ORG,35,0.01224632610216935,0.04438533214744788,7810.526634469573,1.2166930283489475e-4
中國第一毛絨紡織廠啓南區初級中學,ORG,27,0.009447165850244927,0.0671585431331964,12648.273219812989,1.2143290831815422e-4
中國紅十字會,ORG,13,0.004548635409377187,0.04680221692948691,3021.7710699408603,1.210507202517855e-4
中國興業與,ORG,23,0.008047585724282715,0.08098487966260921,6972.397752683323,1.2146240738491437e-4
中國醫生救護,ORG,7,0.00244926522043387,0.02892992272349094,705.0689699106397,1.2075836251660427e-4
中國銀行,ORG,58,0.020293911826452064,0.05016098677554156,36461.18045148041,1.2433171702101205e-4
中國銀行中央信託公司,ORG,46,0.01609517144856543,0.039906965835231956,12113.731687356121,1.2190661952944045e-4
中央三六二八,ORG,9,0.0031490552834149755,0.026115228364905835,2340.124181300913,1.2081672103419114e-4
中央信托公司,ORG,29,0.010146955913226032,0.08360386574121528,3159.5537329930607,1.2140342357654485e-4
中央信託公司,ORG,46,0.01609517144856543,0.10388426848006209,35417.45398866291,1.238390092879257e-4
中央六一九八營,ORG,27,0.009447165850244927,0.03791480179539063,25697.280430246596,1.2143290831815422e-4
中央銀行,ORG,158,0.055283414975507345,0.2449448766990167,146589.44774307727,1.2746972594008922e-4
中孚銀行,ORG,28,0.00979706088173548,0.08122310646311313,3760.0003010404557,1.2328936012822092e-4
中易信託公司,ORG,4,0.0013995801259622112,0.021072241022468876,1606.4310266062012,1.2067093037287318e-4
中法藥房,ORG,24,0.008397480755773267,0.05838315663297881,3274.124890804126,1.2125621438098702e-4
中興煤礦公司,ORG,71,0.02484254723582925,0.11864997238503244,47277.770803517684,1.2461059190031152e-4
中華印刷工界聯合會機器工人俱樂部,ORG,21,0.00734779566130161,0.043148698593285906,2999.181530891875,1.2116806009935781e-4
中華國民拒毒會,ORG,14,0.00489853044086774,0.027414072347730918,5387.8297652496285,1.2096286440062901e-4
中華國貨維持會,ORG,10,0.0034989503149055285,0.040910168100221814,1457.3247616622548,1.2250398137939484e-4
中華學藝社,ORG,7,0.00244926522043387,0.028929922723490924,705.0689699106397,1.2075836251660427e-4
中華愛國募金大會,ORG,29,0.010146955913226032,0.08018486179684577,3963.1867122452136,1.2175818823815901e-4
中華書局,ORG,63,0.022043386983904827,0.10738461040994066,20050.99799304969,1.2445550715619165e-4
中華書局總廠,ORG,6,0.002099370188943317,0.039092102857477384,797.2241917271107,1.2072920439454304e-4
中華銀行洋,ORG,35,0.01224632610216935,0.03331802337099367,13165.371847859707,1.2158054711246201e-4
中華電影股份有限公司,ORG,9,0.0031490552834149755,0.0383778410475231,4620.733556006759,1.2081672103419114e-4
丹庭,PERSON,14,0.00489853044086774,0.032688293329712875,45.30091917212842,9.286775631500742e-5
丹徒縣議,ORG,12,0.004198740377886634,0.060134509888781565,725.30098775895965,1.2113870381586917e-4
尹復,PERSON,3,0.0010496850944716584,0.04105582495721484,222.37390084261358,1.0423181154888472e-4
尹村夫,PERSON,5,0.0017494751574527643,0.04196822752462958,348.6397763488342,1.0281719103434094e-4
尹邨夫,PERSON,5,0.0017494751574527643,0.006878248467879121,94.96970996608492,9.100837277029486e-5
乘根蘭特,PERSON,4,0.0013995801259622112,0.014237481990472447,13.7883226237342,9.324878776575905e-5
九成,PERSON,15,0.005248425472358292,0.08468566289360356,864.0009591900853,1.0440593025683859e-4
九成余,PERSON,1,3.498950314905528e-4,0.01216157677095685,0,9.416195856873823e-5
乾代,PERSON,3,0.0010496850944716584,0.04105582495721485,222.37390084261358,1.0423181154888472e-4
乾張,PERSON,1,3.498950314905528e-4,0.01216157677095685,0,9.416195856873823e-5
乾洪,PERSON,1,3.498950314905528e-4,0.0016314946323867363,0,9.028530155290719e-5
乾麟,PERSON,6,0.002099370188943317,0.05953179727802858,1816.08722975063,1.0820168794633196e-4
予倩,PERSON,5,0.0017494751574527643,0.06103862308690613,282.85976271117323,1.0787486515641856e-4
于右任,PERSON,2,6.997900629811056e-4,0.0014996303825986976,0.05555555555555555,8.997660608241857e-5
五卅委員會,ORG,11,0.003848845346396081,0.04647693372627911,657.4406190363491,1.2087513598452798e-4
五卅委員聯席會議,ORG,26,0.009097270818754374,0.13416976451882454,1797.7146821401063,1.2166930283489475e-4
亞漁,PERSON,1,3.498950314905528e-4,0.0010049393278142862,0,9.005763688760806e-5
交涉公署,ORG,14,0.00489853044086774,0.06402777955309104,1425.224134922302,1.2298610257040955e-4
交通部,ORG,28,0.00979706088173548,0.04384829721527746,17996.929257034044,1.2137395314965408e-4
交通銀行,ORG,54,0.018894331700489854,0.16908253510929022,15566.667774924807,1.2250398137939484e-4
亭謝,PERSON,5,0.0017494751574527643,0.019833408775946124,17.00951251878744,9.240436148586214e-5
亭陳,PERSON,4,0.0013995801259622112,0.006046943587481678,0.42857142857142855,8.994423457456377e-5
亭陸,PERSON,7,0.00244926522043387,0.03534615026860126,688.3636461370972,1.0311404413281089e-4
亮臣,PERSON,2,6.997900629811056e-4,0.028241007526790717,11.68337995842968,1.0175010175010175e-4
仁濟醫院,ORG,14,0.00489853044086774,0.04593387514312686,1601.000649747508,1.2096286440062901e-4
仁穀堂,ORG,49,0.017144856543037088,0.03390129761840607,11364.685327188441,1.219958521410272e-4
介安,PERSON,2,6.997900629811056e-4,0.0022703457932781923,0.07142857142857142,8.991188635137565e-5
仙吕,PERSON,1,3.498950314905528e-4,0.012161576770956856,0,9.416195856873823e-5
仙居,PERSON,1,3.498950314905528e-4,8.604946376107052e-4,0,9.345794392523364e-5
以張,PERSON,8,0.0027991602519244225,0.004574781424082918,2.5454545454545463,8.99604174163368e-5
仲侯,PERSON,3,0.0010496850944716584,0.005422839749594666,0.043478260869565216,9.082652134423252e-5
仲卿,PERSON,7,0.00244926522043387,0.0679402956456806,1824.3169189110836,1.0940919037199125e-4
仲廉,PERSON,15,0.005248425472358292,0.01989896449209453,22.04067929823549,9.216589861751152e-5
仲泩,PERSON,3,0.0010496850944716584,0.002177428391590245,0.044117647058823525,9.174311926605505e-5
仲王,PERSON,6,0.002099370188943317,0.004900405797775217,0.35714285714285715,9.043226623259179e-5
仲笙,PERSON,5,0.0017494751574527643,0.019833408775946134,17.00951251878744,9.240436148586214e-5
仲範,PERSON,2,6.997900629811056e-4,0.02740621916142042,9.60558670129065,1.0050251256281407e-4
仲輝,PERSON,10,0.0034989503149055285,0.06479810122169076,3014.3476175397454,1.0924186148131964e-4
任本,PERSON,1,3.498950314905528e-4,6.804757976775166e-4,0,9.043226623259179e-5
任瑞康,PERSON,5,0.0017494751574527643,0.014575226074174772,53.77222100787469,9.393199323689649e-5
任矜,PERSON,14,0.00489853044086774,0.08278746449777416,2071.8640229054836,1.1003521126760564e-4
任蚌埠商埠督,ORG,36,0.012596221133659902,0.11643753156978995,4262.677920074396,1.2161011796181443e-4
企成,PERSON,1,3.498950314905528e-4,0.012161576770956853,0,9.416195856873823e-5
企謙,PERSON,1,3.498950314905528e-4,8.604946376107045e-4,0,9.345794392523364e-5
伍仲文,PERSON,3,0.0010496850944716584,0.0053160713729606054,0.1111111111111111,9.018759018759019e-5
伯傅,PERSON,13,0.004548635409377187,0.01755669020004682,15.423711249988319,9.213193292795283e-5
伯勤,PERSON,5,0.0017494751574527643,0.0038992569605847656,146.87295949236471,9.398496240601504e-5
伯王,PERSON,3,0.0010496850944716584,0.006410523223578551,0.13043478260869565,9.020386072523904e-5
伯聶,PERSON,1,3.498950314905528e-4,0.0016314946323867357,0,9.028530155290719e-5
伯致,PERSON,6,0.002099370188943317,0.06057039300893684,311.8976802742744,1.0768899418479432e-4
伯薰,PERSON,3,0.0010496850944716584,0.0034709013433613777,0.10714285714285714,9.015506671474937e-5
伯雨,PERSON,4,0.0013995801259622112,0.01690644710804578,24.169285414336134,9.457159069415548e-5
佈華美遠東資利銀行,ORG,8,0.0027991602519244225,0.029392814588503405,1600.1885182210606,1.2078753472641623e-4
佐原,PERSON,5,0.0017494751574527643,0.06103862308690611,282.85976271117323,1.0787486515641856e-4
佐理,PERSON,4,0.0013995801259622112,0.04413761428818505,204.4981450104454,1.0326311441553078e-4
何伯勤,PERSON,5,0.0017494751574527643,0.0038992569605847613,146.87295949236471,9.398496240601504e-5
何恒昌,PERSON,10,0.0034989503149055285,0.07868936611010463,876.6766951855304,1.0857763300760044e-4
何敬,PERSON,3,0.0010496850944716584,0.0021774283915902454,0.044117647058823525,9.174311926605505e-5
何文德,PERSON,11,0.003848845346396081,0.008626959331288772,343.7048516785269,9.29368029739777e-5
何積,PERSON,3,0.0010496850944716584,0.007953330710532136,9.166976043105528,9.175995595522114e-5
何積璠,PERSON,16,0.005598320503848845,0.09194294788504075,2176.4639359676144,1.1054609772275039e-4
何積蕃,PERSON,5,0.0017494751574527643,0.06818248627343625,373.18677908737,1.0817827780181739e-4
何茂如,PERSON,5,0.0017494751574527643,0.03183425280224632,508.35920582426303,1.016260162601626e-4
何護,PERSON,4,0.0013995801259622112,0.042610768481225796,233.1355101286611,1.032844453625284e-4
何豐林,PERSON,7,0.00244926522043387,0.05840177719864991,1523.001901823731,1.0660980810234541e-4
何長,PERSON,1,3.498950314905528e-4,5.913770755422809e-4,0,9.064539521392314e-5
何香凝,PERSON,4,0.0013995801259622112,0.014237481990472443,13.7883226237342,9.324878776575905e-5
佘錫品,PERSON,1,3.498950314905528e-4,0.003788608505992656,0,9.069472156720479e-5
余仰,PERSON,4,0.0013995801259622112,0.04199654106434135,188.5840211302102,1.0307153164296021e-4
余化,PERSON,2,6.997900629811056e-4,0.004438735872403428,0.9150671816992041,9.18105031215571e-5
余妻,PERSON,4,0.0013995801259622112,0.03313736811445134,806.3988145312163,1.0307153164296021e-4
余日章,PERSON,1,3.498950314905528e-4,0.0015736306807737305,0,9.082652134423252e-5
余景誠,PERSON,1,3.498950314905528e-4,0.0010004078063267825,0,9.015506671474937e-5
余華,PERSON,1,3.498950314905528e-4,0.0016314946323867361,0,9.028530155290719e-5
余葆三,PERSON,5,0.0017494751574527643,0.019833408775946134,17.00951251878744,9.240436148586214e-5
余詠,PERSON,6,0.002099370188943317,0.025324511572369646,25.76332927674104,9.419743782969103e-5
余議,PERSON,3,0.0010496850944716584,0.007347976229962706,1.2299414880376804,9.062896501721951e-5
余錫品,PERSON,3,0.0010496850944716584,0.005235286356394141,3.6036655227215437,9.072763563781528e-5
余鵬,PERSON,4,0.0013995801259622112,0.03958447874494637,395.8730187687424,1.0290183165260341e-4
佛郎,PERSON,2,6.997900629811056e-4,0.0016678770874128139,1.3417426474491687,9.017132551848512e-5
作士,PERSON,15,0.005248425472358292,0.019898964492094547,22.04067929823549,9.216589861751152e-5
佳楊,PERSON,4,0.0013995801259622112,0.00851059493284356,4.907686957548111,9.149130832570906e-5
佳石,PERSON,1,3.498950314905528e-4,0.012161576770956853,0,9.416195856873823e-5
侯秦,PERSON,16,0.005598320503848845,0.04310362145907908,2509.237194793922,1.0414496979795876e-4
俊寶,PERSON,3,0.0010496850944716584,0.005422839749594669,0.043478260869565216,9.082652134423252e-5
保卿,PERSON,9,0.0031490552834149755,0.037694837666017875,2548.7054332681423,1.0229132569558102e-4
保釐,PERSON,1,3.498950314905528e-4,6.804757976775172e-4,0,9.043226623259179e-5
俞丹屏,PERSON,15,0.005248425472358292,0.019898964492094537,22.04067929823549,9.216589861751152e-5
俞化,PERSON,1,3.498950314905528e-4,5.560185810174022e-4,0,8.986340762041697e-5
俞國珍,PERSON,7,0.00244926522043387,0.021010524102021016,13.74293537419925,9.386146048432514e-5
俞培笙,PERSON,1,3.498950314905528e-4,0.003182984250456436,0,9.028530155290719e-5
俞壽,PERSON,15,0.005248425472358292,0.019898964492094537,22.04067929823549,9.216589861751152e-5
俞守,PERSON,2,6.997900629811056e-4,0.011593124225589108,4.921870725530944,9.45000945000945e-5
俞鳳韶,PERSON,3,0.0010496850944716584,0.008601811905454315,3.0060513372341227,9.119095385737735e-5
信昌,PERSON,1,3.498950314905528e-4,5.913770755422808e-4,0,9.064539521392314e-5
修何,PERSON,2,6.997900629811056e-4,0.0022703457932781927,0.07142857142857142,8.991188635137565e-5
修劉,PERSON,4,0.0013995801259622112,0.006046943587481678,0.42857142857142855,8.994423457456377e-5
修相,PERSON,3,0.0010496850944716584,0.005422839749594664,0.043478260869565216,9.082652134423252e-5
修聞,PERSON,3,0.0010496850944716584,0.031017605120743107,488.4120338057807,1.030290541932825e-4
修虞,PERSON,1,3.498950314905528e-4,0.01216157677095685,0,9.416195856873823e-5
修謝,PERSON,5,0.0017494751574527643,0.06041173630785373,276.6725899116573,1.0782833728703904e-4
修馮,PERSON,4,0.0013995801259622112,0.0662114513048115,469.3962529517044,1.0926573426573427e-4
俶東,PERSON,1,3.498950314905528e-4,8.604946376107051e-4,0,9.345794392523364e-5
倪文,PERSON,1,3.498950314905528e-4,6.105286818437271e-4,0,8.991188635137565e-5
倪旡,PERSON,1,3.498950314905528e-4,0.008810433595736519,0,9.314456035767511e-5
倪遠,PERSON,6,0.002099370188943317,0.0737744097439113,1665.256417684323,1.1116051578479324e-4
偉候,PERSON,1,3.498950314905528e-4,8.604946376107038e-4,0,9.345794392523364e-5
偉士,PERSON,3,0.0010496850944716584,0.0021774283915902437,0.044117647058823525,9.174311926605505e-5
偉臣,PERSON,6,0.002099370188943317,0.01093558085618584,12.964578460577119,9.352787130564908e-5
健盧,PERSON,4,0.0013995801259622112,0.008510594932843563,4.907686957548111,9.149130832570906e-5
傅宗耀,PERSON,1,3.498950314905528e-4,0.0025863372031462947,0,9.177679882525697e-5
傅筱庵,PERSON,13,0.004548635409377187,0.12129406250738767,5656.088775389356,1.1825922421948912e-4
傅達,PERSON,5,0.0017494751574527643,0.0038992569605847635,146.87295949236471,9.398496240601504e-5
備良,PERSON,4,0.0013995801259622112,0.04199654106434134,188.5840211302102,1.0307153164296021e-4
傳崙,PERSON,1,3.498950314905528e-4,2.7132389049423024e-4,0,7.631257631257631e-5
傳永瑞,PERSON,2,6.997900629811056e-4,0.011593124225589106,4.921870725530944,9.45000945000945e-5
傳筱,PERSON,5,0.0017494751574527643,0.06285120108528729,436.2079789806628,1.0829542993285683e-4
傳經堂,PERSON,2,6.997900629811056e-4,0.01159312422558911,4.921870725530944,9.45000945000945e-5
傳芳,PERSON,16,0.005598320503848845,0.0670169614772382,1342.5869593173588,1.0550749103186326e-4
僑何,PERSON,1,3.498950314905528e-4,2.7132389049423024e-4,0,7.631257631257631e-5
僑林,PERSON,1,3.498950314905528e-4,2.7132389049422975e-4,0,7.631257631257631e-5
儀遞,PERSON,1,3.498950314905528e-4,0.026385679443230288,0,1.017293997965412e-4
元妙觀,PERSON,6,0.002099370188943317,0.03297614263277302,1285.9706771254193,1.016053647632595e-4
元張,PERSON,2,6.997900629811056e-4,0.011593124225589106,4.921870725530944,9.45000945000945e-5
元施公司,ORG,24,0.008397480755773267,0.05838315663297885,3274.124890804126,1.2125621438098702e-4
元昌祥五元,PERSON,6,0.002099370188943317,0.010935580856185838,12.964578460577119,9.352787130564908e-5
元無,PERSON,6,0.002099370188943317,0.010935580856185838,12.964578460577119,9.352787130564908e-5
元珪,PERSON,3,0.0010496850944716584,0.0034709013433613764,0.10714285714285714,9.015506671474937e-5
元請,PERSON,2,6.997900629811056e-4,0.029688502373485588,8.15401117400114,1.0175010175010175e-4
元顧,PERSON,6,0.002099370188943317,0.005407588901771695,5.244804553253112,9.157509157509158e-5
兆安迪生,PERSON,1,3.498950314905528e-4,2.71323890494231e-4,0,7.631257631257631e-5
兆蘭君五,PERSON,2,6.997900629811056e-4,0.011593124225589106,4.921870725530944,9.45000945000945e-5
克利斯浦,ORG,29,0.010146955913226032,0.0917681085518566,7223.372589336892,1.2307692307692307e-4
克晨,PERSON,1,3.498950314905528e-4,8.604946376107042e-4,0,9.345794392523364e-5
克遜,PERSON,3,0.0010496850944716584,0.03516478818227091,78.89610093557835,1.0166734444896299e-4
兒玉,PERSON,5,0.0017494751574527643,0.06103862308690611,282.85976271117323,1.0787486515641856e-4
全國各界公鑒,ORG,27,0.009447165850244927,0.09936186715585059,3478.8302115645297,1.2134449702705982e-4
全國各界聯合,ORG,30,0.010496850944716585,0.08168101383722745,2477.5923493746614,1.2143290831815422e-4
全國商會聯合會,ORG,124,0.04338698390482855,0.23638601530450834,79308.34413408671,1.261193088661874e-4
全國國民外交大會,ORG,22,0.007697690692792162,0.02128338416991108,906.2167359288832,9.133254178463786e-5
全國學生總會,ORG,41,0.014345696291112667,0.09616745530377782,11999.451517931804,1.2211503236048357e-4
全國敎育會聯,ORG,42,0.01469559132260322,0.03095369597688179,17073.70332073501,1.2178784557301182e-4
全國青年,ORG,29,0.010146955913226032,0.08018486179684574,3963.1867122452136,1.2175818823815901e-4
全浙西式木器工會粤僑工界聯合會船務棧房工會,ORG,21,0.00734779566130161,0.0431486985932859,2999.181530891875,1.2116806009935781e-4
公俞,PERSON,2,6.997900629811056e-4,0.02824100752679072,11.68337995842968,1.0175010175010175e-4
公共公廨,ORG,27,0.009447165850244927,0.09936186715585058,3478.8302115645297,1.2134449702705982e-4
公共租界會審,ORG,32,0.01119664100769769,0.024991557319847247,10345.46006482268,1.2149192078726765e-4
公和,PERSON,1,3.498950314905528e-4,5.913770755422812e-4,0,9.064539521392314e-5
公子,PERSON,6,0.002099370188943317,0.045990428859653966,605.3207216951428,1.0351966873706004e-4
公孟,PERSON,15,0.005248425472358292,0.019898964492094537,22.04067929823549,9.216589861751152e-5
公平通信社,ORG,32,0.01119664100769769,0.08924513083297883,14605.516957761989,1.2149192078726765e-4
公毀,PERSON,6,0.002099370188943317,0.03327908714495997,104.25153527348195,1.0078613182826043e-4
公泉,PERSON,6,0.002099370188943317,0.03327908714495997,104.25153527348195,1.0078613182826043e-4
公洽,PERSON,3,0.0010496850944716584,0.015791008717424167,42.14715543716373,9.482268158543523e-5
公浛,PERSON,1,3.498950314905528e-4,0.0035698310122442936,0,9.109127345600292e-5
公炎,PERSON,6,0.002099370188943317,0.03734221657386118,5164.601469404155,1.0309278350515464e-4
公謹,PERSON,1,3.498950314905528e-4,2.7132389049423013e-4,0,7.631257631257631e-5
共同研究聞委,ORG,18,0.006298110566829951,0.07449157996982418,3177.1077770931142,1.2274456855284154e-4
共維大局,ORG,6,0.002099370188943317,0.021209561711975945,4989.005954019141,1.2072920439454304e-4
典宗雲,PERSON,1,3.498950314905528e-4,8.604946376107041e-4,0,9.345794392523364e-5
内虹橋頭華興公司,ORG,24,0.008397480755773267,0.03808654349706835,51686.366560232076,1.2125621438098702e-4
冕候,PERSON,1,3.498950314905528e-4,8.604946376107055e-4,0,9.345794392523364e-5
冕士,PERSON,1,3.498950314905528e-4,0.0032424005057010564,0,9.0711175616836e-5
冠南,PERSON,5,0.0017494751574527643,0.03129463495394049,1002.2820667137329,1.0262725779967159e-4
冰業,PERSON,2,6.997900629811056e-4,0.02992510450251121,46.11831155500697,1.024380249948781e-4
凌希陶,PERSON,11,0.003848845346396081,0.036824555425954315,1156.3819081432407,1.0115314586283633e-4
凌芝,PERSON,5,0.0017494751574527643,0.004615644631729776,266.24974814331716,9.238728750923873e-5
凌雲,PERSON,3,0.0010496850944716584,0.002177428391590246,0.044117647058823525,9.174311926605505e-5
凌鴻,PERSON,3,0.0010496850944716584,0.007347976229962707,1.2299414880376804,9.062896501721951e-5
列豐進出口行施,ORG,23,0.008047585724282715,0.016842963404547814,2171.621204752094,9.860960457548565e-5
初徐可陞,PERSON,4,0.0013995801259622112,0.06621145130481154,469.3962529517044,1.0926573426573427e-4
初趙,PERSON,1,3.498950314905528e-4,0.003569831012244293,0,9.109127345600292e-5
初陳,PERSON,3,0.0010496850944716584,0.017681718133586134,54.55258105377394,9.604302727621975e-5
副島,PERSON,5,0.0017494751574527643,0.04146132582099166,83.1582128270322,1.021659174499387e-4
副島綱,PERSON,5,0.0017494751574527643,0.04146132582099166,83.1582128270322,1.021659174499387e-4
副項松,PERSON,4,0.0013995801259622112,0.00589650411151952,9.45929053129305,9.240436148586214e-5
劉仲言,PERSON,1,3.498950314905528e-4,6.105286818437269e-4,0,8.991188635137565e-5
劉元,PERSON,6,0.002099370188943317,0.005407588901771696,5.244804553253112,9.157509157509158e-5
劉劼夫,PERSON,2,6.997900629811056e-4,0.0044387358724034265,0.9150671816992041,9.18105031215571e-5
劉子,PERSON,2,6.997900629811056e-4,0.011593124225589106,4.921870725530944,9.45000945000945e-5
劉守訓,PERSON,6,0.002099370188943317,0.004900405797775216,0.35714285714285715,9.043226623259179e-5
劉少,PERSON,3,0.0010496850944716584,0.005422839749594667,0.043478260869565216,9.082652134423252e-5
劉映,PERSON,5,0.0017494751574527643,0.027231161474757095,234.87438053744998,1.0056315366049879e-4
劉景,PERSON,1,3.498950314905528e-4,0.012161576770956856,0,9.416195856873823e-5
劉汝,PERSON,5,0.0017494751574527643,0.006174541465669797,0.7692307692307693,9.000900090009e-5
劉玉,PERSON,5,0.0017494751574527643,0.003247255287690768,0.47619047619047616,9.007386056566384e-5
劉王,PERSON,1,3.498950314905528e-4,0.0015736306807737298,0,9.082652134423252e-5
劉石,PERSON,6,0.002099370188943317,0.017968437109014412,2340.7163389800735,9.604302727621975e-5
劉述,PERSON,3,0.0010496850944716584,0.032794431868242664,84.74711153065155,1.0141987829614604e-4
劉金生,PERSON,1,3.498950314905528e-4,6.804757976775177e-4,0,9.043226623259179e-5
劉錫,PERSON,4,0.0013995801259622112,0.008510594932843561,4.907686957548111,9.149130832570906e-5
劉雁,PERSON,2,6.997900629811056e-4,0.0014996303825986971,0.05555555555555555,8.997660608241857e-5
劉鴻生,PERSON,16,0.005598320503848845,0.035126509569852395,626.2186239301698,9.359790340696369e-5
劍塵,PERSON,15,0.005248425472358292,0.01989896449209454,22.04067929823549,9.216589861751152e-5
務祈,PERSON,5,0.0017494751574527643,0.03248043040377027,122.42884231536944,1.0204081632653062e-4
勞合路,ORG,31,0.010846745976207137,0.12121023925936798,3303.633196204532,1.2146240738491437e-4
勞念,PERSON,2,6.997900629811056e-4,0.0028576610936405233,1373.769416858438,9.278159213212098e-5
勞敬,PERSON,67,0.02344296710986704,0.25712515373597483,31264.525498008657,1.250625312656328e-4
勞添,PERSON,1,3.498950314905528e-4,5.560185810174023e-4,0,8.986340762041697e-5
勞聞,PERSON,1,3.498950314905528e-4,0.026385679443230288,0,1.017293997965412e-4
勞錦,PERSON,1,3.498950314905528e-4,8.604946376107034e-4,0,9.345794392523364e-5
募劉,PERSON,2,6.997900629811056e-4,0.011593124225589106,4.921870725530944,9.45000945000945e-5
募浙振大會連,ORG,23,0.008047585724282715,0.058287581529924803,3420.6293138245524,1.2298610257040955e-4
募浙振籌備會,ORG,18,0.006298110566829951,0.02841750552274423,16235.517033237009,1.210800339024095e-4
募莊,PERSON,5,0.0017494751574527643,0.01253917173430284,5.801204041916086,9.221689413500554e-5
勤王,PERSON,1,3.498950314905528e-4,0.001004939327814286,0,9.005763688760806e-5
勵建,PERSON,4,0.0013995801259622112,0.0670658744888367,764.1285364773955,1.1030222810500772e-4
包衛,PERSON,5,0.0017494751574527643,0.04625259285414869,189.07443299003256,1.0375596596804317e-4
北上巡捐局,ORG,11,0.003848845346396081,0.022867489968352347,7707.34599704231,1.2087513598452798e-4
北京全國商會聨合會,ORG,15,0.005248425472358292,0.08716715367744096,1375.0095543031066,1.2265423770391266e-4
北京政府,ORG,32,0.01119664100769769,0.08924513083297884,14605.516957761989,1.2149192078726765e-4
北京總商會,ORG,42,0.01469559132260322,0.03095369597688179,17073.70332073501,1.2178784557301182e-4
北商會籌備處,ORG,14,0.00489853044086774,0.0274140723477309,5387.8297652496285,1.2096286440062901e-4
北方軍閥,ORG,11,0.003848845346396081,0.05176494309930518,785.5185660279324,1.2087513598452798e-4
匡子,PERSON,2,6.997900629811056e-4,0.03854725621418715,269.28318968408803,1.049317943336831e-4
匪徐,PERSON,1,3.498950314905528e-4,5.560185810174022e-4,0,8.986340762041697e-5
十九師軍隊,ORG,26,0.009097270818754374,0.08178483016609739,2653.4503477902167,1.2131505519835011e-4
半澤玉城,PERSON,5,0.0017494751574527643,0.06103862308690613,282.85976271117323,1.0787486515641856e-4
半總商會關稅委員會會,ORG,18,0.006298110566829951,0.07079093124803423,10998.510319297293,1.210800339024095e-4
卓安濤五,PERSON,3,0.0010496850944716584,0.0054228397495946655,0.043478260869565216,9.082652134423252e-5
卓宏謀,PERSON,1,3.498950314905528e-4,2.713238904942298e-4,0,7.631257631257631e-5
協盛,PERSON,1,3.498950314905528e-4,5.91377075542281e-4,0,9.064539521392314e-5
南主大學,ORG,11,0.003848845346396081,0.021672653123855395,3296.1894299344517,1.2087513598452798e-4
南京學生聯合會,ORG,22,0.007697690692792162,0.021283384169911088,906.2167359288832,9.133254178463786e-5
南京總商會,ORG,11,0.003848845346396081,0.04647693372627911,657.4406190363491,1.2087513598452798e-4
南京路商界聯合會,ORG,10,0.0034989503149055285,0.030025817672989924,1631.4430470258205,1.2084592145015106e-4
南公,PERSON,14,0.00489853044086774,0.03268829332971287,45.30091917212842,9.286775631500742e-5
南北商會,ORG,30,0.010496850944716585,0.10128891150477395,13059.113405161865,1.2143290831815422e-4
南北報關公所,ORG,14,0.00489853044086774,0.05027334164936873,2150.486079844747,1.2096286440062901e-4
南北市報關公所,ORG,6,0.002099370188943317,0.04367819739808122,136.7295787034861,1.2072920439454304e-4
南北市米行公會,ORG,11,0.003848845346396081,0.05176494309930517,785.5185660279324,1.2087513598452798e-4
南巿保衛,ORG,22,0.007697690692792162,0.06686613626310821,2131.754674229865,1.2119743061447097e-4
南洋兄弟烟草公司,ORG,24,0.008397480755773267,0.058383156632978835,3274.124890804126,1.2125621438098702e-4
南鮑,PERSON,6,0.002099370188943317,0.0049004057977752175,0.35714285714285715,9.043226623259179e-5
博良,PERSON,4,0.0013995801259622112,0.034502044323441776,359.5257172024455,1.0339123242349049e-4
卞毓,PERSON,3,0.0010496850944716584,0.038010848064172625,213.96587707054763,1.0277492291880781e-4
卡爾甘哲,PERSON,3,0.0010496850944716584,0.0029315340694461667,0.15789473684210525,9.000900090009e-5
卡爾登,ORG,84,0.02939118264520644,0.19249747824038904,30153.349186637042,1.234110823151919e-4
印無,PERSON,1,3.498950314905528e-4,5.913770755422806e-4,0,9.064539521392314e-5
卿方,PERSON,4,0.0013995801259622112,0.033733655673193016,543.9315257830098,1.025220422390814e-4
卿方,PERSON,5,0.0017494751574527643,0.019833408775946134,17.00951251878744,9.240436148586214e-5
卿江,PERSON,6,0.002099370188943317,0.004900405797775218,0.35714285714285715,9.043226623259179e-5
卿爲,PERSON,1,3.498950314905528e-4,0.0027410570073093847,0,9.147457006952067e-5
卿致,PERSON,2,6.997900629811056e-4,0.0013109466068534415,0.1111111111111111,8.983111749910169e-5
卿袁,PERSON,15,0.005248425472358292,0.019898964492094544,22.04067929823549,9.216589861751152e-5
卿謝,PERSON,1,3.498950314905528e-4,0.012161576770956847,0,9.416195856873823e-5
卿沈,PERSON,5,0.0017494751574527643,0.01983340877594613,17.00951251878744,9.240436148586214e-5
原魏,PERSON,4,0.0013995801259622112,0.004524930553998734,11.196266992025524,9.025270758122743e-5
厲樹雄,PERSON,2,6.997900629811056e-4,0.003297062404078731,4.63933118743661,9.149130832570906e-5
友恪,PERSON,6,0.002099370188943317,0.004900405797775219,0.35714285714285715,9.043226623259179e-5
叔平,PERSON,3,0.0010496850944716584,0.002177428391590246,0.044117647058823525,9.174311926605505e-5
叔盛,PERSON,2,6.997900629811056e-4,0.0027794726140475605,0.030303030303030304,9.022013713460844e-5
叔雍,PERSON,1,3.498950314905528e-4,0.0035698310122442936,0,9.109127345600292e-5
古沃,PERSON,5,0.0017494751574527643,0.0032472552876907706,0.47619047619047616,9.007386056566384e-5
古越,PERSON,5,0.0017494751574527643,0.048379304876951,326.5133838925606,1.0401497815685458e-4
叩哿,PERSON,1,3.498950314905528e-4,2.7132389049422986e-4,0,7.631257631257631e-5
台察,PERSON,5,0.0017494751574527643,0.032480430403770265,122.42884231536944,1.0204081632653062e-4
台州同鄉會,ORG,12,0.004198740377886634,0.060134509888781565,725.30098775895965,1.2113870381586917e-4
台州旅滬同鄉,ORG,14,0.00489853044086774,0.053373485565534486,1516.4653725017986,1.2096286440062901e-4
台戈,PERSON,1,3.498950314905528e-4,0.0016314946323867357,0,9.028530155290719e-5
台祉,PERSON,7,0.00244926522043387,0.004548188331787632,1.7052631578947364,9.015506671474937e-5
史久鰲,PERSON,1,3.498950314905528e-4,0.006463036997841818,0,9.344047841524949e-5
史佩,PERSON,1,3.498950314905528e-4,5.913770755422807e-4,0,9.064539521392314e-5
史吟海,PERSON,4,0.0013995801259622112,0.014237481990472452,13.7883226237342,9.324878776575905e-5
史家麟,PERSON,8,0.0027991602519244225,0.06329847083909208,1023.8759064053631,1.0883761427949499e-4
史蜜斯,PERSON,3,0.0010496850944716584,0.031017605120743117,488.4120338057807,1.030290541932825e-4
史量才,PERSON,36,0.012596221133659902,0.15113141298807192,21333.270822801038,1.1933174224343676e-4
史門,PERSON,6,0.002099370188943317,0.010935580856185838,12.964578460577119,9.352787130564908e-5
史馨生,PERSON,2,6.997900629811056e-4,0.002438216240139535,0.13336634980470596,9.038322487346348e-5
司儀,PERSON,12,0.004198740377886634,0.0619859658208213,2506.063447514629,1.0874293170943889e-4
司徒,PERSON,3,0.0010496850944716584,0.005422839749594669,0.043478260869565216,9.082652134423252e-5
司徒博,PERSON,7,0.00244926522043387,0.017846041953893516,220.82043732306784,9.417969485778867e-5
司徒君五,PERSON,3,0.0010496850944716584,0.005422839749594666,0.043478260869565216,9.082652134423252e-5
司花,PERSON,5,0.0017494751574527643,0.03692711385436924,111.25207296254861,1.016053647632595e-4
合盛押,ORG,18,0.006298110566829951,0.04708738281397285,10348.20154630565,1.210800339024095e-4
吉文,PERSON,3,0.0010496850944716584,0.002177428391590246,0.044117647058823525,9.174311926605505e-5
吉林省議會,ORG,22,0.007697690692792162,0.02128338416991108,906.2167359288832,9.133254178463786e-5
吉生,PERSON,7,0.00244926522043387,0.005685471527830306,157.99704541157598,9.074410163339382e-5
吉言,PERSON,3,0.0010496850944716584,0.002177428391590245,0.044117647058823525,9.174311926605505e-5
吉里浚河事務,ORG,22,0.007697690692792162,0.05347621629694932,15954.951740451706,1.2119743061447097e-4
同午,PERSON,2,6.997900629811056e-4,0.028472969110081715,11.83438428601363,1.0175010175010175e-4
同康恒十元,PERSON,1,3.498950314905528e-4,6.105286818437271e-4,0,8.991188635137565e-5
同濟大學,ORG,5,0.0017494751574527643,0.02184069006811975,2941.269244894991,1.2070006035003017e-4
同興恒,PERSON,1,3.498950314905528e-4,6.105286818437268e-4,0,8.991188635137565e-5
同謹,PERSON,1,3.498950314905528e-4,0.0010540292106373586,0,8.991188635137565e-5
同魯,PERSON,9,0.0031490552834149755,0.026504089601131323,36.39940887238378,9.243852837862822e-5
吕衡,PERSON,5,0.0017494751574527643,0.02723116147475709,234.87438053744998,1.0056315366049879e-4
吕鵬搏,PERSON,1,3.498950314905528e-4,2.713238904942312e-4,0,7.631257631257631e-5
吟江,PERSON,1,3.498950314905528e-4,0.003182984250456435,0,9.028530155290719e-5
吳亶,PERSON,1,3.498950314905528e-4,0.0010004078063267832,0,9.015506671474937e-5
吳位,PERSON,15,0.005248425472358292,0.019898964492094526,22.04067929823549,9.216589861751152e-5
吳佩孚,PERSON,32,0.01119664100769769,0.11043696174776434,15246.066265752881,1.1261261261261261e-4
吳冰,PERSON,2,6.997900629811056e-4,0.01159312422558911,4.921870725530944,9.45000945000945e-5
吳善卿,PERSON,3,0.0010496850944716584,0.005422839749594666,0.043478260869565216,9.082652134423252e-5
吳子,PERSON,4,0.0013995801259622112,0.016906447108045782,24.169285414336134,9.457159069415548e-5
吳少堂五,PERSON,6,0.002099370188943317,0.010935580856185838,12.964578460577119,9.352787130564908e-5
吳山,PERSON,3,0.0010496850944716584,0.03801084806417261,213.96587707054763,1.0277492291880781e-4
吳弦,PERSON,5,0.0017494751574527643,0.027231161474757095,234.87438053744998,1.0056315366049879e-4
吳惠卿,PERSON,3,0.0010496850944716584,0.005422839749594669,0.043478260869565216,9.082652134423252e-5
吳應,PERSON,3,0.0010496850944716584,0.015791008717424174,42.14715543716373,9.482268158543523e-5
吳成,PERSON,6,0.002099370188943317,0.005407588901771689,5.244804553253112,9.157509157509158e-5
吳文,PERSON,1,3.498950314905528e-4,8.604946376107049e-4,0,9.345794392523364e-5
吳松,PERSON,5,0.0017494751574527643,0.004615644631729778,266.24974814331716,9.238728750923873e-5
吳楚臣,PERSON,2,6.997900629811056e-4,0.011593124225589108,4.921870725530944,9.45000945000945e-5
吳永廉,PERSON,4,0.0013995801259622112,0.00589650411151952,9.45929053129305,9.240436148586214e-5
吳漢,PERSON,6,0.002099370188943317,0.004900405797775221,0.35714285714285715,9.043226623259179e-5
吳玉泉三,PERSON,6,0.002099370188943317,0.010935580856185838,12.964578460577119,9.352787130564908e-5
吳耀庭,PERSON,5,0.0017494751574527643,0.0034530848914136464,35.93857433989013,9.015506671474937e-5
吳萃,PERSON,6,0.002099370188943317,0.025324511572369646,25.76332927674104,9.419743782969103e-5
吳蔚,PERSON,6,0.002099370188943317,0.02532451157236965,25.76332927674104,9.419743782969103e-5
吳藴初,PERSON,25,0.00874737578726382,0.13997886189416042,7931.989085302927,1.1674060238150829e-4
吳靜,PERSON,2,6.997900629811056e-4,0.008693871786981259,2.803101476581599,9.189487226612754e-5
吳馮,PERSON,4,0.0013995801259622112,0.00869876812886769,5.1720674902757375,9.124087591240875e-5
吳麟,PERSON,4,0.0013995801259622112,0.01897399296788061,175.05853639996323,9.536524890329964e-5
吳鼎昌,PERSON,3,0.0010496850944716584,0.01579100871742417,42.14715543716373,9.482268158543523e-5
吴洽卿,PERSON,3,0.0010496850944716584,0.04105582495721483,222.37390084261358,1.0423181154888472e-4
吴淑東,PERSON,4,0.0013995801259622112,0.014237481990472443,13.7883226237342,9.324878776575905e-5
吴貫因,PERSON,1,3.498950314905528e-4,2.7132389049423046e-4,0,7.631257631257631e-5
呂夑,PERSON,1,3.498950314905528e-4,0.0031306601372995888,0,9.189487226612754e-5
呂葆,PERSON,1,3.498950314905528e-4,0.0026383894019064665,0,9.05961224859576e-5
呂金,PERSON,5,0.0017494751574527643,0.012539171734302844,5.801204041916086,9.221689413500554e-5
周介,PERSON,6,0.002099370188943317,0.02532451157236965,25.76332927674104,9.419743782969103e-5
周以森,PERSON,2,6.997900629811056e-4,0.02968850237348558,8.15401117400114,1.0175010175010175e-4
周伯堯,PERSON,9,0.0031490552834149755,0.08931713960298288,1682.9280005248188,1.1160714285714285e-4
周伯雄,PERSON,1,3.498950314905528e-4,8.604946376107041e-4,0,9.345794392523364e-5
周佩,PERSON,20,0.006997900629811057,0.10521117769699141,7339.012971156386,1.1452130096197893e-4
周佩箴,PERSON,1,3.498950314905528e-4,0.012161576770956847,0,9.416195856873823e-5
周候,PERSON,1,3.498950314905528e-4,8.604946376107051e-4,0,9.345794392523364e-5
周光業,PERSON,1,3.498950314905528e-4,0.012161576770956853,0,9.416195856873823e-5
周劍秋,PERSON,8,0.0027991602519244225,0.06329847083909208,1023.8759064053631,1.0883761427949499e-4
周子,PERSON,3,0.0010496850944716584,0.012184501301131401,2371.8914874803204,9.556574923547401e-5
周寳,PERSON,4,0.0013995801259622112,0.005896504111519519,9.45929053129305,9.240436148586214e-5
周岷,PERSON,3,0.0010496850944716584,0.005422839749594666,0.043478260869565216,9.082652134423252e-5
周心梅,PERSON,2,6.997900629811056e-4,0.0014996303825986965,0.05555555555555555,8.997660608241857e-5
周慶,PERSON,4,0.0013995801259622112,0.004188240010217081,5.1566712764840785,9.129085265656382e-5
周慶生,PERSON,5,0.0017494751574527643,0.003247255287690769,0.47619047619047616,9.007386056566384e-5
周文卿,PERSON,1,3.498950314905528e-4,0.0010004078063267832,0,9.015506671474937e-5
周書榮,PERSON,3,0.0010496850944716584,0.017681718133586134,54.55258105377394,9.604302727621975e-5
周林,PERSON,6,0.002099370188943317,0.004900405797775219,0.35714285714285715,9.043226623259179e-5
周椒表,PERSON,3,0.0010496850944716584,0.003727297766250455,0.16666666666666666,8.999280057595392e-5
周榮,PERSON,6,0.002099370188943317,0.02532451157236965,25.76332927674104,9.419743782969103e-5
周浦,PERSON,3,0.0010496850944716584,0.007347976229962704,1.2299414880376804,9.062896501721951e-5
周湘,PERSON,2,6.997900629811056e-4,0.011593124225589106,4.921870725530944,9.45000945000945e-5
周漁卿,PERSON,5,0.0017494751574527643,0.012539171734302844,5.801204041916086,9.221689413500554e-5
周熙,PERSON,1,3.498950314905528e-4,8.604946376107049e-4,0,9.345794392523364e-5
周生,PERSON,1,3.498950314905528e-4,6.804757976775172e-4,0,9.043226623259179e-5
周翼,PERSON,3,0.0010496850944716584,0.029565313121346817,30.10048678511074,1.0054293183189222e-4
周胡,PERSON,6,0.002099370188943317,0.004900405797775219,0.35714285714285715,9.043226623259179e-5
周芝生,PERSON,3,0.0010496850944716584,0.017681718133586145,54.55258105377394,9.604302727621975e-5
周芾,PERSON,2,6.997900629811056e-4,0.004438735872403427,0.9150671816992041,9.18105031215571e-5
周蔭人,PERSON,4,0.0013995801259622112,0.03437897151017486,186.83622611412275,1.0298661174047374e-4
周諮,PERSON,6,0.002099370188943317,0.06057039300893686,311.8976802742744,1.0768899418479432e-4
周豹,PERSON,4,0.0013995801259622112,0.04199654106434135,188.5840211302102,1.0307153164296021e-4
周起泰十,PERSON,6,0.002099370188943317,0.010935580856185841,12.964578460577119,9.352787130564908e-5
周鈞,PERSON,1,3.498950314905528e-4,8.604946376107057e-4,0,9.345794392523364e-5
周錫,PERSON,4,0.0013995801259622112,0.041996541064341336,188.5840211302102,1.0307153164296021e-4
周靜,PERSON,3,0.0010496850944716584,0.01794375852112553,78.44995831098922,9.511128019783147e-5
周頌,PERSON,3,0.0010496850944716584,0.015791008717424167,42.14715543716373,9.482268158543523e-5
周麟峯,PERSON,5,0.0017494751574527643,0.04196822752462958,348.6397763488342,1.0281719103434094e-4
命吳,PERSON,2,6.997900629811056e-4,0.02968850237348558,8.15401117400114,1.0175010175010175e-4
和洋行,ORG,35,0.01224632610216935,0.041405059156519,21656.345479932283,1.232589670898558e-4
哈同,PERSON,6,0.002099370188943317,0.017489628337108633,616.2260192122,9.609840476648087e-5
哈爾總隊,ORG,17,0.005948215535339398,0.039846710089411534,5363.269090874466,1.210507202517855e-4
哈華托,PERSON,4,0.0013995801259622112,0.004908955510710157,0.2504434411411156,9.04649900488511e-5
唐世昌,PERSON,3,0.0010496850944716584,0.03801084806417262,213.96587707054763,1.0277492291880781e-4
唐吉生,PERSON,6,0.002099370188943317,0.02532451157236966,25.76332927674104,9.419743782969103e-5
唐寶鍔,PERSON,5,0.0017494751574527643,0.03248043040377027,122.42884231536944,1.0204081632653062e-4
唐少,PERSON,1,3.498950314905528e-4,0.0031306601372995875,0,9.189487226612754e-5
唐庚,PERSON,4,0.0013995801259622112,0.05918011131147291,420.0434809636866,1.0827197921177999e-4
唐拾義,PERSON,41,0.014345696291112667,0.15847240479151403,11700.401415611914,1.1366219595362583e-4
唐曰,PERSON,4,0.0013995801259622112,0.052833469432988625,361.6162010503547,1.0764262648008612e-4
唐禮,PERSON,6,0.002099370188943317,0.004900405797775217,0.35714285714285715,9.043226623259179e-5
唐良,PERSON,5,0.0017494751574527643,0.04196822752462957,348.6397763488342,1.0281719103434094e-4
唐豪,PERSON,8,0.0027991602519244225,0.0632984708390921,1023.8759064053631,1.0883761427949499e-4
唐震,PERSON,1,3.498950314905528e-4,0.0016314946323867361,0,9.028530155290719e-5
商安和洋行,ORG,36,0.012596221133659902,0.04607269295500582,5509.144634670953,1.2169891687963977e-4
商安和洋行洋,ORG,36,0.012596221133659902,0.04607269295500582,5509.144634670953,1.2169891687963977e-4
商敎聯席會,ORG,42,0.01469559132260322,0.03095369597688179,17073.70332073501,1.2178784557301182e-4
商田,PERSON,2,6.997900629811056e-4,0.0033796603784281907,1.036859949134382,9.120758847136082e-5
商言志,PERSON,5,0.0017494751574527643,0.027231161474757085,234.87438053744998,1.0056315366049879e-4
問王,PERSON,2,6.997900629811056e-4,0.0022703457932781927,0.07142857142857142,8.991188635137565e-5
問章,PERSON,3,0.0010496850944716584,0.03147067498930534,173.13489085318758,1.0235414534288638e-4
善欽,PERSON,1,3.498950314905528e-4,0.0021104928006286973,0,9.149130832570906e-5
喬勃美商會會,ORG,33,0.011546536039188244,0.11491262003359955,4538.287591320489,1.2152144853566654e-4
喬薇,PERSON,1,3.498950314905528e-4,5.913770755422801e-4,0,9.064539521392314e-5
嘉榖堂仁榖公所,ORG,11,0.003848845346396081,0.05176494309930518,785.5185660279324,1.2087513598452798e-4
嘉理頃,PERSON,3,0.0010496850944716584,0.003727297766250455,0.16666666666666666,8.999280057595392e-5
嘉蓀,PERSON,1,3.498950314905528e-4,0.01216157677095685,0,9.416195856873823e-5
嚴俊,PERSON,4,0.0013995801259622112,0.05283346943298864,361.6162010503547,1.0764262648008612e-4
嚴孟,PERSON,6,0.002099370188943317,0.025324511572369646,25.76332927674104,9.419743782969103e-5
嚴守,PERSON,2,6.997900629811056e-4,0.0034079400389679707,0.3003874256049981,9.036688957166094e-5
嚴成,PERSON,2,6.997900629811056e-4,0.006541552266852125,0.5524816207456696,9.177679882525697e-5
嚴成德,PERSON,22,0.007697690692792162,0.12408241549043598,3973.1941219026417,1.1350737797956867e-4
嚴敬,PERSON,6,0.002099370188943317,0.025324511572369646,25.76332927674104,9.419743782969103e-5
嚴春陽,PERSON,5,0.0017494751574527643,0.05227593600622375,961.0947256819798,1.0766580534022394e-4
嚴曼,PERSON,2,6.997900629811056e-4,0.004438735872403428,0.9150671816992041,9.18105031215571e-5
嚴直,PERSON,8,0.0027991602519244225,0.055249616074880915,1108.371353112389,1.0524100189433803e-4
嚴秋庚,PERSON,2,6.997900629811056e-4,0.0034079400389679707,0.3003874256049981,9.036688957166094e-5
嚴處,PERSON,3,0.0010496850944716584,0.0351647881822709,78.89610093557835,1.0166734444896299e-4
嚴重,PERSON,6,0.002099370188943317,0.03926090511799284,63.14114436675733,1.0195758564437195e-4
嚴頌,PERSON,6,0.002099370188943317,0.025324511572369635,25.76332927674104,9.419743782969103e-5
嚴馨,PERSON,11,0.003848845346396081,0.008626959331288769,343.7048516785269,9.29368029739777e-5
四明銀行,ORG,23,0.008047585724282715,0.0168429634045478,2171.621204752094,9.860960457548565e-5
國商會聯合會,ORG,49,0.017144856543037088,0.14637957317138886,22710.813743161412,1.2377769525931428e-4
國徽,PERSON,1,3.498950314905528e-4,0.026385679443230302,0,1.017293997965412e-4
國恩,PERSON,3,0.0010496850944716584,0.017681718133586138,54.55258105377394,9.604302727621975e-5
國民大會,ORG,33,0.011546536039188244,0.0721512892454179,7955.419118969055,1.2152144853566654e-4
園建,PERSON,7,0.00244926522043387,0.04398571616066047,338.25992055156837,1.0379904504878556e-4
圖孔,PERSON,4,0.0013995801259622112,0.004188240010217079,5.1566712764840785,9.129085265656382e-5
地方審,ORG,69,0.024142757172848146,0.0685073603563644,54295.86424160407,1.225940909648155e-4
坎拿大,PERSON,5,0.0017494751574527643,0.01983340877594613,17.00951251878744,9.240436148586214e-5
坤丁,PERSON,9,0.0031490552834149755,0.026504089601131316,36.39940887238378,9.243852837862822e-5
坤將,PERSON,4,0.0013995801259622112,0.06706587448883672,764.1285364773955,1.1030222810500772e-4
坤泉,PERSON,6,0.002099370188943317,0.039260905117992864,63.14114436675733,1.0195758564437195e-4
坤源,PERSON,5,0.0017494751574527643,0.01253917173430284,5.801204041916086,9.221689413500554e-5
坤趙,PERSON,4,0.0013995801259622112,0.036465521642057054,95.58152287102672,1.0144045445323595e-4
坤邱,PERSON,3,0.0010496850944716584,0.0021774283915902424,0.044117647058823525,9.174311926605505e-5
埠總商會銀行公會,ORG,41,0.014345696291112667,0.11319436176028953,5361.637562767954,1.218769043266301e-4
執政陸軍部,ORG,14,0.00489853044086774,0.05337348556553447,1516.4653725017986,1.2096286440062901e-4
培到,PERSON,1,3.498950314905528e-4,6.804757976775165e-4,0,9.043226623259179e-5
培熺,PERSON,10,0.0034989503149055285,0.006040622128142475,90.44660624987546,9.201324990798675e-5
培聲,PERSON,1,3.498950314905528e-4,6.804757976775168e-4,0,9.043226623259179e-5
基潘,PERSON,4,0.0013995801259622112,0.008510594932843561,4.907686957548111,9.149130832570906e-5
堂倪,PERSON,3,0.0010496850944716584,0.0021774283915902424,0.044117647058823525,9.174311926605505e-5
堂諭,PERSON,5,0.0017494751574527643,0.003899256960584762,146.87295949236471,9.398496240601504e-5
堂陳,PERSON,3,0.0010496850944716584,0.002177428391590244,0.044117647058823525,9.174311926605505e-5
堃吳,PERSON,1,3.498950314905528e-4,0.012161576770956853,0,9.416195856873823e-5
堅璧,PERSON,8,0.0027991602519244225,0.07724784697520663,1057.2366479623868,1.1018069634200089e-4
場邢士,PERSON,3,0.0010496850944716584,0.008017730250356033,0.1,9.018759018759019e-5
增祥,PERSON,1,3.498950314905528e-4,5.913770755422813e-4,0,9.064539521392314e-5
增銘,PERSON,1,3.498950314905528e-4,0.002586337203146294,0,9.177679882525697e-5
壬戍友誼社,ORG,11,0.003848845346396081,0.03495692433172772,1794.5213880792517,1.212268153715602e-4
壽孝天,PERSON,23,0.008047585724282715,0.1044770060102335,3399.1392818827235,1.11185234600845e-4
壽秀,PERSON,3,0.0010496850944716584,0.029565313121346817,30.10048678511074,1.0054293183189222e-4
夏必珪,PERSON,1,3.498950314905528e-4,0.012161576770956847,0,9.416195856873823e-5
夏應堂,PERSON,10,0.0034989503149055285,0.07143286500668228,1599.192165310718,1.095290251916758e-4
夏晋麟,PERSON,8,0.0027991602519244225,0.004574781424082918,2.5454545454545463,8.99604174163368e-5
夏月,PERSON,5,0.0017494751574527643,0.061038623086906094,282.85976271117323,1.0787486515641856e-4
夏良民,PERSON,12,0.004198740377886634,0.03638427650334411,123.01679116296383,9.31619154089808e-5
夏芷芳,PERSON,5,0.0017494751574527643,0.02723116147475709,234.87438053744998,1.0056315366049879e-4
夏蘭,PERSON,5,0.0017494751574527643,0.003247255287690769,0.47619047619047616,9.007386056566384e-5
外交委,ORG,10,0.0034989503149055285,0.04091016810022182,1457.3247616622548,1.2250398137939484e-4
外交市民大會,ORG,30,0.010496850944716585,0.08168101383722742,2477.5923493746614,1.2143290831815422e-4
外交部,ORG,46,0.01609517144856543,0.12530994849844632,12644.375502704017,1.2359411692003462e-4
夢芸,PERSON,13,0.004548635409377187,0.020482684807539942,9.521905096493331,9.054690329590728e-5
夢蘭,PERSON,2,6.997900629811056e-4,0.029688502373485595,8.15401117400114,1.0175010175010175e-4
大來集團,ORG,22,0.007697690692792162,0.06686613626310818,2131.754674229865,1.2119743061447097e-4
大元,PERSON,1,3.498950314905528e-4,5.913770755422806e-4,0,9.064539521392314e-5
大昌南,PERSON,5,0.0017494751574527643,0.03844573305892592,81.98662607828392,1.0088781275221953e-4
大東書局,ORG,36,0.012596221133659902,0.04607269295500582,5509.144634670953,1.2169891687963977e-4
大椿,PERSON,1,3.498950314905528e-4,0.0025863372031462942,0,9.177679882525697e-5
大盛貿易公司,ORG,60,0.02099370188943317,0.15483522277428852,18051.0961514173,1.2232415902140674e-4
大綸公司,ORG,52,0.01819454163750875,0.12244818174385959,14167.984157191308,1.2208521548040532e-4
大英公司,ORG,17,0.005948215535339398,0.025921839182248104,4451.448755181296,1.210507202517855e-4
大銀行,ORG,2,6.997900629811056e-4,0.02062175003436329,308.15485439225995,1.2061271257990592e-4
大鑒,PERSON,4,0.0013995801259622112,0.0030214711972539046,4.542498256251668,9.020386072523904e-5
大阪川口中華總商會三江公所,ORG,9,0.0031490552834149755,0.02584530626164484,2720.391770681358,1.2081672103419114e-4
天利洋行,ORG,28,0.00979706088173548,0.08122310646311312,3760.0003010404557,1.2328936012822092e-4
天廚味精廠,ORG,24,0.008397480755773267,0.05838315663297883,3274.124890804126,1.2125621438098702e-4
天津永利製鹼公司,ORG,76,0.026592022393282014,0.12672436443844196,28177.953086280122,1.248595330253465e-4
天津滙豐,ORG,46,0.01609517144856543,0.039906965835231956,12113.731687356121,1.2190661952944045e-4
天良,PERSON,1,3.498950314905528e-4,0.0026383894019064665,0,9.05961224859576e-5
太倉縣商會,ORG,42,0.01469559132260322,0.03095369597688179,17073.70332073501,1.2178784557301182e-4
太古怡和,ORG,44,0.015395381385584325,0.10037432407380091,10582.277191183977,1.2184720360667723e-4
夫樓,PERSON,1,3.498950314905528e-4,0.001152806683894501,0,9.043226623259179e-5
夫順,PERSON,2,6.997900629811056e-4,0.0016429621114849864,0.05263157894736842,8.999280057595392e-5
奉化旅滬同鄉,ORG,14,0.00489853044086774,0.053373485565534486,1516.4653725017986,1.2096286440062901e-4
奉張,PERSON,4,0.0013995801259622112,0.06706587448883672,764.1285364773955,1.1030222810500772e-4
奉齊,PERSON,2,6.997900629811056e-4,0.029688502373485588,8.15401117400114,1.0175010175010175e-4
奎侯,PERSON,13,0.004548635409377187,0.03790443094795915,2410.764316891509,9.879470460383324e-5
奎侯經,PERSON,13,0.004548635409377187,0.01755669020004682,15.423711249988319,9.213193292795283e-5
奎定,PERSON,1,3.498950314905528e-4,8.604946376107041e-4,0,9.345794392523364e-5
奚少,PERSON,3,0.0010496850944716584,0.005235286356394142,3.6036655227215437,9.072763563781528e-5
奚萼,PERSON,6,0.002099370188943317,0.02532451157236964,25.76332927674104,9.419743782969103e-5
奚雨臣,PERSON,3,0.0010496850944716584,0.0018101227799286637,0.2727272727272727,8.987956138774042e-5
姆敬,PERSON,5,0.0017494751574527643,0.01983340877594613,17.00951251878744,9.240436148586214e-5
姚仲泉,PERSON,5,0.0017494751574527643,0.0032472552876907706,0.47619047619047616,9.007386056566384e-5
姚佐頓,PERSON,61,0.021343596920923722,0.19813845403302258,31166.77000162825,1.2186205215695832e-4
姚子,PERSON,2,6.997900629811056e-4,0.002779472614047563,0.030303030303030304,9.022013713460844e-5
姚子讓,PERSON,7,0.00244926522043387,0.035061656168797375,2238.558242698579,1.034340091021928e-4
姚文,PERSON,9,0.0031490552834149755,0.04111552028979384,858.6470134941352,9.796238244514106e-5
姚紫,PERSON,18,0.006298110566829951,0.1136718584319109,4270.004164104556,1.1376564277588168e-4
姚紫石,PERSON,5,0.0017494751574527643,0.04625259285414869,189.07443299003256,1.0375596596804317e-4
姚紫若,PERSON,2,6.997900629811056e-4,0.011593124225589108,4.921870725530944,9.45000945000945e-5
姚謝金,PERSON,1,3.498950314905528e-4,8.604946376107051e-4,0,9.345794392523364e-5
姚青甫,PERSON,3,0.0010496850944716584,0.017681718133586138,54.55258105377394,9.604302727621975e-5
姜懷素,PERSON,17,0.005948215535339398,0.09246484432529017,6407.798151589653,1.1079104808331487e-4
姜紹,PERSON,1,3.498950314905528e-4,8.604946376107066e-4,0,9.345794392523364e-5
威廉,PERSON,9,0.0031490552834149755,0.05576802468721003,546.3820792484848,1.0453690152623876e-4
威林,PERSON,7,0.00244926522043387,0.041305026801086206,845.5597518070491,1.0290183165260341e-4
威金,PERSON,3,0.0010496850944716584,0.002177428391590245,0.044117647058823525,9.174311926605505e-5
子章,PERSON,2,6.997900629811056e-4,0.0282410075267907,11.68337995842968,1.0175010175010175e-4
孔子,PERSON,8,0.0027991602519244225,0.04118206852977619,693.1970475494433,1.0311404413281089e-4
孔紹,PERSON,5,0.0017494751574527643,0.03248043040377027,122.42884231536944,1.0204081632653062e-4
孔金,PERSON,1,3.498950314905528e-4,5.913770755422813e-4,0,9.064539521392314e-5
字廷,PERSON,3,0.0010496850944716584,0.0034709013433613756,0.10714285714285714,9.015506671474937e-5
存徐,PERSON,4,0.0013995801259622112,0.01690644710804578,24.169285414336134,9.457159069415548e-5
孟庚,PERSON,3,0.0010496850944716584,0.017681718133586134,54.55258105377394,9.604302727621975e-5
孟紹,PERSON,6,0.002099370188943317,0.004900405797775217,0.35714285714285715,9.043226623259179e-5
季嶼,PERSON,5,0.0017494751574527643,0.03692711385436925,111.25207296254861,1.016053647632595e-4
季璜,PERSON,3,0.0010496850944716584,0.0021774283915902415,0.044117647058823525,9.174311926605505e-5
孤兒院,ORG,33,0.011546536039188244,0.12317913804969702,2539.310150273722,1.2152144853566654e-4
孫中山,PERSON,2,6.997900629811056e-4,0.0014996303825986971,0.05555555555555555,8.997660608241857e-5
孫乃,PERSON,1,3.498950314905528e-4,8.604946376107047e-4,0,9.345794392523364e-5
孫乃泰,PERSON,1,3.498950314905528e-4,8.604946376107039e-4,0,9.345794392523364e-5
孫仲立,PERSON,4,0.0013995801259622112,0.036100090948401664,120.62146119080731,1.0148163182463974e-4
孫傳,PERSON,24,0.008397480755773267,0.11778399247661858,3856.5306501875293,1.1325028312570782e-4
孫啓,PERSON,5,0.0017494751574527643,0.04196822752462959,348.6397763488342,1.0281719103434094e-4
孫寳,PERSON,12,0.004198740377886634,0.05941738816977054,790.8487343166486,1.0319917440660474e-4
孫少,PERSON,13,0.004548635409377187,0.02048268480753993,9.521905096493331,9.054690329590728e-5
孫廷,PERSON,1,3.498950314905528e-4,0.0016314946323867355,0,9.028530155290719e-5
孫復,PERSON,8,0.0027991602519244225,0.02071109461214797,44.270583582792774,9.297136481963555e-5
孫惠方,PERSON,5,0.0017494751574527643,0.03692711385436924,111.25207296254861,1.016053647632595e-4
孫慕,PERSON,3,0.0010496850944716584,0.005316071372960605,0.1111111111111111,9.018759018759019e-5
孫慕韓,PERSON,3,0.0010496850944716584,0.005316071372960605,0.1111111111111111,9.018759018759019e-5
孫景,PERSON,21,0.00734779566130161,0.11469075335194863,5574.899486586547,1.1366219595362583e-4
孫曹,PERSON,2,6.997900629811056e-4,0.006541552266852129,0.5524816207456696,9.177679882525697e-5
孫梅,PERSON,5,0.0017494751574527643,0.038189501984878756,72.10064375129595,1.0201999591920016e-4
孫梅堂,PERSON,41,0.014345696291112667,0.1789528792179809,14710.492317041571,1.1853959222380275e-4
孫樂,PERSON,1,3.498950314905528e-4,0.012161576770956846,0,9.416195856873823e-5
孫知妙四,PERSON,5,0.0017494751574527643,0.012539171734302844,5.801204041916086,9.221689413500554e-5
孫祥,PERSON,5,0.0017494751574527643,0.0038992569605847626,146.87295949236471,9.398496240601504e-5
孫籌,PERSON,8,0.0027991602519244225,0.05789708658643299,1277.983199284421,1.0660980810234541e-4
孫籌成,PERSON,1,3.498950314905528e-4,0.012161576770956853,0,9.416195856873823e-5
孫緯才,PERSON,14,0.00489853044086774,0.08414672197216247,2478.505918196037,1.1170688114387846e-4
孫繼堂,PERSON,2,6.997900629811056e-4,0.02968850237348558,8.15401117400114,1.0175010175010175e-4
孫藹人,PERSON,5,0.0017494751574527643,0.048379304876950996,326.5133838925606,1.0401497815685458e-4
孫衡,PERSON,1,3.498950314905528e-4,0.012161576770956847,0,9.416195856873823e-5
孫遂,PERSON,3,0.0010496850944716584,0.03801084806417262,213.96587707054763,1.0277492291880781e-4
孫道,PERSON,23,0.008047585724282715,0.12865683026651623,7384.815568151283,1.1609008590666357e-4
孫遵,PERSON,10,0.0034989503149055285,0.006040622128142477,90.44660624987546,9.201324990798675e-5
孫鏡,PERSON,11,0.003848845346396081,0.09313343513247661,1949.4114988048955,1.1319900384876613e-4
孫陳,PERSON,5,0.0017494751574527643,0.006174541465669797,0.7692307692307693,9.000900090009e-5
孫馨,PERSON,1,3.498950314905528e-4,0.008810433595736519,0,9.314456035767511e-5
孫鵬,PERSON,1,3.498950314905528e-4,0.0025863372031462934,0,9.177679882525697e-5
學琦,PERSON,1,3.498950314905528e-4,8.604946376107038e-4,0,9.345794392523364e-5
學生會,ORG,16,0.005598320503848845,0.04674233226432569,3871.93107836021,1.2102142079148009e-4
學生聯合會,ORG,11,0.003848845346396081,0.04647693372627911,657.4406190363491,1.2087513598452798e-4
安利洋行,ORG,93,0.032540237928621416,0.1866379468373618,50429.604309963914,1.2331976815883587e-4
安原,PERSON,4,0.0013995801259622112,0.006046943587481676,0.42857142857142855,8.994423457456377e-5
安吉,PERSON,1,3.498950314905528e-4,8.604946376107038e-4,0,9.345794392523364e-5
安徐,PERSON,3,0.0010496850944716584,0.002177428391590245,0.044117647058823525,9.174311926605505e-5
安惠,PERSON,5,0.0017494751574527643,0.03692711385436924,111.25207296254861,1.016053647632595e-4
安慶教育會商務總會農會學生聯合會,ORG,6,0.002099370188943317,0.025238979640144404,458.9120956515348,1.2072920439454304e-4
安格聯,PERSON,7,0.00244926522043387,0.014066240993485421,327.38943403776995,9.455370650529501e-5
安特生,PERSON,11,0.003848845346396081,0.08573072057928592,1805.3536959144055,1.1155734047300312e-4
安祥,PERSON,13,0.004548635409377187,0.01755669020004681,15.423711249988319,9.213193292795283e-5
安童,PERSON,1,3.498950314905528e-4,8.604946376107039e-4,0,9.345794392523364e-5
安諾德,PERSON,4,0.0013995801259622112,0.014237481990472443,13.7883226237342,9.324878776575905e-5
安迪生,PERSON,1,3.498950314905528e-4,2.713238904942299e-4,0,7.631257631257631e-5
安項,PERSON,1,3.498950314905528e-4,8.604946376107045e-4,0,9.345794392523364e-5
宋伯寅,PERSON,3,0.0010496850944716584,0.01768171813358613,54.55258105377394,9.604302727621975e-5
宋壽昌,PERSON,1,3.498950314905528e-4,8.604946376107052e-4,0,9.345794392523364e-5
宋子,PERSON,3,0.0010496850944716584,0.017681718133586138,54.55258105377394,9.604302727621975e-5
宋季生,PERSON,3,0.0010496850944716584,0.017681718133586127,54.55258105377394,9.604302727621975e-5
宋慶齡,PERSON,4,0.0013995801259622112,0.014237481990472435,13.7883226237342,9.324878776575905e-5
宋方,PERSON,2,6.997900629811056e-4,0.027671535107872663,31.02948323858222,1.0175010175010175e-4
宋漢,PERSON,4,0.0013995801259622112,0.03650772817748962,389.27815651913,1.0403662089055348e-4
宋漢章,PERSON,58,0.020293911826452064,0.22296606429762578,42697.446699264794,1.266784899923993e-4
宋獻庭,PERSON,3,0.0010496850944716584,0.03147067498930536,173.13489085318758,1.0235414534288638e-4
宋玉珍,PERSON,7,0.00244926522043387,0.04327449753095382,282.13839910998166,1.0264832683227263e-4
宋瑞昌,PERSON,1,3.498950314905528e-4,5.913770755422804e-4,0,9.064539521392314e-5
宋雲生,PERSON,3,0.0010496850944716584,0.017681718133586134,54.55258105377394,9.604302727621975e-5
宏新布廠,ORG,24,0.008397480755773267,0.058383156632978835,3274.124890804126,1.2125621438098702e-4
宏源,PERSON,1,3.498950314905528e-4,5.913770755422807e-4,0,9.064539521392314e-5
宗敬,PERSON,4,0.0013995801259622112,0.06621145130481156,469.3962529517044,1.0926573426573427e-4
宗昌,PERSON,9,0.0031490552834149755,0.04003874811681848,167.6868784025236,1.008471157724889e-4
宗生,PERSON,1,3.498950314905528e-4,0.02638567944323029,0,1.017293997965412e-4
宗筠,PERSON,1,3.498950314905528e-4,8.604946376107047e-4,0,9.345794392523364e-5
定侯,PERSON,3,0.0010496850944716584,0.03147067498930535,173.13489085318758,1.0235414534288638e-4
定字邦,PERSON,3,0.0010496850944716584,0.0034709013433613777,0.10714285714285714,9.015506671474937e-5
定海旅滬同鄉,ORG,14,0.00489853044086774,0.053373485565534506,1516.4653725017986,1.2096286440062901e-4
定潘,PERSON,2,6.997900629811056e-4,0.0034079400389679694,0.3003874256049981,9.036688957166094e-5
定蓀,PERSON,5,0.0017494751574527643,0.012539171734302844,5.801204041916086,9.221689413500554e-5
宣傅,PERSON,8,0.0027991602519244225,0.06329847083909212,1023.8759064053631,1.0883761427949499e-4
容膝餐社,ORG,9,0.0031490552834149755,0.04276884742740066,3075.603732099857,1.2081672103419114e-4
寅初,PERSON,1,3.498950314905528e-4,0.001867866819398378,0,8.99604174163368e-5
富久,PERSON,5,0.0017494751574527643,0.06103862308690611,282.85976271117323,1.0787486515641856e-4
富姆,PERSON,5,0.0017494751574527643,0.019833408775946134,17.00951251878744,9.240436148586214e-5
寓章,PERSON,3,0.0010496850944716584,0.0033854552951274337,0.3333333333333333,8.984725965858041e-5
寗柳,PERSON,1,3.498950314905528e-4,8.604946376107049e-4,0,9.345794392523364e-5
寗許,PERSON,1,3.498950314905528e-4,8.604946376107034e-4,0,9.345794392523364e-5
寧波同鄕會紹興同鄕會,ORG,10,0.0034989503149055285,0.036180318435217115,826.8179727685524,1.2084592145015106e-4
寧波旅滬同鄉會,ORG,39,0.01364590622813156,0.09795014326426621,3948.8951230283096,1.2169891687963977e-4
寧波旅滬同鄕會,ORG,122,0.042687193841847444,0.28964534660317576,50468.66160115941,1.2457954403886882e-4
寧紹台三同,ORG,12,0.004198740377886634,0.06013450988878158,725.30098775895965,1.2113870381586917e-4
審勵,PERSON,3,0.0010496850944716584,0.03516478818227091,78.89610093557835,1.0166734444896299e-4
寰球中國學生會,ORG,13,0.004548635409377187,0.04953933823845848,784.2228002142558,1.2093360744951022e-4
寳士,PERSON,3,0.0010496850944716584,0.0601809683050264,278.07412910106825,1.0799136069114471e-4
寳張,PERSON,2,6.997900629811056e-4,0.004438735872403428,0.9150671816992041,9.18105031215571e-5
寳隆醫院,ORG,5,0.0017494751574527643,0.02184069006811975,2941.269244894991,1.2070006035003017e-4
封道,PERSON,3,0.0010496850944716584,0.04105582495721483,222.37390084261358,1.0423181154888472e-4
將韓省,PERSON,4,0.0013995801259622112,0.036507728177489616,389.27815651913,1.0403662089055348e-4
小太郎,PERSON,4,0.0013995801259622112,0.03437897151017486,186.83622611412275,1.0298661174047374e-4
小宋,PERSON,6,0.002099370188943317,0.004900405797775218,0.35714285714285715,9.043226623259179e-5
小川,PERSON,10,0.0034989503149055285,0.07269077626252478,716.4841807963624,1.0815487778498811e-4
小樵,PERSON,3,0.0010496850944716584,0.003470901343361377,0.10714285714285714,9.015506671474937e-5
少卿,PERSON,3,0.0010496850944716584,0.002177428391590244,0.044117647058823525,9.174311926605505e-5
少菊,PERSON,3,0.0010496850944716584,0.0021774283915902437,0.044117647058823525,9.174311926605505e-5
尤希度,PERSON,1,3.498950314905528e-4,8.604946376107057e-4,0,9.345794392523364e-5
尤森,PERSON,3,0.0010496850944716584,0.006410523223578547,0.13043478260869565,9.020386072523904e-5
尤森庭,PERSON,5,0.0017494751574527643,0.03465153075036922,201.49881412171115,1.0197838058331633e-4
尤葛,PERSON,6,0.002099370188943317,0.00540758890177169,5.244804553253112,9.157509157509158e-5
屈臣,PERSON,15,0.005248425472358292,0.10875453988620529,2809.081967285618,1.1335298118340512e-4
屏秦,PERSON,4,0.0013995801259622112,0.036465521642057054,95.58152287102672,1.0144045445323595e-4
屏袁,PERSON,4,0.0013995801259622112,0.06621145130481151,469.3962529517044,1.0926573426573427e-4
屏許,PERSON,5,0.0017494751574527643,0.046252592854148684,189.07443299003256,1.0375596596804317e-4
屏譚,PERSON,1,3.498950314905528e-4,0.012161576770956847,0,9.416195856873823e-5
屏陸,PERSON,3,0.0010496850944716584,0.006410523223578549,0.13043478260869565,9.020386072523904e-5
履安,PERSON,3,0.0010496850944716584,0.01579100871742417,42.14715543716373,9.482268158543523e-5
履安君洋,PERSON,4,0.0013995801259622112,0.005896504111519517,9.45929053129305,9.240436148586214e-5
山方,PERSON,4,0.0013995801259622112,0.016906447108045775,24.169285414336134,9.457159069415548e-5
山東京大學,ORG,15,0.005248425472358292,0.07315926521242094,1990.5467458660785,1.212268153715602e-4
山洋五,PERSON,4,0.0013995801259622112,0.005896504111519518,9.45929053129305,9.240436148586214e-5
山爲,PERSON,7,0.00244926522043387,0.08415520982593705,1643.7314035847055,1.1253657438667567e-4
山聞,PERSON,1,3.498950314905528e-4,0.01216157677095685,0,9.416195856873823e-5
山董,PERSON,6,0.002099370188943317,0.06600753273975411,586.8856101122265,1.0841283607979184e-4
山袁,PERSON,4,0.0013995801259622112,0.013585181854649993,127.98134982404663,9.356287425149701e-5
山譚,PERSON,4,0.0013995801259622112,0.036465521642057054,95.58152287102672,1.0144045445323595e-4
山陳,PERSON,2,6.997900629811056e-4,0.028241007526790693,11.68337995842968,1.0175010175010175e-4
岩汪,PERSON,2,6.997900629811056e-4,0.0024382162401395354,0.13336634980470596,9.038322487346348e-5
岳候,PERSON,1,3.498950314905528e-4,8.604946376107041e-4,0,9.345794392523364e-5
岷源,PERSON,4,0.0013995801259622112,0.0058965041115195144,9.45929053129305,9.240436148586214e-5
峯叩,PERSON,1,3.498950314905528e-4,2.713238904942295e-4,0,7.631257631257631e-5
峯席,PERSON,1,3.498950314905528e-4,0.012161576770956846,0,9.416195856873823e-5
峯章,PERSON,4,0.0013995801259622112,0.016906447108045782,24.169285414336134,9.457159069415548e-5
峰于,PERSON,2,6.997900629811056e-4,0.0014996303825986976,0.05555555555555555,8.997660608241857e-5
崇午,PERSON,1,3.498950314905528e-4,2.7132389049423035e-4,0,7.631257631257631e-5
崇淦,PERSON,3,0.0010496850944716584,0.03801084806417262,213.96587707054763,1.0277492291880781e-4
崇義堂,ORG,60,0.02099370188943317,0.022412804522038376,158988.78321961392,1.2232415902140674e-4
崔雲松,PERSON,1,3.498950314905528e-4,2.713238904942303e-4,0,7.631257631257631e-5
崖陸,PERSON,1,3.498950314905528e-4,0.0010049393278142862,0,9.005763688760806e-5
嵊縣華洋義振支會,ORG,1,3.498950314905528e-4,0.019911189008178305,0,1.205836247437598e-4
嵊華洋義振支會,ORG,1,3.498950314905528e-4,0.01991118900817831,0,1.205836247437598e-4
嵩紀,PERSON,6,0.002099370188943317,0.03926090511799285,63.14114436675733,1.0195758564437195e-4
巖趙,PERSON,3,0.0010496850944716584,0.0021774283915902432,0.044117647058823525,9.174311926605505e-5
工巡捐局,ORG,22,0.007697690692792162,0.06686613626310821,2131.754674229865,1.2119743061447097e-4
工部局,ORG,529,0.18509447165850246,0.9469096795409547,594265.1734133107,1.4094432699083862e-4
工顧,PERSON,5,0.0017494751574527643,0.06041173630785376,276.6725899116573,1.0782833728703904e-4
差錢,PERSON,3,0.0010496850944716584,0.008017730250356028,0.1,9.018759018759019e-5
巽木商公所,ORG,9,0.0031490552834149755,0.04253202958556123,435.3786654140086,1.2081672103419114e-4
市政局,ORG,11,0.003848845346396081,0.022867489968352347,7707.34599704231,1.2087513598452798e-4
市民大會,ORG,42,0.01469559132260322,0.07568248307633337,23104.906313145195,1.2178784557301182e-4
帆金,PERSON,3,0.0010496850944716584,0.035164788182270916,78.89610093557835,1.0166734444896299e-4
師莊,PERSON,7,0.00244926522043387,0.021010524102021012,13.74293537419925,9.386146048432514e-5
師賀,PERSON,4,0.0013995801259622112,0.004908955510710156,0.2504434411411156,9.04649900488511e-5
席嘉,PERSON,4,0.0013995801259622112,0.0670658744888367,764.1285364773955,1.1030222810500772e-4
席子,PERSON,3,0.0010496850944716584,0.029565313121346807,30.10048678511074,1.0054293183189222e-4
席啟,PERSON,6,0.002099370188943317,0.025324511572369646,25.76332927674104,9.419743782969103e-5
席雨,PERSON,2,6.997900629811056e-4,0.0034079400389679737,0.3003874256049981,9.036688957166094e-5
常山,PERSON,1,3.498950314905528e-4,8.604946376107036e-4,0,9.345794392523364e-5
平律,PERSON,5,0.0017494751574527643,0.00389925696058476,146.87295949236471,9.398496240601504e-5
年石,PERSON,6,0.002099370188943317,0.0049004057977752175,0.35714285714285715,9.043226623259179e-5
幹雄,PERSON,5,0.0017494751574527643,0.061038623086906135,282.85976271117323,1.0787486515641856e-4
幼樵,PERSON,6,0.002099370188943317,0.0049004057977752175,0.35714285714285715,9.043226623259179e-5
庠元,PERSON,1,3.498950314905528e-4,0.01216157677095685,0,9.416195856873823e-5
庭土,PERSON,5,0.0017494751574527643,0.005434018774233422,0.6666666666666666,9.010632546404758e-5
庵盛,PERSON,1,3.498950314905528e-4,0.02638567944323031,0,1.017293997965412e-4
庵袁,PERSON,5,0.0017494751574527643,0.048379304876951,326.5133838925606,1.0401497815685458e-4
庵韓,PERSON,4,0.0013995801259622112,0.03646552164205705,95.58152287102672,1.0144045445323595e-4
康嘉善,PERSON,1,3.498950314905528e-4,8.604946376107044e-4,0,9.345794392523364e-5
康少,PERSON,5,0.0017494751574527643,0.022193851435070074,6.572353543541185,9.394964299135663e-5
康年,PERSON,1,3.498950314905528e-4,8.604946376107044e-4,0,9.345794392523364e-5
康通,PERSON,4,0.0013995801259622112,0.06706587448883672,764.1285364773955,1.1030222810500772e-4
康鍾,PERSON,3,0.0010496850944716584,0.005422839749594665,0.043478260869565216,9.082652134423252e-5
廖促愷,PERSON,4,0.0013995801259622112,0.014237481990472447,13.7883226237342,9.324878776575905e-5
廠無,PERSON,1,3.498950314905528e-4,5.913770755422806e-4,0,9.064539521392314e-5
廠知,PERSON,5,0.0017494751574527643,0.01253917173430284,5.801204041916086,9.221689413500554e-5
廣旋公所,ORG,23,0.008047585724282715,0.08098487966260925,6972.397752683323,1.2146240738491437e-4
廣泰永五元,PERSON,6,0.002099370188943317,0.010935580856185841,12.964578460577119,9.352787130564908e-5
廣益書局,ORG,36,0.012596221133659902,0.04607269295500584,5509.144634670953,1.2169891687963977e-4
廣肇公所,ORG,258,0.09027291812456263,0.4609158084074698,285018.9407904966,1.288161793121216e-4
廣陵軍,ORG,28,0.00979706088173548,0.04384829721527745,17996.929257034044,1.2137395314965408e-4
龐甸,PERSON,5,0.0017494751574527643,0.008095543987008166,58.95413456158846,9.064539521392314e-5
延德堂,ORG,32,0.01119664100769769,0.024991557319847278,10345.46006482268,1.2149192078726765e-4
延蔣,PERSON,1,3.498950314905528e-4,6.804757976775178e-4,0,9.043226623259179e-5
延鍾,PERSON,8,0.0027991602519244225,0.004574781424082918,2.5454545454545463,8.99604174163368e-5
延陵,PERSON,2,6.997900629811056e-4,0.011593124225589108,4.921870725530944,9.45000945000945e-5
廷譚,PERSON,2,6.997900629811056e-4,0.0282410075267907,11.68337995842968,1.0175010175010175e-4
建侯,PERSON,7,0.00244926522043387,0.05207123529031669,710.915022989715,1.0506408909434755e-4
建屏,PERSON,5,0.0017494751574527643,0.046252592854148684,189.07443299003256,1.0375596596804317e-4
建藩,PERSON,1,3.498950314905528e-4,8.604946376107038e-4,0,9.345794392523364e-5
弟味,PERSON,3,0.0010496850944716584,0.0017288443408690318,0.6000000000000001,8.97827258035554e-5
張一鵬,PERSON,20,0.006997900629811057,0.11485406885612674,7404.960094836106,1.1337868480725624e-4
張丹廷,PERSON,3,0.0010496850944716584,0.003727297766250454,0.16666666666666666,8.999280057595392e-5
張仁山,PERSON,3,0.0010496850944716584,0.0054228397495946655,0.043478260869565216,9.082652134423252e-5
張仲仁,PERSON,15,0.005248425472358292,0.03749688709144829,845.8490884471283,9.560229445506692e-5
張俊,PERSON,1,3.498950314905528e-4,2.7132389049423067e-4,0,7.631257631257631e-5
張嗣,PERSON,2,6.997900629811056e-4,0.00337966037842819,1.036859949134382,9.120758847136082e-5
張嘉年,PERSON,10,0.0034989503149055285,0.00604062212814247,90.44660624987546,9.201324990798675e-5
張培榮,PERSON,1,3.498950314905528e-4,2.7132389049423067e-4,0,7.631257631257631e-5
張壽,PERSON,3,0.0010496850944716584,0.008017730250356027,0.1,9.018759018759019e-5
張子,PERSON,1,3.498950314905528e-4,5.560185810174019e-4,0,8.986340762041697e-5
張孔,PERSON,3,0.0010496850944716584,0.0054228397495946655,0.043478260869565216,9.082652134423252e-5
張季,PERSON,3,0.0010496850944716584,0.015791008717424174,42.14715543716373,9.482268158543523e-5
張宗,PERSON,1,3.498950314905528e-4,8.604946376107059e-4,0,9.345794392523364e-5
張宗昌,PERSON,13,0.004548635409377187,0.10255455177287165,2377.5225079859083,1.1319900384876613e-4
張家,PERSON,4,0.0013995801259622112,0.0024487522820844723,4961.394291866286,9.298865538404315e-5
張將,PERSON,4,0.0013995801259622112,0.06706587448883669,764.1285364773955,1.1030222810500772e-4
張廉,PERSON,3,0.0010496850944716584,0.03279443186824267,84.74711153065155,1.0141987829614604e-4
張延,PERSON,8,0.0027991602519244225,0.004574781424082917,2.5454545454545463,8.99604174163368e-5
張廷,PERSON,4,0.0013995801259622112,0.004331395980972079,1515.0613543605698,9.396729937981582e-5
張復,PERSON,2,6.997900629811056e-4,0.0016678770874128145,1.3417426474491687,9.017132551848512e-5
張德升,PERSON,3,0.0010496850944716584,0.003727297766250454,0.16666666666666666,8.999280057595392e-5
張志,PERSON,5,0.0017494751574527643,0.012539171734302839,5.801204041916086,9.221689413500554e-5
張振遠,PERSON,21,0.00734779566130161,0.10206370461682768,5091.57175296985,1.1205737337516809e-4
張效,PERSON,9,0.0031490552834149755,0.07249989326307009,2170.848508940052,1.1066843736166445e-4
張文,PERSON,3,0.0010496850944716584,0.02956531312134681,30.10048678511074,1.0054293183189222e-4
張晋峯,PERSON,8,0.0027991602519244225,0.05455302706953538,513.5089103051808,1.0442773600668337e-4
張景,PERSON,5,0.0017494751574527643,0.03248043040377028,122.42884231536944,1.0204081632653062e-4
張桂,PERSON,3,0.0010496850944716584,0.02797018264351108,78.85321438699829,1.017708121310808e-4
張楷,PERSON,9,0.0031490552834149755,0.06482835606406732,489.7779270607754,1.0392849719393057e-4
張樂,PERSON,10,0.0034989503149055285,0.08667322265852886,2129.8537837621093,1.1064394777605666e-4
張溥泉,PERSON,2,6.997900629811056e-4,0.001499630382598697,0.05555555555555555,8.997660608241857e-5
張澤,PERSON,3,0.0010496850944716584,0.0018101227799286637,0.2727272727272727,8.987956138774042e-5
張炳,PERSON,1,3.498950314905528e-4,0.002638389401906466,0,9.05961224859576e-5
張琴,PERSON,4,0.0013995801259622112,0.014237481990472443,13.7883226237342,9.324878776575905e-5
張目,PERSON,6,0.002099370188943317,0.03327908714495998,104.25153527348195,1.0078613182826043e-4
張省,PERSON,7,0.00244926522043387,0.0045481883317876285,1.7052631578947364,9.015506671474937e-5
張督,PERSON,9,0.0031490552834149755,0.04003874811681848,167.6868784025236,1.008471157724889e-4
張知,PERSON,3,0.0010496850944716584,0.0029315340694461675,0.15789473684210525,9.000900090009e-5
張祺,PERSON,4,0.0013995801259622112,0.034378971510174876,186.83622611412275,1.0298661174047374e-4
張萬慶,PERSON,15,0.005248425472358292,0.025585305526103906,651.249837888672,9.416195856873823e-5
張秉鑫,PERSON,4,0.0013995801259622112,0.041996541064341336,188.5840211302102,1.0307153164296021e-4
張紹,PERSON,1,3.498950314905528e-4,0.0010049393278142862,0,9.005763688760806e-5
張維,PERSON,1,3.498950314905528e-4,8.604946376107039e-4,0,9.345794392523364e-5
張繼,PERSON,8,0.0027991602519244225,0.07682963180433026,1745.6760817002487,1.1130899376669635e-4
張翅,PERSON,1,3.498950314905528e-4,8.604946376107054e-4,0,9.345794392523364e-5
張茂森,PERSON,3,0.0010496850944716584,0.0021774283915902437,0.044117647058823525,9.174311926605505e-5
張萍,PERSON,2,6.997900629811056e-4,0.0013109466068534422,0.1111111111111111,8.983111749910169e-5
張葆,PERSON,3,0.0010496850944716584,0.029565313121346817,30.10048678511074,1.0054293183189222e-4
張蘭,PERSON,1,3.498950314905528e-4,0.0026383894019064665,0,9.05961224859576e-5
張裕,PERSON,1,3.498950314905528e-4,5.91377075542281e-4,0,9.064539521392314e-5
張詠,PERSON,12,0.004198740377886634,0.06198596582082129,2506.063447514629,1.0874293170943889e-4
張賢,PERSON,5,0.0017494751574527643,0.04319722787884458,658.113282402615,1.0423181154888472e-4
張軼,PERSON,4,0.0013995801259622112,0.030713980880071764,394.5454827964037,1.016053647632595e-4
張載,PERSON,8,0.0027991602519244225,0.0054086829693983365,1686.0363065412848,9.396729937981582e-5
張近芬,PERSON,4,0.0013995801259622112,0.014237481990472449,13.7883226237342,9.324878776575905e-5
張迭生,PERSON,1,3.498950314905528e-4,0.02638567944323031,0,1.017293997965412e-4
張逸,PERSON,3,0.0010496850944716584,0.02956531312134681,30.10048678511074,1.0054293183189222e-4
張金山,PERSON,2,6.997900629811056e-4,0.0282410075267907,11.68337995842968,1.0175010175010175e-4
張錫,PERSON,3,0.0010496850944716584,0.012453618863199813,4576.040077569522,9.738994935722633e-5
張雲堂,PERSON,2,6.997900629811056e-4,0.01159312422558911,4.921870725530944,9.45000945000945e-5
張靜,PERSON,12,0.004198740377886634,0.0719972389679598,1681.0111552467672,1.0914647456887143e-4
張靜廬,PERSON,4,0.0013995801259622112,0.008698768128867688,5.1720674902757375,9.124087591240875e-5
張餘,PERSON,6,0.002099370188943317,0.004900405797775219,0.35714285714285715,9.043226623259179e-5
張鳳九,PERSON,3,0.0010496850944716584,0.002931534069446167,0.15789473684210525,9.000900090009e-5
强夫,PERSON,3,0.0010496850944716584,0.017681718133586138,54.55258105377394,9.604302727621975e-5
强齋,PERSON,10,0.0034989503149055285,0.029401343104440092,79.07985260818045,9.46790380609733e-5
彈壓軍司令部,ORG,13,0.004548635409377187,0.049539338238458464,784.2228002142558,1.2093360744951022e-4
彌月,PERSON,5,0.0017494751574527643,0.01253917173430285,5.801204041916086,9.221689413500554e-5
彩煥,PERSON,7,0.00244926522043387,0.004548188331787631,1.7052631578947364,9.015506671474937e-5
彭介石,PERSON,5,0.0017494751574527643,0.032480430403770286,122.42884231536944,1.0204081632653062e-4
彭允彝,PERSON,3,0.0010496850944716584,0.002931534069446169,0.15789473684210525,9.000900090009e-5
彭壽候,PERSON,1,3.498950314905528e-4,8.604946376107044e-4,0,9.345794392523364e-5
彭希文,PERSON,5,0.0017494751574527643,0.006174541465669797,0.7692307692307693,9.000900090009e-5
彭暉,PERSON,4,0.0013995801259622112,0.014306698866218288,14.13075148280722,9.380863039399625e-5
往紗業公所,ORG,10,0.0034989503149055285,0.03618031843521711,826.8179727685524,1.2084592145015106e-4
後謝,PERSON,4,0.0013995801259622112,0.03572080676328834,1137.7596337794193,1.0189525168127165e-4
徐乾,PERSON,9,0.0031490552834149755,0.014791895321095327,815.8184417547769,9.31619154089808e-5
徐乾麟,PERSON,86,0.030090972708187544,0.2937409247154875,52736.837586038026,1.2774655084312725e-4
徐仁候,PERSON,1,3.498950314905528e-4,8.604946376107034e-4,0,9.345794392523364e-5
徐仰仁,PERSON,9,0.0031490552834149755,0.037694837666017875,2548.7054332681423,1.0229132569558102e-4
徐伯熊,PERSON,6,0.002099370188943317,0.02532451157236964,25.76332927674104,9.419743782969103e-5
徐公博,PERSON,8,0.0027991602519244225,0.06329847083909211,1023.8759064053631,1.0883761427949499e-4
徐冠,PERSON,1,3.498950314905528e-4,0.012161576770956858,0,9.416195856873823e-5
徐冠南,PERSON,18,0.006298110566829951,0.07420721097904455,8980.731645092743,1.086484137331595e-4
徐凌雲,PERSON,2,6.997900629811056e-4,0.0024382162401395367,0.13336634980470596,9.038322487346348e-5
徐博泉,PERSON,2,6.997900629811056e-4,0.002779472614047561,0.030303030303030304,9.022013713460844e-5
徐可亭,PERSON,5,0.0017494751574527643,0.03248043040377028,122.42884231536944,1.0204081632653062e-4
徐可陞,PERSON,26,0.009097270818754374,0.16459665391047149,5934.633304222912,1.1739845034045551e-4
徐壽昌,PERSON,5,0.0017494751574527643,0.012539171734302839,5.801204041916086,9.221689413500554e-5
徐宗彥,PERSON,1,3.498950314905528e-4,0.026385679443230302,0,1.017293997965412e-4
徐寄傾,PERSON,4,0.0013995801259622112,0.01842939811933065,408.69254089596103,9.574875526618154e-5
徐少,PERSON,2,6.997900629811056e-4,0.0016429621114849864,0.05263157894736842,8.999280057595392e-5
徐尙武,PERSON,2,6.997900629811056e-4,0.028472969110081705,11.83438428601363,1.0175010175010175e-4
徐幼臣,PERSON,6,0.002099370188943317,0.010935580856185838,12.964578460577119,9.352787130564908e-5
徐建侯,PERSON,10,0.0034989503149055285,0.029612336007475325,156.28797923086768,9.49667616334283e-5
徐建候,PERSON,1,3.498950314905528e-4,8.604946376107047e-4,0,9.345794392523364e-5
徐思詠,PERSON,2,6.997900629811056e-4,0.028472969110081705,11.83438428601363,1.0175010175010175e-4
徐怡鴻十,PERSON,5,0.0017494751574527643,0.01253917173430284,5.801204041916086,9.221689413500554e-5
徐慶,PERSON,3,0.0010496850944716584,0.041055824957214826,222.37390084261358,1.0423181154888472e-4
徐慶云,PERSON,1,3.498950314905528e-4,0.003182984250456436,0,9.028530155290719e-5
徐慶雲,PERSON,17,0.005948215535339398,0.12136113582001838,3001.5143036325344,1.1350737797956867e-4
徐懋,PERSON,7,0.00244926522043387,0.007993926104917986,366.7720067154173,9.264406151565684e-5
徐懷,PERSON,4,0.0013995801259622112,0.04413761428818505,204.4981450104454,1.0326311441553078e-4
徐春榮,PERSON,18,0.006298110566829951,0.11130580331887913,9762.712007453923,1.1510128913443831e-4
徐景雲,PERSON,1,3.498950314905528e-4,2.713238904942305e-4,0,7.631257631257631e-5
徐曉霞,PERSON,4,0.0013995801259622112,0.0053080885288898354,715.0939757626006,9.307520476545048e-5
徐棠,PERSON,10,0.0034989503149055285,0.006040622128142475,90.44660624987546,9.201324990798675e-5
徐樂,PERSON,3,0.0010496850944716584,0.002177428391590244,0.044117647058823525,9.174311926605505e-5
徐欽,PERSON,4,0.0013995801259622112,0.00589650411151952,9.45929053129305,9.240436148586214e-5
徐永昌,PERSON,12,0.004198740377886634,0.07783009499294663,1527.7209885068592,1.104484205875856e-4
徐浙軍第一師,ORG,8,0.0027991602519244225,0.02718797189484275,1098.3849257299728,1.2078753472641623e-4
徐海,PERSON,3,0.0010496850944716584,0.007347976229962707,1.2299414880376804,9.062896501721951e-5
徐滄水,PERSON,2,6.997900629811056e-4,0.02835119039353383,17.299182032857885,1.0175010175010175e-4
徐瀛,PERSON,5,0.0017494751574527643,0.02723116147475709,234.87438053744998,1.0056315366049879e-4
徐炳榮,PERSON,2,6.997900629811056e-4,0.011593124225589106,4.921870725530944,9.45000945000945e-5
徐瑞林,PERSON,3,0.0010496850944716584,0.0021774283915902437,0.044117647058823525,9.174311926605505e-5
徐瑤,PERSON,6,0.002099370188943317,0.005407588901771692,5.244804553253112,9.157509157509158e-5
徐申如,PERSON,7,0.00244926522043387,0.021010524102021012,13.74293537419925,9.386146048432514e-5
徐眉軒,PERSON,6,0.002099370188943317,0.004900405797775217,0.35714285714285715,9.043226623259179e-5
徐福,PERSON,5,0.0017494751574527643,0.01253917173430284,5.801204041916086,9.221689413500554e-5
徐福生,PERSON,5,0.0017494751574527643,0.01253917173430284,5.801204041916086,9.221689413500554e-5
徐秉彜,PERSON,1,3.498950314905528e-4,5.913770755422807e-4,0,9.064539521392314e-5
徐秋生,PERSON,2,6.997900629811056e-4,0.007268677319446464,8.26351117998663,9.27299703264095e-5
徐程,PERSON,1,3.498950314905528e-4,2.713238904942308e-4,0,7.631257631257631e-5
徐種洲,PERSON,2,6.997900629811056e-4,0.003379660378428191,1.036859949134382,9.120758847136082e-5
徐範,PERSON,1,3.498950314905528e-4,0.008810433595736519,0,9.314456035767511e-5
徐維訓,PERSON,1,3.498950314905528e-4,0.002586337203146293,0,9.177679882525697e-5
徐總,PERSON,4,0.0013995801259622112,0.04261076848122579,233.1355101286611,1.032844453625284e-4
徐補齋,PERSON,1,3.498950314905528e-4,0.026385679443230302,0,1.017293997965412e-4
徐議,PERSON,2,6.997900629811056e-4,0.0016429621114849868,0.05263157894736842,8.999280057595392e-5
徐貫,PERSON,3,0.0010496850944716584,0.0021774283915902424,0.044117647058823525,9.174311926605505e-5
徐貫雲,PERSON,2,6.997900629811056e-4,0.002438216240139535,0.13336634980470596,9.038322487346348e-5
徐賡華,PERSON,16,0.005598320503848845,0.05849353287171259,1708.372923809096,1.0371292263015972e-4
徐赤,PERSON,1,3.498950314905528e-4,8.604946376107047e-4,0,9.345794392523364e-5
徐輔洲,PERSON,7,0.00244926522043387,0.04650498959749595,1475.973031804725,1.0537407797681771e-4
徐輔臣,PERSON,1,3.498950314905528e-4,5.913770755422804e-4,0,9.064539521392314e-5
徐造,PERSON,4,0.0013995801259622112,0.04413761428818506,204.4981450104454,1.0326311441553078e-4
徐采丞,PERSON,1,3.498950314905528e-4,5.913770755422812e-4,0,9.064539521392314e-5
徐錫麟,PERSON,1,3.498950314905528e-4,0.002638389401906467,0,9.05961224859576e-5
徐靜仁,PERSON,14,0.00489853044086774,0.032688293329712875,45.30091917212842,9.286775631500742e-5
得意樓劉,PERSON,5,0.0017494751574527643,0.01253917173430284,5.801204041916086,9.221689413500554e-5
從虞議,PERSON,3,0.0010496850944716584,0.0351647881822709,78.89610093557835,1.0166734444896299e-4
復旦大學,ORG,72,0.025192442267319804,0.23325218596699457,16019.207731264156,1.246416552411816e-4
德嚴成德,PERSON,2,6.997900629811056e-4,0.006541552266852125,0.5524816207456696,9.177679882525697e-5
德大紗廠,ORG,23,0.008047585724282715,0.01684296340454781,2171.621204752094,9.860960457548565e-5
德盛祥五元,PERSON,6,0.002099370188943317,0.010935580856185841,12.964578460577119,9.352787130564908e-5
德興號五,PERSON,2,6.997900629811056e-4,0.011593124225589108,4.921870725530944,9.45000945000945e-5
德衛克,PERSON,5,0.0017494751574527643,0.04625259285414869,189.07443299003256,1.0375596596804317e-4
德謭,PERSON,2,6.997900629811056e-4,0.006541552266852125,0.5524816207456696,9.177679882525697e-5
德錦,PERSON,3,0.0010496850944716584,0.017681718133586138,54.55258105377394,9.604302727621975e-5
心南,PERSON,5,0.0017494751574527643,0.05696735189705689,367.6449731533856,1.0766580534022394e-4
志豪,PERSON,5,0.0017494751574527643,0.04146132582099166,83.1582128270322,1.021659174499387e-4
思多,PERSON,5,0.0017494751574527643,0.04625259285414871,189.07443299003256,1.0375596596804317e-4
怡和洋行,ORG,23,0.008047585724282715,0.01684296340454781,2171.621204752094,9.860960457548565e-5
恒隆十,PERSON,1,3.498950314905528e-4,6.10528681843727e-4,0,8.991188635137565e-5
恒隆錢莊,ORG,23,0.008047585724282715,0.016842963404547814,2171.621204752094,9.860960457548565e-5
恩慶堂洋,PERSON,6,0.002099370188943317,0.0054075889017716925,5.244804553253112,9.157509157509158e-5
情諸,PERSON,5,0.0017494751574527643,0.005434018774233423,0.6666666666666666,9.010632546404758e-5
惕竊,PERSON,4,0.0013995801259622112,0.016906447108045786,24.169285414336134,9.457159069415548e-5
惟成,PERSON,2,6.997900629811056e-4,0.006541552266852125,0.5524816207456696,9.177679882525697e-5
惠然,PERSON,5,0.0017494751574527643,0.06103862308690611,282.85976271117323,1.0787486515641856e-4
愛克司光,ORG,40,0.013995801259622114,0.09190798057257067,6436.1478465503305,1.2172854534388314e-4
愛國玩具廠,ORG,24,0.008397480755773267,0.05838315663297885,3274.124890804126,1.2125621438098702e-4
愛士,PERSON,5,0.0017494751574527643,0.04625259285414869,189.07443299003256,1.0375596596804317e-4
愛德華,ORG,30,0.010496850944716585,0.08305134866899934,7861.878569591942,1.2310722639418935e-4
愛普廬,ORG,96,0.03358992302309307,0.18472312337982122,52373.62369018938,1.2377769525931428e-4
愼予,PERSON,7,0.00244926522043387,0.02101052410202102,13.74293537419925,9.386146048432514e-5
愼欽,PERSON,7,0.00244926522043387,0.021010524102021012,13.74293537419925,9.386146048432514e-5
愼齋,PERSON,8,0.0027991602519244225,0.04450412454053397,402.35903684309386,1.0315659170621003e-4
慈生,PERSON,5,0.0017494751574527643,0.022193851435070078,6.572353543541185,9.394964299135663e-5
慕管,PERSON,9,0.0031490552834149755,0.06515379892265244,1129.2080689076465,1.0886131069018071e-4
慰楊,PERSON,6,0.002099370188943317,0.03327908714495998,104.25153527348195,1.0078613182826043e-4
慶安,PERSON,3,0.0010496850944716584,0.0034709013433613777,0.10714285714285714,9.015506671474937e-5
慶祥,PERSON,1,3.498950314905528e-4,8.604946376107034e-4,0,9.345794392523364e-5
慶雲,PERSON,1,3.498950314905528e-4,0.0263856794432303,0,1.017293997965412e-4
憑懋,PERSON,3,0.0010496850944716584,0.0021774283915902445,0.044117647058823525,9.174311926605505e-5
憲堂,PERSON,1,3.498950314905528e-4,2.7132389049423083e-4,0,7.631257631257631e-5
應仁,PERSON,1,3.498950314905528e-4,8.604946376107052e-4,0,9.345794392523364e-5
應仲,PERSON,3,0.0010496850944716584,0.03279443186824267,84.74711153065155,1.0141987829614604e-4
應季,PERSON,11,0.003848845346396081,0.052383013569247336,530.7135550485933,1.0326311441553078e-4
應餘,PERSON,1,3.498950314905528e-4,0.02638567944323029,0,1.017293997965412e-4
懋昭,PERSON,6,0.002099370188943317,0.004900405797775221,0.35714285714285715,9.043226623259179e-5
懋記,PERSON,6,0.002099370188943317,0.010935580856185845,12.964578460577119,9.352787130564908e-5
懷素,PERSON,2,6.997900629811056e-4,0.0016429621114849862,0.05263157894736842,8.999280057595392e-5
戈登,PERSON,4,0.0013995801259622112,0.06621145130481153,469.3962529517044,1.0926573426573427e-4
成報,PERSON,8,0.0027991602519244225,0.023883071577002778,357.9174789789929,9.482268158543523e-5
成德,PERSON,10,0.0034989503149055285,0.006040622128142473,90.44660624987546,9.201324990798675e-5
成德應,PERSON,2,6.997900629811056e-4,0.006541552266852129,0.5524816207456696,9.177679882525697e-5
成源新,PERSON,6,0.002099370188943317,0.010935580856185838,12.964578460577119,9.352787130564908e-5
成田,PERSON,6,0.002099370188943317,0.004900405797775221,0.35714285714285715,9.043226623259179e-5
成盧,PERSON,8,0.0027991602519244225,0.020711094612147964,44.270583582792774,9.297136481963555e-5
成蔣,PERSON,5,0.0017494751574527643,0.01457522607417478,53.77222100787469,9.393199323689649e-5
成鄭,PERSON,1,3.498950314905528e-4,0.01216157677095685,0,9.416195856873823e-5
戚翰臣,PERSON,15,0.005248425472358292,0.019898964492094537,22.04067929823549,9.216589861751152e-5
戚荇,PERSON,3,0.0010496850944716584,0.017681718133586127,54.55258105377394,9.604302727621975e-5
戚蒓芳,PERSON,3,0.0010496850944716584,0.017681718133586134,54.55258105377394,9.604302727621975e-5
戴承恩,PERSON,1,3.498950314905528e-4,0.001000407806326783,0,9.015506671474937e-5
戴生昌,PERSON,7,0.00244926522043387,0.008992527927218233,360.8501490371637,9.29368029739777e-5
戴耕,PERSON,5,0.0017494751574527643,0.060411736307853736,276.6725899116573,1.0782833728703904e-4
戴耕莘,PERSON,14,0.00489853044086774,0.12424034996170896,3762.0120802028846,1.1723329425556858e-4
戴芳逹,PERSON,1,3.498950314905528e-4,0.0025863372031462942,0,9.177679882525697e-5
房顧,PERSON,4,0.0013995801259622112,0.005896504111519519,9.45929053129305,9.240436148586214e-5
承光,PERSON,4,0.0013995801259622112,0.005808773822992171,11.250544539101314,9.182736455463728e-5
承基,PERSON,6,0.002099370188943317,0.0049004057977752175,0.35714285714285715,9.043226623259179e-5
承徐,PERSON,6,0.002099370188943317,0.005407588901771694,5.244804553253112,9.157509157509158e-5
承德,PERSON,1,3.498950314905528e-4,0.012161576770956846,0,9.416195856873823e-5
承志,PERSON,3,0.0010496850944716584,0.015791008717424174,42.14715543716373,9.482268158543523e-5
承祁,PERSON,2,6.997900629811056e-4,0.003297062404078733,4.63933118743661,9.149130832570906e-5
抒齊,PERSON,10,0.0034989503149055285,0.006040622128142477,90.44660624987546,9.201324990798675e-5
拉夫,PERSON,4,0.0013995801259622112,0.03437897151017487,186.83622611412275,1.0298661174047374e-4
拉西特,PERSON,5,0.0017494751574527643,0.01983340877594613,17.00951251878744,9.240436148586214e-5
招商局,ORG,60,0.02099370188943317,0.13414189567853,14289.528578676096,1.2426991425375916e-4
指南,PERSON,1,3.498950314905528e-4,0.0032424005057010586,0,9.0711175616836e-5
振保,PERSON,1,3.498950314905528e-4,0.026385679443230312,0,1.017293997965412e-4
振寰,PERSON,4,0.0013995801259622112,0.0030214711972539046,4.542498256251668,9.020386072523904e-5
振葆,PERSON,5,0.0017494751574527643,0.06041173630785375,276.6725899116573,1.0782833728703904e-4
振遠,PERSON,4,0.0013995801259622112,0.00869876812886769,5.1720674902757375,9.124087591240875e-5
捲烟業公會,ORG,27,0.009447165850244927,0.04594095345564887,9323.663293274474,1.2134449702705982e-4
掌文,PERSON,1,3.498950314905528e-4,0.0031306601372995888,0,9.189487226612754e-5
接余,PERSON,9,0.0031490552834149755,0.026504089601131296,36.39940887238378,9.243852837862822e-5
推宋,PERSON,6,0.002099370188943317,0.02299813234488188,245.91404769818374,9.645061728395061e-5
推王,PERSON,9,0.0031490552834149755,0.04003874811681847,167.6868784025236,1.008471157724889e-4
推田,PERSON,9,0.0031490552834149755,0.04003874811681849,167.6868784025236,1.008471157724889e-4
推胡,PERSON,1,3.498950314905528e-4,5.560185810174016e-4,0,8.986340762041697e-5
推茅,PERSON,3,0.0010496850944716584,0.002931534069446168,0.15789473684210525,9.000900090009e-5
推袁,PERSON,3,0.0010496850944716584,0.002931534069446167,0.15789473684210525,9.000900090009e-5
推陳,PERSON,9,0.0031490552834149755,0.057204663639118435,816.2470896289105,1.0629251700680272e-4
推馮,PERSON,3,0.0010496850944716584,0.007347976229962707,1.2299414880376804,9.062896501721951e-5
揚漢,PERSON,5,0.0017494751574527643,0.02219385143507007,6.572353543541185,9.394964299135663e-5
援趙,PERSON,4,0.0013995801259622112,0.016906447108045775,24.169285414336134,9.457159069415548e-5
政潮,PERSON,3,0.0010496850944716584,0.007347976229962707,1.2299414880376804,9.062896501721951e-5
政記公司,ORG,49,0.017144856543037088,0.03390129761840608,11364.685327188441,1.219958521410272e-4
啟陳,PERSON,1,3.498950314905528e-4,0.0010540292106373578,0,8.991188635137565e-5
敎育局,ORG,33,0.011546536039188244,0.07215128924541789,7955.419118969055,1.2152144853566654e-4
救濟婦孺總會,ORG,10,0.0034989503149055285,0.030025817672989917,1631.4430470258205,1.2084592145015106e-4
敬啓者,PERSON,4,0.0013995801259622112,0.0030214711972539033,4.542498256251668,9.020386072523904e-5
敬希,PERSON,5,0.0017494751574527643,0.02723116147475709,234.87438053744998,1.0056315366049879e-4
敬恩,PERSON,4,0.0013995801259622112,0.034502044323441776,359.5257172024455,1.0339123242349049e-4
敬愼,PERSON,1,3.498950314905528e-4,0.00226209742682202,0,9.023641941887746e-5
敬文,PERSON,2,6.997900629811056e-4,0.0011192573929272008,0.16666666666666666,8.97827258035554e-5
斅亮,PERSON,9,0.0031490552834149755,0.040038748116818484,167.6868784025236,1.008471157724889e-4
文元,PERSON,5,0.0017494751574527643,0.03692711385436923,111.25207296254861,1.016053647632595e-4
文卿,PERSON,1,3.498950314905528e-4,0.0010004078063267834,0,9.015506671474937e-5
文同,PERSON,6,0.002099370188943317,0.039260905117992864,63.14114436675733,1.0195758564437195e-4
文呂,PERSON,5,0.0017494751574527643,0.02219385143507007,6.572353543541185,9.394964299135663e-5
文孫,PERSON,5,0.0017494751574527643,0.012539171734302836,5.801204041916086,9.221689413500554e-5
文成,PERSON,10,0.0034989503149055285,0.006040622128142476,90.44660624987546,9.201324990798675e-5
文炳,PERSON,1,3.498950314905528e-4,2.7132389049423013e-4,0,7.631257631257631e-5
文牘,PERSON,16,0.005598320503848845,0.05009847113887187,2336.504003525746,1.0326311441553078e-4
文瑞樓書局,ORG,36,0.012596221133659902,0.0460726929550058,5509.144634670953,1.2169891687963977e-4
斐雲,PERSON,15,0.005248425472358292,0.01989896449209453,22.04067929823549,9.216589861751152e-5
斐雲卿,PERSON,20,0.006997900629811057,0.06513790606213696,4850.761603010763,1.0519671786240269e-4
新新公司,ORG,38,0.013296011196641007,0.09560583101735884,5999.51312463747,1.2190661952944045e-4
新昌公司,ORG,158,0.055283414975507345,0.03261218417596903,364785.3085313799,1.2750223128904755e-4
新記營運公司,ORG,31,0.010846745976207137,0.044030935299390526,15400.449573668344,1.2350253180190194e-4
方子,PERSON,7,0.00244926522043387,0.0497585132784573,651.3216132012402,1.0464629552113855e-4
方度,PERSON,1,3.498950314905528e-4,8.604946376107055e-4,0,9.345794392523364e-5
方於,PERSON,1,3.498950314905528e-4,8.604946376107047e-4,0,9.345794392523364e-5
方椒,PERSON,51,0.017844646606018196,0.2408360485614185,23333.843466607555,1.2385434728758978e-4
方椒伯,PERSON,108,0.03778866340097971,0.3715377209128777,87911.0815931982,1.3280212483399734e-4
方液,PERSON,1,3.498950314905528e-4,0.012161576770956853,0,9.416195856873823e-5
方積,PERSON,1,3.498950314905528e-4,0.002586337203146294,0,9.177679882525697e-5
方聲濤,PERSON,1,3.498950314905528e-4,0.0033437084577198134,0,9.203018590097552e-5
方賡,PERSON,2,6.997900629811056e-4,0.004438735872403427,0.9150671816992041,9.18105031215571e-5
施仲,PERSON,3,0.0010496850944716584,0.0021774283915902432,0.044117647058823525,9.174311926605505e-5
施伯安,PERSON,2,6.997900629811056e-4,0.028351190393533853,17.299182032857885,1.0175010175010175e-4
施兆,PERSON,1,3.498950314905528e-4,0.002586337203146294,0,9.177679882525697e-5
施善,PERSON,1,3.498950314905528e-4,0.026385679443230312,0,1.017293997965412e-4
施善畦,PERSON,2,6.997900629811056e-4,0.02968850237348558,8.15401117400114,1.0175010175010175e-4
施德,PERSON,5,0.0017494751574527643,0.04625259285414869,189.07443299003256,1.0375596596804317e-4
施德隆,PERSON,5,0.0017494751574527643,0.046252592854148684,189.07443299003256,1.0375596596804317e-4
施恩,PERSON,4,0.0013995801259622112,0.014306698866218288,14.13075148280722,9.380863039399625e-5
施省,PERSON,1,3.498950314905528e-4,0.002638389401906466,0,9.05961224859576e-5
施維善,PERSON,2,6.997900629811056e-4,0.028472969110081684,11.83438428601363,1.0175010175010175e-4
施譜,PERSON,2,6.997900629811056e-4,0.0034079400389679707,0.3003874256049981,9.036688957166094e-5
施載,PERSON,3,0.0010496850944716584,0.017681718133586127,54.55258105377394,9.604302727621975e-5
日僑棉業會,ORG,24,0.008397480755773267,0.07914915608552851,2826.9475493276746,1.2149192078726765e-4
日暄,PERSON,2,6.997900629811056e-4,0.011593124225589106,4.921870725530944,9.45000945000945e-5
日本全國商業會議,ORG,30,0.010496850944716585,0.10128891150477395,13059.113405161865,1.2143290831815422e-4
日本商會,ORG,30,0.010496850944716585,0.10128891150477391,13059.113405161865,1.2143290831815422e-4
日棉業會,ORG,24,0.008397480755773267,0.0791491560855285,2826.9475493276746,1.2149192078726765e-4
日災義振會,ORG,41,0.014345696291112667,0.11319436176028952,5361.637562767954,1.218769043266301e-4
日皇,PERSON,1,3.498950314905528e-4,5.913770755422802e-4,0,9.064539521392314e-5
日章,PERSON,15,0.005248425472358292,0.03140449539890652,1401.3392797338809,9.323140033563304e-5
昌興公司,ORG,10,0.0034989503149055285,0.0361803184352171,826.8179727685524,1.2084592145015106e-4
昌興輪船公司,ORG,19,0.006648005598320504,0.037034408200522624,13579.467835205514,1.2110936175366356e-4
明曹,PERSON,2,6.997900629811056e-4,0.02824100752679072,11.68337995842968,1.0175010175010175e-4
明莊,PERSON,6,0.002099370188943317,0.005407588901771693,5.244804553253112,9.157509157509158e-5
春謝,PERSON,3,0.0010496850944716584,0.017681718133586138,54.55258105377394,9.604302727621975e-5
昭平,PERSON,5,0.0017494751574527643,0.0038992569605847613,146.87295949236471,9.398496240601504e-5
昱禧,PERSON,5,0.0017494751574527643,0.06103862308690611,282.85976271117323,1.0787486515641856e-4
昶潤,PERSON,1,3.498950314905528e-4,5.913770755422807e-4,0,9.064539521392314e-5
昶潤顏料,ORG,28,0.00979706088173548,0.08122310646311313,3760.0003010404557,1.2328936012822092e-4
昶祥,PERSON,6,0.002099370188943317,0.0054075889017716925,5.244804553253112,9.157509157509158e-5
昶莊,PERSON,2,6.997900629811056e-4,0.027671535107872652,31.02948323858222,1.0175010175010175e-4
時何,PERSON,4,0.0013995801259622112,0.04413761428818506,204.4981450104454,1.0326311441553078e-4
時宋,PERSON,1,3.498950314905528e-4,0.0064630369978418145,0,9.344047841524949e-5
時霖,PERSON,19,0.006648005598320504,0.057012686080003185,3959.806985187656,1.0294420424130121e-4
晉卿,PERSON,8,0.0027991602519244225,0.04251246522953873,391.96494831582527,1.0164667615368977e-4
晋卿,PERSON,10,0.0034989503149055285,0.07386746261096121,2417.78373930508,1.0964912280701755e-4
晋源,PERSON,1,3.498950314905528e-4,0.00881043359573652,0,9.314456035767511e-5
普益習藝所,ORG,32,0.01119664100769769,0.03116665936175237,13360.660863243036,1.2149192078726765e-4
智德堂,ORG,49,0.017144856543037088,0.033901297618406094,11364.685327188441,1.219958521410272e-4
暐籟,PERSON,10,0.0034989503149055285,0.006040622128142476,90.44660624987546,9.201324990798675e-5
曁徐,PERSON,2,6.997900629811056e-4,0.02968850237348558,8.15401117400114,1.0175010175010175e-4
曉東,PERSON,3,0.0010496850944716584,0.0021774283915902463,0.044117647058823525,9.174311926605505e-5
曉籟,PERSON,25,0.00874737578726382,0.066931956147937,1691.1493373752369,1.0204081632653062e-4
曉霞,PERSON,5,0.0017494751574527643,0.02219385143507007,6.572353543541185,9.394964299135663e-5
更生,PERSON,3,0.0010496850944716584,0.03279443186824266,84.74711153065155,1.0141987829614604e-4
書云,PERSON,5,0.0017494751574527643,0.027231161474757085,234.87438053744998,1.0056315366049879e-4
書徐,PERSON,4,0.0013995801259622112,0.016906447108045782,24.169285414336134,9.457159069415548e-5
書白,PERSON,2,6.997900629811056e-4,0.0027794726140475613,0.030303030303030304,9.022013713460844e-5
書葉,PERSON,8,0.0027991602519244225,0.04450412454053395,402.35903684309386,1.0315659170621003e-4
書陸,PERSON,5,0.0017494751574527643,0.06863281520017238,524.5630622998474,1.092896174863388e-4
曹叔榮君五,PERSON,1,3.498950314905528e-4,6.105286818437271e-4,0,8.991188635137565e-5
曹慕管,PERSON,93,0.032540237928621416,0.25024582780038906,44469.41662661159,1.2007684918347742e-4
曹松喬,PERSON,6,0.002099370188943317,0.005407588901771691,5.244804553253112,9.157509157509158e-5
曹燕林二,PERSON,3,0.0010496850944716584,0.005422839749594669,0.043478260869565216,9.082652134423252e-5
曹義榮,PERSON,6,0.002099370188943317,0.025324511572369656,25.76332927674104,9.419743782969103e-5
曹蘭彬,PERSON,2,6.997900629811056e-4,0.02824100752679069,11.68337995842968,1.0175010175010175e-4
曹錕,PERSON,18,0.006298110566829951,0.04138706145858056,414.5499707294585,9.433962264150943e-5
曹錕者,PERSON,4,0.0013995801259622112,0.008698768128867688,5.1720674902757375,9.124087591240875e-5
朋陳,PERSON,1,3.498950314905528e-4,0.0010049393278142862,0,9.005763688760806e-5
望月,PERSON,4,0.0013995801259622112,0.03437897151017487,186.83622611412275,1.0298661174047374e-4
本康,PERSON,3,0.0010496850944716584,0.002931534069446169,0.15789473684210525,9.000900090009e-5
朱之洪,PERSON,5,0.0017494751574527643,0.03248043040377027,122.42884231536944,1.0204081632653062e-4
朱仁芳,PERSON,5,0.0017494751574527643,0.04196822752462958,348.6397763488342,1.0281719103434094e-4
朱伯元,PERSON,1,3.498950314905528e-4,0.012161576770956847,0,9.416195856873823e-5
朱伯良,PERSON,4,0.0013995801259622112,0.008510594932843564,4.907686957548111,9.149130832570906e-5
朱佩珍,PERSON,6,0.002099370188943317,0.005407588901771691,5.244804553253112,9.157509157509158e-5
朱保羅,PERSON,4,0.0013995801259622112,0.04199654106434134,188.5840211302102,1.0307153164296021e-4
朱吟,PERSON,1,3.498950314905528e-4,0.002741057007309385,0,9.147457006952067e-5
朱吟江,PERSON,31,0.010846745976207137,0.13496442618441543,11490.939837645838,1.1609008590666357e-4
朱堯臣,PERSON,2,6.997900629811056e-4,0.011593124225589103,4.921870725530944,9.45000945000945e-5
朱壽丞,PERSON,3,0.0010496850944716584,0.0018101227799286641,0.2727272727272727,8.987956138774042e-5
朱子,PERSON,1,3.498950314905528e-4,0.0026383894019064665,0,9.05961224859576e-5
朱季琳,PERSON,3,0.0010496850944716584,0.029565313121346817,30.10048678511074,1.0054293183189222e-4
朱小春,PERSON,1,3.498950314905528e-4,6.105286818437271e-4,0,8.991188635137565e-5
朱少,PERSON,12,0.004198740377886634,0.08423613061099866,1692.5411705510198,1.1175681716584712e-4
朱少圻,PERSON,9,0.0031490552834149755,0.06482835606406735,489.7779270607754,1.0392849719393057e-4
朱少屏,PERSON,11,0.003848845346396081,0.07363526555754292,2984.4781519098974,1.0843634786380394e-4
朱山旅滬同鄉,ORG,15,0.005248425472358292,0.041189151758816274,4511.705834105103,1.212268153715602e-4
朱德超,PERSON,1,3.498950314905528e-4,0.012161576770956847,0,9.416195856873823e-5
朱志堯,PERSON,4,0.0013995801259622112,0.005896504111519519,9.45929053129305,9.240436148586214e-5
朱恒記五,PERSON,1,3.498950314905528e-4,6.105286818437268e-4,0,8.991188635137565e-5
朱懋澄,PERSON,3,0.0010496850944716584,0.03801084806417263,213.96587707054763,1.0277492291880781e-4
朱有濟,PERSON,3,0.0010496850944716584,0.008017730250356032,0.1,9.018759018759019e-5
朱榮勳,PERSON,4,0.0013995801259622112,0.005896504111519517,9.45929053129305,9.240436148586214e-5
朱海幹,PERSON,3,0.0010496850944716584,0.005316071372960605,0.1111111111111111,9.018759018759019e-5
朱燮臣,PERSON,1,3.498950314905528e-4,0.012161576770956847,0,9.416195856873823e-5
朱獻,PERSON,1,3.498950314905528e-4,0.0016314946323867357,0,9.028530155290719e-5
朱監督,PERSON,9,0.0031490552834149755,0.06244417725717186,1187.1949700595565,1.0550749103186326e-4
朱祥壽,PERSON,4,0.0013995801259622112,0.0058965041115195205,9.45929053129305,9.240436148586214e-5
朱穫,PERSON,6,0.002099370188943317,0.03926090511799288,63.14114436675733,1.0195758564437195e-4
朱等尙,PERSON,4,0.0013995801259622112,0.03650772817748962,389.27815651913,1.0403662089055348e-4
朱節香,PERSON,3,0.0010496850944716584,0.002177428391590245,0.044117647058823525,9.174311926605505e-5
朱聯,PERSON,5,0.0017494751574527643,0.003247255287690772,0.47619047619047616,9.007386056566384e-5
朱聯丞,PERSON,1,3.498950314905528e-4,0.001631494632386737,0,9.028530155290719e-5
朱聯馥,PERSON,5,0.0017494751574527643,0.003247255287690769,0.47619047619047616,9.007386056566384e-5
朱肖琴,PERSON,2,6.997900629811056e-4,0.028241007526790693,11.68337995842968,1.0175010175010175e-4
朱芑臣,PERSON,2,6.997900629811056e-4,0.02740621916142042,9.60558670129065,1.0050251256281407e-4
朱芭臣,PERSON,8,0.0027991602519244225,0.04450412454053396,402.35903684309386,1.0315659170621003e-4
朱葆三,PERSON,21,0.00734779566130161,0.11499805379932986,9750.522848229793,1.1712344811431249e-4
朱葭琯,PERSON,4,0.0013995801259622112,0.04199654106434136,188.5840211302102,1.0307153164296021e-4
朱蘅齋,PERSON,3,0.0010496850944716584,0.005422839749594669,0.043478260869565216,9.082652134423252e-5
朱裕生,PERSON,3,0.0010496850944716584,0.017681718133586138,54.55258105377394,9.604302727621975e-5
朱謝,PERSON,4,0.0013995801259622112,0.03650772817748961,389.27815651913,1.0403662089055348e-4
朱貢三,PERSON,2,6.997900629811056e-4,0.001499630382598697,0.05555555555555555,8.997660608241857e-5
朱道生,PERSON,6,0.002099370188943317,0.005407588901771692,5.244804553253112,9.157509157509158e-5
朱鑑堂,PERSON,3,0.0010496850944716584,0.0054228397495946655,0.043478260869565216,9.082652134423252e-5
朱雨春,PERSON,2,6.997900629811056e-4,0.004438735872403428,0.9150671816992041,9.18105031215571e-5
朱靜庵,PERSON,2,6.997900629811056e-4,0.002438216240139537,0.13336634980470596,9.038322487346348e-5
朱靜記,PERSON,6,0.002099370188943317,0.010935580856185838,12.964578460577119,9.352787130564908e-5
朱麗山,PERSON,3,0.0010496850944716584,0.017681718133586134,54.55258105377394,9.604302727621975e-5
李世選,PERSON,5,0.0017494751574527643,0.02723116147475711,234.87438053744998,1.0056315366049879e-4
李伯衡,PERSON,9,0.0031490552834149755,0.037694837666017854,2548.7054332681423,1.0229132569558102e-4
李佛司,PERSON,5,0.0017494751574527643,0.046252592854148705,189.07443299003256,1.0375596596804317e-4
李俊夫,PERSON,9,0.0031490552834149755,0.011242792597225583,234.62223863645627,9.213193292795283e-5
李偉侯,PERSON,5,0.0017494751574527643,0.03692711385436923,111.25207296254861,1.016053647632595e-4
李傑候,PERSON,1,3.498950314905528e-4,8.604946376107063e-4,0,9.345794392523364e-5
李六潤,PERSON,1,3.498950314905528e-4,0.0010049393278142862,0,9.005763688760806e-5
李劍秋,PERSON,4,0.0013995801259622112,0.014237481990472449,13.7883226237342,9.324878776575905e-5
李厚垣,PERSON,11,0.003848845346396081,0.00862695933128877,343.7048516785269,9.29368029739777e-5
李右,PERSON,7,0.00244926522043387,0.021010524102021012,13.74293537419925,9.386146048432514e-5
李啓昌,PERSON,2,6.997900629811056e-4,0.00654155226685213,0.5524816207456696,9.177679882525697e-5
李國瑄,PERSON,8,0.0027991602519244225,0.06329847083909211,1023.8759064053631,1.0883761427949499e-4
李培基,PERSON,6,0.002099370188943317,0.02532451157236966,25.76332927674104,9.419743782969103e-5
李壽山,PERSON,1,3.498950314905528e-4,0.0026383894019064674,0,9.05961224859576e-5
李宜孫,PERSON,3,0.0010496850944716584,0.035164788182270916,78.89610093557835,1.0166734444896299e-4
李平書,PERSON,3,0.0010496850944716584,0.029565313121346828,30.10048678511074,1.0054293183189222e-4
李廣珍,PERSON,7,0.00244926522043387,0.04341490537503107,664.8999787493923,1.0285949393128986e-4
李微五,PERSON,3,0.0010496850944716584,0.01579100871742417,42.14715543716373,9.482268158543523e-5
李徴五,PERSON,3,0.0010496850944716584,0.036794725294681745,60.19444405710709,1.0212418300653595e-4
李徵,PERSON,7,0.00244926522043387,0.02101052410202102,13.74293537419925,9.386146048432514e-5
李徵五,PERSON,15,0.005248425472358292,0.10350293174993197,3472.8535647283047,1.1512779184895233e-4
李志雲,PERSON,6,0.002099370188943317,0.01210670816783567,78.408485115026,9.187798603454613e-5
李恢,PERSON,15,0.005248425472358292,0.01989896449209454,22.04067929823549,9.216589861751152e-5
李杰,PERSON,3,0.0010496850944716584,0.03279443186824267,84.74711153065155,1.0141987829614604e-4
李東甫,PERSON,6,0.002099370188943317,0.01093558085618584,12.964578460577119,9.352787130564908e-5
李東萊,PERSON,1,3.498950314905528e-4,2.7132389049423e-4,0,7.631257631257631e-5
李梅軒,PERSON,6,0.002099370188943317,0.004900405797775215,0.35714285714285715,9.043226623259179e-5
李楚材,PERSON,1,3.498950314905528e-4,0.0010049393278142864,0,9.005763688760806e-5
李權時,PERSON,5,0.0017494751574527643,0.052275936006223725,961.0947256819798,1.0766580534022394e-4
李次,PERSON,5,0.0017494751574527643,0.005434018774233421,0.6666666666666666,9.010632546404758e-5
李次山,PERSON,3,0.0010496850944716584,0.03279443186824266,84.74711153065155,1.0141987829614604e-4
李武,PERSON,7,0.00244926522043387,0.0045481883317876285,1.7052631578947364,9.015506671474937e-5
李泉深,PERSON,7,0.00244926522043387,0.04484216209559579,102.0971665367588,1.0092854259184497e-4
李玉書,PERSON,4,0.0013995801259622112,0.041996541064341336,188.5840211302102,1.0307153164296021e-4
李登魁,PERSON,2,6.997900629811056e-4,0.027984291698945233,21.526643830021378,1.0175010175010175e-4
李祖,PERSON,3,0.0010496850944716584,0.008017730250356027,0.1,9.018759018759019e-5
李祖虁,PERSON,4,0.0013995801259622112,0.04261076848122578,233.1355101286611,1.032844453625284e-4
李祥記,PERSON,5,0.0017494751574527643,0.003899256960584762,146.87295949236471,9.398496240601504e-5
李秀峯,PERSON,6,0.002099370188943317,0.004900405797775217,0.35714285714285715,9.043226623259179e-5
李秀峰,PERSON,6,0.002099370188943317,0.004900405797775216,0.35714285714285715,9.043226623259179e-5
李立三,PERSON,9,0.0031490552834149755,0.06482835606406734,489.7779270607754,1.0392849719393057e-4
李菊亭,PERSON,13,0.004548635409377187,0.030480921971801033,2300.0708894045692,9.356287425149701e-5
李華松,PERSON,1,3.498950314905528e-4,8.604946376107059e-4,0,9.345794392523364e-5
李詠裳,PERSON,8,0.0027991602519244225,0.0777476199773284,864.8499424930703,1.1022927689594356e-4
李逢,PERSON,6,0.002099370188943317,0.004900405797775217,0.35714285714285715,9.043226623259179e-5
李逢年,PERSON,3,0.0010496850944716584,0.03279443186824266,84.74711153065155,1.0141987829614604e-4
李錦泰,PERSON,2,6.997900629811056e-4,0.01159312422558911,4.921870725530944,9.45000945000945e-5
李鍾秀,PERSON,1,3.498950314905528e-4,8.604946376107069e-4,0,9.345794392523364e-5
李馥蓀,PERSON,14,0.00489853044086774,0.032688293329712875,45.30091917212842,9.286775631500742e-5
杏生,PERSON,6,0.002099370188943317,0.06600753273975413,586.8856101122265,1.0841283607979184e-4
杜家,PERSON,9,0.0031490552834149755,0.0265040896011313,36.39940887238378,9.243852837862822e-5
杜德,PERSON,2,6.997900629811056e-4,0.004580457855287261,0.036458333333333336,9.110787172011662e-5
杜月,PERSON,5,0.0017494751574527643,0.012539171734302839,5.801204041916086,9.221689413500554e-5
杜炳榮,PERSON,1,3.498950314905528e-4,5.913770755422808e-4,0,9.064539521392314e-5
杜總,PERSON,7,0.00244926522043387,0.004548188331787631,1.7052631578947364,9.015506671474937e-5
杜長,PERSON,5,0.0017494751574527643,0.06103862308690613,282.85976271117323,1.0787486515641856e-4
杜鳳,PERSON,3,0.0010496850944716584,0.002177428391590245,0.044117647058823525,9.174311926605505e-5
杭來,PERSON,3,0.0010496850944716584,0.005316071372960603,0.1111111111111111,9.018759018759019e-5
杭屬沙灶地墾放分局,ORG,19,0.006648005598320504,0.02461588445408107,6449.627910074326,1.2119743061447097e-4
杭州總商,ORG,3,0.0010496850944716584,0.019973362008966843,2607.0919372274907,1.2064181445288937e-4
杭總商會,ORG,19,0.006648005598320504,0.02461588445408107,6449.627910074326,1.2119743061447097e-4
東亞物券交易所股份有限公司籌備,ORG,21,0.00734779566130161,0.024613770471042008,9872.543587005346,1.2116806009935781e-4
東南通信社,ORG,14,0.00489853044086774,0.07136832368286877,1450.435556536338,1.2286521685710776e-4
松戴,PERSON,1,3.498950314905528e-4,0.02638567944323032,0,1.017293997965412e-4
松江分會,ORG,13,0.004548635409377187,0.04680221692948691,3021.7710699408603,1.210507202517855e-4
松泉君洋,PERSON,4,0.0013995801259622112,0.0058965041115195205,9.45929053129305,9.240436148586214e-5
松滬護軍使署,ORG,18,0.006298110566829951,0.04245757341912943,9366.8464787191715,1.210800339024095e-4
松濤,PERSON,2,6.997900629811056e-4,0.004438735872403427,0.9150671816992041,9.18105031215571e-5
松茂,PERSON,12,0.004198740377886634,0.0623065243945753,2368.080361973531,1.0660980810234541e-4
松袁,PERSON,3,0.0010496850944716584,0.00542283974959467,0.043478260869565216,9.082652134423252e-5
枓石,PERSON,13,0.004548635409377187,0.020482684807539935,9.521905096493331,9.054690329590728e-5
林仲立,PERSON,3,0.0010496850944716584,0.0054228397495946655,0.043478260869565216,9.082652134423252e-5
林嘉祿,PERSON,5,0.0017494751574527643,0.0038992569605847613,146.87295949236471,9.398496240601504e-5
林士,PERSON,1,3.498950314905528e-4,8.604946376107052e-4,0,9.345794392523364e-5
林大勳,PERSON,2,6.997900629811056e-4,0.028472969110081715,11.83438428601363,1.0175010175010175e-4
林大松,PERSON,9,0.0031490552834149755,0.06648145508954849,1292.8900444603194,1.0902747492368077e-4
林康侯,PERSON,9,0.0031490552834149755,0.04111552028979384,858.6470134941352,9.796238244514106e-5
林德茂,PERSON,3,0.0010496850944716584,0.003727297766250456,0.16666666666666666,8.999280057595392e-5
林文,PERSON,20,0.006997900629811057,0.0673055813872761,1828.311190866877,1.0319917440660474e-4
林林,PERSON,1,3.498950314905528e-4,5.913770755422809e-4,0,9.064539521392314e-5
林校,PERSON,2,6.997900629811056e-4,0.0014996303825986963,0.05555555555555555,8.997660608241857e-5
林植夫,PERSON,5,0.0017494751574527643,0.05696735189705689,367.6449731533856,1.0766580534022394e-4
林炎夫,PERSON,34,0.011896431070678797,0.14722991160682294,14555.795352366276,1.1859582542694497e-4
林石虎,PERSON,3,0.0010496850944716584,0.015791008717424174,42.14715543716373,9.482268158543523e-5
林福元,PERSON,3,0.0010496850944716584,0.01794375852112553,78.44995831098922,9.511128019783147e-5
林紹馨,PERSON,5,0.0017494751574527643,0.02723116147475711,234.87438053744998,1.0056315366049879e-4
林聯琛,PERSON,6,0.002099370188943317,0.025324511572369666,25.76332927674104,9.419743782969103e-5
林肯,PERSON,3,0.0010496850944716584,0.02846024837205776,261.3383815376544,1.007252215954875e-4
林彪,PERSON,2,6.997900629811056e-4,0.003407940038967972,0.3003874256049981,9.036688957166094e-5
林賓逸,PERSON,2,6.997900629811056e-4,0.0014996303825986971,0.05555555555555555,8.997660608241857e-5
林鈞,PERSON,9,0.0031490552834149755,0.06482835606406732,489.7779270607754,1.0392849719393057e-4
林騤,PERSON,5,0.0017494751574527643,0.06103862308690609,282.85976271117323,1.0787486515641856e-4
柏林大學,ORG,5,0.0017494751574527643,0.021840690068119756,2941.269244894991,1.2070006035003017e-4
柱候,PERSON,1,3.498950314905528e-4,8.604946376107038e-4,0,9.345794392523364e-5
柳鈺棠十,PERSON,3,0.0010496850944716584,0.0054228397495946715,0.043478260869565216,9.082652134423252e-5
柴友,PERSON,9,0.0031490552834149755,0.026504089601131306,36.39940887238378,9.243852837862822e-5
柴橋,PERSON,3,0.0010496850944716584,0.032794431868242664,84.74711153065155,1.0141987829614604e-4
核楊,PERSON,15,0.005248425472358292,0.01989896449209454,22.04067929823549,9.216589861751152e-5
根馮,PERSON,3,0.0010496850944716584,0.0017288443408690313,0.6000000000000001,8.97827258035554e-5
栻石運,PERSON,1,3.498950314905528e-4,0.0016314946323867368,0,9.028530155290719e-5
格拉斯哥大學專,ORG,11,0.003848845346396081,0.021672653123855398,3296.1894299344517,1.2087513598452798e-4
桂崇,PERSON,2,6.997900629811056e-4,0.006085463891133762,0.7976891757699892,9.159186664224217e-5
桂榮,PERSON,3,0.0010496850944716584,0.0034709013433613777,0.10714285714285714,9.015506671474937e-5
桂記,PERSON,1,3.498950314905528e-4,5.913770755422815e-4,0,9.064539521392314e-5
梁世發,PERSON,1,3.498950314905528e-4,2.7132389049423067e-4,0,7.631257631257631e-5
梁新記,PERSON,22,0.007697690692792162,0.08531104087160729,2466.5379271098273,1.0488777008600797e-4
梁百,PERSON,8,0.0027991602519244225,0.06329847083909211,1023.8759064053631,1.0883761427949499e-4
梅仲,PERSON,2,6.997900629811056e-4,0.0024382162401395354,0.13336634980470596,9.038322487346348e-5
梅伯謝,PERSON,3,0.0010496850944716584,0.01768171813358613,54.55258105377394,9.604302727621975e-5
梅勞,PERSON,3,0.0010496850944716584,0.005422839749594669,0.043478260869565216,9.082652134423252e-5
梅南,PERSON,1,3.498950314905528e-4,0.012161576770956853,0,9.416195856873823e-5
梅南路,PERSON,4,0.0013995801259622112,0.008510594932843563,4.907686957548111,9.149130832570906e-5
梅堂,PERSON,10,0.0034989503149055285,0.06263134286814134,893.4207468019721,1.0458063166701528e-4
梅崇德,PERSON,1,3.498950314905528e-4,8.604946376107044e-4,0,9.345794392523364e-5
梅志方,PERSON,5,0.0017494751574527643,0.0046156446317297765,266.24974814331716,9.238728750923873e-5
梅禮,PERSON,5,0.0017494751574527643,0.019833408775946124,17.00951251878744,9.240436148586214e-5
棠丁,PERSON,2,6.997900629811056e-4,0.0016429621114849862,0.05263157894736842,8.999280057595392e-5
棠慈,PERSON,1,3.498950314905528e-4,8.604946376107029e-4,0,9.345794392523364e-5
棠陰,PERSON,5,0.0017494751574527643,0.01253917173430284,5.801204041916086,9.221689413500554e-5
森盛恒,PERSON,1,3.498950314905528e-4,5.913770755422808e-4,0,9.064539521392314e-5
椒伯,PERSON,22,0.007697690692792162,0.12779896113832878,5868.003439328956,1.1460004584001834e-4
椒伯丁,PERSON,1,3.498950314905528e-4,0.006237205624687285,0,9.271277582050807e-5
椒伯聞,PERSON,3,0.0010496850944716584,0.007347976229962703,1.2299414880376804,9.062896501721951e-5
椒伯請,PERSON,1,3.498950314905528e-4,0.0018678668193983794,0,8.99604174163368e-5
楊伯蘭,PERSON,9,0.0031490552834149755,0.06482835606406737,489.7779270607754,1.0392849719393057e-4
楊俊,PERSON,5,0.0017494751574527643,0.012539171734302836,5.801204041916086,9.221689413500554e-5
楊信,PERSON,16,0.005598320503848845,0.05903473778165596,13090.200308773987,1.074575542660649e-4
楊劍,PERSON,6,0.002099370188943317,0.03926090511799285,63.14114436675733,1.0195758564437195e-4
楊千,PERSON,2,6.997900629811056e-4,0.0060854638911337555,0.7976891757699892,9.159186664224217e-5
楊叔,PERSON,3,0.0010496850944716584,0.005422839749594667,0.043478260869565216,9.082652134423252e-5
楊奎,PERSON,23,0.008047585724282715,0.05609755071628495,7711.297043715597,1.0683760683760684e-4
楊奎侯,PERSON,7,0.00244926522043387,0.006337473200724302,2019.0915132097348,9.471490812653911e-5
楊子,PERSON,3,0.0010496850944716584,0.03279443186824266,84.74711153065155,1.0141987829614604e-4
楊季,PERSON,3,0.0010496850944716584,0.0021774283915902445,0.044117647058823525,9.174311926605505e-5
楊定,PERSON,1,3.498950314905528e-4,5.913770755422809e-4,0,9.064539521392314e-5
楊家,PERSON,1,3.498950314905528e-4,0.012161576770956853,0,9.416195856873823e-5
楊小堂,PERSON,5,0.0017494751574527643,0.0462525928541487,189.07443299003256,1.0375596596804317e-4
楊復,PERSON,4,0.0013995801259622112,0.014237481990472442,13.7883226237342,9.324878776575905e-5
楊恕,PERSON,5,0.0017494751574527643,0.02723116147475711,234.87438053744998,1.0056315366049879e-4
楊春,PERSON,5,0.0017494751574527643,0.027231161474757102,234.87438053744998,1.0056315366049879e-4
楊松,PERSON,3,0.0010496850944716584,0.0351647881822709,78.89610093557835,1.0166734444896299e-4
楊漢,PERSON,1,3.498950314905528e-4,0.003130660137299591,0,9.189487226612754e-5
楊紹,PERSON,1,3.498950314905528e-4,2.7132389049422975e-4,0,7.631257631257631e-5
楊譜,PERSON,3,0.0010496850944716584,0.002177428391590245,0.044117647058823525,9.174311926605505e-5
楊雲,PERSON,13,0.004548635409377187,0.05682174944165074,1162.6318931463356,1.0418837257762034e-4
楚卿,PERSON,1,3.498950314905528e-4,0.01216157677095685,0,9.416195856873823e-5
楚臣,PERSON,5,0.0017494751574527643,0.0038992569605847626,146.87295949236471,9.398496240601504e-5
楝臣,PERSON,3,0.0010496850944716584,0.015791008717424164,42.14715543716373,9.482268158543523e-5
楨候,PERSON,1,3.498950314905528e-4,8.604946376107052e-4,0,9.345794392523364e-5
業姜,PERSON,1,3.498950314905528e-4,2.713238904942298e-4,0,7.631257631257631e-5
榮宗敬,PERSON,19,0.006648005598320504,0.11665257822232449,4308.833056854718,1.1353315168029064e-4
榮昌祥,PERSON,5,0.0017494751574527643,0.046252592854148684,189.07443299003256,1.0375596596804317e-4
槃倪,PERSON,4,0.0013995801259622112,0.036465521642057054,95.58152287102672,1.0144045445323595e-4
槃嚴,PERSON,1,3.498950314905528e-4,0.012161576770956858,0,9.416195856873823e-5
槃徐,PERSON,5,0.0017494751574527643,0.01983340877594613,17.00951251878744,9.240436148586214e-5
槃樂,PERSON,5,0.0017494751574527643,0.06041173630785377,276.6725899116573,1.0782833728703904e-4
槃袁,PERSON,1,3.498950314905528e-4,0.026385679443230302,0,1.017293997965412e-4
槃趙,PERSON,7,0.00244926522043387,0.01339491981744438,70.5080292760261,9.084302325581395e-5
槃顧,PERSON,5,0.0017494751574527643,0.032395521794999764,291.3753791193449,1.0191602119853241e-4
樂俊,PERSON,1,3.498950314905528e-4,0.0025863372031462942,0,9.177679882525697e-5
樂振葆,PERSON,9,0.0031490552834149755,0.0610476926744143,1209.1747962989934,1.0488777008600797e-4
樂根,PERSON,2,6.997900629811056e-4,0.028808514234571047,7.2054926950237554,1.0050251256281407e-4
樂樹,PERSON,5,0.0017494751574527643,0.014575226074174765,53.77222100787469,9.393199323689649e-5
樂樹滋,PERSON,13,0.004548635409377187,0.06674392845493977,1602.2173721528534,1.0508617065994115e-4
樂淸,PERSON,1,3.498950314905528e-4,8.604946376107049e-4,0,9.345794392523364e-5
樓映,PERSON,2,6.997900629811056e-4,0.0024382162401395354,0.13336634980470596,9.038322487346348e-5
樓暎,PERSON,5,0.0017494751574527643,0.00461998947887386,44.000445054485006,9.079353550027238e-5
標邱,PERSON,3,0.0010496850944716584,0.0021774283915902432,0.044117647058823525,9.174311926605505e-5
模範工廠,ORG,24,0.008397480755773267,0.05838315663297883,3274.124890804126,1.2125621438098702e-4
樹雄,PERSON,1,3.498950314905528e-4,0.012161576770956847,0,9.416195856873823e-5
橫濱三江公所,ORG,9,0.0031490552834149755,0.025845306261644826,2720.391770681358,1.2081672103419114e-4
次齊,PERSON,4,0.0013995801259622112,0.03437897151017486,186.83622611412275,1.0298661174047374e-4
欽棠,PERSON,6,0.002099370188943317,0.03926090511799286,63.14114436675733,1.0195758564437195e-4
欽璋,PERSON,3,0.0010496850944716584,0.0021774283915902445,0.044117647058823525,9.174311926605505e-5
欽齋,PERSON,3,0.0010496850944716584,0.005422839749594668,0.043478260869565216,9.082652134423252e-5
歐陽,PERSON,10,0.0034989503149055285,0.06592331869751009,2278.3213541179084,1.0876658690450294e-4
正炳,PERSON,9,0.0031490552834149755,0.026504089601131296,36.39940887238378,9.243852837862822e-5
正紅,PERSON,5,0.0017494751574527643,0.06041173630785377,276.6725899116573,1.0782833728703904e-4
武康,PERSON,1,3.498950314905528e-4,8.604946376107049e-4,0,9.345794392523364e-5
武衡,PERSON,1,3.498950314905528e-4,0.0016314946323867374,0,9.028530155290719e-5
武野,PERSON,1,3.498950314905528e-4,0.012161576770956847,0,9.416195856873823e-5
殷冠卿君五,PERSON,1,3.498950314905528e-4,6.105286818437265e-4,0,8.991188635137565e-5
殷受,PERSON,5,0.0017494751574527643,0.006174541465669797,0.7692307692307693,9.000900090009e-5
殷汝,PERSON,3,0.0010496850944716584,0.015791008717424167,42.14715543716373,9.482268158543523e-5
殷芝,PERSON,8,0.0027991602519244225,0.07724784697520659,1057.2366479623868,1.1018069634200089e-4
殷芝齡,PERSON,8,0.0027991602519244225,0.004574781424082918,2.5454545454545463,8.99604174163368e-5
毓庭,PERSON,3,0.0010496850944716584,0.002177428391590245,0.044117647058823525,9.174311926605505e-5
比利士商會書,ORG,44,0.015395381385584325,0.10037432407380095,10582.277191183977,1.2184720360667723e-4
毛子,PERSON,7,0.00244926522043387,0.021010524102021012,13.74293537419925,9.386146048432514e-5
毛安卿,PERSON,3,0.0010496850944716584,0.03279443186824266,84.74711153065155,1.0141987829614604e-4
毛玉書幼科醫室,ORG,8,0.0027991602519244225,0.025240876392245603,2121.3507510767945,1.2078753472641623e-4
毛酉,PERSON,3,0.0010496850944716584,0.03279443186824266,84.74711153065155,1.0141987829614604e-4
毛酉峯,PERSON,7,0.00244926522043387,0.021010524102021023,13.74293537419925,9.386146048432514e-5
氏傅,PERSON,5,0.0017494751574527643,0.012539171734302844,5.801204041916086,9.221689413500554e-5
氏趙,PERSON,1,3.498950314905528e-4,5.913770755422801e-4,0,9.064539521392314e-5
民治委員會,ORG,21,0.00734779566130161,0.04314869859328592,2999.181530891875,1.2116806009935781e-4
民生謂商會聯合,ORG,32,0.01119664100769769,0.059591832034449704,5661.282901132898,1.2149192078726765e-4
民良公司,ORG,32,0.01119664100769769,0.024991557319847268,10345.46006482268,1.2149192078726765e-4
水償,PERSON,5,0.0017494751574527643,0.003899256960584764,146.87295949236471,9.398496240601504e-5
永安公司,ORG,137,0.04793561931420574,0.3339096730365602,71235.86457068547,1.2691965985531158e-4
永昌,PERSON,1,3.498950314905528e-4,5.560185810174022e-4,0,8.986340762041697e-5
永祥,PERSON,21,0.00734779566130161,0.03826778481219479,901.8521326277902,9.536524890329964e-5
永錫堂紹興同鄉會,ORG,9,0.0031490552834149755,0.04253202958556121,435.3786654140086,1.2081672103419114e-4
汝耜,PERSON,3,0.0010496850944716584,0.002931534069446167,0.15789473684210525,9.000900090009e-5
汝霖,PERSON,1,3.498950314905528e-4,0.006237205624687287,0,9.271277582050807e-5
江一南,PERSON,2,6.997900629811056e-4,0.0282410075267907,11.68337995842968,1.0175010175010175e-4
江代,PERSON,2,6.997900629811056e-4,0.026929798329195412,111.21157689280574,1.0175010175010175e-4
江少,PERSON,1,3.498950314905528e-4,0.012161576770956846,0,9.416195856873823e-5
江岳巒,PERSON,13,0.004548635409377187,0.05449589383360555,2692.6940129928776,1.049317943336831e-4
江政卿,PERSON,18,0.006298110566829951,0.12269651095777613,3000.9059899488893,1.1235955056179776e-4
江東,PERSON,2,6.997900629811056e-4,0.006541552266852129,0.5524816207456696,9.177679882525697e-5
江江淮同鄉會,ORG,11,0.003848845346396081,0.03495692433172771,1794.5213880792517,1.212268153715602e-4
江浙聯軍,ORG,41,0.014345696291112667,0.12517482967840274,11763.277601734553,1.2365524916532706e-4
江海關,ORG,213,0.07452764170748775,0.408205169229288,179284.3163288677,1.2941633234114146e-4
江海關署,ORG,22,0.007697690692792162,0.0668661362631082,2131.754674229865,1.2119743061447097e-4
江淮旅滬同鄕會,ORG,11,0.003848845346396081,0.0349569243317277,1794.5213880792517,1.212268153715602e-4
江湛,PERSON,1,3.498950314905528e-4,0.026385679443230312,0,1.017293997965412e-4
江經,PERSON,2,6.997900629811056e-4,0.02665700333372454,7802.378471795622,1.0294420424130121e-4
江蘇全省商會,ORG,15,0.005248425472358292,0.08716715367744096,1375.0095543031066,1.2265423770391266e-4
江蘇全省商會預備,ORG,15,0.005248425472358292,0.08716715367744096,1375.0095543031066,1.2265423770391266e-4
江蘇實業廳,ORG,17,0.005948215535339398,0.06933707627825184,1982.5508688264354,1.210507202517855e-4
江蘇縣議會聯,ORG,12,0.004198740377886634,0.06013450988878156,725.30098775895965,1.2113870381586917e-4
江蘇銀行,ORG,6,0.002099370188943317,0.02523897964014442,458.9120956515348,1.2072920439454304e-4
江蘇銀行洋,ORG,35,0.01224632610216935,0.033318023370993655,13165.371847859707,1.2158054711246201e-4
江逢,PERSON,8,0.0027991602519244225,0.07724784697520663,1057.2366479623868,1.1018069634200089e-4
江逢治,PERSON,20,0.006997900629811057,0.09149979343162026,9705.42152001094,1.122586439155815e-4
江鍊,PERSON,5,0.0017494751574527643,0.06103862308690613,282.85976271117323,1.0787486515641856e-4
汪兆,PERSON,8,0.0027991602519244225,0.07682963180433024,1745.6760817002487,1.1130899376669635e-4
汪兆麟,PERSON,7,0.00244926522043387,0.04484216209559579,102.0971665367588,1.0092854259184497e-4
汪劍,PERSON,6,0.002099370188943317,0.03926090511799286,63.14114436675733,1.0195758564437195e-4
汪北平,PERSON,3,0.0010496850944716584,0.038010848064172625,213.96587707054763,1.0277492291880781e-4
汪吉記,PERSON,1,3.498950314905528e-4,5.913770755422808e-4,0,9.064539521392314e-5
汪孝慈,PERSON,4,0.0013995801259622112,0.0591801113114729,420.0434809636866,1.0827197921177999e-4
汪宅仁,PERSON,1,3.498950314905528e-4,8.604946376107045e-4,0,9.345794392523364e-5
汪寳堂,PERSON,1,3.498950314905528e-4,5.9137707554228e-4,0,9.064539521392314e-5
汪幼,PERSON,9,0.0031490552834149755,0.04907009586238418,983.057882009603,1.0453690152623876e-4
汪得,PERSON,4,0.0013995801259622112,0.0591801113114729,420.0434809636866,1.0827197921177999e-4
汪漢溪,PERSON,9,0.0031490552834149755,0.04111552028979384,858.6470134941352,9.796238244514106e-5
汪潤,PERSON,6,0.002099370188943317,0.00490040579777522,0.35714285714285715,9.043226623259179e-5
汪萬可候,PERSON,1,3.498950314905528e-4,8.604946376107041e-4,0,9.345794392523364e-5
汪竹,PERSON,6,0.002099370188943317,0.004900405797775219,0.35714285714285715,9.043226623259179e-5
汪筠,PERSON,4,0.0013995801259622112,0.05918011131147294,420.0434809636866,1.0827197921177999e-4
汪育,PERSON,2,6.997900629811056e-4,0.004438735872403427,0.9150671816992041,9.18105031215571e-5
汪訪廬,PERSON,3,0.0010496850944716584,0.017681718133586138,54.55258105377394,9.604302727621975e-5
汪醒,PERSON,4,0.0013995801259622112,0.008698768128867686,5.1720674902757375,9.124087591240875e-5
沅致,PERSON,3,0.0010496850944716584,0.008017730250356032,0.1,9.018759018759019e-5
沈佩蘭,PERSON,4,0.0013995801259622112,0.04199654106434136,188.5840211302102,1.0307153164296021e-4
沈信卿,PERSON,14,0.00489853044086774,0.03629104515817443,531.5700954486372,9.52925481227368e-5
沈冕士,PERSON,15,0.005248425472358292,0.049763919495217454,1489.6728491361082,9.786651008025054e-5
沈卓吾,PERSON,3,0.0010496850944716584,0.01579100871742417,42.14715543716373,9.482268158543523e-5
沈同,PERSON,1,3.498950314905528e-4,8.604946376107044e-4,0,9.345794392523364e-5
沈四莘,PERSON,4,0.0013995801259622112,0.06621145130481156,469.3962529517044,1.0926573426573427e-4
沈夑臣,PERSON,1,3.498950314905528e-4,0.02638567944323029,0,1.017293997965412e-4
沈懋,PERSON,3,0.0010496850944716584,0.002177428391590245,0.044117647058823525,9.174311926605505e-5
沈易書,PERSON,4,0.0013995801259622112,0.008510594932843563,4.907686957548111,9.149130832570906e-5
沈杏山十,PERSON,5,0.0017494751574527643,0.012539171734302836,5.801204041916086,9.221689413500554e-5
沈榕邨,PERSON,2,6.997900629811056e-4,0.0024382162401395385,0.13336634980470596,9.038322487346348e-5
沈次,PERSON,2,6.997900629811056e-4,0.028241007526790707,11.68337995842968,1.0175010175010175e-4
沈潤挹,PERSON,1,3.498950314905528e-4,0.012161576770956853,0,9.416195856873823e-5
沈無名,PERSON,6,0.002099370188943317,0.010935580856185838,12.964578460577119,9.352787130564908e-5
沈熒厓,PERSON,2,6.997900629811056e-4,0.028808514234571054,7.2054926950237554,1.0050251256281407e-4
沈燮臣,PERSON,30,0.010496850944716585,0.1329096498437365,7754.122115904851,1.1467889908256881e-4
沈爕臣,PERSON,11,0.003848845346396081,0.08111774341353024,888.2345333463829,1.0860121633362293e-4
沈玉,PERSON,1,3.498950314905528e-4,8.604946376107041e-4,0,9.345794392523364e-5
沈田莘,PERSON,37,0.012946116165150455,0.17155943242678576,22340.177280575732,1.2121212121212121e-4
沈田華,PERSON,6,0.002099370188943317,0.004900405797775216,0.35714285714285715,9.043226623259179e-5
沈秉義,PERSON,1,3.498950314905528e-4,8.604946376107042e-4,0,9.345794392523364e-5
沈維,PERSON,6,0.002099370188943317,0.011918534971811539,126.64186183728934,9.213193292795283e-5
沈維挺,PERSON,8,0.0027991602519244225,0.014698007585859098,565.1269238903785,9.264406151565684e-5
沈聨芳,PERSON,4,0.0013995801259622112,0.06621145130481151,469.3962529517044,1.0926573426573427e-4
沈聯,PERSON,4,0.0013995801259622112,0.04423880920767126,353.3078658719106,1.0442773600668337e-4
沈聯芳,PERSON,22,0.007697690692792162,0.12393745603493708,8729.874437563583,1.1475786091347258e-4
沈藴春,PERSON,4,0.0013995801259622112,0.014237481990472449,13.7883226237342,9.324878776575905e-5
沈蘊,PERSON,1,3.498950314905528e-4,0.003569831012244291,0,9.109127345600292e-5
沈蘊石,PERSON,3,0.0010496850944716584,0.015791008717424174,42.14715543716373,9.482268158543523e-5
沈詠棠,PERSON,6,0.002099370188943317,0.005407588901771691,5.244804553253112,9.157509157509158e-5
沈銘昌,PERSON,5,0.0017494751574527643,0.005537555965601916,20.396245249116063,9.030160736861116e-5
沈鏞,PERSON,1,3.498950314905528e-4,0.0025863372031462934,0,9.177679882525697e-5
沈韞石,PERSON,4,0.0013995801259622112,0.030713980880071753,394.5454827964037,1.016053647632595e-4
沈鼎,PERSON,1,3.498950314905528e-4,5.913770755422806e-4,0,9.064539521392314e-5
沐久,PERSON,6,0.002099370188943317,0.005407588901771694,5.244804553253112,9.157509157509158e-5
河趙,PERSON,1,3.498950314905528e-4,2.713238904942293e-4,0,7.631257631257631e-5
泉楊,PERSON,5,0.0017494751574527643,0.012539171734302844,5.801204041916086,9.221689413500554e-5
泉王,PERSON,2,6.997900629811056e-4,0.008693871786981257,2.803101476581599,9.189487226612754e-5
法租界商聯,ORG,33,0.011546536039188244,0.12317913804969703,2539.310150273722,1.2152144853566654e-4
法總,PERSON,5,0.0017494751574527643,0.019833408775946127,17.00951251878744,9.240436148586214e-5
波嘉興兩分局,ORG,19,0.006648005598320504,0.02461588445408106,6449.627910074326,1.2119743061447097e-4
波多,PERSON,5,0.0017494751574527643,0.061038623086906135,282.85976271117323,1.0787486515641856e-4
波黃,PERSON,2,6.997900629811056e-4,0.008693871786981255,2.803101476581599,9.189487226612754e-5
泰東書局,ORG,28,0.00979706088173548,0.08122310646311313,3760.0003010404557,1.2328936012822092e-4
泰源永十元,PERSON,6,0.002099370188943317,0.010935580856185843,12.964578460577119,9.352787130564908e-5
泰興酒業公所,ORG,14,0.00489853044086774,0.057293802121828184,3842.9721004114954,1.2096286440062901e-4
泰豐公司,ORG,24,0.008397480755773267,0.05838315663297883,3274.124890804126,1.2125621438098702e-4
泰齋,PERSON,3,0.0010496850944716584,0.003470901343361377,0.10714285714285714,9.015506671474937e-5
洋務職工,ORG,38,0.013296011196641007,0.09560583101735884,5999.51312463747,1.2190661952944045e-4
洛吳,PERSON,4,0.0013995801259622112,0.016906447108045775,24.169285414336134,9.457159069415548e-5
津裕和,ORG,46,0.01609517144856543,0.03990696583523195,12113.731687356121,1.2190661952944045e-4
洪少,PERSON,2,6.997900629811056e-4,0.0282410075267907,11.68337995842968,1.0175010175010175e-4
洪源,PERSON,1,3.498950314905528e-4,5.913770755422804e-4,0,9.064539521392314e-5
洪金華,PERSON,1,3.498950314905528e-4,8.604946376107039e-4,0,9.345794392523364e-5
洪雁,PERSON,4,0.0013995801259622112,0.06706587448883669,764.1285364773955,1.1030222810500772e-4
洯錢,PERSON,1,3.498950314905528e-4,0.0010049393278142862,0,9.005763688760806e-5
洽卿,PERSON,31,0.010846745976207137,0.15601576010121868,14584.157721573227,1.1825922421948912e-4
洽卿,PERSON,5,0.0017494751574527643,0.01983340877594613,17.00951251878744,9.240436148586214e-5
浙公會,ORG,61,0.021343596920923722,0.11361109292915045,45837.26890373848,1.2442453651860148e-4
浙屬旅滬同鄕會聯合會,ORG,47,0.016445066480055982,0.10553931121020826,8696.282158138794,1.2217470983506414e-4
浙平和協會於,ORG,33,0.011546536039188244,0.05267009742970056,30609.10702291452,1.2152144853566654e-4
浙振籌備會,ORG,9,0.0031490552834149755,0.025845306261644836,2720.391770681358,1.2081672103419114e-4
浙江同,ORG,27,0.009447165850244927,0.06715854313319643,12648.273219812989,1.2143290831815422e-4
浙江𢇁綢商業銀行,ORG,43,0.015045486354093772,0.048637770048422645,9416.67646252109,1.2190661952944045e-4
浙江旅宜同鄉會,ORG,12,0.004198740377886634,0.04070941369009255,3104.3609779842805,1.2090436464756378e-4
浙江杭餘長途汽車公司,ORG,12,0.004198740377886634,0.021072740696850455,26568.456475603525,1.2090436464756378e-4
浙江省民治促進,ORG,22,0.007697690692792162,0.021283384169911088,906.2167359288832,9.133254178463786e-5
浙江省縣議會聯,ORG,12,0.004198740377886634,0.060134509888781565,725.30098775895965,1.2113870381586917e-4
浙江絲綢商業銀行,ORG,43,0.015045486354093772,0.04863777004842261,9416.67646252109,1.2190661952944045e-4
浙江軍務善後事宜,ORG,13,0.004548635409377187,0.049539338238458484,784.2228002142558,1.2093360744951022e-4
浙災分委辦會,ORG,19,0.006648005598320504,0.03703440820052263,13579.467835205514,1.2110936175366356e-4
浙災游藝,ORG,9,0.0031490552834149755,0.024842009652887742,6132.3401110535715,1.2081672103419114e-4
浙烟酒陳,ORG,19,0.006648005598320504,0.02461588445408108,6449.627910074326,1.2119743061447097e-4
浙省敎育會,ORG,15,0.005248425472358292,0.04118915175881627,4511.705834105103,1.212268153715602e-4
浙紳耆假銀行公會,ORG,27,0.009447165850244927,0.06715854313319644,12648.273219812989,1.2143290831815422e-4
浙紹公所,ORG,35,0.01224632610216935,0.08573201352229752,15214.847115266923,1.2158054711246201e-4
浙紹永錫堂,ORG,13,0.004548635409377187,0.04680221692948689,3021.7710699408603,1.210507202517855e-4
浙閩蘇皖贛聯軍,ORG,61,0.021343596920923722,0.010282998058776508,156365.1131508207,9.758953840148337e-5
浦東中學,ORG,23,0.008047585724282715,0.058287581529924803,3420.6293138245524,1.2298610257040955e-4
海升,PERSON,4,0.0013995801259622112,0.06621145130481151,469.3962529517044,1.0926573426573427e-4
海寗,PERSON,3,0.0010496850944716584,0.03279443186824267,84.74711153065155,1.0141987829614604e-4
海施,PERSON,1,3.498950314905528e-4,8.604946376107036e-4,0,9.345794392523364e-5
海秋,PERSON,31,0.010846745976207137,0.14128946899008588,8389.55029536025,1.1470520761642578e-4
海軍大,ORG,6,0.002099370188943317,0.04101225777766302,780.3653081136589,1.2238404112103782e-4
海軍飛機,ORG,6,0.002099370188943317,0.041012257777663014,780.3653081136589,1.2238404112103782e-4
海陳,PERSON,4,0.0013995801259622112,0.008510594932843564,4.907686957548111,9.149130832570906e-5
海陸産貨券聯合交易所股份有限公司,ORG,21,0.00734779566130161,0.024613770471042018,9872.543587005346,1.2116806009935781e-4
海韓,PERSON,1,3.498950314905528e-4,8.604946376107027e-4,0,9.345794392523364e-5
海章,PERSON,1,3.498950314905528e-4,8.604946376107044e-4,0,9.345794392523364e-5
海鳴,PERSON,1,3.498950314905528e-4,2.7132389049423083e-4,0,7.631257631257631e-5
海鹽,PERSON,1,3.498950314905528e-4,8.604946376107034e-4,0,9.345794392523364e-5
海龍洋行,ORG,28,0.00979706088173548,0.02398622915487264,11219.974940629407,1.2137395314965408e-4
淅江北方實業銀行,ORG,28,0.00979706088173548,0.08122310646311313,3760.0003010404557,1.2328936012822092e-4
淇誣,PERSON,4,0.0013995801259622112,0.005808773822992171,11.250544539101314,9.182736455463728e-5
淑予,PERSON,6,0.002099370188943317,0.004900405797775216,0.35714285714285715,9.043226623259179e-5
淞滬督辦公署,ORG,14,0.00489853044086774,0.06402777955309102,1425.224134922302,1.2298610257040955e-4
淞滬警察,ORG,33,0.011546536039188244,0.12317913804969703,2539.310150273722,1.2152144853566654e-4
淞滬警察廳,ORG,37,0.012946116165150455,0.08562934530887452,21092.723163823095,1.2331976815883587e-4
淮許,PERSON,1,3.498950314905528e-4,0.0016314946323867355,0,9.028530155290719e-5
淸濤,PERSON,5,0.0017494751574527643,0.0055375559656019166,20.396245249116063,9.030160736861116e-5
淸華大學,ORG,179,0.06263121063680896,0.32273673770457,123799.87076469827,1.2805736970162632e-4
淸馮,PERSON,1,3.498950314905528e-4,8.604946376107064e-4,0,9.345794392523364e-5
清次,PERSON,1,3.498950314905528e-4,0.002262097426822021,0,9.023641941887746e-5
清水,PERSON,5,0.0017494751574527643,0.06103862308690611,282.85976271117323,1.0787486515641856e-4
清王,PERSON,2,6.997900629811056e-4,0.02740621916142042,9.60558670129065,1.0050251256281407e-4
清華大學,ORG,39,0.01364590622813156,0.07892473152136405,7903.18934841896,1.2169891687963977e-4
清鄭,PERSON,3,0.0010496850944716584,0.0021774283915902424,0.044117647058823525,9.174311926605505e-5
温宗信,PERSON,8,0.0027991602519244225,0.06329847083909212,1023.8759064053631,1.0883761427949499e-4
温州同,ORG,9,0.0031490552834149755,0.042532029585561223,435.3786654140086,1.2081672103419114e-4
湘泉,PERSON,5,0.0017494751574527643,0.02637558992056741,226.504205742953,9.735202492211838e-5
湘浦,PERSON,6,0.002099370188943317,0.004900405797775219,0.35714285714285715,9.043226623259179e-5
湛青,PERSON,5,0.0017494751574527643,0.022193851435070074,6.572353543541185,9.394964299135663e-5
湯仁,PERSON,3,0.0010496850944716584,0.02956531312134682,30.10048678511074,1.0054293183189222e-4
湯局,PERSON,4,0.0013995801259622112,0.04261076848122579,233.1355101286611,1.032844453625284e-4
湯節,PERSON,1,3.498950314905528e-4,0.026385679443230302,0,1.017293997965412e-4
滋范,PERSON,5,0.0017494751574527643,0.014575226074174772,53.77222100787469,9.393199323689649e-5
滋青,PERSON,15,0.005248425472358292,0.01989896449209454,22.04067929823549,9.216589861751152e-5
源慶恒十元,PERSON,6,0.002099370188943317,0.010935580856185845,12.964578460577119,9.352787130564908e-5
源林,PERSON,1,3.498950314905528e-4,0.0016314946323867361,0,9.028530155290719e-5
源豐永十元,PERSON,6,0.002099370188943317,0.010935580856185845,12.964578460577119,9.352787130564908e-5
滬北九區商業聯,ORG,15,0.005248425472358292,0.041189151758816274,4511.705834105103,1.212268153715602e-4
滬北五區商聯,ORG,24,0.008397480755773267,0.05838315663297885,3274.124890804126,1.2125621438098702e-4
滬北市政局,ORG,11,0.003848845346396081,0.022867489968352344,7707.34599704231,1.2087513598452798e-4
滬商正誼社,ORG,37,0.012946116165150455,0.0703157213575716,10062.26771976088,1.216397031991242e-4
滬江上海商,ORG,39,0.01364590622813156,0.07892473152136402,7903.18934841896,1.2169891687963977e-4
滬海道,ORG,17,0.005948215535339398,0.06933707627825185,1982.5508688264354,1.210507202517855e-4
漢口總商,ORG,42,0.01469559132260322,0.030953695976881797,17073.70332073501,1.2178784557301182e-4
漢吳,PERSON,5,0.0017494751574527643,0.012539171734302839,5.801204041916086,9.221689413500554e-5
漢强,PERSON,18,0.006298110566829951,0.025916703581773365,118.91168900019467,9.092562284051645e-5
漢明,PERSON,3,0.0010496850944716584,0.0029315340694461684,0.15789473684210525,9.000900090009e-5
漢邵,PERSON,2,6.997900629811056e-4,0.0014996303825986976,0.05555555555555555,8.997660608241857e-5
漢章,PERSON,10,0.0034989503149055285,0.05420698383205624,21262.711662864094,1.0729613733905579e-4
潘偉東十,PERSON,3,0.0010496850944716584,0.0054228397495946655,0.043478260869565216,9.082652134423252e-5
潘公弼,PERSON,3,0.0010496850944716584,0.01579100871742417,42.14715543716373,9.482268158543523e-5
潘冬林,PERSON,4,0.0013995801259622112,0.041996541064341364,188.5840211302102,1.0307153164296021e-4
潘勛伯,PERSON,4,0.0013995801259622112,0.04199654106434133,188.5840211302102,1.0307153164296021e-4
潘國,PERSON,3,0.0010496850944716584,0.01579100871742417,42.14715543716373,9.482268158543523e-5
潘忠甲,PERSON,4,0.0013995801259622112,0.006046943587481675,0.42857142857142855,8.994423457456377e-5
潘旭昇,PERSON,9,0.0031490552834149755,0.06482835606406732,489.7779270607754,1.0392849719393057e-4
潘更生,PERSON,7,0.00244926522043387,0.0633183239241495,1187.0370964307388,1.0857763300760044e-4
潘根,PERSON,5,0.0017494751574527643,0.046252592854148684,189.07443299003256,1.0375596596804317e-4
潘根生,PERSON,3,0.0010496850944716584,0.005422839749594666,0.043478260869565216,9.082652134423252e-5
潘澄波,PERSON,25,0.00874737578726382,0.045191952455697175,3788.1940731079612,9.693679720822024e-5
潘瀛士,PERSON,2,6.997900629811056e-4,0.003407940038967974,0.3003874256049981,9.036688957166094e-5
潘畹卿,PERSON,5,0.0017494751574527643,0.0038992569605847626,146.87295949236471,9.398496240601504e-5
潘經芳,PERSON,6,0.002099370188943317,0.039260905117992864,63.14114436675733,1.0195758564437195e-4
潘震亞,PERSON,8,0.0027991602519244225,0.06329847083909211,1023.8759064053631,1.0883761427949499e-4
潤卿,PERSON,10,0.0034989503149055285,0.08673331927937292,1026.5122254830876,1.1022927689594356e-4
潮嚴,PERSON,1,3.498950314905528e-4,0.01216157677095685,0,9.416195856873823e-5
澄波,PERSON,4,0.0013995801259622112,0.008510594932843561,4.907686957548111,9.149130832570906e-5
澄衷中學,ORG,11,0.003848845346396081,0.021672653123855405,3296.1894299344517,1.2087513598452798e-4
澍候,PERSON,1,3.498950314905528e-4,8.604946376107051e-4,0,9.345794392523364e-5
澤上,PERSON,1,3.498950314905528e-4,0.0010126254116031826,0,8.981498113885396e-5
澳章,PERSON,4,0.0013995801259622112,0.03650772817748961,389.27815651913,1.0403662089055348e-4
澹然,PERSON,4,0.0013995801259622112,0.005896504111519517,9.45929053129305,9.240436148586214e-5
濤樂,PERSON,3,0.0010496850944716584,0.005422839749594671,0.043478260869565216,9.082652134423252e-5
濤謂,PERSON,4,0.0013995801259622112,0.06706587448883669,764.1285364773955,1.1030222810500772e-4
瀛士,PERSON,2,6.997900629811056e-4,0.003407940038967974,0.3003874256049981,9.036688957166094e-5
瀾張,PERSON,4,0.0013995801259622112,0.016906447108045775,24.169285414336134,9.457159069415548e-5
炎川,PERSON,8,0.0027991602519244225,0.0632984708390921,1023.8759064053631,1.0883761427949499e-4
炎文,PERSON,1,3.498950314905528e-4,0.0263856794432303,0,1.017293997965412e-4
炎謂,PERSON,3,0.0010496850944716584,0.03147067498930535,173.13489085318758,1.0235414534288638e-4
炯甫君洋十,PERSON,4,0.0013995801259622112,0.005896504111519517,9.45929053129305,9.240436148586214e-5
炳泉,PERSON,5,0.0017494751574527643,0.012539171734302844,5.801204041916086,9.221689413500554e-5
炳生,PERSON,1,3.498950314905528e-4,0.001054029210637358,0,8.991188635137565e-5
烏冶琴,PERSON,2,6.997900629811056e-4,0.027984291698945247,21.526643830021378,1.0175010175010175e-4
烏崖琴,PERSON,19,0.006648005598320504,0.11015595461043425,1972.2092490233958,1.1076650420912716e-4
焜甫,PERSON,1,3.498950314905528e-4,5.913770755422807e-4,0,9.064539521392314e-5
無名,PERSON,10,0.0034989503149055285,0.01902705292136465,4547.099014557244,9.59140610013428e-5
無名氏三,PERSON,5,0.0017494751574527643,0.012539171734302836,5.801204041916086,9.221689413500554e-5
無名氏十元,PERSON,6,0.002099370188943317,0.010935580856185838,12.964578460577119,9.352787130564908e-5
焦振山,PERSON,2,6.997900629811056e-4,0.003407940038967972,0.3003874256049981,9.036688957166094e-5
焦易堂,PERSON,13,0.004548635409377187,0.0829792562567413,1505.0358011334624,1.1010790574763268e-4
然光,PERSON,3,0.0010496850944716584,0.00801773025035603,0.1,9.018759018759019e-5
煒昌,PERSON,7,0.00244926522043387,0.026642526649993212,340.58233640449527,9.641342074816814e-5
煥南,PERSON,1,3.498950314905528e-4,0.012161576770956853,0,9.416195856873823e-5
煥草,PERSON,1,3.498950314905528e-4,0.0016314946323867361,0,9.028530155290719e-5
煥章,PERSON,3,0.0010496850944716584,0.017681718133586134,54.55258105377394,9.604302727621975e-5
熙生,PERSON,2,6.997900629811056e-4,0.0032970755883267883,78.2817854247495,9.165902841429881e-5
熱司,PERSON,5,0.0017494751574527643,0.019833408775946124,17.00951251878744,9.240436148586214e-5
熾章,PERSON,8,0.0027991602519244225,0.04450412454053396,402.35903684309386,1.0315659170621003e-4
燮元,PERSON,5,0.0017494751574527643,0.03768179444043014,210.1371483356312,1.0300782859497322e-4
燮甫,PERSON,1,3.498950314905528e-4,0.0033437084577198155,0,9.203018590097552e-5
爕字,PERSON,3,0.0010496850944716584,0.0034709013433613795,0.10714285714285714,9.015506671474937e-5
爕春,PERSON,4,0.0013995801259622112,0.06706587448883672,764.1285364773955,1.1030222810500772e-4
爕臣,PERSON,4,0.0013995801259622112,0.0670658744888367,764.1285364773955,1.1030222810500772e-4
爲傳,PERSON,5,0.0017494751574527643,0.06041173630785377,276.6725899116573,1.0782833728703904e-4
爲王,PERSON,5,0.0017494751574527643,0.06041173630785379,276.6725899116573,1.0782833728703904e-4
爲田,PERSON,9,0.0031490552834149755,0.04003874811681848,167.6868784025236,1.008471157724889e-4
爲聞,PERSON,5,0.0017494751574527643,0.06041173630785377,276.6725899116573,1.0782833728703904e-4
爲聶,PERSON,1,3.498950314905528e-4,0.02638567944323029,0,1.017293997965412e-4
爲荷紗業公所,ORG,2,6.997900629811056e-4,0.020770485143295634,161.42483145166176,1.2061271257990592e-4
爲顧,PERSON,5,0.0017494751574527643,0.06041173630785377,276.6725899116573,1.0782833728703904e-4
爾懋業銀行,ORG,33,0.011546536039188244,0.11491262003359956,4538.287591320489,1.2152144853566654e-4
牕吕,PERSON,3,0.0010496850944716584,0.005422839749594666,0.043478260869565216,9.082652134423252e-5
牕盛,PERSON,1,3.498950314905528e-4,0.012161576770956847,0,9.416195856873823e-5
牕陸,PERSON,3,0.0010496850944716584,0.007347976229962709,1.2299414880376804,9.062896501721951e-5
牛惠生,PERSON,11,0.003848845346396081,0.08872851335120412,1563.0245258955495,1.1091393078970719e-4
牝額,PERSON,3,0.0010496850944716584,0.0023977194868472426,3.3392909920089053,9.018759018759019e-5
特羅資基,ORG,6,0.002099370188943317,0.02508048552960103,852.1865827644103,1.2072920439454304e-4
狄楚,PERSON,3,0.0010496850944716584,0.015791008717424167,42.14715543716373,9.482268158543523e-5
猷鎭,PERSON,1,3.498950314905528e-4,8.604946376107038e-4,0,9.345794392523364e-5
玉吳,PERSON,1,3.498950314905528e-4,0.012161576770956842,0,9.416195856873823e-5
玉環,PERSON,1,3.498950314905528e-4,8.604946376107039e-4,0,9.345794392523364e-5
玉袁,PERSON,6,0.002099370188943317,0.03926090511799287,63.14114436675733,1.0195758564437195e-4
玉雨君洋,PERSON,4,0.0013995801259622112,0.005896504111519516,9.45929053129305,9.240436148586214e-5
玉麟,PERSON,4,0.0013995801259622112,0.03646552164205704,95.58152287102672,1.0144045445323595e-4
玉麟候,PERSON,1,3.498950314905528e-4,8.604946376107034e-4,0,9.345794392523364e-5
王一亭,PERSON,47,0.016445066480055982,0.19126302213201918,27183.050314686923,1.21921482565228e-4
王一衡,PERSON,1,3.498950314905528e-4,0.01216157677095685,0,9.416195856873823e-5
王二,PERSON,1,3.498950314905528e-4,0.006237205624687283,0,9.271277582050807e-5
王亞樵,PERSON,1,3.498950314905528e-4,0.0026383894019064665,0,9.05961224859576e-5
王亦梅,PERSON,3,0.0010496850944716584,0.005422839749594668,0.043478260869565216,9.082652134423252e-5
王介安,PERSON,28,0.00979706088173548,0.14446324591077475,5262.574610278495,1.1307100859339665e-4
王仲卿,PERSON,5,0.0017494751574527643,0.012539171734302844,5.801204041916086,9.221689413500554e-5
王佐卿,PERSON,5,0.0017494751574527643,0.012539171734302844,5.801204041916086,9.221689413500554e-5
王俠峯,PERSON,18,0.006298110566829951,0.02591670358177337,118.91168900019467,9.092562284051645e-5
王俠峰,PERSON,9,0.0031490552834149755,0.06482835606406735,489.7779270607754,1.0392849719393057e-4
王儒堂,PERSON,36,0.012596221133659902,0.14726763775190654,13904.96100750583,1.1563367252543941e-4
王劍知,PERSON,3,0.0010496850944716584,0.005422839749594669,0.043478260869565216,9.082652134423252e-5
王勅,PERSON,1,3.498950314905528e-4,0.02638567944323031,0,1.017293997965412e-4
王化民,PERSON,1,3.498950314905528e-4,0.0026383894019064657,0,9.05961224859576e-5
王啓宇,PERSON,1,3.498950314905528e-4,0.01216157677095685,0,9.416195856873823e-5
王嘉豐,PERSON,5,0.0017494751574527643,0.01253917173430284,5.801204041916086,9.221689413500554e-5
王嘵籟,PERSON,5,0.0017494751574527643,0.03256676171504808,426.3180400882808,1.0239606799098914e-4
王國華,PERSON,1,3.498950314905528e-4,0.012161576770956856,0,9.416195856873823e-5
王培孫,PERSON,3,0.0010496850944716584,0.02956531312134682,30.10048678511074,1.0054293183189222e-4
王堯臣,PERSON,3,0.0010496850944716584,0.005235286356394142,3.6036655227215437,9.072763563781528e-5
王壽廷,PERSON,7,0.00244926522043387,0.004548188331787632,1.7052631578947364,9.015506671474937e-5
王奠世,PERSON,1,3.498950314905528e-4,0.0026383894019064674,0,9.05961224859576e-5
王子佩,PERSON,6,0.002099370188943317,0.007412714747984381,795.9321153164918,9.28332714444857e-5
王子厚,PERSON,6,0.002099370188943317,0.02532451157236965,25.76332927674104,9.419743782969103e-5
王孝籟,PERSON,5,0.0017494751574527643,0.052275936006223746,961.0947256819798,1.0766580534022394e-4
王孝賚,PERSON,21,0.00734779566130161,0.0648385535010799,63933.79355958463,1.1515430677107324e-4
王安富,PERSON,5,0.0017494751574527643,0.032480430403770265,122.42884231536944,1.0204081632653062e-4
王廉方,PERSON,4,0.0013995801259622112,0.04199654106434136,188.5840211302102,1.0307153164296021e-4
王廷傑,PERSON,7,0.00244926522043387,0.04484216209559579,102.0971665367588,1.0092854259184497e-4
王廷揚,PERSON,1,3.498950314905528e-4,8.604946376107052e-4,0,9.345794392523364e-5
王建中,PERSON,1,3.498950314905528e-4,2.7132389049423083e-4,0,7.631257631257631e-5
王彬彥,PERSON,11,0.003848845346396081,0.06625668381675466,745.418089652281,1.0414496979795876e-4
王彬彦,PERSON,10,0.0034989503149055285,0.059402198353538785,2958.588752051633,1.0613457864572278e-4
王恂如,PERSON,4,0.0013995801259622112,0.04199654106434134,188.5840211302102,1.0307153164296021e-4
王恩澍,PERSON,1,3.498950314905528e-4,2.7132389049422986e-4,0,7.631257631257631e-5
王慈生,PERSON,1,3.498950314905528e-4,0.0031306601372995875,0,9.189487226612754e-5
王憲臣,PERSON,6,0.002099370188943317,0.025324511572369656,25.76332927674104,9.419743782969103e-5
王振卿,PERSON,6,0.002099370188943317,0.0049004057977752175,0.35714285714285715,9.043226623259179e-5
王振漢,PERSON,5,0.0017494751574527643,0.036927113854369226,111.25207296254861,1.016053647632595e-4
王昌,PERSON,3,0.0010496850944716584,0.00172884434086903,0.6000000000000001,8.97827258035554e-5
王星,PERSON,1,3.498950314905528e-4,6.105286818437268e-4,0,8.991188635137565e-5
王春記,PERSON,5,0.0017494751574527643,0.01253917173430284,5.801204041916086,9.221689413500554e-5
王曉籟,PERSON,406,0.14205738278516444,0.7546210455189493,1846103.4109641009,1.839587932303164e-4
王會卿,PERSON,1,3.498950314905528e-4,2.713238904942297e-4,0,7.631257631257631e-5
王有蘭,PERSON,5,0.0017494751574527643,0.03248043040377027,122.42884231536944,1.0204081632653062e-4
王杏亭,PERSON,1,3.498950314905528e-4,0.0027410570073093856,0,9.147457006952067e-5
王東,PERSON,7,0.00244926522043387,0.04398571616066046,338.25992055156837,1.0379904504878556e-4
王東園,PERSON,14,0.00489853044086774,0.05807375918814499,1102.5911469266339,1.0544074230282581e-4
王正廷,PERSON,4,0.0013995801259622112,0.044137614288185065,204.4981450104454,1.0326311441553078e-4
王毅齋,PERSON,5,0.0017494751574527643,0.02219385143507007,6.572353543541185,9.394964299135663e-5
王渭選,PERSON,1,3.498950314905528e-4,0.01216157677095685,0,9.416195856873823e-5
王湘爾,PERSON,2,6.997900629811056e-4,0.0027794726140475613,0.030303030303030304,9.022013713460844e-5
王漢强,PERSON,13,0.004548635409377187,0.02048268480753993,9.521905096493331,9.054690329590728e-5
王煜麟五,PERSON,3,0.0010496850944716584,0.0054228397495946655,0.043478260869565216,9.082652134423252e-5
王珪孫,PERSON,8,0.0027991602519244225,0.004574781424082921,2.5454545454545463,8.99604174163368e-5
王益齋,PERSON,6,0.002099370188943317,0.01093558085618584,12.964578460577119,9.352787130564908e-5
王省,PERSON,6,0.002099370188943317,0.025324511572369656,25.76332927674104,9.419743782969103e-5
王秀山,PERSON,3,0.0010496850944716584,0.03279443186824267,84.74711153065155,1.0141987829614604e-4
王竹齋,PERSON,2,6.997900629811056e-4,0.002779472614047562,0.030303030303030304,9.022013713460844e-5
王笙甫,PERSON,2,6.997900629811056e-4,0.0024382162401395363,0.13336634980470596,9.038322487346348e-5
王範方,PERSON,3,0.0010496850944716584,0.005422839749594666,0.043478260869565216,9.082652134423252e-5
王義甫,PERSON,4,0.0013995801259622112,0.05918011131147288,420.0434809636866,1.0827197921177999e-4
王耀三,PERSON,8,0.0027991602519244225,0.004574781424082919,2.5454545454545463,8.99604174163368e-5
王聯生,PERSON,1,3.498950314905528e-4,5.913770755422806e-4,0,9.064539521392314e-5
王肇成,PERSON,4,0.0013995801259622112,0.04199654106434135,188.5840211302102,1.0307153164296021e-4
王肇泰,PERSON,1,3.498950314905528e-4,2.7132389049422986e-4,0,7.631257631257631e-5
王董,PERSON,14,0.00489853044086774,0.03268829332971288,45.30091917212842,9.286775631500742e-5
王西神,PERSON,8,0.0027991602519244225,0.004574781424082916,2.5454545454545463,8.99604174163368e-5
王角潘,PERSON,3,0.0010496850944716584,0.005422839749594666,0.043478260869565216,9.082652134423252e-5
王調甫,PERSON,15,0.005248425472358292,0.019898964492094537,22.04067929823549,9.216589861751152e-5
王賡廷,PERSON,2,6.997900629811056e-4,0.028808514234571057,7.2054926950237554,1.0050251256281407e-4
王贊,PERSON,6,0.002099370188943317,0.004900405797775215,0.35714285714285715,9.043226623259179e-5
王迪民,PERSON,1,3.498950314905528e-4,0.012161576770956846,0,9.416195856873823e-5
王逸公,PERSON,7,0.00244926522043387,0.04484216209559579,102.0971665367588,1.0092854259184497e-4
王道,PERSON,9,0.0031490552834149755,0.05357559317832142,2010.341218543888,1.0702054794520547e-4
王道尹,PERSON,2,6.997900629811056e-4,0.028808514234571047,7.2054926950237554,1.0050251256281407e-4
王選廷,PERSON,3,0.0010496850944716584,0.02797018264351107,78.85321438699829,1.017708121310808e-4
王錫榮,PERSON,6,0.002099370188943317,0.03327908714495998,104.25153527348195,1.0078613182826043e-4
王際亨,PERSON,5,0.0017494751574527643,0.022193851435070078,6.572353543541185,9.394964299135663e-5
王雅亭,PERSON,1,3.498950314905528e-4,0.02498485526605955,0,1.0048231511254019e-4
王雲五,PERSON,9,0.0031490552834149755,0.06594284788085401,1384.3453993588582,1.1010790574763268e-4
王震,PERSON,6,0.002099370188943317,0.0054075889017716925,5.244804553253112,9.157509157509158e-5
王鞠如,PERSON,21,0.00734779566130161,0.05993924672301926,8152.91006660961,1.0185373803218578e-4
王順興,PERSON,3,0.0010496850944716584,0.0029315340694461675,0.15789473684210525,9.000900090009e-5
王頌堅,PERSON,5,0.0017494751574527643,0.005537555965601916,20.396245249116063,9.030160736861116e-5
王顯華,PERSON,3,0.0010496850944716584,0.001810122779928665,0.2727272727272727,8.987956138774042e-5
王餘卿,PERSON,6,0.002099370188943317,0.039260905117992864,63.14114436675733,1.0195758564437195e-4
王駿生,PERSON,5,0.0017494751574527643,0.026375589920567405,226.504205742953,9.735202492211838e-5
王鶴記,PERSON,1,3.498950314905528e-4,5.913770755422807e-4,0,9.064539521392314e-5
玠張,PERSON,8,0.0027991602519244225,0.044504124540533936,402.35903684309386,1.0315659170621003e-4
珊洋,PERSON,4,0.0013995801259622112,0.0058965041115195144,9.45929053129305,9.240436148586214e-5
珏倪,PERSON,3,0.0010496850944716584,0.017681718133586138,54.55258105377394,9.604302727621975e-5
珪欠,PERSON,1,3.498950314905528e-4,6.804757976775176e-4,0,9.043226623259179e-5
理譚,PERSON,4,0.0013995801259622112,0.008510594932843563,4.907686957548111,9.149130832570906e-5
琦來,PERSON,5,0.0017494751574527643,0.014575226074174772,53.77222100787469,9.393199323689649e-5
瑞昌泰五元,PERSON,6,0.002099370188943317,0.010935580856185843,12.964578460577119,9.352787130564908e-5
瑞盛三元,PERSON,6,0.002099370188943317,0.01093558085618584,12.964578460577119,9.352787130564908e-5
瑞祥,PERSON,13,0.004548635409377187,0.01755669020004681,15.423711249988319,9.213193292795283e-5
瑞隆,PERSON,4,0.0013995801259622112,0.005896504111519517,9.45929053129305,9.240436148586214e-5
瑤泉,PERSON,3,0.0010496850944716584,0.017681718133586134,54.55258105377394,9.604302727621975e-5
璋德,PERSON,1,3.498950314905528e-4,8.604946376107044e-4,0,9.345794392523364e-5
甘仲琴,PERSON,3,0.0010496850944716584,0.005316071372960604,0.1111111111111111,9.018759018759019e-5
生其恕,PERSON,5,0.0017494751574527643,0.01253917173430284,5.801204041916086,9.221689413500554e-5
生孟,PERSON,1,3.498950314905528e-4,0.012161576770956846,0,9.416195856873823e-5
生蔣,PERSON,9,0.0031490552834149755,0.02650408960113129,36.39940887238378,9.243852837862822e-5
生訴,PERSON,1,3.498950314905528e-4,6.804757976775166e-4,0,9.043226623259179e-5
生金,PERSON,5,0.0017494751574527643,0.01253917173430284,5.801204041916086,9.221689413500554e-5
甫張,PERSON,3,0.0010496850944716584,0.06018096830502639,278.07412910106825,1.0799136069114471e-4
甫議,PERSON,2,6.997900629811056e-4,0.001642962111484987,0.05263157894736842,8.999280057595392e-5
甫陶,PERSON,3,0.0010496850944716584,0.017681718133586138,54.55258105377394,9.604302727621975e-5
甯波旅滬同鄉,ORG,12,0.004198740377886634,0.040709413690092545,3104.3609779842805,1.2090436464756378e-4
田中,PERSON,4,0.0013995801259622112,0.014237481990472449,13.7883226237342,9.324878776575905e-5
田子,PERSON,1,3.498950314905528e-4,0.0027410570073093847,0,9.147457006952067e-5
田孜郎,PERSON,5,0.0017494751574527643,0.06103862308690613,282.85976271117323,1.0787486515641856e-4
田時,PERSON,55,0.019244226731980407,0.1771892634190918,30412.68755054057,1.2007684918347742e-4
田時霖,PERSON,4,0.0013995801259622112,0.004524930553998735,11.196266992025524,9.025270758122743e-5
田永祥,PERSON,4,0.0013995801259622112,0.004908955510710156,0.2504434411411156,9.04649900488511e-5
田澍,PERSON,5,0.0017494751574527643,0.048379304876950996,326.5133838925606,1.0401497815685458e-4
田祈,PERSON,31,0.010846745976207137,0.12435968798391404,9869.481856939163,1.1368804001819008e-4
田莘,PERSON,2,6.997900629811056e-4,0.0027794726140475626,0.030303030303030304,9.022013713460844e-5
田資民,PERSON,3,0.0010496850944716584,0.005422839749594668,0.043478260869565216,9.082652134423252e-5
田邊,PERSON,5,0.0017494751574527643,0.061038623086906094,282.85976271117323,1.0787486515641856e-4
甲子社出版部,ORG,27,0.009447165850244927,0.04594095345564888,9323.663293274474,1.2134449702705982e-4
申如,PERSON,4,0.0013995801259622112,0.01690644710804578,24.169285414336134,9.457159069415548e-5
申新公司,ORG,139,0.04863540937718684,0.21822976814854855,80465.18249210347,1.2507817385866166e-4
畊莘,PERSON,1,3.498950314905528e-4,0.0263856794432303,0,1.017293997965412e-4
略章,PERSON,1,3.498950314905528e-4,0.00226209742682202,0,9.023641941887746e-5
當盧,PERSON,2,6.997900629811056e-4,0.0033796603784281894,1.036859949134382,9.120758847136082e-5
登單,PERSON,2,6.997900629811056e-4,0.027406219161420428,9.60558670129065,1.0050251256281407e-4
登孫梅堂,PERSON,1,3.498950314905528e-4,0.001631494632386737,0,9.028530155290719e-5
登林炎夫,PERSON,6,0.002099370188943317,0.039260905117992864,63.14114436675733,1.0195758564437195e-4
登毛,PERSON,3,0.0010496850944716584,0.008601811905454313,3.0060513372341227,9.119095385737735e-5
發兌街嬰製藥公司,ORG,8,0.0027991602519244225,0.025240876392245603,2121.3507510767945,1.2078753472641623e-4
發袁,PERSON,1,3.498950314905528e-4,2.713238904942292e-4,0,7.631257631257631e-5
白十字會,ORG,13,0.004548635409377187,0.04680221692948691,3021.7710699408603,1.210507202517855e-4
白寶,PERSON,4,0.0013995801259622112,0.06621145130481151,469.3962529517044,1.0926573426573427e-4
白寶山,PERSON,4,0.0013995801259622112,0.06621145130481151,469.3962529517044,1.0926573426573427e-4
白憲,PERSON,4,0.0013995801259622112,0.03437897151017486,186.83622611412275,1.0298661174047374e-4
白爾錦,PERSON,5,0.0017494751574527643,0.046252592854148684,189.07443299003256,1.0375596596804317e-4
白華洋德律風有限公司,ORG,75,0.026242127361791462,0.13055711898517589,22273.194182177795,1.2473493825620557e-4
白譒,PERSON,5,0.0017494751574527643,0.06103862308690611,282.85976271117323,1.0787486515641856e-4
百侯丁國,PERSON,1,3.498950314905528e-4,0.001004939327814286,0,9.005763688760806e-5
百男陳勇,PERSON,1,3.498950314905528e-4,0.001631494632386737,0,9.028530155290719e-5
皮立,PERSON,5,0.0017494751574527643,0.019833408775946134,17.00951251878744,9.240436148586214e-5
盛永泰篾作店於昨晨一時,ORG,18,0.006298110566829951,0.04708738281397285,10348.20154630565,1.210800339024095e-4
盛潘,PERSON,2,6.997900629811056e-4,0.0022703457932781927,0.07142857142857142,8.991188635137565e-5
盛灼,PERSON,7,0.00244926522043387,0.03857486689734415,481.197851251786,1.0245901639344262e-4
盛炳,PERSON,3,0.0010496850944716584,0.005316071372960601,0.1111111111111111,9.018759018759019e-5
盛竹,PERSON,43,0.015045486354093772,0.18085464448497232,17045.94017431226,1.1993283761093787e-4
盛竹書,PERSON,2,6.997900629811056e-4,0.02740621916142042,9.60558670129065,1.0050251256281407e-4
盛筱,PERSON,6,0.002099370188943317,0.02532451157236965,25.76332927674104,9.419743782969103e-5
盛邦,PERSON,1,3.498950314905528e-4,8.604946376107045e-4,0,9.345794392523364e-5
盛鍾,PERSON,10,0.0034989503149055285,0.006040622128142478,90.44660624987546,9.201324990798675e-5
監察金,PERSON,4,0.0013995801259622112,0.004908955510710158,0.2504434411411156,9.04649900488511e-5
監督交涉署,ORG,33,0.011546536039188244,0.1149126200335996,4538.287591320489,1.2152144853566654e-4
盧信隆,PERSON,18,0.006298110566829951,0.12069010971063317,3794.7697993270403,1.1389521640091117e-4
盧煒昌,PERSON,4,0.0013995801259622112,0.04199654106434135,188.5840211302102,1.0307153164296021e-4
盧督,PERSON,5,0.0017494751574527643,0.008095543987008163,58.95413456158846,9.064539521392314e-5
直方,PERSON,1,3.498950314905528e-4,0.01216157677095685,0,9.416195856873823e-5
相律,PERSON,5,0.0017494751574527643,0.0038992569605847596,146.87295949236471,9.398496240601504e-5
省敎育會,ORG,44,0.015395381385584325,0.1233348551951399,9850.242210075807,1.2220457045093486e-4
省敎育會長,ORG,12,0.004198740377886634,0.04070941369009254,3104.3609779842805,1.2090436464756378e-4
矜蘋,PERSON,1,3.498950314905528e-4,0.0016314946323867357,0,9.028530155290719e-5
矢田,PERSON,8,0.0027991602519244225,0.0690563533372621,802.1259128256413,1.0824853864472829e-4
石傳兩會,ORG,37,0.012946116165150455,0.1449141750068715,5136.216275253986,1.218769043266301e-4
石劉,PERSON,1,3.498950314905528e-4,0.003569831012244293,0,9.109127345600292e-5
石石,PERSON,2,6.997900629811056e-4,0.00337966037842819,1.036859949134382,9.120758847136082e-5
石芝,PERSON,4,0.0013995801259622112,0.03646552164205707,95.58152287102672,1.0144045445323595e-4
石芝坤,PERSON,46,0.01609517144856543,0.18107866202993955,15532.2535493361,1.1676786548341896e-4
石蓀,PERSON,1,3.498950314905528e-4,0.0035698310122442936,0,9.109127345600292e-5
石補,PERSON,6,0.002099370188943317,0.025324511572369656,25.76332927674104,9.419743782969103e-5
石運,PERSON,21,0.00734779566130161,0.10487542155762818,11798.262946654228,1.1428571428571428e-4
砂田,PERSON,5,0.0017494751574527643,0.06103862308690607,282.85976271117323,1.0787486515641856e-4
礦學校,ORG,18,0.006298110566829951,0.028417505522744246,16235.517033237009,1.210800339024095e-4
礪卿,PERSON,15,0.005248425472358292,0.019898964492094547,22.04067929823549,9.216589861751152e-5
祈原,PERSON,12,0.004198740377886634,0.08126534415557045,1267.6246048975847,1.0957703265395574e-4
祖權,PERSON,3,0.0010496850944716584,0.002931534069446168,0.15789473684210525,9.000900090009e-5
祖衡,PERSON,1,3.498950314905528e-4,8.604946376107044e-4,0,9.345794392523364e-5
祖謙,PERSON,1,3.498950314905528e-4,8.604946376107041e-4,0,9.345794392523364e-5
祖陸,PERSON,1,3.498950314905528e-4,2.71323890494231e-4,0,7.631257631257631e-5
祝大椿,PERSON,4,0.0013995801259622112,0.03650772817748963,389.27815651913,1.0403662089055348e-4
祝廷玉,PERSON,13,0.004548635409377187,0.017556690200046823,15.423711249988319,9.213193292795283e-5
祝徐,PERSON,5,0.0017494751574527643,0.030714224591088444,172.14750855261087,1.0181225819588678e-4
祝星,PERSON,2,6.997900629811056e-4,0.0027794726140475626,0.030303030303030304,9.022013713460844e-5
祝紹,PERSON,3,0.0010496850944716584,0.005316071372960602,0.1111111111111111,9.018759018759019e-5
祝蘭,PERSON,35,0.01224632610216935,0.19106717720314584,11133.323984457076,1.1976047904191617e-4
祝蘭舫,PERSON,1,3.498950314905528e-4,0.026385679443230302,0,1.017293997965412e-4
祝蘭芳,PERSON,13,0.004548635409377187,0.08486078028831844,710.685137014009,1.0822510822510823e-4
祥定,PERSON,6,0.002099370188943317,0.005407588901771696,5.244804553253112,9.157509157509158e-5
祥浩,PERSON,2,6.997900629811056e-4,0.011593124225589104,4.921870725530944,9.45000945000945e-5
祥生,PERSON,3,0.0010496850944716584,0.005422839749594669,0.043478260869565216,9.082652134423252e-5
祥臻,PERSON,7,0.00244926522043387,0.004548188331787627,1.7052631578947364,9.015506671474937e-5
祥鄭,PERSON,6,0.002099370188943317,0.03926090511799286,63.14114436675733,1.0195758564437195e-4
票方,PERSON,7,0.00244926522043387,0.02101052410202102,13.74293537419925,9.386146048432514e-5
禁陸,PERSON,2,6.997900629811056e-4,0.0011192573929271997,0.16666666666666666,8.97827258035554e-5
福同,PERSON,9,0.0031490552834149755,0.0400387481168185,167.6868784025236,1.008471157724889e-4
福和公司,ORG,71,0.02484254723582925,0.1066766171878122,38856.8437800349,1.2265423770391266e-4
福建陸軍第一師,ORG,13,0.004548635409377187,0.033277264018074335,1962.271817492258,1.2102142079148009e-4
福昌烟草公司,ORG,29,0.010146955913226032,0.08018486179684577,3963.1867122452136,1.2175818823815901e-4
福民,PERSON,7,0.00244926522043387,0.00454818833178763,1.7052631578947364,9.015506671474937e-5
福泉,PERSON,1,3.498950314905528e-4,0.02498485526605955,0,1.0048231511254019e-4
福泰二,PERSON,5,0.0017494751574527643,0.012539171734302836,5.801204041916086,9.221689413500554e-5
福源德記,PERSON,6,0.002099370188943317,0.010935580856185838,12.964578460577119,9.352787130564908e-5
福生,PERSON,5,0.0017494751574527643,0.01983340877594613,17.00951251878744,9.240436148586214e-5
福社會,ORG,11,0.003848845346396081,0.021672653123855395,3296.1894299344517,1.2087513598452798e-4
福祺,PERSON,4,0.0013995801259622112,0.008510594932843563,4.907686957548111,9.149130832570906e-5
禧候,PERSON,1,3.498950314905528e-4,8.604946376107055e-4,0,9.345794392523364e-5
禮敦,PERSON,4,0.0013995801259622112,0.030713980880071764,394.5454827964037,1.016053647632595e-4
禮查飯店,ORG,19,0.006648005598320504,0.03703440820052263,13579.467835205514,1.2110936175366356e-4
禱虞,PERSON,3,0.0010496850944716584,0.008017730250356028,0.1,9.018759018759019e-5
萬印樓,PERSON,1,3.498950314905528e-4,0.0027410570073093847,0,9.147457006952067e-5
萬國木植材料物劵交易所,ORG,32,0.01119664100769769,0.024991557319847268,10345.46006482268,1.2149192078726765e-4
萬振聲,PERSON,5,0.0017494751574527643,0.022193851435070067,6.572353543541185,9.394964299135663e-5
秉文,PERSON,1,3.498950314905528e-4,0.0031829842504564375,0,9.028530155290719e-5
秋士,PERSON,3,0.0010496850944716584,0.005422839749594669,0.043478260869565216,9.082652134423252e-5
秋孫,PERSON,4,0.0013995801259622112,0.04413761428818505,204.4981450104454,1.0326311441553078e-4
秋山,PERSON,5,0.0017494751574527643,0.061038623086906114,282.85976271117323,1.0787486515641856e-4
秋禧,PERSON,7,0.00244926522043387,0.004548188331787629,1.7052631578947364,9.015506671474937e-5
科北洋,ORG,39,0.01364590622813156,0.07892473152136407,7903.18934841896,1.2169891687963977e-4
科王,PERSON,13,0.004548635409377187,0.020482684807539935,9.521905096493331,9.054690329590728e-5
科蔣,PERSON,13,0.004548635409377187,0.020482684807539932,9.521905096493331,9.054690329590728e-5
科陳,PERSON,13,0.004548635409377187,0.020482684807539932,9.521905096493331,9.054690329590728e-5
秦潤卿,PERSON,18,0.006298110566829951,0.07294124177154929,6218.573552901033,1.0690613641223006e-4
秦然,PERSON,4,0.0013995801259622112,0.04199654106434135,188.5840211302102,1.0307153164296021e-4
秦聯,PERSON,4,0.0013995801259622112,0.06706587448883669,764.1285364773955,1.1030222810500772e-4
秦鄂芳,PERSON,5,0.0017494751574527643,0.00461998947887386,44.000445054485006,9.079353550027238e-5
移傅,PERSON,5,0.0017494751574527643,0.0038992569605847583,146.87295949236471,9.398496240601504e-5
程湘,PERSON,6,0.002099370188943317,0.02532451157236965,25.76332927674104,9.419743782969103e-5
程炳,PERSON,3,0.0010496850944716584,0.0021774283915902432,0.044117647058823525,9.174311926605505e-5
程蘭亭,PERSON,3,0.0010496850944716584,0.038010848064172625,213.96587707054763,1.0277492291880781e-4
程霖生,PERSON,6,0.002099370188943317,0.02532451157236966,25.76332927674104,9.419743782969103e-5
稷菴于,PERSON,1,3.498950314905528e-4,0.012161576770956856,0,9.416195856873823e-5
稻香村,PERSON,4,0.0013995801259622112,0.03901578739198689,1477.7595098922018,1.0319917440660474e-4
穆抒,PERSON,2,6.997900629811056e-4,0.038547256214187156,269.28318968408803,1.049317943336831e-4
穆抒齊,PERSON,1,3.498950314905528e-4,0.006463036997841814,0,9.344047841524949e-5
穆抒齋,PERSON,7,0.00244926522043387,0.02101052410202101,13.74293537419925,9.386146048432514e-5
穆杼,PERSON,2,6.997900629811056e-4,0.0027794726140475618,0.030303030303030304,9.022013713460844e-5
穆杼齋,PERSON,4,0.0013995801259622112,0.016906447108045782,24.169285414336134,9.457159069415548e-5
穆湘瑶,PERSON,1,3.498950314905528e-4,0.002586337203146293,0,9.177679882525697e-5
穆藕,PERSON,14,0.00489853044086774,0.11038957350627895,4579.961506490488,1.1595547309833024e-4
積璠,PERSON,3,0.0010496850944716584,0.028656025236508505,239.35854353545247,1.0187449062754686e-4
竇耀庭,PERSON,5,0.0017494751574527643,0.00324725528769077,0.47619047619047616,9.007386056566384e-5
立侯,PERSON,3,0.0010496850944716584,0.002177428391590244,0.044117647058823525,9.174311926605505e-5
立明,PERSON,1,3.498950314905528e-4,0.0015736306807737298,0,9.082652134423252e-5
立朝,PERSON,1,3.498950314905528e-4,5.91377075542281e-4,0,9.064539521392314e-5
童子軍,ORG,60,0.02099370188943317,0.09802048905774417,76514.10174285801,1.2439358129120537e-4
童蒙,PERSON,1,3.498950314905528e-4,2.713238904942296e-4,0,7.631257631257631e-5
童詩,PERSON,5,0.0017494751574527643,0.07922745125979358,1444.5198980531761,1.124859392575928e-4
端木,PERSON,8,0.0027991602519244225,0.0632984708390921,1023.8759064053631,1.0883761427949499e-4
竹平,PERSON,5,0.0017494751574527643,0.061038623086906114,282.85976271117323,1.0787486515641856e-4
竹書,PERSON,1,3.498950314905528e-4,0.02638567944323031,0,1.017293997965412e-4
竹筠,PERSON,2,6.997900629811056e-4,0.004438735872403428,0.9150671816992041,9.18105031215571e-5
竹軒,PERSON,4,0.0013995801259622112,0.0027622195044121867,36.09270376856389,9.009009009009009e-5
竹馨,PERSON,4,0.0013995801259622112,0.008510594932843564,4.907686957548111,9.149130832570906e-5
竹齋,PERSON,2,6.997900629811056e-4,0.002779472614047562,0.030303030303030304,9.022013713460844e-5
竺梅,PERSON,7,0.00244926522043387,0.02101052410202101,13.74293537419925,9.386146048432514e-5
笙朱,PERSON,4,0.0013995801259622112,0.06706587448883669,764.1285364773955,1.1030222810500772e-4
笙王,PERSON,2,6.997900629811056e-4,0.0016429621114849857,0.05263157894736842,8.999280057595392e-5
笙謂王,PERSON,1,3.498950314905528e-4,0.003788608505992653,0,9.069472156720479e-5
笙陳,PERSON,1,3.498950314905528e-4,0.0037886085059926538,0,9.069472156720479e-5
笙龔,PERSON,3,0.0010496850944716584,0.0021774283915902437,0.044117647058823525,9.174311926605505e-5
笛漁,PERSON,1,3.498950314905528e-4,0.002638389401906468,0,9.05961224859576e-5
笥陸,PERSON,1,3.498950314905528e-4,8.604946376107034e-4,0,9.345794392523364e-5
筠裴,PERSON,3,0.0010496850944716584,0.0054228397495946655,0.043478260869565216,9.082652134423252e-5
筱庵,PERSON,5,0.0017494751574527643,0.06041173630785377,276.6725899116573,1.0782833728703904e-4
筱珊,PERSON,14,0.00489853044086774,0.03399320761652348,4043.109899910074,1.0018032458425165e-4
箎馮,PERSON,3,0.0010496850944716584,0.0021774283915902432,0.044117647058823525,9.174311926605505e-5
管懋,PERSON,8,0.0027991602519244225,0.04450412454053395,402.35903684309386,1.0315659170621003e-4
管芷卿,PERSON,2,6.997900629811056e-4,0.027406219161420418,9.60558670129065,1.0050251256281407e-4
管見,PERSON,4,0.0013995801259622112,0.04413761428818505,204.4981450104454,1.0326311441553078e-4
管趾,PERSON,1,3.498950314905528e-4,0.003130660137299588,0,9.189487226612754e-5
管趾卿,PERSON,9,0.0031490552834149755,0.0587015796125597,1395.3568040486568,1.0651896037494674e-4
箴七,PERSON,7,0.00244926522043387,0.02101052410202102,13.74293537419925,9.386146048432514e-5
箴得,PERSON,5,0.0017494751574527643,0.03248043040377028,122.42884231536944,1.0204081632653062e-4
築公司,ORG,33,0.011546536039188244,0.10966038713648671,3634.919291691618,1.218769043266301e-4
簡玉,PERSON,9,0.0031490552834149755,0.08886336133537451,1412.6097656186773,1.1168192986374804e-4
籟江,PERSON,8,0.0027991602519244225,0.06436921720008029,1071.9288356956502,1.0996261271167803e-4
米里紋吉,PERSON,5,0.0017494751574527643,0.06103862308690613,282.85976271117323,1.0787486515641856e-4
粤僑商業聯合會潮州會館嘉應同鄕會,ORG,10,0.0034989503149055285,0.03618031843521712,826.8179727685524,1.2084592145015106e-4
精勤初高級小學,ORG,11,0.003848845346396081,0.021672653123855398,3296.1894299344517,1.2087513598452798e-4
精勤小學,ORG,11,0.003848845346396081,0.021672653123855398,3296.1894299344517,1.2087513598452798e-4
精審云,ORG,11,0.003848845346396081,0.021672653123855395,3296.1894299344517,1.2087513598452798e-4
精武體育,ORG,24,0.008397480755773267,0.05838315663297885,3274.124890804126,1.2125621438098702e-4
糖行張,PERSON,3,0.0010496850944716584,0.0034709013433613734,0.10714285714285714,9.015506671474937e-5
紀望,PERSON,3,0.0010496850944716584,0.005422839749594665,0.043478260869565216,9.082652134423252e-5
紀顧,PERSON,3,0.0010496850944716584,0.005316071372960605,0.1111111111111111,9.018759018759019e-5
紅十字會,ORG,47,0.016445066480055982,0.15425586678278186,7313.733460675933,1.2408487405385284e-4
紅擴,PERSON,5,0.0017494751574527643,0.06041173630785375,276.6725899116573,1.0782833728703904e-4
紗業公所,ORG,2,6.997900629811056e-4,0.02077048514329563,161.42483145166176,1.2061271257990592e-4
素持,PERSON,2,6.997900629811056e-4,0.0011192573929272001,0.16666666666666666,8.97827258035554e-5
紫垣,PERSON,3,0.0010496850944716584,0.005422839749594667,0.043478260869565216,9.082652134423252e-5
紳張,PERSON,7,0.00244926522043387,0.004548188331787631,1.7052631578947364,9.015506671474937e-5
紹先,PERSON,6,0.002099370188943317,0.004900405797775217,0.35714285714285715,9.043226623259179e-5
紹台工商協助,ORG,18,0.006298110566829951,0.047087382813972845,10348.20154630565,1.210800339024095e-4
紹寛,PERSON,7,0.00244926522043387,0.00454818833178763,1.7052631578947364,9.015506671474937e-5
紹興七縣同鄉會,ORG,52,0.01819454163750875,0.12288485929184428,18473.87140188391,1.224439818782907e-4
紹興同,ORG,98,0.034289713086074175,0.16886756630448038,48715.00247413976,1.2371644191513053e-4
統希,PERSON,1,3.498950314905528e-4,0.0010540292106373586,0,8.991188635137565e-5
經仲,PERSON,4,0.0013995801259622112,0.04199654106434135,188.5840211302102,1.0307153164296021e-4
經張,PERSON,4,0.0013995801259622112,0.042610768481225796,233.1355101286611,1.032844453625284e-4
經濟部,ORG,38,0.013296011196641007,0.061832579899902096,72185.09767457836,1.2166930283489475e-4
經疇,PERSON,9,0.0031490552834149755,0.040038748116818484,167.6868784025236,1.008471157724889e-4
經趙,PERSON,5,0.0017494751574527643,0.06424914058772031,583.7045320946331,1.086484137331595e-4
維鏞,PERSON,10,0.0034989503149055285,0.08636788858571753,1062.1775350066594,1.0991426687183997e-4
綺錢,PERSON,1,3.498950314905528e-4,0.012161576770956853,0,9.416195856873823e-5
總事務,ORG,11,0.003848845346396081,0.05818626332630949,681.7912478991,1.2087513598452798e-4
總務科,ORG,68,0.023792862141357594,0.027507704147813398,56114.19942835988,1.2426991425375916e-4
總商會保管委,ORG,14,0.00489853044086774,0.07136832368286876,1450.435556536338,1.2286521685710776e-4
總商會商事公斷,ORG,34,0.011896431070678797,0.12063302206428839,22872.37430025583,1.2166930283489475e-4
總商會會,ORG,33,0.011546536039188244,0.10966038713648663,3634.919291691618,1.218769043266301e-4
總商會民治委,ORG,43,0.015045486354093772,0.10154098089001073,19420.38538134441,1.2359411692003462e-4
總商會鑒,ORG,6,0.002099370188943317,0.011438039068147861,48.82668464516651,8.862891075068687e-5
總商會關稅委,ORG,28,0.00979706088173548,0.10532515431279102,6986.136695995804,1.2137395314965408e-4
總商會關稅委員會,ORG,15,0.005248425472358292,0.08716715367744095,1375.0095543031066,1.2265423770391266e-4
總商會關税會議委,ORG,6,0.002099370188943317,0.027722134782360686,1023.84648727256,1.2274456855284154e-4
總商會關税自主促成,ORG,15,0.005248425472358292,0.05963957396509188,12594.86711264588,1.2265423770391266e-4
總工會,ORG,38,0.013296011196641007,0.09560583101735884,5999.51312463747,1.2190661952944045e-4
總稅務,ORG,6,0.002099370188943317,0.04367819739808122,136.7295787034861,1.2072920439454304e-4
繼宗,PERSON,1,3.498950314905528e-4,2.7132389049423116e-4,0,7.631257631257631e-5
繼鏞,PERSON,1,3.498950314905528e-4,0.012161576770956842,0,9.416195856873823e-5
羅平,PERSON,3,0.0010496850944716584,0.0029315340694461693,0.15789473684210525,9.000900090009e-5
羅松,PERSON,1,3.498950314905528e-4,5.913770755422802e-4,0,9.064539521392314e-5
羅正緯,PERSON,5,0.0017494751574527643,0.027231161474757095,234.87438053744998,1.0056315366049879e-4
羅滋琴,PERSON,2,6.997900629811056e-4,0.011593124225589111,4.921870725530944,9.45000945000945e-5
羅隆基,PERSON,8,0.0027991602519244225,0.0643692172000803,1071.9288356956502,1.0996261271167803e-4
美大號仁壽堂,PERSON,1,3.498950314905528e-4,5.913770755422807e-4,0,9.064539521392314e-5
美祥,PERSON,13,0.004548635409377187,0.01755669020004682,15.423711249988319,9.213193292795283e-5
美記華珍,ORG,24,0.008397480755773267,0.058383156632978814,3274.124890804126,1.2125621438098702e-4
美麗菜館,ORG,9,0.0031490552834149755,0.04276884742740068,3075.603732099857,1.2081672103419114e-4
義孫,PERSON,6,0.002099370188943317,0.005407588901771696,5.244804553253112,9.157509157509158e-5
義甫,PERSON,6,0.002099370188943317,0.004900405797775215,0.35714285714285715,9.043226623259179e-5
義聲,PERSON,1,3.498950314905528e-4,8.604946376107036e-4,0,9.345794392523364e-5
翁友,PERSON,4,0.0013995801259622112,0.005808773822992169,11.250544539101314,9.182736455463728e-5
翁國,PERSON,12,0.004198740377886634,0.10283920412823991,2230.688021918874,1.1180679785330948e-4
翁子,PERSON,1,3.498950314905528e-4,0.0010049393278142855,0,9.005763688760806e-5
翁寅,PERSON,11,0.003848845346396081,0.060993673288632234,1968.474014597834,1.0584250635055038e-4
翊庭,PERSON,25,0.00874737578726382,0.13160798333389986,9043.00266386332,1.1496895838123707e-4
翊廷,PERSON,13,0.004548635409377187,0.020482684807539935,9.521905096493331,9.054690329590728e-5
翰臣,PERSON,6,0.002099370188943317,0.010935580856185845,12.964578460577119,9.352787130564908e-5
翰鍾,PERSON,1,3.498950314905528e-4,0.001004939327814286,0,9.005763688760806e-5
耀庭,PERSON,4,0.0013995801259622112,0.017584416520551514,1107.028508998537,9.534706331045004e-5
老九,PERSON,5,0.0017494751574527643,0.03844573305892592,81.98662607828392,1.0088781275221953e-4
老介福,PERSON,5,0.0017494751574527643,0.038445733058925916,81.98662607828392,1.0088781275221953e-4
老匯路商聯會,ORG,33,0.011546536039188244,0.12317913804969707,2539.310150273722,1.2152144853566654e-4
考司,PERSON,5,0.0017494751574527643,0.019833408775946127,17.00951251878744,9.240436148586214e-5
耕棠,PERSON,1,3.498950314905528e-4,5.560185810174022e-4,0,8.986340762041697e-5
聖約翰大學,ORG,88,0.03079076277116865,0.17370397580208125,35234.58960290522,1.231678778174652e-4
聖階,PERSON,1,3.498950314905528e-4,8.604946376107059e-4,0,9.345794392523364e-5
聘三,PERSON,3,0.0010496850944716584,0.0021774283915902463,0.044117647058823525,9.174311926605505e-5
聞巳,PERSON,3,0.0010496850944716584,0.006410523223578547,0.13043478260869565,9.020386072523904e-5
聞王,PERSON,1,3.498950314905528e-4,0.006237205624687284,0,9.271277582050807e-5
聞盛潘,PERSON,2,6.997900629811056e-4,0.0022703457932781927,0.07142857142857142,8.991188635137565e-5
聞蘭亭,PERSON,74,0.02589223233030091,0.25274404652940063,33782.66211244604,1.2189176011701609e-4
聞項,PERSON,1,3.498950314905528e-4,0.012161576770956847,0,9.416195856873823e-5
聨益善會,ORG,11,0.003848845346396081,0.021672653123855384,3296.1894299344517,1.2087513598452798e-4
聨絡省敎育會,ORG,16,0.005598320503848845,0.04674233226432569,3871.93107836021,1.2102142079148009e-4
聯合交易所股份有限公司,ORG,21,0.00734779566130161,0.024613770471042,9872.543587005346,1.2116806009935781e-4
聯席會議,ORG,31,0.010846745976207137,0.054614094599316765,20239.59074312506,1.2146240738491437e-4
聯芳,PERSON,5,0.0017494751574527643,0.019833408775946127,17.00951251878744,9.240436148586214e-5
聲余,PERSON,7,0.00244926522043387,0.021010524102021016,13.74293537419925,9.386146048432514e-5
聲沈,PERSON,6,0.002099370188943317,0.004900405797775216,0.35714285714285715,9.043226623259179e-5
聶云台,PERSON,1,3.498950314905528e-4,0.003182984250456439,0,9.028530155290719e-5
聶其杰,PERSON,1,3.498950314905528e-4,0.0263856794432303,0,1.017293997965412e-4
聶德聲,PERSON,1,3.498950314905528e-4,0.01216157677095685,0,9.416195856873823e-5
聶雲台,PERSON,4,0.0013995801259622112,0.06621145130481153,469.3962529517044,1.0926573426573427e-4
肇安,PERSON,6,0.002099370188943317,0.005407588901771691,5.244804553253112,9.157509157509158e-5
股份有限公司條例,ORG,68,0.023792862141357594,0.02750770414781341,56114.19942835988,1.2426991425375916e-4
股余,PERSON,8,0.0027991602519244225,0.06329847083909211,1023.8759064053631,1.0883761427949499e-4
股連,PERSON,8,0.0027991602519244225,0.06329847083909211,1023.8759064053631,1.0883761427949499e-4
股邵,PERSON,8,0.0027991602519244225,0.06329847083909207,1023.8759064053631,1.0883761427949499e-4
胡一淸,PERSON,1,3.498950314905528e-4,5.913770755422812e-4,0,9.064539521392314e-5
胡元記,PERSON,1,3.498950314905528e-4,5.913770755422805e-4,0,9.064539521392314e-5
胡哲生,PERSON,6,0.002099370188943317,0.014170666366689566,485.5567857846354,9.276437847866419e-5
胡啓慧,PERSON,1,3.498950314905528e-4,5.913770755422813e-4,0,9.064539521392314e-5
胡宗銓,PERSON,2,6.997900629811056e-4,0.028472969110081695,11.83438428601363,1.0175010175010175e-4
胡幼腴,PERSON,6,0.002099370188943317,0.02532451157236965,25.76332927674104,9.419743782969103e-5
胡愈,PERSON,9,0.0031490552834149755,0.026504089601131306,36.39940887238378,9.243852837862822e-5
胡振緒,PERSON,4,0.0013995801259622112,0.05918011131147294,420.0434809636866,1.0827197921177999e-4
胡斯整,PERSON,8,0.0027991602519244225,0.04369964099039628,456.7589992521881,1.0258514567090685e-4
胡春泉,PERSON,4,0.0013995801259622112,0.03071398088007177,394.5454827964037,1.016053647632595e-4
胡格生,PERSON,17,0.005948215535339398,0.06064881371031214,1494.7914079283196,1.0418837257762034e-4
胡江,PERSON,1,3.498950314905528e-4,8.604946376107042e-4,0,9.345794392523364e-5
胡沛然,PERSON,2,6.997900629811056e-4,0.028241007526790707,11.68337995842968,1.0175010175010175e-4
胡渭卿,PERSON,3,0.0010496850944716584,0.005422839749594666,0.043478260869565216,9.082652134423252e-5
胡炳,PERSON,1,3.498950314905528e-4,8.604946376107055e-4,0,9.345794392523364e-5
胡炳旒,PERSON,5,0.0017494751574527643,0.027231161474757102,234.87438053744998,1.0056315366049879e-4
胡熙生,PERSON,27,0.009447165850244927,0.09883475225784377,5319.81111351803,1.0715816545220746e-4
胡甸,PERSON,6,0.002099370188943317,0.07150461036124019,1774.4788804884654,1.1098779134295228e-4
胡石泉,PERSON,4,0.0013995801259622112,0.04199654106434135,188.5840211302102,1.0307153164296021e-4
胡耀庭,PERSON,4,0.0013995801259622112,0.008510594932843564,4.907686957548111,9.149130832570906e-5
胡詠業,PERSON,3,0.0010496850944716584,0.03801084806417262,213.96587707054763,1.0277492291880781e-4
胡諸,PERSON,1,3.498950314905528e-4,2.7132389049423024e-4,0,7.631257631257631e-5
胡魯,PERSON,7,0.00244926522043387,0.021010524102021012,13.74293537419925,9.386146048432514e-5
胥春瑜,PERSON,4,0.0013995801259622112,0.0058965041115195205,9.45929053129305,9.240436148586214e-5
膠濟,PERSON,1,3.498950314905528e-4,0.003130660137299588,0,9.189487226612754e-5
致和,PERSON,6,0.002099370188943317,0.010935580856185845,12.964578460577119,9.352787130564908e-5
致怡,PERSON,3,0.0010496850944716584,0.031017605120743117,488.4120338057807,1.030290541932825e-4
致果,PERSON,8,0.0027991602519244225,0.0772478469752066,1057.2366479623868,1.1018069634200089e-4
臼井哲夫,PERSON,5,0.0017494751574527643,0.06103862308690611,282.85976271117323,1.0787486515641856e-4
與吳,PERSON,1,3.498950314905528e-4,0.024984855266059546,0,1.0048231511254019e-4
與壽,PERSON,5,0.0017494751574527643,0.03692711385436924,111.25207296254861,1.016053647632595e-4
與蕭山,PERSON,5,0.0017494751574527643,0.03692711385436924,111.25207296254861,1.016053647632595e-4
與陳,PERSON,1,3.498950314905528e-4,0.024984855266059557,0,1.0048231511254019e-4
與齊,PERSON,2,6.997900629811056e-4,0.002779472614047562,0.030303030303030304,9.022013713460844e-5
興漢,PERSON,1,3.498950314905528e-4,2.7132389049423013e-4,0,7.631257631257631e-5
興蔣,PERSON,1,3.498950314905528e-4,8.604946376107051e-4,0,9.345794392523364e-5
興記烟草公司,ORG,23,0.008047585724282715,0.08098487966260925,6972.397752683323,1.2146240738491437e-4
舒卿,PERSON,5,0.0017494751574527643,0.004615644631729778,266.24974814331716,9.238728750923873e-5
舒惠楨,PERSON,9,0.0031490552834149755,0.06482835606406732,489.7779270607754,1.0392849719393057e-4
舜年,PERSON,3,0.0010496850944716584,0.017681718133586134,54.55258105377394,9.604302727621975e-5
舜記,PERSON,1,3.498950314905528e-4,5.913770755422805e-4,0,9.064539521392314e-5
舟王,PERSON,3,0.0010496850944716584,0.01768171813358613,54.55258105377394,9.604302727621975e-5
舫勞,PERSON,3,0.0010496850944716584,0.030125176001721564,42.0660529181624,1.017708121310808e-4
舫孫,PERSON,5,0.0017494751574527643,0.019833408775946127,17.00951251878744,9.240436148586214e-5
舫石,PERSON,3,0.0010496850944716584,0.041055824957214826,222.37390084261358,1.0423181154888472e-4
舫陸,PERSON,5,0.0017494751574527643,0.06041173630785378,276.6725899116573,1.0782833728703904e-4
良卿,PERSON,3,0.0010496850944716584,0.0021774283915902437,0.044117647058823525,9.174311926605505e-5
良吳,PERSON,3,0.0010496850944716584,0.002177428391590243,0.044117647058823525,9.174311926605505e-5
良槐,PERSON,2,6.997900629811056e-4,0.02824100752679069,11.68337995842968,1.0175010175010175e-4
良為,PERSON,5,0.0017494751574527643,0.005434018774233419,0.6666666666666666,9.010632546404758e-5
良玉,PERSON,9,0.0031490552834149755,0.06645867989533548,834.0084195781449,1.080613788631943e-4
艾戞,PERSON,3,0.0010496850944716584,0.0021774283915902454,0.044117647058823525,9.174311926605505e-5
芝庭,PERSON,14,0.00489853044086774,0.03268829332971287,45.30091917212842,9.286775631500742e-5
芳代,PERSON,3,0.0010496850944716584,0.04105582495721485,222.37390084261358,1.0423181154888472e-4
芳委,PERSON,4,0.0013995801259622112,0.06621145130481156,469.3962529517044,1.0926573426573427e-4
芳派,PERSON,8,0.0027991602519244225,0.06436921720008029,1071.9288356956502,1.0996261271167803e-4
芳淳,PERSON,1,3.498950314905528e-4,8.604946376107032e-4,0,9.345794392523364e-5
芳澤,PERSON,2,6.997900629811056e-4,0.006700491149543885,35.67038393117515,9.30925339787749e-5
芳發,PERSON,2,6.997900629811056e-4,0.016528911449691635,27.111374655398745,9.593246354566385e-5
芳石,PERSON,2,6.997900629811056e-4,0.028241007526790693,11.68337995842968,1.0175010175010175e-4
芳贊,PERSON,9,0.0031490552834149755,0.02186390129604248,207.79454384103593,9.373828271466067e-5
芳近,PERSON,7,0.00244926522043387,0.044248443512099,146.6922467655369,1.0220768601798856e-4
芳錢,PERSON,3,0.0010496850944716584,0.0021774283915902445,0.044117647058823525,9.174311926605505e-5
芳黃,PERSON,1,3.498950314905528e-4,0.01216157677095685,0,9.416195856873823e-5
芷颺,PERSON,5,0.0017494751574527643,0.0318342528022463,508.35920582426303,1.016260162601626e-4
芸台,PERSON,3,0.0010496850944716584,0.0021774283915902424,0.044117647058823525,9.174311926605505e-5
苑景,PERSON,1,3.498950314905528e-4,8.604946376107042e-4,0,9.345794392523364e-5
苗淇,PERSON,1,3.498950314905528e-4,2.7132389049423013e-4,0,7.631257631257631e-5
英劉,PERSON,1,3.498950314905528e-4,2.7132389049423067e-4,0,7.631257631257631e-5
英楊,PERSON,2,6.997900629811056e-4,0.008693871786981253,2.803101476581599,9.189487226612754e-5
英皇,PERSON,4,0.0013995801259622112,0.0029857047607206475,6.025739275319341,9.020386072523904e-5
英與,PERSON,3,0.0010496850944716584,0.027970182643511077,78.85321438699829,1.017708121310808e-4
英邀,PERSON,2,6.997900629811056e-4,0.027406219161420428,9.60558670129065,1.0050251256281407e-4
英錢,PERSON,3,0.0010496850944716584,0.005422839749594669,0.043478260869565216,9.082652134423252e-5
茂卿,PERSON,1,3.498950314905528e-4,0.012161576770956853,0,9.416195856873823e-5
茂如,PERSON,2,6.997900629811056e-4,0.0033796603784281907,1.036859949134382,9.120758847136082e-5
茂泉,PERSON,1,3.498950314905528e-4,0.0016314946323867357,0,9.028530155290719e-5
茂洋五十,PERSON,4,0.0013995801259622112,0.0058965041115195144,9.45929053129305,9.240436148586214e-5
茂生洋行,ORG,23,0.008047585724282715,0.016842963404547807,2171.621204752094,9.860960457548565e-5
茂陸,PERSON,1,3.498950314905528e-4,0.02638567944323031,0,1.017293997965412e-4
范伯森,PERSON,1,3.498950314905528e-4,0.01216157677095685,0,9.416195856873823e-5
范回,PERSON,6,0.002099370188943317,0.02532451157236964,25.76332927674104,9.419743782969103e-5
范大,PERSON,13,0.004548635409377187,0.020482684807539932,9.521905096493331,9.054690329590728e-5
范少,PERSON,25,0.00874737578726382,0.05062246009221092,22455.74610514368,1.0905125408942203e-4
范少山五,PERSON,5,0.0017494751574527643,0.012539171734302839,5.801204041916086,9.221689413500554e-5
范春谷,PERSON,9,0.0031490552834149755,0.01311300924777608,2175.135968624614,9.473285335354301e-5
范東生,PERSON,3,0.0010496850944716584,0.003727297766250456,0.16666666666666666,8.999280057595392e-5
荀伯七,PERSON,7,0.00244926522043387,0.021010524102021012,13.74293537419925,9.386146048432514e-5
莊哲,PERSON,6,0.002099370188943317,0.0054075889017716925,5.244804553253112,9.157509157509158e-5
莊百,PERSON,5,0.0017494751574527643,0.04196822752462959,348.6397763488342,1.0281719103434094e-4
莊祖苓,PERSON,3,0.0010496850944716584,0.038010848064172625,213.96587707054763,1.0277492291880781e-4
莊經,PERSON,6,0.002099370188943317,0.010935580856185845,12.964578460577119,9.352787130564908e-5
莘陳,PERSON,5,0.0017494751574527643,0.06041173630785377,276.6725899116573,1.0782833728703904e-4
莫子,PERSON,3,0.0010496850944716584,0.029565313121346807,30.10048678511074,1.0054293183189222e-4
莫梅卿,PERSON,3,0.0010496850944716584,0.0021774283915902437,0.044117647058823525,9.174311926605505e-5
莫永貞候,PERSON,1,3.498950314905528e-4,8.604946376107055e-4,0,9.345794392523364e-5
莫觴,PERSON,3,0.0010496850944716584,0.0021774283915902437,0.044117647058823525,9.174311926605505e-5
莫觴清,PERSON,2,6.997900629811056e-4,0.0024382162401395367,0.13336634980470596,9.038322487346348e-5
莫雪,PERSON,1,3.498950314905528e-4,0.0025863372031462942,0,9.177679882525697e-5
菊生,PERSON,11,0.003848845346396081,0.09286378396043889,2065.1661128061683,1.1322463768115942e-4
菊甫,PERSON,6,0.002099370188943317,0.005407588901771693,5.244804553253112,9.157509157509158e-5
華于,PERSON,1,3.498950314905528e-4,0.0010049393278142862,0,9.005763688760806e-5
華假,PERSON,5,0.0017494751574527643,0.04146132582099168,83.1582128270322,1.021659174499387e-4
華兩,PERSON,3,0.0010496850944716584,0.015791008717424164,42.14715543716373,9.482268158543523e-5
華商紗廠聯合會,ORG,28,0.00979706088173548,0.08122310646311312,3760.0003010404557,1.2328936012822092e-4
華商電氣公司,ORG,14,0.00489853044086774,0.05151447246429051,2239.2423822646683,1.226241569589209e-4
華圖書館,ORG,36,0.012596221133659902,0.046072692955005816,5509.144634670953,1.2169891687963977e-4
華尙,PERSON,3,0.0010496850944716584,0.007347976229962709,1.2299414880376804,9.062896501721951e-5
華愛國募,ORG,3,0.0010496850944716584,0.02856871812996469,49.94565530845931,1.2064181445288937e-4
華洋互市商塲,ORG,68,0.023792862141357594,0.02750770414781338,56114.19942835988,1.2426991425375916e-4
華洋德律風公司,ORG,14,0.00489853044086774,0.045933875143126864,1601.000649747508,1.2096286440062901e-4
華洋義振救災會,ORG,37,0.012946116165150455,0.08119563934030727,11839.44247613696,1.234110823151919e-4
華祥洋行,ORG,36,0.012596221133659902,0.04607269295500581,5509.144634670953,1.2169891687963977e-4
華穆,PERSON,1,3.498950314905528e-4,0.012161576770956853,0,9.416195856873823e-5
華聞,PERSON,1,3.498950314905528e-4,0.006237205624687283,0,9.271277582050807e-5
華艷紡織公司,ORG,28,0.00979706088173548,0.08122310646311313,3760.0003010404557,1.2328936012822092e-4
華英藥,ORG,31,0.010846745976207137,0.121210239259368,3303.633196204532,1.2146240738491437e-4
華葉,PERSON,3,0.0010496850944716584,0.007347976229962704,1.2299414880376804,9.062896501721951e-5
華謝,PERSON,4,0.0013995801259622112,0.03646552164205706,95.58152287102672,1.0144045445323595e-4
華謝振,PERSON,5,0.0017494751574527643,0.06103862308690611,282.85976271117323,1.0787486515641856e-4
華豐銀行,ORG,47,0.016445066480055982,0.025789587838417824,63260.702592865884,1.2193634922570419e-4
華起,PERSON,5,0.0017494751574527643,0.04146132582099167,83.1582128270322,1.021659174499387e-4
華隊公會,ORG,10,0.0034989503149055285,0.04873308900037663,1027.587615413558,1.2084592145015106e-4
菴袁,PERSON,1,3.498950314905528e-4,0.012161576770956853,0,9.416195856873823e-5
萼銜,PERSON,15,0.005248425472358292,0.01989896449209454,22.04067929823549,9.216589861751152e-5
葆元,PERSON,1,3.498950314905528e-4,0.012161576770956856,0,9.416195856873823e-5
葆洋十,PERSON,4,0.0013995801259622112,0.0058965041115195205,9.45929053129305,9.240436148586214e-5
葉亘,PERSON,1,3.498950314905528e-4,8.604946376107051e-4,0,9.345794392523364e-5
葉山,PERSON,5,0.0017494751574527643,0.0038992569605847635,146.87295949236471,9.398496240601504e-5
葉惠,PERSON,10,0.0034989503149055285,0.09122922027626583,3075.889434965792,1.1322463768115942e-4
葉惠鈞,PERSON,42,0.01469559132260322,0.18210384145231467,14575.455931463395,1.1944577161968466e-4
葉愼齊,PERSON,5,0.0017494751574527643,0.05696735189705692,367.6449731533856,1.0766580534022394e-4
葉慎,PERSON,2,6.997900629811056e-4,0.027406219161420428,9.60558670129065,1.0050251256281407e-4
葉楚,PERSON,3,0.0010496850944716584,0.015791008717424174,42.14715543716373,9.482268158543523e-5
葉湛,PERSON,1,3.498950314905528e-4,0.003130660137299586,0,9.189487226612754e-5
葉鴻,PERSON,4,0.0013995801259622112,0.032203702523253296,355.9510136453799,1.0127607859023699e-4
葉鴻英,PERSON,2,6.997900629811056e-4,0.0013109466068534415,0.1111111111111111,8.983111749910169e-5
葛來,PERSON,13,0.004548635409377187,0.017556690200046812,15.423711249988319,9.213193292795283e-5
葛參,PERSON,4,0.0013995801259622112,0.03450204432344176,359.5257172024455,1.0339123242349049e-4
葛稚,PERSON,2,6.997900629811056e-4,0.002438216240139537,0.13336634980470596,9.038322487346348e-5
葛稚梁,PERSON,3,0.0010496850944716584,0.002177428391590244,0.044117647058823525,9.174311926605505e-5
董事胡,PERSON,1,3.498950314905528e-4,0.0027410570073093847,0,9.147457006952067e-5
董勞敬,PERSON,1,3.498950314905528e-4,0.006237205624687284,0,9.271277582050807e-5
董呇生,PERSON,14,0.00489853044086774,0.03268829332971287,45.30091917212842,9.286775631500742e-5
董宋,PERSON,2,6.997900629811056e-4,0.02835119039353385,17.299182032857885,1.0175010175010175e-4
董家渡,PERSON,9,0.0031490552834149755,0.06482835606406732,489.7779270607754,1.0392849719393057e-4
董方,PERSON,3,0.0010496850944716584,0.04105582495721485,222.37390084261358,1.0423181154888472e-4
董書春,PERSON,2,6.997900629811056e-4,0.028472969110081715,11.83438428601363,1.0175010175010175e-4
董杏,PERSON,7,0.00244926522043387,0.04424844351209897,146.6922467655369,1.0220768601798856e-4
董杏生,PERSON,37,0.012946116165150455,0.18139793593633935,8923.479738856851,1.1636025133814289e-4
董杏蓀,PERSON,1,3.498950314905528e-4,0.0025863372031462934,0,9.177679882525697e-5
董杳,PERSON,10,0.0034989503149055285,0.006040622128142475,90.44660624987546,9.201324990798675e-5
董洪茂,PERSON,3,0.0010496850944716584,0.005422839749594666,0.043478260869565216,9.082652134423252e-5
董田,PERSON,9,0.0031490552834149755,0.04003874811681849,167.6868784025236,1.008471157724889e-4
董石,PERSON,3,0.0010496850944716584,0.02797018264351109,78.85321438699829,1.017708121310808e-4
董聞,PERSON,5,0.0017494751574527643,0.06960115818017007,736.6624856660487,1.0888501742160279e-4
董鄭,PERSON,5,0.0017494751574527643,0.0032472552876907706,0.47619047619047616,9.007386056566384e-5
董體,PERSON,2,6.997900629811056e-4,0.0282410075267907,11.68337995842968,1.0175010175010175e-4
董體芳,PERSON,2,6.997900629811056e-4,0.02709534806668826,272.26793208298693,1.012555690562981e-4
蒓芳,PERSON,15,0.005248425472358292,0.019898964492094537,22.04067929823549,9.216589861751152e-5
蓀華,PERSON,3,0.0010496850944716584,0.002177428391590245,0.044117647058823525,9.174311926605505e-5
蓀趙,PERSON,1,3.498950314905528e-4,0.012161576770956856,0,9.416195856873823e-5
蓉洲,PERSON,6,0.002099370188943317,0.005407588901771694,5.244804553253112,9.157509157509158e-5
蓉齋,PERSON,3,0.0010496850944716584,0.017681718133586134,54.55258105377394,9.604302727621975e-5
蓮表,PERSON,9,0.0031490552834149755,0.026504089601131296,36.39940887238378,9.243852837862822e-5
蔡佩瑛,PERSON,5,0.0017494751574527643,0.03692711385436924,111.25207296254861,1.016053647632595e-4
蔡元培,PERSON,1,3.498950314905528e-4,8.604946376107063e-4,0,9.345794392523364e-5
蔡文惠,PERSON,1,3.498950314905528e-4,0.026385679443230288,0,1.017293997965412e-4
蔡春芳,PERSON,9,0.0031490552834149755,0.05681512449635742,674.9247760351358,1.0455876202425763e-4
蔡止穆,PERSON,5,0.0017494751574527643,0.004615644631729777,266.24974814331716,9.238728750923873e-5
蔡滬生,PERSON,2,6.997900629811056e-4,0.011593124225589106,4.921870725530944,9.45000945000945e-5
蔡督辦,PERSON,5,0.0017494751574527643,0.06041173630785376,276.6725899116573,1.0782833728703904e-4
蔡華堂,PERSON,13,0.004548635409377187,0.08955280997732304,2564.824104721296,1.1128421989761852e-4
蔡輔卿,PERSON,3,0.0010496850944716584,0.03279443186824266,84.74711153065155,1.0141987829614604e-4
蔣介民,PERSON,3,0.0010496850944716584,0.0018101227799286643,0.2727272727272727,8.987956138774042e-5
蔣伯器,PERSON,3,0.0010496850944716584,0.03147067498930536,173.13489085318758,1.0235414534288638e-4
蔣兩,PERSON,6,0.002099370188943317,0.0049004057977752175,0.35714285714285715,9.043226623259179e-5
蔣夢,PERSON,18,0.006298110566829951,0.04548789714832608,5251.764662422267,1.0277492291880781e-4
蔣夢芸,PERSON,13,0.004548635409377187,0.08826033431243449,2451.091580551693,1.1052166224580017e-4
蔣孟,PERSON,1,3.498950314905528e-4,0.0010049393278142857,0,9.005763688760806e-5
蔣尊,PERSON,1,3.498950314905528e-4,8.604946376107042e-4,0,9.345794392523364e-5
蔣德春,PERSON,6,0.002099370188943317,0.005407588901771692,5.244804553253112,9.157509157509158e-5
蔣智,PERSON,1,3.498950314905528e-4,0.0010049393278142864,0,9.005763688760806e-5
蔣桐,PERSON,1,3.498950314905528e-4,0.012161576770956847,0,9.416195856873823e-5
蔣永亮,PERSON,5,0.0017494751574527643,0.0038992569605847626,146.87295949236471,9.398496240601504e-5
蔣泉,PERSON,9,0.0031490552834149755,0.026504089601131306,36.39940887238378,9.243852837862822e-5
蔣石雅,PERSON,5,0.0017494751574527643,0.04196822752462958,348.6397763488342,1.0281719103434094e-4
蕭啓,PERSON,2,6.997900629811056e-4,0.02824100752679072,11.68337995842968,1.0175010175010175e-4
蕭山,PERSON,1,3.498950314905528e-4,8.604946376107034e-4,0,9.345794392523364e-5
蕭山墾放分局,ORG,19,0.006648005598320504,0.024615884454081083,6449.627910074326,1.2119743061447097e-4
蕭錦,PERSON,4,0.0013995801259622112,0.01690644710804578,24.169285414336134,9.457159069415548e-5
蕭鑑,PERSON,3,0.0010496850944716584,0.015791008717424164,42.14715543716373,9.482268158543523e-5
薛文泰,PERSON,5,0.0017494751574527643,0.06986433919178592,643.2603988781233,1.1013215859030837e-4
薛邁羅,PERSON,13,0.004548635409377187,0.0277286332224833,1999.6764211853067,9.523809523809524e-5
薰家渡,PERSON,9,0.0031490552834149755,0.06482835606406734,489.7779270607754,1.0392849719393057e-4
薰毛,PERSON,3,0.0010496850944716584,0.0351647881822709,78.89610093557835,1.0166734444896299e-4
藍璧,PERSON,2,6.997900629811056e-4,0.02824100752679069,11.68337995842968,1.0175010175010175e-4
藕初,PERSON,1,3.498950314905528e-4,0.012161576770956847,0,9.416195856873823e-5
藥業商團,ORG,15,0.005248425472358292,0.023138637879585703,37098.276585723885,1.2099213551119177e-4
藹士,PERSON,2,6.997900629811056e-4,0.0027794726140475626,0.030303030303030304,9.022013713460844e-5
蘅卿,PERSON,7,0.00244926522043387,0.02101052410202101,13.74293537419925,9.386146048432514e-5
蘇州振新書社,ORG,36,0.012596221133659902,0.046072692955005816,5509.144634670953,1.2169891687963977e-4
蘇州銀行,ORG,28,0.00979706088173548,0.023986229154872637,11219.974940629407,1.2137395314965408e-4
蘇方,PERSON,3,0.0010496850944716584,0.005316071372960602,0.1111111111111111,9.018759018759019e-5
蘇民生,PERSON,6,0.002099370188943317,0.06195958392552052,2119.371609922251,1.0890873448050534e-4
蘇浙和平協會,ORG,12,0.004198740377886634,0.0335856570668316,2849.78939112705,1.2090436464756378e-4
蘇浙平和協會,ORG,39,0.01364590622813156,0.07892473152136403,7903.18934841896,1.2169891687963977e-4
蘇浙平和協會開,ORG,33,0.011546536039188244,0.052670097429700524,30609.10702291452,1.2152144853566654e-4
蘇浙軍政,ORG,39,0.01364590622813156,0.07892473152136405,7903.18934841896,1.2169891687963977e-4
蘇浙閩皖聯軍總,ORG,13,0.004548635409377187,0.04953933823845846,784.2228002142558,1.2093360744951022e-4
蘇灘,PERSON,2,6.997900629811056e-4,0.0013109466068534417,0.1111111111111111,8.983111749910169e-5
蘋鄔,PERSON,5,0.0017494751574527643,0.04146132582099167,83.1582128270322,1.021659174499387e-4
蘭航,PERSON,5,0.0017494751574527643,0.046252592854148684,189.07443299003256,1.0375596596804317e-4
蘭芳,PERSON,14,0.00489853044086774,0.032688293329712875,45.30091917212842,9.286775631500742e-5
處洋布公所,ORG,33,0.011546536039188244,0.12317913804969706,2539.310150273722,1.2152144853566654e-4
處洽卿,PERSON,3,0.0010496850944716584,0.03516478818227091,78.89610093557835,1.0166734444896299e-4
虞廷,PERSON,3,0.0010496850944716584,0.03801084806417263,213.96587707054763,1.0277492291880781e-4
虞方,PERSON,7,0.00244926522043387,0.046460199849551284,439.6808993057634,1.0360547036883547e-4
虞會,PERSON,8,0.0027991602519244225,0.08358730677522569,841.8641135090666,1.1013215859030837e-4
虞會長,PERSON,5,0.0017494751574527643,0.06424914058772035,583.7045320946331,1.086484137331595e-4
虞永和,PERSON,13,0.004548635409377187,0.040690524267500125,4220.539013478387,1.029230135858378e-4
虞洽,PERSON,11,0.003848845346396081,0.06519223307008148,2246.3359133858294,1.0577533319229955e-4
虞洽卿,PERSON,21,0.00734779566130161,0.1143813292634954,9843.2448063562,1.1309658448314861e-4
虞金,PERSON,13,0.004548635409377187,0.02048268480753994,9.521905096493331,9.054690329590728e-5
虞黃,PERSON,1,3.498950314905528e-4,8.604946376107041e-4,0,9.345794392523364e-5
號丁,PERSON,1,3.498950314905528e-4,5.913770755422812e-4,0,9.064539521392314e-5
號倪,PERSON,1,3.498950314905528e-4,5.913770755422805e-4,0,9.064539521392314e-5
號姜堰萃豐公司,ORG,75,0.026242127361791462,0.13055711898517583,22273.194182177795,1.2473493825620557e-4
號宋,PERSON,1,3.498950314905528e-4,5.913770755422806e-4,0,9.064539521392314e-5
號張,PERSON,3,0.0010496850944716584,0.003470901343361378,0.10714285714285714,9.015506671474937e-5
號謝,PERSON,1,3.498950314905528e-4,5.913770755422812e-4,0,9.064539521392314e-5
號譚,PERSON,14,0.00489853044086774,0.032688293329712875,45.30091917212842,9.286775631500742e-5
號趙,PERSON,14,0.00489853044086774,0.03268829332971288,45.30091917212842,9.286775631500742e-5
號陳,PERSON,1,3.498950314905528e-4,5.913770755422806e-4,0,9.064539521392314e-5
號龔,PERSON,1,3.498950314905528e-4,5.913770755422809e-4,0,9.064539521392314e-5
虬江路洋務職工,ORG,38,0.013296011196641007,0.09560583101735882,5999.51312463747,1.2190661952944045e-4
虹爲,PERSON,6,0.002099370188943317,0.03926090511799286,63.14114436675733,1.0195758564437195e-4
蟇張,PERSON,3,0.0010496850944716584,0.003470901343361377,0.10714285714285714,9.015506671474937e-5
蟾伯,PERSON,2,6.997900629811056e-4,0.004438735872403427,0.9150671816992041,9.18105031215571e-5
衆議院,ORG,40,0.013995801259622114,0.09190798057257071,6436.1478465503305,1.2172854534388314e-4
行啓,PERSON,1,3.498950314905528e-4,0.001004939327814287,0,9.005763688760806e-5
行森,PERSON,1,3.498950314905528e-4,5.913770755422804e-4,0,9.064539521392314e-5
行馮,PERSON,10,0.0034989503149055285,0.006040622128142475,90.44660624987546,9.201324990798675e-5
術研究會精武體育會,ORG,15,0.005248425472358292,0.04118915175881627,4511.705834105103,1.212268153715602e-4
袁伯麟,PERSON,3,0.0010496850944716584,0.0054228397495946655,0.043478260869565216,9.082652134423252e-5
袁叔峹,PERSON,8,0.0027991602519244225,0.07724784697520659,1057.2366479623868,1.1018069634200089e-4
袁孟德,PERSON,7,0.00244926522043387,0.080007389128514,1481.0353697228259,1.1086474501108647e-4
袁履,PERSON,14,0.00489853044086774,0.08148088867254154,2702.5833392338527,1.088139281828074e-4
袁履登,PERSON,82,0.028691392582225334,0.2840048405943917,67823.30658882346,1.2807377049180329e-4
袁希,PERSON,4,0.0013995801259622112,0.0670658744888367,764.1285364773955,1.1030222810500772e-4
袁希洛,PERSON,6,0.002099370188943317,0.06482830773847235,2136.8254019291603,1.0876658690450294e-4
袁明山,PERSON,4,0.0013995801259622112,0.041996541064341336,188.5840211302102,1.0307153164296021e-4
袁止,PERSON,1,3.498950314905528e-4,8.604946376107064e-4,0,9.345794392523364e-5
袁治,PERSON,4,0.0013995801259622112,0.05918011131147293,420.0434809636866,1.0827197921177999e-4
袁治齋,PERSON,6,0.002099370188943317,0.0049004057977752175,0.35714285714285715,9.043226623259179e-5
袁祖懷,PERSON,4,0.0013995801259622112,0.005896504111519517,9.45929053129305,9.240436148586214e-5
袁覆登,PERSON,13,0.004548635409377187,0.020482684807539935,9.521905096493331,9.054690329590728e-5
袁近,PERSON,22,0.007697690692792162,0.07887307440427131,2677.176612882548,1.0510826150935464e-4
袁體仁,PERSON,6,0.002099370188943317,0.02532451157236965,25.76332927674104,9.419743782969103e-5
裕地產公司,ORG,23,0.008047585724282715,0.016842963404547807,2171.621204752094,9.860960457548565e-5
裘福,PERSON,4,0.0013995801259622112,0.008510594932843563,4.907686957548111,9.149130832570906e-5
補丁,PERSON,1,3.498950314905528e-4,8.604946376107027e-4,0,9.345794392523364e-5
補余,PERSON,1,3.498950314905528e-4,8.604946376107055e-4,0,9.345794392523364e-5
補吳,PERSON,1,3.498950314905528e-4,8.604946376107047e-4,0,9.345794392523364e-5
補孫,PERSON,1,3.498950314905528e-4,8.604946376107054e-4,0,9.345794392523364e-5
補徐,PERSON,1,3.498950314905528e-4,8.604946376107026e-4,0,9.345794392523364e-5
補楊,PERSON,1,3.498950314905528e-4,8.604946376107052e-4,0,9.345794392523364e-5
補童,PERSON,1,3.498950314905528e-4,8.604946376107038e-4,0,9.345794392523364e-5
補胡,PERSON,1,3.498950314905528e-4,8.604946376107051e-4,0,9.345794392523364e-5
補蔡,PERSON,1,3.498950314905528e-4,8.604946376107064e-4,0,9.345794392523364e-5
補許,PERSON,1,3.498950314905528e-4,8.604946376107049e-4,0,9.345794392523364e-5
補謝德,PERSON,1,3.498950314905528e-4,8.604946376107038e-4,0,9.345794392523364e-5
補趙,PERSON,1,3.498950314905528e-4,8.604946376107051e-4,0,9.345794392523364e-5
補陳,PERSON,1,3.498950314905528e-4,8.60494637610706e-4,0,9.345794392523364e-5
補項,PERSON,1,3.498950314905528e-4,8.604946376107041e-4,0,9.345794392523364e-5
補馬,PERSON,1,3.498950314905528e-4,8.604946376107041e-4,0,9.345794392523364e-5
裳朱,PERSON,2,6.997900629811056e-4,0.028241007526790717,11.68337995842968,1.0175010175010175e-4
裴德,PERSON,2,6.997900629811056e-4,0.027984291698945247,21.526643830021378,1.0175010175010175e-4
裴雲,PERSON,2,6.997900629811056e-4,0.014902633778266235,141.97827009001153,9.582215408202377e-5
裴雲卿,PERSON,23,0.008047585724282715,0.10373958108136411,2769.3667499963653,1.1039964672113049e-4
褒紀,PERSON,6,0.002099370188943317,0.03926090511799286,63.14114436675733,1.0195758564437195e-4
褚輔,PERSON,4,0.0013995801259622112,0.016158409825699233,110.30402872801675,9.393199323689649e-5
西吳,PERSON,15,0.005248425472358292,0.01989896449209454,22.04067929823549,9.216589861751152e-5
西海,PERSON,1,3.498950314905528e-4,8.604946376107041e-4,0,9.345794392523364e-5
西班牙領事公署,ORG,21,0.00734779566130161,0.024613770471042018,9872.543587005346,1.2116806009935781e-4
西田,PERSON,4,0.0013995801259622112,0.06621145130481151,469.3962529517044,1.0926573426573427e-4
見總商會關税委員會,ORG,6,0.002099370188943317,0.027722134782360675,1023.84648727256,1.2274456855284154e-4
覓方,PERSON,12,0.004198740377886634,0.06198596582082132,2506.063447514629,1.0874293170943889e-4
觀瀾,PERSON,11,0.003848845346396081,0.08807639859085772,2641.261948099019,1.1307100859339665e-4
計方,PERSON,1,3.498950314905528e-4,0.006237205624687283,0,9.271277582050807e-5
託余,PERSON,6,0.002099370188943317,0.00490040579777522,0.35714285714285715,9.043226623259179e-5
託清華,ORG,39,0.01364590622813156,0.07892473152136405,7903.18934841896,1.2169891687963977e-4
記張,PERSON,4,0.0013995801259622112,0.008698768128867688,5.1720674902757375,9.124087591240875e-5
記經,PERSON,6,0.002099370188943317,0.005407588901771692,5.244804553253112,9.157509157509158e-5
記魯,PERSON,5,0.0017494751574527643,0.019833408775946134,17.00951251878744,9.240436148586214e-5
記黃性,PERSON,1,3.498950314905528e-4,5.913770755422813e-4,0,9.064539521392314e-5
訥爾遜,PERSON,6,0.002099370188943317,0.010935580856185838,12.964578460577119,9.352787130564908e-5
訪勞,PERSON,1,3.498950314905528e-4,0.026385679443230312,0,1.017293997965412e-4
許劍,PERSON,3,0.0010496850944716584,0.01579100871742417,42.14715543716373,9.482268158543523e-5
許士,PERSON,1,3.498950314905528e-4,0.0010049393278142864,0,9.005763688760806e-5
許少,PERSON,8,0.0027991602519244225,0.03459003375181342,576.6449453098745,1.0094891984655764e-4
許廷,PERSON,3,0.0010496850944716584,0.03801084806417261,213.96587707054763,1.0277492291880781e-4
許建,PERSON,21,0.00734779566130161,0.1347124631369468,6812.6168864197,1.1695906432748539e-4
許沅,PERSON,3,0.0010496850944716584,0.008017730250356028,0.1,9.018759018759019e-5
許琨,PERSON,1,3.498950314905528e-4,2.7132389049423024e-4,0,7.631257631257631e-5
許秋,PERSON,3,0.0010496850944716584,0.015791008717424178,42.14715543716373,9.482268158543523e-5
許秋颿,PERSON,4,0.0013995801259622112,0.008510594932843564,4.907686957548111,9.149130832570906e-5
許菊,PERSON,1,3.498950314905528e-4,5.913770755422809e-4,0,9.064539521392314e-5
許葆,PERSON,3,0.0010496850944716584,0.015791008717424164,42.14715543716373,9.482268158543523e-5
許鎭,PERSON,5,0.0017494751574527643,0.03248043040377027,122.42884231536944,1.0204081632653062e-4
許默,PERSON,3,0.0010496850944716584,0.005422839749594666,0.043478260869565216,9.082652134423252e-5
訴何,PERSON,5,0.0017494751574527643,0.0038992569605847635,146.87295949236471,9.398496240601504e-5
訴榮,PERSON,5,0.0017494751574527643,0.0038992569605847635,146.87295949236471,9.398496240601504e-5
訴邱,PERSON,1,3.498950314905528e-4,6.804757976775169e-4,0,9.043226623259179e-5
訴陳,PERSON,5,0.0017494751574527643,0.003899256960584764,146.87295949236471,9.398496240601504e-5
訴黃,PERSON,1,3.498950314905528e-4,6.804757976775173e-4,0,9.043226623259179e-5
訴龔,PERSON,1,3.498950314905528e-4,6.804757976775163e-4,0,9.043226623259179e-5
詠裳,PERSON,10,0.0034989503149055285,0.006040622128142473,90.44660624987546,9.201324990798675e-5
詩聞,PERSON,4,0.0013995801259622112,0.06706587448883673,764.1285364773955,1.1030222810500772e-4
詹潤,PERSON,5,0.0017494751574527643,0.012539171734302836,5.801204041916086,9.221689413500554e-5
請劉,PERSON,5,0.0017494751574527643,0.003899256960584761,146.87295949236471,9.398496240601504e-5
請夏,PERSON,3,0.0010496850944716584,0.031470674989305336,173.13489085318758,1.0235414534288638e-4
請孫,PERSON,5,0.0017494751574527643,0.06424914058772031,583.7045320946331,1.086484137331595e-4
請康,PERSON,3,0.0010496850944716584,0.0029315340694461693,0.15789473684210525,9.000900090009e-5
請道,PERSON,3,0.0010496850944716584,0.04105582495721483,222.37390084261358,1.0423181154888472e-4
請馬,PERSON,1,3.498950314905528e-4,0.0018678668193983794,0,8.99604174163368e-5
諸公鈞,PERSON,2,6.997900629811056e-4,0.006541552266852125,0.5524816207456696,9.177679882525697e-5
諸文,PERSON,1,3.498950314905528e-4,0.01216157677095685,0,9.416195856873823e-5
諸文綺,PERSON,5,0.0017494751574527643,0.018208520358438514,188.0822178697217,9.439305267132339e-5
諸維,PERSON,4,0.0013995801259622112,0.03650772817748963,389.27815651913,1.0403662089055348e-4
謁唐,PERSON,4,0.0013995801259622112,0.052833469432988604,361.6162010503547,1.0764262648008612e-4
謁張省,PERSON,4,0.0013995801259622112,0.0058087738229921715,11.250544539101314,9.182736455463728e-5
謁根,PERSON,1,3.498950314905528e-4,6.804757976775169e-4,0,9.043226623259179e-5
謂張,PERSON,1,3.498950314905528e-4,0.003182984250456437,0,9.028530155290719e-5
謂霍,PERSON,5,0.0017494751574527643,0.06818248627343623,373.18677908737,1.0817827780181739e-4
謝世,PERSON,1,3.498950314905528e-4,0.0037886085059926546,0,9.069472156720479e-5
謝仲,PERSON,12,0.004198740377886634,0.09697590108982142,3162.7611173142823,1.1407711613050422e-4
謝仲笙,PERSON,15,0.005248425472358292,0.05907397277294319,1067.9197122199857,1.0369141435089174e-4
謝俠,PERSON,3,0.0010496850944716584,0.035164788182270916,78.89610093557835,1.0166734444896299e-4
謝光甫,PERSON,6,0.002099370188943317,0.010935580856185838,12.964578460577119,9.352787130564908e-5
謝南坡,PERSON,1,3.498950314905528e-4,8.604946376107049e-4,0,9.345794392523364e-5
謝天,PERSON,3,0.0010496850944716584,0.03227483957663189,408.90451552671334,1.0258514567090685e-4
謝弢,PERSON,6,0.002099370188943317,0.07304732344224234,863.0548806370276,1.1035091591260208e-4
謝志,PERSON,1,3.498950314905528e-4,0.0025863372031462934,0,9.177679882525697e-5
謝日,PERSON,3,0.0010496850944716584,0.017681718133586134,54.55258105377394,9.604302727621975e-5
謝桐森,PERSON,1,3.498950314905528e-4,2.713238904942311e-4,0,7.631257631257631e-5
謝永鏞,PERSON,1,3.498950314905528e-4,0.002586337203146294,0,9.177679882525697e-5
謝渭,PERSON,2,6.997900629811056e-4,0.0024382162401395376,0.13336634980470596,9.038322487346348e-5
謝芝,PERSON,5,0.0017494751574527643,0.0032472552876907715,0.47619047619047616,9.007386056566384e-5
謝芝琴,PERSON,3,0.0010496850944716584,0.003727297766250452,0.16666666666666666,8.999280057595392e-5
謝蘅,PERSON,20,0.006997900629811057,0.12567478066596208,15355.231856928047,1.1947431302270011e-4
謝衡,PERSON,1,3.498950314905528e-4,0.006237205624687283,0,9.271277582050807e-5
謝韜,PERSON,2,6.997900629811056e-4,0.029688502373485578,8.15401117400114,1.0175010175010175e-4
謬承,PERSON,1,3.498950314905528e-4,0.0037886085059926546,0,9.069472156720479e-5
謹啓,PERSON,3,0.0010496850944716584,0.015791008717424174,42.14715543716373,9.482268158543523e-5
謹啟,PERSON,7,0.00244926522043387,0.00837985685407153,240.54945738333453,9.094216078574027e-5
譚植,PERSON,3,0.0010496850944716584,0.006410523223578547,0.13043478260869565,9.020386072523904e-5
譚海,PERSON,4,0.0013995801259622112,0.04413761428818506,204.4981450104454,1.0326311441553078e-4
譚秋鳳,PERSON,1,3.498950314905528e-4,0.02498485526605956,0,1.0048231511254019e-4
變甫,PERSON,4,0.0013995801259622112,0.018850142977350257,2.648611642133648,9.380863039399625e-5
谷伯,PERSON,5,0.0017494751574527643,0.04625259285414869,189.07443299003256,1.0375596596804317e-4
谿陳,PERSON,1,3.498950314905528e-4,8.604946376107057e-4,0,9.345794392523364e-5
豆業萃秀堂,ORG,49,0.017144856543037088,0.03390129761840607,11364.685327188441,1.219958521410272e-4
豐發,PERSON,5,0.0017494751574527643,0.01253917173430284,5.801204041916086,9.221689413500554e-5
豐興十,PERSON,6,0.002099370188943317,0.010935580856185838,12.964578460577119,9.352787130564908e-5
象山,PERSON,1,3.498950314905528e-4,8.604946376107042e-4,0,9.345794392523364e-5
豪嚴,PERSON,3,0.0010496850944716584,0.008601811905454311,3.0060513372341227,9.119095385737735e-5
豪毛,PERSON,4,0.0013995801259622112,0.016906447108045775,24.169285414336134,9.457159069415548e-5
豫章公司,ORG,6,0.002099370188943317,0.025080485529601033,852.1865827644103,1.2072920439454304e-4
豫章磁業公司,ORG,6,0.002099370188943317,0.025080485529601033,852.1865827644103,1.2072920439454304e-4
貞文,PERSON,3,0.0010496850944716584,0.015791008717424167,42.14715543716373,9.482268158543523e-5
財政會,ORG,19,0.006648005598320504,0.02461588445408107,6449.627910074326,1.2119743061447097e-4
財政部,ORG,14,0.00489853044086774,0.04302231060911153,7997.271135508016,1.2096286440062901e-4
貴三,PERSON,1,3.498950314905528e-4,0.0037886085059926546,0,9.069472156720479e-5
貴元,PERSON,1,3.498950314905528e-4,6.804757976775172e-4,0,9.043226623259179e-5
費伯鴻,PERSON,3,0.0010496850944716584,0.007347976229962709,1.2299414880376804,9.062896501721951e-5
費德,PERSON,1,3.498950314905528e-4,0.0011528066838945006,0,9.043226623259179e-5
費惠人,PERSON,1,3.498950314905528e-4,0.012161576770956856,0,9.416195856873823e-5
費裕,PERSON,1,3.498950314905528e-4,6.80475797677517e-4,0,9.043226623259179e-5
賀敬,PERSON,4,0.0013995801259622112,0.014237481990472443,13.7883226237342,9.324878776575905e-5
賡泉,PERSON,1,3.498950314905528e-4,5.913770755422805e-4,0,9.064539521392314e-5
賴康尼亞號之,PERSON,3,0.0010496850944716584,0.002931534069446167,0.15789473684210525,9.000900090009e-5
赴京關會,ORG,4,0.0013995801259622112,0.03926920990271564,421.3881721633106,1.2232415902140674e-4
超然,PERSON,3,0.0010496850944716584,0.02956531312134682,30.10048678511074,1.0054293183189222e-4
越然,PERSON,5,0.0017494751574527643,0.00345308489141365,35.93857433989013,9.015506671474937e-5
趙五娘,PERSON,5,0.0017494751574527643,0.01983340877594613,17.00951251878744,9.240436148586214e-5
趙剛,PERSON,1,3.498950314905528e-4,0.002638389401906467,0,9.05961224859576e-5
趙南,PERSON,7,0.00244926522043387,0.07342053284158848,1076.6156596752849,1.0996261271167803e-4
趙叔,PERSON,3,0.0010496850944716584,0.015791008717424174,42.14715543716373,9.482268158543523e-5
趙士,PERSON,3,0.0010496850944716584,0.03801084806417263,213.96587707054763,1.0277492291880781e-4
趙德記二,PERSON,6,0.002099370188943317,0.01093558085618584,12.964578460577119,9.352787130564908e-5
趙恒,PERSON,4,0.0013995801259622112,0.016906447108045775,24.169285414336134,9.457159069415548e-5
趙晉,PERSON,5,0.0017494751574527643,0.019833408775946134,17.00951251878744,9.240436148586214e-5
趙晋卿,PERSON,34,0.011896431070678797,0.16668479698516508,7458.3179796196655,1.1786892975011787e-4
趙普卿,PERSON,6,0.002099370188943317,0.025324511572369646,25.76332927674104,9.419743782969103e-5
趙道,PERSON,2,6.997900629811056e-4,0.011593124225589108,4.921870725530944,9.45000945000945e-5
趙鏡,PERSON,3,0.0010496850944716584,0.0052352863563941395,3.6036655227215437,9.072763563781528e-5
趙陳氏五,PERSON,2,6.997900629811056e-4,0.01159312422558911,4.921870725530944,9.45000945000945e-5
軒彭,PERSON,2,6.997900629811056e-4,0.004438735872403427,0.9150671816992041,9.18105031215571e-5
軒陳,PERSON,1,3.498950314905528e-4,0.0016314946323867346,0,9.028530155290719e-5
輔卿,PERSON,2,6.997900629811056e-4,0.0024382162401395367,0.13336634980470596,9.038322487346348e-5
輔成,PERSON,5,0.0017494751574527643,0.03248043040377027,122.42884231536944,1.0204081632653062e-4
輔臣,PERSON,4,0.0013995801259622112,0.00851059493284356,4.907686957548111,9.149130832570906e-5
輝受,PERSON,4,0.0013995801259622112,0.01690644710804578,24.169285414336134,9.457159069415548e-5
輝耀,PERSON,5,0.0017494751574527643,0.06103862308690611,282.85976271117323,1.0787486515641856e-4
輝銓,PERSON,6,0.002099370188943317,0.03926090511799287,63.14114436675733,1.0195758564437195e-4
辦徐,PERSON,5,0.0017494751574527643,0.0569673518970569,367.6449731533856,1.0766580534022394e-4
辦梅,PERSON,3,0.0010496850944716584,0.0021774283915902424,0.044117647058823525,9.174311926605505e-5
辦程,PERSON,7,0.00244926522043387,0.04484216209559579,102.0971665367588,1.0092854259184497e-4
辦鈞,PERSON,9,0.0031490552834149755,0.04003874811681848,167.6868784025236,1.008471157724889e-4
辭華洋義振,ORG,9,0.0031490552834149755,0.024842009652887746,6132.3401110535715,1.2081672103419114e-4
農商部,ORG,6,0.002099370188943317,0.021209561711975935,4989.005954019141,1.2072920439454304e-4
近初,PERSON,18,0.006298110566829951,0.06291430176107672,3612.1799244292188,1.0371292263015972e-4
送章,PERSON,3,0.0010496850944716584,0.027970182643511077,78.85321438699829,1.017708121310808e-4
進業,PERSON,1,3.498950314905528e-4,2.7132389049422964e-4,0,7.631257631257631e-5
逸雲,PERSON,5,0.0017494751574527643,0.00324725528769077,0.47619047619047616,9.007386056566384e-5
遂安,PERSON,1,3.498950314905528e-4,8.604946376107067e-4,0,9.345794392523364e-5
遂志,PERSON,1,3.498950314905528e-4,5.913770755422813e-4,0,9.064539521392314e-5
遂昌,PERSON,1,3.498950314905528e-4,8.604946376107052e-4,0,9.345794392523364e-5
運乾,PERSON,3,0.0010496850944716584,0.04105582495721484,222.37390084261358,1.0423181154888472e-4
道尹,PERSON,2,6.997900629811056e-4,0.008693871786981257,2.803101476581599,9.189487226612754e-5
道勝,PERSON,13,0.004548635409377187,0.020482684807539932,9.521905096493331,9.054690329590728e-5
達權,PERSON,5,0.0017494751574527643,0.048379304876950996,326.5133838925606,1.0401497815685458e-4
達電政府,ORG,14,0.00489853044086774,0.06402777955309104,1425.224134922302,1.2298610257040955e-4
達餘,PERSON,1,3.498950314905528e-4,8.604946376107039e-4,0,9.345794392523364e-5
遜湖,PERSON,3,0.0010496850944716584,0.03516478818227091,78.89610093557835,1.0166734444896299e-4
遠東物品證劵交易所,ORG,8,0.0027991602519244225,0.029392814588503395,1600.1885182210606,1.2078753472641623e-4
遠甫,PERSON,4,0.0013995801259622112,0.03646552164205706,95.58152287102672,1.0144045445323595e-4
邀鈞,PERSON,1,3.498950314905528e-4,2.713238904942304e-4,0,7.631257631257631e-5
邁羅,PERSON,6,0.002099370188943317,0.005407588901771692,5.244804553253112,9.157509157509158e-5
邱偉士,PERSON,2,6.997900629811056e-4,0.0024382162401395346,0.13336634980470596,9.038322487346348e-5
邱公鐸,PERSON,2,6.997900629811056e-4,0.0024382162401395354,0.13336634980470596,9.038322487346348e-5
邱毓庭,PERSON,7,0.00244926522043387,0.005685471527830303,157.99704541157598,9.074410163339382e-5
邱渭卿,PERSON,14,0.00489853044086774,0.032688293329712875,45.30091917212842,9.286775631500742e-5
邱砥,PERSON,1,3.498950314905528e-4,2.7132389049422964e-4,0,7.631257631257631e-5
邱積卿,PERSON,5,0.0017494751574527643,0.022193851435070085,6.572353543541185,9.394964299135663e-5
邱緯如,PERSON,5,0.0017494751574527643,0.0032472552876907693,0.47619047619047616,9.007386056566384e-5
邱韻箎,PERSON,3,0.0010496850944716584,0.0021774283915902432,0.044117647058823525,9.174311926605505e-5
邱墨韜,PERSON,5,0.0017494751574527643,0.004615644631729779,266.24974814331716,9.238728750923873e-5
邵仲,PERSON,10,0.0034989503149055285,0.048695386311093235,483.37381312962316,1.0349824052991099e-4
邵力子,PERSON,9,0.0031490552834149755,0.04933343905817399,378.47476370633217,1.0269049086054631e-4
邵彩,PERSON,1,3.498950314905528e-4,0.01216157677095685,0,9.416195856873823e-5
邵德銘,PERSON,1,3.498950314905528e-4,5.913770755422812e-4,0,9.064539521392314e-5
邵潤生十,PERSON,3,0.0010496850944716584,0.005422839749594668,0.043478260869565216,9.082652134423252e-5
邵爾,PERSON,3,0.0010496850944716584,0.005422839749594667,0.043478260869565216,9.082652134423252e-5
邵萬,PERSON,2,6.997900629811056e-4,0.028808514234571047,7.2054926950237554,1.0050251256281407e-4
邵萬生,PERSON,6,0.002099370188943317,0.06807279955623183,616.0208982758755,1.0867202782003912e-4
邵萬生五,PERSON,6,0.002099370188943317,0.010935580856185838,12.964578460577119,9.352787130564908e-5
郁文,PERSON,1,3.498950314905528e-4,2.7132389049423067e-4,0,7.631257631257631e-5
郝伯陽,PERSON,3,0.0010496850944716584,0.029565313121346828,30.10048678511074,1.0054293183189222e-4
郝營長,PERSON,4,0.0013995801259622112,0.03450204432344179,359.5257172024455,1.0339123242349049e-4
郝雲亭,PERSON,6,0.002099370188943317,0.03625813076569903,455.36168680954324,1.034340091021928e-4
郭作民,PERSON,6,0.002099370188943317,0.03926090511799286,63.14114436675733,1.0195758564437195e-4
郭兆鯤,PERSON,2,6.997900629811056e-4,0.0282410075267907,11.68337995842968,1.0175010175010175e-4
郭建侯,PERSON,1,3.498950314905528e-4,0.0016314946323867357,0,9.028530155290719e-5
郭楫臣,PERSON,3,0.0010496850944716584,0.0021774283915902467,0.044117647058823525,9.174311926605505e-5
郭標陳,PERSON,4,0.0013995801259622112,0.008510594932843561,4.907686957548111,9.149130832570906e-5
郭漢,PERSON,1,3.498950314905528e-4,2.713238904942303e-4,0,7.631257631257631e-5
郭竹樵,PERSON,4,0.0013995801259622112,0.0058965041115195205,9.45929053129305,9.240436148586214e-5
郭詩輝,PERSON,3,0.0010496850944716584,0.01579100871742417,42.14715543716373,9.482268158543523e-5
鄂芳,PERSON,16,0.005598320503848845,0.04310362145907908,2509.237194793922,1.0414496979795876e-4
鄉山,PERSON,3,0.0010496850944716584,0.005422839749594669,0.043478260869565216,9.082652134423252e-5
鄒古,PERSON,2,6.997900629811056e-4,0.02740621916142042,9.60558670129065,1.0050251256281407e-4
鄒裕,PERSON,3,0.0010496850944716584,0.003727297766250456,0.16666666666666666,8.999280057595392e-5
鄔志,PERSON,8,0.0027991602519244225,0.034318692609236597,288.5365963421139,9.75609756097561e-5
鄥志豪,PERSON,2,6.997900629811056e-4,0.002779472614047562,0.030303030303030304,9.022013713460844e-5
鄧孝,PERSON,3,0.0010496850944716584,0.005316071372960605,0.1111111111111111,9.018759018759019e-5
鄧峙,PERSON,2,6.997900629811056e-4,0.029925104502511218,46.11831155500697,1.024380249948781e-4
鄭伯文,PERSON,1,3.498950314905528e-4,0.01216157677095685,0,9.416195856873823e-5
鄭子,PERSON,20,0.006997900629811057,0.10583538990523303,3651.8738625205915,1.1170688114387846e-4
鄭式,PERSON,5,0.0017494751574527643,0.00389925696058476,146.87295949236471,9.398496240601504e-5
鄭懋卿,PERSON,5,0.0017494751574527643,0.0038992569605847648,146.87295949236471,9.398496240601504e-5
鄭文,PERSON,11,0.003848845346396081,0.030942825473534753,302.0680171664041,9.428625306430322e-5
鄭氷,PERSON,1,3.498950314905528e-4,8.604946376107034e-4,0,9.345794392523364e-5
鄭澤,PERSON,6,0.002099370188943317,0.025324511572369646,25.76332927674104,9.419743782969103e-5
鄭祥泰,PERSON,2,6.997900629811056e-4,0.02968850237348558,8.15401117400114,1.0175010175010175e-4
鄭祥泰五,PERSON,6,0.002099370188943317,0.010935580856185843,12.964578460577119,9.352787130564908e-5
鄭端,PERSON,4,0.0013995801259622112,0.00418824001021708,5.1566712764840785,9.129085265656382e-5
鄭緘,PERSON,7,0.00244926522043387,0.04308748491755678,1058.6942154987344,1.0294420424130121e-4
鄭翔,PERSON,6,0.002099370188943317,0.025324511572369646,25.76332927674104,9.419743782969103e-5
鄭衡,PERSON,6,0.002099370188943317,0.025324511572369646,25.76332927674104,9.419743782969103e-5
鄭邁,PERSON,1,3.498950314905528e-4,8.604946376107039e-4,0,9.345794392523364e-5
鄭鑑源,PERSON,10,0.0034989503149055285,0.04984556992073064,462.98277037993944,1.0305028854080792e-4
鄭鴻生,PERSON,4,0.0013995801259622112,0.041996541064341336,188.5840211302102,1.0307153164296021e-4
鄭麗,PERSON,5,0.0017494751574527643,0.0038992569605847613,146.87295949236471,9.398496240601504e-5
酉峯,PERSON,6,0.002099370188943317,0.04376660008772523,234.57921546067655,1.0187449062754686e-4
醫章,PERSON,3,0.0010496850944716584,0.003385455295127434,0.3333333333333333,8.984725965858041e-5
采生,PERSON,6,0.002099370188943317,0.025324511572369646,25.76332927674104,9.419743782969103e-5
采臣,PERSON,6,0.002099370188943317,0.03327908714496,104.25153527348195,1.0078613182826043e-4
采長,PERSON,1,3.498950314905528e-4,8.604946376107044e-4,0,9.345794392523364e-5
重政,PERSON,5,0.0017494751574527643,0.061038623086906114,282.85976271117323,1.0787486515641856e-4
重民,PERSON,2,6.997900629811056e-4,0.004438735872403429,0.9150671816992041,9.18105031215571e-5
重邇,PERSON,6,0.002099370188943317,0.06057039300893683,311.8976802742744,1.0768899418479432e-4
野田,PERSON,5,0.0017494751574527643,0.06103862308690609,282.85976271117323,1.0787486515641856e-4
金仲蓀,PERSON,4,0.0013995801259622112,0.016906447108045782,24.169285414336134,9.457159069415548e-5
金伯屏,PERSON,3,0.0010496850944716584,0.015791008717424164,42.14715543716373,9.482268158543523e-5
金士明,PERSON,6,0.002099370188943317,0.03926090511799286,63.14114436675733,1.0195758564437195e-4
金寳,PERSON,1,3.498950314905528e-4,8.604946376107023e-4,0,9.345794392523364e-5
金張,PERSON,3,0.0010496850944716584,0.060180968305026374,278.07412910106825,1.0799136069114471e-4
金泰興,PERSON,1,3.498950314905528e-4,6.804757976775178e-4,0,9.043226623259179e-5
金溶,PERSON,15,0.005248425472358292,0.019898964492094537,22.04067929823549,9.216589861751152e-5
金潤庠,PERSON,11,0.003848845346396081,0.05008046712120042,606.3019012740307,1.0412328196584757e-4
金潤泉,PERSON,2,6.997900629811056e-4,0.0027794726140475635,0.030303030303030304,9.022013713460844e-5
金珠,PERSON,2,6.997900629811056e-4,0.011593124225589104,4.921870725530944,9.45000945000945e-5
金瑞玉,PERSON,1,3.498950314905528e-4,0.0027410570073093847,0,9.147457006952067e-5
金生,PERSON,1,3.498950314905528e-4,5.913770755422807e-4,0,9.064539521392314e-5
金發十元,PERSON,6,0.002099370188943317,0.01093558085618584,12.964578460577119,9.352787130564908e-5
金百,PERSON,6,0.002099370188943317,0.03327908714495995,104.25153527348195,1.0078613182826043e-4
金石,PERSON,1,3.498950314905528e-4,0.02638567944323031,0,1.017293997965412e-4
金祿,PERSON,3,0.0010496850944716584,0.017681718133586138,54.55258105377394,9.604302727621975e-5
金福堂,PERSON,6,0.002099370188943317,0.005407588901771692,5.244804553253112,9.157509157509158e-5
金衢,PERSON,2,6.997900629811056e-4,0.00443873587240343,0.9150671816992041,9.18105031215571e-5
金衢嚴,PERSON,7,0.00244926522043387,0.04398571616066046,338.25992055156837,1.0379904504878556e-4
金豹,PERSON,8,0.0027991602519244225,0.0632984708390921,1023.8759064053631,1.0883761427949499e-4
金邦平,PERSON,5,0.0017494751574527643,0.061038623086906114,282.85976271117323,1.0787486515641856e-4
金銘,PERSON,3,0.0010496850944716584,0.06018096830502643,278.07412910106825,1.0799136069114471e-4
鈕立卿,PERSON,5,0.0017494751574527643,0.031064943503945536,725.9615265130751,1.008471157724889e-4
鈞代,PERSON,3,0.0010496850944716584,0.04105582495721483,222.37390084261358,1.0423181154888472e-4
鈞徐,PERSON,1,3.498950314905528e-4,0.01216157677095685,0,9.416195856873823e-5
鈞袁,PERSON,3,0.0010496850944716584,0.007347976229962707,1.2299414880376804,9.062896501721951e-5
鈞鑒,PERSON,9,0.0031490552834149755,0.034236690705273194,2133.053012971316,1.0227040294538761e-4
鈞黃,PERSON,2,6.997900629811056e-4,0.028241007526790707,11.68337995842968,1.0175010175010175e-4
鈴木,PERSON,5,0.0017494751574527643,0.061038623086906114,282.85976271117323,1.0787486515641856e-4
銀漢,PERSON,2,6.997900629811056e-4,0.0027794726140475635,0.030303030303030304,9.022013713460844e-5
銀行公會,ORG,56,0.01959412176347096,0.14002550501643685,14851.208459834459,1.2232415902140674e-4
銘勛,PERSON,5,0.0017494751574527643,0.027231161474757095,234.87438053744998,1.0056315366049879e-4
銜重,PERSON,1,3.498950314905528e-4,8.604946376107057e-4,0,9.345794392523364e-5
錄蘇,PERSON,6,0.002099370188943317,0.03926090511799286,63.14114436675733,1.0195758564437195e-4
錢健人,PERSON,7,0.00244926522043387,0.043414905375031065,664.8999787493923,1.0285949393128986e-4
錢庠,PERSON,4,0.0013995801259622112,0.06706587448883669,764.1285364773955,1.1030222810500772e-4
錢强,PERSON,2,6.997900629811056e-4,0.002779472614047562,0.030303030303030304,9.022013713460844e-5
錢梅生,PERSON,3,0.0010496850944716584,0.0052352863563941395,3.6036655227215437,9.072763563781528e-5
錢業同業公會,ORG,23,0.008047585724282715,0.05828758152992482,3420.6293138245524,1.2298610257040955e-4
錢端,PERSON,1,3.498950314905528e-4,8.604946376107041e-4,0,9.345794392523364e-5
錢紹,PERSON,1,3.498950314905528e-4,8.604946376107042e-4,0,9.345794392523364e-5
錢貴,PERSON,3,0.0010496850944716584,0.005422839749594667,0.043478260869565216,9.082652134423252e-5
錢雨,PERSON,6,0.002099370188943317,0.02532451157236966,25.76332927674104,9.419743782969103e-5
錢靜,PERSON,3,0.0010496850944716584,0.008017730250356028,0.1,9.018759018759019e-5
錢韻,PERSON,3,0.0010496850944716584,0.002177428391590245,0.044117647058823525,9.174311926605505e-5
錢龍,PERSON,5,0.0017494751574527643,0.03844573305892592,81.98662607828392,1.0088781275221953e-4
錦元,PERSON,1,3.498950314905528e-4,5.91377075542281e-4,0,9.064539521392314e-5
錦如,PERSON,1,3.498950314905528e-4,5.913770755422802e-4,0,9.064539521392314e-5
錦峯,PERSON,3,0.0010496850944716584,0.005422839749594666,0.043478260869565216,9.082652134423252e-5
錦榮,PERSON,5,0.0017494751574527643,0.012539171734302839,5.801204041916086,9.221689413500554e-5
錦芳,PERSON,2,6.997900629811056e-4,0.028241007526790683,11.68337995842968,1.0175010175010175e-4
錦華,PERSON,3,0.0010496850944716584,0.005422839749594667,0.043478260869565216,9.082652134423252e-5
錫光,PERSON,1,3.498950314905528e-4,0.01216157677095685,0,9.416195856873823e-5
錫南,PERSON,6,0.002099370188943317,0.010935580856185838,12.964578460577119,9.352787130564908e-5
鍾可託,PERSON,5,0.0017494751574527643,0.027231161474757102,234.87438053744998,1.0056315366049879e-4
鍾益,PERSON,5,0.0017494751574527643,0.003247255287690768,0.47619047619047616,9.007386056566384e-5
鍾紫,PERSON,2,6.997900629811056e-4,0.028351190393533853,17.299182032857885,1.0175010175010175e-4
鍾郭,PERSON,5,0.0017494751574527643,0.03692711385436923,111.25207296254861,1.016053647632595e-4
鎭江商會,ORG,42,0.01469559132260322,0.030953695976881797,17073.70332073501,1.2178784557301182e-4
鎭袁,PERSON,3,0.0010496850944716584,0.002177428391590245,0.044117647058823525,9.174311926605505e-5
鏞何,PERSON,3,0.0010496850944716584,0.005422839749594669,0.043478260869565216,9.082652134423252e-5
鏞章,PERSON,3,0.0010496850944716584,0.008601811905454311,3.0060513372341227,9.119095385737735e-5
鏱余子卿,PERSON,4,0.0013995801259622112,0.004188240010217078,5.1566712764840785,9.129085265656382e-5
鐘筱,PERSON,2,6.997900629811056e-4,0.004438735872403427,0.9150671816992041,9.18105031215571e-5
鑄記書局,ORG,36,0.012596221133659902,0.04607269295500579,5509.144634670953,1.2169891687963977e-4
鑑洋,PERSON,4,0.0013995801259622112,0.005896504111519519,9.45929053129305,9.240436148586214e-5
鑑鄭,PERSON,3,0.0010496850944716584,0.005422839749594668,0.043478260869565216,9.082652134423252e-5
鑑章,PERSON,15,0.005248425472358292,0.019898964492094537,22.04067929823549,9.216589861751152e-5
鑒俊峯,PERSON,1,3.498950314905528e-4,2.713238904942313e-4,0,7.631257631257631e-5
鑒删,PERSON,2,6.997900629811056e-4,0.0065415522668521246,0.5524816207456696,9.177679882525697e-5
鑒東,PERSON,2,6.997900629811056e-4,0.0011781580406579853,2.2821789321789314,9.007386056566384e-5
鑒江,PERSON,8,0.0027991602519244225,0.06436921720008029,1071.9288356956502,1.0996261271167803e-4
鑒銑,PERSON,1,3.498950314905528e-4,2.7132389049423e-4,0,7.631257631257631e-5
長何,PERSON,2,6.997900629811056e-4,0.00337966037842819,1.036859949134382,9.120758847136082e-5
長吳,PERSON,2,6.997900629811056e-4,0.029688502373485578,8.15401117400114,1.0175010175010175e-4
長姚,PERSON,9,0.0031490552834149755,0.040038748116818484,167.6868784025236,1.008471157724889e-4
長房,PERSON,2,6.997900629811056e-4,0.006085463891133753,0.7976891757699892,9.159186664224217e-5
長方,PERSON,2,6.997900629811056e-4,0.01402944359035523,66.72021998204295,9.437523593808984e-5
長林,PERSON,5,0.0017494751574527643,0.00324725528769077,0.47619047619047616,9.007386056566384e-5
長楊,PERSON,2,6.997900629811056e-4,0.008693871786981253,2.803101476581599,9.189487226612754e-5
長毛,PERSON,9,0.0031490552834149755,0.0400387481168185,167.6868784025236,1.008471157724889e-4
長沈,PERSON,1,3.498950314905528e-4,0.0032424005057010573,0,9.0711175616836e-5
長王,PERSON,2,6.997900629811056e-4,0.029688502373485595,8.15401117400114,1.0175010175010175e-4
長盧,PERSON,3,0.0010496850944716584,0.01794375852112553,78.44995831098922,9.511128019783147e-5
長葛,PERSON,4,0.0013995801259622112,0.03450204432344179,359.5257172024455,1.0339123242349049e-4
長蔣,PERSON,3,0.0010496850944716584,0.01768171813358612,54.55258105377394,9.604302727621975e-5
長虞,PERSON,25,0.00874737578726382,0.13254777596146822,7320.35692523338,1.1633317822242904e-4
長諒,PERSON,3,0.0010496850944716584,0.00801773025035603,0.1,9.018759018759019e-5
長豐,PERSON,6,0.002099370188943317,0.005407588901771695,5.244804553253112,9.157509157509158e-5
長金,PERSON,5,0.0017494751574527643,0.00543401877423342,0.6666666666666666,9.010632546404758e-5
長陳,PERSON,10,0.0034989503149055285,0.008275486098038081,178.0970316336461,9.04649900488511e-5
門陳謨,PERSON,4,0.0013995801259622112,0.014306698866218288,14.13075148280722,9.380863039399625e-5
開泰,PERSON,1,3.498950314905528e-4,0.012161576770956853,0,9.416195856873823e-5
開泰祥十元,PERSON,6,0.002099370188943317,0.01093558085618584,12.964578460577119,9.352787130564908e-5
開籟,PERSON,4,0.0013995801259622112,0.03437897151017487,186.83622611412275,1.0298661174047374e-4
間霍守,PERSON,5,0.0017494751574527643,0.04146132582099167,83.1582128270322,1.021659174499387e-4
閘北商會,ORG,63,0.022043386983904827,0.14358578539332228,41093.809749963555,1.2241400416207614e-4
閘北市公所,ORG,19,0.006648005598320504,0.031133594930156914,16033.780440647617,1.2110936175366356e-4
閘北市議事會議,ORG,19,0.006648005598320504,0.03113359493015692,16033.780440647617,1.2110936175366356e-4
閘北童子軍,ORG,27,0.009447165850244927,0.04594095345564887,9323.663293274474,1.2134449702705982e-4
閻容德,PERSON,5,0.0017494751574527643,0.03248043040377027,122.42884231536944,1.0204081632653062e-4
關伯平,PERSON,2,6.997900629811056e-4,0.0024382162401395367,0.13336634980470596,9.038322487346348e-5
闞蘭溪,PERSON,5,0.0017494751574527643,0.02723116147475709,234.87438053744998,1.0056315366049879e-4
阜豐麵粉公司,ORG,28,0.00979706088173548,0.08122310646311312,3760.0003010404557,1.2328936012822092e-4
阮荀,PERSON,4,0.0013995801259622112,0.005808773822992169,11.250544539101314,9.182736455463728e-5
阿奎,PERSON,5,0.0017494751574527643,0.0038992569605847656,146.87295949236471,9.398496240601504e-5
阿毛所,PERSON,1,3.498950314905528e-4,5.560185810174019e-4,0,8.986340762041697e-5
阿迪士,PERSON,3,0.0010496850944716584,0.0037272977662504547,0.16666666666666666,8.999280057595392e-5
陜西張,PERSON,1,3.498950314905528e-4,2.713238904942297e-4,0,7.631257631257631e-5
陞同,PERSON,5,0.0017494751574527643,0.05696735189705688,367.6449731533856,1.0766580534022394e-4
陞謝,PERSON,5,0.0017494751574527643,0.019833408775946134,17.00951251878744,9.240436148586214e-5
陳介卿,PERSON,3,0.0010496850944716584,0.02956531312134682,30.10048678511074,1.0054293183189222e-4
陳仕英,PERSON,5,0.0017494751574527643,0.01457522607417477,53.77222100787469,9.393199323689649e-5
陳伯,PERSON,4,0.0013995801259622112,0.04199654106434135,188.5840211302102,1.0307153164296021e-4
陳伯恩,PERSON,3,0.0010496850944716584,0.03279443186824267,84.74711153065155,1.0141987829614604e-4
陳俊,PERSON,11,0.003848845346396081,0.008626959331288767,343.7048516785269,9.29368029739777e-5
陳偉,PERSON,6,0.002099370188943317,0.03327908714495997,104.25153527348195,1.0078613182826043e-4
陳光甫,PERSON,3,0.0010496850944716584,0.015791008717424167,42.14715543716373,9.482268158543523e-5
陳其熊,PERSON,1,3.498950314905528e-4,0.002638389401906467,0,9.05961224859576e-5
陳勇,PERSON,3,0.0010496850944716584,0.03801084806417262,213.96587707054763,1.0277492291880781e-4
陳卓甫,PERSON,6,0.002099370188943317,0.025324511572369646,25.76332927674104,9.419743782969103e-5
陳友琴,PERSON,1,3.498950314905528e-4,2.7132389049423056e-4,0,7.631257631257631e-5
陳向,PERSON,5,0.0017494751574527643,0.027231161474757095,234.87438053744998,1.0056315366049879e-4
陳品,PERSON,1,3.498950314905528e-4,5.913770755422804e-4,0,9.064539521392314e-5
陳嘉庚,PERSON,6,0.002099370188943317,0.00877772723195324,110.15479863661301,9.233610341643582e-5
陳如,PERSON,2,6.997900629811056e-4,0.0014996303825986978,0.05555555555555555,8.997660608241857e-5
陳子,PERSON,14,0.00489853044086774,0.10085329966412827,28054.530030510574,1.1536686663590217e-4
陳家,PERSON,8,0.0027991602519244225,0.06329847083909211,1023.8759064053631,1.0883761427949499e-4
陳少,PERSON,3,0.0010496850944716584,0.01768171813358613,54.55258105377394,9.604302727621975e-5
陳師,PERSON,2,6.997900629811056e-4,0.02968850237348557,8.15401117400114,1.0175010175010175e-4
陳庚,PERSON,1,3.498950314905528e-4,5.913770755422812e-4,0,9.064539521392314e-5
陳廣海,PERSON,4,0.0013995801259622112,0.04199654106434135,188.5840211302102,1.0307153164296021e-4
陳德恒,PERSON,8,0.0027991602519244225,0.004574781424082918,2.5454545454545463,8.99604174163368e-5
陳志,PERSON,1,3.498950314905528e-4,0.02638567944323029,0,1.017293997965412e-4
陳才,PERSON,2,6.997900629811056e-4,0.004438735872403427,0.9150671816992041,9.18105031215571e-5
陳掌,PERSON,5,0.0017494751574527643,0.022193851435070074,6.572353543541185,9.394964299135663e-5
陳文,PERSON,7,0.00244926522043387,0.01131934386111418,1279.659412212698,9.359790340696369e-5
陳旡,PERSON,8,0.0027991602519244225,0.02071109461214797,44.270583582792774,9.297136481963555e-5
陳景彰十五元,PERSON,6,0.002099370188943317,0.010935580856185841,12.964578460577119,9.352787130564908e-5
陳景文,PERSON,1,3.498950314905528e-4,0.0037886085059926546,0,9.069472156720479e-5
陳查初十,PERSON,6,0.002099370188943317,0.01093558085618584,12.964578460577119,9.352787130564908e-5
陳椒山,PERSON,6,0.002099370188943317,0.01093558085618584,12.964578460577119,9.352787130564908e-5
陳治,PERSON,5,0.0017494751574527643,0.005434018774233422,0.6666666666666666,9.010632546404758e-5
陳湘湄五,PERSON,3,0.0010496850944716584,0.005422839749594668,0.043478260869565216,9.082652134423252e-5
陳潤,PERSON,3,0.0010496850944716584,0.01768171813358614,54.55258105377394,9.604302727621975e-5
陳澤,PERSON,3,0.0010496850944716584,0.0018101227799286637,0.2727272727272727,8.987956138774042e-5
陳灝泉,PERSON,5,0.0017494751574527643,0.04044906430431216,1574.0700124387702,1.0354110581901015e-4
陳炳,PERSON,15,0.005248425472358292,0.07076230718966244,940.2889925447869,1.039717196922437e-4
陳煥,PERSON,6,0.002099370188943317,0.025324511572369646,25.76332927674104,9.419743782969103e-5
陳琴,PERSON,1,3.498950314905528e-4,0.001631494632386737,0,9.028530155290719e-5
陳甘棠,PERSON,3,0.0010496850944716584,0.017681718133586134,54.55258105377394,9.604302727621975e-5
陳福,PERSON,2,6.997900629811056e-4,0.011593124225589108,4.921870725530944,9.45000945000945e-5
陳秉鈞,PERSON,3,0.0010496850944716584,0.0021774283915902432,0.044117647058823525,9.174311926605505e-5
陳立,PERSON,1,3.498950314905528e-4,0.0015736306807737298,0,9.082652134423252e-5
陳立夫,PERSON,5,0.0017494751574527643,0.04146132582099168,83.1582128270322,1.021659174499387e-4
陳立昌,PERSON,2,6.997900629811056e-4,0.011593124225589108,4.921870725530944,9.45000945000945e-5
陳翊,PERSON,2,6.997900629811056e-4,0.0282410075267907,11.68337995842968,1.0175010175010175e-4
陳翊廷,PERSON,34,0.011896431070678797,0.13970834627207349,11128.723215354095,1.1611704598235021e-4
陳聯,PERSON,4,0.0013995801259622112,0.005896504111519517,9.45929053129305,9.240436148586214e-5
陳良,PERSON,24,0.008397480755773267,0.07567744978231918,6071.924454380614,1.0699764605178686e-4
陳良玉,PERSON,67,0.02344296710986704,0.25164069882708,36199.95448805234,1.2428535918468804e-4
陳芝,PERSON,3,0.0010496850944716584,0.038010848064172625,213.96587707054763,1.0277492291880781e-4
陳蓉,PERSON,1,3.498950314905528e-4,0.0016314946323867368,0,9.028530155290719e-5
陳蓉館,PERSON,8,0.0027991602519244225,0.03740898744023577,1560.5167763061243,1.0330578512396694e-4
陳蘭,PERSON,3,0.0010496850944716584,0.0351647881822709,78.89610093557835,1.0166734444896299e-4
陳軍,PERSON,7,0.00244926522043387,0.007842418553082615,70.15432032988089,9.049773755656108e-5
陳雪,PERSON,5,0.0017494751574527643,0.02067217170380041,365.5237967883468,9.571209800918837e-5
陳靜,PERSON,15,0.005248425472358292,0.019898964492094537,22.04067929823549,9.216589861751152e-5
陳順記,PERSON,3,0.0010496850944716584,0.031470674989305364,173.13489085318758,1.0235414534288638e-4
陳鶴,PERSON,3,0.0010496850944716584,0.0037272977662504547,0.16666666666666666,8.999280057595392e-5
陶元,PERSON,3,0.0010496850944716584,0.008601811905454311,3.0060513372341227,9.119095385737735e-5
陶國,PERSON,8,0.0027991602519244225,0.06436921720008032,1071.9288356956502,1.0996261271167803e-4
陶子,PERSON,2,6.997900629811056e-4,0.0016429621114849868,0.05263157894736842,8.999280057595392e-5
陶希泉,PERSON,3,0.0010496850944716584,0.01579100871742417,42.14715543716373,9.482268158543523e-5
陶恩,PERSON,5,0.0017494751574527643,0.04146132582099167,83.1582128270322,1.021659174499387e-4
陶拙,PERSON,10,0.0034989503149055285,0.02940134310444009,79.07985260818045,9.46790380609733e-5
陶朱,PERSON,5,0.0017494751574527643,0.048379304876950996,326.5133838925606,1.0401497815685458e-4
陶華,PERSON,5,0.0017494751574527643,0.048379304876950954,326.5133838925606,1.0401497815685458e-4
陶雲,PERSON,5,0.0017494751574527643,0.03844573305892592,81.98662607828392,1.0088781275221953e-4
陶魁,PERSON,3,0.0010496850944716584,0.003470901343361377,0.10714285714285714,9.015506671474937e-5
陸伯,PERSON,1,3.498950314905528e-4,0.006237205624687284,0,9.271277582050807e-5
陸伯鴻,PERSON,66,0.02309307207837649,0.22378713540666187,116503.41944141878,1.2373174956693887e-4
陸士,PERSON,3,0.0010496850944716584,0.03801084806417261,213.96587707054763,1.0277492291880781e-4
陸戰隊,ORG,6,0.002099370188943317,0.04101225777766302,780.3653081136589,1.2238404112103782e-4
陸文,PERSON,19,0.006648005598320504,0.12097543264412873,7623.876463965344,1.1544677903486493e-4
陸文記,PERSON,5,0.0017494751574527643,0.00461998947887386,44.000445054485006,9.079353550027238e-5
陸星,PERSON,9,0.0031490552834149755,0.06482835606406734,489.7779270607754,1.0392849719393057e-4
陸星莊,PERSON,14,0.00489853044086774,0.10628968188505901,1795.7128892223402,1.1113580795732385e-4
陸景文,PERSON,3,0.0010496850944716584,0.005235286356394141,3.6036655227215437,9.072763563781528e-5
陸榮,PERSON,6,0.002099370188943317,0.005407588901771693,5.244804553253112,9.157509157509158e-5
陸熙,PERSON,11,0.003848845346396081,0.008626959331288772,343.7048516785269,9.29368029739777e-5
陸畊,PERSON,2,6.997900629811056e-4,0.011593124225589108,4.921870725530944,9.45000945000945e-5
陸端,PERSON,5,0.0017494751574527643,0.006878248467879121,94.96970996608492,9.100837277029486e-5
陸維,PERSON,18,0.006298110566829951,0.11332884983460996,10592.722947866097,1.1671335200746966e-4
陸覺,PERSON,6,0.002099370188943317,0.03926090511799286,63.14114436675733,1.0195758564437195e-4
陸費,PERSON,16,0.005598320503848845,0.039229845596564984,248.07460445954774,9.396729937981582e-5
陸軍部,ORG,14,0.00489853044086774,0.07136832368286877,1450.435556536338,1.2286521685710776e-4
陸軍部滬廠,ORG,31,0.010846745976207137,0.07910691370833581,7927.457633982944,1.2338062924120913e-4
陸達,PERSON,3,0.0010496850944716584,0.015791008717424167,42.14715543716373,9.482268158543523e-5
陸隊司令部,ORG,6,0.002099370188943317,0.04101225777766302,780.3653081136589,1.2238404112103782e-4
陸鳳,PERSON,3,0.0010496850944716584,0.006410523223578544,0.13043478260869565,9.020386072523904e-5
陽候,PERSON,1,3.498950314905528e-4,8.604946376107042e-4,0,9.345794392523364e-5
陽吳,PERSON,1,3.498950314905528e-4,8.604946376107036e-4,0,9.345794392523364e-5
陽孫,PERSON,5,0.0017494751574527643,0.03692711385436924,111.25207296254861,1.016053647632595e-4
陽養,PERSON,7,0.00244926522043387,0.00454818833178763,1.7052631578947364,9.015506671474937e-5
隆旣,PERSON,5,0.0017494751574527643,0.04625259285414869,189.07443299003256,1.0375596596804317e-4
隊陸,PERSON,2,6.997900629811056e-4,0.008693871786981257,2.803101476581599,9.189487226612754e-5
際安,PERSON,3,0.0010496850944716584,0.0018101227799286641,0.2727272727272727,8.987956138774042e-5
際袁,PERSON,2,6.997900629811056e-4,0.027984291698945226,21.526643830021378,1.0175010175010175e-4
隠名,PERSON,6,0.002099370188943317,0.010935580856185841,12.964578460577119,9.352787130564908e-5
隠名氏三,PERSON,6,0.002099370188943317,0.01093558085618584,12.964578460577119,9.352787130564908e-5
隠名氏二元,PERSON,6,0.002099370188943317,0.01093558085618584,12.964578460577119,9.352787130564908e-5
雁賓,PERSON,1,3.498950314905528e-4,0.0016314946323867368,0,9.028530155290719e-5
雅酒菜館,ORG,9,0.0031490552834149755,0.04276884742740066,3075.603732099857,1.2081672103419114e-4
雜糧公會,ORG,11,0.003848845346396081,0.05176494309930517,785.5185660279324,1.2087513598452798e-4
雲代,PERSON,3,0.0010496850944716584,0.04105582495721483,222.37390084261358,1.0423181154888472e-4
雲卿,PERSON,6,0.002099370188943317,0.03339302239310574,1839.1720893559047,1.0307153164296021e-4
雲台,PERSON,1,3.498950314905528e-4,0.0263856794432303,0,1.017293997965412e-4
雲張,PERSON,3,0.0010496850944716584,0.01768171813358614,54.55258105377394,9.604302727621975e-5
雲搏,PERSON,7,0.00244926522043387,0.021010524102021012,13.74293537419925,9.386146048432514e-5
雲梅,PERSON,3,0.0010496850944716584,0.0021774283915902432,0.044117647058823525,9.174311926605505e-5
雲生,PERSON,4,0.0013995801259622112,0.004188240010217077,5.1566712764840785,9.129085265656382e-5
雲程,PERSON,3,0.0010496850944716584,0.005422839749594669,0.043478260869565216,9.082652134423252e-5
雲維,PERSON,1,3.498950314905528e-4,2.713238904942303e-4,0,7.631257631257631e-5
雲衢,PERSON,1,3.498950314905528e-4,0.0010049393278142868,0,9.005763688760806e-5
雲龍,PERSON,1,3.498950314905528e-4,6.804757976775171e-4,0,9.043226623259179e-5
雷華,PERSON,1,3.498950314905528e-4,0.0011528066838945006,0,9.043226623259179e-5
電促總商,ORG,13,0.004548635409377187,0.04953933823845848,784.2228002142558,1.2093360744951022e-4
電孫,PERSON,8,0.0027991602519244225,0.020711094612147964,44.270583582792774,9.297136481963555e-5
震靑,PERSON,3,0.0010496850944716584,0.003385455295127435,0.3333333333333333,8.984725965858041e-5
霍守,PERSON,28,0.00979706088173548,0.14671675750611543,10276.333280355775,1.147842056932966e-4
霍守華,PERSON,6,0.002099370188943317,0.07003781435699664,437.1027195410724,1.0820168794633196e-4
霍謂,PERSON,5,0.0017494751574527643,0.06818248627343622,373.18677908737,1.0817827780181739e-4
霖生,PERSON,7,0.00244926522043387,0.04484216209559581,102.0971665367588,1.0092854259184497e-4
霖聯,PERSON,1,3.498950314905528e-4,0.0027410570073093847,0,9.147457006952067e-5
霖謂,PERSON,3,0.0010496850944716584,0.031470674989305336,173.13489085318758,1.0235414534288638e-4
霖陳,PERSON,5,0.0017494751574527643,0.048379304876950996,326.5133838925606,1.0401497815685458e-4
青年會,ORG,46,0.01609517144856543,0.10345789767187012,8810.907037640312,1.2226433549333658e-4
靖仕,PERSON,3,0.0010496850944716584,0.0034709013433613756,0.10714285714285714,9.015506671474937e-5
靜菴,PERSON,3,0.0010496850944716584,0.008017730250356032,0.1,9.018759018759019e-5
靳雲,PERSON,7,0.00244926522043387,0.004548188331787629,1.7052631578947364,9.015506671474937e-5
韓毅,PERSON,1,3.498950314905528e-4,2.7132389049423046e-4,0,7.631257631257631e-5
韓濟,PERSON,7,0.00244926522043387,0.044842162095595814,102.0971665367588,1.0092854259184497e-4
韓玉,PERSON,1,3.498950314905528e-4,0.012161576770956847,0,9.416195856873823e-5
韓省,PERSON,4,0.0013995801259622112,0.03071398088007176,394.5454827964037,1.016053647632595e-4
章仲,PERSON,6,0.002099370188943317,0.02532451157236965,25.76332927674104,9.419743782969103e-5
章方,PERSON,5,0.0017494751574527643,0.03844573305892592,81.98662607828392,1.0088781275221953e-4
章炳麟,PERSON,11,0.003848845346396081,0.04298279460164198,1596.0842090161918,1.015228426395939e-4
章福記書局,ORG,36,0.012596221133659902,0.046072692955005816,5509.144634670953,1.2169891687963977e-4
項世,PERSON,1,3.498950314905528e-4,0.002586337203146294,0,9.177679882525697e-5
項仲,PERSON,4,0.0013995801259622112,0.032331169626916054,10140.082068516112,1.0570824524312896e-4
項公茂,PERSON,3,0.0010496850944716584,0.03147067498930535,173.13489085318758,1.0235414534288638e-4
項如,PERSON,1,3.498950314905528e-4,0.026385679443230302,0,1.017293997965412e-4
項如松,PERSON,16,0.005598320503848845,0.10975756764676238,3240.9629824562576,1.1399908800729594e-4
項松,PERSON,21,0.00734779566130161,0.11356196514417387,3557.5259089618316,1.1160714285714285e-4
項松茂,PERSON,3,0.0010496850944716584,0.008017730250356032,0.1,9.018759018759019e-5
順銓,PERSON,5,0.0017494751574527643,0.012539171734302834,5.801204041916086,9.221689413500554e-5
顏芹,PERSON,4,0.0013995801259622112,0.04199654106434135,188.5840211302102,1.0307153164296021e-4
顔蔡,PERSON,4,0.0013995801259622112,0.044137614288185044,204.4981450104454,1.0326311441553078e-4
顧劍,PERSON,1,3.498950314905528e-4,0.008810433595736519,0,9.314456035767511e-5
顧子,PERSON,57,0.01994401679496151,0.23769766566550093,26744.10369366831,1.2306177701206005e-4
顧家,PERSON,1,3.498950314905528e-4,0.002586337203146294,0,9.177679882525697e-5
顧履,PERSON,1,3.498950314905528e-4,0.0025863372031462947,0,9.177679882525697e-5
顧惠民,PERSON,2,6.997900629811056e-4,0.0034079400389679716,0.3003874256049981,9.036688957166094e-5
顧啟,PERSON,6,0.002099370188943317,0.005407588901771694,5.244804553253112,9.157509157509158e-5
顧竹,PERSON,3,0.0010496850944716584,0.005235286356394143,3.6036655227215437,9.072763563781528e-5
顧竹溪,PERSON,2,6.997900629811056e-4,0.0027794726140475635,0.030303030303030304,9.022013713460844e-5
顧維鈞,PERSON,6,0.002099370188943317,0.06600753273975413,586.8856101122265,1.0841283607979184e-4
顧肇,PERSON,6,0.002099370188943317,0.005407588901771694,5.244804553253112,9.157509157509158e-5
顧鏧,PERSON,1,3.498950314905528e-4,0.026385679443230302,0,1.017293997965412e-4
顧韾,PERSON,1,3.498950314905528e-4,0.0031829842504564345,0,9.028530155290719e-5
顯華,PERSON,2,6.997900629811056e-4,0.0016429621114849857,0.05263157894736842,8.999280057595392e-5
飭姚,PERSON,6,0.002099370188943317,0.03926090511799286,63.14114436675733,1.0195758564437195e-4
餘仲,PERSON,3,0.0010496850944716584,0.03279443186824267,84.74711153065155,1.0141987829614604e-4
餘姚,PERSON,2,6.997900629811056e-4,0.004438735872403428,0.9150671816992041,9.18105031215571e-5
餘姚同鄉會,ORG,9,0.0031490552834149755,0.04253202958556123,435.3786654140086,1.2081672103419114e-4
餘姚旅滬同鄉,ORG,14,0.00489853044086774,0.053373485565534506,1516.4653725017986,1.2096286440062901e-4
餘順,PERSON,6,0.002099370188943317,0.010935580856185838,12.964578460577119,9.352787130564908e-5
館袁,PERSON,1,3.498950314905528e-4,0.0016314946323867363,0,9.028530155290719e-5
館鈞,PERSON,1,3.498950314905528e-4,2.7132389049423046e-4,0,7.631257631257631e-5
首山,PERSON,12,0.004198740377886634,0.06198596582082127,2506.063447514629,1.0874293170943889e-4
首民,PERSON,2,6.997900629811056e-4,0.028241007526790683,11.68337995842968,1.0175010175010175e-4
香亞公司,ORG,24,0.008397480755773267,0.058383156632978835,3274.124890804126,1.2125621438098702e-4
香伯,PERSON,1,3.498950314905528e-4,0.012161576770956853,0,9.416195856873823e-5
香港法公司,ORG,75,0.026242127361791462,0.13055711898517583,22273.194182177795,1.2473493825620557e-4
馥淸,PERSON,1,3.498950314905528e-4,0.012161576770956847,0,9.416195856873823e-5
馬寅,PERSON,3,0.0010496850944716584,0.0302190572129322,114.41192598354087,1.0187449062754686e-4
馬少,PERSON,1,3.498950314905528e-4,0.0031306601372995866,0,9.189487226612754e-5
馬崇,PERSON,5,0.0017494751574527643,0.06041173630785379,276.6725899116573,1.0782833728703904e-4
馬志,PERSON,3,0.0010496850944716584,0.01768171813358614,54.55258105377394,9.604302727621975e-5
馬振憲,PERSON,3,0.0010496850944716584,0.015791008717424178,42.14715543716373,9.482268158543523e-5
馬文顯二,PERSON,3,0.0010496850944716584,0.005422839749594667,0.043478260869565216,9.082652134423252e-5
馬濟,PERSON,3,0.0010496850944716584,0.015791008717424174,42.14715543716373,9.482268158543523e-5
馬祥,PERSON,5,0.0017494751574527643,0.01253917173430284,5.801204041916086,9.221689413500554e-5
馬聯甲,PERSON,15,0.005248425472358292,0.06670938506258328,6720.186353067349,1.0989010989010989e-4
馬連良,PERSON,14,0.00489853044086774,0.037695223110197545,411.61467813175966,9.33184023889511e-5
馮仲清,PERSON,1,3.498950314905528e-4,0.002586337203146294,0,9.177679882525697e-5
馮夢,PERSON,4,0.0013995801259622112,0.0670658744888367,764.1285364773955,1.1030222810500772e-4
馮存仁堂,ORG,23,0.008047585724282715,0.058287581529924824,3420.6293138245524,1.2298610257040955e-4
馮少,PERSON,22,0.007697690692792162,0.12607998035276385,5272.978442379047,1.1361054305839582e-4
馮少山,PERSON,59,0.020643806857942617,0.22650525348984923,25352.968479780764,1.2342631449024932e-4
馮懋,PERSON,2,6.997900629811056e-4,0.0024382162401395346,0.13336634980470596,9.038322487346348e-5
馮成,PERSON,6,0.002099370188943317,0.04599042885965398,605.3207216951428,1.0351966873706004e-4
馮松,PERSON,1,3.498950314905528e-4,0.001004939327814286,0,9.005763688760806e-5
馮紹,PERSON,5,0.0017494751574527643,0.003899256960584762,146.87295949236471,9.398496240601504e-5
馮經,PERSON,2,6.997900629811056e-4,0.003407940038967974,0.3003874256049981,9.036688957166094e-5
馮詠,PERSON,4,0.0013995801259622112,0.06706587448883672,764.1285364773955,1.1030222810500772e-4
馳名南肉經售,ORG,17,0.005948215535339398,0.07147301401539327,1714.5201775993,1.210507202517855e-4
駐滬日僑商會,ORG,14,0.00489853044086774,0.05729380212182822,3842.9721004114954,1.2096286440062901e-4
駕介,PERSON,5,0.0017494751574527643,0.061038623086906114,282.85976271117323,1.0787486515641856e-4
駿生,PERSON,2,6.997900629811056e-4,0.02740621916142041,9.60558670129065,1.0050251256281407e-4
驥良,PERSON,3,0.0010496850944716584,0.05366519931542336,211.90292362406433,1.0761945759793371e-4
高子谷,PERSON,2,6.997900629811056e-4,0.0044387358724034265,0.9150671816992041,9.18105031215571e-5
高德,PERSON,1,3.498950314905528e-4,0.0011528066838945015,0,9.043226623259179e-5
高德洋,ORG,47,0.016445066480055982,0.04369061961716052,22865.709798734108,1.2193634922570419e-4
高懿,PERSON,15,0.005248425472358292,0.01989896449209454,22.04067929823549,9.216589861751152e-5
高昌廟兵工廠,ORG,13,0.004548635409377187,0.07086223734615098,1457.6717858856591,1.225940909648155e-4
高楚秋,PERSON,3,0.0010496850944716584,0.03138128430272943,17.696732873383688,1.0052271813429835e-4
高白,PERSON,2,6.997900629811056e-4,0.0027794726140475613,0.030303030303030304,9.022013713460844e-5
高白叔,PERSON,2,6.997900629811056e-4,0.0027794726140475618,0.030303030303030304,9.022013713460844e-5
高踐四,PERSON,5,0.0017494751574527643,0.06041173630785377,276.6725899116573,1.0782833728703904e-4
高金,PERSON,1,3.498950314905528e-4,0.026385679443230302,0,1.017293997965412e-4
高鳳池,PERSON,5,0.0017494751574527643,0.07922745125979354,1444.5198980531761,1.124859392575928e-4
高麗,PERSON,5,0.0017494751574527643,0.04146132582099166,83.1582128270322,1.021659174499387e-4
魁候,PERSON,1,3.498950314905528e-4,8.604946376107044e-4,0,9.345794392523364e-5
魏伯楨,PERSON,7,0.00244926522043387,0.021010524102021012,13.74293537419925,9.386146048432514e-5
魏作,PERSON,5,0.0017494751574527643,0.027231161474757095,234.87438053744998,1.0056315366049879e-4
魏子,PERSON,6,0.002099370188943317,0.039260905117992864,63.14114436675733,1.0195758564437195e-4
魏晋,PERSON,5,0.0017494751574527643,0.02219385143507008,6.572353543541185,9.394964299135663e-5
魏晋三,PERSON,1,3.498950314905528e-4,0.0031306601372995888,0,9.189487226612754e-5
魏淸,PERSON,3,0.0010496850944716584,0.005422839749594666,0.043478260869565216,9.082652134423252e-5
魏蘭,PERSON,7,0.00244926522043387,0.021010524102021012,13.74293537419925,9.386146048432514e-5
魏鴻文,PERSON,10,0.0034989503149055285,0.04984556992073063,462.98277037993944,1.0305028854080792e-4
魯卿,PERSON,1,3.498950314905528e-4,0.01216157677095685,0,9.416195856873823e-5
魯廷,PERSON,4,0.0013995801259622112,0.04199654106434136,188.5840211302102,1.0307153164296021e-4
魯斯,PERSON,5,0.0017494751574527643,0.05696735189705688,367.6449731533856,1.0766580534022394e-4
鮑和卿,PERSON,1,3.498950314905528e-4,0.0016314946323867361,0,9.028530155290719e-5
鳳元,PERSON,1,3.498950314905528e-4,8.604946376107039e-4,0,9.345794392523364e-5
鳳奎,PERSON,6,0.002099370188943317,0.010935580856185841,12.964578460577119,9.352787130564908e-5
鳳祥,PERSON,5,0.0017494751574527643,0.012539171734302836,5.801204041916086,9.221689413500554e-5
鳳竹,PERSON,5,0.0017494751574527643,0.03465153075036923,201.49881412171115,1.0197838058331633e-4
鳴沈,PERSON,3,0.0010496850944716584,0.0021774283915902445,0.044117647058823525,9.174311926605505e-5
鴻盛二十,PERSON,6,0.002099370188943317,0.010935580856185838,12.964578460577119,9.352787130564908e-5
鴻笙,PERSON,1,3.498950314905528e-4,0.012161576770956847,0,9.416195856873823e-5
鶴年,PERSON,1,3.498950314905528e-4,2.713238904942297e-4,0,7.631257631257631e-5
麟丁,PERSON,3,0.0010496850944716584,0.005422839749594669,0.043478260869565216,9.082652134423252e-5
麟致,PERSON,1,3.498950314905528e-4,0.00226209742682202,0,9.023641941887746e-5
麟諸,PERSON,2,6.997900629811056e-4,0.00337966037842819,1.036859949134382,9.120758847136082e-5
麻克類,PERSON,8,0.0027991602519244225,0.05085101389668926,1322.4259135889881,1.0526315789473685e-4
黃以霖,PERSON,2,6.997900629811056e-4,0.0027794726140475618,0.030303030303030304,9.022013713460844e-5
黃仲,PERSON,1,3.498950314905528e-4,2.713238904942302e-4,0,7.631257631257631e-5
黃任,PERSON,10,0.0034989503149055285,0.0294013431044401,79.07985260818045,9.46790380609733e-5
黃伯雨,PERSON,9,0.0031490552834149755,0.02378999671606856,311.96203119257694,9.437523593808984e-5
黃宗,PERSON,10,0.0034989503149055285,0.06479810122169076,3014.3476175397454,1.0924186148131964e-4
黃德堅,PERSON,1,3.498950314905528e-4,2.7132389049423013e-4,0,7.631257631257631e-5
黃念,PERSON,6,0.002099370188943317,0.025324511572369646,25.76332927674104,9.419743782969103e-5
黃晦,PERSON,1,3.498950314905528e-4,0.002638389401906467,0,9.05961224859576e-5
黃楚,PERSON,19,0.006648005598320504,0.09589734718127253,5952.999287649678,1.1084016847705608e-4
黃璋,PERSON,1,3.498950314905528e-4,6.804757976775173e-4,0,9.043226623259179e-5
黃申甫,PERSON,8,0.0027991602519244225,0.04369964099039627,456.7589992521881,1.0258514567090685e-4
黃立,PERSON,1,3.498950314905528e-4,2.713238904942308e-4,0,7.631257631257631e-5
黃筱,PERSON,7,0.00244926522043387,0.004548188331787632,1.7052631578947364,9.015506671474937e-5
黃素,PERSON,9,0.0031490552834149755,0.06268600374316931,810.0731871488689,1.0602205258693808e-4
黃虨廷,PERSON,2,6.997900629811056e-4,0.0044387358724034265,0.9150671816992041,9.18105031215571e-5
黃道,PERSON,1,3.498950314905528e-4,5.560185810174022e-4,0,8.986340762041697e-5
黃金,PERSON,8,0.0027991602519244225,0.02833018045172699,1011.2433924948465,9.674922600619196e-5
黄伯兩,PERSON,4,0.0013995801259622112,0.06706587448883669,764.1285364773955,1.1030222810500772e-4
黄伯惠,PERSON,6,0.002099370188943317,0.010935580856185838,12.964578460577119,9.352787130564908e-5
黄伯雨,PERSON,7,0.00244926522043387,0.07238194586179732,1697.6330633081734,1.1076650420912716e-4
黄吉文,PERSON,2,6.997900629811056e-4,0.002438216240139536,0.13336634980470596,9.038322487346348e-5
黄塵,PERSON,5,0.0017494751574527643,0.003247255287690772,0.47619047619047616,9.007386056566384e-5
黄愼康,PERSON,1,3.498950314905528e-4,6.105286818437269e-4,0,8.991188635137565e-5
黄成孚,PERSON,1,3.498950314905528e-4,6.105286818437271e-4,0,8.991188635137565e-5
黄楚九,PERSON,3,0.0010496850944716584,0.01794375852112553,78.44995831098922,9.511128019783147e-5
黄涵,PERSON,6,0.002099370188943317,0.03327908714495997,104.25153527348195,1.0078613182826043e-4
黄涵之,PERSON,12,0.004198740377886634,0.061985965820821276,2506.063447514629,1.0874293170943889e-4
黄申甫,PERSON,10,0.0034989503149055285,0.04984556992073064,462.98277037993944,1.0305028854080792e-4
黄盛興,PERSON,1,3.498950314905528e-4,6.105286818437264e-4,0,8.991188635137565e-5
黄筱彤,PERSON,2,6.997900629811056e-4,0.0011781580406579866,2.2821789321789314,9.007386056566384e-5
黄胤,PERSON,4,0.0013995801259622112,0.014237481990472449,13.7883226237342,9.324878776575905e-5
黄錦帆,PERSON,6,0.002099370188943317,0.010935580856185845,12.964578460577119,9.352787130564908e-5
黄頃蓀,PERSON,5,0.0017494751574527643,0.003247255287690772,0.47619047619047616,9.007386056566384e-5
黄首民,PERSON,4,0.0013995801259622112,0.06706587448883669,764.1285364773955,1.1030222810500772e-4
鼎元,PERSON,1,3.498950314905528e-4,0.012161576770956856,0,9.416195856873823e-5
齊孫,PERSON,2,6.997900629811056e-4,0.029688502373485588,8.15401117400114,1.0175010175010175e-4
齊求,PERSON,2,6.997900629811056e-4,0.029688502373485588,8.15401117400114,1.0175010175010175e-4
齊燮,PERSON,2,6.997900629811056e-4,0.029688502373485588,8.15401117400114,1.0175010175010175e-4
齊燮元,PERSON,17,0.005948215535339398,0.09952004768933008,6568.3463679397355,1.1314777098891151e-4
齋何,PERSON,1,3.498950314905528e-4,0.0263856794432303,0,1.017293997965412e-4
齋常,PERSON,15,0.005248425472358292,0.019898964492094537,22.04067929823549,9.216589861751152e-5
齋徐,PERSON,5,0.0017494751574527643,0.022193851435070074,6.572353543541185,9.394964299135663e-5
齋王,PERSON,3,0.0010496850944716584,0.005422839749594669,0.043478260869565216,9.082652134423252e-5
齋陸,PERSON,1,3.498950314905528e-4,0.012161576770956847,0,9.416195856873823e-5
龍任,PERSON,1,3.498950314905528e-4,0.0016314946323867361,0,9.028530155290719e-5
龍泉,PERSON,1,3.498950314905528e-4,8.604946376107044e-4,0,9.345794392523364e-5
龍游,PERSON,1,3.498950314905528e-4,8.604946376107045e-4,0,9.345794392523364e-5
龍華分廠,ORG,13,0.004548635409377187,0.07086223734615096,1457.6717858856591,1.225940909648155e-4
龍章,PERSON,9,0.0031490552834149755,0.052120267867261656,1075.6174333486,1.034340091021928e-4
龔燕,PERSON,5,0.0017494751574527643,0.03692711385436923,111.25207296254861,1.016053647632595e-4
