id,Type,mc4Degree,mc4Degree_norm,mc4Eig,mc4Betw,mc4Close
丁濟,PERSON,3,0.0026905829596412557,0.033296979617700166,14.353683858231552,2.800336040324839e-4
丁濟萬,PERSON,14,0.012556053811659192,0.11801621103667122,809.6660315225395,3.02571860816944e-4
丁福,PERSON,5,0.004484304932735426,0.03195072167919833,50.12717805038049,2.800336040324839e-4
丁虹,PERSON,4,0.003587443946188341,0.0358173409928274,26.714886273609764,2.615746795710175e-4
三友實業社,ORG,17,0.015246636771300448,0.16534689174266864,5150.255574126437,3.2711808963035657e-4
三民公司,ORG,3,0.0026905829596412557,0.03305501771529252,2226.999999999999,3.2351989647363315e-4
上海中學,ORG,26,0.023318385650224215,0.18915755584885854,2181.652523452893,3.284072249589491e-4
上海健康知識社,ORG,7,0.006278026905829596,0.050514325582937614,580.720495939044,3.243593902043464e-4
上海兒科療,ORG,11,0.009865470852017937,0.15792679012745414,399.3233465909988,3.252032520325203e-4
上海兒科療養院,ORG,10,0.008968609865470852,0.04384745331519939,551.8180605167084,3.2499187520311994e-4
上海各界聯誼社,ORG,8,0.007174887892376682,0.064945328553225,806.5991029860281,3.245699448231094e-4
上海國際救濟會,ORG,17,0.015246636771300448,0.12115717388434753,920.7643628941934,3.26477309826967e-4
上海地方協會,ORG,18,0.016143497757847534,0.11211052364397625,554.8229641836895,3.266906239790918e-4
上海婦女團體,ORG,8,0.007174887892376682,0.06494532855322496,806.5991029860281,3.245699448231094e-4
上海市商業夜校,ORG,10,0.008968609865470852,0.05454414788725085,795.1548935756007,3.2499187520311994e-4
上海市潮糖雜貨業同業公會整理委員會,ORG,58,0.05201793721973094,0.17497944614774627,7589.627747189747,3.354579000335458e-4
上海慈善團體聯合救災會,ORG,14,0.012556053811659192,0.11181823331182066,647.2015179385505,3.2583903551645487e-4
上海慈善團體聯合救災會難民救濟分會,ORG,22,0.019730941704035873,0.1805334535205778,6544.449930857511,3.2754667540124465e-4
上海發行,ORG,11,0.009865470852017937,0.15723147970006637,469.39954303417284,3.252032520325203e-4
上海私立貧兒敎養院,ORG,2,0.0017937219730941704,0.04038035503681767,4.939472865985157,3.2331070158422246e-4
上海節約救難委員會,ORG,15,0.013452914798206279,0.19400064482517945,262.0800036570791,3.2605151613955004e-4
上海維糧油餅業公會,ORG,17,0.015246636771300448,0.09510538270438987,666.8145492886064,3.26477309826967e-4
上海總商會,ORG,57,0.051121076233183856,0.19385208126259357,16440.340696609353,3.3523298692591353e-4
上海總行,ORG,3,0.0026905829596412557,0.08520416493206408,2.473622300813359,3.2351989647363315e-4
上海美術音樂研究院,ORG,14,0.012556053811659192,0.09676526552294701,1072.2953144592607,3.2583903551645487e-4
上海職業界同人,ORG,8,0.007174887892376682,0.06494532855322502,806.5991029860281,3.245699448231094e-4
上海英美企業界,ORG,4,0.003587443946188341,0.03411455322092699,336.1429118200461,3.237293622531564e-4
上海郵政管理局,ORG,11,0.009865470852017937,0.13063422952113624,494.108171252195,3.252032520325203e-4
上海難民救濟協會,ORG,18,0.016143497757847534,0.17257465516154455,1311.260028140489,3.266906239790918e-4
上海難民救濟協會市民組觀募委員會,ORG,3,0.0026905829596412557,0.08520416493206408,2.473622300813359,3.2351989647363315e-4
上海鴻壽書,ORG,14,0.012556053811659192,0.09676526552294705,1072.2953144592607,3.2583903551645487e-4
上虞民食調節會,ORG,3,0.0026905829596412557,0.033626085114370395,297.30753336183614,3.2351989647363315e-4
世昌,PERSON,5,0.004484304932735426,0.041847306853727055,63.98959071218127,2.81135788585887e-4
世英,PERSON,8,0.007174887892376682,0.033934812950834996,216.67230315048928,2.537427048972342e-4
中中交農四行,ORG,4,0.003587443946188341,0.0339842025156049,665.1294154498428,3.237293622531564e-4
中國兒童健康實騐,ORG,30,0.026905829596412557,0.06865337012736221,8402.687300005422,3.2927230819888045e-4
中國兒童健康實騐站,ORG,30,0.026905829596412557,0.06865337012736221,8402.687300005422,3.2927230819888045e-4
中國公共汽車有限公司,ORG,11,0.009865470852017937,0.17157669738847256,354.39445071992617,3.252032520325203e-4
中國國際博覽會出品協會,ORG,18,0.016143497757847534,0.11651452308554695,1158.7153511432998,3.266906239790918e-4
中國地理硏究所,ORG,2,0.0017937219730941704,0.033243119915844756,195.57373196620154,3.2331070158422246e-4
中國廣生行,ORG,10,0.008968609865470852,0.15092710050888974,277.62684177384057,3.2499187520311994e-4
中國廣生行有限公司,ORG,11,0.009865470852017937,0.14674583893651047,506.5363607944733,3.252032520325203e-4
中國建業地產公司,ORG,11,0.009865470852017937,0.15723147970006637,469.39954303417284,3.252032520325203e-4
中國救濟婦孺總會,ORG,2,0.0017937219730941704,0.04038035503681767,4.939472865985157,3.2331070158422246e-4
中國科學社,ORG,12,0.010762331838565023,0.15311940848469996,705.403403674124,3.254149040026033e-4
中國紅十字會總會,ORG,17,0.015246636771300448,0.12312759552336114,1067.0300281942789,3.26477309826967e-4
中國華成烟草股份有限公司,ORG,8,0.007174887892376682,0.06615891109184349,1299.7495633612668,3.245699448231094e-4
中國醫學院,ORG,24,0.021524663677130046,0.10884161239365053,2340.0123451517784,3.2797638570022957e-4
中國醫藥研究社,ORG,9,0.008071748878923767,0.09579482533133842,452.95868346460816,3.247807729782397e-4
中國銀行,ORG,17,0.015246636771300448,0.09510538270438983,666.8145492886064,3.26477309826967e-4
中央,ORG,31,0.02780269058295964,0.08540821699850652,11532.421154679418,3.3189512114171923e-4
中央振務委員會第九救濟區,ORG,13,0.011659192825112108,0.07315098781858206,3908.0265690604206,3.2562683165092806e-4
中央振濟委員會,ORG,30,0.026905829596412557,0.06865337012736224,8402.687300005422,3.2927230819888045e-4
中央政府,ORG,13,0.011659192825112108,0.08326843305154685,1489.0834285206342,3.2562683165092806e-4
中英大藥房,ORG,11,0.009865470852017937,0.14674583893651047,506.5363607944733,3.252032520325203e-4
中華勸工銀行,ORG,12,0.010762331838565023,0.17335679898438444,322.54569778555043,3.254149040026033e-4
中華婦女互助,ORG,8,0.007174887892376682,0.06494532855322495,806.5991029860281,3.245699448231094e-4
中西大藥房,ORG,11,0.009865470852017937,0.1555848416991768,366.3597358896255,3.252032520325203e-4
乘哈菽邇,PERSON,5,0.004484304932735426,0.02030031650232659,44.10962571509831,2.5284450063211124e-4
乾泰祥,PERSON,2,0.0017937219730941704,0.023585510312622612,12.23670408221954,2.5940337224383917e-4
交通銀行,ORG,24,0.021524663677130046,0.10258333079578948,1406.7413006454865,3.2797638570022957e-4
亨得利鐘表總行,ORG,11,0.009865470852017937,0.15994467517199243,264.4904255069753,3.252032520325203e-4
亮察,PERSON,4,0.003587443946188341,0.03541907976036892,145.07735028935517,2.656042496679947e-4
仁啓,PERSON,1,8.968609865470852e-4,0.014450204077531394,0,2.5793139025019347e-4
仁濟翳院,ORG,17,0.015246636771300448,0.1231275955233611,1067.0300281942789,3.26477309826967e-4
仕勤率,PERSON,6,0.0053811659192825115,0.020824639392155515,0.8333333333333333,2.4044241404183698e-4
企雲,PERSON,3,0.0026905829596412557,0.01369944707209881,5.295071090126283,2.4857071836937607e-4
伊盟,PERSON,2,0.0017937219730941704,0.0052297737306116225,1.7141220786099476,2.4242424242424242e-4
伏維,PERSON,3,0.0026905829596412557,0.033296979617700166,14.353683858231552,2.800336040324839e-4
伯攸,PERSON,1,8.968609865470852e-4,0.009135306235091241,0,2.45398773006135e-4
伯黃金,PERSON,2,0.0017937219730941704,0.012295033342411854,0.28666513171894886,2.4301336573511544e-4
何國器,PERSON,6,0.0053811659192825115,0.03397261828432195,397.53448737749454,2.846569883290635e-4
何國治,PERSON,5,0.004484304932735426,0.05101175112854476,627.3483682608802,3.0330603579011223e-4
何恒昌,PERSON,10,0.008968609865470852,0.09112801227376618,367.1492312036989,2.994908655286014e-4
何應欽,PERSON,3,0.0026905829596412557,0.013699447072098815,5.295071090126283,2.4857071836937607e-4
何杏園,PERSON,4,0.003587443946188341,0.03537239478893897,20.965338674471816,2.801905295601009e-4
何棣生,PERSON,1,8.968609865470852e-4,0.0020583782233882086,0,2.3940627244433804e-4
何香,PERSON,7,0.006278026905829596,0.015563293596057862,12.747360972360973,2.4160425223483932e-4
余耀球,PERSON,4,0.003587443946188341,0.03537239478893898,20.965338674471816,2.801905295601009e-4
余芝卿,PERSON,3,0.0026905829596412557,0.03329697961770019,14.353683858231552,2.800336040324839e-4
佛海,PERSON,5,0.004484304932735426,0.0164787790402765,10.46860378485099,2.461235540241201e-4
作屏,PERSON,9,0.008071748878923767,0.0330233426003804,5.980319862738469,2.433682161109759e-4
侄偉,PERSON,11,0.009865470852017937,0.07320577253391637,425.5648011701628,2.918004085205719e-4
侯代,PERSON,1,8.968609865470852e-4,0.0028496899610664143,0,2.4009603841536616e-4
侯謝,PERSON,2,0.0017937219730941704,0.012295033342411863,0.28666513171894886,2.4301336573511544e-4
俞佐庭,PERSON,84,0.07533632286995516,0.49997767730869824,9893.804716592032,3.4305317324185246e-4
俞傳,PERSON,4,0.003587443946188341,0.03537239478893896,20.965338674471816,2.801905295601009e-4
俞鴻鈞,PERSON,8,0.007174887892376682,0.02981174921808161,356.93344233480946,2.5233409033560434e-4
俠汪,PERSON,3,0.0026905829596412557,0.027426240815922136,135.66782794043687,2.8336639274582036e-4
信孚化學製葯廠,ORG,22,0.019730941704035873,0.19230201788995727,1971.448809597468,3.2754667540124465e-4
候陳,PERSON,5,0.004484304932735426,0.03195072167919833,50.12717805038049,2.800336040324839e-4
偕杜月,PERSON,5,0.004484304932735426,0.012603094951876089,21.644541907052417,2.466091245376079e-4
健康知識,ORG,7,0.006278026905829596,0.05051432558293762,580.720495939044,3.243593902043464e-4
傅雲寶,PERSON,2,0.0017937219730941704,0.02566242565964432,291.1102969105853,2.8843380444188056e-4
傳汪,PERSON,5,0.004484304932735426,0.016478779040276496,10.46860378485099,2.461235540241201e-4
傳雲,PERSON,2,0.0017937219730941704,0.02566242565964433,291.1102969105853,2.8843380444188056e-4
儒堂,PERSON,1,8.968609865470852e-4,0.021716932400435377,0,2.7925160569673273e-4
元現,PERSON,5,0.004484304932735426,0.04262044882774112,18.006016827738975,2.5926886180969663e-4
元興,PERSON,12,0.010762331838565023,0.057215325774902695,127.3301846920197,2.809778027535825e-4
兄伯祥,PERSON,1,8.968609865470852e-4,0.00913530623509124,0,2.45398773006135e-4
兆生兩,PERSON,1,8.968609865470852e-4,0.006787040398951563,0,2.4648755237860487e-4
兆祥,PERSON,5,0.004484304932735426,0.020300316502326596,44.10962571509831,2.5284450063211124e-4
光炎,PERSON,1,8.968609865470852e-4,0.0016674511004228685,0,2.3917723032767282e-4
光華中學,ORG,24,0.021524663677130046,0.10884161239365059,2340.0123451517784,3.2797638570022957e-4
克利斯浦,ORG,44,0.039461883408071746,0.16179559685548903,5761.0151399749,3.3233632436025255e-4
克源,PERSON,6,0.0053811659192825115,0.039416315805678816,6.861177743921333,2.495632642874969e-4
兒玉,PERSON,1,8.968609865470852e-4,0.00639384211961083,0,2.44081034903588e-4
兒童書局,ORG,10,0.008968609865470852,0.16588468314489796,226.77796850966314,3.2499187520311994e-4
兒覽,PERSON,1,8.968609865470852e-4,0.01445020407753139,0,2.5793139025019347e-4
兜安,PERSON,9,0.008071748878923767,0.06798523468321682,71.09395202456454,2.6048450117218026e-4
兜安氏西藥公司,ORG,13,0.011659192825112108,0.17450409765522884,468.33416463107045,3.2562683165092806e-4
兪佐庭,PERSON,12,0.010762331838565023,0.06595421524343534,235.60586546278347,2.6102845210127906e-4
兪斌祺,PERSON,13,0.011659192825112108,0.07166552985243405,570.8102401526237,2.9859659599880563e-4
兪松,PERSON,3,0.0026905829596412557,0.03329697961770019,14.353683858231552,2.800336040324839e-4
八角總院,ORG,164,0.14708520179372198,0.4381093687795302,65634.07682972192,3.619254433586681e-4
公共和界納稅華人會,ORG,11,0.009865470852017937,0.05744312329212172,522.0739096114454,3.252032520325203e-4
公共租界納稅華人會,ORG,10,0.008968609865470852,0.06056905847739273,472.67889545255764,3.2562683165092806e-4
公平洋行,ORG,16,0.014349775784753363,0.18125792178745762,936.9391953572434,3.262642740619902e-4
公監,PERSON,3,0.0026905829596412557,0.02576846599518483,10.795012710967816,2.581977794990963e-4
冾卿,PERSON,1,8.968609865470852e-4,0.014450204077531396,0,2.5793139025019347e-4
凈王,PERSON,3,0.0026905829596412557,0.04162078914904083,291.1723740686695,2.9770765108663293e-4
出品協會,ORG,7,0.006278026905829596,0.07787714443743451,1148.087997366456,3.243593902043464e-4
初林康,PERSON,2,0.0017937219730941704,0.012295033342411854,0.28666513171894886,2.4301336573511544e-4
初虞,PERSON,5,0.004484304932735426,0.041847306853727055,63.98959071218127,2.81135788585887e-4
則王,PERSON,1,8.968609865470852e-4,0.021716932400435384,0,2.7925160569673273e-4
劉世芳,PERSON,1,8.968609865470852e-4,0.01037323252444071,0,2.4894199651481205e-4
劉仲,PERSON,6,0.0053811659192825115,0.04695244200620376,49.56283698348591,2.809778027535825e-4
劉唐,PERSON,1,8.968609865470852e-4,0.006787040398951555,0,2.4648755237860487e-4
劉善德,PERSON,10,0.008968609865470852,0.05406716363319885,591.6205526849217,2.9231218941829873e-4
劉堯夫,PERSON,6,0.0053811659192825115,0.02082463939215553,0.8333333333333333,2.4044241404183698e-4
劉季,PERSON,3,0.0026905829596412557,0.013699447072098823,5.295071090126283,2.4857071836937607e-4
劉廣,PERSON,3,0.0026905829596412557,0.013699447072098818,5.295071090126283,2.4857071836937607e-4
劉瑞恒,PERSON,5,0.004484304932735426,0.0367500108691121,360.8887229176165,2.8256569652444194e-4
劉鴻生,PERSON,81,0.0726457399103139,0.48563530090074303,8185.887557464898,3.459010722933241e-4
劍鋒者,PERSON,5,0.004484304932735426,0.04262044882774111,18.006016827738975,2.5926886180969663e-4
劍霞,PERSON,1,8.968609865470852e-4,0.0012294126538349576,0,2.409058058299205e-4
力格,PERSON,6,0.0053811659192825115,0.012228507384608504,78.14414949367065,2.475860361475613e-4
功王,PERSON,10,0.008968609865470852,0.09112801227376621,367.1492312036989,2.994908655286014e-4
務印書館,ORG,17,0.015246636771300448,0.1848556827048179,743.0023172492685,3.26477309826967e-4
勞勃生,PERSON,3,0.0026905829596412557,0.022908483942180296,9.188680641352503,2.4906600249066e-4
包振,PERSON,9,0.008071748878923767,0.033023342600380354,5.980319862738469,2.433682161109759e-4
包賡,PERSON,1,8.968609865470852e-4,0.005954552520666767,0,2.3998080153587713e-4
卓宣謀,PERSON,5,0.004484304932735426,0.02301854679206885,32.7830399154967,2.4894199651481205e-4
南京商業儲蓄銀行,ORG,24,0.021524663677130046,0.10884161239365055,2340.0123451517784,3.2797638570022957e-4
南僑慰勞團,ORG,7,0.006278026905829596,0.050514325582937655,580.720495939044,3.243593902043464e-4
南洋商業考察團,ORG,5,0.004484304932735426,0.05934164983918009,329.81222053964865,3.2393909944930353e-4
卡爾登,ORG,18,0.016143497757847534,0.11211052364397618,554.8229641836895,3.266906239790918e-4
卿嚴,PERSON,4,0.003587443946188341,0.03627094276877881,20.51254858158038,2.5967281225655674e-4
卿孩,PERSON,2,0.0017937219730941704,0.0236632980068461,2.0937869459060336,2.581977794990963e-4
卿戴,PERSON,1,8.968609865470852e-4,0.014450204077531389,0,2.5793139025019347e-4
卿故,PERSON,4,0.003587443946188341,0.035817340992827414,26.714886273609764,2.615746795710175e-4
卿童,PERSON,5,0.004484304932735426,0.03187106628817168,24.762335467767876,2.584647195657793e-4
卿謝,PERSON,5,0.004484304932735426,0.042620448827741124,18.006016827738975,2.5926886180969663e-4
卿開,PERSON,2,0.0017937219730941704,0.019897732378106377,4.531330274507468,2.5806451612903227e-4
參政會,ORG,4,0.003587443946188341,0.03330922701179038,1110.9999999999995,3.237293622531564e-4
參政院,ORG,8,0.007174887892376682,0.0638449049563602,1318.620807198431,3.245699448231094e-4
及孔,PERSON,1,8.968609865470852e-4,0.0016674511004228685,0,2.3917723032767282e-4
叔範,PERSON,2,0.0017937219730941704,0.004087477879462735,1.5675761421319798,2.3986567522187575e-4
古拔,PERSON,3,0.0026905829596412557,0.029758355623171674,17.870683369472893,2.595380223202699e-4
叩篠,PERSON,4,0.003587443946188341,0.027400888829404207,50.02320551815988,2.797202797202797e-4
可託,PERSON,3,0.0026905829596412557,4.070673555298399e-5,0.5,1.60333493666827e-4
台維遜,ORG,7,0.006278026905829596,0.05051432558293758,580.720495939044,3.243593902043464e-4
台鑒,PERSON,2,0.0017937219730941704,0.036167136477966745,194.34352354329872,2.966478789676654e-4
史密斯,PERSON,5,0.004484304932735426,0.03633576686709762,23.793591939340793,2.584647195657793e-4
史量才,PERSON,1,8.968609865470852e-4,0.021716932400435394,0,2.7925160569673273e-4
右仁,PERSON,6,0.0053811659192825115,0.01222850738460851,78.14414949367065,2.475860361475613e-4
司徒博,PERSON,3,0.0026905829596412557,0.006546377468399812,0.375,2.3860653781913624e-4
司徒美堂,PERSON,5,0.004484304932735426,0.0203003165023266,44.10962571509831,2.5284450063211124e-4
合興,PERSON,12,0.010762331838565023,0.057215325774902674,127.3301846920197,2.809778027535825e-4
同仁醫藥房,ORG,12,0.010762331838565023,0.16016148358860943,637.5164540014918,3.254149040026033e-4
同啓,PERSON,3,0.0026905829596412557,0.027426240815922136,135.66782794043687,2.8336639274582036e-4
同啟,PERSON,1,8.968609865470852e-4,0.004263083582519281,0,2.421893921046258e-4
吕兩,PERSON,1,8.968609865470852e-4,0.014450204077531401,0,2.5793139025019347e-4
吳佩孚,PERSON,11,0.009865470852017937,0.05099717605998558,693.7879283103728,2.6831231553528306e-4
吳哲生,PERSON,2,0.0017937219730941704,0.011020949616565625,3.530569292233646,2.4563989191844754e-4
吳宮,PERSON,1,8.968609865470852e-4,0.0012294126538349587,0,2.409058058299205e-4
吳昌,PERSON,1,8.968609865470852e-4,0.005453652671074052,0,2.397506593143131e-4
吳江楓,PERSON,1,8.968609865470852e-4,0.0012294126538349589,0,2.409058058299205e-4
吳秘,PERSON,2,0.0017937219730941704,0.005229773730611622,1.7141220786099476,2.4242424242424242e-4
吳稚暉,PERSON,1,8.968609865470852e-4,0.0016674511004228674,0,2.3917723032767282e-4
吳紹,PERSON,7,0.006278026905829596,0.015563293596057853,12.747360972360973,2.4160425223483932e-4
吳良,PERSON,4,0.003587443946188341,0.0362709427687788,20.51254858158038,2.5967281225655674e-4
吳良材,PERSON,4,0.003587443946188341,0.03627094276877881,20.51254858158038,2.5967281225655674e-4
吳藴初,PERSON,9,0.008071748878923767,0.05918797091101919,1141.0096100941428,2.9806259314456036e-4
吳西坡,PERSON,2,0.0017937219730941704,0.008254500134793378,1.9132102515778373,2.4254183846713557e-4
吳貽芳,PERSON,3,0.0026905829596412557,0.0032959244582651905,0.75,2.3815194093831864e-4
吳達,PERSON,1,8.968609865470852e-4,0.014450204077531384,0,2.5793139025019347e-4
吳鼎昌,PERSON,3,0.0026905829596412557,0.006793202426012804,0.1,2.4113817217265494e-4
呂超,PERSON,1,8.968609865470852e-4,0.0016674511004228679,0,2.3917723032767282e-4
周代,PERSON,1,8.968609865470852e-4,0.0028496899610664156,0,2.4009603841536616e-4
周夢,PERSON,6,0.0053811659192825115,0.039416315805678795,6.861177743921333,2.495632642874969e-4
周察覺,PERSON,5,0.004484304932735426,0.03195072167919832,50.12717805038049,2.800336040324839e-4
周尙,PERSON,3,0.0026905829596412557,0.0067932024260128065,0.1,2.4113817217265494e-4
周尙為,PERSON,3,0.0026905829596412557,0.006793202426012804,0.1,2.4113817217265494e-4
周恩來,PERSON,2,0.0017937219730941704,0.019897732378106367,4.531330274507468,2.5806451612903227e-4
周松,PERSON,5,0.004484304932735426,0.0450565623673028,118.46423264013447,2.8208744710860365e-4
周某,PERSON,1,8.968609865470852e-4,0.005453652671074052,0,2.397506593143131e-4
周邦,PERSON,11,0.009865470852017937,0.0770216738139002,740.9636428251636,2.92654375182909e-4
周邦俊,PERSON,7,0.006278026905829596,0.01893616749880477,9.648923231587133,2.4348672997321646e-4
周醒,PERSON,4,0.003587443946188341,0.00902811312492447,5.465054945054946,2.4125452352231604e-4
命張,PERSON,6,0.0053811659192825115,0.012228507384608508,78.14414949367065,2.475860361475613e-4
咨園,PERSON,4,0.003587443946188341,0.03537239478893894,20.965338674471816,2.801905295601009e-4
咪吔洋行,ORG,16,0.014349775784753363,0.19792529617153395,375.8135646907061,3.2690421706440013e-4
哀履,PERSON,3,0.0026905829596412557,0.027426240815922133,135.66782794043687,2.8336639274582036e-4
哈德,PERSON,4,0.003587443946188341,0.05026195343838162,346.21532768074275,2.9877502240812666e-4
哲元,PERSON,6,0.0053811659192825115,0.018747761374610226,65.20071653801094,2.4894199651481205e-4
唐壽民,PERSON,10,0.008968609865470852,0.05472496030020118,338.07826842942967,2.822466836014677e-4
唐志良,PERSON,5,0.004484304932735426,0.01595809099356138,0.7142857142857142,2.3952095808383233e-4
唐拾義,PERSON,31,0.02780269058295964,0.1636961970962348,6499.707372862126,3.206155819172812e-4
唐雲,PERSON,1,8.968609865470852e-4,0.0027107049272860353,0,2.409058058299205e-4
商何,PERSON,1,8.968609865470852e-4,0.0020583782233882086,0,2.3940627244433804e-4
喇格,PERSON,11,0.009865470852017937,0.07320577253391629,425.5648011701628,2.918004085205719e-4
喪張,PERSON,4,0.003587443946188341,0.0395332619116284,62.766547747295036,2.81928390188892e-4
嘉庚,PERSON,8,0.007174887892376682,0.014512522483503282,16.730580917924293,2.409058058299205e-4
噪啓,PERSON,12,0.010762331838565023,0.057215325774902695,127.3301846920197,2.809778027535825e-4
嚴俊,PERSON,1,8.968609865470852e-4,0.0012294126538349589,0,2.409058058299205e-4
嚴大生,PERSON,3,0.0026905829596412557,0.006546377468399809,0.375,2.3860653781913624e-4
嚴蓉,PERSON,4,0.003587443946188341,0.03627094276877877,20.51254858158038,2.5967281225655674e-4
嚴諤,PERSON,8,0.007174887892376682,0.02116913071808723,21.932647971307834,2.43842965130456e-4
因茅,PERSON,7,0.006278026905829596,0.015563293596057853,12.747360972360973,2.4160425223483932e-4
國信銀行,ORG,11,0.009865470852017937,0.1765114715324074,150.44946306814015,3.252032520325203e-4
國民參政會,ORG,4,0.003587443946188341,0.033309227011790385,1110.9999999999995,3.237293622531564e-4
國民大會,ORG,25,0.02242152466367713,0.10826947825818616,1237.1511934624777,3.281916639317361e-4
國民政府,ORG,43,0.03856502242152467,0.11697295048475576,13232.988120862268,3.3456005352960856e-4
國際博覽會出口協會,ORG,14,0.012556053811659192,0.1118182333118207,647.2015179385505,3.2583903551645487e-4
垂鑒,PERSON,2,0.0017937219730941704,0.012295033342411858,0.28666513171894886,2.4301336573511544e-4
城處,PERSON,1,8.968609865470852e-4,0.006787040398951565,0,2.4648755237860487e-4
埠湖社,ORG,38,0.034080717488789235,0.12610917446069506,3407.494950966728,3.3101621979476995e-4
培林公司,ORG,17,0.015246636771300448,0.09510538270438984,666.8145492886064,3.26477309826967e-4
培相,PERSON,3,0.0026905829596412557,0.013699447072098815,5.295071090126283,2.4857071836937607e-4
堯兩人,PERSON,2,0.0017937219730941704,0.006693742698700511,1.7534953241060578,2.42306760358614e-4
壟振卿,PERSON,4,0.003587443946188341,0.0362709427687788,20.51254858158038,2.5967281225655674e-4
壟靜,PERSON,3,0.0026905829596412557,0.03329697961770019,14.353683858231552,2.800336040324839e-4
壽景,PERSON,8,0.007174887892376682,0.03671799386416765,517.1986906396967,2.599428125812321e-4
夏威,PERSON,4,0.003587443946188341,0.020837558888738703,63.99276544854314,2.537427048972342e-4
夏應堂,PERSON,3,0.0026905829596412557,0.02644089756880056,8.788161119127182,2.581977794990963e-4
外交部,ORG,15,0.013452914798206279,0.05055471501699346,12333.904340587796,3.2605151613955004e-4
大公企業公司,ORG,14,0.012556053811659192,0.16516120965270506,1175.9716058959066,3.2583903551645487e-4
大夏,ORG,16,0.014349775784753363,0.19792529617153418,375.8135646907061,3.2690421706440013e-4
大德高級助產職業學校,ORG,10,0.008968609865470852,0.05454414788725085,795.1548935756007,3.2499187520311994e-4
大新公司,ORG,44,0.039461883408071746,0.2546324583037325,5270.636237736706,3.33000333000333e-4
大昌,ORG,17,0.015246636771300448,0.09510538270438984,666.8145492886064,3.26477309826967e-4
大昌興,PERSON,12,0.010762331838565023,0.05721532577490267,127.3301846920197,2.809778027535825e-4
大豐,ORG,25,0.02242152466367713,0.14975491020211476,2207.0390628003543,3.281916639317361e-4
大陸,ORG,3,0.0026905829596412557,0.0366949581663886,46.675191416935476,3.2351989647363315e-4
太古公司,ORG,12,0.010762331838565023,0.09568122695865186,736.3724924417711,3.254149040026033e-4
太虛法,PERSON,2,0.0017937219730941704,0.004068609350629579,1.9991649692360696,2.3986567522187575e-4
夫率,PERSON,3,0.0026905829596412557,0.006271358038076259,8.398789741280984,2.463661000246366e-4
奈格林,PERSON,10,0.008968609865470852,0.08049274538707861,293.4851926059675,2.7151778441487917e-4
奚玉書,PERSON,35,0.03139013452914798,0.19659035549527537,3367.779041614694,3.15955766192733e-4
奚良,PERSON,5,0.004484304932735426,0.05979100747694608,397.8476009428275,2.991325157044571e-4
姑詩,PERSON,3,0.0026905829596412557,0.027426240815922133,135.66782794043687,2.8336639274582036e-4
姚佐頓,PERSON,38,0.034080717488789235,0.2495567085769301,8170.229653240927,3.5323207347227127e-4
姚永言,PERSON,3,0.0026905829596412557,0.033296979617700166,14.353683858231552,2.800336040324839e-4
姚肇,PERSON,3,0.0026905829596412557,0.03329697961770019,14.353683858231552,2.800336040324839e-4
姚虞琴,PERSON,4,0.003587443946188341,0.03390032090804567,31.68354378627743,2.797202797202797e-4
威廉,PERSON,1,8.968609865470852e-4,0.004263083582519278,0,2.421893921046258e-4
威爾斯,PERSON,8,0.007174887892376682,0.04001740067076648,649.9931141567808,2.6295030239284776e-4
孔子,PERSON,18,0.016143497757847534,0.07997173521293366,1527.9347337467384,3.002101471029721e-4
孚任,PERSON,5,0.004484304932735426,0.01647877904027649,10.46860378485099,2.461235540241201e-4
孚將,PERSON,3,0.0026905829596412557,0.0065463774683998015,0.375,2.3860653781913624e-4
孝翼,PERSON,9,0.008071748878923767,0.033023342600380354,5.980319862738469,2.433682161109759e-4
孝述,PERSON,3,0.0026905829596412557,0.014452491718515021,3.9721377773343134,2.4919013207077e-4
孫洪,PERSON,3,0.0026905829596412557,0.014452491718515008,3.9721377773343134,2.4919013207077e-4
孫洪芬,PERSON,3,0.0026905829596412557,0.014452491718515018,3.9721377773343134,2.4919013207077e-4
孫滄,PERSON,6,0.0053811659192825115,0.03941631580567881,6.861177743921333,2.495632642874969e-4
孫相基,PERSON,3,0.0026905829596412557,0.033296979617700166,14.353683858231552,2.800336040324839e-4
孫科,PERSON,6,0.0053811659192825115,0.047394759049913665,194.21815425375797,2.664535038635758e-4
孫籌成,PERSON,3,0.0026905829596412557,0.03329697961770017,14.353683858231552,2.800336040324839e-4
孫良,PERSON,1,8.968609865470852e-4,0.014450204077531401,0,2.5793139025019347e-4
孫起,PERSON,3,0.0026905829596412557,0.013699447072098813,5.295071090126283,2.4857071836937607e-4
孫道,PERSON,3,0.0026905829596412557,0.03329697961770019,14.353683858231552,2.800336040324839e-4
孫鶴,PERSON,3,0.0026905829596412557,0.033296979617700194,14.353683858231552,2.800336040324839e-4
守康,PERSON,3,0.0026905829596412557,0.04214558420620071,208.669507857539,2.9682398337785694e-4
守淸,PERSON,1,8.968609865470852e-4,0.014450204077531396,0,2.5793139025019347e-4
安利洋行,ORG,9,0.008071748878923767,0.15528078331960352,59.69392416580178,3.247807729782397e-4
安氏西药公司,ORG,11,0.009865470852017937,0.15723147970006626,469.39954303417284,3.252032520325203e-4
安氏西葯公司,ORG,13,0.011659192825112108,0.1741007617772184,217.13055046740368,3.2562683165092806e-4
安氏西藥公司,ORG,20,0.017937219730941704,0.1975925640030897,1453.0186385649915,3.2711808963035657e-4
宋士驤,PERSON,4,0.003587443946188341,0.035372394788938985,20.965338674471816,2.801905295601009e-4
宋孟華,PERSON,3,0.0026905829596412557,0.033296979617700145,14.353683858231552,2.800336040324839e-4
宋桂記,PERSON,7,0.006278026905829596,0.037445497065184415,303.1300428101809,2.832058906825262e-4
宋漢章,PERSON,13,0.011659192825112108,0.062360826281669994,1498.708397126445,2.9895366218236175e-4
宏大,PERSON,2,0.0017937219730941704,0.02358551031262263,12.23670408221954,2.5940337224383917e-4
宜吿,PERSON,1,8.968609865470852e-4,0.006787040398951558,0,2.4648755237860487e-4
家戴,PERSON,1,8.968609865470852e-4,0.004263083582519278,0,2.421893921046258e-4
寄廎,PERSON,4,0.003587443946188341,0.03537239478893895,20.965338674471816,2.801905295601009e-4
寧波旅滬同鄉會,ORG,14,0.012556053811659192,0.09676526552294704,1072.2953144592607,3.2583903551645487e-4
寧波旅滬同鄕會,ORG,14,0.012556053811659192,0.09676526552294709,1072.2953144592607,3.2583903551645487e-4
寳善,PERSON,1,8.968609865470852e-4,0.014450204077531385,0,2.5793139025019347e-4
寶耀庭,PERSON,4,0.003587443946188341,0.036270942768778805,20.51254858158038,2.5967281225655674e-4
將劉,PERSON,5,0.004484304932735426,0.03195072167919833,50.12717805038049,2.800336040324839e-4
將趙,PERSON,5,0.004484304932735426,0.03195072167919832,50.12717805038049,2.800336040324839e-4
專門醫院,ORG,11,0.009865470852017937,0.1320438608643279,556.261898505689,3.252032520325203e-4
對余,PERSON,4,0.003587443946188341,0.032388658917511,249.56585251100475,2.8677946659019213e-4
對馬,PERSON,1,8.968609865470852e-4,0.0016674511004228674,0,2.3917723032767282e-4
尚希,PERSON,8,0.007174887892376682,0.03593687648247085,107.34913238757326,2.554278416347382e-4
屈文,PERSON,5,0.004484304932735426,0.020235365878736193,5.7962423254456,2.4289531212047608e-4
屈映,PERSON,3,0.0026905829596412557,0.013699447072098804,5.295071090126283,2.4857071836937607e-4
崇智,PERSON,1,8.968609865470852e-4,0.006787040398951568,0,2.4648755237860487e-4
崔萬,PERSON,9,0.008071748878923767,0.04943762943184412,364.4521008832114,2.8498147620404675e-4
工小生,PERSON,1,8.968609865470852e-4,0.0012294126538349589,0,2.409058058299205e-4
工部局,ORG,312,0.27982062780269057,0.658426102132107,161766.2562478087,4.0535062829347385e-4
工部局公用委員會,ORG,8,0.007174887892376682,0.07003670554264389,386.9093085308461,3.245699448231094e-4
工部局警務處,ORG,4,0.003587443946188341,0.06724132753650289,205.24370222165848,3.243593902043464e-4
巴恩,PERSON,4,0.003587443946188341,0.013747437455615876,26.61540773204583,2.4563989191844754e-4
巴達,PERSON,6,0.0053811659192825115,0.012228507384608513,78.14414949367065,2.475860361475613e-4
市民聨合會,ORG,18,0.016143497757847534,0.11211052364397625,554.8229641836895,3.266906239790918e-4
平止,PERSON,1,8.968609865470852e-4,0.004263083582519278,0,2.421893921046258e-4
康元製罐公司,ORG,17,0.015246636771300448,0.09510538270438983,666.8145492886064,3.26477309826967e-4
康翰,PERSON,4,0.003587443946188341,0.009028113124924467,5.465054945054946,2.4125452352231604e-4
康腦脫路一五九號電話,PERSON,4,0.003587443946188341,0.028970601069280462,17.356604318652522,2.583311805734952e-4
廉泰錢,ORG,18,0.016143497757847534,0.10522884394581748,1853.9981490488065,3.273322422258593e-4
廣東旅滬同鄉會,ORG,15,0.013452914798206279,0.1940006448251794,262.0800036570791,3.2605151613955004e-4
龐京,PERSON,1,8.968609865470852e-4,0.002849689961066414,0,2.4009603841536616e-4
張嘉璈,PERSON,3,0.0026905829596412557,0.013699447072098818,5.295071090126283,2.4857071836937607e-4
張嘯林,PERSON,1,8.968609865470852e-4,0.010373232524440707,0,2.4894199651481205e-4
張子,PERSON,8,0.007174887892376682,0.05682006479443081,381.4098362617019,2.9027576197387516e-4
張學,PERSON,4,0.003587443946188341,0.03953326191162839,62.766547747295036,2.81928390188892e-4
張德,PERSON,5,0.004484304932735426,0.04574562731337967,300.5919472591463,2.9129041654529564e-4
張德欽,PERSON,4,0.003587443946188341,0.035372394788938964,20.965338674471816,2.801905295601009e-4
張念,PERSON,3,0.0026905829596412557,0.03329697961770017,14.353683858231552,2.800336040324839e-4
張惠康,PERSON,2,0.0017937219730941704,0.011020949616565625,3.530569292233646,2.4563989191844754e-4
張慶,PERSON,2,0.0017937219730941704,0.011020949616565625,3.530569292233646,2.4563989191844754e-4
張文,PERSON,4,0.003587443946188341,0.03537239478893894,20.965338674471816,2.801905295601009e-4
張正宇,PERSON,1,8.968609865470852e-4,0.02171693240043538,0,2.7925160569673273e-4
張瀾,PERSON,3,0.0026905829596412557,0.006793202426012811,0.1,2.4113817217265494e-4
張申,PERSON,2,0.0017937219730941704,0.016327785045107467,22.080302634701045,2.5043826696719256e-4
張益,PERSON,4,0.003587443946188341,0.03537239478893897,20.965338674471816,2.801905295601009e-4
張竹平,PERSON,3,0.0026905829596412557,0.031245812966857994,81.35573380654876,2.828854314002829e-4
張羣,PERSON,3,0.0026905829596412557,0.01369944707209881,5.295071090126283,2.4857071836937607e-4
張翼,PERSON,3,0.0026905829596412557,0.0332969796177002,14.353683858231552,2.800336040324839e-4
張蘊,PERSON,3,0.0026905829596412557,0.014452491718515016,3.9721377773343134,2.4919013207077e-4
張起,PERSON,3,0.0026905829596412557,0.033296979617700166,14.353683858231552,2.800336040324839e-4
張鏡,PERSON,5,0.004484304932735426,0.012603094951876092,21.644541907052417,2.466091245376079e-4
張鏡湖,PERSON,3,0.0026905829596412557,0.033296979617700166,14.353683858231552,2.800336040324839e-4
張際,PERSON,2,0.0017937219730941704,0.019586326453755416,20.303424793700398,2.537427048972342e-4
張驥,PERSON,4,0.003587443946188341,0.03528321546727702,26.093135888712997,2.5967281225655674e-4
張驥事務,ORG,10,0.008968609865470852,0.1570650030442403,268.82263809184695,3.2499187520311994e-4
徐大統,PERSON,3,0.0026905829596412557,0.03329697961770021,14.353683858231552,2.800336040324839e-4
徐寄傾,PERSON,33,0.029596412556053813,0.1552767118155128,3283.763530492413,3.1084861672365556e-4
徐德福,PERSON,3,0.0026905829596412557,0.022908483942180303,9.188680641352503,2.4906600249066e-4
徐恩,PERSON,3,0.0026905829596412557,0.013699447072098818,5.295071090126283,2.4857071836937607e-4
徐新六,PERSON,1,8.968609865470852e-4,0.021716932400435374,0,2.7925160569673273e-4
徐景,PERSON,8,0.007174887892376682,0.035936876482470875,107.34913238757326,2.554278416347382e-4
徐湛,PERSON,3,0.0026905829596412557,0.013699447072098822,5.295071090126283,2.4857071836937607e-4
徐潤生,PERSON,4,0.003587443946188341,0.035372394788938964,20.965338674471816,2.801905295601009e-4
徐濟華,PERSON,9,0.008071748878923767,0.0738406701295331,410.03329962425255,2.99311583358276e-4
徐琴芳,PERSON,1,8.968609865470852e-4,0.0012294126538349578,0,2.409058058299205e-4
徐訐,PERSON,1,8.968609865470852e-4,0.00678704039895156,0,2.4648755237860487e-4
徐釆丞,PERSON,3,0.0026905829596412557,0.03329697961770014,14.353683858231552,2.800336040324839e-4
從廉,PERSON,4,0.003587443946188341,0.028970601069280497,17.356604318652522,2.583311805734952e-4
復旦大學,ORG,43,0.03856502242152467,0.2468524293242531,6699.276392343159,3.3277870216306157e-4
德國漢堡大學,ORG,12,0.010762331838565023,0.15437349498050784,646.8537864646235,3.254149040026033e-4
德配黃,PERSON,4,0.003587443946188341,0.0395332619116284,62.766547747295036,2.81928390188892e-4
忍堂,PERSON,4,0.003587443946188341,0.0395332619116284,62.766547747295036,2.81928390188892e-4
志剛,PERSON,1,8.968609865470852e-4,0.009135306235091236,0,2.45398773006135e-4
忠信,PERSON,6,0.0053811659192825115,0.012228507384608523,78.14414949367065,2.475860361475613e-4
快訊社,ORG,15,0.013452914798206279,0.08450515153859796,1799.5136461192083,3.2605151613955004e-4
念元,PERSON,3,0.0026905829596412557,0.042145584206200716,208.669507857539,2.9682398337785694e-4
恩派亞,ORG,16,0.014349775784753363,0.1979252961715341,375.8135646907061,3.2690421706440013e-4
恭為,PERSON,3,0.0026905829596412557,0.014452491718515016,3.9721377773343134,2.4919013207077e-4
惠羅公司,ORG,11,0.009865470852017937,0.15558484169917686,366.3597358896255,3.252032520325203e-4
惠臨,PERSON,5,0.004484304932735426,0.036105260835710126,21.41241771944774,2.584647195657793e-4
慰蘇,PERSON,3,0.0026905829596412557,0.006271358038076262,8.398789741280984,2.463661000246366e-4
慶代,PERSON,1,8.968609865470852e-4,0.0028496899610664143,0,2.4009603841536616e-4
慶吳,PERSON,7,0.006278026905829596,0.03744549706518439,303.1300428101809,2.832058906825262e-4
慶萱,PERSON,1,8.968609865470852e-4,0.021716932400435374,0,2.7925160569673273e-4
應佩,PERSON,3,0.0026905829596412557,0.029277557010096596,24.668963949386203,2.603488674824265e-4
戴宅,PERSON,1,8.968609865470852e-4,0.014450204077531377,0,2.5793139025019347e-4
戴德醫師,PERSON,5,0.004484304932735426,0.05108953882276827,514.190570692015,3.0165912518853697e-4
戴松甫,PERSON,4,0.003587443946188341,0.03953326191162838,62.766547747295036,2.81928390188892e-4
戴榮省,PERSON,4,0.003587443946188341,0.0395332619116284,62.766547747295036,2.81928390188892e-4
房呂佑,PERSON,4,0.003587443946188341,0.039533261911628405,62.766547747295036,2.81928390188892e-4
才獎學基金團,ORG,24,0.021524663677130046,0.061838630825389,3444.8891113407467,3.2797638570022957e-4
承俞,PERSON,1,8.968609865470852e-4,0.014450204077531396,0,2.5793139025019347e-4
承劉,PERSON,1,8.968609865470852e-4,0.021716932400435394,0,2.7925160569673273e-4
承王,PERSON,4,0.003587443946188341,0.032388658917510985,249.56585251100475,2.8677946659019213e-4
持志大學,ORG,16,0.014349775784753363,0.19792529617153418,375.8135646907061,3.2690421706440013e-4
指南,PERSON,4,0.003587443946188341,0.009747227268928824,3.3303091723353977,2.397506593143131e-4
振懷,PERSON,12,0.010762331838565023,0.05721532577490267,127.3301846920197,2.809778027535825e-4
振綸絲廠,ORG,17,0.015246636771300448,0.12312759552336114,1067.0300281942789,3.26477309826967e-4
推唐,PERSON,2,0.0017937219730941704,0.006693742698700506,1.7534953241060578,2.42306760358614e-4
推楊,PERSON,3,0.0026905829596412557,0.0067932024260128065,0.1,2.4113817217265494e-4
推王,PERSON,8,0.007174887892376682,0.022970857913341643,820.3682061987712,2.5246149962130775e-4
推袁,PERSON,6,0.0053811659192825115,0.031396399166105975,87.29798117006997,2.800336040324839e-4
據杜錢,PERSON,3,0.0026905829596412557,0.018602706925743815,44.06240564848861,2.5348542458808617e-4
政府,ORG,51,0.045739910313901344,0.13159787089348723,16644.63085102107,3.363605785401951e-4
政治部,ORG,18,0.016143497757847534,0.11211052364397625,554.8229641836895,3.266906239790918e-4
政院,ORG,12,0.010762331838565023,0.03525843457534677,2257.4926600555355,3.254149040026033e-4
故北,PERSON,2,0.0017937219730941704,0.02566242565964432,291.1102969105853,2.8843380444188056e-4
啟堂,PERSON,4,0.003587443946188341,0.039533261911628405,62.766547747295036,2.81928390188892e-4
啟秀女校,ORG,8,0.007174887892376682,0.064945328553225,806.5991029860281,3.245699448231094e-4
敎育局,ORG,10,0.008968609865470852,0.05454414788725085,795.1548935756007,3.2499187520311994e-4
敎育部,ORG,10,0.008968609865470852,0.05454414788725087,795.1548935756007,3.2499187520311994e-4
救濟委員會,ORG,8,0.007174887892376682,0.06544887755150512,922.5141076766473,3.245699448231094e-4
敦樂啓中國殯儀館股份有限公司,ORG,10,0.008968609865470852,0.16588468314489807,226.77796850966314,3.2499187520311994e-4
敬希,PERSON,2,0.0017937219730941704,0.01989773237810637,4.531330274507468,2.5806451612903227e-4
文元,PERSON,5,0.004484304932735426,0.04262044882774109,18.006016827738975,2.5926886180969663e-4
文勳,PERSON,5,0.004484304932735426,0.04262044882774112,18.006016827738975,2.5926886180969663e-4
文實局,ORG,18,0.016143497757847534,0.11211052364397626,554.8229641836895,3.266906239790918e-4
文彬,PERSON,5,0.004484304932735426,0.04262044882774111,18.006016827738975,2.5926886180969663e-4
文標,PERSON,5,0.004484304932735426,0.04262044882774112,18.006016827738975,2.5926886180969663e-4
文正,PERSON,1,8.968609865470852e-4,0.002232963219282462,0,2.3815194093831864e-4
文葵,PERSON,5,0.004484304932735426,0.04262044882774112,18.006016827738975,2.5926886180969663e-4
新云,PERSON,3,0.0026905829596412557,0.006271358038076262,8.398789741280984,2.463661000246366e-4
新亞化學製藥股份有限公司,ORG,21,0.01883408071748879,0.1959459218169537,1381.6334525279538,3.2797638570022957e-4
新亞血淸廠,ORG,20,0.017937219730941704,0.19724242686305477,1281.1145666034959,3.2776138970829236e-4
新亞血淸製廠造,ORG,12,0.010762331838565023,0.14371101190451893,494.8592654608918,3.254149040026033e-4
新亞製藥廠,ORG,12,0.010762331838565023,0.17284082074829207,449.32408261239044,3.254149040026033e-4
新光標準內衣染織整理廠股份有限公司,ORG,30,0.026905829596412557,0.037274020411842905,28830.925535664206,3.2927230819888045e-4
新新公司,ORG,42,0.03766816143497758,0.2341464832699001,3960.3006669699475,3.3189512114171923e-4
新星西藥,ORG,11,0.009865470852017937,0.14674583893651053,506.5363607944733,3.252032520325203e-4
新華,ORG,24,0.021524663677130046,0.10884161239365074,2340.0123451517784,3.2797638570022957e-4
方剛,PERSON,12,0.010762331838565023,0.10643616381940657,551.2978745851021,3.0165912518853697e-4
方振武,PERSON,3,0.0026905829596412557,0.006793202426012803,0.1,2.4113817217265494e-4
方椒,PERSON,6,0.0053811659192825115,0.05101111488796959,207.55720232797992,2.835270768358378e-4
方椒伯,PERSON,13,0.011659192825112108,0.10193583179218209,1396.7622777853373,3.093102381688834e-4
方液,PERSON,9,0.008071748878923767,0.06215514373334351,579.64176614887,2.9231218941829873e-4
方澤斌,PERSON,9,0.008071748878923767,0.03302334260038037,5.980319862738469,2.433682161109759e-4
方耕伯,PERSON,3,0.0026905829596412557,0.04538023040728153,242.4058529717666,2.97000297000297e-4
於謝,PERSON,5,0.004484304932735426,0.04262044882774109,18.006016827738975,2.5926886180969663e-4
施仁夫,PERSON,1,8.968609865470852e-4,0.009135306235091244,0,2.45398773006135e-4
施春軒,PERSON,8,0.007174887892376682,0.06044265237360635,4089.934013640067,3.112356053532524e-4
施樂安,PERSON,3,0.0026905829596412557,0.023707223582454383,24.02775763999623,2.6021337496747333e-4
施汝雄,PERSON,1,8.968609865470852e-4,0.009135306235091241,0,2.45398773006135e-4
施舉基,PERSON,5,0.004484304932735426,0.020235365878736204,5.7962423254456,2.4289531212047608e-4
日皇,PERSON,10,0.008968609865470852,0.058885173617107094,364.8742069824794,2.6946914578280785e-4
日禮,PERSON,5,0.004484304932735426,0.04505656236730284,118.46423264013447,2.8208744710860365e-4
日華,ORG,4,0.003587443946188341,0.06262540530355275,231.2652350616663,3.237293622531564e-4
日軍,ORG,74,0.06636771300448431,0.11962167122633642,25092.75052917575,3.3909799932180403e-4
昌興公司,ORG,24,0.021524663677130046,0.10884161239365055,2340.0123451517784,3.2797638570022957e-4
昌行,PERSON,2,0.0017937219730941704,0.02358551031262263,12.23670408221954,2.5940337224383917e-4
易方朔,PERSON,4,0.003587443946188341,0.04815782996923598,234.35398791198983,2.97000297000297e-4
星報,ORG,42,0.03766816143497758,0.09544192429177951,8695.256254088014,3.3189512114171923e-4
景雲,PERSON,12,0.010762331838565023,0.05721532577490265,127.3301846920197,2.809778027535825e-4
晴雯,PERSON,1,8.968609865470852e-4,0.0020583782233882086,0,2.3940627244433804e-4
曉籟,PERSON,6,0.0053811659192825115,0.014716357778548286,530.9468742697665,2.4894199651481205e-4
曰禮,PERSON,11,0.009865470852017937,0.08126362265940584,585.4382628394063,2.931691586045148e-4
曹大家,PERSON,1,8.968609865470852e-4,0.0020583782233882094,0,2.3940627244433804e-4
曹志,PERSON,2,0.0017937219730941704,0.006693742698700504,1.7534953241060578,2.42306760358614e-4
曹志功,PERSON,8,0.007174887892376682,0.057973391622769384,413.1312295078675,2.864508736751647e-4
曹炳生,PERSON,11,0.009865470852017937,0.07320577253391633,425.5648011701628,2.918004085205719e-4
會孔,PERSON,4,0.003587443946188341,0.03357713683804833,198.88370734270808,2.864508736751647e-4
朱亞揆,PERSON,4,0.003587443946188341,0.03537239478893898,20.965338674471816,2.801905295601009e-4
朱仰,PERSON,7,0.006278026905829596,0.01893616749880476,9.648923231587133,2.4348672997321646e-4
朱仰高,PERSON,7,0.006278026905829596,0.018936167498804772,9.648923231587133,2.4348672997321646e-4
朱伯寗,PERSON,2,0.0017937219730941704,0.00408747787946273,1.5675761421319798,2.3986567522187575e-4
朱勤甫,PERSON,6,0.0053811659192825115,0.020824639392155515,0.8333333333333333,2.4044241404183698e-4
朱子橋,PERSON,6,0.0053811659192825115,0.012228507384608523,78.14414949367065,2.475860361475613e-4
朱屺瞻,PERSON,1,8.968609865470852e-4,0.0027107049272860353,0,2.409058058299205e-4
朱師墨,PERSON,3,0.0026905829596412557,0.045380230407281515,242.4058529717666,2.97000297000297e-4
朱德財,PERSON,1,8.968609865470852e-4,0.006787040398951562,0,2.4648755237860487e-4
朱恒璧,PERSON,1,8.968609865470852e-4,0.0028496899610664156,0,2.4009603841536616e-4
朱愼昌,PERSON,3,0.0026905829596412557,0.027011819687951827,8.155420836241438,2.581977794990963e-4
朱慶瀾,PERSON,7,0.006278026905829596,0.04576052534565861,262.45704552387417,2.8694404591104734e-4
朱積煊,PERSON,4,0.003587443946188341,0.035230865230984676,12.594308448179847,2.584647195657793e-4
朱筱舫,PERSON,7,0.006278026905829596,0.05113419411677792,253.38925204012844,2.8661507595299513e-4
朱良弼,PERSON,3,0.0026905829596412557,0.03329697961770019,14.353683858231552,2.800336040324839e-4
朱金泉,PERSON,5,0.004484304932735426,0.03195072167919834,50.12717805038049,2.800336040324839e-4
朱開觀,PERSON,9,0.008071748878923767,0.03302334260038036,5.980319862738469,2.433682161109759e-4
李公杰,PERSON,6,0.0053811659192825115,0.03941631580567878,6.861177743921333,2.495632642874969e-4
李品仙,PERSON,3,0.0026905829596412557,0.010467480222109457,119.20238724706384,2.5348542458808617e-4
李思浩,PERSON,5,0.004484304932735426,0.012022976156624439,296.08160688747836,2.461235540241201e-4
李思浩為,PERSON,3,0.0026905829596412557,0.006793202426012801,0.1,2.4113817217265494e-4
李文杰,PERSON,1,8.968609865470852e-4,0.010373232524440706,0,2.4894199651481205e-4
李濟琛,PERSON,1,8.968609865470852e-4,0.006787040398951562,0,2.4648755237860487e-4
李炳奎,PERSON,3,0.0026905829596412557,0.022908483942180296,9.188680641352503,2.4906600249066e-4
李組申,PERSON,7,0.006278026905829596,0.05113419411677793,253.38925204012844,2.8661507595299513e-4
李組紳,PERSON,3,0.0026905829596412557,0.03124581296685801,81.35573380654876,2.828854314002829e-4
李翼,PERSON,3,0.0026905829596412557,0.013699447072098804,5.295071090126283,2.4857071836937607e-4
李耘孫,PERSON,3,0.0026905829596412557,0.03329697961770021,14.353683858231552,2.800336040324839e-4
李雪芳,PERSON,1,8.968609865470852e-4,0.0020583782233882077,0,2.3940627244433804e-4
李馥蓀,PERSON,10,0.008968609865470852,0.050177437774059676,1333.513683902286,2.984183825723665e-4
杜月,PERSON,35,0.03139013452914798,0.2067768777190353,4324.7366703881635,3.3101621979476995e-4
杜月笙,PERSON,191,0.17130044843049327,0.8612165397166078,82476.74606436862,4.338394793926247e-4
杜錢,PERSON,4,0.003587443946188341,0.03238865891751099,249.56585251100475,2.8677946659019213e-4
杜鏞,PERSON,4,0.003587443946188341,0.028510134826448204,721.1286166455064,0.00028368794326241134
東京女子專門醫學校,ORG,33,0.029596412556053813,0.17610888836565522,3347.7126492777656,3.299241174529858e-4
東吳大學,ORG,9,0.008071748878923767,0.09579482533133843,452.95868346460816,3.247807729782397e-4
松茂,PERSON,14,0.012556053811659192,0.09691299611637072,1217.212873988197,3.1026993484331366e-4
林大濟,PERSON,1,8.968609865470852e-4,0.0012294126538349574,0,2.409058058299205e-4
林康,PERSON,1,8.968609865470852e-4,0.002849689961066415,0,2.4009603841536616e-4
林康侯,PERSON,139,0.12466367713004484,0.7220509847757288,41290.328586726326,3.951007506914263e-4
林康候,PERSON,11,0.009865470852017937,0.07320577253391629,425.5648011701628,2.918004085205719e-4
林文忠,PERSON,5,0.004484304932735426,0.059791007476946094,397.8476009428275,2.991325157044571e-4
林春山,PERSON,7,0.006278026905829596,0.0511341941167779,253.38925204012844,2.8661507595299513e-4
林渭川,PERSON,5,0.004484304932735426,0.015958090993561398,0.7142857142857142,2.3952095808383233e-4
林語堂,PERSON,9,0.008071748878923767,0.021299562882454836,260.39230158962783,2.4968789013732833e-4
林黛玉,PERSON,1,8.968609865470852e-4,0.0020583782233882086,0,2.3940627244433804e-4
柯炳章,PERSON,12,0.010762331838565023,0.057215325774902646,127.3301846920197,2.809778027535825e-4
桂叔,PERSON,9,0.008071748878923767,0.03302334260038035,5.980319862738469,2.433682161109759e-4
桃李,PERSON,1,8.968609865470852e-4,0.0067870403989515595,0,2.4648755237860487e-4
梁溪,PERSON,1,8.968609865470852e-4,0.021716932400435388,0,2.7925160569673273e-4
梅先,PERSON,6,0.0053811659192825115,0.039416315805678795,6.861177743921333,2.495632642874969e-4
梅溪,PERSON,6,0.0053811659192825115,0.04573918948036296,125.17139670387643,2.644802962179318e-4
棠賽,PERSON,5,0.004484304932735426,0.05267424534759618,762.7076725493923,3.0721966205837174e-4
楊世昌,PERSON,5,0.004484304932735426,0.04184730685372707,63.98959071218127,2.81135788585887e-4
楊依,PERSON,1,8.968609865470852e-4,0.0012294126538349571,0,2.409058058299205e-4
楊元,PERSON,7,0.006278026905829596,0.01893616749880476,9.648923231587133,2.4348672997321646e-4
楊千,PERSON,3,0.0026905829596412557,0.0067932024260128,0.1,2.4113817217265494e-4
楊叔,PERSON,2,0.0017937219730941704,0.012295033342411853,0.28666513171894886,2.4301336573511544e-4
楊天,PERSON,1,8.968609865470852e-4,0.02171693240043537,0,2.7925160569673273e-4
楊專,PERSON,1,8.968609865470852e-4,0.0012294126538349589,0,2.409058058299205e-4
楊志雄,PERSON,6,0.0053811659192825115,0.04548036812531045,61.667068723338716,2.8050490883590464e-4
楊紀,PERSON,1,8.968609865470852e-4,0.021716932400435374,0,2.7925160569673273e-4
楨紐,PERSON,4,0.003587443946188341,0.03523086523098468,12.594308448179847,2.584647195657793e-4
榮俞,PERSON,2,0.0017937219730941704,0.012295033342411842,0.28666513171894886,2.4301336573511544e-4
榮偕,PERSON,5,0.004484304932735426,0.03195072167919836,50.12717805038049,2.800336040324839e-4
榮昌橡皮公司,ORG,17,0.015246636771300448,0.05350627886552964,924.2264508592737,3.26477309826967e-4
樂善章,PERSON,3,0.0026905829596412557,0.029277557010096565,24.668963949386203,2.603488674824265e-4
樂楚廷,PERSON,3,0.0026905829596412557,0.027011819687951865,8.155420836241438,2.581977794990963e-4
樊城,PERSON,3,0.0026905829596412557,0.010467480222109455,119.20238724706384,2.5348542458808617e-4
樹棠,PERSON,1,8.968609865470852e-4,0.0067870403989515595,0,2.4648755237860487e-4
歐陽,PERSON,1,8.968609865470852e-4,0.021716932400435398,0,2.7925160569673273e-4
正中中學,ORG,6,0.0053811659192825115,0.06770022771020082,1272.6954496423596,3.2414910858995135e-4
正威藥房,ORG,11,0.009865470852017937,0.17157669738847253,354.39445071992617,3.252032520325203e-4
正明銀行,ORG,18,0.016143497757847534,0.10522884394581734,1853.9981490488065,3.273322422258593e-4
武銘,PERSON,6,0.0053811659192825115,0.03941631580567882,6.861177743921333,2.495632642874969e-4
殷小山,PERSON,1,8.968609865470852e-4,0.0012294126538349582,0,2.409058058299205e-4
殺成,PERSON,2,0.0017937219730941704,0.02566242565964432,291.1102969105853,2.8843380444188056e-4
母趙,PERSON,4,0.003587443946188341,0.03238865891751098,249.56585251100475,2.8677946659019213e-4
比國紅,ORG,7,0.006278026905829596,0.05051432558293759,580.720495939044,3.243593902043464e-4
毛和源,PERSON,15,0.013452914798206279,0.08324177037101833,2009.297909795531,3.08546744831842e-4
毛委,PERSON,4,0.003587443946188341,0.03357713683804835,198.88370734270808,2.864508736751647e-4
毛布,PERSON,6,0.0053811659192825115,0.012228507384608518,78.14414949367065,2.475860361475613e-4
民黨,ORG,3,0.0026905829596412557,0.06213499513111548,95.73993883828747,3.2351989647363315e-4
永安公司,ORG,77,0.06905829596412556,0.2057732865994105,38697.82753447008,3.397893306150187e-4
永銘,PERSON,12,0.010762331838565023,0.05721532577490267,127.3301846920197,2.809778027535825e-4
汝鑒,PERSON,3,0.0026905829596412557,4.070673555298707e-5,0.5,1.60333493666827e-4
江一平,PERSON,13,0.011659192825112108,0.07923831804487264,844.4682039143236,2.9507229271171436e-4
江偉,PERSON,1,8.968609865470852e-4,0.0010902568760467678,0,2.3781212841854935e-4
江恒源,PERSON,3,0.0026905829596412557,0.01369944707209881,5.295071090126283,2.4857071836937607e-4
江海關,ORG,30,0.026905829596412557,0.0821846679997705,11388.903734237165,3.2927230819888045e-4
江禮,PERSON,12,0.010762331838565023,0.057215325774902716,127.3301846920197,2.809778027535825e-4
江笑笑,PERSON,15,0.013452914798206279,0.10202105657715059,2469.529381107754,3.189792663476874e-4
汪伯奇,PERSON,3,0.0026905829596412557,0.014452491718515008,3.9721377773343134,2.4919013207077e-4
汪竹,PERSON,3,0.0026905829596412557,0.013699447072098823,5.295071090126283,2.4857071836937607e-4
汪精衛,PERSON,8,0.007174887892376682,0.022626992869866174,53.69565960483628,2.4648755237860487e-4
汪紹詩,PERSON,5,0.004484304932735426,0.04100091693030284,32.56898194914657,2.598077422707197e-4
沈伯英,PERSON,3,0.0026905829596412557,0.03329697961770017,14.353683858231552,2.800336040324839e-4
沈學文,PERSON,4,0.003587443946188341,0.03537239478893896,20.965338674471816,2.801905295601009e-4
沈慧笋,PERSON,3,0.0026905829596412557,0.013699447072098823,5.295071090126283,2.4857071836937607e-4
沈月,PERSON,1,8.968609865470852e-4,0.00678704039895156,0,2.4648755237860487e-4
沈玉,PERSON,1,8.968609865470852e-4,0.006787040398951565,0,2.4648755237860487e-4
沈玉璋,PERSON,1,8.968609865470852e-4,0.006787040398951566,0,2.4648755237860487e-4
沈百,PERSON,4,0.003587443946188341,0.05026195343838166,346.21532768074275,2.9877502240812666e-4
沈秋雁,PERSON,1,8.968609865470852e-4,0.0012294126538349582,0,2.409058058299205e-4
沈羅,PERSON,1,8.968609865470852e-4,0.0067870403989515595,0,2.4648755237860487e-4
沈聯芳,PERSON,1,8.968609865470852e-4,0.0028496899610664156,0,2.4009603841536616e-4
沈長賡,PERSON,6,0.0053811659192825115,0.020824639392155515,0.8333333333333333,2.4044241404183698e-4
沙利文,PERSON,4,0.003587443946188341,0.03537239478893893,20.965338674471816,2.801905295601009e-4
沙遜,PERSON,7,0.006278026905829596,0.05071856443977873,410.0630688915254,2.975304968759298e-4
河南省驛運管理,ORG,6,0.0053811659192825115,4.1138985817560633e-4,1849.9999999999602,1.950458357714063e-4
泉為,PERSON,3,0.0026905829596412557,0.006793202426012801,0.1,2.4113817217265494e-4
泰信藥行,ORG,8,0.007174887892376682,0.13710081692836643,85.49991608439151,3.245699448231094e-4
泰商業銀行,ORG,18,0.016143497757847534,0.10522884394581748,1853.9981490488065,3.273322422258593e-4
泰康公司,ORG,22,0.019730941704035873,0.1923020178899573,1971.448809597468,3.2754667540124465e-4
洪芬,PERSON,3,0.0026905829596412557,0.014452491718515013,3.9721377773343134,2.4919013207077e-4
洪頌,PERSON,4,0.003587443946188341,0.03537239478893894,20.965338674471816,2.801905295601009e-4
洽卿,PERSON,20,0.017937219730941704,0.14552091885441107,2518.007311120132,3.2393909944930353e-4
洽老,PERSON,1,8.968609865470852e-4,0.002710704927286035,0,2.409058058299205e-4
派克,PERSON,1,8.968609865470852e-4,0.006787040398951565,0,2.4648755237860487e-4
派張,PERSON,3,0.0026905829596412557,4.070673555298603e-5,0.5,1.60333493666827e-4
派施,PERSON,2,0.0017937219730941704,0.00408747787946273,1.5675761421319798,2.3986567522187575e-4
浙江省立醫藥專門學校,ORG,33,0.029596412556053813,0.17610888836565525,3347.7126492777656,3.299241174529858e-4
浩於,PERSON,1,8.968609865470852e-4,0.0020583782233882077,0,2.3940627244433804e-4
海通社,ORG,13,0.011659192825112108,0.08326843305154678,1489.0834285206342,3.2562683165092806e-4
海防辦事處,ORG,11,0.009865470852017937,0.11027993314846603,719.8884393439998,3.252032520325203e-4
涵春,PERSON,5,0.004484304932735426,0.031871066288171726,24.762335467767876,2.584647195657793e-4
淺予,PERSON,1,8.968609865470852e-4,0.021716932400435374,0,2.7925160569673273e-4
渭濱,PERSON,2,0.0017937219730941704,0.00669374269870051,1.7534953241060578,2.42306760358614e-4
湖社,ORG,38,0.034080717488789235,0.12610917446069506,3407.494950966728,3.3101621979476995e-4
湘生,PERSON,1,8.968609865470852e-4,0.0144502040775314,0,2.5793139025019347e-4
湯飛凡,PERSON,1,8.968609865470852e-4,0.0028496899610664173,0,2.4009603841536616e-4
滋康,PERSON,1,8.968609865470852e-4,0.0144502040775314,0,2.5793139025019347e-4
溫少,PERSON,3,0.0026905829596412557,0.013699447072098834,5.295071090126283,2.4857071836937607e-4
滬埠工,ORG,11,0.009865470852017937,0.17651147153240743,150.44946306814015,3.252032520325203e-4
滬大商學院,ORG,10,0.008968609865470852,0.05454414788725082,795.1548935756007,3.2499187520311994e-4
滬改辦事,ORG,11,0.009865470852017937,0.11027993314846592,719.8884393439998,3.252032520325203e-4
滬江大學,ORG,16,0.014349775784753363,0.1979252961715343,375.8135646907061,3.2690421706440013e-4
滬江痔瘡醫院,ORG,38,0.034080717488789235,0.12925055226700788,9130.057285131623,3.316749585406302e-4
滬港實業界,ORG,14,0.012556053811659192,0.11181823331182068,647.2015179385505,3.2583903551645487e-4
滬港工商界,ORG,5,0.004484304932735426,0.059341649839180104,329.81222053964865,3.2393909944930353e-4
滬港工商界南洋商務考察,ORG,11,0.009865470852017937,0.06265740185235197,2088.145742403862,3.252032520325203e-4
滬童軍重,ORG,7,0.006278026905829596,0.0505143255829376,580.720495939044,3.243593902043464e-4
漢口江漢關頒,ORG,17,0.015246636771300448,0.09510538270438984,666.8145492886064,3.26477309826967e-4
漢堡大學,ORG,17,0.015246636771300448,0.12115717388434756,920.7643628941934,3.26477309826967e-4
漢謀,PERSON,5,0.004484304932735426,0.01260309495187608,21.644541907052417,2.466091245376079e-4
潘一山,PERSON,3,0.0026905829596412557,0.013699447072098808,5.295071090126283,2.4857071836937607e-4
潘仰,PERSON,9,0.008071748878923767,0.05782793681547841,571.1330786476059,2.914602156805596e-4
潘仰堯,PERSON,2,0.0017937219730941704,0.006693742698700516,1.7534953241060578,2.42306760358614e-4
潘內,PERSON,3,0.0026905829596412557,0.013699447072098808,5.295071090126283,2.4857071836937607e-4
潘兩,PERSON,6,0.0053811659192825115,0.043833374354435864,410.7163178277471,2.914602156805596e-4
潘友,PERSON,3,0.0026905829596412557,0.006271358038076253,8.398789741280984,2.463661000246366e-4
潘吳,PERSON,6,0.0053811659192825115,0.020824639392155515,0.8333333333333333,2.4044241404183698e-4
潘炳臣,PERSON,6,0.0053811659192825115,0.020824639392155522,0.8333333333333333,2.4044241404183698e-4
潘肇邦,PERSON,3,0.0026905829596412557,0.033296979617700194,14.353683858231552,2.800336040324839e-4
潤卿,PERSON,7,0.006278026905829596,0.05386651988321018,232.22656630750552,2.690341673392521e-4
濟委會委,ORG,6,0.0053811659192825115,4.113898581756144e-4,1849.9999999999602,1.950458357714063e-4
濟成,PERSON,6,0.0053811659192825115,0.03941631580567879,6.861177743921333,2.495632642874969e-4
濟華醫院,ORG,15,0.013452914798206279,0.18715177640870678,831.1247937261788,3.2605151613955004e-4
濟部,ORG,4,0.003587443946188341,0.033309227011790385,1110.9999999999995,3.237293622531564e-4
濤霞,PERSON,5,0.004484304932735426,0.04505656236730283,118.46423264013447,2.8208744710860365e-4
濮梅克軍,PERSON,4,0.003587443946188341,0.03523086523098466,12.594308448179847,2.584647195657793e-4
炳生,PERSON,11,0.009865470852017937,0.07320577253391633,425.5648011701628,2.918004085205719e-4
為量才獎學基金,ORG,24,0.021524663677130046,0.06183863082538906,3444.8891113407467,3.2797638570022957e-4
無任公企,ORG,33,0.029596412556053813,0.17610888836565525,3347.7126492777656,3.299241174529858e-4
焦鼎,PERSON,4,0.003587443946188341,0.03537239478893895,20.965338674471816,2.801905295601009e-4
爲三,PERSON,1,8.968609865470852e-4,0.021716932400435377,0,2.7925160569673273e-4
爲茅,PERSON,7,0.006278026905829596,0.015563293596057856,12.747360972360973,2.4160425223483932e-4
爲虞,PERSON,2,0.0017937219730941704,0.005229773730611622,1.7141220786099476,2.4242424242424242e-4
父德,PERSON,1,8.968609865470852e-4,0.014450204077531389,0,2.5793139025019347e-4
爾康凡,PERSON,4,0.003587443946188341,0.03627094276877879,20.51254858158038,2.5967281225655674e-4
爾格,PERSON,6,0.0053811659192825115,0.012228507384608504,78.14414949367065,2.475860361475613e-4
牛署,ORG,11,0.009865470852017937,0.1102799331484659,719.8884393439998,3.252032520325203e-4
特二法院,ORG,17,0.015246636771300448,0.053506278865529576,924.2264508592737,3.26477309826967e-4
特霄,PERSON,4,0.003587443946188341,0.02740088882940418,50.02320551815988,2.797202797202797e-4
獨鶴,PERSON,4,0.003587443946188341,0.03627094276877882,20.51254858158038,2.5967281225655674e-4
玉謙,PERSON,1,8.968609865470852e-4,0.006393842119610837,0,2.44081034903588e-4
王三,PERSON,3,0.0026905829596412557,0.01860270692574381,44.06240564848861,2.5348542458808617e-4
王世杰,PERSON,3,0.0026905829596412557,0.0032959244582651914,0.75,2.3815194093831864e-4
王儒堂,PERSON,1,8.968609865470852e-4,0.021716932400435388,0,2.7925160569673273e-4
王元,PERSON,1,8.968609865470852e-4,0.0012294126538349582,0,2.409058058299205e-4
王兆昌,PERSON,2,0.0017937219730941704,0.011020949616565632,3.530569292233646,2.4563989191844754e-4
王冠英,PERSON,3,0.0026905829596412557,0.0032959244582651858,0.75,2.3815194093831864e-4
王劍鍔,PERSON,6,0.0053811659192825115,0.039416315805678795,6.861177743921333,2.495632642874969e-4
王和松,PERSON,4,0.003587443946188341,0.03537239478893896,20.965338674471816,2.801905295601009e-4
王壽椿,PERSON,3,0.0026905829596412557,0.02290848394218031,9.188680641352503,2.4906600249066e-4
王大生,PERSON,3,0.0026905829596412557,0.02975835562317167,17.870683369472893,2.595380223202699e-4
王孝賚,PERSON,9,0.008071748878923767,0.012269214120161487,8934.644149493686,2.4857071836937607e-4
王定慧,PERSON,3,0.0026905829596412557,0.006793202426012801,0.1,2.4113817217265494e-4
王延松,PERSON,1,8.968609865470852e-4,0.0027107049272860344,0,2.409058058299205e-4
王得天,PERSON,4,0.003587443946188341,0.00974722726892883,3.3303091723353977,2.397506593143131e-4
王性,PERSON,7,0.006278026905829596,0.05113419411677796,253.38925204012844,2.8661507595299513e-4
王曉籟,PERSON,265,0.23766816143497757,1,219840.21141799755,5.047955577990914e-4
王正廷,PERSON,10,0.008968609865470852,0.056985376747848294,609.9027343712658,2.8677946659019213e-4
王正華,PERSON,3,0.0026905829596412557,0.027426240815922147,135.66782794043687,2.8336639274582036e-4
王紹齋,PERSON,3,0.0026905829596412557,0.0067932024260128,0.1,2.4113817217265494e-4
王經塵,PERSON,3,0.0026905829596412557,0.013699447072098808,5.295071090126283,2.4857071836937607e-4
王角王,PERSON,3,0.0026905829596412557,0.027675789321068282,7.490265978719168,2.581977794990963e-4
王貢三,PERSON,9,0.008071748878923767,0.03302334260038036,5.980319862738469,2.433682161109759e-4
王選,PERSON,32,0.028699551569506727,0.2177579250739795,2554.1896529937585,3.247807729782397e-4
王選靑,PERSON,17,0.015246636771300448,0.10828392777931013,344.08198197373656,2.704895861509332e-4
王選青,PERSON,13,0.011659192825112108,0.09991868090281203,486.6910716578217,2.994908655286014e-4
王靖東,PERSON,4,0.003587443946188341,0.03537239478893897,20.965338674471816,2.801905295601009e-4
王鳳姐,PERSON,1,8.968609865470852e-4,0.002058378223388209,0,2.3940627244433804e-4
珮蘅,PERSON,6,0.0053811659192825115,0.039416315805678816,6.861177743921333,2.495632642874969e-4
理章,PERSON,9,0.008071748878923767,0.03302334260038033,5.980319862738469,2.433682161109759e-4
理黃,PERSON,9,0.008071748878923767,0.033023342600380354,5.980319862738469,2.433682161109759e-4
瑚方,PERSON,6,0.0053811659192825115,0.012228507384608508,78.14414949367065,2.475860361475613e-4
瑜瑾,PERSON,1,8.968609865470852e-4,0.0144502040775314,0,2.5793139025019347e-4
璋父,PERSON,1,8.968609865470852e-4,0.00678704039895156,0,2.4648755237860487e-4
瓦斯,PERSON,27,0.0242152466367713,0.17225542939804717,2731.153235088368,2.889338341519792e-4
甘肅省銓,ORG,7,0.006278026905829596,0.0505143255829376,580.720495939044,3.243593902043464e-4
生守禮,PERSON,3,0.0026905829596412557,0.014452491718515008,3.9721377773343134,2.4919013207077e-4
產科,ORG,30,0.026905829596412557,0.16742812868257395,2419.736670996976,3.2927230819888045e-4
產科黃,PERSON,4,0.003587443946188341,0.039533261911628405,62.766547747295036,2.81928390188892e-4
甬同鄕會,ORG,3,0.0026905829596412557,0.0336260851143704,297.30753336183614,3.2351989647363315e-4
田淑,PERSON,3,0.0026905829596412557,0.03329697961770015,14.353683858231552,2.800336040324839e-4
田隊,PERSON,3,0.0026905829596412557,0.006271358038076259,8.398789741280984,2.463661000246366e-4
申新公司,ORG,31,0.02780269058295964,0.19643838904450234,3549.7344873619822,3.2948929159802305e-4
當余,PERSON,1,8.968609865470852e-4,0.0054536526710740494,0,2.397506593143131e-4
登廣,PERSON,6,0.0053811659192825115,0.04383337435443589,410.7163178277471,2.914602156805596e-4
登馬,PERSON,5,0.004484304932735426,0.04184730685372705,63.98959071218127,2.81135788585887e-4
白崇,PERSON,3,0.0026905829596412557,0.006271358038076266,8.398789741280984,2.463661000246366e-4
白濁,PERSON,3,0.0026905829596412557,0.02644089756880058,8.788161119127182,2.581977794990963e-4
百昌行,ORG,60,0.053811659192825115,0.20028390249529135,18342.85037419655,3.359086328518643e-4
益盛木行,ORG,11,0.009865470852017937,0.13204386086432793,556.261898505689,3.252032520325203e-4
盛丕,PERSON,1,8.968609865470852e-4,0.005954552520666762,0,2.3998080153587713e-4
盛世才,PERSON,2,0.0017937219730941704,0.008254500134793372,1.9132102515778373,2.4254183846713557e-4
盧壽,PERSON,7,0.006278026905829596,0.0511341941167779,253.38925204012844,2.8661507595299513e-4
盧翼,PERSON,5,0.004484304932735426,0.04100091693030282,32.56898194914657,2.598077422707197e-4
相伯,PERSON,1,8.968609865470852e-4,0.0016674511004228679,0,2.3917723032767282e-4
省參議,ORG,3,0.0026905829596412557,0.03669495816638862,46.675191416935476,3.2351989647363315e-4
省境內蒙古各盟,ORG,18,0.016143497757847534,0.01225722917992447,352.3586456882635,2.390628735357399e-4
省境內蒙古民,ORG,18,0.016143497757847534,0.012257229179924464,352.3586456882635,2.390628735357399e-4
省政,ORG,3,0.0026905829596412557,0.03669495816638862,46.675191416935476,3.2351989647363315e-4
省政府,ORG,20,0.017937219730941704,0.08937017122548445,5111.328357734494,3.2711808963035657e-4
省立助産學校,ORG,33,0.029596412556053813,0.17610888836565525,3347.7126492777656,3.299241174529858e-4
眼科,ORG,11,0.009865470852017937,0.13204386086432793,556.261898505689,3.252032520325203e-4
眼科專門醫院,ORG,56,0.05022421524663677,0.2793277343504583,7897.5313402918655,3.3500837520938025e-4
瞿振華,PERSON,3,0.0026905829596412557,0.03329697961770018,14.353683858231552,2.800336040324839e-4
石筱山,PERSON,6,0.0053811659192825115,0.022745131392512944,59.46690934515202,2.4807740014884643e-4
示王,PERSON,6,0.0053811659192825115,0.04383337435443584,410.7163178277471,2.914602156805596e-4
社會局,ORG,7,0.006278026905829596,0.049118137365114015,201.52134195166943,3.243593902043464e-4
祥泰莊,PERSON,6,0.0053811659192825115,0.020824639392155512,0.8333333333333333,2.4044241404183698e-4
祥生,PERSON,5,0.004484304932735426,0.04184730685372706,63.98959071218127,2.81135788585887e-4
福和公司,ORG,17,0.015246636771300448,0.09510538270438987,666.8145492886064,3.26477309826967e-4
福寗,PERSON,6,0.0053811659192825115,0.012228507384608504,78.14414949367065,2.475860361475613e-4
福康,ORG,12,0.010762331838565023,0.0956812269586519,736.3724924417711,3.254149040026033e-4
福成,ORG,17,0.015246636771300448,0.05350627886552958,924.2264508592737,3.26477309826967e-4
福特,ORG,61,0.054708520179372194,0.17611090175132188,9349.869008823316,3.361344537815126e-4
福特汽車公司,ORG,4,0.003587443946188341,0.03411455322092699,336.1429118200461,3.237293622531564e-4
福田,PERSON,3,0.0026905829596412557,0.03329697961770019,14.353683858231552,2.800336040324839e-4
福記,PERSON,9,0.008071748878923767,0.04943762943184412,364.4521008832114,2.8498147620404675e-4
禮女,PERSON,3,0.0026905829596412557,0.042145584206200716,208.669507857539,2.9682398337785694e-4
禮婦,PERSON,8,0.007174887892376682,0.03593687648247086,107.34913238757326,2.554278416347382e-4
禮救,PERSON,1,8.968609865470852e-4,0.0012294126538349584,0,2.409058058299205e-4
萬志,PERSON,1,8.968609865470852e-4,0.0012294126538349584,0,2.409058058299205e-4
萬成,PERSON,7,0.006278026905829596,0.037445497065184415,303.1300428101809,2.832058906825262e-4
私立治中女子中學,ORG,10,0.008968609865470852,0.05454414788725084,795.1548935756007,3.2499187520311994e-4
秉志,PERSON,3,0.0026905829596412557,0.014452491718515016,3.9721377773343134,2.4919013207077e-4
科天,PERSON,9,0.008071748878923767,0.03302334260038037,5.980319862738469,2.433682161109759e-4
科黃,PERSON,2,0.0017937219730941704,0.012295033342411868,0.28666513171894886,2.4301336573511544e-4
科黄,PERSON,11,0.009865470852017937,0.08126362265940584,585.4382628394063,2.931691586045148e-4
秦潤,PERSON,28,0.025112107623318385,0.192040705634154,1947.7528563260169,3.1357792411414236e-4
秦潤卿,PERSON,62,0.05560538116591928,0.39242393553161625,4137.378171859257,3.2690421706440013e-4
程子,PERSON,3,0.0026905829596412557,0.03329697961770018,14.353683858231552,2.800336040324839e-4
程志,PERSON,3,0.0026905829596412557,0.02797201955130925,9.148963851404421,2.583311805734952e-4
程慶,PERSON,1,8.968609865470852e-4,0.005954552520666767,0,2.3998080153587713e-4
程桐生,PERSON,3,0.0026905829596412557,0.03329697961770018,14.353683858231552,2.800336040324839e-4
穆藕,PERSON,4,0.003587443946188341,0.016549137033165226,299.51172250965607,2.5119316754584274e-4
立僑靑,ORG,10,0.008968609865470852,0.042862492272424245,588.5845002028976,3.2499187520311994e-4
竺梅,PERSON,3,0.0026905829596412557,0.04538023040728151,242.4058529717666,2.97000297000297e-4
笙兪,PERSON,11,0.009865470852017937,0.10234444115931449,919.5982721462163,3.116235587410408e-4
笙將,PERSON,4,0.003587443946188341,0.03238865891751098,249.56585251100475,2.8677946659019213e-4
笙林,PERSON,7,0.006278026905829596,0.05288372289287098,71.45550307749627,2.6062027625749283e-4
笙秦,PERSON,1,8.968609865470852e-4,0.014450204077531396,0,2.5793139025019347e-4
笙虞,PERSON,11,0.009865470852017937,0.10234444115931457,919.5982721462163,3.116235587410408e-4
笙袁,PERSON,2,0.0017937219730941704,0.012295033342411854,0.28666513171894886,2.4301336573511544e-4
笙諸,PERSON,4,0.003587443946188341,0.03238865891751099,249.56585251100475,2.8677946659019213e-4
笙辭,PERSON,2,0.0017937219730941704,0.005229773730611624,1.7141220786099476,2.4242424242424242e-4
笙遺,PERSON,12,0.010762331838565023,0.05721532577490263,127.3301846920197,2.809778027535825e-4
笙陳,PERSON,5,0.004484304932735426,0.041847306853727055,63.98959071218127,2.81135788585887e-4
筆江,PERSON,3,0.0026905829596412557,0.014452491718515018,3.9721377773343134,2.4919013207077e-4
節約救難委員會,ORG,15,0.013452914798206279,0.19400064482517945,262.0800036570791,3.2605151613955004e-4
簡經綸,PERSON,1,8.968609865470852e-4,0.021716932400435363,0,2.7925160569673273e-4
簡而明,PERSON,1,8.968609865470852e-4,0.021716932400435384,0,2.7925160569673273e-4
米星,PERSON,7,0.006278026905829596,0.05113419411677792,253.38925204012844,2.8661507595299513e-4
米星如爲,PERSON,3,0.0026905829596412557,0.03124581296685801,81.35573380654876,2.828854314002829e-4
粵省黨政,ORG,4,0.003587443946188341,0.0677574916983907,145.96747319703448,3.237293622531564e-4
精衛,PERSON,5,0.004484304932735426,0.016478779040276496,10.46860378485099,2.461235540241201e-4
紅十字會,ORG,23,0.02062780269058296,0.08639849398400021,13583.322534705403,3.2776138970829236e-4
紅軍,ORG,97,0.08699551569506726,0.3145014651075013,36808.38554667474,3.444712366517396e-4
納稅華人會,ORG,10,0.008968609865470852,0.06056905847739273,472.67889545255764,3.2562683165092806e-4
納路,PERSON,11,0.009865470852017937,0.07320577253391626,425.5648011701628,2.918004085205719e-4
紗布交易所,ORG,14,0.012556053811659192,0.09676526552294709,1072.2953144592607,3.2583903551645487e-4
索琴,PERSON,1,8.968609865470852e-4,0.021716932400435384,0,2.7925160569673273e-4
紫絹,PERSON,1,8.968609865470852e-4,0.002058378223388206,0,2.3940627244433804e-4
紹屬同,ORG,3,0.0026905829596412557,0.0336260851143704,297.30753336183614,3.2351989647363315e-4
紹興七縣同鄉會,ORG,5,0.004484304932735426,0.03455626912535909,976.7447970999522,3.2393909944930353e-4
經毓,PERSON,3,0.0026905829596412557,0.014452491718515016,3.9721377773343134,2.4919013207077e-4
經濟部,ORG,41,0.036771300448430494,0.14028723289229886,12442.789464173931,3.316749585406302e-4
經濟部滇省建設廳,ORG,8,0.007174887892376682,0.06384490495636018,1318.620807198431,3.245699448231094e-4
經邱,PERSON,5,0.004484304932735426,0.03195072167919832,50.12717805038049,2.800336040324839e-4
緘繼,PERSON,3,0.0026905829596412557,4.070673555298418e-5,0.5,1.60333493666827e-4
緝庭,PERSON,3,0.0026905829596412557,0.03329697961770018,14.353683858231552,2.800336040324839e-4
縣警察局,ORG,24,0.021524663677130046,0.10884161239365057,2340.0123451517784,3.2797638570022957e-4
繼虞,PERSON,1,8.968609865470852e-4,0.0027107049272860335,0,2.409058058299205e-4
羅富國,PERSON,5,0.004484304932735426,0.012603094951876103,21.644541907052417,2.466091245376079e-4
羅斯福,PERSON,84,0.07533632286995516,0.45217192132348777,24151.329705210224,3.675119441381845e-4
羅期皇后船,ORG,24,0.021524663677130046,0.10884161239365055,2340.0123451517784,3.2797638570022957e-4
羅馬敎皇,PERSON,2,0.0017937219730941704,0.004068609350629582,1.9991649692360696,2.3986567522187575e-4
美最時洋行,ORG,8,0.007174887892376682,0.13710081692836656,85.49991608439151,3.245699448231094e-4
美商美孚,ORG,4,0.003587443946188341,0.034114553220926984,336.1429118200461,3.237293622531564e-4
美商華納公司,ORG,10,0.008968609865470852,0.13090458431586538,316.1039776940108,3.2499187520311994e-4
美國永備公司,ORG,26,0.023318385650224215,0.18915755584885863,2181.652523452893,3.284072249589491e-4
美產科醫院,ORG,47,0.042152466367713005,0.20530918488308006,10318.131814730337,3.33000333000333e-4
美産科總分醫院,ORG,17,0.015246636771300448,0.12115717388434749,920.7643628941934,3.26477309826967e-4
美産科總分院,ORG,33,0.029596412556053813,0.17610888836565516,3347.7126492777656,3.299241174529858e-4
美聯社,ORG,4,0.003587443946188341,0.06262540530355275,231.2652350616663,3.237293622531564e-4
義憑,PERSON,4,0.003587443946188341,0.035817340992827386,26.714886273609764,2.615746795710175e-4
翁文,PERSON,3,0.0026905829596412557,0.013699447072098823,5.295071090126283,2.4857071836937607e-4
聖約翰大學,ORG,2,0.0017937219730941704,0.04038035503681765,4.939472865985157,3.2331070158422246e-4
聖芳濟,PERSON,7,0.006278026905829596,0.018936167498804765,9.648923231587133,2.4348672997321646e-4
聞振會,ORG,8,0.007174887892376682,0.0654488775515052,922.5141076766473,3.245699448231094e-4
聞浙省臨時參議,ORG,3,0.0026905829596412557,0.03669495816638862,46.675191416935476,3.2351989647363315e-4
聞蘭亭,PERSON,43,0.03856502242152467,0.2242741875030857,9382.66122635596,3.473428273706148e-4
聯合準備銀行,ORG,8,0.007174887892376682,0.06384490495636026,1318.620807198431,3.245699448231094e-4
聯席,ORG,11,0.009865470852017937,0.11027993314846592,719.8884393439998,3.252032520325203e-4
聶中丞,PERSON,2,0.0017937219730941704,0.025662425659644314,291.1102969105853,2.8843380444188056e-4
聿光,PERSON,4,0.003587443946188341,0.03953326191162839,62.766547747295036,2.81928390188892e-4
肥原,PERSON,5,0.004484304932735426,0.016478779040276503,10.46860378485099,2.461235540241201e-4
胡兆祥,PERSON,4,0.003587443946188341,0.009028113124924457,5.465054945054946,2.4125452352231604e-4
胡參,PERSON,5,0.004484304932735426,0.020300316502326603,44.10962571509831,2.5284450063211124e-4
胡國喬,PERSON,3,0.0026905829596412557,0.033296979617700166,14.353683858231552,2.800336040324839e-4
胡壽祺,PERSON,4,0.003587443946188341,0.035372394788938985,20.965338674471816,2.801905295601009e-4
胡好,PERSON,1,8.968609865470852e-4,0.021716932400435377,0,2.7925160569673273e-4
胡孟嘉,PERSON,1,8.968609865470852e-4,0.021716932400435384,0,2.7925160569673273e-4
胡政,PERSON,1,8.968609865470852e-4,0.021716932400435377,0,2.7925160569673273e-4
胡文,PERSON,4,0.003587443946188341,0.009028113124924459,5.465054945054946,2.4125452352231604e-4
胡文虎,PERSON,9,0.008071748878923767,0.029328429627251077,288.22109025794714,2.5660764690787786e-4
胡木蘭,PERSON,3,0.0026905829596412557,0.006793202426012797,0.1,2.4113817217265494e-4
胡永城,PERSON,1,8.968609865470852e-4,0.006787040398951553,0,2.4648755237860487e-4
胡珮芬,PERSON,6,0.0053811659192825115,0.03941631580567881,6.861177743921333,2.495632642874969e-4
胡蝶,PERSON,1,8.968609865470852e-4,0.0012294126538349587,0,2.409058058299205e-4
胡西園,PERSON,2,0.0017937219730941704,0.01102094961656562,3.530569292233646,2.4563989191844754e-4
胡詠祺,PERSON,3,0.0026905829596412557,0.03329697961770019,14.353683858231552,2.800336040324839e-4
脫路極司,ORG,9,0.008071748878923767,0.09579482533133848,452.95868346460816,3.247807729782397e-4
臧醫,PERSON,2,0.0017937219730941704,0.01229503334241185,0.28666513171894886,2.4301336573511544e-4
臨時參議會,ORG,18,0.016143497757847534,0.012257229179924474,352.3586456882635,2.390628735357399e-4
自威,PERSON,3,0.0026905829596412557,0.025712442737137162,34.961484351257376,2.795638803466592e-4
至茅,PERSON,7,0.006278026905829596,0.015563293596057862,12.747360972360973,2.4160425223483932e-4
與何,PERSON,1,8.968609865470852e-4,0.00678704039895156,0,2.4648755237860487e-4
與陸,PERSON,1,8.968609865470852e-4,0.014450204077531394,0,2.5793139025019347e-4
舉華,ORG,11,0.009865470852017937,0.05744312329212172,522.0739096114454,3.252032520325203e-4
船東,PERSON,5,0.004484304932735426,0.02030031650232661,44.10962571509831,2.5284450063211124e-4
良伯,PERSON,6,0.0053811659192825115,0.039416315805678816,6.861177743921333,2.495632642874969e-4
良材眼鏡公司,ORG,8,0.007174887892376682,0.06615891109184342,1299.7495633612668,3.245699448231094e-4
芬楊,PERSON,3,0.0026905829596412557,0.014452491718515008,3.9721377773343134,2.4919013207077e-4
英下院,ORG,10,0.008968609865470852,0.04286249227242423,588.5845002028976,3.2499187520311994e-4
英商亞細亞,ORG,4,0.003587443946188341,0.03411455322092699,336.1429118200461,3.237293622531564e-4
英商公共汽車公司,ORG,4,0.003587443946188341,0.06724132753650292,205.24370222165848,3.243593902043464e-4
英報,PERSON,3,0.0026905829596412557,0.006793202426012812,0.1,2.4113817217265494e-4
英對,PERSON,5,0.004484304932735426,0.01260309495187608,21.644541907052417,2.466091245376079e-4
英政府,ORG,10,0.008968609865470852,0.04286249227242421,588.5845002028976,3.2499187520311994e-4
英相,PERSON,5,0.004484304932735426,0.036105260835710105,21.41241771944774,2.584647195657793e-4
莊瑞,PERSON,9,0.008071748878923767,0.03302334260038037,5.980319862738469,2.433682161109759e-4
莊長,PERSON,3,0.0026905829596412557,0.014452491718515002,3.9721377773343134,2.4919013207077e-4
華人會,ORG,18,0.016143497757847534,0.11211052364397615,554.8229641836895,3.266906239790918e-4
華成烟公司,ORG,8,0.007174887892376682,0.0661589110918435,1299.7495633612668,3.245699448231094e-4
華王,PERSON,1,8.968609865470852e-4,0.00595455252066676,0,2.3998080153587713e-4
華程,PERSON,1,8.968609865470852e-4,0.0012294126538349582,0,2.409058058299205e-4
華軍,ORG,10,0.008968609865470852,0.06613937739545225,1368.1953012005977,3.2499187520311994e-4
華軍克,ORG,8,0.007174887892376682,0.0654488775515052,922.5141076766473,3.245699448231094e-4
葆成,PERSON,11,0.009865470852017937,0.056186499833783196,802.1563425359202,2.8498147620404675e-4
葆生,PERSON,7,0.006278026905829596,0.054915482170153,131.8723779022607,2.637826431020839e-4
葉恭,PERSON,9,0.008071748878923767,0.054135686786781864,222.74233201927407,2.838489923360772e-4
葉楚,PERSON,1,8.968609865470852e-4,0.006787040398951555,0,2.4648755237860487e-4
葉蘭,PERSON,3,0.0026905829596412557,0.0067932024260128065,0.1,2.4113817217265494e-4
葉蘭泉,PERSON,10,0.008968609865470852,0.04864730095041199,1340.5191694843197,2.907822041291073e-4
葉順,PERSON,1,8.968609865470852e-4,0.0012294126538349576,0,2.409058058299205e-4
葛福田,PERSON,3,0.0026905829596412557,0.03329697961770019,14.353683858231552,2.800336040324839e-4
葛維,PERSON,2,0.0017937219730941704,0.011020949616565629,3.530569292233646,2.4563989191844754e-4
董事張,PERSON,3,0.0026905829596412557,0.014452491718515006,3.9721377773343134,2.4919013207077e-4
董事胡,PERSON,3,0.0026905829596412557,0.014452491718515013,3.9721377773343134,2.4919013207077e-4
董仲偉,PERSON,4,0.003587443946188341,0.014227521033448412,22.59679041531313,2.4563989191844754e-4
董凱,PERSON,3,0.0026905829596412557,0.02571244273713718,34.961484351257376,2.795638803466592e-4
董廣,PERSON,3,0.0026905829596412557,0.006793202426012804,0.1,2.4113817217265494e-4
董焜,PERSON,3,0.0026905829596412557,0.0067932024260128065,0.1,2.4113817217265494e-4
董監會,ORG,11,0.009865470852017937,0.17522298353277893,292.12374223985177,3.252032520325203e-4
蒼成,PERSON,3,0.0026905829596412557,0.022908483942180303,9.188680641352503,2.4906600249066e-4
蔡咸章,PERSON,4,0.003587443946188341,0.009028113124924466,5.465054945054946,2.4125452352231604e-4
蔡昌,PERSON,1,8.968609865470852e-4,0.00205837822338821,0,2.3940627244433804e-4
蔡洪生,PERSON,4,0.003587443946188341,0.036270942768778826,20.51254858158038,2.5967281225655674e-4
蔡福棠,PERSON,4,0.003587443946188341,0.03537239478893896,20.965338674471816,2.801905295601009e-4
蔡聲白,PERSON,5,0.004484304932735426,0.023018546792068845,32.7830399154967,2.4894199651481205e-4
蔡貴生,PERSON,1,8.968609865470852e-4,0.006787040398951565,0,2.4648755237860487e-4
蔣信,PERSON,4,0.003587443946188341,0.03537239478893895,20.965338674471816,2.801905295601009e-4
蔣委,PERSON,13,0.011659192825112108,0.06842694854145827,1103.664126807053,3.0165912518853697e-4
蔣孔,PERSON,1,8.968609865470852e-4,0.0016674511004228685,0,2.3917723032767282e-4
蔣有,PERSON,4,0.003587443946188341,0.03390032090804564,31.68354378627743,2.797202797202797e-4
蔣總,PERSON,3,0.0026905829596412557,0.006271358038076259,8.398789741280984,2.463661000246366e-4
蕪湖中國釻行廿六年十二月二日,ORG,7,0.006278026905829596,0.0686538545060989,277.83445521435755,3.243593902043464e-4
蕪湖中國銀行廿六年十二月二日,ORG,7,0.006278026905829596,0.07084757691520431,209.46527461249127,3.243593902043464e-4
蕪湖中國銀行通訊,ORG,10,0.008968609865470852,0.07455278237029793,410.7473452632568,3.2499187520311994e-4
蕪湖滙安慶吳,ORG,7,0.006278026905829596,0.07084757691520431,209.46527461249127,3.243593902043464e-4
蕭佛,PERSON,1,8.968609865470852e-4,0.006787040398951566,0,2.4648755237860487e-4
薛篤弼,PERSON,3,0.0026905829596412557,0.03329697961770019,14.353683858231552,2.800336040324839e-4
薛耕莘,PERSON,3,0.0026905829596412557,0.033296979617700194,14.353683858231552,2.800336040324839e-4
薛覺,PERSON,1,8.968609865470852e-4,0.0012294126538349571,0,2.409058058299205e-4
藍何,PERSON,1,8.968609865470852e-4,0.006787040398951563,0,2.4648755237860487e-4
藍銘,PERSON,1,8.968609865470852e-4,0.00678704039895156,0,2.4648755237860487e-4
藥兜,PERSON,5,0.004484304932735426,0.036105260835710126,21.41241771944774,2.584647195657793e-4
藩陳,PERSON,3,0.0026905829596412557,0.006793202426012808,0.1,2.4113817217265494e-4
蘇俄國立內分泌研究院,ORG,8,0.007174887892376682,0.13710081692836634,85.49991608439151,3.245699448231094e-4
蘇城世醫,ORG,9,0.008071748878923767,0.09579482533133847,452.95868346460816,3.247807729782397e-4
蘇浙行動委員會忠義救國軍第一縱隊,ORG,10,0.008968609865470852,0.1503652198729396,242.20402279009204,3.2499187520311994e-4
蘇灘,PERSON,1,8.968609865470852e-4,0.021716932400435384,0,2.7925160569673273e-4
蘇記,PERSON,4,0.003587443946188341,0.0395332619116284,62.766547747295036,2.81928390188892e-4
蘭友,PERSON,3,0.0026905829596412557,0.013699447072098827,5.295071090126283,2.4857071836937607e-4
蘭泉,PERSON,3,0.0026905829596412557,0.0067932024260128065,0.1,2.4113817217265494e-4
蘭芳,PERSON,1,8.968609865470852e-4,0.0012294126538349574,0,2.409058058299205e-4
虛志,PERSON,2,0.0017937219730941704,0.01102094961656562,3.530569292233646,2.4563989191844754e-4
虞仲,PERSON,4,0.003587443946188341,0.03537239478893893,20.965338674471816,2.801905295601009e-4
虞冾卿,PERSON,4,0.003587443946188341,0.0339266380499343,15.424343170616522,2.584647195657793e-4
虞洽,PERSON,7,0.006278026905829596,0.03543385996807584,667.1550431783187,2.9027576197387516e-4
虞洽卿,PERSON,5,0.004484304932735426,0.030111593756690178,279.82577234101393,2.828854314002829e-4
號克美醫院,ORG,28,0.025112107623318385,0.16745851222805722,6198.0617183962595,3.288391976323578e-4
號夏,PERSON,1,8.968609865470852e-4,0.01445020407753139,0,2.5793139025019347e-4
號王,PERSON,5,0.004484304932735426,0.04002134525682943,115.71786453101322,2.643404705260375e-4
號田,PERSON,12,0.010762331838565023,0.05721532577490265,127.3301846920197,2.809778027535825e-4
號鍾,PERSON,12,0.010762331838565023,0.05721532577490265,127.3301846920197,2.809778027535825e-4
蟻光炎,PERSON,1,8.968609865470852e-4,0.001667451100422868,0,2.3917723032767282e-4
行政院,ORG,43,0.03856502242152467,0.17238740713855122,9556.55465550534,3.3211557622052476e-4
行政院長,PERSON,12,0.010762331838565023,0.0920304145280053,617.9050936434897,3.007518796992481e-4
行馬,PERSON,1,8.968609865470852e-4,0.0016674511004228694,0,2.3917723032767282e-4
衛生局,ORG,20,0.017937219730941704,0.20337906770761874,1138.7476355563806,3.2776138970829236e-4
袁履,PERSON,5,0.004484304932735426,0.04184730685372705,63.98959071218127,2.81135788585887e-4
袁履登,PERSON,31,0.02780269058295964,0.16481600943440125,3895.1526381754406,3.2414910858995135e-4
裕興,ORG,22,0.019730941704035873,0.10456427280309255,973.1830150370592,3.2754667540124465e-4
裘文,PERSON,4,0.003587443946188341,0.03627094276877879,20.51254858158038,2.5967281225655674e-4
西安,ORG,12,0.010762331838565023,0.035258434575346796,2257.4926600555355,3.254149040026033e-4
西康省臨時參議會,ORG,6,0.0053811659192825115,4.1138985817561034e-4,1849.9999999999602,1.950458357714063e-4
設愛,ORG,11,0.009865470852017937,0.13204386086432782,556.261898505689,3.252032520325203e-4
許世,PERSON,13,0.011659192825112108,0.06008365868488611,2729.2567577675295,3.0165912518853697e-4
許冠,PERSON,11,0.009865470852017937,0.07373519095060824,776.5850562235056,2.931691586045148e-4
許冠群,PERSON,1,8.968609865470852e-4,0.01037323252444071,0,2.4894199651481205e-4
許地山,PERSON,1,8.968609865470852e-4,0.021716932400435384,0,2.7925160569673273e-4
許曉,PERSON,12,0.010762331838565023,0.08711656955441,1273.7887216770987,3.0165912518853697e-4
診陳,PERSON,6,0.0053811659192825115,0.03941631580567881,6.861177743921333,2.495632642874969e-4
詹森,PERSON,6,0.0053811659192825115,0.01874776137461022,65.20071653801094,2.4894199651481205e-4
誌禧,PERSON,1,8.968609865470852e-4,0.006787040398951562,0,2.4648755237860487e-4
請梅,PERSON,1,8.968609865470852e-4,0.0012294126538349587,0,2.409058058299205e-4
諸文,PERSON,2,0.0017937219730941704,0.011020949616565622,3.530569292233646,2.4563989191844754e-4
諸文綺,PERSON,2,0.0017937219730941704,0.011020949616565627,3.530569292233646,2.4563989191844754e-4
諸祈,PERSON,4,0.003587443946188341,0.03541907976036892,145.07735028935517,2.656042496679947e-4
諸維,PERSON,16,0.014349775784753363,0.12133000328070999,1201.585838784114,3.1240237425804435e-4
諾爾,PERSON,2,0.0017937219730941704,0.023585510312622616,12.23670408221954,2.5940337224383917e-4
謀竺,PERSON,6,0.0053811659192825115,0.039416315805678795,6.861177743921333,2.495632642874969e-4
謙决,PERSON,1,8.968609865470852e-4,0.00639384211961083,0,2.44081034903588e-4
謙次,PERSON,1,8.968609865470852e-4,0.006393842119610832,0,2.44081034903588e-4
謙泰,PERSON,6,0.0053811659192825115,0.02082463939215552,0.8333333333333333,2.4044241404183698e-4
謙泰銀行,ORG,18,0.016143497757847534,0.10522884394581748,1853.9981490488065,3.273322422258593e-4
謝仲,PERSON,4,0.003587443946188341,0.03537239478893896,20.965338674471816,2.801905295601009e-4
謝公,PERSON,1,8.968609865470852e-4,0.009135306235091237,0,2.45398773006135e-4
謝筱,PERSON,2,0.0017937219730941704,0.011020949616565627,3.530569292233646,2.4563989191844754e-4
謝葆生,PERSON,12,0.010762331838565023,0.10397444943061694,800.0820270443496,3.029385034837928e-4
謹啓,PERSON,7,0.006278026905829596,0.06530172790681327,379.0614588530076,2.9967036260113877e-4
謹啟,PERSON,3,0.0026905829596412557,0.029364907083287827,19.484865405491735,2.595380223202699e-4
謹詹,PERSON,4,0.003587443946188341,0.03541907976036893,145.07735028935517,2.656042496679947e-4
警秋,PERSON,9,0.008071748878923767,0.03302334260038038,5.980319862738469,2.433682161109759e-4
谷正,PERSON,3,0.0026905829596412557,0.013699447072098818,5.295071090126283,2.4857071836937607e-4
貝克,PERSON,5,0.004484304932735426,0.05469546427284189,946.9596789716209,3.091190108191654e-4
貝淞,PERSON,1,8.968609865470852e-4,0.021716932400435384,0,2.7925160569673273e-4
貝淞孫,PERSON,5,0.004484304932735426,0.050687533469715905,271.14621139947036,2.9717682020802375e-4
財政部,ORG,26,0.023318385650224215,0.11007833088070174,2778.2499182439105,3.284072249589491e-4
貴州電臺,ORG,3,0.0026905829596412557,0.062134995131115534,95.73993883828747,3.2351989647363315e-4
貴陽廣播電,ORG,3,0.0026905829596412557,0.06213499513111546,95.73993883828747,3.2351989647363315e-4
費席珍,PERSON,3,0.0026905829596412557,0.03329697961770017,14.353683858231552,2.800336040324839e-4
賢處,PERSON,5,0.004484304932735426,0.031950721679198345,50.12717805038049,2.800336040324839e-4
趙南石,PERSON,1,8.968609865470852e-4,0.005453652671074051,0,2.397506593143131e-4
趙晋卿,PERSON,4,0.003587443946188341,0.03390032090804563,31.68354378627743,2.797202797202797e-4
趙正,PERSON,5,0.004484304932735426,0.03195072167919835,50.12717805038049,2.800336040324839e-4
趙裕仁,PERSON,1,8.968609865470852e-4,0.009135306235091241,0,2.45398773006135e-4
趙連,PERSON,1,8.968609865470852e-4,0.006787040398951565,0,2.4648755237860487e-4
路口總院,ORG,9,0.008071748878923767,0.09579482533133846,452.95868346460816,3.247807729782397e-4
踴躍,PERSON,1,8.968609865470852e-4,0.02171693240043537,0,2.7925160569673273e-4
軍部,ORG,2,0.0017937219730941704,0.04038035503681769,4.939472865985157,3.2331070158422246e-4
載曉籟,PERSON,1,8.968609865470852e-4,0.002710704927286034,0,2.409058058299205e-4
辛克萊,PERSON,9,0.008071748878923767,0.06843000686793631,241.12308234346025,2.6961445133459155e-4
迭决,PERSON,2,0.0017937219730941704,0.02566242565964431,291.1102969105853,2.8843380444188056e-4
通甫,PERSON,9,0.008071748878923767,0.033023342600380375,5.980319862738469,2.433682161109759e-4
逸凡,PERSON,3,0.0026905829596412557,0.04214558420620072,208.669507857539,2.9682398337785694e-4
運志,PERSON,11,0.009865470852017937,0.07320577253391634,425.5648011701628,2.918004085205719e-4
道德,PERSON,1,8.968609865470852e-4,0.0016674511004228687,0,2.3917723032767282e-4
達賴,PERSON,6,0.0053811659192825115,0.012228507384608503,78.14414949367065,2.475860361475613e-4
選部,ORG,11,0.009865470852017937,0.057443123292121714,522.0739096114454,3.252032520325203e-4
選靑,PERSON,15,0.013452914798206279,0.11378286072158,687.2535499429699,3.0111412225233364e-4
選青,PERSON,7,0.006278026905829596,0.06431087045169766,382.1700176869137,2.984183825723665e-4
選青眼科專門醫院,ORG,28,0.025112107623318385,0.22647659242341867,2194.377694572624,3.2948929159802305e-4
邱吉爾,PERSON,5,0.004484304932735426,0.020300316502326603,44.10962571509831,2.5284450063211124e-4
邵力子,PERSON,8,0.007174887892376682,0.022214839491328946,315.7094040541617,2.486943546381497e-4
邵安,PERSON,6,0.0053811659192825115,0.012228507384608513,78.14414949367065,2.475860361475613e-4
邵虚,PERSON,6,0.0053811659192825115,0.039416315805678816,6.861177743921333,2.495632642874969e-4
郭慕儀,PERSON,6,0.0053811659192825115,0.020824639392155515,0.8333333333333333,2.4044241404183698e-4
郭泉,PERSON,1,8.968609865470852e-4,0.0020583782233882086,0,2.3940627244433804e-4
郭祖繩,PERSON,1,8.968609865470852e-4,0.010373232524440706,0,2.4894199651481205e-4
郭筠峯,PERSON,1,8.968609865470852e-4,0.0012294126538349576,0,2.409058058299205e-4
郭襄士,PERSON,78,0.06995515695067264,0.47965379048708906,6052.914011213315,3.3886818027787193e-4
郭順,PERSON,6,0.0053811659192825115,0.03139639916610597,87.29798117006997,2.800336040324839e-4
鄉會,ORG,17,0.015246636771300448,0.19464363232219856,1593.8180219162332,3.26477309826967e-4
鄔鵬,PERSON,4,0.003587443946188341,0.03537239478893898,20.965338674471816,2.801905295601009e-4
鄧祿,PERSON,6,0.0053811659192825115,0.011434701259234408,42.7352735779211,2.4515812699190976e-4
鄧祿普,PERSON,6,0.0053811659192825115,0.011434701259234403,42.7352735779211,2.4515812699190976e-4
鄧祿普膠胎公司,ORG,4,0.003587443946188341,0.03411455322092702,336.1429118200461,3.237293622531564e-4
鄧脫,PERSON,10,0.008968609865470852,0.09112801227376617,367.1492312036989,2.994908655286014e-4
鄭伯昭,PERSON,1,8.968609865470852e-4,0.0020583782233882086,0,2.3940627244433804e-4
鄭子,PERSON,1,8.968609865470852e-4,0.006787040398951565,0,2.4648755237860487e-4
鄭小秋,PERSON,9,0.008071748878923767,0.033023342600380354,5.980319862738469,2.433682161109759e-4
鄭玉,PERSON,1,8.968609865470852e-4,0.006787040398951563,0,2.4648755237860487e-4
鄭福蘭堂,ORG,7,0.006278026905829596,0.06865385450609886,277.83445521435755,3.243593902043464e-4
采丞,PERSON,3,0.0026905829596412557,0.014452491718515011,3.9721377773343134,2.4919013207077e-4
重濤,PERSON,1,8.968609865470852e-4,0.0012294126538349578,0,2.409058058299205e-4
金妹者,PERSON,5,0.004484304932735426,0.03195072167919836,50.12717805038049,2.800336040324839e-4
金宗城,PERSON,10,0.008968609865470852,0.07894957771730719,613.8653415640791,2.936857562408223e-4
金廷,PERSON,13,0.011659192825112108,0.08478581975118112,590.7804617472847,2.92654375182909e-4
金廷蓀,PERSON,14,0.012556053811659192,0.08873131301039007,1405.1177723007243,3.02571860816944e-4
金楚湘,PERSON,4,0.003587443946188341,0.03537239478893898,20.965338674471816,2.801905295601009e-4
金武周,PERSON,7,0.006278026905829596,0.01893616749880478,9.648923231587133,2.4348672997321646e-4
金津,PERSON,3,0.0026905829596412557,0.006271358038076268,8.398789741280984,2.463661000246366e-4
金潤庠,PERSON,11,0.009865470852017937,0.07945962966147674,943.490100735355,2.9806259314456036e-4
金澗,PERSON,2,0.0017937219730941704,0.011020949616565615,3.530569292233646,2.4563989191844754e-4
金祖懋,PERSON,3,0.0026905829596412557,0.013699447072098823,5.295071090126283,2.4857071836937607e-4
金華,PERSON,2,0.0017937219730941704,0.005229773730611625,1.7141220786099476,2.4242424242424242e-4
銀行公會,ORG,18,0.016143497757847534,0.10522884394581752,1853.9981490488065,3.273322422258593e-4
銘記,PERSON,1,8.968609865470852e-4,0.006787040398951562,0,2.4648755237860487e-4
錢兌業公會,ORG,18,0.016143497757847534,0.10522884394581741,1853.9981490488065,3.273322422258593e-4
錢昌照,PERSON,3,0.0026905829596412557,0.013699447072098823,5.295071090126283,2.4857071836937607e-4
錢松,PERSON,1,8.968609865470852e-4,0.00913530623509124,0,2.45398773006135e-4
錢永銘,PERSON,11,0.009865470852017937,0.05396646300180831,423.6119950668432,2.853067047075606e-4
錢莉英,PERSON,1,8.968609865470852e-4,0.001229412653834958,0,2.409058058299205e-4
錢鑄,PERSON,1,8.968609865470852e-4,0.0027107049272860322,0,2.409058058299205e-4
镕西,PERSON,3,0.0026905829596412557,0.014452491718515011,3.9721377773343134,2.4919013207077e-4
長俞,PERSON,6,0.0053811659192825115,0.03941631580567881,6.861177743921333,2.495632642874969e-4
長吳,PERSON,6,0.0053811659192825115,0.01222850738460852,78.14414949367065,2.475860361475613e-4
長呂,PERSON,9,0.008071748878923767,0.03302334260038035,5.980319862738469,2.433682161109759e-4
長張,PERSON,9,0.008071748878923767,0.03302334260038038,5.980319862738469,2.433682161109759e-4
長德國漢堡大學,ORG,9,0.008071748878923767,0.15103322452144524,143.46580876154812,3.247807729782397e-4
長戴,PERSON,2,0.0017937219730941704,0.005229773730611622,1.7141220786099476,2.4242424242424242e-4
長文,PERSON,5,0.004484304932735426,0.042620448827741124,18.006016827738975,2.5926886180969663e-4
長曹,PERSON,11,0.009865470852017937,0.07320577253391632,425.5648011701628,2.918004085205719e-4
長杉,PERSON,3,0.0026905829596412557,0.006271358038076257,8.398789741280984,2.463661000246366e-4
長殷雄,PERSON,9,0.008071748878923767,0.033023342600380354,5.980319862738469,2.433682161109759e-4
長潘,PERSON,10,0.008968609865470852,0.05406716363319881,591.6205526849217,2.9231218941829873e-4
長秦,PERSON,6,0.0053811659192825115,0.039416315805678843,6.861177743921333,2.495632642874969e-4
長耀,PERSON,9,0.008071748878923767,0.0330233426003804,5.980319862738469,2.433682161109759e-4
長蔣,PERSON,6,0.0053811659192825115,0.01222850738460852,78.14414949367065,2.475860361475613e-4
長黃,PERSON,3,0.0026905829596412557,4.070673555298334e-5,0.5,1.60333493666827e-4
關炯,PERSON,8,0.007174887892376682,0.049255070611261616,173.07048842613162,2.8145229383619476e-4
關醫院,ORG,30,0.026905829596412557,0.16742812868257398,2419.736670996976,3.2927230819888045e-4
阮維,PERSON,1,8.968609865470852e-4,0.02171693240043537,0,2.7925160569673273e-4
阿刺伯,PERSON,6,0.0053811659192825115,0.03941631580567883,6.861177743921333,2.495632642874969e-4
阿泉自,PERSON,1,8.968609865470852e-4,0.01445020407753138,0,2.5793139025019347e-4
阿為,PERSON,6,0.0053811659192825115,0.012228507384608508,78.14414949367065,2.475860361475613e-4
阿墨林藥膏,ORG,13,0.011659192825112108,0.15849287417474056,581.9574193857566,3.2562683165092806e-4
陳世昌,PERSON,6,0.0053811659192825115,0.03941631580567882,6.861177743921333,2.495632642874969e-4
陳其芬,PERSON,4,0.003587443946188341,0.035372394788938936,20.965338674471816,2.801905295601009e-4
陳嘉庚,PERSON,8,0.007174887892376682,0.014512522483503288,16.730580917924293,2.409058058299205e-4
陳培,PERSON,2,0.0017937219730941704,0.008254500134793378,1.9132102515778373,2.4254183846713557e-4
陳子,PERSON,4,0.003587443946188341,0.035372394788938936,20.965338674471816,2.801905295601009e-4
陳孝威,PERSON,1,8.968609865470852e-4,0.02171693240043538,0,2.7925160569673273e-4
陳家,PERSON,5,0.004484304932735426,0.044001542043282875,34.480141419312965,2.599428125812321e-4
陳專,PERSON,1,8.968609865470852e-4,0.0016674511004228679,0,2.3917723032767282e-4
陳履,PERSON,3,0.0026905829596412557,0.006793202426012803,0.1,2.4113817217265494e-4
陳履霜,PERSON,3,0.0026905829596412557,0.006793202426012808,0.1,2.4113817217265494e-4
陳廷,PERSON,5,0.004484304932735426,0.03195072167919834,50.12717805038049,2.800336040324839e-4
陳志,PERSON,3,0.0026905829596412557,0.03329697961770015,14.353683858231552,2.800336040324839e-4
陳方,PERSON,4,0.003587443946188341,0.03357713683804833,198.88370734270808,2.864508736751647e-4
陳濟,PERSON,4,0.003587443946188341,0.024072679596539498,252.9279309357598,2.591344908007256e-4
陳璇,PERSON,3,0.0026905829596412557,0.033296979617700166,14.353683858231552,2.800336040324839e-4
陳立,PERSON,3,0.0026905829596412557,0.006271358038076254,8.398789741280984,2.463661000246366e-4
陳立夫,PERSON,3,0.0026905829596412557,0.013699447072098813,5.295071090126283,2.4857071836937607e-4
陳維,PERSON,4,0.003587443946188341,0.03537239478893896,20.965338674471816,2.801905295601009e-4
陳藴珍堂,PERSON,1,8.968609865470852e-4,0.02171693240043539,0,2.7925160569673273e-4
陳蘊,PERSON,7,0.006278026905829596,0.07099394527829161,456.6911538649534,2.994908655286014e-4
陳蘊珍堂,PERSON,4,0.003587443946188341,0.03486623580819165,12.754589332811339,2.584647195657793e-4
陳行,PERSON,6,0.0053811659192825115,0.011434701259234412,42.7352735779211,2.4515812699190976e-4
陳訪,PERSON,3,0.0026905829596412557,0.013699447072098813,5.295071090126283,2.4857071836937607e-4
陳誠,PERSON,3,0.0026905829596412557,0.013699447072098815,5.295071090126283,2.4857071836937607e-4
陳郁,PERSON,3,0.0026905829596412557,0.013699447072098823,5.295071090126283,2.4857071836937607e-4
陳鐸,PERSON,4,0.003587443946188341,0.035230865230984655,12.594308448179847,2.584647195657793e-4
陳阿,PERSON,1,8.968609865470852e-4,0.006787040398951558,0,2.4648755237860487e-4
陳雪,PERSON,8,0.007174887892376682,0.035936876482470854,107.34913238757326,2.554278416347382e-4
陳霆,PERSON,7,0.006278026905829596,0.041769631690546684,354.38332008658824,2.911208151382824e-4
陶樂,PERSON,1,8.968609865470852e-4,0.01037323252444071,0,2.4894199651481205e-4
陶百,PERSON,3,0.0026905829596412557,0.013699447072098827,5.295071090126283,2.4857071836937607e-4
陶遺,PERSON,1,8.968609865470852e-4,0.010373232524440707,0,2.4894199651481205e-4
陸丹林,PERSON,1,8.968609865470852e-4,0.02171693240043537,0,2.7925160569673273e-4
陸恒,PERSON,1,8.968609865470852e-4,0.009135306235091241,0,2.45398773006135e-4
陸星,PERSON,2,0.0017937219730941704,0.011020949616565625,3.530569292233646,2.4563989191844754e-4
陸星莊,PERSON,2,0.0017937219730941704,0.011020949616565624,3.530569292233646,2.4563989191844754e-4
雖杜,PERSON,2,0.0017937219730941704,0.025662425659644324,291.1102969105853,2.8843380444188056e-4
難民救濟協,ORG,7,0.006278026905829596,0.04911813736511398,201.52134195166943,3.243593902043464e-4
雪卿,PERSON,1,8.968609865470852e-4,0.0012294126538349593,0,2.409058058299205e-4
雲寳,PERSON,2,0.0017937219730941704,0.02566242565964431,291.1102969105853,2.8843380444188056e-4
雷竺笙,PERSON,1,8.968609865470852e-4,0.021716932400435394,0,2.7925160569673273e-4
電林,PERSON,2,0.0017937219730941704,0.007883501468241181,19.950965850893926,2.466091245376079e-4
電陳,PERSON,8,0.007174887892376682,0.014512522483503288,16.730580917924293,2.409058058299205e-4
霜為,PERSON,3,0.0026905829596412557,0.006793202426012806,0.1,2.4113817217265494e-4
霞飛,PERSON,4,0.003587443946188341,0.03238865891751098,249.56585251100475,2.8677946659019213e-4
青眼科專門醫院,ORG,68,0.06098654708520179,0.2769693235327135,19650.342986945314,3.3772374197906115e-4
靜江,PERSON,9,0.008071748878923767,0.03302334260038039,5.980319862738469,2.433682161109759e-4
非木,PERSON,3,0.0026905829596412557,0.0421455842062007,208.669507857539,2.9682398337785694e-4
靳雲,PERSON,5,0.004484304932735426,0.016478779040276496,10.46860378485099,2.461235540241201e-4
韋廉士,PERSON,2,0.0017937219730941704,0.01229503334241186,0.28666513171894886,2.4301336573511544e-4
韓啟克美產科醫院,ORG,9,0.008071748878923767,0.09579482533133843,452.95868346460816,3.247807729782397e-4
章叔,PERSON,4,0.003587443946188341,0.014227521033448414,22.59679041531313,2.4563989191844754e-4
章華金,PERSON,1,8.968609865470852e-4,0.0012294126538349576,0,2.409058058299205e-4
章警秋,PERSON,9,0.008071748878923767,0.03302334260038038,5.980319862738469,2.433682161109759e-4
項康,PERSON,3,0.0026905829596412557,0.03329697961770018,14.353683858231552,2.800336040324839e-4
顏惠,PERSON,1,8.968609865470852e-4,0.0028496899610664156,0,2.4009603841536616e-4
顏惠慶,PERSON,9,0.008071748878923767,0.05413568678678183,222.74233201927407,2.838489923360772e-4
顏駿人,PERSON,5,0.004484304932735426,0.015958090993561387,0.7142857142857142,2.3952095808383233e-4
顧吟秋,PERSON,3,0.0026905829596412557,0.013699447072098818,5.295071090126283,2.4857071836937607e-4
顧守,PERSON,3,0.0026905829596412557,0.033296979617700166,14.353683858231552,2.800336040324839e-4
顧文生,PERSON,4,0.003587443946188341,0.035372394788938964,20.965338674471816,2.801905295601009e-4
顧時夫,PERSON,3,0.0026905829596412557,0.013699447072098822,5.295071090126283,2.4857071836937607e-4
顧無,PERSON,1,8.968609865470852e-4,0.021716932400435374,0,2.7925160569673273e-4
顧蘭,PERSON,1,8.968609865470852e-4,0.002849689961066415,0,2.4009603841536616e-4
飛利浦,ORG,17,0.015246636771300448,0.09510538270438988,666.8145492886064,3.26477309826967e-4
香港國民商業儲蓄銀行,ORG,10,0.008968609865470852,0.07455278237029794,410.7473452632568,3.2499187520311994e-4
香港德輔道,ORG,10,0.008968609865470852,0.16588468314489815,226.77796850966314,3.2499187520311994e-4
香港水安公司,ORG,17,0.015246636771300448,0.06240706216463324,16605.61452701213,3.26477309826967e-4
香港永安銀行有限公司,ORG,10,0.008968609865470852,0.1658846831448981,226.77796850966314,3.2499187520311994e-4
馥蘭,PERSON,4,0.003587443946188341,0.039533261911628405,62.766547747295036,2.81928390188892e-4
馬國,PERSON,1,8.968609865470852e-4,0.021716932400435374,0,2.7925160569673273e-4
馬景,PERSON,6,0.0053811659192825115,0.012228507384608504,78.14414949367065,2.475860361475613e-4
馬祥生,PERSON,6,0.0053811659192825115,0.039416315805678795,6.861177743921333,2.495632642874969e-4
馬立斯,PERSON,12,0.010762331838565023,0.057215325774902646,127.3301846920197,2.809778027535825e-4
馮婦,PERSON,1,8.968609865470852e-4,0.0020583782233882073,0,2.3940627244433804e-4
駱淸,PERSON,5,0.004484304932735426,0.023018546792068845,32.7830399154967,2.4894199651481205e-4
驥爲,PERSON,1,8.968609865470852e-4,0.014450204077531394,0,2.5793139025019347e-4
高仁偶,PERSON,1,8.968609865470852e-4,0.0028496899610664143,0,2.4009603841536616e-4
高市,PERSON,7,0.006278026905829596,0.018936167498804772,9.648923231587133,2.4348672997321646e-4
高特威,PERSON,3,0.0026905829596412557,0.013699447072098815,5.295071090126283,2.4857071836937607e-4
高軒,PERSON,3,0.0026905829596412557,0.029758355623171664,17.870683369472893,2.595380223202699e-4
魏伯楨,PERSON,1,8.968609865470852e-4,0.005954552520666763,0,2.3998080153587713e-4
魏伯禎,PERSON,1,8.968609865470852e-4,0.001090256876046768,0,2.3781212841854935e-4
魏廷,PERSON,3,0.0026905829596412557,0.03329697961770021,14.353683858231552,2.800336040324839e-4
魏軒耀,PERSON,11,0.009865470852017937,0.0732057725339163,425.5648011701628,2.918004085205719e-4
魯迅,PERSON,3,0.0026905829596412557,0.006271358038076253,8.398789741280984,2.463661000246366e-4
鳳娃,PERSON,1,8.968609865470852e-4,0.0012294126538349567,0,2.409058058299205e-4
鴻笙,PERSON,7,0.006278026905829596,0.052883722892871035,71.45550307749627,2.6062027625749283e-4
鵬任,PERSON,5,0.004484304932735426,0.016478779040276507,10.46860378485099,2.461235540241201e-4
鹹杜月,PERSON,2,0.0017937219730941704,0.005229773730611625,1.7141220786099476,2.4242424242424242e-4
麥倫中學,ORG,8,0.007174887892376682,0.06494532855322498,806.5991029860281,3.245699448231094e-4
麥觀,PERSON,8,0.007174887892376682,0.014512522483503279,16.730580917924293,2.409058058299205e-4
黃任,PERSON,10,0.008968609865470852,0.030015785314572874,319.5899303178369,2.532286654849329e-4
黃伯度,PERSON,7,0.006278026905829596,0.04727658391014717,1156.9682027491235,2.9824038174768865e-4
黃定,PERSON,3,0.0026905829596412557,0.03329697961770017,14.353683858231552,2.800336040324839e-4
黃振世,PERSON,3,0.0026905829596412557,0.033296979617700194,14.353683858231552,2.800336040324839e-4
黃日,PERSON,9,0.008071748878923767,0.05038708056000229,408.25868151917956,2.748007694421544e-4
黃涵,PERSON,8,0.007174887892376682,0.049255070611261546,173.07048842613162,2.8145229383619476e-4
黃炎,PERSON,3,0.0026905829596412557,0.013699447072098822,5.295071090126283,2.4857071836937607e-4
黃金,PERSON,22,0.019730941704035873,0.12695897852758017,2344.2913931729718,3.1575623618566466e-4
黄日,PERSON,3,0.0026905829596412557,0.04214558420620071,208.669507857539,2.9682398337785694e-4
黄長興,PERSON,5,0.004484304932735426,0.03187106628817171,24.762335467767876,2.584647195657793e-4
黛玉,PERSON,1,8.968609865470852e-4,0.002058378223388207,0,2.3940627244433804e-4
黛玉葬,PERSON,1,8.968609865470852e-4,0.0020583782233882086,0,2.3940627244433804e-4
鼎謹,PERSON,2,0.0017937219730941704,0.01229503334241186,0.28666513171894886,2.4301336573511544e-4
齊徐,PERSON,3,0.0026905829596412557,0.014452491718515016,3.9721377773343134,2.4919013207077e-4
齊柏林,PERSON,5,0.004484304932735426,0.04262044882774112,18.006016827738975,2.5926886180969663e-4
齊除,PERSON,3,0.0026905829596412557,0.014452491718515021,3.9721377773343134,2.4919013207077e-4
龔秀金,PERSON,11,0.009865470852017937,0.05396646300180833,423.6119950668432,2.853067047075606e-4
