id,Type,mc5Degree,mc5Degree_norm,mc5Eig,mc5Betw,mc5Close
丁仁,PERSON,1,1.2012012012012012e-4,0.00866436578962014,0,3.400435255712731e-5
丁仲英,PERSON,1,1.2012012012012012e-4,0.008664365789620144,0,3.400435255712731e-5
丁光訓,PERSON,3,3.6036036036036037e-4,0.0032049150093768474,2.4817835973184477,3.197748784855462e-5
丁善明,PERSON,7,8.408408408408409e-4,0.023872079497426042,1110.9653038090846,3.465003465003465e-5
丁子,PERSON,6,7.207207207207207e-4,0.01918898821301714,1731.3529437659622,3.515679932498945e-5
丁存,PERSON,7,8.408408408408409e-4,0.015154100019939783,454.7070059528673,3.340236488743403e-5
丁存坤,PERSON,7,8.408408408408409e-4,0.023688494174609345,929.0681891487944,3.4020548411240386e-5
丁少,PERSON,2,2.4024024024024023e-4,7.750665576789085e-4,0.7352342292962631,3.171180313312615e-5
丁廉,PERSON,4,4.8048048048048047e-4,0.0064226859598684105,55.40107853797565,3.2539372640895484e-5
丁德隆,PERSON,6,7.207207207207207e-4,0.003291651853696932,68.05759301221232,3.196113525952442e-5
丁惟汾,PERSON,8,9.609609609609609e-4,0.01066926280753911,1708.0120564519862,3.3180702103656515e-5
丁慧,PERSON,6,7.207207207207207e-4,0.022874900499598713,354.44088573884153,3.3763252076440005e-5
丁憲,PERSON,7,8.408408408408409e-4,0.014832070674627218,727.8509889492835,3.457814661134163e-5
丁文秀,PERSON,4,4.8048048048048047e-4,0.012670906611790048,285.68269213796316,3.37997701615629e-5
丁昌人,PERSON,7,8.408408408408409e-4,0.023688494174609352,929.0681891487944,3.4020548411240386e-5
丁昌言,PERSON,2,2.4024024024024023e-4,0.0052657155989212215,25.469776933603082,3.241070849808777e-5
丁月,PERSON,1,1.2012012012012012e-4,3.572911334009591e-4,0,3.170577045022194e-5
丁永人,PERSON,7,8.408408408408409e-4,0.023688494174609335,929.0681891487944,3.4020548411240386e-5
丁濟,PERSON,6,7.207207207207207e-4,0.01981094975536711,688.4983050572263,3.4746351633078526e-5
丁濟萬,PERSON,37,0.0044444444444444444,0.07982049354670001,30921.09534270719,3.8946876460507865e-5
丁祉祥,PERSON,8,9.609609609609609e-4,0.021782513054374647,532.5523691977385,3.4489894460922946e-5
丁福,PERSON,7,8.408408408408409e-4,0.014304265408892526,2050.1461632092237,3.39097999321804e-5
丁福保,PERSON,4,4.8048048048048047e-4,0.0011594270820940306,0.8571428571428571,3.1633556877135266e-5
丁筠,PERSON,5,6.006006006006006e-4,0.004080904430377633,18.919364027845845,3.2100667693888034e-5
丁義,PERSON,4,4.8048048048048047e-4,0.014359650835732238,673.6735852641114,3.419271011420365e-5
丁芝,PERSON,4,4.8048048048048047e-4,0.0015365652320974326,2.086846584705914,3.172790151659369e-5
丁裕泉,PERSON,3,3.6036036036036037e-4,0.010629738730158862,21.45554897877954,3.4008978370289756e-5
丁貴堂,PERSON,30,0.0036036036036036037,0.050496881381467816,16708.143848115185,3.7246722288438616e-5
丁趾祥,PERSON,7,8.408408408408409e-4,0.01638340959403395,235.385254360498,3.416000546560088e-5
丁輔,PERSON,4,4.8048048048048047e-4,0.004593297329993954,44.99434718100529,3.217917363882096e-5
丁雪,PERSON,1,1.2012012012012012e-4,3.0340169283968066e-4,0,3.168567807351077e-5
丁驥昌,PERSON,2,2.4024024024024023e-4,6.587809966341875e-4,0.2847992014371325,3.1645569620253167e-5
三井,ORG,15,0.0018018018018018018,0.025859023327442283,91978.03149099657,4.2959017097688804e-5
三北輪船公司,ORG,32,0.0038438438438438438,0.028440536537909674,6511.170458815163,4.302185510239202e-5
三友實業廠,ORG,13,0.0015615615615615615,0.021192773792284157,4678.38361551122,4.2951636457349025e-5
三友實業社,ORG,117,0.014054054054054054,0.0790602055905466,104164.35464524537,4.334257975034674e-5
三戰區駐滬聯,ORG,56,0.006726726726726727,0.10506803890083209,6946.079521944563,4.311088118641145e-5
三教道德,ORG,1,1.2012012012012012e-4,0.016416165344663884,0,4.290740581824423e-5
三旭茂,ORG,1,1.2012012012012012e-4,0.016416165344663877,0,4.290740581824423e-5
三毛樂園,ORG,7,8.408408408408409e-4,0.01671729716144554,34146.86162681773,4.292950974499871e-5
三民主義靑年團,ORG,11,0.0013213213213213214,0.037455184453135906,4045.6655823120113,4.294425835265825e-5
三民主義靑年團上海支團,ORG,8,9.609609609609609e-4,0.02082691389619536,1292.8657190123765,4.29331959471063e-5
三民主義青年團,ORG,22,0.002642642642642643,0.0525209727538636,8222.90361915556,4.298486932599725e-5
上海中心工業,ORG,6,7.207207207207207e-4,0.018160271364012114,2480.3464836830353,4.292950974499871e-5
上海中隊青年,ORG,9,0.001081081081081081,0.02149404216132635,1407.019416741791,4.2936882782310004e-5
上海乳品製,ORG,10,0.0012012012012012011,0.03476415527710245,3543.4744882878254,4.294057025077293e-5
上海光新染,ORG,7,8.408408408408409e-4,0.01765678917322357,7370.876824965605,4.292950974499871e-5
上海兒意圖書,ORG,8,9.609609609609609e-4,0.017592689659261977,2595.056616857635,4.29331959471063e-5
上海兒童福利站,ORG,5,6.006006006006006e-4,0.016487255881907466,8319.500000000004,4.292213923941969e-5
上海公司,ORG,22,0.002642642642642643,0.02444487885426269,6428.943318254794,4.298486932599725e-5
上海公訓,ORG,4,4.8048048048048047e-4,0.016573622717164394,2268.079999440053,4.291845493562232e-5
上海公調同學會,ORG,12,0.0014414414414414415,0.017113388442424514,35283.16626016514,4.294794708812919e-5
上海分會,ORG,19,0.0022822822822822822,0.037598765911168404,2938.1755067887834,4.2973785990545764e-5
上海分署,ORG,15,0.0018018018018018018,0.04142700817964345,12920.517630017925,4.2970092815400483e-5
上海劇藝社,ORG,29,0.0034834834834834836,0.022218311304005253,43148.09790633622,4.301075268817204e-5
上海勝利博物,ORG,24,0.002882882882882883,0.02863492933626101,47712.630547411536,4.299226139294927e-5
上海勞軍勸募委,ORG,30,0.0036036036036036037,0.05501028835989643,22963.305187108752,4.301445285615967e-5
上海化學工業社,ORG,4,4.8048048048048047e-4,0.021794898206450714,117.13828721016345,4.291845493562232e-5
上海區救濟特捐勸募委員會,ORG,19,0.0022822822822822822,0.04257415081463589,14543.68301465313,4.2973785990545764e-5
上海區隊,ORG,8,9.609609609609609e-4,0.02530399716989943,1982.671452977599,4.29331959471063e-5
上海各界自救救國聯合,ORG,43,0.005165165165165165,0.067322165625646,41581.74915870674,4.3073742246726395e-5
上海各界自救救國聯合會行動委負會,ORG,18,0.002162162162162162,0.04283223823152642,5952.594481576677,4.2970092815400483e-5
上海合鑫煤渣揀運社,ORG,12,0.0014414414414414415,0.028186716204857052,1428.103935792358,4.294794708812919e-5
上海商學院,ORG,26,0.003123123123123123,0.03312516936876967,12321.545461874117,4.299965600275198e-5
上海國軍,ORG,1,1.2012012012012012e-4,0.01641616534466388,0,4.290740581824423e-5
上海地方協會,ORG,148,0.017777777777777778,0.17855194996081047,100636.94282769933,4.3466921672607145e-5
上海地方自治協進,ORG,3,3.6036036036036037e-4,0.01853393344310314,218.63709857540871,4.291477126426916e-5
上海地方自治協進會,ORG,15,0.0018018018018018018,0.028171200374483302,24308.009816627608,4.2959017097688804e-5
上海地方自治恊,ORG,51,0.006126126126126126,0.06603694064901688,18012.875181778538,4.309601792794346e-5
上海基督敎女靑年,ORG,4,4.8048048048048047e-4,0.018953547860817786,523.952610627392,4.291845493562232e-5
上海天綸織造廠,ORG,2,2.4024024024024023e-4,0.016537517474571918,502.7610765535852,4.2911088225197394e-5
上海太乙調味粉廠股份有限公司,ORG,7,8.408408408408409e-4,0.017852632200278017,2150.423477716527,4.292950974499871e-5
上海婦女補習學校,ORG,62,0.007447447447447447,0.06760793816123281,12632.007979285328,4.313691657320335e-5
上海安度藥廠,ORG,6,7.207207207207207e-4,0.017552761280014775,9226.017637584426,4.292582417582418e-5
上海巾伴師,ORG,19,0.0022822822822822822,0.0415487350374383,2997.217377353837,4.2973785990545764e-5
上海市中華國產廠商聯合會,ORG,1,1.2012012012012012e-4,0.016416165344663874,0,4.290740581824423e-5
上海市中華國産廠商聯合會,ORG,6,7.207207207207207e-4,0.01930193375646648,1356.141733152012,4.292950974499871e-5
上海市人民自由保障,ORG,11,0.0013213213213213214,0.0360095780826023,25520.399024670107,4.294425835265825e-5
上海市伶界聯合,ORG,7,8.408408408408409e-4,0.018264279573051795,5557.26367671156,4.292950974499871e-5
上海市保險公會整理就緒,ORG,27,0.003243243243243243,0.03000608710705206,12948.760761967269,4.300335426163241e-5
上海市修租脚踏車業同業公會整理委員會,ORG,16,0.0019219219219219219,0.02312736603981643,5466.993265474553,4.296270836913559e-5
上海市公敎人員物資供應審核委員會,ORG,20,0.0024024024024024023,0.021546591219504408,11570.463366218599,4.2977479800584495e-5
上海市内衣織造工業同業公會,ORG,3,3.6036036036036037e-4,0.018266430574939263,221.48996252887443,4.291477126426916e-5
上海市冬令救濟委員會,ORG,23,0.002762762762762763,0.03549714741932602,7174.818321514589,4.2988565041698905e-5
上海市助產士公會籌備處啓新醫學研究會,ORG,27,0.003243243243243243,0.031183788007817455,15752.086242664203,4.30070531567177e-5
上海市化學原料業同業公會整理委員會,ORG,16,0.0019219219219219219,0.025098635534071854,2404.3880834097044,4.296640027498496e-5
上海市化學肥料商業同業公會籌備會,ORG,5,6.006006006006006e-4,0.022844981046121596,818.7305083747799,4.292582417582418e-5
上海市北貨桂圓醃臘火腿商業同業公會,ORG,29,0.0034834834834834836,0.026599289298324887,82437.13509169054,4.301075268817204e-5
上海市參議會,ORG,37,0.0044444444444444444,0.04187534641689995,12737.665237121697,4.305148958153952e-5
上海市國民教育工作人員消費合作社,ORG,15,0.0018018018018018018,0.029125618551472103,5763.041342817066,4.2959017097688804e-5
上海市外匯經紀人業同業公會,ORG,10,0.0012012012012012011,0.02329401065386725,1970.98881148475,4.294057025077293e-5
上海市夜報,ORG,23,0.002762762762762763,0.02198388666488025,27637.02388911759,4.2988565041698905e-5
上海市婦女,ORG,17,0.002042042042042042,0.04930047864392541,4313.376601280985,4.296640027498496e-5
上海市婦女會新生活運動促進會,ORG,26,0.003123123123123123,0.03300034176016323,10800.66399888984,4.299965600275198e-5
上海市尊師運動委,ORG,27,0.003243243243243243,0.03768738057382463,4719.250868569145,4.30070531567177e-5
上海市工業,ORG,1,1.2012012012012012e-4,0.016416165344663877,0,4.290740581824423e-5
上海市市市民服用國貨協會,ORG,4,4.8048048048048047e-4,0.01694369161796923,1218.6035442725329,4.291845493562232e-5
上海市市民服用國貨協會,ORG,6,7.207207207207207e-4,0.017012923541576064,33385.87262775829,4.292582417582418e-5
上海市市民服用國貨協會成立大會,ORG,9,0.001081081081081081,0.025509496534781757,13349.12915514313,4.2936882782310004e-5
上海市彈簧椅業同業公會整理委員會,ORG,19,0.0022822822822822822,0.05263329745445833,3743.915743988049,4.2973785990545764e-5
上海市戡亂建國宣傳總隊,ORG,75,0.009009009009009009,0.05703531596419636,39176.341417198804,4.318162190171863e-5
上海市戲劇院商業同業公會,ORG,35,0.004204204204204204,0.027201155902018204,15098.917078857321,4.303296324984939e-5
上海市政府,ORG,47,0.005645645645645646,0.05274233740061836,98919.32504790477,4.3077453260963214e-5
上海市救濟委員會,ORG,19,0.0022822822822822822,0.04704942924596845,5679.018575231344,4.298486932599725e-5
上海市救濟特捐勸募委,ORG,7,8.408408408408409e-4,0.03945529530763082,4081.574948982892,4.292950974499871e-5
上海市新生活運動促進,ORG,51,0.006126126126126126,0.055683783477893746,66080.6173073364,4.309230371455658e-5
上海市新生活運動促進會,ORG,11,0.0013213213213213214,0.02932896756947175,10967.065654484335,4.294425835265825e-5
上海市新聞通訊社協會,ORG,4,4.8048048048048047e-4,0.017545590374515484,631.6748245164149,4.292213923941969e-5
上海市新藥商業同業公會,ORG,63,0.0075675675675675675,0.047229579499455575,28846.333257247457,4.313691657320335e-5
上海市新藥業製藥業兩公會,ORG,14,0.0016816816816816818,0.025471135550242767,3538.6499330750516,4.29553264604811e-5
上海市新藥業製藥業兩同業公會,ORG,2,2.4024024024024023e-4,0.01803396900605632,28.272037007173793,4.2911088225197394e-5
上海市普濟,ORG,41,0.004924924924924925,0.021148841950538816,98153.91974974827,4.30551967622492e-5
上海市會計師公會,ORG,65,0.0078078078078078076,0.06400496581792717,147065.74172821484,4.3148084225060405e-5
上海市東一區區公所法律專門委員會,ORG,32,0.0038438438438438438,0.028440536537909678,6511.170458815163,4.302185510239202e-5
上海市東北護權運動委,ORG,2,2.4024024024024023e-4,0.018916466653589196,21.6791117203794,4.2911088225197394e-5
上海市棉紗複製品工業公會配紗委員會,ORG,7,8.408408408408409e-4,0.020341539301703848,2461.626130623126,4.292950974499871e-5
上海市標準地價評議委,ORG,7,8.408408408408409e-4,0.02459868150911583,2686.638599388613,4.292950974499871e-5
上海市機器染織工業同業公會,ORG,3,3.6036036036036037e-4,0.01826643057493926,221.48996252887443,4.291477126426916e-5
上海市水果地貨行業同業公會整理委員會,ORG,27,0.003243243243243243,0.03000608710705207,12948.760761967269,4.300335426163241e-5
上海市汽車司機業職業工會整理委員會,ORG,3,3.6036036036036037e-4,0.0186580153029307,212.33747243349669,4.291477126426916e-5
上海市消費合作,ORG,4,4.8048048048048047e-4,0.0038170407449226447,16648.582746494994,3.163756011136421e-5
上海市消費合作社,ORG,23,0.002762762762762763,0.03452447388476301,6560.5672743098385,4.2988565041698905e-5
上海市烟兌業同業公會整理委員會,ORG,11,0.0013213213213213214,0.04395887081797597,1225.5934429083431,4.294425835265825e-5
上海市熱水瓶工業同業公會整理委員會,ORG,7,8.408408408408409e-4,0.021542665159223203,862.6981728519504,4.292950974499871e-5
上海市營造廠業同業公會整理委員會,ORG,16,0.0019219219219219219,0.02312736603981643,5466.993265474553,4.296270836913559e-5
上海市社會救濟事業恊會,ORG,13,0.0015615615615615615,0.04138457668012618,4502.065610818183,4.296270836913559e-5
上海市禁姻委員,ORG,20,0.0024024024024024023,0.027774658762128927,29099.64671967478,4.2977479800584495e-5
上海市福會局,ORG,6,7.207207207207207e-4,0.027131474676997856,736.603443414053,4.292582417582418e-5
上海市第一理髪器材用品供給合作社,ORG,22,0.002642642642642643,0.026149751714944536,59156.51559539859,4.298486932599725e-5
上海市第十四區區公所,ORG,51,0.006126126126126126,0.06603694064901691,18012.875181778538,4.309601792794346e-5
上海市第十四區民代表,ORG,51,0.006126126126126126,0.06603694064901693,18012.875181778538,4.309601792794346e-5
上海市糖業同業公會整理委員會,ORG,44,0.005285285285285286,0.05166751930976816,9038.530285798186,4.3070031871823586e-5
上海市紅木拆料業同業公會整理委員會,ORG,37,0.0044444444444444444,0.020088186511204805,38873.13219056339,4.3040371868812945e-5
上海市罐頭食品製造業產業工會籌備會,ORG,20,0.0024024024024024023,0.027305539586603252,8701.771219578404,4.298117424568039e-5
上海市羣和三育,ORG,11,0.0013213213213213214,0.02724124236963451,6751.428623495054,4.294794708812919e-5
上海市羣和三育會,ORG,11,0.0013213213213213214,0.0272412423696345,6751.428623495054,4.294794708812919e-5
上海市職工生活費指數編製審議委員會,ORG,18,0.002162162162162162,0.042832238231526425,5952.594481576677,4.2970092815400483e-5
上海市自衛特捐籌募委,ORG,16,0.0019219219219219219,0.04612663700236634,26559.67518219477,4.296270836913559e-5
上海市蒙難同志會事業基金籌募委員會,ORG,15,0.0018018018018018018,0.024792699172555506,22480.300868928676,4.2959017097688804e-5
上海市製藥工業同業公會,ORG,63,0.0075675675675675675,0.04722957949945558,28846.333257247457,4.313691657320335e-5
上海市西服商業同業公會,ORG,27,0.003243243243243243,0.03719469419284052,3960.359156689279,4.300335426163241e-5
上海市西餐咖啡業職業公會上海市社會局,ORG,40,0.004804804804804805,0.029983919342757105,17924.612198166422,4.305148958153952e-5
上海市記者公會,ORG,19,0.0022822822822822822,0.0415487350374383,2997.217377353837,4.2973785990545764e-5
上海市警察局,ORG,26,0.003123123123123123,0.03300034176016323,10800.66399888984,4.299965600275198e-5
上海市警察局提籃橋分局戡建大隊青年服務隊,ORG,18,0.002162162162162162,0.02012111465984261,35903.759574865304,4.2970092815400483e-5
上海市警察局第六偵緝分隊長,ORG,11,0.0013213213213213214,0.02902763832444219,2770.249597512253,4.294425835265825e-5
上海市警察局裝置警鈴推行委員會,ORG,5,6.006006006006006e-4,0.02321634541476972,166.56596976549406,4.292213923941969e-5
上海市越劇同人聯,ORG,27,0.003243243243243243,0.037194694192840515,3960.359156689279,4.300335426163241e-5
上海市通志館,ORG,62,0.007447447447447447,0.06577744100389772,11540.35284644594,4.313691657320335e-5
上海市進出口業商業同業公會,ORG,51,0.006126126126126126,0.0660369406490169,18012.875181778538,4.309601792794346e-5
上海市酒菜業職業工會西菜咖啡分會,ORG,1,1.2012012012012012e-4,0.016416165344663884,0,4.290740581824423e-5
上海市醫師公會,ORG,24,0.002882882882882883,0.04443450344924093,5945.740055848569,4.2995958379912286e-5
上海市針織工業同業公會,ORG,3,3.6036036036036037e-4,0.018266430574939263,221.48996252887443,4.291477126426916e-5
上海市銀行,ORG,26,0.003123123123123123,0.042474178070133865,7937.291786053597,4.299965600275198e-5
上海市銀行商業同業公會,ORG,16,0.0019219219219219219,0.019108613494663806,7445.230522194706,4.296270836913559e-5
上海市銀行業同業公,ORG,20,0.0024024024024024023,0.03527062669189547,3277.995878270636,4.298117424568039e-5
上海市防疫委員會,ORG,10,0.0012012012012012011,0.03792392546708458,6713.301827397835,4.294057025077293e-5
上海市雜糧油餅業同業公會整理委員會,ORG,9,0.001081081081081081,0.03275476568241578,1307.0504896589923,4.2936882782310004e-5
上海市電機絲織廠業同業公會整理委員會,ORG,28,0.0033633633633633636,0.03263066576114709,9143.829230940144,4.30070531567177e-5
上海市鞋業同業公會,ORG,4,4.8048048048048047e-4,0.01923503591940039,1048.3124427118219,4.291845493562232e-5
上海廣播電,ORG,75,0.009009009009009009,0.05703531596419636,39176.341417198804,4.318162190171863e-5
上海律師公會,ORG,8,9.609609609609609e-4,0.02703533689755622,668.2259252486114,4.29331959471063e-5
上海惠生高級助産職業學校抗,ORG,5,6.006006006006006e-4,0.01852020739725609,740.0558127962041,4.292213923941969e-5
上海愛爾康藥廠,ORG,5,6.006006006006006e-4,0.028065309241151866,188.49747500276717,4.292213923941969e-5
上海戲劇電影協會,ORG,11,0.0013213213213213214,0.017366454821549717,5108.728879629356,4.294425835265825e-5
上海文化服務社,ORG,8,9.609609609609609e-4,0.024048054387383534,3788.7286702215356,4.29331959471063e-5
上海新時代書報社,ORG,3,3.6036036036036037e-4,0.025693787045516187,135.99138464440918,4.291477126426916e-5
上海時疫醫院,ORG,55,0.006606606606606606,0.04112463707575047,110450.21068853133,4.3107164410725064e-5
上海材料廠,ORG,21,0.0025225225225225223,0.03415426570055191,7576.4144566372925,4.298117424568039e-5
上海植物油猪鬃牛羊皮腸衣輸出業同業公會,ORG,27,0.003243243243243243,0.03768738057382461,4719.250868569145,4.30070531567177e-5
上海植物油猪鬃牛羊皮腸衣輸出業同業公會籌備會,ORG,27,0.003243243243243243,0.037687380573824626,4719.250868569145,4.30070531567177e-5
上海榮昌德雨衣服裝廠,ORG,7,8.408408408408409e-4,0.021542665159223203,862.6981728519504,4.292950974499871e-5
上海民航機帆船聯營,ORG,6,7.207207207207207e-4,0.024101938062022467,1096.8112737247889,4.292582417582418e-5
上海永和實業公司,ORG,39,0.0046846846846846845,0.032690449950928145,25517.028273531516,4.305148958153952e-5
上海永和實業有限公司,ORG,29,0.0034834834834834836,0.027368415705332376,14797.711536366141,4.301445285615967e-5
上海法學院,ORG,7,8.408408408408409e-4,0.017264231389285317,2773.095409358394,4.292950974499871e-5
上海法政學院,ORG,17,0.002042042042042042,0.04930047864392541,4313.376601280985,4.296640027498496e-5
上海港口司令,ORG,12,0.0014414414414414415,0.023228244232178327,6957.58483777023,4.294794708812919e-5
上海湘災急賑委員會,ORG,66,0.007927927927927928,0.10086077398690661,27028.862933452187,4.3159257660768235e-5
上海演出委員會,ORG,6,7.207207207207207e-4,0.02616365738602522,1775.6786016076142,4.292582417582418e-5
上海濟華堂藥房,ORG,5,6.006006006006006e-4,0.017888051282073998,1029.4360381920121,4.292213923941969e-5
上海瘋人院,ORG,9,0.001081081081081081,0.020603479904798327,4056.8263726893656,4.2936882782310004e-5
上海直接稅局,ORG,13,0.0015615615615615615,0.019340411546055623,6631.215296170505,4.2951636457349025e-5
上海福幼院,ORG,17,0.002042042042042042,0.020544372074429405,15159.63998173054,4.2970092815400483e-5
上海精美食品公司,ORG,9,0.001081081081081081,0.024359813651797683,1689.980611248345,4.2936882782310004e-5
上海絨綫公司,ORG,11,0.0013213213213213214,0.019321510646224418,6234.546589908321,4.294425835265825e-5
上海絨線公司,ORG,7,8.408408408408409e-4,0.02139084196696674,1502.1601244749888,4.292950974499871e-5
上海總商會,ORG,505,0.06066066066066066,0.3456782262639913,1137577.4484140847,4.486316733961418e-5
上海美術協會,ORG,37,0.0044444444444444444,0.050092704695894816,17671.820360205074,4.3040371868812945e-5
上海義務稽查總隊,ORG,5,6.006006006006006e-4,0.019110133843426608,2986.8047032126938,4.292213923941969e-5
上海聯誼,ORG,41,0.004924924924924925,0.056568004168742504,24162.876292431603,4.30551967622492e-5
上海職業婦女托兒所,ORG,48,0.005765765765765766,0.06248850149973354,46943.17248338439,4.308487720809996e-5
上海航政局,ORG,7,8.408408408408409e-4,0.029158566477526172,1329.307966556292,4.292950974499871e-5
上海華僑銀行,ORG,20,0.0024024024024024023,0.03527062669189548,3277.995878270636,4.298117424568039e-5
上海華豐橡膠,ORG,16,0.0019219219219219219,0.023986359046244958,5093.754338975723,4.296270836913559e-5
上海貧兒工藝院,ORG,4,4.8048048048048047e-4,0.018438445423403633,1775.7333476735473,4.291845493562232e-5
上海貨運股份有限公司,ORG,15,0.0018018018018018018,0.020018542202504593,5264.5459822799585,4.2959017097688804e-5
上海軍隊,ORG,9,0.001081081081081081,0.021494042161326343,1407.019416741791,4.2936882782310004e-5
上海銀行,ORG,31,0.0037237237237237237,0.04397401881331761,15108.55748163422,4.302185510239202e-5
上海錢業同業公會,ORG,20,0.0024024024024024023,0.03527062669189548,3277.995878270636,4.298117424568039e-5
上海開美科化學製藥廠股份有限公司,ORG,3,3.6036036036036037e-4,0.018658015302930705,212.33747243349669,4.291477126426916e-5
上海電信局,ORG,3,3.6036036036036037e-4,0.023161097107537488,61.32639615786111,4.291477126426916e-5
上海電台,ORG,57,0.006846846846846847,0.045228644173918295,32506.7340831814,4.3118316660917556e-5
上海電話公司,ORG,32,0.0038438438438438438,0.026509924878102616,106596.19062807031,4.302185510239202e-5
上海靈光良藥社,ORG,6,7.207207207207207e-4,0.016927940942718028,4731.520108828824,4.292582417582418e-5
上海青年會,ORG,17,0.002042042042042042,0.024411103973596728,5265.598200532535,4.296640027498496e-5
上海首創西裝集團,ORG,3,3.6036036036036037e-4,0.019940154996778946,80.4200216535337,4.291477126426916e-5
上海高級機械職業學校,ORG,4,4.8048048048048047e-4,0.019936595900480147,260.87802627679235,4.292213923941969e-5
下午八時半至十時,ORG,7,8.408408408408409e-4,0.01923498767898716,3135.617288166661,4.292950974499871e-5
世光,PERSON,1,1.2012012012012012e-4,7.732780585623033e-4,0,3.171180313312615e-5
世恩,PERSON,1,1.2012012012012012e-4,0.00728751402391768,0,3.309723969020984e-5
世泰,PERSON,2,2.4024024024024023e-4,0.011519252717289213,166.19785782117216,3.3763252076440005e-5
世珍,PERSON,1,1.2012012012012012e-4,0.00728751402391768,0,3.309723969020984e-5
世界中國通商銀行,ORG,11,0.0013213213213213214,0.03154940555889857,25856.001752274882,4.294425835265825e-5
世界文化合作,ORG,9,0.001081081081081081,0.023535266734696556,3319.573976502745,4.2936882782310004e-5
世界書局,ORG,41,0.004924924924924925,0.053620498867696965,17182.05466913021,4.30551967622492e-5
世界汽車保修股份有限公司,ORG,29,0.0034834834834834836,0.02577552675512788,23162.847462372134,4.301075268817204e-5
世良,PERSON,15,0.0018018018018018018,0.010073075782113349,222.9046313491959,3.248229714805431e-5
丘子,PERSON,5,6.006006006006006e-4,0.003052354235044303,8.251485943736157,3.1861339450710506e-5
中一信託公司,ORG,33,0.003963963963963964,0.029019856207145617,6703.617318921528,4.302555718096549e-5
中信,ORG,8,9.609609609609609e-4,0.02653507634072226,17099.601621761587,4.29331959471063e-5
中信局,ORG,14,0.0016816816816816818,0.021172504832387386,3552.738291259507,4.29553264604811e-5
中光内衣製造廠,ORG,6,7.207207207207207e-4,0.019469840524884086,6361.33026745148,4.292582417582418e-5
中匯銀行,ORG,6,7.207207207207207e-4,0.024713788846226395,238.78837384890753,4.292582417582418e-5
中南橡膠廠,ORG,5,6.006006006006006e-4,0.019459682480557374,2627.471841892127,4.292213923941969e-5
中南銀行,ORG,3,3.6036036036036037e-4,0.0196649755012506,1702.7200365979231,4.291477126426916e-5
中原慰勞團,ORG,29,0.0034834834834834836,0.032769641029125954,16403.96997206928,4.301075268817204e-5
中國交通,ORG,12,0.0014414414414414415,0.040015934091733894,856.2077951165118,4.294794708812919e-5
中國人事保險股份有限公司,ORG,51,0.006126126126126126,0.06603694064901691,18012.875181778538,4.309601792794346e-5
中國企業銀行,ORG,65,0.0078078078078078076,0.04848955888212644,85005.76028162934,4.3144361032013115e-5
中國保健協會,ORG,8,9.609609609609609e-4,0.027613842221972523,1921.6583868892264,4.29331959471063e-5
中國信遠烟草股份有限公司,ORG,46,0.005525525525525526,0.021764591541294342,312319.6203316241,4.3073742246726395e-5
中國信遠烟草股份有限公司董監聯席會,ORG,11,0.0013213213213213214,0.02724124236963451,6751.428623495054,4.294794708812919e-5
中國全國工業協會二屆代表大會,ORG,8,9.609609609609609e-4,0.02123757357724974,9446.10838622168,4.29331959471063e-5
中國公學,ORG,22,0.002642642642642643,0.04531854047018859,6964.250945157645,4.298486932599725e-5
中國利華烟廠,ORG,13,0.0015615615615615615,0.03460680481920668,4093.887048642033,4.2951636457349025e-5
中國利華烟草公司,ORG,3,3.6036036036036037e-4,0.02502470953029947,1212.7493002110436,4.291477126426916e-5
中國勝利信鴿協,ORG,28,0.0033633633633633636,0.04201344716655055,116302.84822118704,4.30070531567177e-5
中國勞動協,ORG,9,0.001081081081081081,0.022112859452355083,1422.8386396348274,4.2936882782310004e-5
中國勞動協會,ORG,68,0.008168168168168169,0.06520771668774561,23329.25203916205,4.3159257660768235e-5
中國協會,ORG,9,0.001081081081081081,0.023535266734696563,3319.573976502745,4.2936882782310004e-5
中國口琴樂團,ORG,51,0.006126126126126126,0.04302328303296575,27847.46614132079,4.309601792794346e-5
中國合作事業協會,ORG,39,0.0046846846846846845,0.057747446493059976,126641.86520368991,4.304778303917348e-5
中國商事公斷協會,ORG,4,4.8048048048048047e-4,0.01769609355504329,1353.53726613398,4.291845493562232e-5
中國商業有限公司,ORG,19,0.0022822822822822822,0.028880401253693264,8633.67632185736,4.2977479800584495e-5
中國商聯會,ORG,4,4.8048048048048047e-4,0.022225578294099477,369.33757126221076,4.291845493562232e-5
中國商聯銀行,ORG,2,2.4024024024024023e-4,0.01671767460654839,225.43961062420513,4.2911088225197394e-5
中國啚書襍誌公司,ORG,28,0.0033633633633633636,0.02587206771694558,15747.507221685113,4.30070531567177e-5
中國國民外交協會,ORG,24,0.002882882882882883,0.05699988431968329,28234.808937275986,4.300335426163241e-5
中國國貨公司,ORG,10,0.0012012012012012011,0.019188474878976142,2864.1173805995804,4.294057025077293e-5
中國國貨銀行,ORG,60,0.007207207207207207,0.04324096748833224,96460.41508418068,4.312575470070726e-5
中國國際經濟協會,ORG,14,0.0016816816816816818,0.035739998408352465,1667.7430254212159,4.29553264604811e-5
中國國際貿易協會,ORG,10,0.0012012012012012011,0.031702989386115495,1005.5742865235866,4.2951636457349025e-5
中國圖書公司,ORG,9,0.001081081081081081,0.021715866175420116,2107.7698630676296,4.2936882782310004e-5
中國圖書雜誌公司,ORG,26,0.003123123123123123,0.02488319427731036,6895.163665341476,4.299965600275198e-5
中國墾業銀行,ORG,6,7.207207207207207e-4,0.024713788846226385,238.78837384890753,4.292582417582418e-5
中國大戲院,ORG,4,4.8048048048048047e-4,0.019151468325991187,572.424124419916,4.291845493562232e-5
中國大戲院後面分社,ORG,9,0.001081081081081081,0.029353408660160733,658.6278874075053,4.294057025077293e-5
中國大新烟公司,ORG,7,8.408408408408409e-4,0.018504062644172925,2595.027681327622,4.292950974499871e-5
中國女,ORG,16,0.0019219219219219219,0.029218607334843223,10114.067203298566,4.2973785990545764e-5
中國委,ORG,13,0.0015615615615615615,0.03609428154454065,9856.87391570234,4.2951636457349025e-5
中國婦女協會,ORG,28,0.0033633633633633636,0.02658852237544841,7507.458027123316,4.30070531567177e-5
中國婦孺救濟會,ORG,8,9.609609609609609e-4,0.01759268965926197,2595.056616857635,4.29331959471063e-5
中國孔聖學,ORG,62,0.007447447447447447,0.06577744100389771,11540.35284644594,4.313691657320335e-5
中國孔聖學會,ORG,51,0.006126126126126126,0.04302328303296577,27847.46614132079,4.309601792794346e-5
中國富強絲織公司,ORG,9,0.001081081081081081,0.018443181504465254,3742.45124856204,4.2936882782310004e-5
中國實業銀行,ORG,42,0.005045045045045045,0.022873930301755413,37662.69202634578,4.305890458146745e-5
中國工商協會,ORG,53,0.006366366366366366,0.07331682337239788,37225.94712272859,4.311088118641145e-5
中國工業協會,ORG,17,0.002042042042042042,0.028526888978735884,3588.33264424966,4.296640027498496e-5
中國工程師學,ORG,13,0.0015615615615615615,0.024040997340038336,2299.1608873249766,4.29553264604811e-5
中國工鑛銀行董事會法律顧問事務所,ORG,5,6.006006006006006e-4,0.024072011743490395,186.33257749426298,4.292213923941969e-5
中國市政協會,ORG,26,0.003123123123123123,0.05417633972631474,7756.232910144161,4.301075268817204e-5
中國幼幼協會,ORG,28,0.0033633633633633636,0.026588522375448405,7507.458027123316,4.30070531567177e-5
中國戰後建設協,ORG,15,0.0018018018018018018,0.03355217162788393,11117.060323971897,4.2959017097688804e-5
中國戲劇協進會,ORG,10,0.0012012012012012011,0.020511094716423994,9563.957451531956,4.294057025077293e-5
中國文化服務社,ORG,33,0.003963963963963964,0.0465013974776643,9308.896194993033,4.302555718096549e-5
中國文化電台,ORG,21,0.0025225225225225223,0.03415426570055192,7576.4144566372925,4.298117424568039e-5
中國新專附設實用英文,ORG,24,0.002882882882882883,0.033950317499164,4384.06980767813,4.299226139294927e-5
中國旅運公司,ORG,6,7.207207207207207e-4,0.02464565666276483,587.7241700037362,4.292582417582418e-5
中國植物油料,ORG,5,6.006006006006006e-4,0.01731234628973605,1071.3270958443588,4.292213923941969e-5
中國標準紙品公司,ORG,27,0.003243243243243243,0.02191451856972373,12526.779008363332,4.300335426163241e-5
中國標準鉛筆廠股份有限公司董事會,ORG,17,0.002042042042042042,0.024027259445862176,14853.953230194596,4.296640027498496e-5
中國民營商業銀行,ORG,6,7.207207207207207e-4,0.020555473554335818,1004.1282242231841,4.292582417582418e-5
中國油輪有限公司,ORG,3,3.6036036036036037e-4,0.017633371900628716,568.236481547818,4.291477126426916e-5
中國漁業生產建設協,ORG,13,0.0015615615615615615,0.01960653695551062,12251.59068569704,4.296270836913559e-5
中國無綫電工程學校,ORG,13,0.0015615615615615615,0.01975853618483803,3719.2587522338354,4.2951636457349025e-5
中國無線電台資源委員會電信事務所,ORG,10,0.0012012012012012011,0.041248373821297264,873.1045367730821,4.294057025077293e-5
中國營業公司,ORG,14,0.0016816816816816818,0.01897370601441127,7839.67088630699,4.29553264604811e-5
中國生化小藥廠,ORG,6,7.207207207207207e-4,0.019454115281263614,5090.775329558474,4.292582417582418e-5
中國生化藥廠,ORG,7,8.408408408408409e-4,0.018256859243678057,8621.73349029976,4.292950974499871e-5
中國生化製藥,ORG,4,4.8048048048048047e-4,0.01976174004307592,664.759352480497,4.291845493562232e-5
中國生化製藥廠,ORG,3,3.6036036036036037e-4,0.016700450736854444,1050.2721308499313,4.291477126426916e-5
中國生產促進會,ORG,19,0.0022822822822822822,0.03089378642230522,11525.48453281315,4.2973785990545764e-5
中國生產促進會總會,ORG,7,8.408408408408409e-4,0.021390841966966747,1502.1601244749888,4.292950974499871e-5
中國生產協會,ORG,5,6.006006006006006e-4,0.018408133650870816,790.5201016833937,4.292213923941969e-5
中國畫,ORG,10,0.0012012012012012011,0.020718844392378376,2089.6602718924714,4.294057025077293e-5
中國畫苑,ORG,78,0.009369369369369369,0.06669415690839357,45060.59208547483,4.3200276481769485e-5
中國畫苑買,ORG,24,0.002882882882882883,0.033950317499163996,4384.06980767813,4.299226139294927e-5
中國礦冶工程學會,ORG,13,0.0015615615615615615,0.02404099734003832,2299.1608873249766,4.29553264604811e-5
中國社會建設協會,ORG,9,0.001081081081081081,0.032752221900698465,21572.3398647783,4.2936882782310004e-5
中國福利基金會,ORG,5,6.006006006006006e-4,0.01648725588190747,8319.500000000004,4.292213923941969e-5
中國科學社,ORG,77,0.009249249249249249,0.078579882994077,31920.922662506273,4.320400933206602e-5
中國管絃樂,ORG,51,0.006126126126126126,0.04302328303296576,27847.46614132079,4.309601792794346e-5
中國紅十字會,ORG,30,0.0036036036036036037,0.0358794759177338,13157.248777356937,4.301445285615967e-5
中國紙業公司,ORG,4,4.8048048048048047e-4,0.017461903884251694,626.9950536728614,4.291845493562232e-5
中國紡機廠,ORG,6,7.207207207207207e-4,0.026260756599458337,366.0137644526361,4.292950974499871e-5
中國紡織建設公司,ORG,19,0.0022822822822822822,0.029725814548088075,15869.398732762222,4.2973785990545764e-5
中國紡織建設公司下脚廢料處理委員會,ORG,67,0.008048048048048049,0.0400782200890207,218915.8277122009,4.315553253927153e-5
中國紡織建設股份有限公司,ORG,27,0.003243243243243243,0.03305401003179179,18687.109229061003,4.300335426163241e-5
中國紡織建設股份有限公司上海每機械廠,ORG,29,0.0034834834834834836,0.020245526095966603,184923.01236542608,4.301075268817204e-5
中國紡織染工程學院,ORG,10,0.0012012012012012011,0.02073917985965019,3517.4510404078787,4.294057025077293e-5
中國絲棉毛織鋼簆廠,ORG,9,0.001081081081081081,0.033580004060182474,826.9591959445133,4.2936882782310004e-5
中國絲業公司,ORG,9,0.001081081081081081,0.02834648526408179,2992.892302462425,4.2936882782310004e-5
中國經濟學社,ORG,11,0.0013213213213213214,0.04395887081797595,1225.5934429083431,4.294425835265825e-5
中國航空公司,ORG,35,0.004204204204204204,0.029310468448106863,19783.239011651236,4.3036667240488894e-5
中國茶葉聯營公司,ORG,23,0.002762762762762763,0.05151250664652207,5113.813727187324,4.2988565041698905e-5
中國華明烟公司,ORG,29,0.0034834834834834836,0.03629096731877283,16240.059923222572,4.301075268817204e-5
中國藝苑,ORG,10,0.0012012012012012011,0.01918847487897615,2864.1173805995804,4.294057025077293e-5
中國裕商商業儲蓄銀行股份有限公司,ORG,25,0.003003003003003003,0.02302484005823187,11506.274846434253,4.2995958379912286e-5
中國評論週報社,ORG,62,0.007447447447447447,0.06577744100389771,11540.35284644594,4.313691657320335e-5
中國農工銀行,ORG,33,0.003963963963963964,0.029019856207145624,6703.617318921528,4.302555718096549e-5
中國農民中央信託局,ORG,12,0.0014414414414414415,0.04001593409173388,856.2077951165118,4.294794708812919e-5
中國農民銀行,ORG,25,0.003003003003003003,0.04465180696631415,5163.867805180735,4.2995958379912286e-5
中國通商銀行,ORG,24,0.002882882882882883,0.04203179392503492,6905.447878331135,4.299226139294927e-5
中國進出口貿易協會,ORG,62,0.007447447447447447,0.0721275995718121,25544.32023120053,4.313691657320335e-5
中國銀行,ORG,41,0.004924924924924925,0.06032385457471235,32088.97632307383,4.30551967622492e-5
中國鋼絲綜廠,ORG,9,0.001081081081081081,0.03358000406018245,826.9591959445133,4.2936882782310004e-5
中國集團,ORG,244,0.02930930930930931,0.13844968049331802,360478.8826958691,4.382505039880796e-5
中外報館,ORG,12,0.0014414414414414415,0.01828458652396836,7778.700827219631,4.294794708812919e-5
中央,ORG,291,0.03495495495495495,0.198578855265172,684675.1602352005,4.401795932740558e-5
中央中國交通農民四銀行聯合辦事總處,ORG,19,0.0022822822822822822,0.023436002597904074,35889.08060693405,4.298486932599725e-5
中央信託局,ORG,50,0.006006006006006006,0.05781213253592569,12809.304684842544,4.309230371455658e-5
中央信託局蘇浙皖區敵偽產業淸理處,ORG,46,0.005525525525525526,0.03310035739161168,16865.577494335656,4.3073742246726395e-5
中央信託局蘇浙皖區敵偽產業清理處,ORG,4,4.8048048048048047e-4,0.018814511842430468,277.68167278679505,4.291845493562232e-5
中央信託局蘇浙皖區敵僞產業淸理處,ORG,9,0.001081081081081081,0.03358000406018246,826.9591959445133,4.2936882782310004e-5
中央信託局蘇浙皖區敵僞產業清理處,ORG,7,8.408408408408409e-4,0.01961643457890012,3678.759587071261,4.292950974499871e-5
中央信託局蘇浙皖區敵僞産業清理處,ORG,72,0.008648648648648649,0.04306854587007147,144104.89543621993,4.317043688482128e-5
中央儲蓄,ORG,12,0.0014414414414414415,0.04199587589536444,1326.3947334638863,4.294794708812919e-5
中央區辦,ORG,11,0.0013213213213213214,0.020784589914820822,3623.234558491721,4.294425835265825e-5
中央各軍校師生聯誼,ORG,13,0.0015615615615615615,0.03317996299651965,2876.2070723649654,4.29553264604811e-5
中央地質調查,ORG,18,0.002162162162162162,0.018175027485040858,7665.564511429462,4.2970092815400483e-5
中央大學,ORG,18,0.002162162162162162,0.018175027485040855,7665.564511429462,4.2970092815400483e-5
中央大學地理,ORG,18,0.002162162162162162,0.01817502748504085,7665.564511429462,4.2970092815400483e-5
中央宣傳部,ORG,21,0.0025225225225225223,0.042939012240245225,6891.21761483437,4.298117424568039e-5
中央政府,ORG,1,1.2012012012012012e-4,0.016416165344663874,0,4.290740581824423e-5
中央政會,ORG,34,0.004084084084084084,0.02168567872838575,55547.02330992532,4.302925989672978e-5
中央文化運動委員會中央印務局總管理,ORG,5,6.006006006006006e-4,0.01840813365087082,790.5201016833937,4.292213923941969e-5
中央日報,ORG,71,0.008528528528528529,0.04592829654920445,128716.44283077041,4.317043688482128e-5
中央研究院,ORG,18,0.002162162162162162,0.018175027485040855,7665.564511429462,4.2970092815400483e-5
中央組織部,ORG,22,0.002642642642642643,0.05759553944739145,6032.346674102485,4.298486932599725e-5
中央經濟政策委員會,ORG,10,0.0012012012012012011,0.02550140279621141,1454.2404856345827,4.294057025077293e-5
中央航空公司,ORG,13,0.0015615615615615615,0.023134304033678537,3343.7114623643915,4.29553264604811e-5
中央西菜社,ORG,11,0.0013213213213213214,0.020784589914820826,3623.234558491721,4.294425835265825e-5
中央訓練團,ORG,35,0.004204204204204204,0.03314579212987783,9022.091811355494,4.303296324984939e-5
中央訓練團第十七軍官總隊第七大隊,ORG,38,0.0045645645645645645,0.02753287123946296,15464.847254132523,4.304407713498623e-5
中央警官學校,ORG,41,0.004924924924924925,0.048217599551489757,75211.13218800873,4.30551967622492e-5
中央農工部,ORG,8,9.609609609609609e-4,0.018262542063445755,2541.8938752585527,4.29331959471063e-5
中央通訊社,ORG,7,8.408408408408409e-4,0.02023591409569655,3273.674427776125,4.292950974499871e-5
中央銀行,ORG,370,0.044444444444444446,0.23653686496644172,811770.018859461,4.4314455375343434e-5
中央電影攝影,ORG,21,0.0025225225225225223,0.04293901224024524,6891.21761483437,4.298117424568039e-5
中央黨史編纂,ORG,34,0.004084084084084084,0.021685678728385758,55547.02330992532,4.302925989672978e-5
中央黨政,ORG,15,0.0018018018018018018,0.024792699172555513,22480.300868928676,4.2959017097688804e-5
中央黨部,ORG,27,0.003243243243243243,0.02549823023886157,18038.659662564227,4.300335426163241e-5
中失銀行,ORG,6,7.207207207207207e-4,0.03567732484582432,191.04199610368173,4.292582417582418e-5
中孚紗管,ORG,9,0.001081081081081081,0.03358000406018246,826.9591959445133,4.2936882782310004e-5
中宣部,ORG,105,0.012612612612612612,0.1285932250842345,87029.91949853605,4.329379167027448e-5
中庸銀行,ORG,33,0.003963963963963964,0.029019856207145624,6703.617318921528,4.302555718096549e-5
中法大藥,ORG,3,3.6036036036036037e-4,0.017421439688595716,2823.978497195375,4.291477126426916e-5
中法大藥房,ORG,2,2.4024024024024023e-4,0.016537517474571925,502.7610765535852,4.2911088225197394e-5
中法大藥房總,ORG,2,2.4024024024024023e-4,0.01653751747457191,502.7610765535852,4.2911088225197394e-5
中法大藥房總店,ORG,2,2.4024024024024023e-4,0.017410155408820786,52.84792781122693,4.2911088225197394e-5
中滙内衣公司,ORG,7,8.408408408408409e-4,0.017656789173223567,7370.876824965605,4.292950974499871e-5
中滙銀行,ORG,19,0.0022822822822822822,0.033734170423472425,5312.997834574275,4.2973785990545764e-5
中紡公司,ORG,32,0.0038438438438438438,0.040442325590425925,22623.527994998378,4.302185510239202e-5
中紡公司燃料管理委會上海物資供應局,ORG,15,0.0018018018018018018,0.024574161857636438,4470.4066552303675,4.2959017097688804e-5
中美合作,ORG,10,0.0012012012012012011,0.0256282738393329,2082.1407156235077,4.294057025077293e-5
中美工商協進,ORG,43,0.005165165165165165,0.06629354596751015,29680.916020159497,4.306261303935923e-5
中美日,ORG,4,4.8048048048048047e-4,0.021794898206450714,117.13828721016345,4.291845493562232e-5
中美日報查,ORG,12,0.0014414414414414415,0.03437331760471148,9956.479725688137,4.294794708812919e-5
中美無線電公司,ORG,1,1.2012012012012012e-4,0.016416165344663877,0,4.290740581824423e-5
中美農業考察團,ORG,11,0.0013213213213213214,0.020455863232043153,8735.140888567234,4.294425835265825e-5
中興建業進出口,ORG,11,0.0013213213213213214,0.020784589914820826,3623.234558491721,4.294425835265825e-5
中興建業進出口行股份有限公司,ORG,23,0.002762762762762763,0.023085829668656244,120410.60628794863,4.2988565041698905e-5
中興輪船公司,ORG,7,8.408408408408409e-4,0.01776818183525556,4234.9256007419,4.292950974499871e-5
中航公司,ORG,42,0.005045045045045045,0.03326576772953168,43056.66389694092,4.306261303935923e-5
中英文化基金會地理研究所,ORG,18,0.002162162162162162,0.018175027485040855,7665.564511429462,4.2970092815400483e-5
中華交嚮樂團,ORG,4,4.8048048048048047e-4,0.01754559037451548,631.6748245164149,4.292213923941969e-5
中華企業,ORG,16,0.0019219219219219219,0.023986359046244975,5093.754338975723,4.296270836913559e-5
中華全國美術,ORG,37,0.0044444444444444444,0.050092704695894816,17671.820360205074,4.3040371868812945e-5
中華化工公司,ORG,41,0.004924924924924925,0.027994122416221637,24418.3950312686,4.30551967622492e-5
中華味上廠,ORG,9,0.001081081081081081,0.017902165466496048,6354.327025987945,4.2936882782310004e-5
中華商業銀行,ORG,15,0.0018018018018018018,0.022049214924678734,20668.64110615118,4.2959017097688804e-5
中華國產廠商聯合會,ORG,49,0.005885885885885886,0.03927657732674267,85306.85522303499,4.308487720809996e-5
中華基督敎全國靑年會,ORG,51,0.006126126126126126,0.06603694064901691,18012.875181778538,4.309601792794346e-5
中華學藝社,ORG,64,0.0076876876876876875,0.05948875544431457,71629.93857886006,4.3144361032013115e-5
中華慈幼協會,ORG,13,0.0015615615615615615,0.0357945323582921,4830.092192967895,4.2951636457349025e-5
中華日報,ORG,7,8.408408408408409e-4,0.02023591409569654,3273.674427776125,4.292950974499871e-5
中華書局,ORG,48,0.005765765765765766,0.05953132339582244,44033.70473296481,4.308116491469929e-5
中華木器廠,ORG,23,0.002762762762762763,0.02398276317055276,15184.59492179603,4.2988565041698905e-5
中華民國全國商會聯合會,ORG,76,0.009129129129129129,0.06237007094803722,188327.43837763532,4.318535152876144e-5
中華水產公司,ORG,16,0.0019219219219219219,0.028166015426527562,21401.389950566896,4.296270836913559e-5
中華海員工會,ORG,15,0.0018018018018018018,0.028600805924135678,7919.981290674676,4.2970092815400483e-5
中華海員總工,ORG,9,0.001081081081081081,0.02211285945235509,1422.8386396348274,4.2936882782310004e-5
中華烟草公司,ORG,11,0.0013213213213213214,0.03168749556351053,3734.4879300274965,4.294425835265825e-5
中華無線電研究社,ORG,6,7.207207207207207e-4,0.026260756599458333,366.0137644526361,4.292950974499871e-5
中華職業教育社,ORG,62,0.007447447447447447,0.06577744100389771,11540.35284644594,4.313691657320335e-5
中華自由廣播電,ORG,4,4.8048048048048047e-4,0.01895354786081779,523.952610627392,4.291845493562232e-5
中華自由電台,ORG,4,4.8048048048048047e-4,0.01986276493665341,2108.2249084689115,4.291845493562232e-5
中華自由電臺,ORG,20,0.0024024024024024023,0.017300006513075963,71410.79898934494,4.2977479800584495e-5
中華製藥公司,ORG,2,2.4024024024024023e-4,0.017410155408820804,52.84792781122693,4.2911088225197394e-5
中華醫院,ORG,13,0.0015615615615615615,0.03523602607846883,3575.914863676881,4.2951636457349025e-5
中華金屬工業廠,ORG,15,0.0018018018018018018,0.023336196215389758,3109.6226243812575,4.2959017097688804e-5
中華金屬工業廠者,ORG,15,0.0018018018018018018,0.023336196215389748,3109.6226243812575,4.2959017097688804e-5
中華電校,ORG,28,0.0033633633633633636,0.032630665761147086,9143.829230940144,4.30070531567177e-5
中華電業公司,ORG,4,4.8048048048048047e-4,0.018953547860817783,523.952610627392,4.291845493562232e-5
中華音樂劇,ORG,13,0.0015615615615615615,0.019185359703722458,4662.108654070554,4.2951636457349025e-5
中西藥房,ORG,63,0.0075675675675675675,0.047229579499455575,28846.333257247457,4.313691657320335e-5
中貿證券,ORG,10,0.0012012012012012011,0.01985668905379126,5454.405310493664,4.294057025077293e-5
中貿銀行,ORG,33,0.003963963963963964,0.029019856207145613,6703.617318921528,4.302555718096549e-5
中鐵軍,ORG,17,0.002042042042042042,0.04041031393827714,7125.76918245331,4.296640027498496e-5
中電攝影塲,ORG,2,2.4024024024024023e-4,0.01644519244450667,1291.1539381748194,4.2911088225197394e-5
中電機,ORG,1,1.2012012012012012e-4,0.016416165344663877,0,4.290740581824423e-5
中韓文化協會,ORG,15,0.0018018018018018018,0.02912561855147211,5763.041342817066,4.2959017097688804e-5
丹妮,PERSON,14,0.0016816816816816818,0.01407859245514912,540.5955378311188,3.294458720432233e-5
主計部,ORG,12,0.0014414414414414415,0.03642601156531636,1695.8479189244274,4.294794708812919e-5
久大皮行,ORG,6,7.207207207207207e-4,0.019469840524884093,6361.33026745148,4.292582417582418e-5
尹桂芳,PERSON,15,0.0018018018018018018,0.038796436940997346,7003.106849892554,3.687043728338618e-5
尹致,PERSON,9,0.001081081081081081,0.024569822885135213,1759.7919133056405,3.502872355331372e-5
尹青,PERSON,2,2.4024024024024023e-4,0.003386424827634769,9.047984526590414,3.2160545442850713e-5
九六二三九製造廠,ORG,7,8.408408408408409e-4,0.021542665159223203,862.6981728519504,4.292950974499871e-5
九國民聯合莭約婚禮社,ORG,3,3.6036036036036037e-4,0.020726448856432426,56.541074754574915,4.291477126426916e-5
九大華戲院,ORG,3,3.6036036036036037e-4,0.018774712925263892,96.96247107890748,4.291477126426916e-5
九州帝國大學,ORG,25,0.003003003003003003,0.04999089345218749,14088.004961257971,4.299965600275198e-5
也納大學心臟病院,ORG,39,0.0046846846846846845,0.0460412490603279,17388.85516444258,4.304778303917348e-5
二〇九師,ORG,8,9.609609609609609e-4,0.02128290730318632,4260.384000285039,4.29331959471063e-5
二九强斯皮革製品廠,ORG,5,6.006006006006006e-4,0.018524446099716527,798.1625822190686,4.292213923941969e-5
二十三集團,ORG,40,0.004804804804804805,0.02586694653862048,64983.720489895684,4.305148958153952e-5
于友,PERSON,2,2.4024024024024023e-4,0.002835752306503581,2.1236965299172272,3.189182293659906e-5
于右任,PERSON,12,0.0014414414414414415,0.017035820482124247,2144.656604958449,3.450179409329285e-5
于子久,PERSON,3,3.6036036036036037e-4,0.0013965072765440068,0.3333333333333333,3.163555836760519e-5
于斌,PERSON,27,0.003243243243243243,0.03434168027042493,12807.731041501156,3.648037355902524e-5
五定公司,ORG,5,6.006006006006006e-4,0.02122516314851521,310.3248313017177,4.292582417582418e-5
五層樓酒家股份有限公司,ORG,2,2.4024024024024023e-4,0.017068963806367868,84.03675325964018,4.2911088225197394e-5
五洲藥房,ORG,16,0.0019219219219219219,0.021627201183423973,11144.733072602616,4.296270836913559e-5
五聚餐會畫廳,ORG,15,0.0018018018018018018,0.019368202305889586,20546.117262983626,4.2959017097688804e-5
亞塞爾拜然省民主黨中央執行委員會,ORG,11,0.0013213213213213214,0.02599826063357112,1817.484669402929,4.294425835265825e-5
亞塵,PERSON,3,3.6036036036036037e-4,0.015275997019294128,420.14624893103274,3.45972875726543e-5
亞洲電器公司,ORG,1,1.2012012012012012e-4,0.016416165344663877,0,4.290740581824423e-5
亞洲電臺,ORG,5,6.006006006006006e-4,0.019459682480557364,2627.471841892127,4.292213923941969e-5
亞美公司,ORG,13,0.0015615615615615615,0.02542253796270821,4141.7870095204,4.29553264604811e-5
亞美麟記電台,ORG,2,2.4024024024024023e-4,0.016613954780066685,327.0046622118681,4.2911088225197394e-5
亞銘,PERSON,7,8.408408408408409e-4,0.014251484833915966,1176.5779416997414,3.43218012081274e-5
交社會局,ORG,25,0.003003003003003003,0.040387140737939434,11466.754001163292,4.2995958379912286e-5
交財部,ORG,13,0.0015615615615615615,0.023386925294866027,6646.263701236548,4.2951636457349025e-5
交通,ORG,70,0.008408408408408409,0.0842271800078527,98316.297696650945,4.316298342541436e-5
交通大學,ORG,31,0.0037237237237237237,0.04708725313856699,27293.789216874477,4.303296324984939e-5
交通部,ORG,70,0.008408408408408409,0.07953189302257074,50051.011461688606,4.316298342541436e-5
交通部上海電信局國際電台上海郵政管理局,ORG,26,0.003123123123123123,0.031539503624182834,7615.319827989385,4.300335426163241e-5
交通部全國引水管理委員會淞漢區辦事處,ORG,4,4.8048048048048047e-4,0.01881451184243047,277.68167278679505,4.291845493562232e-5
交通部公路總局第七區公路工程管理局,ORG,12,0.0014414414414414415,0.01995658622893336,3109.7397566856052,4.294794708812919e-5
交通部民用航空局上海龍華航站工程處,ORG,72,0.008648648648648649,0.06768920003385134,21274.579580533944,4.317043688482128e-5
交通部津浦區鐵路管理局,ORG,24,0.002882882882882883,0.03326862840340364,18372.240021955273,4.299226139294927e-5
交通部津浦區鐵路管理局浦徐段管理處工,ORG,96,0.011531531531531532,0.10599051583411359,43910.30954709173,4.326382279138184e-5
交通部電信總局電信人員上海訓練所,ORG,24,0.002882882882882883,0.03395031749916399,4384.06980767813,4.299226139294927e-5
交通銀行,ORG,9,0.001081081081081081,0.03122004556100529,1092.7953089615844,4.2936882782310004e-5
亨利洋服公司,ORG,239,0.02870870870870871,0.13664892640586634,219581.23986048883,4.380585246188891e-5
亨利禮服公司,ORG,107,0.012852852852852852,0.08424093552526812,59647.441253918,4.3305040706738266e-5
亨得利鐘表總行,ORG,83,0.00996996996996997,0.0963925032557868,33356.03883542095,4.321147696828278e-5
京滬滬杭甬鐵路管理局,ORG,22,0.002642642642642643,0.04531854047018858,6964.250945157645,4.298486932599725e-5
亭丁友,PERSON,7,8.408408408408409e-4,0.01483207067462722,727.8509889492835,3.457814661134163e-5
亭利禮服公司,ORG,7,8.408408408408409e-4,0.021160024916465493,1453.467167433364,4.292950974499871e-5
亭馮,PERSON,6,7.207207207207207e-4,0.0051888864609529895,38.82898733835354,3.201024327784891e-5
亮勤,PERSON,1,1.2012012012012012e-4,7.098508719516962e-4,0,3.173394262503174e-5
亮卜,PERSON,7,8.408408408408409e-4,0.02368849417460933,929.0681891487944,3.4020548411240386e-5
亮察,PERSON,6,7.207207207207207e-4,0.010811012398490546,310.5468774896433,3.368818218568926e-5
亮工,PERSON,8,9.609609609609609e-4,0.015609128736287203,291.0896421783415,3.4115720524017465e-5
亮詧,PERSON,5,6.006006006006006e-4,0.013630795836034944,1153.830385103085,3.4253613756251286e-5
亮鑒,PERSON,17,0.002042042042042042,0.032948525868916424,6431.541018203141,3.5999712002303984e-5
仁俞,PERSON,2,2.4024024024024023e-4,0.006967976565524215,24.082354120731317,3.269042170644001e-5
仁劍,PERSON,5,6.006006006006006e-4,0.009664079289121755,57.71799115042281,3.234780358413664e-5
仁取,PERSON,2,2.4024024024024023e-4,0.004658251992983912,2.8611597954819303,3.222687721559781e-5
仁爲,PERSON,3,3.6036036036036037e-4,0.008704046433780104,129.52438013015993,3.354128932716174e-5
仁芸,PERSON,14,0.0016816816816816818,0.03000877642663064,4154.148220097428,3.558212354113294e-5
仁葆,PERSON,2,2.4024024024024023e-4,0.011519252717289213,166.19785782117216,3.3763252076440005e-5
仁記路中央信託局,ORG,11,0.0013213213213213214,0.02902763832444219,2770.249597512253,4.294425835265825e-5
仁釗,PERSON,2,2.4024024024024023e-4,0.0015459143952658936,0.2997876643819991,3.171180313312615e-5
仁錢,PERSON,5,6.006006006006006e-4,0.005233187525283749,223.05625409020251,3.241070849808777e-5
仁陸,PERSON,2,2.4024024024024023e-4,0.004658251992983912,2.8611597954819303,3.222687721559781e-5
仁風院,ORG,7,8.408408408408409e-4,0.01826427957305179,5557.26367671156,4.292950974499871e-5
仁麟,PERSON,8,9.609609609609609e-4,0.012223290480536131,33.418706651519976,3.2851511169513796e-5
仄良,PERSON,3,3.6036036036036037e-4,0.0012238835540913887,3.235518080957076,3.1719850282306667e-5
仇長江,PERSON,8,9.609609609609609e-4,0.016115192668123814,726.3109103674902,3.362474781439139e-5
从众文化股份有限公司,ORG,23,0.002762762762762763,0.03961372099347168,5055.86433478676,4.2988565041698905e-5
仙林大禮堂開利公司,ORG,3,3.6036036036036037e-4,0.020726448856432423,56.541074754574915,4.291477126426916e-5
仙樂烟公司,ORG,6,7.207207207207207e-4,0.021648808322698443,858.7777060932606,4.292582417582418e-5
仰安,PERSON,2,2.4024024024024023e-4,0.0024351374211466713,2.0304168970839447,3.209654641160611e-5
仰祖,PERSON,7,8.408408408408409e-4,0.023688494174609345,929.0681891487944,3.4020548411240386e-5
仰聖,PERSON,6,7.207207207207207e-4,0.0033717197301791416,28.478568813996905,3.188368830506313e-5
仰體,PERSON,8,9.609609609609609e-4,0.017302843330661188,1239.2065710310208,3.469812630117974e-5
仲光,PERSON,1,1.2012012012012012e-4,4.351913100735492e-4,0,3.1677648251393816e-05
仲常德,PERSON,8,9.609609609609609e-4,0.00837944789400596,138.4899870340173,3.2892572857048876e-5
仲桓,PERSON,1,1.2012012012012012e-4,6.579306877011919e-4,0,3.1750063500127e-5
仲樂,PERSON,9,0.001081081081081081,0.006392699524589511,1.2948917180374984,3.1746031746031745e-5
仲淵,PERSON,1,1.2012012012012012e-4,4.3076664423586107e-4,0,3.1671628555140305e-5
仲逸,PERSON,11,0.0013213213213213214,0.015226628903963995,543.0098288490186,3.347840642785403e-5
任元,PERSON,6,7.207207207207207e-4,0.014411723880959886,250.80825175331708,3.381348481774532e-5
任利樂化學工業原料行,ORG,17,0.002042042042042042,0.024027259445862183,14853.953230194596,4.296640027498496e-5
任卿,PERSON,13,0.0015615615615615615,0.026249269155584908,3999.7207275064684,3.542581833640357e-5
任家,PERSON,3,3.6036036036036037e-4,0.006915181970999821,104.55167668063402,3.273751063969096e-5
任月,PERSON,1,1.2012012012012012e-4,0.007287514023917675,0,3.309723969020984e-5
任永和實業股份有限公司,ORG,8,9.609609609609609e-4,0.022257329664838378,5949.8591658805,4.29331959471063e-5
任滄,PERSON,12,0.0014414414414414415,0.015312028344477042,973.1364402486665,3.327122704285334e-5
任矜,PERSON,14,0.0016816816816816818,0.011898959567924255,681.7002169908976,3.2243502934158766e-5
任碩,PERSON,8,9.609609609609609e-4,0.007380023225424449,493.2009283786026,3.240860772621208e-5
任總,PERSON,4,4.8048048048048047e-4,0.006323864733362806,200.97795128887054,3.24380433372259e-5
任銘,PERSON,5,6.006006006006006e-4,0.002446451186211281,5.917931977948675,3.175409627841992e-5
任鳳,PERSON,5,6.006006006006006e-4,0.002608913600130311,6.733121545357587,3.182483610209407e-5
企愈,PERSON,2,2.4024024024024023e-4,0.006652478999545857,8.87878215344516,3.340236488743403e-5
伊文思,PERSON,15,0.0018018018018018018,0.03564003547101103,7877.284448412346,3.619778469557663e-5
伊王,PERSON,6,7.207207207207207e-4,0.0022984585655197566,1.6813576810374764,3.1729914963827895e-5
伊盟,PERSON,5,6.006006006006006e-4,0.009601275744689795,96.62799316337673,3.310600542938489e-5
伍仁,PERSON,4,4.8048048048048047e-4,0.010217954256095268,25.829009320718736,3.248651809499058e-5
伍啓,PERSON,3,3.6036036036036037e-4,0.003065740764800374,22.707641647122816,3.2024594888874656e-5
伍啟,PERSON,1,1.2012012012012012e-4,0.002418733847053928,0,3.202049311559398e-5
伍智梅,PERSON,1,1.2012012012012012e-4,0.0015414765816646261,0,3.1820785336982115e-5
伍特公,PERSON,1,1.2012012012012012e-4,7.73278058562303e-4,0,3.171180313312615e-5
伯元,PERSON,4,4.8048048048048047e-4,0.012670906611790043,285.68269213796316,3.37997701615629e-5
伯將,PERSON,3,3.6036036036036037e-4,0.0012779918797512376,0.5216514751398471,3.1645569620253167e-5
伯民,PERSON,4,4.8048048048048047e-4,0.010376818415791331,1252.1030831279033,3.411339291805963e-5
伯洪,PERSON,1,1.2012012012012012e-4,6.579306877011923e-4,0,3.1750063500127e-5
伯特利,PERSON,16,0.0019219219219219219,0.029120046581199172,5651.2611762842325,3.5438372669927e-5
伯特利敎會,ORG,11,0.0013213213213213214,0.017366454821549717,5108.728879629356,4.294425835265825e-5
伯生,PERSON,6,7.207207207207207e-4,0.014411723880959878,250.80825175331708,3.381348481774532e-5
伶重振,PERSON,4,4.8048048048048047e-4,0.0015365652320974326,2.086846584705914,3.172790151659369e-5
伸賀,PERSON,4,4.8048048048048047e-4,0.008593025661254838,589.7083542804517,3.3027280533720854e-5
似惟,PERSON,2,2.4024024024024023e-4,7.255159986256991e-4,0.034482758620689655,3.167564143173899e-5
住友銀行,ORG,9,0.001081081081081081,0.021715866175420106,2107.7698630676296,4.2936882782310004e-5
佐唐,PERSON,3,3.6036036036036037e-4,0.00455666463035959,82.82966821872313,3.240650722665111e-5
佐斯,PERSON,5,6.006006006006006e-4,0.0036454819129655767,21.30282521385167,3.193867773874162e-5
佐治,PERSON,2,2.4024024024024023e-4,0.009688243186861532,393.28522082100517,3.4108738658844396e-5
佑庭,PERSON,3,3.6036036036036037e-4,0.008984615214494436,116.28256708398199,3.354128932716174e-5
佑銘,PERSON,5,6.006006006006006e-4,0.007154840492146818,58.10820386381375,3.288608260983952e-5
何世楨,PERSON,2,2.4024024024024023e-4,0.00959299549927185,16.10224503881566,3.400666530640005e-5
何五良,PERSON,5,6.006006006006006e-4,0.0018650560022230838,16.752795138673157,3.1719850282306667e-5
何佩福,PERSON,9,0.001081081081081081,0.011766350636126102,1392.5042501615721,3.3348896151537383e-05
何修甫,PERSON,8,9.609609609609609e-4,0.021782513054374647,532.5523691977385,3.4489894460922946e-5
何元明,PERSON,71,0.008528528528528529,0.1257058802073199,79985.10330359526,4.2607584149978694e-5
何國,PERSON,2,2.4024024024024023e-4,6.6062309034983e-4,0.05555555555555555,3.165157941381275e-5
何國器,PERSON,19,0.0022822822822822822,0.03041472914933852,11541.93870920608,3.699593044765076e-5
何國治,PERSON,25,0.003003003003003003,0.043207311530418305,23921.36663356382,3.832298612707902e-5
何培榮,PERSON,5,6.006006006006006e-4,0.015566497463280793,2123.869853110591,3.5780735651925e-5
何夢熊,PERSON,7,8.408408408408409e-4,0.011814047491792596,177.1688545013561,3.3198326804329064e-5
何志,PERSON,1,1.2012012012012012e-4,0.0010396489255900597,0,3.173394262503174e-5
何應欽,PERSON,20,0.0024024024024024023,0.04669177949379633,15876.855338612731,3.7105751391465674e-5
何成濬,PERSON,3,3.6036036036036037e-4,0.003067468971628347,0.9487453334324024,3.183091418385536e-5
何成甫,PERSON,3,3.6036036036036037e-4,0.006046392795351708,58.27149397711755,3.2285142377477883e-5
何新畬,PERSON,10,0.0012012012012012011,0.023052220328804253,753.0651082247564,3.392590582168544e-5
何東,PERSON,4,4.8048048048048047e-4,0.0015365652320974321,2.086846584705914,3.172790151659369e-5
何東卿,PERSON,10,0.0012012012012012011,0.027036593668040117,1806.3302047557345,3.4969925863757166e-5
何氏定,PERSON,2,2.4024024024024023e-4,9.930037927329174e-4,0.468772998094661,3.1647572631179186e-5
何浩若,PERSON,6,7.207207207207207e-4,0.002213301277629241,49.81126856017527,3.171180313312615e-5
何浴,PERSON,3,3.6036036036036037e-4,0.003067468971628348,0.9487453334324024,3.183091418385536e-5
何海,PERSON,9,0.001081081081081081,0.006392699524589513,1.2948917180374984,3.1746031746031745e-5
何漢民,PERSON,3,3.6036036036036037e-4,0.008394630905946953,15.873785038424115,3.3101621979477e-5
何潤,PERSON,3,3.6036036036036037e-4,0.015275997019294137,420.14624893103274,3.45972875726543e-5
何炳松,PERSON,1,1.2012012012012012e-4,7.732780585623025e-4,0,3.171180313312615e-5
何琴,PERSON,4,4.8048048048048047e-4,0.0047004501519311475,37.63387724947352,3.225390272222939e-5
何秋芳,PERSON,3,3.6036036036036037e-4,0.008394630905946948,15.873785038424115,3.3101621979477e-5
何競武,PERSON,13,0.0015615615615615615,0.03250697211695488,1897.9150033983142,3.4904013961605584e-5
何總,PERSON,2,2.4024024024024023e-4,9.930037927329165e-4,0.468772998094661,3.1647572631179186e-5
何致廣,PERSON,3,3.6036036036036037e-4,0.008042392983777388,158.98413549945283,3.355254328278084e-5
何葆仁,PERSON,4,4.8048048048048047e-4,0.0038284458391171093,122.17737213056203,3.209448616727646e-5
何輯,PERSON,3,3.6036036036036037e-4,0.012049056922188871,12.27847436442589,3.4008978370289756e-5
何輯屏,PERSON,1,1.2012012012012012e-4,0.002418733847053929,0,3.202049311559398e-5
何輯屛,PERSON,1,1.2012012012012012e-4,0.00866436578962014,0,3.400435255712731e-5
何金貴,PERSON,5,6.006006006006006e-4,0.0047939732304763455,315.9668289906525,3.232270993600103e-5
何院,PERSON,6,7.207207207207207e-4,0.004888838255508241,617.743916189655,3.245278120334913e-5
何雅各,PERSON,3,3.6036036036036037e-4,0.012375104307355896,845.7243301211546,3.462843687235958e-5
何魯,PERSON,8,9.609609609609609e-4,0.015609128736287208,291.0896421783415,3.4115720524017465e-5
何龍慶,PERSON,10,0.0012012012012012011,0.023052220328804253,753.0651082247564,3.392590582168544e-5
佘名,PERSON,1,1.2012012012012012e-4,0.0024187338470539293,0,3.202049311559398e-5
佘敬,PERSON,4,4.8048048048048047e-4,0.011632450896750302,291.13651510072094,3.3178500331785e-5
余井塘,PERSON,6,7.207207207207207e-4,0.0032311944228960287,541.3216889652109,3.1906068534235215e-5
余凱,PERSON,12,0.0014414414414414415,0.017170423259083627,1981.3184840372808,3.374502260916515e-5
余名,PERSON,1,1.2012012012012012e-4,0.002418733847053929,0,3.202049311559398e-5
余士,PERSON,3,3.6036036036036037e-4,0.008394630905946951,15.873785038424115,3.3101621979477e-5
余家菊,PERSON,10,0.0012012012012012011,0.023733998078381214,1811.595695407008,3.5443396895158435e-5
余對,PERSON,1,1.2012012012012012e-4,0.0027873098307605866,0,3.228722717293039e-5
余建,PERSON,1,1.2012012012012012e-4,0.0010238773972413948,0,3.176620076238882e-5
余彩琴,PERSON,9,0.001081081081081081,0.013583517366899932,1080.4233387666163,3.340906053721769e-5
余振廉,PERSON,6,7.207207207207207e-4,0.003707160382985391,2.7082164108705853,3.172387538861747e-5
余敬,PERSON,6,7.207207207207207e-4,0.0193383240830079,423.6402558649575,3.383407768304236e-5
余方,PERSON,4,4.8048048048048047e-4,0.014442714509424534,859.0000557859521,3.391670058336725e-5
余木森,PERSON,4,4.8048048048048047e-4,0.0020093200647406757,15.423830762040794,3.1832940727064365e-5
余松靑,PERSON,4,4.8048048048048047e-4,0.007347220778178681,123.83525735212622,3.2575412078962796e-5
余永茂,PERSON,2,2.4024024024024023e-4,7.255159986256989e-4,0.034482758620689655,3.167564143173899e-5
余洵,PERSON,5,6.006006006006006e-4,0.003052354235044303,8.251485943736157,3.1861339450710506e-5
余紀忠,PERSON,3,3.6036036036036037e-4,0.012355454468624823,410.7043676647166,3.4258307639602604e-5
余茂凱,PERSON,2,2.4024024024024023e-4,0.005265715598921221,25.469776933603082,3.241070849808777e-5
余蔭,PERSON,3,3.6036036036036037e-4,0.008394630905946956,15.873785038424115,3.3101621979477e-5
佛卡,PERSON,9,0.001081081081081081,0.01608345814575263,1960.7021241236728,3.4882098507046184e-5
作民,PERSON,5,6.006006006006006e-4,0.015600085532933182,149.90229652275153,3.3413525795241913e-5
作理,PERSON,1,1.2012012012012012e-4,4.6607430436930317e-4,0,3.164356686285678e-5
佩呂,PERSON,17,0.002042042042042042,0.013513809307985562,26.71664589579696,3.181673560292714e-5
佩慶,PERSON,2,2.4024024024024023e-4,0.006967976565524212,24.082354120731317,3.269042170644001e-5
佩方,PERSON,2,2.4024024024024023e-4,0.0046582519929839125,2.8611597954819303,3.222687721559781e-5
佩玉,PERSON,1,1.2012012012012012e-4,0.005957128144685055,0,3.34001336005344e-5
佩芳,PERSON,3,3.6036036036036037e-4,0.0045566646303595885,82.82966821872313,3.240650722665111e-5
佩馨,PERSON,4,4.8048048048048047e-4,0.012262490915419118,482.0682132597925,3.427239701144698e-5
併希鑒察董事,ORG,33,0.003963963963963964,0.02788741105463045,34652.60864106272,4.302555718096549e-5
佺余,PERSON,2,2.4024024024024023e-4,0.001436096931431214,0.5752070517687443,3.174804749507905e-5
侄孫,PERSON,4,4.8048048048048047e-4,0.004700450151931145,37.63387724947352,3.225390272222939e-5
侄憲,PERSON,1,1.2012012012012012e-4,8.415068085950115e-4,0,3.176821907363873e-5
侄震,PERSON,6,7.207207207207207e-4,0.02410102901863713,1883.6775843053285,3.5526502771067216e-5
來賓社會部,ORG,15,0.0018018018018018018,0.03462721715726252,4216.365397462551,4.2959017097688804e-5
依閣,PERSON,3,3.6036036036036037e-4,0.0016032386528296424,1.0942282987102634,3.1762164909160206e-5
侯寄遠,PERSON,13,0.0015615615615615615,0.051911764655345076,9266.434641572654,3.790175864160097e-5
侯有,PERSON,5,6.006006006006006e-4,0.010802367357820208,93.96841260415628,3.346496218459273e-5
侯雋人,PERSON,2,2.4024024024024023e-4,0.010036837140034048,11.770881107718926,3.400666530640005e-5
係顧,PERSON,2,2.4024024024024023e-4,0.001012604269669915,3.5760838816504017,3.168768616515622e-5
俊彦,PERSON,7,8.408408408408409e-4,0.0025391774572969526,4.112554112554113,3.165759149043941e-5
俊結,PERSON,2,2.4024024024024023e-4,0.006711802367600245,10.062345019626324,3.340236488743403e-5
俊良,PERSON,2,2.4024024024024023e-4,0.006434083937892961,16.62449614338071,3.340236488743403e-5
保廉,PERSON,3,3.6036036036036037e-4,0.004978650309673924,6.494225787961368,3.2113037893384715e-5
保德奎,PERSON,3,3.6036036036036037e-4,0.0023666882443887623,18.531226877725658,3.186336986999745e-5
保泰,PERSON,3,3.6036036036036037e-4,0.015275997019294139,420.14624893103274,3.45972875726543e-5
保王,PERSON,4,4.8048048048048047e-4,0.012670906611790043,285.68269213796316,3.37997701615629e-5
保羅凱歌,PERSON,3,3.6036036036036037e-4,0.002984451494060612,47.949843227077366,3.204511952829584e-5
保興,PERSON,8,9.609609609609609e-4,0.006618643655615411,109.69997971874918,3.2316442605997934e-5
保衛團,ORG,26,0.003123123123123123,0.022808972583871438,32844.161531823374,4.299965600275198e-5
保豐,PERSON,6,7.207207207207207e-4,0.021562696280219968,2371.089247977021,3.505082369435682e-5
保釐,PERSON,9,0.001081081081081081,0.027113772111367278,2690.443770024964,3.5642999714856005e-5
保險公會聯合會,ORG,36,0.004324324324324324,0.018481885779635127,195893.39730787216,4.3036667240488894e-5
俞佐庭,PERSON,24,0.002882882882882883,0.05931804484104796,17734.949517345915,3.788452795878163e-5
俞佐廷,PERSON,5,6.006006006006006e-4,0.015258002937285488,274.3554250872018,3.340682835571591e-5
俞傅,PERSON,7,8.408408408408409e-4,0.018640920617563412,521.7971177393985,3.43878954607978e-5
俞創,PERSON,1,1.2012012012012012e-4,0.0031311950065727664,0,3.210891343436938e-5
俞千,PERSON,6,7.207207207207207e-4,0.026379160552445328,4253.231249322085,3.7020583444395086e-5
俞叔,PERSON,4,4.8048048048048047e-4,0.002599769415730887,0.15789473684210525,3.1695721077654516e-5
俞叔平,PERSON,4,4.8048048048048047e-4,0.01084811981287572,498.65163656718835,3.3548040794417606e-5
俞志,PERSON,3,3.6036036036036037e-4,0.013922992504560394,312.97427616471094,3.4169343265222444e-5
俞性,PERSON,4,4.8048048048048047e-4,0.007352731978671453,59.746961717430565,3.236874474007898e-5
俞慶,PERSON,3,3.6036036036036037e-4,0.006063478810461472,402.42943415492726,3.265626020508131e-5
俞慶者,PERSON,8,9.609609609609609e-4,0.006618643655615414,109.69997971874918,3.2316442605997934e-5
俞承,PERSON,7,8.408408408408409e-4,0.017960409819503347,1207.208225295111,3.45447008428907e-5
俞振,PERSON,8,9.609609609609609e-4,0.03041099956595782,1211.1368630802024,3.464043231259526e-5
俞振飛,PERSON,10,0.0012012012012012011,0.03784536543555877,1800.9700697346723,3.4989503149055284e-5
俞松,PERSON,3,3.6036036036036037e-4,0.0018770525586070288,5.9862953616265004,3.17258883248731e-5
俞松筠,PERSON,2,2.4024024024024023e-4,0.003810701319103022,13.233630365265032,3.222480020623872e-5
俞菊,PERSON,4,4.8048048048048047e-4,0.01055598133017933,318.08474722567826,3.371544167228591e-5
俞飛,PERSON,13,0.0015615615615615615,0.028814630644327002,2721.7750339457975,3.593761230503845e-5
俞鴻鈞,PERSON,77,0.009249249249249249,0.10659089229810825,101827.83606461957,4.254957024934048e-5
俠誼社,ORG,5,6.006006006006006e-4,0.017035073836753387,25078.132531453826,4.292213923941969e-5
信民,PERSON,4,4.8048048048048047e-4,0.0047004501519311475,37.63387724947352,3.225390272222939e-5
信華無線電公司,ORG,2,2.4024024024024023e-4,0.017410155408820786,52.84792781122693,4.2911088225197394e-5
信託部,ORG,11,0.0013213213213213214,0.037380767214548936,786.4641426631882,4.294425835265825e-5
信誠企業股份有限公司,ORG,11,0.0013213213213213214,0.018915793921956987,2442.785655245014,4.294425835265825e-5
信誼藥廠,ORG,8,9.609609609609609e-4,0.027613842221972544,1921.6583868892264,4.29331959471063e-5
修本,PERSON,7,8.408408408408409e-4,0.01483207067462722,727.8509889492835,3.457814661134163e-5
修理部,ORG,9,0.001081081081081081,0.02834648526408179,2992.892302462425,4.2936882782310004e-5
修瓚,PERSON,7,8.408408408408409e-4,0.01083557946170543,156.62163591963042,3.2679738562091506e-5
修甫,PERSON,2,2.4024024024024023e-4,0.003078120005865093,26.08781946703058,3.228931223764934e-5
俱照,PERSON,18,0.002162162162162162,0.01478873767729339,201.67545512535725,3.249496328069149e-5
倉阿不澤,PERSON,6,7.207207207207207e-4,0.01081101239849055,310.5468774896433,3.368818218568926e-5
倘蒙惠,PERSON,16,0.0019219219219219219,0.02972913063768924,1146.1427101124061,3.434537711224069e-5
借大中華大陸電,ORG,51,0.006126126126126126,0.043023283032965765,27847.46614132079,4.309601792794346e-5
倩方,PERSON,9,0.001081081081081081,0.012058727667521288,163.1970346503108,3.293373732051113e-5
倪弼,PERSON,3,3.6036036036036037e-4,0.0030674689716283445,0.9487453334324024,3.183091418385536e-5
倪榮,PERSON,6,7.207207207207207e-4,0.015111088505380586,571.8748691543087,3.388222538456326e-5
倪翰如,PERSON,1,1.2012012012012012e-4,0.0010717910728472813,0,3.182888789865682e-5
倪翰如盛,PERSON,4,4.8048048048048047e-4,0.003993569765499821,43.55237240426918,3.230808994572241e-5
倪葆,PERSON,1,1.2012012012012012e-4,7.732780585623032e-4,0,3.171180313312615e-5
倪選,PERSON,5,6.006006006006006e-4,0.019000027015712354,326.847626021409,3.383178834833209e-5
倫代,PERSON,1,1.2012012012012012e-4,3.4863951936359524e-4,0,3.1629554655870446e-5
倫元,PERSON,4,4.8048048048048047e-4,0.011060730322090031,603.7355239679507,3.4059945504087195e-5
倫奚,PERSON,4,4.8048048048048047e-4,0.0034218520798971865,4.4938255338808855,3.183496752833312e-5
倫孫,PERSON,4,4.8048048048048047e-4,0.0025997694157308873,0.15789473684210525,3.1695721077654516e-5
倫葛,PERSON,2,2.4024024024024023e-4,0.0018418778694907914,2.8315810897782505,3.185727938834024e-5
倫達,PERSON,2,2.4024024024024023e-4,0.0012619548253933579,2.1683427447535637,3.174401625293632e-5
倬沈,PERSON,1,1.2012012012012012e-4,3.3235390388109337e-4,0,3.1671628555140305e-5
假呂,PERSON,9,0.001081081081081081,0.012836972103298473,678.8636578707531,3.3375609104866166e-5
假湖社,ORG,17,0.002042042042042042,0.021146528780708617,11526.851618429226,4.296640027498496e-5
假滬軍電,ORG,21,0.0025225225225225223,0.01909465012587889,55619.924351835434,4.298117424568039e-5
偉任,PERSON,18,0.002162162162162162,0.03274886622935434,3758.180366866681,3.580379520229144e-5
偉光,PERSON,15,0.0018018018018018018,0.010073075782113347,222.9046313491959,3.248229714805431e-5
偉兩,PERSON,1,1.2012012012012012e-4,8.415068085950112e-4,0,3.176821907363873e-5
偉兼,PERSON,4,4.8048048048048047e-4,0.0038740660517186717,19.07718454390562,3.199181009661527e-5
偉啓,PERSON,4,4.8048048048048047e-4,0.010376818415791326,1252.1030831279033,3.411339291805963e-5
偉報吿,PERSON,3,3.6036036036036037e-4,0.00542306191348629,6.081767134281239,3.2133676092544985e-5
偉新内衣廠股份有限公司,ORG,10,0.0012012012012012011,0.023428582319299507,3392.030612180745,4.294057025077293e-5
偉蔣,PERSON,8,9.609609609609609e-4,0.012223290480536136,33.418706651519976,3.2851511169513796e-5
偉誠,PERSON,7,8.408408408408409e-4,0.023688494174609335,929.0681891487944,3.4020548411240386e-5
偕阮,PERSON,2,2.4024024024024023e-4,0.0011402012284938141,1.2730753878422225,3.1709791983764585e-5
停齊,PERSON,1,1.2012012012012012e-4,7.543663085058475e-4,0,3.17017499365965e-5
健中,PERSON,3,3.6036036036036037e-4,0.015275997019294139,420.14624893103274,3.45972875726543e-5
健冬,PERSON,1,1.2012012012012012e-4,8.415068085950115e-4,0,3.176821907363873e-5
健初,PERSON,1,1.2012012012012012e-4,6.169032346224963e-4,0,3.165759149043941e-5
健將,PERSON,2,2.4024024024024023e-4,0.009069702448310365,54.373300114906755,3.400666530640005e-5
健民,PERSON,4,4.8048048048048047e-4,0.0045932973299939546,44.99434718100529,3.217917363882096e-5
健白,PERSON,5,6.006006006006006e-4,0.020789418221657675,1054.5205099081081,3.497237182625726e-5
健羣,PERSON,3,3.6036036036036037e-4,0.003288807792342971,153.54193977737557,3.208007185936096e-5
健鳴,PERSON,5,6.006006006006006e-4,0.008388932296133708,173.52543655094541,3.3548040794417606e-5
偽特工總部,ORG,26,0.003123123123123123,0.05626939252599814,13474.154470313115,4.299965600275198e-5
偽產業審議會,ORG,18,0.002162162162162162,0.04979958555934381,3540.4798115213775,4.2970092815400483e-5
傅宅,PERSON,3,3.6036036036036037e-4,0.0011541878809954928,0.15789473684210525,3.166160081053698e-5
傅斯年,PERSON,7,8.408408408408409e-4,0.01764793233219763,2000.7685765381236,3.548364204101909e-5
傅曉,PERSON,3,3.6036036036036037e-4,0.004978650309673924,6.494225787961368,3.2113037893384715e-5
傅曉蜂,PERSON,7,8.408408408408409e-4,0.018640920617563412,521.7971177393985,3.43878954607978e-5
傅朋,PERSON,3,3.6036036036036037e-4,0.015275997019294139,420.14624893103274,3.45972875726543e-5
傅松,PERSON,1,1.2012012012012012e-4,3.572911334009593e-4,0,3.170577045022194e-5
傅正模,PERSON,9,0.001081081081081081,0.013845511476978553,1270.719784937622,3.4190371991247264e-5
傅步,PERSON,16,0.0019219219219219219,0.02972913063768925,1146.1427101124061,3.434537711224069e-5
傅汝,PERSON,25,0.003003003003003003,0.05606544025088445,21258.110346173282,3.8364152535870484e-5
傅汝霖,PERSON,9,0.001081081081081081,0.017463655281686613,787.2142285059772,3.3889114816320995e-5
傅沐波,PERSON,4,4.8048048048048047e-4,0.00820436229202127,134.55718286406557,3.249074013906037e-5
傅積,PERSON,2,2.4024024024024023e-4,7.991825280313968e-4,0.047619047619047616,3.165959602355474e-5
傅良,PERSON,4,4.8048048048048047e-4,0.00151147901439645,308.00475708325274,3.175207976122436e-5
傅誌,PERSON,3,3.6036036036036037e-4,0.006643166885240421,42.05641769540766,3.294241665568586e-5
傅謙,PERSON,1,1.2012012012012012e-4,0.0010396489255900595,0,3.173394262503174e-5
傅隆,PERSON,19,0.0022822822822822822,0.015146028810694347,1658.3609846139975,3.258390355164549e-5
傅饒,PERSON,18,0.002162162162162162,0.0599852029054196,6773.149630945264,3.759681179036018e-5
傑克遜,PERSON,2,2.4024024024024023e-4,0.002835752306503581,2.1236965299172272,3.189182293659906e-5
傑緊,PERSON,5,6.006006006006006e-4,0.006604500402039294,45.62477476780193,3.23185314459311e-5
備司令部,ORG,10,0.0012012012012012011,0.03929552369123181,1306.6532293653418,4.2951636457349025e-5
備監理委員會,ORG,16,0.0019219219219219219,0.04432882575987619,9622.157364129924,4.296270836913559e-5
備索總社,ORG,3,3.6036036036036037e-4,0.019612861058445605,72.65875673194054,4.291477126426916e-5
備總司令部,ORG,18,0.002162162162162162,0.04979958555934381,3540.4798115213775,4.2970092815400483e-5
傳堯,PERSON,6,7.207207207207207e-4,0.002298458565519758,1.6813576810374764,3.1729914963827895e-5
傳嵐,PERSON,3,3.6036036036036037e-4,0.008394630905946953,15.873785038424115,3.3101621979477e-5
傳慧珍,PERSON,3,3.6036036036036037e-4,0.012355454468624821,410.7043676647166,3.4258307639602604e-5
傳斯年,PERSON,2,2.4024024024024023e-4,0.0028723244158966317,16.20499783239982,3.2030749519538757e-5
傳曉,PERSON,3,3.6036036036036037e-4,0.010467603784269908,919.4306038929523,3.405762550234998e-5
傳根,PERSON,2,2.4024024024024023e-4,0.0014360969314312143,0.5752070517687443,3.174804749507905e-5
傳楷,PERSON,18,0.002162162162162162,0.059985202905419616,6773.149630945264,3.759681179036018e-5
傳汝,PERSON,15,0.0018018018018018018,0.014543110808781554,3546.0590500804515,3.307097030226867e-5
傳隆,PERSON,20,0.0024024024024024023,0.016630615546784182,734.7882043070141,3.270325070311989e-5
僅凌,PERSON,15,0.0018018018018018018,0.010073075782113344,222.9046313491959,3.248229714805431e-5
僑生產建設協會,ORG,11,0.0013213213213213214,0.04395887081797594,1225.5934429083431,4.294425835265825e-5
僧柳,PERSON,16,0.0019219219219219219,0.029729130637689234,1146.1427101124061,3.434537711224069e-5
儀主,PERSON,2,2.4024024024024023e-4,5.744870801003182e-4,0.14285714285714285,3.1629554655870446e-5
儀于,PERSON,1,1.2012012012012012e-4,7.070203701573328e-4,0,3.1758130081300816e-5
儀結,PERSON,6,7.207207207207207e-4,0.010946442304255989,753.7978000688933,3.413435281267067e-5
儀訂,PERSON,8,9.609609609609609e-4,0.014001032946953077,698.8105776339785,3.408083975189148e-5
儂沈,PERSON,8,9.609609609609609e-4,0.012223290480536135,33.418706651519976,3.2851511169513796e-5
儒爲,PERSON,3,3.6036036036036037e-4,0.004825102433999202,62.27350316966019,3.212954633080581e-5
儒贊,PERSON,1,1.2012012012012012e-4,3.572911334009594e-4,0,3.170577045022194e-5
允亮,PERSON,3,3.6036036036036037e-4,0.0030020954205059198,23.768865266919708,3.198362438431523e-5
允德兩,PERSON,4,4.8048048048048047e-4,0.011060730322090033,603.7355239679507,3.4059945504087195e-5
允明,PERSON,6,7.207207207207207e-4,0.009230969562999165,239.1377818693228,3.274608684262231e-5
元爲,PERSON,4,4.8048048048048047e-4,0.003421852079897185,4.4938255338808855,3.183496752833312e-5
元鄭,PERSON,1,1.2012012012012012e-4,3.318698861865308e-4,0,3.1629554655870446e-5
兄鑒,PERSON,5,6.006006006006006e-4,0.002608913600130311,6.733121545357587,3.182483610209407e-5
充宋,PERSON,3,3.6036036036036037e-4,0.0077575808820907945,84.46012077456552,3.3521051220166265e-5
充普陀路分局,ORG,26,0.003123123123123123,0.03300034176016324,10800.66399888984,4.299965600275198e-5
兆安,PERSON,6,7.207207207207207e-4,0.005106278693048584,446.93087631590214,3.2324799586242565e-5
兆熊,PERSON,1,1.2012012012012012e-4,0.007287514023917677,0,3.309723969020984e-5
兆震,PERSON,5,6.006006006006006e-4,0.0021014951613372856,45.8727773074986,3.1782354436816676e-5
先安,PERSON,5,6.006006006006006e-4,0.0074521347958710705,51.27465028605978,3.228931223764934e-5
先施公司,ORG,8,9.609609609609609e-4,0.017768254068570747,3816.197996068333,4.29331959471063e-5
先江,PERSON,4,4.8048048048048047e-4,0.004593297329993953,44.99434718100529,3.217917363882096e-5
光中染織廠,ORG,7,8.408408408408409e-4,0.01728994766913958,2584.735015688038,4.292950974499871e-5
光劇團文,ORG,75,0.009009009009009009,0.057035315964196365,39176.341417198804,4.318162190171863e-5
光報,PERSON,1,1.2012012012012012e-4,0.0010717910728472813,0,3.182888789865682e-5
光夏中,ORG,9,0.001081081081081081,0.021494042161326346,1407.019416741791,4.2936882782310004e-5
光新染織廠,ORG,29,0.0034834834834834836,0.02221831130400525,43148.09790633622,4.301075268817204e-5
光昇,PERSON,8,9.609609609609609e-4,0.02178251305437465,532.5523691977385,3.4489894460922946e-5
光臨,PERSON,1,1.2012012012012012e-4,7.070203701573331e-4,0,3.1758130081300816e-5
光運,PERSON,2,2.4024024024024023e-4,0.001545914395265894,0.2997876643819991,3.171180313312615e-5
克利失,PERSON,7,8.408408408408409e-4,0.004738183609250559,73.1496233072154,3.2012292720404635e-5
克勞福,PERSON,18,0.002162162162162162,0.047332092016700335,6807.187632692519,3.640334910811795e-5
克寧無線電公司,ORG,1,1.2012012012012012e-4,0.01641616534466388,0,4.290740581824423e-5
克拉克五,PERSON,7,8.408408408408409e-4,0.01783847806905698,1046.919990671501,3.4324157341937255e-5
克昌,PERSON,5,6.006006006006006e-4,0.004673525183078839,96.06375948260704,3.2156408772268315e-5
克民,PERSON,2,2.4024024024024023e-4,0.003136012919784001,14.705547825017394,3.228931223764934e-5
克聰,PERSON,8,9.609609609609609e-4,0.021782513054374647,532.5523691977385,3.4489894460922946e-5
克賴登,PERSON,6,7.207207207207207e-4,0.010811012398490544,310.5468774896433,3.368818218568926e-5
克里扶蘭,PERSON,3,3.6036036036036037e-4,8.594739430735507e-4,2.0000000000000004,3.1629554655870446e-5
克鋼筆公司,ORG,11,0.0013213213213213214,0.02903054290212995,13204.924568215918,4.294425835265825e-5
克雷斯,PERSON,24,0.002882882882882883,0.026739492988859945,3553.7989808029693,3.39097999321804e-5
克雷斯勒,PERSON,8,9.609609609609609e-4,0.024070083003566695,3488.558636275398,3.5785857429144e-5
克雷斯香烟華美烟公司,ORG,27,0.003243243243243243,0.021914518569723738,12526.779008363332,4.300335426163241e-5
兒元,PERSON,3,3.6036036036036037e-4,0.015222546176247525,317.8175412682892,3.3795201081446433e-5
兒大,PERSON,4,4.8048048048048047e-4,0.010376818415791331,1252.1030831279033,3.411339291805963e-5
兒宗,PERSON,6,7.207207207207207e-4,0.010811012398490546,310.5468774896433,3.368818218568926e-5
兒源,PERSON,1,1.2012012012012012e-4,6.579306877011924e-4,0,3.1750063500127e-5
兒琴,PERSON,4,4.8048048048048047e-4,0.006422685959868411,55.40107853797565,3.2539372640895484e-5
兒童互助,ORG,8,9.609609609609609e-4,0.018835564139408758,6933.427794814352,4.29331959471063e-5
兒童互助會,ORG,8,9.609609609609609e-4,0.01883556413940875,6933.427794814352,4.29331959471063e-5
兒童劇團,ORG,5,6.006006006006006e-4,0.016487255881907473,8319.500000000004,4.292213923941969e-5
兒童書局,ORG,37,0.0044444444444444444,0.04760414575821189,15248.38237241704,4.3040371868812945e-5
兒童福利基金,ORG,2,2.4024024024024023e-4,0.016613954780066685,327.0046622118681,4.2911088225197394e-5
兒童福利工作站,ORG,5,6.006006006006006e-4,0.01648725588190747,8319.500000000004,4.292213923941969e-5
內政部,ORG,13,0.0015615615615615615,0.017828317878194968,75993.21162065052,4.2951636457349025e-5
全國保險業聯合會,ORG,8,9.609609609609609e-4,0.027035336897556227,668.2259252486114,4.29331959471063e-5
全國公私大學校,ORG,11,0.0013213213213213214,0.02484655773422404,11577.848829350345,4.294425835265825e-5
全國勞工總會,ORG,10,0.0012012012012012011,0.024315342632504507,1963.6877846724085,4.294057025077293e-5
全國各職業團體聯誼會,ORG,17,0.002042042042042042,0.022211316611563805,8073.102865464141,4.296640027498496e-5
全國合選,ORG,86,0.01033033033033033,0.09268211526317292,34646.89055217859,4.32264199878966e-5
全國和平促進會,ORG,105,0.012612612612612612,0.07225976863287123,172807.931535974,4.329754069968826e-5
全國商會聯合會,ORG,329,0.03951951951951952,0.16979055536051882,807136.4738155672,4.415400918403391e-5
全國商職會,ORG,9,0.001081081081081081,0.022112859452355086,1422.8386396348274,4.2936882782310004e-5
全國工商協會,ORG,14,0.0016816816816816818,0.035739998408352465,1667.7430254212159,4.29553264604811e-5
全國工業會聯合會,ORG,76,0.009129129129129129,0.09520261319976359,41880.659028894326,4.318535152876144e-5
全國慰勞戡亂將士總會,ORG,30,0.0036036036036036037,0.05501028835989641,22963.305187108752,4.301445285615967e-5
全國慰勞戡亂將士總會上海勞軍勸募委員會,ORG,30,0.0036036036036036037,0.05501028835989645,22963.305187108752,4.301445285615967e-5
全國會計師公會聯合會,ORG,35,0.004204204204204204,0.037207693928340724,11221.673267963562,4.303296324984939e-5
全國棉紡業聯合會,ORG,17,0.002042042042042042,0.03595435150055708,4822.1796637493135,4.296640027498496e-5
全國棉紡織工業聯,ORG,8,9.609609609609609e-4,0.02703533689755623,668.2259252486114,4.29331959471063e-5
全國汽車業宣傳,ORG,28,0.0033633633633633636,0.026588522375448394,7507.458027123316,4.30070531567177e-5
全國營造工業同業公會聯合,ORG,10,0.0012012012012012011,0.020842433455678794,14280.120243772417,4.294057025077293e-5
全國糧商,ORG,28,0.0033633633633633636,0.026588522375448394,7507.458027123316,4.30070531567177e-5
全國糧聯籌備,ORG,1,1.2012012012012012e-4,0.016416165344663877,0,4.290740581824423e-5
全國紡聯,ORG,19,0.0022822822822822822,0.041548735037438306,2997.217377353837,4.2973785990545764e-5
全國經濟委員會,ORG,38,0.0045645645645645645,0.031278904158849714,84153.91674469113,4.304407713498623e-5
全國聯合,ORG,8,9.609609609609609e-4,0.02703533689755623,668.2259252486114,4.29331959471063e-5
全國職業團體聯誼,ORG,1,1.2012012012012012e-4,0.016416165344663888,0,4.290740581824423e-5
全國西醫師會,ORG,28,0.0033633633633633636,0.026588522375448405,7507.458027123316,4.30070531567177e-5
全國資源委員會,ORG,76,0.009129129129129129,0.051260863357991585,261390.27464453384,4.3189081800120926e-5
全國輪船業公會聯合,ORG,7,8.408408408408409e-4,0.022347500194809397,33584.03428908807,4.292950974499871e-5
全國輪船業聯合會,ORG,8,9.609609609609609e-4,0.02703533689755622,668.2259252486114,4.29331959471063e-5
全國進出口貿易協會,ORG,14,0.0016816816816816818,0.03573999840835247,1667.7430254212159,4.29553264604811e-5
全國運動會廣告委員會,ORG,16,0.0019219219219219219,0.023986359046244965,5093.754338975723,4.296270836913559e-5
全國郵務總工會,ORG,9,0.001081081081081081,0.022112859452355086,1422.8386396348274,4.2936882782310004e-5
全國銀行公會聯合,ORG,19,0.0022822822822822822,0.04154873503743832,2997.217377353837,4.2973785990545764e-5
全國銀行業聯,ORG,8,9.609609609609609e-4,0.02703533689755623,668.2259252486114,4.29331959471063e-5
全國錢業公會聯合,ORG,19,0.0022822822822822822,0.04154873503743831,2997.217377353837,4.2973785990545764e-5
全國鐵路總,ORG,10,0.0012012012012012011,0.024315342632504497,1963.6877846724085,4.294057025077293e-5
全國電氣業公會聯合會,ORG,19,0.0022822822822822822,0.04154873503743829,2997.217377353837,4.2973785990545764e-5
全孟耀,PERSON,2,2.4024024024024023e-4,0.0052657155989212215,25.469776933603082,3.241070849808777e-5
全民日報,ORG,7,8.408408408408409e-4,0.02023591409569654,3273.674427776125,4.292950974499871e-5
全祿,PERSON,5,6.006006006006006e-4,0.005591014732576228,242.75953163437097,3.2356176794150005e-5
全經會,ORG,8,9.609609609609609e-4,0.0173942343494125,3510.4553633498294,4.29331959471063e-5
兩江公司,ORG,24,0.002882882882882883,0.03688517012802407,5370.04276313143,4.2995958379912286e-5
兩浙區松江鹽務管理局,ORG,5,6.006006006006006e-4,0.017312346289736054,1071.3270958443588,4.292213923941969e-5
兩路管理局,ORG,12,0.0014414414414414415,0.04199587589536443,1326.3947334638863,4.294794708812919e-5
兩陳部,PERSON,6,7.207207207207207e-4,0.019243578995315758,1285.924326072137,3.400204012240735e-5
兪佐庭,PERSON,28,0.0033633633633633636,0.07033892063930577,26764.09296523911,4.029658284977434e-5
兪佐廷,PERSON,11,0.0013213213213213214,0.025887320360503337,3405.6336272797835,3.528332510055748e-5
兪傳,PERSON,1,1.2012012012012012e-4,6.896996953853928e-4,0,3.1669622498099825e-5
兪叔平,PERSON,14,0.0016816816816816818,0.030748987677650604,3863.787707456861,3.4743937182961575e-5
兪嘉庸,PERSON,1,1.2012012012012012e-4,0.008664365789620137,0,3.400435255712731e-5
兪實,PERSON,1,1.2012012012012012e-4,6.169032346224964e-4,0,3.165759149043941e-5
兪志,PERSON,2,2.4024024024024023e-4,0.002972465753627993,10.514416703126289,3.206361421059382e-5
兪慶,PERSON,4,4.8048048048048047e-4,0.003610818864182493,320.6352054823311,3.198976327575176e-5
兪成,PERSON,2,2.4024024024024023e-4,7.750665576789088e-4,0.7352342292962631,3.171180313312615e-5
兪振飛,PERSON,4,4.8048048048048047e-4,0.011269647772469468,63.78114990571053,3.402286336418073e-5
兪松,PERSON,23,0.002762762762762763,0.02869298452692377,2371.9863981115727,3.3694992924051485e-5
兪祥,PERSON,8,9.609609609609609e-4,0.012223290480536135,33.418706651519976,3.2851511169513796e-5
兪筱,PERSON,8,9.609609609609609e-4,0.012223290480536135,33.418706651519976,3.2851511169513796e-5
兪良,PERSON,2,2.4024024024024023e-4,0.002435137421146672,2.0304168970839447,3.209654641160611e-5
兪飛,PERSON,1,1.2012012012012012e-4,0.0012674058119779808,0,3.181876034109711e-5
兪鴻,PERSON,28,0.0033633633633633636,0.027994791034705258,6282.239144556237,3.3640584000538246e-5
八仙橋國華銀行,ORG,21,0.0025225225225225223,0.03938158371786184,14016.699369812892,4.298117424568039e-5
八仙橋青年,ORG,96,0.011531531531531532,0.06450833125302113,142448.13067151274,4.326007959854646e-5
八秩晋一壽,PERSON,4,4.8048048048048047e-4,0.005026862025977055,16.556145673492605,3.214813862277374e-5
公信内衣製造,ORG,37,0.0044444444444444444,0.020088186511204798,38873.13219056339,4.3040371868812945e-5
公信會計師事,ORG,16,0.0019219219219219219,0.027832758172772292,44588.50731146665,4.296640027498496e-5
公共交通公司,ORG,5,6.006006006006006e-4,0.02044356022177917,9021.361019207461,4.292213923941969e-5
公利商店,ORG,22,0.002642642642642643,0.02444487885426269,6428.943318254794,4.298486932599725e-5
公庶,PERSON,12,0.0014414414414414415,0.012092880347001629,158.87085189585653,3.237503237503238e-5
公恕,PERSON,4,4.8048048048048047e-4,0.003993569765499821,43.55237240426918,3.230808994572241e-5
公愚,PERSON,15,0.0018018018018018018,0.03875148750373853,8345.698077703593,3.6816140195861865e-5
公服,PERSON,3,3.6036036036036037e-4,0.010563548600089557,127.17368327040491,3.408548639989093e-5
公望,PERSON,9,0.001081081081081081,0.02682043330755645,2332.7050142324247,3.5408257205580345e-5
公濟醫院,ORG,40,0.004804804804804805,0.04156141160036227,28589.003454731876,4.305148958153952e-5
公王,PERSON,4,4.8048048048048047e-4,0.010414963878348055,244.49920581835897,3.34941050375134e-5
公用局,ORG,62,0.007447447447447447,0.0710711980037924,58120.34836889677,4.313319530710835e-5
公白,PERSON,6,7.207207207207207e-4,0.02287490049959871,354.44088573884153,3.3763252076440005e-5
公範,PERSON,2,2.4024024024024023e-4,0.005265715598921223,25.469776933603082,3.241070849808777e-5
公美,PERSON,18,0.002162162162162162,0.05998520290541962,6773.149630945264,3.759681179036018e-5
公興毛刷牛骨猪鬃廠股份有限公司董事會,ORG,63,0.0075675675675675675,0.047229579499455596,28846.333257247457,4.313691657320335e-5
公誠,PERSON,6,7.207207207207207e-4,0.023197473666105584,3338.3207238685204,3.621351488375462e-5
公路工會,ORG,120,0.014414414414414415,0.1030901876749475,73568.17761831117,4.335385415763461e-5
公道,PERSON,3,3.6036036036036037e-4,0.015275997019294139,420.14624893103274,3.45972875726543e-5
公達,PERSON,3,3.6036036036036037e-4,0.010002217362508323,135.27609714198354,3.316529583443884e-5
公鑒凡,PERSON,4,4.8048048048048047e-4,0.003021117227505042,3.0086207841277735,3.176014736708378e-5
公鑒振泰保險公司,ORG,25,0.003003003003003003,0.023024840058231875,11506.274846434253,4.2995958379912286e-5
公餘聯歡社,ORG,13,0.0015615615615615615,0.019185359703722454,4662.108654070554,4.2951636457349025e-5
公魯,PERSON,3,3.6036036036036037e-4,0.008810252665626659,483.66995786364265,3.323142363418849e-5
公鷄,PERSON,6,7.207207207207207e-4,0.02727569901135341,1720.9932620605616,3.535067873303168e-5
共軍,ORG,114,0.013693693693693694,0.10296054870821847,103031.43464265481,4.333131120547708e-5
共黨,ORG,50,0.006006006006006006,0.062455198065679694,48897.519220701695,4.3088590141330577e-5
兵役協會,ORG,17,0.002042042042042042,0.042373384554011115,10344.865553406813,4.2977479800584495e-5
具呈人,PERSON,6,7.207207207207207e-4,0.009230969562999165,239.1377818693228,3.274608684262231e-5
具啓,PERSON,7,8.408408408408409e-4,0.014832070674627218,727.8509889492835,3.457814661134163e-5
冀中軍區,ORG,11,0.0013213213213213214,0.022285578054962323,4194.137575965185,4.294794708812919e-5
内政部,ORG,22,0.002642642642642643,0.032926895689523,11428.145715635925,4.298486932599725e-5
最早大來集團,ORG,16,0.0019219219219219219,0.025098635534071854,2404.3880834097044,4.296640027498496e-5
最高經濟委員會,ORG,8,9.609609609609609e-4,0.01970639623085803,5082.764244408329,4.29331959471063e-5
冠玉,PERSON,2,2.4024024024024023e-4,0.006967976565524214,24.082354120731317,3.269042170644001e-5
冠生園食品公司,ORG,9,0.001081081081081081,0.026384898768168963,1821.6250762339296,4.2936882782310004e-5
冬令救濟委員會義賣房屋建築小組委員會,ORG,10,0.0012012012012012011,0.024315342632504507,1963.6877846724085,4.294057025077293e-5
冰克,PERSON,3,3.6036036036036037e-4,0.0065712154237577034,25.713226424077614,3.266906239790918e-5
冰如,PERSON,5,6.006006006006006e-4,0.00474492540012099,29.575974419923707,3.200819409768901e-5
冰心,PERSON,4,4.8048048048048047e-4,0.011905454754813947,489.294809225585,3.415067276825353e-5
冰黃,PERSON,16,0.0019219219219219219,0.02972913063768924,1146.1427101124061,3.434537711224069e-5
冲甫,PERSON,2,2.4024024024024023e-4,6.775332869662114e-4,0.05,3.165558721114277e-5
冷剛,PERSON,8,9.609609609609609e-4,0.015609128736287212,291.0896421783415,3.4115720524017465e-5
冷開泰,PERSON,5,6.006006006006006e-4,0.0074521347958710765,51.27465028605978,3.228931223764934e-5
冷雪,PERSON,4,4.8048048048048047e-4,0.005405919404448131,10.001208699415605,3.197953309881676e-5
冼冠生,PERSON,3,3.6036036036036037e-4,0.0032049150093768457,2.4817835973184477,3.197748784855462e-5
冼炳,PERSON,5,6.006006006006006e-4,0.019000027015712347,326.847626021409,3.383178834833209e-5
凌仲芳,PERSON,5,6.006006006006006e-4,0.01900002701571235,326.847626021409,3.383178834833209e-5
凌偉,PERSON,3,3.6036036036036037e-4,0.008394630905946955,15.873785038424115,3.3101621979477e-5
凌元,PERSON,18,0.002162162162162162,0.0599852029054196,6773.149630945264,3.759681179036018e-5
凌劍,PERSON,23,0.002762762762762763,0.047303657973876416,13076.934340792708,3.66246703779666e-5
凌憲,PERSON,19,0.0022822822822822822,0.0421109473415352,15303.013928605309,3.8144644491913335e-5
凌永祥,PERSON,6,7.207207207207207e-4,0.0022984585655197566,1.6813576810374764,3.1729914963827895e-5
凌瑪,PERSON,8,9.609609609609609e-4,0.014001032946953068,698.8105776339785,3.408083975189148e-5
凌秉,PERSON,2,2.4024024024024023e-4,0.00381070131910302,13.233630365265032,3.222480020623872e-5
凌紹,PERSON,3,3.6036036036036037e-4,0.0030674689716283466,0.9487453334324024,3.183091418385536e-5
凌英,PERSON,4,4.8048048048048047e-4,0.007352731978671454,59.746961717430565,3.236874474007898e-5
凌英貞,PERSON,5,6.006006006006006e-4,0.00966407928912176,57.71799115042281,3.234780358413664e-5
凌雲,PERSON,8,9.609609609609609e-4,0.015508433337948027,2965.192490176731,3.346720214190094e-5
凱士,PERSON,12,0.0014414414414414415,0.022743476522950782,2611.282312303231,3.471740036106096e-5
凱旋廣播電台,ORG,5,6.006006006006006e-4,0.01788805128207401,1029.4360381920121,4.292213923941969e-5
凱歌,PERSON,3,3.6036036036036037e-4,0.008570977428581684,392.93715292103366,3.364737550471063e-5
凱萊,PERSON,1,1.2012012012012012e-4,5.167234597276005e-4,0,3.163756011136421e-5
凱萊暨社會部,ORG,12,0.0014414414414414415,0.03147650190399454,42495.79616170431,4.294794708812919e-5
出入管理委員會,ORG,13,0.0015615615615615615,0.02313430403367853,3343.7114623643915,4.29553264604811e-5
刁作,PERSON,1,1.2012012012012012e-4,9.357195256186336e-4,0,3.166761669516752e-5
切麵業同業公會,ORG,11,0.0013213213213213214,0.02368029402465851,3027.7963520896915,4.294425835265825e-5
列敦,PERSON,2,2.4024024024024023e-4,0.001261954825393358,2.1683427447535637,3.174401625293632e-5
列脫,PERSON,2,2.4024024024024023e-4,0.0012619548253933576,2.1683427447535637,3.174401625293632e-5
初中部,ORG,4,4.8048048048048047e-4,0.016573622717164394,2268.079999440053,4.291845493562232e-5
初俞,PERSON,3,3.6036036036036037e-4,0.003204915009376847,2.4817835973184477,3.197748784855462e-5
初吳,PERSON,3,3.6036036036036037e-4,0.010002217362508326,135.27609714198354,3.316529583443884e-5
初爲,PERSON,11,0.0013213213213213214,0.008668940896065664,65.8169152778398,3.192236480878503e-5
初盛,PERSON,2,2.4024024024024023e-4,0.00465825199298391,2.8611597954819303,3.222687721559781e-5
判蔣,PERSON,2,2.4024024024024023e-4,0.002984537545976434,7.488324081353314,3.203485392106612e-5
利布,PERSON,3,3.6036036036036037e-4,0.0011541878809954921,0.15789473684210525,3.166160081053698e-5
利康,PERSON,2,2.4024024024024023e-4,0.0014360969314312136,0.5752070517687443,3.174804749507905e-5
利查,PERSON,4,4.8048048048048047e-4,0.012210229486038563,651.1427410238471,3.338452293516726e-5
利洋服總公司,ORG,8,9.609609609609609e-4,0.026484885680478965,468.58108818776435,4.29331959471063e-5
利聞無線電行,ORG,1,1.2012012012012012e-4,0.01641616534466388,0,4.290740581824423e-5
利華廣播電台,ORG,3,3.6036036036036037e-4,0.025024709530299474,1212.7493002110436,4.291477126426916e-5
利華烟公司,ORG,6,7.207207207207207e-4,0.021648808322698436,858.7777060932606,4.292582417582418e-5
利韓,PERSON,1,1.2012012012012012e-4,0.007287514023917678,0,3.309723969020984e-5
到程,PERSON,3,3.6036036036036037e-4,0.0013965072765440073,0.3333333333333333,3.163555836760519e-5
到翁,PERSON,2,2.4024024024024023e-4,0.0035122312281866976,20.879164597035405,3.231435403606282e-5
則均,PERSON,1,1.2012012012012012e-4,3.323539038810937e-4,0,3.1671628555140305e-5
則虞,PERSON,4,4.8048048048048047e-4,0.011437519780461208,27.767186568712685,3.34627225271048e-5
剛吳,PERSON,5,6.006006006006006e-4,0.006775852160037823,45.03960850031755,3.2404406999351915e-5
剛與,PERSON,4,4.8048048048048047e-4,0.010376818415791326,1252.1030831279033,3.411339291805963e-5
副官鍾,PERSON,5,6.006006006006006e-4,0.004080904430377633,18.919364027845845,3.2100667693888034e-5
創中國集團,ORG,2,2.4024024024024023e-4,0.01855148438721451,17.640860105116104,4.2911088225197394e-5
創兩,PERSON,3,3.6036036036036037e-4,0.0010616436936611339,0.2841238564773236,3.1709791983764585e-5
劉丙,PERSON,5,6.006006006006006e-4,0.016641587742623306,238.6651746231742,3.3451528734863186e-5
劉仲,PERSON,1,1.2012012012012012e-4,0.008664365789620133,0,3.400435255712731e-5
劉備,PERSON,3,3.6036036036036037e-4,0.015275997019294133,420.14624893103274,3.45972875726543e-5
劉元,PERSON,17,0.002042042042042042,0.028192304309922128,3268.440252963559,3.5095107741980765e-5
劉勞,PERSON,2,2.4024024024024023e-4,7.755848704811169e-4,0.125,3.163155563990637e-5
劉午,PERSON,9,0.001081081081081081,0.02182450252969104,1256.6181197464418,3.506803198204517e-5
劉哲,PERSON,4,4.8048048048048047e-4,0.0023353928748272995,220.2224117009355,3.188572157387922e-5
劉啓,PERSON,4,4.8048048048048047e-4,0.002286162309219499,10.216291185068014,3.176821907363873e-5
劉啓瑞,PERSON,4,4.8048048048048047e-4,0.0022861623092194994,10.216291185068014,3.176821907363873e-5
劉國,PERSON,4,4.8048048048048047e-4,0.014836366752949463,802.5679920779361,3.454947484798231e-5
劉坤,PERSON,1,1.2012012012012012e-4,0.007287514023917674,0,3.309723969020984e-5
劉垣,PERSON,1,1.2012012012012012e-4,7.732780585623032e-4,0,3.171180313312615e-5
劉士,PERSON,1,1.2012012012012012e-4,0.008664365789620132,0,3.400435255712731e-5
劉大,PERSON,16,0.0019219219219219219,0.02972913063768923,1146.1427101124061,3.434537711224069e-5
劉天韻,PERSON,3,3.6036036036036037e-4,0.008394630905946953,15.873785038424115,3.3101621979477e-5
劉如,PERSON,6,7.207207207207207e-4,0.01396968925591568,1521.286799337395,3.471498993265292e-5
劉如心,PERSON,4,4.8048048048048047e-4,0.006412571675615748,250.01681702343996,3.259452411994785e-5
劉子,PERSON,4,4.8048048048048047e-4,0.013506755655082924,117.44453779971819,3.343139876972452e-5
劉孔,PERSON,1,1.2012012012012012e-4,0.008664365789620139,0,3.400435255712731e-5
劉寳,PERSON,8,9.609609609609609e-4,0.022441614043857465,1827.0683637261625,3.470294280955025e-5
劉將,PERSON,4,4.8048048048048047e-4,0.011269647772469462,63.78114990571053,3.402286336418073e-5
劉峙,PERSON,2,2.4024024024024023e-4,0.009093644437494563,550.505105984903,3.4041394335511986e-5
劉崇,PERSON,1,1.2012012012012012e-4,7.73278058562303e-4,0,3.171180313312615e-5
劉崧,PERSON,1,1.2012012012012012e-4,6.225211412554047e-4,0,3.164356686285678e-5
劉師,PERSON,5,6.006006006006006e-4,0.003052354235044303,8.251485943736157,3.1861339450710506e-5
劉广,PERSON,3,3.6036036036036037e-4,0.003439780195559412,13.88369416638451,3.2024594888874656e-5
劉康,PERSON,5,6.006006006006006e-4,0.0030523542350443023,8.251485943736157,3.1861339450710506e-5
劉德,PERSON,6,7.207207207207207e-4,0.006323819385493283,184.91190514959834,3.234780358413664e-5
劉德明,PERSON,5,6.006006006006006e-4,0.002921772383688446,7.1880847152668315,3.175611305176246e-5
劉德言,PERSON,2,2.4024024024024023e-4,0.00696797656552421,24.082354120731317,3.269042170644001e-5
劉德銘,PERSON,2,2.4024024024024023e-4,7.755848704811172e-4,0.125,3.163155563990637e-5
劉志方,PERSON,3,3.6036036036036037e-4,0.008394630905946955,15.873785038424115,3.3101621979477e-5
劉志芳,PERSON,11,0.0013213213213213214,0.015226628903963993,543.0098288490186,3.347840642785403e-5
劉持,PERSON,2,2.4024024024024023e-4,8.700739452890439e-4,0.3849408814655566,3.169170311212524e-5
劉振東,PERSON,6,7.207207207207207e-4,0.004215551748236832,171.88025396877367,3.2057446944925306e-05
劉振綱,PERSON,1,1.2012012012012012e-4,0.008664365789620142,0,3.400435255712731e-5
劉攻,PERSON,59,0.007087087087087087,0.08074657810278411,32110.452172511996,3.7509377344336085e-5
劉攻芸,PERSON,17,0.002042042042042042,0.03388281742658761,7020.064638126383,3.57423690042176e-5
劉政,PERSON,5,6.006006006006006e-4,0.003709617770387475,56.52644576572049,3.205333675235592e-5
劉效,PERSON,1,1.2012012012012012e-4,0.008664365789620144,0,3.400435255712731e-5
劉敬,PERSON,6,7.207207207207207e-4,0.008187814689623955,352.00677074676764,3.280839895013123e-5
劉文,PERSON,16,0.0019219219219219219,0.0310039872259764,6827.873632337018,3.538320005661312e-5
劉斌,PERSON,3,3.6036036036036037e-4,0.015275997019294132,420.14624893103274,3.45972875726543e-5
劉斐,PERSON,3,3.6036036036036037e-4,0.0010679870628493196,0.08823529411764705,3.168567807351077e-5
劉春山,PERSON,8,9.609609609609609e-4,0.012223290480536135,33.418706651519976,3.2851511169513796e-5
劉春霖,PERSON,8,9.609609609609609e-4,0.021782513054374647,532.5523691977385,3.4489894460922946e-5
劉時,PERSON,1,1.2012012012012012e-4,3.426342240187572e-4,0,3.163956210846042e-5
劉景,PERSON,5,6.006006006006006e-4,0.0037096177703874723,56.52644576572049,3.205333675235592e-5
劉景健,PERSON,3,3.6036036036036037e-4,0.008810252665626657,483.66995786364265,3.323142363418849e-5
劉東,PERSON,8,9.609609609609609e-4,0.015609128736287212,291.0896421783415,3.4115720524017465e-5
劉東岩,PERSON,3,3.6036036036036037e-4,0.01678923513171414,990.3245349750619,3.533069530808366e-5
劉桂珍,PERSON,2,2.4024024024024023e-4,7.056684629986542e-4,0.030303030303030304,3.168367023636018e-5
劉案,PERSON,2,2.4024024024024023e-4,7.755848704811173e-4,0.125,3.163155563990637e-5
劉樹,PERSON,5,6.006006006006006e-4,0.003709617770387473,56.52644576572049,3.205333675235592e-5
劉次,PERSON,12,0.0014414414414414415,0.02274347652295078,2611.282312303231,3.471740036106096e-5
劉毅成,PERSON,4,4.8048048048048047e-4,0.011864305202467361,303.32107076697275,3.413202266366305e-5
劉氏定,PERSON,1,1.2012012012012012e-4,6.225211412554048e-4,0,3.164356686285678e-5
劉汝,PERSON,4,4.8048048048048047e-4,0.004593297329993954,44.99434718100529,3.217917363882096e-5
劉泗,PERSON,13,0.0015615615615615615,0.03070659653761103,2783.79668568118,3.56582513193553e-5
劉海,PERSON,14,0.0016816816816816818,0.026106167174784235,1555.0326371509018,3.3907500339075e-5
劉理,PERSON,7,8.408408408408409e-4,0.011111469173580904,933.2271883101185,3.320714617785747e-5
劉瑾,PERSON,3,3.6036036036036037e-4,0.015275997019294128,420.14624893103274,3.45972875726543e-5
劉瓊,PERSON,7,8.408408408408409e-4,0.02102930838882353,997.1563241841075,3.433830094086945e-5
劉秀,PERSON,3,3.6036036036036037e-4,0.008394630905946955,15.873785038424115,3.3101621979477e-5
劉紅,PERSON,2,2.4024024024024023e-4,0.0022777870118303296,3.501056180548725,3.209654641160611e-5
劉紅曼,PERSON,4,4.8048048048048047e-4,0.008366771104785545,52.9343858105446,3.3103813559322034e-5
劉維,PERSON,6,7.207207207207207e-4,0.00849478598212731,1054.522810929293,3.289040915668991e-5
劉翰伯代,PERSON,2,2.4024024024024023e-4,0.0039588076211688585,6.721109675552256,3.2216494845360825e-5
劉耀,PERSON,1,1.2012012012012012e-4,3.0340169283968083e-4,0,3.168567807351077e-5
劉聰,PERSON,1,1.2012012012012012e-4,3.0340169283968083e-4,0,3.168567807351077e-5
劉航琛,PERSON,4,4.8048048048048047e-4,0.0029196638094106608,72.97612111905372,3.191014104282341e-5
劉芬,PERSON,8,9.609609609609609e-4,0.02178251305437465,532.5523691977385,3.4489894460922946e-5
劉蘊,PERSON,2,2.4024024024024023e-4,0.006434083937892961,16.62449614338071,3.340236488743403e-5
劉彪,PERSON,3,3.6036036036036037e-4,0.015275997019294128,420.14624893103274,3.45972875726543e-5
劉衡,PERSON,5,6.006006006006006e-4,0.006336648309152614,78.80545529604122,3.244014792707455e-5
劉誦,PERSON,4,4.8048048048048047e-4,0.014359650835732233,673.6735852641114,3.419271011420365e-5
劉躍,PERSON,4,4.8048048048048047e-4,0.005650392340963533,48.6094521463145,3.232897969740075e-5
劉連,PERSON,12,0.0014414414414414415,0.04238976913066137,10905.631950357705,3.85000385000385e-5
劉進康,PERSON,8,9.609609609609609e-4,0.021782513054374644,532.5523691977385,3.4489894460922946e-5
劉道,PERSON,6,7.207207207207207e-4,0.012632979728475411,663.6410378135404,3.33022512321833e-5
劉郎,PERSON,7,8.408408408408409e-4,0.02767865500269452,480.29727571669935,3.3847820200379094e-5
劉雲,PERSON,2,2.4024024024024023e-4,0.0017468999148220932,4.837797910604474,3.185930929017459e-5
劉靑,PERSON,4,4.8048048048048047e-4,0.01143751978046121,27.767186568712685,3.34627225271048e-5
劉靖基,PERSON,16,0.0019219219219219219,0.0482269245010763,8044.173290931072,3.755163349605708e-5
劉韶,PERSON,18,0.002162162162162162,0.059985202905419595,6773.149630945264,3.759681179036018e-5
劉香,PERSON,5,6.006006006006006e-4,0.010106088921800638,118.14803519999626,3.3025099075297225e-5
劉鴻生,PERSON,108,0.012972972972972972,0.15468583880666137,153002.8586301398,4.248088360237893e-5
劍剛,PERSON,1,1.2012012012012012e-4,4.351913100735495e-4,0,3.1677648251393816e-05
劍影,PERSON,7,8.408408408408409e-4,0.01476104688763428,2030.0232491360644,3.386157388595422e-5
劍影為,PERSON,5,6.006006006006006e-4,0.008896309424278166,648.6603531364918,3.358183894150044e-5
劍文,PERSON,5,6.006006006006006e-4,0.0088963094242781645,648.6603531364918,3.358183894150044e-5
劍星,PERSON,3,3.6036036036036037e-4,0.015275997019294128,420.14624893103274,3.45972875726543e-5
劍波,PERSON,5,6.006006006006006e-4,0.010711520468386365,308.7422521491845,3.325131342688036e-5
劍秋,PERSON,8,9.609609609609609e-4,0.01588630426115458,494.2340741562521,3.294458720432233e-5
劍鍔,PERSON,3,3.6036036036036037e-4,8.624218137755433e-4,1.0788168828908768,3.163956210846042e-5
力子,PERSON,9,0.001081081081081081,0.017436937745954825,122.44182752488796,3.404371212637026e-5
功良,PERSON,1,1.2012012012012012e-4,7.469667574081057e-4,0,3.1713814537612584e-5
加蔣,PERSON,5,6.006006006006006e-4,0.0034484079770952902,9.640652512762776,3.179448047818899e-5
加邵,PERSON,1,1.2012012012012012e-4,7.500878468123803e-4,0,3.164356686285678e-5
効良,PERSON,6,7.207207207207207e-4,0.003707160382985392,2.7082164108705853,3.172387538861747e-5
勁白,PERSON,3,3.6036036036036037e-4,0.0016032386528296418,1.0942282987102634,3.1762164909160206e-5
勃巴,PERSON,2,2.4024024024024023e-4,0.0012619548253933579,2.1683427447535637,3.174401625293632e-5
勃生,PERSON,7,8.408408408408409e-4,0.014902604122646991,490.4097682436593,3.3182904167772766e-5
勃脫,PERSON,6,7.207207207207207e-4,0.0054494078497954596,453.9636033347688,3.233107015842224e-5
勒吳,PERSON,6,7.207207207207207e-4,0.017435159099462343,1789.719228902623,3.507049168829347e-5
務印書,ORG,33,0.003963963963963964,0.046501397477664304,9308.896194993033,4.302555718096549e-5
務委員會僑民教育,ORG,22,0.002642642642642643,0.04531854047018858,6964.250945157645,4.298486932599725e-5
務希儘,PERSON,3,3.6036036036036037e-4,0.002641628453734488,3.1293896390817593,3.175207976122436e-5
務董事會,ORG,15,0.0018018018018018018,0.02290670957603175,3276.0163189221757,4.2959017097688804e-5
勛啟,PERSON,3,3.6036036036036037e-4,0.007757580882090799,84.46012077456552,3.3521051220166265e-5
勛爲,PERSON,1,1.2012012012012012e-4,2.7726789169643196e-4,0,3.163555836760519e-5
勝利出版社,ORG,33,0.003963963963963964,0.04650139747766428,9308.896194993033,4.302555718096549e-5
勝利大中華橡膠廠,ORG,8,9.609609609609609e-4,0.022257329664838385,5949.8591658805,4.29331959471063e-5
勝利果酒,ORG,17,0.002042042042042042,0.04041031393827712,7125.76918245331,4.296640027498496e-5
勝利無線電公司,ORG,1,1.2012012012012012e-4,0.01641616534466388,0,4.290740581824423e-5
勝利電台,ORG,40,0.004804804804804805,0.03351415291583847,29294.510720280436,4.30551967622492e-5
勝聯市,ORG,30,0.0036036036036036037,0.03606437390738775,29472.745436661007,4.301445285615967e-5
勞勃,PERSON,7,8.408408408408409e-4,0.014902604122646983,490.4097682436593,3.3182904167772766e-5
勞勃生,PERSON,25,0.003003003003003003,0.047260039193322,10315.571844258087,3.551640858076431e-5
勞念,PERSON,1,1.2012012012012012e-4,7.73278058562303e-4,0,3.171180313312615e-5
勞敬,PERSON,11,0.0013213213213213214,0.04046925419430206,4385.094267344444,3.7004144464179985e-5
勞玉趾,PERSON,6,7.207207207207207e-4,0.0092513477403059,347.6859105541581,3.357281944537702e-5
勞萊哈台,ORG,254,0.03051051051051051,0.1849252249936898,157765.19786340103,4.387504387504387e-5
勞資評斷委員會,ORG,6,7.207207207207207e-4,0.020607557257914577,1142.2685998127126,4.292582417582418e-5
勞軍,ORG,3,3.6036036036036037e-4,0.01685854948976282,501.79470089813407,4.291477126426916e-5
勞軍勸募委員會,ORG,29,0.0034834834834834836,0.032769641029125954,16403.96997206928,4.301075268817204e-5
募杜,PERSON,1,1.2012012012012012e-4,5.179202581807352e-4,0,3.163555836760519e-5
勤士,PERSON,6,7.207207207207207e-4,0.017200206741355088,1813.4316765889646,3.487966515521451e-5
勤興紡織衫襪廠,ORG,25,0.003003003003003003,0.0211436606083252,15447.725774374278,4.299965600275198e-5
勳兩,PERSON,4,4.8048048048048047e-4,0.004700450151931147,37.63387724947352,3.225390272222939e-5
勳張,PERSON,4,4.8048048048048047e-4,0.0025997694157308864,0.15789473684210525,3.1695721077654516e-5
勳景,PERSON,1,1.2012012012012012e-4,0.007287514023917677,0,3.309723969020984e-5
勳爲,PERSON,3,3.6036036036036037e-4,0.006643166885240422,42.05641769540766,3.294241665568586e-5
勳范,PERSON,6,7.207207207207207e-4,0.01217608827867839,382.2442872706947,3.402517863218782e-5
勵仁社,ORG,18,0.002162162162162162,0.01185362761277732,1262.5662541196343,3.4891835310537335e-5
勵志社,ORG,30,0.0036036036036036037,0.028403675918249743,10387.451808220094,4.301445285615967e-5
勸募委,ORG,9,0.001081081081081081,0.04357651686773329,4540.921659356311,4.2936882782310004e-5
匀田,PERSON,5,6.006006006006006e-4,0.010654304170531594,128.8504303824068,3.4036759700476515e-5
包光,PERSON,9,0.001081081081081081,0.012058727667521297,163.1970346503108,3.293373732051113e-5
包公,PERSON,6,7.207207207207207e-4,0.01511108850538059,571.8748691543087,3.388222538456326e-5
包升,PERSON,9,0.001081081081081081,0.012058727667521304,163.1970346503108,3.293373732051113e-5
包大,PERSON,6,7.207207207207207e-4,0.0037071603829853905,2.7082164108705853,3.172387538861747e-5
包寳,PERSON,5,6.006006006006006e-4,0.004823651277713829,148.08245019116586,3.238971302714258e-5
包小蝶,PERSON,24,0.002882882882882883,0.049519048378781017,13586.017572240167,3.67403923873907e-5
包小蝶史,PERSON,1,1.2012012012012012e-4,0.007287514023917678,0,3.309723969020984e-5
包德明,PERSON,2,2.4024024024024023e-4,0.010194021556976712,181.42887022500375,3.4111065629690273e-05
包惠,PERSON,2,2.4024024024024023e-4,0.006345737002595777,18.57962516909915,3.340236488743403e-5
包明,PERSON,1,1.2012012012012012e-4,0.008664365789620142,0,3.400435255712731e-5
包華,PERSON,1,1.2012012012012012e-4,6.225211412554048e-4,0,3.164356686285678e-5
北京協和醫院,ORG,64,0.0076876876876876875,0.05862969828425396,51937.77545306318,4.3144361032013115e-5
北京市參議會,ORG,28,0.0033633633633633636,0.026588522375448394,7507.458027123316,4.30070531567177e-5
北京華北實業商行,ORG,15,0.0018018018018018018,0.019368202305889586,20546.117262983626,4.2959017097688804e-5
匡廬中學,ORG,5,6.006006006006006e-4,0.0317287922187986,8476.744544655525,4.292213923941969e-5
匪軍,ORG,3,3.6036036036036037e-4,0.01685854948976282,501.79470089813407,4.291477126426916e-5
匯報,ORG,4,4.8048048048048047e-4,0.021794898206450707,117.13828721016345,4.291845493562232e-5
匯豐銀行,ORG,18,0.002162162162162162,0.03561800040769735,2843.929924696181,4.2970092815400483e-5
匹考,PERSON,2,2.4024024024024023e-4,0.001261954825393358,2.1683427447535637,3.174401625293632e-5
區政,PERSON,3,3.6036036036036037e-4,8.624218137755436e-4,1.0788168828908768,3.163956210846042e-5
區敵僞產業處理局局,ORG,10,0.0012012012012012011,0.03476415527710244,3543.4744882878254,4.294057025077293e-5
區敵僞産業處理局,ORG,4,4.8048048048048047e-4,0.017461903884251694,626.9950536728614,4.291845493562232e-5
區民代表會,ORG,6,7.207207207207207e-4,0.016486953640122804,12941.932010168368,4.292582417582418e-5
升仁,PERSON,9,0.001081081081081081,0.012058727667521293,163.1970346503108,3.293373732051113e-5
升永酒行,ORG,7,8.408408408408409e-4,0.017852632200278013,2150.423477716527,4.292950974499871e-5
卓宗海,PERSON,4,4.8048048048048047e-4,0.012173807195320699,461.65212375700884,3.4253613756251286e-5
卓宜,PERSON,1,1.2012012012012012e-4,3.03401692839681e-4,0,3.168567807351077e-5
卓思麟,PERSON,9,0.001081081081081081,0.02182450252969104,1256.6181197464418,3.506803198204517e-5
卓然,PERSON,14,0.0016816816816816818,0.026106167174784246,1555.0326371509018,3.3907500339075e-5
卓著,PERSON,4,4.8048048048048047e-4,0.003421852079897187,4.4938255338808855,3.183496752833312e-5
卓葆,PERSON,7,8.408408408408409e-4,0.014832070674627223,727.8509889492835,3.457814661134163e-5
協恭,PERSON,2,2.4024024024024023e-4,0.006345737002595777,18.57962516909915,3.340236488743403e-5
協管部,ORG,8,9.609609609609609e-4,0.01883556413940876,6933.427794814352,4.29331959471063e-5
南京商聯會,ORG,19,0.0022822822822822822,0.049892125115200865,2978.8188364572175,4.298486932599725e-5
南京工業專科學校,ORG,10,0.0012012012012012011,0.0271914537825085,3896.7689872230367,4.294057025077293e-5
南京市商會,ORG,1,1.2012012012012012e-4,0.01641616534466388,0,4.290740581824423e-5
南京東路永隆公司,ORG,3,3.6036036036036037e-4,0.01713746343555087,418.42385960113006,4.291477126426916e-5
南京海軍福利社,ORG,23,0.002762762762762763,0.021983886664880246,27637.02388911759,4.2988565041698905e-5
南京襪廠,ORG,5,6.006006006006006e-4,0.017888051282074,1029.4360381920121,4.292213923941969e-5
南京電信局,ORG,22,0.002642642642642643,0.04766799232654004,9172.059426070518,4.298486932599725e-5
南侯,PERSON,1,1.2012012012012012e-4,0.007287514023917677,0,3.309723969020984e-5
南杜月笙,PERSON,4,4.8048048048048047e-4,0.0025997694157308877,0.15789473684210525,3.1695721077654516e-5
南梁,PERSON,3,3.6036036036036037e-4,0.015275997019294128,420.14624893103274,3.45972875726543e-5
南洋中,ORG,62,0.007447447447447447,0.06577744100389772,11540.35284644594,4.313691657320335e-5
南洋商業考察團,ORG,18,0.002162162162162162,0.04127968896779174,6236.09968192144,4.2970092815400483e-5
南洋無線電校,ORG,6,7.207207207207207e-4,0.027131474676997877,736.603443414053,4.292582417582418e-5
南洋華僑中隊一隊,ORG,9,0.001081081081081081,0.021494042161326346,1407.019416741791,4.2936882782310004e-5
南洲實業公司,ORG,6,7.207207207207207e-4,0.0169017742391167,3342.4638060045445,4.292582417582418e-5
南爲,PERSON,1,1.2012012012012012e-4,8.415068085950107e-4,0,3.176821907363873e-5
南翔,PERSON,4,4.8048048048048047e-4,0.0015365652320974313,2.086846584705914,3.172790151659369e-5
南華興業股份有限公司,ORG,2,2.4024024024024023e-4,0.01741015540882079,52.84792781122693,4.2911088225197394e-5
南貨業同業公會,ORG,7,8.408408408408409e-4,0.01728994766913958,2584.735015688038,4.292950974499871e-5
南通社會新聞社,ORG,15,0.0018018018018018018,0.019909712295621516,4943.880035831077,4.2959017097688804e-5
博眞,PERSON,9,0.001081081081081081,0.026820433307556443,2332.7050142324247,3.5408257205580345e-5
博美商店,ORG,22,0.002642642642642643,0.02444487885426268,6428.943318254794,4.298486932599725e-5
卜內門,ORG,76,0.009129129129129129,0.09258265095857496,36273.250258409826,4.3189081800120926e-5
卜靑茂,PERSON,6,7.207207207207207e-4,0.008187814689623953,352.00677074676764,3.280839895013123e-5
卞善,PERSON,2,2.4024024024024023e-4,0.0068197228149820925,39.53145604216699,3.3471682956219036e-5
卞白,PERSON,5,6.006006006006006e-4,0.015097467801323813,124.28719872113183,3.3377837116154874e-5
占元,PERSON,8,9.609609609609609e-4,0.021782513054374647,532.5523691977385,3.4489894460922946e-5
卡德路,PERSON,5,6.006006006006006e-4,0.007834561403779427,680.6319750860526,3.354128932716174e-5
卡洛列,PERSON,5,6.006006006006006e-4,0.005233187525283748,223.05625409020251,3.241070849808777e-5
卡爾登,ORG,387,0.046486486486486484,0.24299614927062313,423058.7132828752,4.4393145698304184e-5
印丹,PERSON,1,1.2012012012012012e-4,4.307666442358611e-4,0,3.1671628555140305e-5
即楊,PERSON,9,0.001081081081081081,0.02053610256490428,4922.347434869865,3.61794500723589e-5
卿徐,PERSON,7,8.408408408408409e-4,0.017678538094205044,928.4522998590767,3.387304383171872e-5
卿方,PERSON,6,7.207207207207207e-4,0.010811012398490544,310.5468774896433,3.368818218568926e-5
卿馬,PERSON,2,2.4024024024024023e-4,0.0013913105826181711,0.045454545454545456,3.166160081053698e-5
厚貺,PERSON,14,0.0016816816816816818,0.005673692410486353,45.18277537800643,3.1709791983764585e-5
原出,PERSON,4,4.8048048048048047e-4,0.0064226859598684105,55.40107853797565,3.2539372640895484e-5
原洗凡,PERSON,7,8.408408408408409e-4,0.006634577952433314,381.72002560457827,3.241491085899514e-5
厲文生,PERSON,5,6.006006006006006e-4,0.006336648309152614,78.80545529604122,3.244014792707455e-5
厲森,PERSON,7,8.408408408408409e-4,0.023688494174609342,929.0681891487944,3.4020548411240386e-5
厲樹,PERSON,4,4.8048048048048047e-4,0.0025997694157308864,0.15789473684210525,3.1695721077654516e-5
厲樹雄,PERSON,19,0.0022822822822822822,0.024682921092523895,1539.6545770869604,3.3548040794417606e-5
厲生,PERSON,1,1.2012012012012012e-4,2.92672614105674e-4,0,3.163956210846042e-5
厲聲,PERSON,5,6.006006006006006e-4,0.0032386684109284294,36.18432504704629,3.1930519190242035e-5
厲醫,PERSON,5,6.006006006006006e-4,0.0032386684109284303,36.18432504704629,3.1930519190242035e-5
參政會,ORG,18,0.002162162162162162,0.025634481559191187,3697.396633082342,4.2970092815400483e-5
參議會,ORG,15,0.0018018018018018018,0.028347927375650537,3287.7594589689897,4.2959017097688804e-5
友丁,PERSON,5,6.006006006006006e-4,0.010800114843180409,305.12735227830035,3.349634889797012e-5
友以,PERSON,3,3.6036036036036037e-4,0.01678923513171413,990.3245349750619,3.533069530808366e-5
友信公司,ORG,22,0.002642642642642643,0.024444878854262702,6428.943318254794,4.298486932599725e-5
友劉,PERSON,6,7.207207207207207e-4,0.016084135890712187,946.8420505518003,3.433830094086945e-5
友吳,PERSON,10,0.0012012012012012011,0.022109715492913712,3033.798846098233,3.488940060009769e-5
友呂,PERSON,4,4.8048048048048047e-4,0.016870806665024215,910.9591606364799,3.4746351633078526e-5
友單,PERSON,2,2.4024024024024023e-4,0.006345737002595778,18.57962516909915,3.340236488743403e-5
友嚴,PERSON,4,4.8048048048048047e-4,0.004700450151931147,37.63387724947352,3.225390272222939e-5
友孫,PERSON,6,7.207207207207207e-4,0.01336116737701735,684.5432010397474,3.4310025389418786e-5
友張,PERSON,1,1.2012012012012012e-4,3.5433331800824617e-4,0,3.167965532535006e-5
友志,PERSON,7,8.408408408408409e-4,0.00777114302937685,412.4986347652376,3.259239945244769e-5
友念,PERSON,2,2.4024024024024023e-4,7.991825280313968e-4,0.047619047619047616,3.165959602355474e-5
友易,PERSON,5,6.006006006006006e-4,0.007154840492146821,58.10820386381375,3.288608260983952e-5
友曹,PERSON,3,3.6036036036036037e-4,0.0011535158460396426,127.87062276300595,3.17218627077782e-5
友朱,PERSON,7,8.408408408408409e-4,0.017960409819503347,1207.208225295111,3.45447008428907e-5
友榮,PERSON,5,6.006006006006006e-4,0.007154840492146816,58.10820386381375,3.288608260983952e-5
友汪,PERSON,1,1.2012012012012012e-4,3.3235390388109337e-4,0,3.1671628555140305e-5
友浦,PERSON,7,8.408408408408409e-4,0.01796040981950334,1207.208225295111,3.45447008428907e-5
友王,PERSON,4,4.8048048048048047e-4,0.0069755207891215075,995.7393160177767,3.299676631690094e-5
友羅,PERSON,3,3.6036036036036037e-4,0.004556664630359591,82.82966821872313,3.240650722665111e-5
友聲旅行團,ORG,4,4.8048048048048047e-4,0.017461903884251697,626.9950536728614,4.291845493562232e-5
友范,PERSON,2,2.4024024024024023e-4,7.255159986256991e-4,0.034482758620689655,3.167564143173899e-5
友蘭,PERSON,3,3.6036036036036037e-4,0.0037086947586576486,36.922015107539174,3.225182222795588e-5
友譚,PERSON,2,2.4024024024024023e-4,0.0012306698867394375,179.95292780076292,3.1841049480990894e-5
友賈,PERSON,6,7.207207207207207e-4,0.014411723880959886,250.80825175331708,3.381348481774532e-5
友辛,PERSON,1,1.2012012012012012e-4,8.415068085950118e-4,0,3.176821907363873e-5
友郭,PERSON,2,2.4024024024024023e-4,7.255159986256989e-4,0.034482758620689655,3.167564143173899e-5
友鄔,PERSON,3,3.6036036036036037e-4,0.00898461521449444,116.28256708398199,3.354128932716174e-5
友鄭,PERSON,4,4.8048048048048047e-4,0.007693492564149919,1020.6574280171062,3.274608684262231e-5
友陸,PERSON,4,4.8048048048048047e-4,0.011956986408593199,2765.933795132037,3.4314734747100405e-5
友顧,PERSON,6,7.207207207207207e-4,0.007509173810155062,1104.4018436763477,3.2948929159802305e-5
友黃,PERSON,5,6.006006006006006e-4,0.014675173307484787,1250.6581836338764,3.4378437843784377e-5
友黄,PERSON,4,4.8048048048048047e-4,0.0014435644736360959,0.2608695652173913,3.166561114629513e-5
友龔,PERSON,4,4.8048048048048047e-4,0.007860927434875356,52.307729725569054,3.340682835571591e-5
叔榮,PERSON,1,1.2012012012012012e-4,6.579306877011924e-4,0,3.1750063500127e-5
叔範,PERSON,3,3.6036036036036037e-4,0.001603238652829642,1.0942282987102634,3.1762164909160206e-5
叔薇兩,PERSON,2,2.4024024024024023e-4,7.255159986256988e-4,0.034482758620689655,3.167564143173899e-5
叔蘋,PERSON,5,6.006006006006006e-4,0.003375450545513286,250.35340288629504,3.182281059063136e-5
叔彪,PERSON,1,1.2012012012012012e-4,4.351913100735498e-4,0,3.1677648251393816e-05
叔鸞,PERSON,7,8.408408408408409e-4,0.02767865500269451,480.29727571669935,3.3847820200379094e-5
取平,PERSON,6,7.207207207207207e-4,0.01687042311606222,367.49477987916686,3.352779454167505e-5
叙倫,PERSON,1,1.2012012012012012e-4,7.732780585623035e-4,0,3.171180313312615e-5
叢奎雄,PERSON,8,9.609609609609609e-4,0.01222329048053614,33.418706651519976,3.2851511169513796e-5
叢祥,PERSON,5,6.006006006006006e-4,0.0026089136001303105,6.733121545357587,3.182483610209407e-5
古拔,PERSON,1,1.2012012012012012e-4,2.9877324302640836e-4,0,3.163155563990637e-5
古暦,PERSON,4,4.8048048048048047e-4,0.01687080666502422,910.9591606364799,3.4746351633078526e-5
古玩社,ORG,23,0.002762762762762763,0.021983886664880256,27637.02388911759,4.2988565041698905e-5
古耕,PERSON,3,3.6036036036036037e-4,0.00542306191348629,6.081767134281239,3.2133676092544985e-5
召辛,PERSON,10,0.0012012012012012011,0.03936408239203064,3979.829190384969,3.695491500369549e-5
可託,PERSON,9,0.001081081081081081,0.017436937745954815,122.44182752488796,3.404371212637026e-5
台北市商會,ORG,15,0.0018018018018018018,0.034627217157262496,4216.365397462551,4.2959017097688804e-5
台灣國大,ORG,16,0.0019219219219219219,0.024513034435915813,4393.545569600241,4.296270836913559e-5
台灣省行政長官公署民政處合作事業管理委會,ORG,20,0.0024024024024024023,0.023461688935628867,18224.231457329282,4.2977479800584495e-5
台灣糖業公司,ORG,12,0.0014414414414414415,0.04001593409173388,856.2077951165118,4.294794708812919e-5
台灣銀行,ORG,34,0.004084084084084084,0.050409834977494995,10016.446544942377,4.302925989672978e-5
台維斯,PERSON,10,0.0012012012012012011,0.0129719703317673,1044.7978448588053,3.325352487363661e-5
史密斯,PERSON,27,0.003243243243243243,0.044344824109172995,25561.98703893964,3.914813654870028e-5
史廉,PERSON,7,8.408408408408409e-4,0.027678655002694515,480.29727571669935,3.3847820200379094e-5
史戴,PERSON,1,1.2012012012012012e-4,3.493230066744232e-4,0,3.166360585143436e-5
史正儒,PERSON,3,3.6036036036036037e-4,0.0019118070231483244,1.2877866712209431,3.174401625293632e-5
史正懦,PERSON,2,2.4024024024024023e-4,0.004424841286004285,5.902656390937416,3.237503237503238e-5
史濟福,PERSON,9,0.001081081081081081,0.012058727667521292,163.1970346503108,3.293373732051113e-5
史特拉斯,PERSON,7,8.408408408408409e-4,0.014902604122646983,490.4097682436593,3.3182904167772766e-5
史特拉特,PERSON,3,3.6036036036036037e-4,0.006571215423757701,25.713226424077614,3.266906239790918e-5
史致,PERSON,9,0.001081081081081081,0.007552311689557517,244.31210778049677,3.2324799586242565e-5
史致富,PERSON,83,0.00996996996996997,0.12643479620556858,113597.13642225461,4.128137384412153e-5
史致芳,PERSON,8,9.609609609609609e-4,0.006618643655615415,109.69997971874918,3.2316442605997934e-5
史詠賡,PERSON,13,0.0015615615615615615,0.03743787702454555,4653.1220073286095,3.6930349361104953e-5
司丹勃,PERSON,2,2.4024024024024023e-4,0.001261954825393358,2.1683427447535637,3.174401625293632e-5
司令部,ORG,56,0.006726726726726727,0.10506803890083209,6946.079521944563,4.311088118641145e-5
司徒,PERSON,64,0.0076876876876876875,0.08561827919168152,95182.8374653304,4.124391652231296e-5
司徒博,PERSON,5,6.006006006006006e-4,0.009296493427207383,1914.986888969345,3.370407819346141e-5
司徒德,PERSON,5,6.006006006006006e-4,0.008098027441746708,76.71006892147572,3.2920726889649725e-5
司徒美堂,PERSON,13,0.0015615615615615615,0.02513904578995928,1050.9854539593662,3.3932813030200205e-5
司徒雷登,PERSON,8,9.609609609609609e-4,0.014469501006450808,1037.8317118107316,3.3451528734863186e-5
司托夫,PERSON,5,6.006006006006006e-4,0.005233187525283748,223.05625409020251,3.241070849808777e-5
司法院,ORG,13,0.0015615615615615615,0.03060879181895857,1837.3732274932006,4.2951636457349025e-5
司登皮件公司,ORG,9,0.001081081081081081,0.020603479904798324,4056.8263726893656,4.2936882782310004e-5
司蒂倍克,PERSON,5,6.006006006006006e-4,0.009019684559924279,161.46780100491608,3.3180702103656515e-5
司長陸,PERSON,6,7.207207207207207e-4,0.010849477069202593,157.03946343916186,3.297065611605671e-5
司陸,PERSON,2,2.4024024024024023e-4,0.003945294292847334,32.99948645428036,3.216882197773918e-5
司麥脫,PERSON,10,0.0012012012012012011,0.018935092848136385,3190.647597560129,3.46716593856182e-5
合灣重建協會,ORG,11,0.0013213213213213214,0.017366454821549724,5108.728879629356,4.294425835265825e-5
合維斯,PERSON,1,1.2012012012012012e-4,6.896996953853931e-4,0,3.1669622498099825e-5
合衆出版社,ORG,8,9.609609609609609e-4,0.017592689659261977,2595.056616857635,4.29331959471063e-5
合衆社,ORG,24,0.002882882882882883,0.04113474501401357,16560.143605374586,4.299226139294927e-5
合衆電,ORG,23,0.002762762762762763,0.023451826661371918,8866.816317366063,4.2988565041698905e-5
吉何,PERSON,6,7.207207207207207e-4,0.002298458565519758,1.6813576810374764,3.1729914963827895e-5
吉倫,PERSON,2,2.4024024024024023e-4,0.0011226778838420253,1.900025780466493,3.171180313312615e-5
吉倫將軍,PERSON,2,2.4024024024024023e-4,0.0011226778838420253,1.900025780466493,3.171180313312615e-5
吉士,ORG,119,0.014294294294294295,0.08197347683119378,67156.74308276796,4.3350095370209814e-5
吉大華行,ORG,65,0.0078078078078078076,0.038770634753126164,151861.6530706714,4.3144361032013115e-5
吉明齋,PERSON,4,4.8048048048048047e-4,0.008597606572782206,711.8597403451547,3.316749585406302e-5
吉珊,PERSON,16,0.0019219219219219219,0.02972913063768924,1146.1427101124061,3.434537711224069e-5
吉生,PERSON,5,6.006006006006006e-4,0.008896309424278163,648.6603531364918,3.358183894150044e-5
吉震,PERSON,9,0.001081081081081081,0.021573660654306673,967.9523097490462,3.473669584549118e-5
同仁西藥社出品,ORG,1,1.2012012012012012e-4,0.016416165344663874,0,4.290740581824423e-5
同孚路,ORG,8,9.609609609609609e-4,0.022663122704966447,1070.3506197280924,4.29331959471063e-5
同德醫學院,ORG,36,0.004324324324324324,0.03992617067128678,108274.8448314176,4.3036667240488894e-5
同啟,PERSON,7,8.408408408408409e-4,0.009250912160524385,20.94006638093603,3.2268473701193935e-5
同禧,PERSON,1,1.2012012012012012e-4,8.415068085950108e-4,0,3.176821907363873e-5
吕克章,PERSON,1,1.2012012012012012e-4,3.789807969594065e-4,0,3.165959602355474e-5
吕宋,PERSON,2,2.4024024024024023e-4,0.005387459582752619,131.09893035926441,3.2643468042044783e-5
吕彝伯,PERSON,1,1.2012012012012012e-4,0.0010396489255900595,0,3.173394262503174e-5
吕春奎,PERSON,1,1.2012012012012012e-4,0.007287514023917678,0,3.309723969020984e-5
吕松聲,PERSON,7,8.408408408408409e-4,0.023688494174609342,929.0681891487944,3.4020548411240386e-5
吕紹韻,PERSON,1,1.2012012012012012e-4,3.789807969594067e-4,0,3.165959602355474e-5
含殮,PERSON,2,2.4024024024024023e-4,7.991825280313967e-4,0.047619047619047616,3.165959602355474e-5
含粹,PERSON,7,8.408408408408409e-4,0.017960409819503344,1207.208225295111,3.45447008428907e-5
吳世,PERSON,6,7.207207207207207e-4,0.012176088278678387,382.2442872706947,3.402517863218782e-5
吳人,PERSON,2,2.4024024024024023e-4,5.61872428556598e-4,0.08333333333333333,3.163956210846042e-5
吳仁葆,PERSON,2,2.4024024024024023e-4,0.011519252717289218,166.19785782117216,3.3763252076440005e-5
吳仕森,PERSON,2,2.4024024024024023e-4,0.002435137421146672,2.0304168970839447,3.209654641160611e-5
吳仞,PERSON,7,8.408408408408409e-4,0.027678655002694515,480.29727571669935,3.3847820200379094e-5
吳任,PERSON,8,9.609609609609609e-4,0.026212480135143976,2067.6821057034026,3.535067873303168e-5
吳佩孚,PERSON,1,1.2012012012012012e-4,6.447707875682823e-4,0,3.171180313312615e-5
吳修,PERSON,2,2.4024024024024023e-4,8.339739250750859e-4,0.3657202345821272,3.165157941381275e-5
吳光,PERSON,7,8.408408408408409e-4,0.009250912160524384,20.94006638093603,3.2268473701193935e-5
吳兩,PERSON,4,4.8048048048048047e-4,0.012670906611790054,285.68269213796316,3.37997701615629e-5
吳叔,PERSON,1,1.2012012012012012e-4,0.001039648925590059,0,3.173394262503174e-5
吳味,PERSON,8,9.609609609609609e-4,0.01872272964617898,819.0913050450076,3.3679105482958374e-5
吳國楨,PERSON,141,0.016936936936936937,0.19629467446466112,199773.1837272932,4.334257975034674e-5
吳報,PERSON,12,0.0014414414414414415,0.02624662022977787,3312.225350512105,3.401823377330249e-5
吳士,PERSON,10,0.0012012012012012011,0.015064632581110786,3749.310152569672,3.448038066340252e-5
吳夢,PERSON,1,1.2012012012012012e-4,4.307666442358611e-4,0,3.1671628555140305e-5
吳大,PERSON,2,2.4024024024024023e-4,0.008766472903240112,79.54108101827777,3.3018556428712935e-5
吳天,PERSON,1,1.2012012012012012e-4,3.03401692839681e-4,0,3.168567807351077e-5
吳天興,PERSON,31,0.0037237237237237237,0.06344505703514489,30622.158422779452,3.8768705900597035e-5
吳子,PERSON,6,7.207207207207207e-4,0.01244627255650657,1213.8241022305522,3.2912058978409687e-5
吳容,PERSON,8,9.609609609609609e-4,0.012223290480536136,33.418706651519976,3.2851511169513796e-5
吳富琴,PERSON,6,7.207207207207207e-4,0.02287490049959872,354.44088573884153,3.3763252076440005e-5
吳寳,PERSON,3,3.6036036036036037e-4,0.004556664630359591,82.82966821872313,3.240650722665111e-5
吳少,PERSON,5,6.006006006006006e-4,0.004080904430377633,18.919364027845845,3.2100667693888034e-5
吳局,PERSON,25,0.003003003003003003,0.05484292136096282,18912.93381957062,3.757985719654265e-5
吳山,PERSON,7,8.408408408408409e-4,0.027678655002694525,480.29727571669935,3.3847820200379094e-5
吳巿,PERSON,1,1.2012012012012012e-4,5.3122474967431e-4,0,3.164356686285678e-5
吳市,PERSON,164,0.0196996996996997,0.1963423879972501,296673.23582287156,4.5829514207149406e-5
吳幹,PERSON,4,4.8048048048048047e-4,0.011107189120650934,101.73710190766874,3.3196122692869474e-5
吳延芳,PERSON,30,0.0036036036036036037,0.04834891269574008,9379.932415134077,3.608545034642032e-5
吳志廉,PERSON,3,3.6036036036036037e-4,9.775144055702823e-4,0.7352631578947368,3.163555836760519e-5
吳志翔,PERSON,6,7.207207207207207e-4,0.003371719730179142,28.478568813996905,3.188368830506313e-5
吳忠,PERSON,10,0.0012012012012012011,0.023807331445510498,2941.8737124640097,3.5340684195646025e-5
吳忠淑,PERSON,3,3.6036036036036037e-4,0.001061643693661134,0.2841238564773236,3.1709791983764585e-5
吳恩潭,PERSON,3,3.6036036036036037e-4,0.010002217362508326,135.27609714198354,3.316529583443884e-5
吳悲,PERSON,4,4.8048048048048047e-4,0.003874066051718673,19.07718454390562,3.199181009661527e-5
吳惠珠,PERSON,6,7.207207207207207e-4,0.01329091125745634,200.34676375923544,3.362700921380053e-5
吳惠生,PERSON,3,3.6036036036036037e-4,0.0010616436936611334,0.2841238564773236,3.1709791983764585e-5
吳戴,PERSON,8,9.609609609609609e-4,0.021782513054374647,532.5523691977385,3.4489894460922946e-5
吳振,PERSON,7,8.408408408408409e-4,0.007771143029376853,412.4986347652376,3.259239945244769e-5
吳啟,PERSON,4,4.8048048048048047e-4,0.010476227109108298,242.3346722419097,3.411339291805963e-5
吳敬,PERSON,3,3.6036036036036037e-4,0.016789235131714132,990.3245349750619,3.533069530808366e-5
吳敬恒,PERSON,7,8.408408408408409e-4,0.017895335352619304,1701.090761239055,3.492351749668226e-5
吳文卿,PERSON,1,1.2012012012012012e-4,3.789807969594066e-4,0,3.165959602355474e-5
吳斌,PERSON,11,0.0013213213213213214,0.01217691174252096,467.4992491046057,3.290123050602092e-5
吳新根,PERSON,7,8.408408408408409e-4,0.02245763044257073,2277.178154562376,3.5390713476783694e-5
吳明,PERSON,5,6.006006006006006e-4,0.0018650560022230851,16.752795138673157,3.1719850282306667e-5
吳望,PERSON,1,1.2012012012012012e-4,4.539005782166051e-4,0,3.163956210846042e-5
吳本,PERSON,9,0.001081081081081081,0.025942369471227078,2623.417844901404,3.397662408263115e-5
吳楊,PERSON,9,0.001081081081081081,0.02053610256490429,4922.347434869865,3.61794500723589e-5
吳正,PERSON,11,0.0013213213213213214,0.030015609330485644,2568.891801634715,3.5785857429144e-5
吳氏末,PERSON,2,2.4024024024024023e-4,0.0011110680598688041,0.5334939054786282,3.166561114629513e-5
吳焰,PERSON,6,7.207207207207207e-4,0.010644558116615872,1158.4122367890589,3.357281944537702e-5
吳燕,PERSON,3,3.6036036036036037e-4,0.006605117127675942,108.85316930822785,3.340459647247461e-5
吳燕如夫,PERSON,2,2.4024024024024023e-4,6.775332869662114e-4,0.05,3.165558721114277e-5
吳琢,PERSON,18,0.002162162162162162,0.01478873767729339,201.67545512535725,3.249496328069149e-5
吳益,PERSON,1,1.2012012012012012e-4,3.572911334009593e-4,0,3.170577045022194e-5
吳秀琴,PERSON,5,6.006006006006006e-4,0.0021014951613372865,45.8727773074986,3.1782354436816676e-5
吳稚暉,PERSON,35,0.004204204204204204,0.05344873994984873,20781.774353418623,3.771023455765895e-5
吳紫綸,PERSON,1,1.2012012012012012e-4,7.098508719516963e-4,0,3.173394262503174e-5
吳紹,PERSON,93,0.011171171171171172,0.15617403530410426,119367.96902625669,4.2351346772827374e-5
吳紹澍,PERSON,9,0.001081081081081081,0.012058727667521293,163.1970346503108,3.293373732051113e-5
吳緘,PERSON,1,1.2012012012012012e-4,2.92672614105674e-4,0,3.163956210846042e-5
吳繪,PERSON,3,3.6036036036036037e-4,0.008984615214494436,116.28256708398199,3.354128932716174e-5
吳翠,PERSON,5,6.006006006006006e-4,0.0066045004020392935,45.62477476780193,3.23185314459311e-5
吳耕,PERSON,16,0.0019219219219219219,0.029729130637689245,1146.1427101124061,3.434537711224069e-5
吳聞天,PERSON,15,0.0018018018018018018,0.03509730676230905,4991.78241587492,3.598416696653473e-5
吳英,PERSON,2,2.4024024024024023e-4,0.00959299549927185,16.10224503881566,3.400666530640005e-5
吳葆,PERSON,1,1.2012012012012012e-4,9.479916298622017e-4,0,3.169170311212524e-5
吳蓉生,PERSON,3,3.6036036036036037e-4,0.00276741319283529,1.8662938674195404,3.1750063500127e-5
吳藩雄,PERSON,1,1.2012012012012012e-4,0.0010238773972413948,0,3.176620076238882e-5
吳藴初,PERSON,120,0.014414414414414415,0.16322384669834616,143843.96952652867,4.207337596768765e-5
吳蘿,PERSON,5,6.006006006006006e-4,0.012998718461465206,183.31460662748728,3.415533847940433e-5
吳觀,PERSON,16,0.0019219219219219219,0.029729130637689245,1146.1427101124061,3.434537711224069e-5
吳詠,PERSON,6,7.207207207207207e-4,0.0033717197301791407,28.478568813996905,3.188368830506313e-5
吳誦,PERSON,2,2.4024024024024023e-4,0.011519252717289213,166.19785782117216,3.3763252076440005e-5
吳象,PERSON,11,0.0013213213213213214,0.012176911742520955,467.4992491046057,3.290123050602092e-5
吳貽芳,PERSON,7,8.408408408408409e-4,0.01764793233219763,2000.7685765381236,3.548364204101909e-5
吳迺,PERSON,4,4.8048048048048047e-4,0.002286162309219498,10.216291185068014,3.176821907363873e-5
吳邦,PERSON,7,8.408408408408409e-4,0.012541226342947305,2556.9117591520508,3.3521051220166265e-5
吳錫,PERSON,3,3.6036036036036037e-4,0.003002095420505918,23.768865266919708,3.198362438431523e-5
吳鐡城,PERSON,15,0.0018018018018018018,0.02324895018665676,2245.369517912679,3.41740140796938e-5
吳開先,PERSON,111,0.013333333333333334,0.16435531127869601,146138.90321341655,4.285591840233136e-5
吳雲,PERSON,4,4.8048048048048047e-4,0.01267090661179005,285.68269213796316,3.37997701615629e-5
吳雲珍,PERSON,4,4.8048048048048047e-4,0.012670906611790048,285.68269213796316,3.37997701615629e-5
吳韶澍,PERSON,3,3.6036036036036037e-4,0.002081453284887941,9.928565480807828,3.176014736708378e-5
吳鶯,PERSON,7,8.408408408408409e-4,0.021029308388823532,997.1563241841075,3.433830094086945e-5
吳鼎昌,PERSON,16,0.0019219219219219219,0.02972913063768924,1146.1427101124061,3.434537711224069e-5
吴待秋,PERSON,14,0.0016816816816816818,0.026106167174784242,1555.0326371509018,3.3907500339075e-5
吴滄洲,PERSON,4,4.8048048048048047e-4,0.004593297329993955,44.99434718100529,3.217917363882096e-5
吴興中國農民銀行,ORG,35,0.004204204204204204,0.03300484548194837,23157.933090074894,4.303296324984939e-5
吾吳,PERSON,4,4.8048048048048047e-4,0.0025997694157308855,0.15789473684210525,3.1695721077654516e-5
吾姜,PERSON,17,0.002042042042042042,0.013513809307985559,26.71664589579696,3.181673560292714e-5
吾杜月,PERSON,8,9.609609609609609e-4,0.012223290480536136,33.418706651519976,3.2851511169513796e-5
吿邵,PERSON,1,1.2012012012012012e-4,7.500878468123805e-4,0,3.164356686285678e-5
吿黃,PERSON,4,4.8048048048048047e-4,0.007352731978671457,59.746961717430565,3.236874474007898e-5
呂仲陳,PERSON,4,4.8048048048048047e-4,0.010555981330179333,318.08474722567826,3.371544167228591e-5
呂光,PERSON,4,4.8048048048048047e-4,0.013506755655082924,117.44453779971819,3.343139876972452e-5
呂宋,PERSON,5,6.006006006006006e-4,0.010802367357820216,93.96841260415628,3.346496218459273e-5
呂恩,PERSON,1,1.2012012012012012e-4,9.14114196589565e-4,0,3.171582619727244e-5
呂萬,PERSON,2,2.4024024024024023e-4,0.0024351374211466713,2.0304168970839447,3.209654641160611e-5
呂蒼,PERSON,1,1.2012012012012012e-4,3.034016928396809e-4,0,3.168567807351077e-5
周一星,PERSON,3,3.6036036036036037e-4,0.003962290319726661,78.29264215453013,3.221857078420001e-5
周三,PERSON,1,1.2012012012012012e-4,3.5729113340095926e-4,0,3.170577045022194e-5
周世根,PERSON,9,0.001081081081081081,0.02711377211136726,2690.443770024964,3.5642999714856005e-5
周予,PERSON,3,3.6036036036036037e-4,0.007149375812880613,64.5461251024404,3.2713949227950796e-5
周于,PERSON,7,8.408408408408409e-4,0.011814047491792587,177.1688545013561,3.3198326804329064e-5
周仲,PERSON,3,3.6036036036036037e-4,0.006915181970999823,104.55167668063402,3.273751063969096e-5
周仲謀,PERSON,3,3.6036036036036037e-4,0.006915181970999825,104.55167668063402,3.273751063969096e-5
周伯棣,PERSON,4,4.8048048048048047e-4,0.007347220778178679,123.83525735212622,3.2575412078962796e-5
周作民,PERSON,9,0.001081081081081081,0.013460628635059925,614.4936728598512,3.274608684262231e-5
周佩,PERSON,2,2.4024024024024023e-4,0.007904417258540167,246.4335657796653,3.312794010468429e-5
周佩箴,PERSON,5,6.006006006006006e-4,0.0021014951613372865,45.8727773074986,3.1782354436816676e-5
周信,PERSON,12,0.0014414414414414415,0.028745577714571216,4438.657314113191,3.5683699685983445e-5
周信芳,PERSON,7,8.408408408408409e-4,0.024417162066716208,4377.354313053931,3.5947947372205044e-5
周元,PERSON,1,1.2012012012012012e-4,3.789807969594066e-4,0,3.165959602355474e-5
周兩,PERSON,17,0.002042042042042042,0.022402325284175944,1178.7157605231384,3.3763252076440005e-5
周劍,PERSON,5,6.006006006006006e-4,0.010106088921800637,118.14803519999626,3.3025099075297225e-5
周劍星,PERSON,7,8.408408408408409e-4,0.023688494174609345,929.0681891487944,3.4020548411240386e-5
周叔文,PERSON,7,8.408408408408409e-4,0.023688494174609342,929.0681891487944,3.4020548411240386e-5
周啓,PERSON,1,1.2012012012012012e-4,3.572911334009594e-4,0,3.170577045022194e-5
周國,PERSON,3,3.6036036036036037e-4,0.0010616436936611334,0.2841238564773236,3.1709791983764585e-5
周夢白,PERSON,9,0.001081081081081081,0.012058727667521299,163.1970346503108,3.293373732051113e-5
周子,PERSON,5,6.006006006006006e-4,0.01665864310767874,1471.4679053136063,3.388222538456326e-5
周孝伯,PERSON,18,0.002162162162162162,0.05998520290541962,6773.149630945264,3.759681179036018e-5
周孝庵,PERSON,3,3.6036036036036037e-4,0.011635889676002256,437.26031781721406,3.4258307639602604e-5
周學,PERSON,86,0.01033033033033033,0.15230726886763812,115575.20561902462,4.3357613596947624e-5
周學昌,PERSON,7,8.408408408408409e-4,0.027678655002694525,480.29727571669935,3.3847820200379094e-5
周學洲,PERSON,4,4.8048048048048047e-4,0.005197425458404819,57.52869613489803,3.229348317509527e-5
周學湘,PERSON,22,0.002642642642642643,0.050954648436019254,9872.464335794037,3.721899657585231e-5
周守,PERSON,3,3.6036036036036037e-4,0.010629738730158864,21.45554897877954,3.4008978370289756e-5
周安善,PERSON,7,8.408408408408409e-4,0.023688494174609342,929.0681891487944,3.4020548411240386e-5
周家,PERSON,12,0.0014414414414414415,0.03739332786929467,4335.742197628535,3.642456472645152e-5
周寳,PERSON,2,2.4024024024024023e-4,0.00643408393789296,16.62449614338071,3.340236488743403e-5
周寶,PERSON,4,4.8048048048048047e-4,0.010555981330179338,318.08474722567826,3.371544167228591e-5
周少,PERSON,10,0.0012012012012012011,0.027036593668040124,1806.3302047557345,3.4969925863757166e-5
周尚,PERSON,7,8.408408408408409e-4,0.010835579461705427,156.62163591963042,3.2679738562091506e-5
周峯,PERSON,2,2.4024024024024023e-4,5.679995347648311e-4,0.05,3.165558721114277e-5
周師,PERSON,9,0.001081081081081081,0.02157366065430667,967.9523097490462,3.473669584549118e-5
周幼,PERSON,1,1.2012012012012012e-4,3.572911334009594e-4,0,3.170577045022194e-5
周廷黻,PERSON,2,2.4024024024024023e-4,6.269218673298666e-4,0.047619047619047616,3.165759149043941e-5
周建人,PERSON,3,3.6036036036036037e-4,0.003204915009376846,2.4817835973184477,3.197748784855462e-5
周律,PERSON,3,3.6036036036036037e-4,0.010283015407599634,61.37609000337333,3.4008978370289756e-5
周德,PERSON,18,0.002162162162162162,0.014788737677293386,201.67545512535725,3.249496328069149e-5
周志,PERSON,1,1.2012012012012012e-4,3.323539038810934e-4,0,3.1671628555140305e-5
周忠善,PERSON,9,0.001081081081081081,0.021573660654306666,967.9523097490462,3.473669584549118e-5
周念,PERSON,6,7.207207207207207e-4,0.002234047023782148,6.391664780934227,3.168969451134491e-5
周恩來,PERSON,120,0.014414414414414415,0.13007416760971616,205217.33782786503,4.3802014892685065e-5
周慧,PERSON,4,4.8048048048048047e-4,0.006422685959868411,55.40107853797565,3.2539372640895484e-5
周應,PERSON,6,7.207207207207207e-4,0.006534884158777786,65.99356561984139,3.227263925643839e-5
周懋,PERSON,4,4.8048048048048047e-4,0.004036434302380933,57.316832214928546,3.2312265736073417e-5
周承恩,PERSON,1,1.2012012012012012e-4,4.3076664423586107e-4,0,3.1671628555140305e-5
周斐,PERSON,63,0.0075675675675675675,0.113625995956671,34879.10832058107,3.89347453667653e-5
周斐成,PERSON,1,1.2012012012012012e-4,6.521066309658566e-4,0,3.164156435894191e-5
周新,PERSON,7,8.408408408408409e-4,0.005151357536331922,79.95900768741475,3.210685160213189e-5
周明德,PERSON,1,1.2012012012012012e-4,7.07020370157333e-4,0,3.1758130081300816e-5
周明炎,PERSON,4,4.8048048048048047e-4,0.013869862134917697,64.58532128018153,3.332666799973339e-5
周明道,PERSON,11,0.0013213213213213214,0.028240455610817998,2121.196729252374,3.493327744008943e-5
周東海,PERSON,6,7.207207207207207e-4,0.0033717197301791416,28.478568813996905,3.188368830506313e-5
周柏春,PERSON,10,0.0012012012012012011,0.020293569854510828,2689.5567324703434,3.49577011815703e-5
周栢,PERSON,3,3.6036036036036037e-4,0.015555386245260264,422.21281141076645,3.465243606625546e-5
周根,PERSON,6,7.207207207207207e-4,0.010655429265120819,718.0401794548612,3.4055305816646236e-5
周椒,PERSON,9,0.001081081081081081,0.006392699524589513,1.2948917180374984,3.1746031746031745e-5
周楚,PERSON,9,0.001081081081081081,0.01743693774595482,122.44182752488796,3.404371212637026e-5
周正,PERSON,2,2.4024024024024023e-4,0.00529020075189917,13.874347490521853,3.257328990228013e-5
周水林,PERSON,3,3.6036036036036037e-4,0.008394630905946955,15.873785038424115,3.3101621979477e-5
周永年,PERSON,4,4.8048048048048047e-4,0.0030211172275050424,3.0086207841277735,3.176014736708378e-5
周池,PERSON,2,2.4024024024024023e-4,0.00643408393789296,16.62449614338071,3.340236488743403e-5
周浦,PERSON,20,0.0024024024024024023,0.023021987928102453,588.9237364609927,3.276110601493906e-5
周淼,PERSON,1,1.2012012012012012e-4,0.005957128144685051,0,3.34001336005344e-5
周漢卿,PERSON,2,2.4024024024024023e-4,0.0024351374211466713,2.0304168970839447,3.209654641160611e-5
周潤秋,PERSON,7,8.408408408408409e-4,0.023688494174609342,929.0681891487944,3.4020548411240386e-5
周濂,PERSON,14,0.0016816816816816818,0.040303823057463044,10879.228797166796,3.8005472788081484e-5
周炎,PERSON,2,2.4024024024024023e-4,0.011519252717289218,166.19785782117216,3.3763252076440005e-5
周烈士,PERSON,9,0.001081081081081081,0.021573660654306662,967.9523097490462,3.473669584549118e-5
周爲德,PERSON,4,4.8048048048048047e-4,0.0038551531410494382,33.498113525917994,3.203280158882696e-5
周瑜,PERSON,3,3.6036036036036037e-4,0.015275997019294137,420.14624893103274,3.45972875726543e-5
周璇,PERSON,5,6.006006006006006e-4,0.010020888021367502,155.23587701730528,3.3025099075297225e-5
周甲,PERSON,8,9.609609609609609e-4,0.017302843330661184,1239.2065710310208,3.469812630117974e-5
周祥生,PERSON,22,0.002642642642642643,0.025148246173202667,6034.918251802957,3.3738191632928474e-5
周福,PERSON,1,1.2012012012012012e-4,4.3665833117184795e-4,0,3.1671628555140305e-5
周禧,PERSON,7,8.408408408408409e-4,0.012541226342947302,2556.9117591520508,3.3521051220166265e-5
周穆,PERSON,17,0.002042042042042042,0.022402325284175944,1178.7157605231384,3.3763252076440005e-5
周穆英,PERSON,17,0.002042042042042042,0.022402325284175937,1178.7157605231384,3.3763252076440005e-5
周翼,PERSON,3,3.6036036036036037e-4,0.015275997019294132,420.14624893103274,3.45972875726543e-5
周老,PERSON,6,7.207207207207207e-4,0.01094644230425598,753.7978000688933,3.413435281267067e-5
周肇基,PERSON,3,3.6036036036036037e-4,0.007149375812880616,64.5461251024404,3.2713949227950796e-5
周至,PERSON,1,1.2012012012012012e-4,0.007287514023917678,0,3.309723969020984e-5
周至柔,PERSON,4,4.8048048048048047e-4,0.0031751919252358193,34.91762022817193,3.186540054808489e-5
周芳,PERSON,4,4.8048048048048047e-4,0.010555981330179334,318.08474722567826,3.371544167228591e-5
周英,PERSON,9,0.001081081081081081,0.02157366065430667,967.9523097490462,3.473669584549118e-5
周莊,PERSON,9,0.001081081081081081,0.01743693774595482,122.44182752488796,3.404371212637026e-5
周蒼,PERSON,5,6.006006006006006e-4,0.01096525692820414,398.2377870778041,3.302073702285035e-5
周蔚,PERSON,8,9.609609609609609e-4,0.0073800232254244485,493.2009283786026,3.240860772621208e-5
周處,PERSON,1,1.2012012012012012e-4,4.660743043693031e-4,0,3.164356686285678e-5
周裕康,PERSON,2,2.4024024024024023e-4,0.008766472903240109,79.54108101827777,3.3018556428712935e-5
周裘,PERSON,8,9.609609609609609e-4,0.013607640583828474,865.4911893050856,3.3783783783783784e-5
周誰,PERSON,5,6.006006006006006e-4,0.0036454819129655763,21.30282521385167,3.193867773874162e-5
周謙,PERSON,10,0.0012012012012012011,0.02479730814507822,4544.789898123113,3.642456472645152e-5
周謙冲,PERSON,1,1.2012012012012012e-4,4.4602599557925707e-4,0,3.163555836760519e-5
周象,PERSON,1,1.2012012012012012e-4,0.0031311950065727673,0,3.210891343436938e-5
周貽,PERSON,18,0.002162162162162162,0.0411299203347388,20001.263484118652,3.738876841396844e-5
周貽忠,PERSON,1,1.2012012012012012e-4,3.5729113340095926e-4,0,3.170577045022194e-5
周起,PERSON,2,2.4024024024024023e-4,5.67999534764831e-4,0.05,3.165558721114277e-5
周迪,PERSON,3,3.6036036036036037e-4,0.0010616436936611334,0.2841238564773236,3.1709791983764585e-5
周郁,PERSON,3,3.6036036036036037e-4,0.0033691560134623236,7.39018334825761,3.191421459117891e-5
周重,PERSON,10,0.0012012012012012011,0.027036593668040114,1806.3302047557345,3.4969925863757166e-5
周金松,PERSON,1,1.2012012012012012e-4,4.366583311718481e-4,0,3.1671628555140305e-5
周金福,PERSON,10,0.0012012012012012011,0.03784536543555878,1800.9700697346723,3.4989503149055284e-5
周錦,PERSON,1,1.2012012012012012e-4,3.572911334009592e-4,0,3.170577045022194e-5
周錦堂,PERSON,2,2.4024024024024023e-4,0.003811187228001982,94.22554149470282,3.237084034701541e-5
周錫,PERSON,8,9.609609609609609e-4,0.005476382687108453,609.5945520176281,3.237293622531564e-5
周鍊霞,PERSON,5,6.006006006006006e-4,0.004080904430377632,18.919364027845845,3.2100667693888034e-5
周鎭實,PERSON,2,2.4024024024024023e-4,0.001335902666049426,0.4162703256742152,3.1709791983764585e-5
周鐘,PERSON,1,1.2012012012012012e-4,0.008664365789620137,0,3.400435255712731e-5
周關,PERSON,1,1.2012012012012012e-4,4.366583311718478e-4,0,3.1671628555140305e-5
周雍,PERSON,5,6.006006006006006e-4,0.0040809044303776335,18.919364027845845,3.2100667693888034e-5
周離儀,PERSON,7,8.408408408408409e-4,0.01967103459450305,1206.342382844766,3.4770514603616136e-5
周雲江,PERSON,14,0.0016816816816816818,0.040573687670019044,4607.443252454358,3.6702635249210895e-5
周震麟,PERSON,1,1.2012012012012012e-4,4.29278647874436e-4,0,3.165759149043941e-5
周霖,PERSON,3,3.6036036036036037e-4,0.01522254617624752,317.8175412682892,3.3795201081446433e-5
周項昌,PERSON,9,0.001081081081081081,0.01743693774595482,122.44182752488796,3.404371212637026e-5
周頌,PERSON,7,8.408408408408409e-4,0.014832070674627213,727.8509889492835,3.457814661134163e-5
周驥,PERSON,4,4.8048048048048047e-4,0.01397982245262398,1176.3750743909916,3.437607425232039e-5
周鶴卿,PERSON,1,1.2012012012012012e-4,3.789807969594067e-4,0,3.165959602355474e-5
周麟,PERSON,6,7.207207207207207e-4,0.02287490049959872,354.44088573884153,3.3763252076440005e-5
命成,PERSON,2,2.4024024024024023e-4,0.004658251992983912,2.8611597954819303,3.222687721559781e-5
和平促成委員,ORG,9,0.001081081081081081,0.016620161126181053,13836.946571277516,4.2936882782310004e-5
和平建國大同盟,ORG,13,0.0015615615615615615,0.018119708519488836,59456.24563111856,4.2951636457349025e-5
和平日報,ORG,4,4.8048048048048047e-4,0.021794898206450714,117.13828721016345,4.291845493562232e-5
和平聯合大會,ORG,9,0.001081081081081081,0.016620161126181043,13836.946571277516,4.2936882782310004e-5
和豐船廠,ORG,7,8.408408408408409e-4,0.02745206140838214,958.2904679006489,4.292950974499871e-5
和酒坊,ORG,27,0.003243243243243243,0.03118378800781745,15752.086242664203,4.30070531567177e-5
咨財部,ORG,23,0.002762762762762763,0.023451826661371928,8866.816317366063,4.2988565041698905e-5
咪吔洋行,ORG,44,0.005285285285285286,0.045952650492220914,113902.67654909629,4.3066322136089577e-5
咸瑛,PERSON,1,1.2012012012012012e-4,7.070203701573331e-4,0,3.1758130081300816e-5
品何,PERSON,6,7.207207207207207e-4,0.01094644230425598,753.7978000688933,3.413435281267067e-5
品恭,PERSON,8,9.609609609609609e-4,0.013607640583828476,865.4911893050856,3.3783783783783784e-5
品珍,PERSON,8,9.609609609609609e-4,0.013607640583828469,865.4911893050856,3.3783783783783784e-5
哈同,PERSON,4,4.8048048048048047e-4,0.005026862025977055,16.556145673492605,3.214813862277374e-5
哈德,PERSON,8,9.609609609609609e-4,0.03043146503533502,6850.982129227815,3.751219146222522e-5
哈德局,ORG,5,6.006006006006006e-4,0.021719276134647265,1173.6308414513605,4.292213923941969e-5
哈珊眼,PERSON,1,1.2012012012012012e-4,3.326830158651094e-4,0,3.162355322244007e-5
哈立安,PERSON,1,1.2012012012012012e-4,6.896996953853926e-4,0,3.1669622498099825e-5
哈蘭士,PERSON,8,9.609609609609609e-4,0.013068156089025784,1012.8644135823923,3.351431061063074e-5
哈雷,PERSON,8,9.609609609609609e-4,0.014538835498256132,1378.5976042061152,3.368818218568926e-5
哉代,PERSON,3,3.6036036036036037e-4,0.0030674689716283445,0.9487453334324024,3.183091418385536e-5
哥倫比亞公司,ORG,64,0.0076876876876876875,0.03804114020072014,20735.145001601693,4.3140638481449525e-5
哪吒,PERSON,2,2.4024024024024023e-4,0.0017468999148220936,4.837797910604474,3.185930929017459e-5
哲嗣,PERSON,3,3.6036036036036037e-4,0.003369156013462324,7.39018334825761,3.191421459117891e-5
唐世昌,PERSON,27,0.003243243243243243,0.08059149646352173,17790.174392200588,3.99872040946897e-5
唐伯華,PERSON,2,2.4024024024024023e-4,0.0029724657536279943,10.514416703126289,3.206361421059382e-5
唐冠玉,PERSON,3,3.6036036036036037e-4,0.006605117127675942,108.85316930822785,3.340459647247461e-5
唐冠生,PERSON,5,6.006006006006006e-4,0.004080904430377633,18.919364027845845,3.2100667693888034e-5
唐嗣,PERSON,6,7.207207207207207e-4,0.004291124571660618,41.87340493461373,3.184307731499172e-5
唐天恩,PERSON,12,0.0014414414414414415,0.03179908361723034,3398.6751962074,3.571428571428572e-5
唐守,PERSON,7,8.408408408408409e-4,0.01515410001993978,454.7070059528673,3.340236488743403e-5
唐實琪,PERSON,5,6.006006006006006e-4,0.010020888021367505,155.23587701730528,3.3025099075297225e-5
唐寳,PERSON,10,0.0012012012012012011,0.01368021354850718,684.4692919702788,3.320714617785747e-5
唐寳琪,PERSON,8,9.609609609609609e-4,0.013222131728511752,1194.6960315390638,3.363153292527074e-5
唐式,PERSON,3,3.6036036036036037e-4,0.0016032386528296418,1.0942282987102634,3.1762164909160206e-5
唐志,PERSON,1,1.2012012012012012e-4,3.543333180082459e-4,0,3.167965532535006e-5
唐志良,PERSON,2,2.4024024024024023e-4,0.0024351374211466713,2.0304168970839447,3.209654641160611e-5
唐懷,PERSON,1,1.2012012012012012e-4,2.974561310530418e-4,0,3.163956210846042e-5
唐拾義,PERSON,65,0.0078078078078078076,0.07849380296683653,60074.21279021362,3.9578880709253545e-5
唐拾義藥廠,ORG,6,7.207207207207207e-4,0.02063298809979407,519.2691875045933,4.292582417582418e-5
唐振緒,PERSON,2,2.4024024024024023e-4,0.0033864248276347687,9.047984526590414,3.2160545442850713e-5
唐旭,PERSON,5,6.006006006006006e-4,0.007282650414642154,1643.0615001301494,3.3444816053511705e-5
唐星海,PERSON,16,0.0019219219219219219,0.023089051564332597,724.920152435733,3.322921512593873e-5
唐樂平,PERSON,6,7.207207207207207e-4,0.014411723880959886,250.80825175331708,3.381348481774532e-5
唐歸林,PERSON,10,0.0012012012012012011,0.012211951849870896,191.03031928419833,3.2404406999351915e-5
唐民生,PERSON,4,4.8048048048048047e-4,0.010099899713335683,367.85096518933176,3.320935175345377e-5
唐濟民,PERSON,6,7.207207207207207e-4,0.02287490049959871,354.44088573884153,3.3763252076440005e-5
唐爲,PERSON,2,2.4024024024024023e-4,0.011519252717289213,166.19785782117216,3.3763252076440005e-5
唐生明,PERSON,4,4.8048048048048047e-4,0.010217954256095263,25.829009320718736,3.248651809499058e-5
唐瘦青,PERSON,14,0.0016816816816816818,0.026106167174784242,1555.0326371509018,3.3907500339075e-5
唐祥頤,PERSON,3,3.6036036036036037e-4,0.0011541878809954928,0.15789473684210525,3.166160081053698e-5
唐福生,PERSON,7,8.408408408408409e-4,0.015154100019939783,454.7070059528673,3.340236488743403e-5
唐笑,PERSON,6,7.207207207207207e-4,0.0051888864609529895,38.82898733835354,3.201024327784891e-5
唐耀,PERSON,3,3.6036036036036037e-4,0.005013069588672997,4.556345747173272,3.2028697713150986e-5
唐舜,PERSON,2,2.4024024024024023e-4,0.0014125392031875148,2.7298770435449624,3.178437480134766e-5
唐英英,PERSON,3,3.6036036036036037e-4,0.01555538624526026,422.21281141076645,3.465243606625546e-5
唐莉,PERSON,2,2.4024024024024023e-4,7.056684629986542e-4,0.030303030303030304,3.168367023636018e-5
唐蘭亭,PERSON,6,7.207207207207207e-4,0.010946442304255986,753.7978000688933,3.413435281267067e-5
唐雲,PERSON,4,4.8048048048048047e-4,0.0045932973299939546,44.99434718100529,3.217917363882096e-5
唐鳳珍,PERSON,7,8.408408408408409e-4,0.006396987457532528,208.0892555014702,3.245910153206959e-5
唯吾,PERSON,1,1.2012012012012012e-4,0.002418733847053929,0,3.202049311559398e-5
商水電公司,ORG,17,0.002042042042042042,0.042373384554011115,10344.865553406813,4.2977479800584495e-5
商笙,PERSON,14,0.0016816816816816818,0.026106167174784242,1555.0326371509018,3.3907500339075e-5
商衛利韓公司,ORG,14,0.0016816816816816818,0.018973706014411267,7839.67088630699,4.29553264604811e-5
商隱,PERSON,4,4.8048048048048047e-4,0.007347220778178678,123.83525735212622,3.2575412078962796e-5
問世,PERSON,5,6.006006006006006e-4,0.0022600208601588154,2.678688658930617,3.17017499365965e-5
問張,PERSON,8,9.609609609609609e-4,0.006302475436465852,126.23522581003662,3.244225279003374e-5
問蘇浙皖棉紡織業同業公會,ORG,11,0.0013213213213213214,0.04395887081797595,1225.5934429083431,4.294425835265825e-5
啓秀女子中學,ORG,37,0.0044444444444444444,0.050092704695894816,17671.820360205074,4.3040371868812945e-5
善後事業委員會保管委員會船舶處理委員會,ORG,7,8.408408408408409e-4,0.01826427957305178,5557.26367671156,4.292950974499871e-5
善救總署,ORG,3,3.6036036036036037e-4,0.018650311378589225,2793.8921993332665,4.291477126426916e-5
善樂,PERSON,9,0.001081081081081081,0.017436937745954815,122.44182752488796,3.404371212637026e-5
善鑑,PERSON,2,2.4024024024024023e-4,0.006345737002595774,18.57962516909915,3.340236488743403e-5
喇格納小,ORG,55,0.006606606606606606,0.08360486883497646,25739.276060868116,4.3107164410725064e-5
喜仙,PERSON,5,6.006006006006006e-4,0.015831338587423832,508.1961196048012,3.4267699266671235e-5
喜淴,PERSON,3,3.6036036036036037e-4,0.0016032386528296418,1.0942282987102634,3.1762164909160206e-5
喜陳,PERSON,1,1.2012012012012012e-4,3.8916307814442657e-4,0,3.1695721077654516e-5
喪張,PERSON,6,7.207207207207207e-4,0.010763246917591245,89.86710460263824,3.266906239790918e-5
喬木,PERSON,4,4.8048048048048047e-4,0.010085878720192397,195.67242653811266,3.403212632725293e-5
喬林,PERSON,1,1.2012012012012012e-4,3.891630781444266e-4,0,3.1695721077654516e-5
喬森,PERSON,5,6.006006006006006e-4,0.015049019363877874,1168.5552545685157,3.472945752587345e-5
喬治阿司脫西洋,PERSON,2,2.4024024024024023e-4,0.002277787011830329,3.501056180548725,3.209654641160611e-5
喬玄,PERSON,3,3.6036036036036037e-4,0.015275997019294133,420.14624893103274,3.45972875726543e-5
喬福,PERSON,3,3.6036036036036037e-4,0.015275997019294132,420.14624893103274,3.45972875726543e-5
喬鶴,PERSON,7,8.408408408408409e-4,0.015154100019939784,454.7070059528673,3.340236488743403e-5
單文,PERSON,7,8.408408408408409e-4,0.014832070674627218,727.8509889492835,3.457814661134163e-5
喻孝,PERSON,8,9.609609609609609e-4,0.015609128736287212,291.0896421783415,3.4115720524017465e-5
嗚宇,PERSON,15,0.0018018018018018018,0.010073075782113345,222.9046313491959,3.248229714805431e-5
嗣良,PERSON,5,6.006006006006006e-4,0.010020888021367504,155.23587701730528,3.3025099075297225e-5
嘉棠,PERSON,4,4.8048048048048047e-4,0.01350675565508293,117.44453779971819,3.343139876972452e-5
嘉璈,PERSON,7,8.408408408408409e-4,0.005162838942324071,367.81838420451874,3.1985670419651997e-5
嘉生,PERSON,9,0.001081081081081081,0.01743693774595482,122.44182752488796,3.404371212637026e-5
嘉白,PERSON,1,1.2012012012012012e-4,3.5729113340095915e-4,0,3.170577045022194e-5
嘉穰,PERSON,1,1.2012012012012012e-4,6.579306877011924e-4,0,3.1750063500127e-5
嘉興府學堂第二中學第二師範嘉興中學附屬小學,ORG,5,6.006006006006006e-4,0.017723051911976415,1115.863675878623,4.292213923941969e-5
嘉音日,PERSON,4,4.8048048048048047e-4,0.001631987017135842,3.004631250901446,3.170577045022194e-5
嘯天,PERSON,7,8.408408408408409e-4,0.021029308388823532,997.1563241841075,3.433830094086945e-5
嘯岑,PERSON,2,2.4024024024024023e-4,0.0018418778694907908,2.8315810897782505,3.185727938834024e-5
器材供應委員,ORG,10,0.0012012012012012011,0.03792392546708457,6713.301827397835,4.294057025077293e-5
嚴國,PERSON,3,3.6036036036036037e-4,0.010002217362508326,135.27609714198354,3.316529583443884e-5
嚴夏,PERSON,2,2.4024024024024023e-4,0.006434083937892959,16.62449614338071,3.340236488743403e-5
嚴孝方,PERSON,3,3.6036036036036037e-4,0.003962290319726662,78.29264215453013,3.221857078420001e-5
嚴寳,PERSON,3,3.6036036036036037e-4,0.007149375812880616,64.5461251024404,3.2713949227950796e-5
嚴寶,PERSON,6,7.207207207207207e-4,0.019024369636105813,1606.3075492501862,3.532320734722713e-5
嚴志剛,PERSON,6,7.207207207207207e-4,0.012176088278678386,382.2442872706947,3.402517863218782e-5
嚴慎,PERSON,1,1.2012012012012012e-4,9.47991629862202e-4,0,3.169170311212524e-5
嚴慶,PERSON,3,3.6036036036036037e-4,0.008042392983777387,158.98413549945283,3.355254328278084e-5
嚴晉,PERSON,1,1.2012012012012012e-4,9.36362783187345e-4,0,3.177831447820008e-5
嚴景耀,PERSON,3,3.6036036036036037e-4,0.007149375812880616,64.5461251024404,3.2713949227950796e-5
嚴欣,PERSON,18,0.002162162162162162,0.014788737677293384,201.67545512535725,3.249496328069149e-5
嚴濟德,PERSON,1,1.2012012012012012e-4,3.03401692839681e-4,0,3.168567807351077e-5
嚴濬,PERSON,1,1.2012012012012012e-4,6.169032346224964e-4,0,3.165759149043941e-5
嚴焰,PERSON,1,1.2012012012012012e-4,0.002787309830760585,0,3.228722717293039e-5
嚴獨,PERSON,50,0.006006006006006006,0.0853497726607358,42465.35298538139,3.911444887741532e-5
嚴盛德,PERSON,2,2.4024024024024023e-4,0.008766472903240109,79.54108101827777,3.3018556428712935e-5
嚴禹,PERSON,2,2.4024024024024023e-4,0.005265715598921222,25.469776933603082,3.241070849808777e-5
嚴莊,PERSON,7,8.408408408408409e-4,0.016319279408700253,1073.0464534741884,3.4530386740331494e-5
嚴諤,PERSON,11,0.0013213213213213214,0.037369638235773966,4451.456754039174,3.655237955990935e-5
嚴重,PERSON,1,1.2012012012012012e-4,0.0012674058119779813,0,3.181876034109711e-5
嚴陳,PERSON,1,1.2012012012012012e-4,9.363627831873447e-4,0,3.177831447820008e-5
嚴鶴,PERSON,3,3.6036036036036037e-4,0.010002217362508328,135.27609714198354,3.316529583443884e-5
囍張,PERSON,5,6.006006006006006e-4,0.007040452362103542,125.09531262320075,3.288175720110483e-5
囍殷,PERSON,6,7.207207207207207e-4,0.017208925423854063,555.0915408844061,3.4270047978067166e-5
四十九軍,ORG,7,8.408408408408409e-4,0.021070698964562155,12446.880053315714,4.292950974499871e-5
四女心德,PERSON,3,3.6036036036036037e-4,0.001061643693661134,0.2841238564773236,3.1709791983764585e-5
四川全省康生藥房,ORG,2,2.4024024024024023e-4,0.017503259750903416,40.7064533722221,4.2911088225197394e-5
四川北路克寧奶,ORG,7,8.408408408408409e-4,0.01850406264417293,2595.027681327622,4.292950974499871e-5
四川皮革公司,ORG,19,0.0022822822822822822,0.023436002597904067,35889.08060693405,4.298486932599725e-5
四德曹,PERSON,3,3.6036036036036037e-4,0.0032049150093768444,2.4817835973184477,3.197748784855462e-5
四明,ORG,16,0.0019219219219219219,0.04091007093536365,3169.49400850216,4.296270836913559e-5
四明中學,ORG,10,0.0012012012012012011,0.03862867779447582,1379.9001062042423,4.2951636457349025e-5
四明企業中匯浦東四銀,ORG,18,0.002162162162162162,0.03495549536306031,14722.629058418777,4.2973785990545764e-5
四明大學,ORG,10,0.0012012012012012011,0.038628677794475826,1379.9001062042423,4.2951636457349025e-5
四明義務小學,ORG,7,8.408408408408409e-4,0.035206514718271055,927.3512450766214,4.294057025077293e-5
四民,PERSON,5,6.006006006006006e-4,0.007685892930559604,45.732157310507276,3.2836409010310635e-5
四聯總處,ORG,42,0.005045045045045045,0.06322871218035862,41930.94443602664,4.305890458146745e-5
四陸軍,ORG,27,0.003243243243243243,0.020637836446789886,17068.336673238795,4.300335426163241e-5
因明,PERSON,16,0.0019219219219219219,0.02972913063768924,1146.1427101124061,3.434537711224069e-5
因谷,PERSON,6,7.207207207207207e-4,0.017917143048948977,1448.7025302179995,3.412037668895865e-5
因邵,PERSON,1,1.2012012012012012e-4,7.500878468123806e-4,0,3.164356686285678e-5
國商會聯合會,ORG,49,0.005885885885885886,0.06970320200492852,20914.467272295115,4.309601792794346e-5
國商聯,ORG,10,0.0012012012012012011,0.031702989386115495,1005.5742865235866,4.2951636457349025e-5
國器,PERSON,2,2.4024024024024023e-4,6.606230903498302e-4,0.05555555555555555,3.165157941381275e-5
國外匯兌部,ORG,14,0.0016816816816816818,0.018973706014411264,7839.67088630699,4.29553264604811e-5
國家行局,ORG,30,0.0036036036036036037,0.03996102521377141,8334.298909345114,4.301445285615967e-5
國庫,ORG,20,0.0024024024024024023,0.03527062669189546,3277.995878270636,4.298117424568039e-5
國廉,PERSON,3,3.6036036036036037e-4,0.0023382181711395326,21.359341567111105,3.184307731499172e-5
國慶世界汽車保修股份有限公司,ORG,23,0.002762762762762763,0.023982763170552746,15184.59492179603,4.2988565041698905e-5
國懋,PERSON,4,4.8048048048048047e-4,0.013506755655082928,117.44453779971819,3.343139876972452e-5
國斌,PERSON,5,6.006006006006006e-4,0.014355267748131393,543.6306676668611,3.3879929529746575e-5
國暦,PERSON,12,0.0014414414414414415,0.025250254559030173,3520.353218292441,3.554923569143263e-5
國本薛文尼大,ORG,4,4.8048048048048047e-4,0.019235035919400394,1048.3124427118219,4.291845493562232e-5
國柏林維多利亞小兒科醫院,ORG,34,0.004084084084084084,0.047356018476075575,11248.145812436207,4.303296324984939e-5
國格理奧文道小兒科醫院,ORG,26,0.003123123123123123,0.04135667258138776,8058.0662315103655,4.300335426163241e-5
國椋,PERSON,2,2.4024024024024023e-4,7.750665576789088e-4,0.7352342292962631,3.171180313312615e-5
國植,PERSON,1,1.2012012012012012e-4,9.47991629862202e-4,0,3.169170311212524e-5
國樑,PERSON,7,8.408408408408409e-4,0.023576503810048926,1160.3051918175665,3.49454850433324e-5
國歷,PERSON,3,3.6036036036036037e-4,0.008704046433780107,129.52438013015993,3.354128932716174e-5
國民參政會,ORG,3,3.6036036036036037e-4,0.019242422403880903,423.7946580075318,4.291477126426916e-5
國民商業儲蓄銀行,ORG,7,8.408408408408409e-4,0.018256859243678054,8621.73349029976,4.292950974499871e-5
國民外交協會,ORG,61,0.007327327327327327,0.0881849168098777,39289.52192752251,4.3140638481449525e-5
國民大學同學會,ORG,15,0.0018018018018018018,0.030173447913434293,5663.844701151376,4.2959017097688804e-5
國民大會,ORG,1107,0.13297297297297297,0.5277947442480229,4058063.3425549683,4.7429330297856194e-5
國民大會上海聯誼,ORG,12,0.0014414414414414415,0.03518597589505776,4263.03423544969,4.294794708812919e-5
國民大會代表聯誼會上海分會,ORG,35,0.004204204204204204,0.04747909308330501,9264.219764937507,4.303296324984939e-5
國民廣播電台,ORG,4,4.8048048048048047e-4,0.01923503591940039,1048.3124427118219,4.291845493562232e-5
國民政府,ORG,102,0.012252252252252252,0.09389991811733835,99122.16326732405,4.3286295558826076e-5
國民政府廿二,PERSON,2,2.4024024024024023e-4,8.700739452890436e-4,0.3849408814655566,3.169170311212524e-5
國民會議,ORG,4,4.8048048048048047e-4,0.01704176207316881,1134.7794857388606,4.291845493562232e-5
國民經濟與敎育文化兩,ORG,7,8.408408408408409e-4,0.022453015328640084,1860.3259213010626,4.292950974499871e-5
國民自由黨,ORG,6,7.207207207207207e-4,0.01732126679033299,1730.725843944262,4.292582417582418e-5
國民黨,ORG,40,0.004804804804804805,0.05026020370123929,13572.87677061149,4.30551967622492e-5
國民黨上海市執行委員會,ORG,13,0.0015615615615615615,0.031098808006261358,6636.322096521132,4.2951636457349025e-5
國民黨中華海員特別黨部,ORG,8,9.609609609609609e-4,0.02220118757224283,4511.014996688766,4.294425835265825e-5
國民黨執行委員會,ORG,9,0.001081081081081081,0.018199941140549424,42606.13078818735,4.2936882782310004e-5
國民黨市黨部,ORG,51,0.006126126126126126,0.06698743582607687,35585.3220943916,4.3103448275862066e-5
國治,PERSON,1,1.2012012012012012e-4,6.447707875682824e-4,0,3.171180313312615e-5
國泰傢具廠,ORG,3,3.6036036036036037e-4,0.017113819237867405,699.5221432262313,4.291477126426916e-5
國無綫電製造公司,ORG,12,0.0014414414414414415,0.029245952838087178,9203.002893524452,4.294794708812919e-5
國燦,PERSON,6,7.207207207207207e-4,0.0022984585655197575,1.6813576810374764,3.1729914963827895e-5
國產廠商聯合會,ORG,11,0.0013213213213213214,0.02124144595904443,6184.668363616006,4.294425835265825e-5
國產廠商聯會,ORG,6,7.207207207207207e-4,0.020598352134427407,1565.0569664489692,4.292582417582418e-5
國產聯合服務所,ORG,13,0.0015615615615615615,0.03060879181895859,1837.3732274932006,4.2951636457349025e-5
國祥,PERSON,6,7.207207207207207e-4,0.010892416593343527,366.7125957675009,3.355704697986577e-5
國禎市,PERSON,1,1.2012012012012012e-4,2.92672614105674e-4,0,3.163956210846042e-5
國秀,PERSON,1,1.2012012012012012e-4,7.732780585623035e-4,0,3.171180313312615e-5
國經委,ORG,23,0.002762762762762763,0.021722142493733294,41780.719930548286,4.2988565041698905e-5
國良,PERSON,3,3.6036036036036037e-4,0.008042392983777388,158.98413549945283,3.355254328278084e-5
國華工業投資公司證券部,ORG,7,8.408408408408409e-4,0.02915856647752616,1329.307966556292,4.292950974499871e-5
國華百貨公司,ORG,22,0.002642642642642643,0.024444878854262685,6428.943318254794,4.298486932599725e-5
國行貼放委員會生產及出口事業貸款審查委員會,ORG,18,0.002162162162162162,0.03561800040769735,2843.929924696181,4.2970092815400483e-5
國貨展覽商場廠商聯誼,ORG,7,8.408408408408409e-4,0.021390841966966747,1502.1601244749888,4.292950974499871e-5
國貨工廠聯合會,ORG,9,0.001081081081081081,0.02798844112074468,2445.9037276009244,4.2936882782310004e-5
國貨運動委,ORG,5,6.006006006006006e-4,0.018583591067622033,4002.570875457667,4.292213923941969e-5
國軍,ORG,21,0.0025225225225225223,0.050830826090966265,14883.49949977467,4.298117424568039e-5
國鎭,PERSON,5,6.006006006006006e-4,0.008388932296133706,173.52543655094541,3.3548040794417606e-5
國防部,ORG,31,0.0037237237237237237,0.02822232311944182,31432.295863098527,4.303296324984939e-5
國防部政工局,ORG,4,4.8048048048048047e-4,0.016532954707921713,2999.3657428353695,4.291845493562232e-5
國際勞工局,ORG,22,0.002642642642642643,0.03329529575661906,4908.921716161828,4.298486932599725e-5
國際建築函授學院,ORG,3,3.6036036036036037e-4,0.017475266720024616,252.49456408984966,4.291477126426916e-5
國際書報社,ORG,8,9.609609609609609e-4,0.018358390232946564,3479.8977389704664,4.2936882782310004e-5
國際難民組織代,ORG,7,8.408408408408409e-4,0.017264231389285324,2773.095409358394,4.292950974499871e-5
團子雲劇團華,ORG,75,0.009009009009009009,0.05703531596419636,39176.341417198804,4.318162190171863e-5
土丹,PERSON,1,1.2012012012012012e-4,0.00866436578962014,0,3.400435255712731e-5
地政局,ORG,25,0.003003003003003003,0.046218558333535886,9725.07700701658,4.2995958379912286e-5
地政局諮詢委,ORG,18,0.002162162162162162,0.04177695996799303,11458.086080471307,4.2970092815400483e-5
地方自治協會,ORG,25,0.003003003003003003,0.04038714073793944,11466.754001163292,4.2995958379912286e-5
地方自治協進,ORG,15,0.0018018018018018018,0.0281712003744833,24308.009816627608,4.2959017097688804e-5
址湘姚中學,ORG,37,0.0044444444444444444,0.0500927046958948,17671.820360205074,4.3040371868812945e-5
坦士,PERSON,10,0.0012012012012012011,0.012679795532585749,254.1776651754642,3.269042170644001e-5
坪瞿,PERSON,1,1.2012012012012012e-4,8.415068085950117e-4,0,3.176821907363873e-5
垚夫,PERSON,5,6.006006006006006e-4,0.010011597431053149,240.65928237132593,3.365643511039311e-5
城吳,PERSON,2,2.4024024024024023e-4,0.004658251992983909,2.8611597954819303,3.222687721559781e-5
城潘,PERSON,13,0.0015615615615615615,0.018590698193672848,885.6253964253654,3.364511136531862e-5
城華集團,ORG,26,0.003123123123123123,0.031539503624182834,7615.319827989385,4.300335426163241e-5
埃諾特,PERSON,9,0.001081081081081081,0.008340564409499332,222.70963661145313,3.2511866831393456e-5
培任,PERSON,6,7.207207207207207e-4,0.002298458565519757,1.6813576810374764,3.1729914963827895e-5
培坤,PERSON,2,2.4024024024024023e-4,0.006434083937892959,16.62449614338071,3.340236488743403e-5
培興,PERSON,3,3.6036036036036037e-4,0.003002095420505919,23.768865266919708,3.198362438431523e-5
培設,PERSON,4,4.8048048048048047e-4,0.0015365652320974328,2.086846584705914,3.172790151659369e-5
培許,PERSON,6,7.207207207207207e-4,0.019188988213017143,1731.3529437659622,3.515679932498945e-5
培鑫,PERSON,7,8.408408408408409e-4,0.023688494174609335,929.0681891487944,3.4020548411240386e-5
基並,PERSON,4,4.8048048048048047e-4,0.0100858787201924,195.67242653811266,3.403212632725293e-5
基結,PERSON,2,2.4024024024024023e-4,0.0014360969314312136,0.5752070517687443,3.174804749507905e-5
基郭,PERSON,2,2.4024024024024023e-4,6.775332869662118e-4,0.05,3.165558721114277e-5
基金監理委員會,ORG,6,7.207207207207207e-4,0.0356773248458243,191.04199610368173,4.292582417582418e-5
堂馮,PERSON,6,7.207207207207207e-4,0.0018364069757380453,5.588790481302558,3.165959602355474e-5
堃袁,PERSON,3,3.6036036036036037e-4,0.003204915009376846,2.4817835973184477,3.197748784855462e-5
堅貞,PERSON,7,8.408408408408409e-4,0.021029308388823532,997.1563241841075,3.433830094086945e-5
堯兩,PERSON,4,4.8048048048048047e-4,0.014359650835732232,673.6735852641114,3.419271011420365e-5
堯嚴,PERSON,8,9.609609609609609e-4,0.006996381314063736,275.2908951060857,3.2547845332638976e-5
報仝,PERSON,10,0.0012012012012012011,0.003957521466819911,15.928045064627232,3.170376006594382e-5
塵秦,PERSON,9,0.001081081081081081,0.01079682655579028,157.31362262514577,3.2324799586242565e-5
增周,PERSON,1,1.2012012012012012e-4,4.366583311718481e-4,0,3.1671628555140305e-5
增妹,PERSON,8,9.609609609609609e-4,0.013607640583828474,865.4911893050856,3.3783783783783784e-5
增律,PERSON,5,6.006006006006006e-4,0.012372925535878859,708.283500144123,3.442340791738382e-5
增梅,PERSON,1,1.2012012012012012e-4,7.543663085058466e-4,0,3.17017499365965e-5
增濤,PERSON,4,4.8048048048048047e-4,0.007860927434875356,52.307729725569054,3.340682835571591e-5
增瑞,PERSON,3,3.6036036036036037e-4,0.003002095420505917,23.768865266919708,3.198362438431523e-5
增貴,PERSON,4,4.8048048048048047e-4,0.010414963878348053,244.49920581835897,3.34941050375134e-5
增資委員會,ORG,32,0.0038438438438438438,0.028440536537909674,6511.170458815163,4.302185510239202e-5
增顧,PERSON,4,4.8048048048048047e-4,0.01350675565508293,117.44453779971819,3.343139876972452e-5
士陳,PERSON,3,3.6036036036036037e-4,0.015275997019294128,420.14624893103274,3.45972875726543e-5
壬昌泰,PERSON,2,2.4024024024024023e-4,0.0038943929494368963,0.6465846987682667,3.189792663476874e-5
壯克勤克儉,PERSON,3,3.6036036036036037e-4,0.01500371779775472,1889.7695427865506,3.5775615340583855e-5
壯毛,PERSON,2,2.4024024024024023e-4,0.001841877869490792,2.8315810897782505,3.185727938834024e-5
壽勉,PERSON,1,1.2012012012012012e-4,0.002418733847053929,0,3.202049311559398e-5
壽守,PERSON,2,2.4024024024024023e-4,0.006345737002595778,18.57962516909915,3.340236488743403e-5
壽屏,PERSON,1,1.2012012012012012e-4,5.385222345542932e-4,0,3.1633556877135266e-5
壽志,PERSON,1,1.2012012012012012e-4,6.579306877011924e-4,0,3.1750063500127e-5
壽施,PERSON,2,2.4024024024024023e-4,0.004658251992983911,2.8611597954819303,3.222687721559781e-5
壽景,PERSON,74,0.008888888888888889,0.09518939983846995,52380.114728901324,3.9264959949740854e-5
壽景俾,PERSON,4,4.8048048048048047e-4,0.014125590676902711,968.4382005420897,3.464523281596452e-5
壽景偉,PERSON,15,0.0018018018018018018,0.02065125209147699,2641.0808716726333,3.3840947546531304e-5
壽毅,PERSON,10,0.0012012012012012011,0.008806638713868642,463.8556750322211,3.25351379489849e-5
夏光,PERSON,10,0.0012012012012012011,0.021875773426720885,1943.335022276375,3.426300280956623e-5
夏勤,PERSON,1,1.2012012012012012e-4,0.008664365789620139,0,3.400435255712731e-5
夏培,PERSON,5,6.006006006006006e-4,0.012543363871727773,499.0501310209396,3.426300280956623e-5
夏威,PERSON,11,0.0013213213213213214,0.00708829148327167,961.4246707975523,3.212954633080581e-5
夏才圭,PERSON,1,1.2012012012012012e-4,3.572911334009592e-4,0,3.170577045022194e-5
夏晉熊,PERSON,1,1.2012012012012012e-4,9.363627831873447e-4,0,3.177831447820008e-5
夏筱芳,PERSON,1,1.2012012012012012e-4,0.002418733847053928,0,3.202049311559398e-5
夏衍于,PERSON,4,4.8048048048048047e-4,0.0015365652320974328,2.086846584705914,3.172790151659369e-5
夏遂,PERSON,1,1.2012012012012012e-4,3.572911334009592e-4,0,3.170577045022194e-5
外交部,ORG,71,0.008528528528528529,0.06562081513845795,51797.35298902358,4.31667098333765e-5
外匯經紀人公會,ORG,10,0.0012012012012012011,0.02329401065386725,1970.98881148475,4.294057025077293e-5
外匯銀行業同業公會,ORG,10,0.0012012012012012011,0.02329401065386726,1970.98881148475,4.294057025077293e-5
外商紗廠,ORG,23,0.002762762762762763,0.05151250664652204,5113.813727187324,4.2988565041698905e-5
外埠警察局,ORG,9,0.001081081081081081,0.020603479904798327,4056.8263726893656,4.2936882782310004e-5
多子王,PERSON,4,4.8048048048048047e-4,0.0010826300745486938,1.2000000000000002,3.1629554655870446e-5
夢熊二,PERSON,7,8.408408408408409e-4,0.01483207067462722,727.8509889492835,3.457814661134163e-5
夢麟,PERSON,26,0.003123123123123123,0.022062694236339143,2154.9674320470185,3.273751063969096e-5
大中商業銀行,ORG,28,0.0033633633633633636,0.02520493421852538,22555.65261002776,4.30070531567177e-5
大中校,ORG,3,3.6036036036036037e-4,0.01747526672002462,252.49456408984966,4.291477126426916e-5
大中聯合貿易,ORG,9,0.001081081081081081,0.017902165466496037,6354.327025987945,4.2936882782310004e-5
大中華梭子,ORG,9,0.001081081081081081,0.03358000406018245,826.9591959445133,4.2936882782310004e-5
大中華橡膠廠,ORG,15,0.0018018018018018018,0.02548283749146002,27737.299114026144,4.2959017097688804e-5
大中華汽車股份有限公司,ORG,4,4.8048048048048047e-4,0.017461903884251697,626.9950536728614,4.291845493562232e-5
大中華電影企業股份有限公司,ORG,2,2.4024024024024023e-4,0.01706896380636786,84.03675325964018,4.2911088225197394e-5
大來集圑,ORG,46,0.005525525525525526,0.03501688537274627,24220.813842472573,4.3073742246726395e-5
大來集團,ORG,845,0.1015015015015015,0.3628818313907537,2725055.608637642,4.62620281273131e-5
大信會計用品社股份有限公司,ORG,38,0.0045645645645645645,0.03959160621783016,46411.37493583324,4.304407713498623e-5
大信法律會計事務,ORG,38,0.0045645645645645645,0.03959160621783016,46411.37493583324,4.304407713498623e-5
大光明,ORG,345,0.04144144144144144,0.2911771848111601,402618.5997112899,4.422821760283061e-5
大光明內衣公司,ORG,15,0.0018018018018018018,0.020540106777184434,10373.574091376013,4.2959017097688804e-5
大公紡織印染機器製造股份有限公司,ORG,50,0.006006006006006006,0.045501902650542575,106921.63224474098,4.3088590141330577e-5
大力士,PERSON,2,2.4024024024024023e-4,0.003386424827634768,9.047984526590414,3.2160545442850713e-5
大同公司,ORG,13,0.0015615615615615615,0.02144524583562992,6658.844920643753,4.2951636457349025e-5
大同出版,ORG,44,0.005285285285285286,0.05786275987545774,24615.94036357676,4.3070031871823586e-5
大同綢布公司,ORG,13,0.0015615615615615615,0.021192773792284146,4678.38361551122,4.2951636457349025e-5
大同行慶,ORG,6,7.207207207207207e-4,0.01816027136401212,2480.3464836830353,4.292950974499871e-5
大和製藥公司,ORG,6,7.207207207207207e-4,0.016901774239116686,3342.4638060045445,4.292582417582418e-5
大和西藥行,ORG,2,2.4024024024024023e-4,0.017503259750903413,40.7064533722221,4.2911088225197394e-5
大城,PERSON,3,3.6036036036036037e-4,0.0016032386528296418,1.0942282987102634,3.1762164909160206e-5
大夏,ORG,94,0.011291291291291292,0.09270953839170665,74382.49556682212,4.325259515570934e-5
大庸,PERSON,8,9.609609609609609e-4,0.00837944789400596,138.4899870340173,3.2892572857048876e-5
大德,ORG,58,0.006966966966966967,0.05254544238477863,21783.063143686304,4.3122035360069e-5
大德出版社,ORG,5,6.006006006006006e-4,0.021225163148515212,310.3248313017177,4.292582417582418e-5
大慶,ORG,33,0.003963963963963964,0.058951432398686034,34655.42915061032,4.3036667240488894e-5
大懋公司,ORG,3,3.6036036036036037e-4,0.017137463435550872,418.42385960113006,4.291477126426916e-5
大成,ORG,48,0.005765765765765766,0.07489986875217014,30348.269798655907,4.308116491469929e-5
大新公司,ORG,116,0.013933933933933934,0.09391583421794612,64221.80224301439,4.333882291756956e-5
大新染織,ORG,37,0.0044444444444444444,0.0200881865112048,38873.13219056339,4.3040371868812945e-5
大新烟公司,ORG,6,7.207207207207207e-4,0.021648808322698443,858.7777060932606,4.292582417582418e-5
大新烟草公司,ORG,11,0.0013213213213213214,0.03168749556351054,3734.4879300274965,4.294425835265825e-5
大昌,ORG,89,0.010690690690690691,0.06698384151935989,112333.82549998692,4.32338953739732e-5
大昌衣莊,ORG,27,0.003243243243243243,0.02174594350114341,23086.08568215209,4.300335426163241e-5
大明,ORG,80,0.00960960960960961,0.06526480728229725,47199.2642354602,4.3200276481769485e-5
大明實業,ORG,26,0.003123123123123123,0.03990122234089513,8064.4613022678805,4.300335426163241e-5
大明油,ORG,5,6.006006006006006e-4,0.028065309241151876,188.49747500276717,4.292213923941969e-5
大東,ORG,66,0.007927927927927928,0.04848097865606349,106216.81388522736,4.3151808060757745e-5
大東書局,ORG,36,0.004324324324324324,0.04659241993217497,18424.4813538854,4.3036667240488894e-5
大樑,PERSON,8,9.609609609609609e-4,0.00837944789400596,138.4899870340173,3.2892572857048876e-5
大滬,ORG,126,0.015135135135135135,0.07689544527866869,59487.763413058245,4.337265787647467e-5
大滬公司,ORG,22,0.002642642642642643,0.02444487885426268,6428.943318254794,4.298486932599725e-5
大發,ORG,66,0.007927927927927928,0.06510658330492951,50016.16595333881,4.3151808060757745e-5
大祥,PERSON,4,4.8048048048048047e-4,0.0011594270820940306,0.8571428571428571,3.1633556877135266e-5
大統大方,PERSON,12,0.0014414414414414415,0.019800594207894394,2880.871172752688,3.5370684776457274e-5
大統富綢,PERSON,7,8.408408408408409e-4,0.00914629003736279,377.6118822906437,3.3116969134984766e-5
大統織染廠股份有限公司,ORG,5,6.006006006006006e-4,0.01852444609971653,798.1625822190686,4.292213923941969e-5
大美,ORG,236,0.02834834834834835,0.1095671390216865,583600.9244162458,4.379434177104318e-5
大美俄代研究院,ORG,34,0.004084084084084084,0.04735601847607557,11248.145812436207,4.303296324984939e-5
大聲無線電唱機行,ORG,1,1.2012012012012012e-4,0.016416165344663884,0,4.290740581824423e-5
大華百貨寳,ORG,22,0.002642642642642643,0.02444487885426267,6428.943318254794,4.298486932599725e-5
大華航空公司,ORG,14,0.0016816816816816818,0.022246927809408932,2905.359077379309,4.29553264604811e-5
大華集團,ORG,170,0.02042042042042042,0.11295129528878693,125366.21899550354,4.3542628233040145e-5
大華集團結婚享利禮服公司,ORG,23,0.002762762762762763,0.027073702656882952,6403.489274245944,4.2988565041698905e-5
大虹,PERSON,3,3.6036036036036037e-4,0.007870887217268975,88.00567442978584,3.3101621979477e-5
大裕,PERSON,3,3.6036036036036037e-4,0.003002095420505919,23.768865266919708,3.198362438431523e-5
大誠,ORG,167,0.02006006006006006,0.13854678479915533,132427.97313404374,4.3535045711798e-5
大誠織綢,ORG,27,0.003243243243243243,0.020637836446789886,17068.336673238795,4.300335426163241e-5
大豐,ORG,8,9.609609609609609e-4,0.0233798748041287,1036.8570221371585,4.29331959471063e-5
大豐紗廠,ORG,11,0.0013213213213213214,0.019530837276192366,3258.977846668551,4.294425835265825e-5
大贈,ORG,4,4.8048048048048047e-4,0.026772788823698112,71.65843837058448,4.291845493562232e-5
大通,ORG,6,7.207207207207207e-4,0.020555473554335818,1004.1282242231841,4.292582417582418e-5
大通紡織股份有限公司,ORG,28,0.0033633633633633636,0.025890240676406027,20265.473497303155,4.301075268817204e-5
大通銀行,ORG,9,0.001081081081081081,0.021715866175420116,2107.7698630676296,4.2936882782310004e-5
大達,ORG,35,0.004204204204204204,0.029054031997974586,34808.79486769177,4.3036667240488894e-5
大達大通,ORG,1,1.2012012012012012e-4,0.016416165344663884,0,4.290740581824423e-5
大鈞,PERSON,38,0.0045645645645645645,0.07627252008451176,17628.43886870565,3.82262996941896e-5
大開,ORG,13,0.0015615615615615615,0.03317996299651966,2876.2070723649654,4.29553264604811e-5
大陸,ORG,54,0.006486486486486486,0.06657305888036033,29719.48595582248,4.3107164410725064e-5
大鵬,PERSON,2,2.4024024024024023e-4,0.0017468999148220943,4.837797910604474,3.185930929017459e-5
天一,ORG,40,0.004804804804804805,0.025866946538620476,64983.720489895684,4.305148958153952e-5
天下書社,ORG,34,0.004084084084084084,0.05041973307040707,18719.24205840043,4.302925989672978e-5
天主教公教會,ORG,18,0.002162162162162162,0.051849876486196725,2163.1424388461996,4.2970092815400483e-5
天主教福利,ORG,6,7.207207207207207e-4,0.018669782709453502,3620.3170851545547,4.292950974499871e-5
天吳,PERSON,2,2.4024024024024023e-4,0.0015459143952658942,0.2997876643819991,3.171180313312615e-5
天孫,PERSON,6,7.207207207207207e-4,0.016084135890712187,946.8420505518003,3.433830094086945e-5
天慧,PERSON,1,1.2012012012012012e-4,2.9745613105304166e-4,0,3.163956210846042e-5
天成協記建築鑛務公司,ORG,17,0.002042042042042042,0.02277513317000168,6445.8943633399085,4.296640027498496e-5
天案,PERSON,7,8.408408408408409e-4,0.011111469173580907,933.2271883101185,3.320714617785747e-5
天氏任,PERSON,1,1.2012012012012012e-4,5.977896983483144e-4,0,3.164356686285678e-5
天津市郵局,ORG,6,7.207207207207207e-4,0.020598352134427404,1565.0569664489692,4.292582417582418e-5
天津民國日報,ORG,18,0.002162162162162162,0.024631024607761086,6303.993115945577,4.2970092815400483e-5
天球,PERSON,1,1.2012012012012012e-4,0.00866436578962014,0,3.400435255712731e-5
天祥,ORG,60,0.007207207207207207,0.042357690743339844,28725.57472404867,4.312947468299836e-5
天福,ORG,10,0.0012012012012012011,0.019188474878976156,2864.1173805995804,4.294057025077293e-5
天竹,ORG,28,0.0033633633633633636,0.02704413920735219,18319.3176154939,4.30070531567177e-5
天聲,PERSON,3,3.6036036036036037e-4,0.008394630905946953,15.873785038424115,3.3101621979477e-5
天蟾,ORG,199,0.023903903903903904,0.20539218341217697,171767.92985244797,4.366430879399179e-5
太原,ORG,13,0.0015615615615615615,0.03317996299651966,2876.2070723649654,4.29553264604811e-5
太古怡和,ORG,5,6.006006006006006e-4,0.017518913625211498,2365.401552096339,4.292213923941969e-5
太市世界紅卍字會,ORG,10,0.0012012012012012011,0.0328043866059952,19680.790468750354,4.294057025077293e-5
太平妻,PERSON,3,3.6036036036036037e-4,0.0016032386528296418,1.0942282987102634,3.1762164909160206e-5
夫崔,PERSON,1,1.2012012012012012e-4,7.469667574081056e-4,0,3.1713814537612584e-5
夫致,PERSON,9,0.001081081081081081,0.023174543840481638,2599.236515952602,3.5466023549439636e-5
夫趙,PERSON,3,3.6036036036036037e-4,0.008394630905946955,15.873785038424115,3.3101621979477e-5
夫部,PERSON,2,2.4024024024024023e-4,0.0035122312281866976,20.879164597035405,3.231435403606282e-5
夫陳,PERSON,2,2.4024024024024023e-4,0.004658251992983911,2.8611597954819303,3.222687721559781e-5
夫黃,PERSON,1,1.2012012012012012e-4,7.543663085058466e-4,0,3.17017499365965e-5
央航滬,ORG,13,0.0015615615615615615,0.023134304033678534,3343.7114623643915,4.29553264604811e-5
央行,ORG,56,0.006726726726726727,0.07935366326499842,36992.30497842787,4.311088118641145e-5
奉蔣,PERSON,4,4.8048048048048047e-4,0.0038834893452171326,46.826692364723115,3.232688950669167e-5
奎垣,PERSON,3,3.6036036036036037e-4,0.011624632504712115,449.0017248223924,3.4258307639602604e-5
奎杜月,PERSON,1,1.2012012012012012e-4,4.245060025948119e-4,0,3.164356686285678e-5
奎蔣,PERSON,4,4.8048048048048047e-4,0.010376818415791326,1252.1030831279033,3.411339291805963e-5
契那姆,PERSON,6,7.207207207207207e-4,0.004427461863543296,58.581897124257026,3.207184092366902e-5
奚倫,PERSON,3,3.6036036036036037e-4,0.005967321780580142,56.29890096530777,3.2274722437387036e-5
奚則,PERSON,1,1.2012012012012012e-4,0.0014269279353293144,0,3.176620076238882e-5
奚玉書,PERSON,289,0.03471471471471471,0.3445414082829194,728174.2727482722,4.878048780487805e-5
奚王,PERSON,3,3.6036036036036037e-4,0.007205197614834472,272.4305192578126,3.269683494637719e-5
奚順,PERSON,5,6.006006006006006e-4,0.007154840492146819,58.10820386381375,3.288608260983952e-5
奧克登,PERSON,1,1.2012012012012012e-4,0.0031311950065727686,0,3.210891343436938e-5
奧姆斯坦,PERSON,6,7.207207207207207e-4,0.014365136624744378,746.831791868526,3.391440005426304e-5
奧德,PERSON,5,6.006006006006006e-4,0.0036454819129655776,21.30282521385167,3.193867773874162e-5
奧西,PERSON,3,3.6036036036036037e-4,0.0015742602879655994,7.014405192752335,3.1746031746031745e-5
奮兩,PERSON,2,2.4024024024024023e-4,0.006434083937892959,16.62449614338071,3.340236488743403e-5
女子銀行,ORG,7,8.408408408408409e-4,0.018264279573051777,5557.26367671156,4.292950974499871e-5
女會,ORG,29,0.0034834834834834836,0.03276964102912595,16403.96997206928,4.301075268817204e-5
好良緣集團,ORG,3,3.6036036036036037e-4,0.01865801530293072,212.33747243349669,4.291477126426916e-5
如兩,PERSON,4,4.8048048048048047e-4,0.007860927434875362,52.307729725569054,3.340682835571591e-5
如升,PERSON,5,6.006006006006006e-4,0.01900002701571235,326.847626021409,3.383178834833209e-5
如品,PERSON,2,2.4024024024024023e-4,0.004658251992983912,2.8611597954819303,3.222687721559781e-5
如爵,PERSON,8,9.609609609609609e-4,0.006618643655615411,109.69997971874918,3.2316442605997934e-5
妙娟,PERSON,1,1.2012012012012012e-4,0.005957128144685052,0,3.34001336005344e-5
妙香,PERSON,8,9.609609609609609e-4,0.030410999565957834,1211.1368630802024,3.464043231259526e-5
妣金,PERSON,3,3.6036036036036037e-4,0.0011541878809954921,0.15789473684210525,3.166160081053698e-5
妮丹,PERSON,8,9.609609609609609e-4,0.012223290480536136,33.418706651519976,3.2851511169513796e-5
妮妮,PERSON,8,9.609609609609609e-4,0.01222329048053614,33.418706651519976,3.2851511169513796e-5
妮康,PERSON,8,9.609609609609609e-4,0.012223290480536136,33.418706651519976,3.2851511169513796e-5
妹志芳,PERSON,6,7.207207207207207e-4,0.024101029018637126,1883.6775843053285,3.5526502771067216e-5
妹艷,PERSON,4,4.8048048048048047e-4,0.010414963878348052,244.49920581835897,3.34941050375134e-5
妹造芬,PERSON,6,7.207207207207207e-4,0.014411723880959888,250.80825175331708,3.381348481774532e-5
妻吳,PERSON,16,0.0019219219219219219,0.03484495601285729,3984.4662062211423,3.5373187124159885e-5
姊芝,PERSON,6,7.207207207207207e-4,0.010811012398490541,310.5468774896433,3.368818218568926e-5
姑緣,PERSON,7,8.408408408408409e-4,0.021029308388823532,997.1563241841075,3.433830094086945e-5
委羅,PERSON,5,6.006006006006006e-4,0.007785727202895044,53.53623823156518,3.246753246753247e-5
姚佐頓,PERSON,8,9.609609609609609e-4,0.019595617826337404,565.9296272282239,3.385698808234019e-5
姚俊,PERSON,2,2.4024024024024023e-4,0.003136012919784,14.705547825017394,3.228931223764934e-5
姚友,PERSON,5,6.006006006006006e-4,0.015831338587423836,508.1961196048012,3.4267699266671235e-5
姚國祥,PERSON,7,8.408408408408409e-4,0.015154100019939783,454.7070059528673,3.340236488743403e-5
姚宋,PERSON,1,1.2012012012012012e-4,4.4855613462539706e-4,0,3.165959602355474e-5
姚家,PERSON,5,6.006006006006006e-4,0.006604500402039296,45.62477476780193,3.23185314459311e-5
姚慕蓮,PERSON,9,0.001081081081081081,0.01620919893908065,1805.3177546992047,3.393741939862893e-5
姚慕雙,PERSON,10,0.0012012012012012011,0.020293569854510824,2689.5567324703434,3.49577011815703e-5
姚應齡,PERSON,6,7.207207207207207e-4,0.002234047023782147,6.391664780934227,3.168969451134491e-5
姚抱眞,PERSON,14,0.0016816816816816818,0.03175906788231791,1513.0662087920182,3.4860210555671756e-5
姚抱貞,PERSON,2,2.4024024024024023e-4,5.744870801003183e-4,0.14285714285714285,3.1629554655870446e-5
姚拘眞,PERSON,6,7.207207207207207e-4,0.019256425340340937,305.9779746539047,3.438080176029705e-5
姚文,PERSON,1,1.2012012012012012e-4,0.0010238773972413944,0,3.176620076238882e-5
姚書,PERSON,2,2.4024024024024023e-4,0.008766472903240112,79.54108101827777,3.3018556428712935e-5
姚水娟,PERSON,25,0.003003003003003003,0.04505137626109032,13092.195528143207,3.7475640833458255e-5
姚永基,PERSON,2,2.4024024024024023e-4,0.0057611461790906095,16.827041338636686,3.28709486555782e-5
姚爾昌,PERSON,114,0.013693693693693694,0.15772033330829902,169360.9273125473,4.247005860868088e-5
姚玉,PERSON,3,3.6036036036036037e-4,0.001603238652829642,1.0942282987102634,3.1762164909160206e-5
姚立根,PERSON,5,6.006006006006006e-4,0.019000027015712358,326.847626021409,3.383178834833209e-5
姚純甫,PERSON,6,7.207207207207207e-4,0.026379160552445307,4253.231249322085,3.7020583444395086e-5
姚茵,PERSON,2,2.4024024024024023e-4,0.0022777870118303283,3.501056180548725,3.209654641160611e-5
姚賢揚,PERSON,1,1.2012012012012012e-4,2.9877324302640825e-4,0,3.163155563990637e-5
姚鈞,PERSON,6,7.207207207207207e-4,0.010763246917591245,89.86710460263824,3.266906239790918e-5
姚鈞達,PERSON,5,6.006006006006006e-4,0.013321911921038624,271.64143043431983,3.4197387319608784e-5
姚銘,PERSON,7,8.408408408408409e-4,0.00707662153258477,53.84965423098826,3.2354083085285365e-5
姜夢,PERSON,18,0.002162162162162162,0.059985202905419616,6773.149630945264,3.759681179036018e-5
姜夢麟,PERSON,9,0.001081081081081081,0.02682043330755644,2332.7050142324247,3.5408257205580345e-5
姜妙,PERSON,21,0.0025225225225225223,0.0736185722019088,27789.67477998336,4.079634464751958e-5
姜妙香,PERSON,10,0.0012012012012012011,0.03784536543555876,1800.9700697346723,3.4989503149055284e-5
姜屏,PERSON,7,8.408408408408409e-4,0.018640920617563415,521.7971177393985,3.43878954607978e-5
姜屏藩,PERSON,9,0.001081081081081081,0.02711377211136726,2690.443770024964,3.5642999714856005e-5
姜屛,PERSON,5,6.006006006006006e-4,0.020039054502542373,1539.0292358981071,3.546853940554728e-5
姜懷素,PERSON,36,0.004324324324324324,0.07807038946763073,40106.302365964424,4.046289552480375e-5
姜藩屏,PERSON,9,0.001081081081081081,0.021358383145889757,636.9047426044352,3.463563313937379e-5
姜黎,PERSON,3,3.6036036036036037e-4,0.0030674689716283458,0.9487453334324024,3.183091418385536e-5
姪傳,PERSON,1,1.2012012012012012e-4,3.4932300667442324e-4,0,3.166360585143436e-5
姪文,PERSON,2,2.4024024024024023e-4,0.005761146179090612,16.827041338636686,3.28709486555782e-5
姪英,PERSON,8,9.609609609609609e-4,0.013607640583828469,865.4911893050856,3.3783783783783784e-5
姪錫,PERSON,3,3.6036036036036037e-4,0.008984615214494434,116.28256708398199,3.354128932716174e-5
威克,PERSON,12,0.0014414414414414415,0.022743476522950782,2611.282312303231,3.471740036106096e-5
威廉,PERSON,14,0.0016816816816816818,0.02243764502429063,3380.9619764196837,3.487723214285714e-5
威海衛路北華業藥房,ORG,7,8.408408408408409e-4,0.017768181835255553,4234.9256007419,4.292950974499871e-5
威海衛路新生活俱樂部,ORG,11,0.0013213213213213214,0.029328967569471752,10967.065654484335,4.294425835265825e-5
威爾斯,PERSON,20,0.0024024024024024023,0.018179166931241535,2043.2638035797831,3.2998944033790916e-5
姬奠,PERSON,9,0.001081081081081081,0.01716907627557583,2196.8712112488874,3.4806822137138876e-5
娟娟,PERSON,19,0.0022822822822822822,0.009139869750144176,516.6084946670424,3.193867773874162e-5
娟燕,PERSON,5,6.006006006006006e-4,0.010654304170531596,128.8504303824068,3.4036759700476515e-5
娟管,PERSON,7,8.408408408408409e-4,0.011359972633530255,790.6473321794142,3.407619437061269e-5
娟金,PERSON,2,2.4024024024024023e-4,7.056684629986545e-4,0.030303030303030304,3.168367023636018e-5
娥聲,PERSON,1,1.2012012012012012e-4,0.008664365789620137,0,3.400435255712731e-5
娥鑒,PERSON,4,4.8048048048048047e-4,0.016734315957207237,2285.415313394421,3.5960874568469505e-5
婁詠芳,PERSON,7,8.408408408408409e-4,0.023688494174609352,929.0681891487944,3.4020548411240386e-5
婉姗,PERSON,2,2.4024024024024023e-4,0.006434083937892956,16.62449614338071,3.340236488743403e-5
婉瑾,PERSON,4,4.8048048048048047e-4,0.012695912274313563,484.6470389848895,3.4260655063724815e-5
婉貞,PERSON,7,8.408408408408409e-4,0.01656109168392008,1055.099381469435,3.434065934065934e-5
婦女協會,ORG,2,2.4024024024024023e-4,0.018916466653589207,21.6791117203794,4.2911088225197394e-5
婦女工作促進會,ORG,12,0.0014414414414414415,0.023228244232178327,6957.58483777023,4.294794708812919e-5
婦女會,ORG,18,0.002162162162162162,0.05184987648619674,2163.1424388461996,4.2970092815400483e-5
嫻于,PERSON,6,7.207207207207207e-4,0.017208925423854066,555.0915408844061,3.4270047978067166e-5
嫻與,PERSON,6,7.207207207207207e-4,0.017208925423854066,555.0915408844061,3.4270047978067166e-5
嬌棣,PERSON,1,1.2012012012012012e-4,3.3235390388109337e-4,0,3.1671628555140305e-5
嬿妮,PERSON,2,2.4024024024024023e-4,0.0022777870118303304,3.501056180548725,3.209654641160611e-5
子斌,PERSON,1,1.2012012012012012e-4,0.008664365789620135,0,3.400435255712731e-5
子牙,PERSON,2,2.4024024024024023e-4,0.0017468999148220928,4.837797910604474,3.185930929017459e-5
子端,PERSON,5,6.006006006006006e-4,0.008388932296133708,173.52543655094541,3.3548040794417606e-5
子舫,PERSON,6,7.207207207207207e-4,0.012632979728475404,663.6410378135404,3.33022512321833e-5
子銑,PERSON,1,1.2012012012012012e-4,0.0010238773972413948,0,3.176620076238882e-5
孔令,PERSON,1,1.2012012012012012e-4,2.987732430264085e-4,0,3.163155563990637e-5
孔士,PERSON,31,0.0037237237237237237,0.039765587638660595,8859.393722704091,3.620040544454098e-5
孔子,PERSON,15,0.0018018018018018018,0.04353703220327005,9903.938344861244,3.771307889576105e-5
孔庚,PERSON,6,7.207207207207207e-4,0.013254453922523632,527.3616241970412,3.4343018064427503e-5
孔庸,PERSON,3,3.6036036036036037e-4,0.005423061913486291,6.081767134281239,3.2133676092544985e-5
孔廣曉,PERSON,3,3.6036036036036037e-4,0.009745432517471545,61.7832209617977,3.4008978370289756e-5
孔明,PERSON,3,3.6036036036036037e-4,0.015275997019294132,420.14624893103274,3.45972875726543e-5
孔殷,PERSON,19,0.0022822822822822822,0.0409865831522385,11160.100781400735,3.715262297518205e-5
孔潘,PERSON,2,2.4024024024024023e-4,0.0015459143952658936,0.2997876643819991,3.171180313312615e-5
孔祥熙,PERSON,44,0.005285285285285286,0.06765306931858811,22621.06945986314,3.669994128009395e-5
孔繁,PERSON,3,3.6036036036036037e-4,0.0030674689716283453,0.9487453334324024,3.183091418385536e-5
孔鋆,PERSON,1,1.2012012012012012e-4,0.0010396489255900601,0,3.173394262503174e-5
字伯,PERSON,5,6.006006006006006e-4,0.009648216995931514,344.5150585139114,3.322921512593873e-5
字子,PERSON,1,1.2012012012012012e-4,0.0059571281446850494,0,3.34001336005344e-5
字宏開,PERSON,2,2.4024024024024023e-4,0.002435137421146672,2.0304168970839447,3.209654641160611e-5
孚顏料行,ORG,36,0.004324324324324324,0.026185560857582172,18306.22629194858,4.3036667240488894e-5
孝炎,PERSON,2,2.4024024024024023e-4,0.00465825199298391,2.8611597954819303,3.222687721559781e-5
孝焜,PERSON,4,4.8048048048048047e-4,0.0014435644736360957,0.2608695652173913,3.166561114629513e-5
孝瑞,PERSON,4,4.8048048048048047e-4,0.009213025685857964,76.62484877807492,3.3200531208499335e-5
孝述,PERSON,16,0.0019219219219219219,0.02972913063768924,1146.1427101124061,3.434537711224069e-5
孟晉,PERSON,10,0.0012012012012012011,0.007623061293428174,556.5676608975009,3.240650722665111e-5
孟津,PERSON,1,1.2012012012012012e-4,3.323539038810937e-4,0,3.1671628555140305e-5
孟祥,PERSON,3,3.6036036036036037e-4,0.007870887217268979,88.00567442978584,3.3101621979477e-5
孟禮匡,PERSON,7,8.408408408408409e-4,0.017960409819503347,1207.208225295111,3.45447008428907e-5
孟賢英文學,ORG,3,3.6036036036036037e-4,0.019024004579212394,112.80039258291008,4.291477126426916e-5
季南,PERSON,9,0.001081081081081081,0.006733484183076863,124.6666445566135,3.198157861072023e-5
季意,PERSON,1,1.2012012012012012e-4,8.415068085950118e-4,0,3.176821907363873e-5
季方,PERSON,7,8.408408408408409e-4,0.007216192711333498,253.7203050964008,3.245910153206959e-5
季源,PERSON,3,3.6036036036036037e-4,0.004950924607089586,546.502551692025,3.225182222795588e-5
季灝,PERSON,10,0.0012012012012012011,0.028643137980071762,2490.7740062634007,3.5783296357260434e-5
季珊,PERSON,3,3.6036036036036037e-4,0.005423061913486289,6.081767134281239,3.2133676092544985e-5
季道,PERSON,2,2.4024024024024023e-4,0.00876647290324011,79.54108101827777,3.3018556428712935e-5
孫丕,PERSON,1,1.2012012012012012e-4,4.3519131007354955e-4,0,3.1677648251393816e-05
孫亞夫,PERSON,2,2.4024024024024023e-4,0.009592995499271848,16.10224503881566,3.400666530640005e-5
孫伯羣,PERSON,5,6.006006006006006e-4,0.007101203938386283,18.87665414648633,3.2127481847972756e-5
孫伯達,PERSON,7,8.408408408408409e-4,0.023688494174609345,929.0681891487944,3.4020548411240386e-5
孫元,PERSON,24,0.002882882882882883,0.04038269132488038,12945.888646873978,3.57577057855968e-5
孫元良,PERSON,18,0.002162162162162162,0.0599852029054196,6773.149630945264,3.759681179036018e-5
孫均,PERSON,7,8.408408408408409e-4,0.015154100019939784,454.7070059528673,3.340236488743403e-5
孫均卿,PERSON,1,1.2012012012012012e-4,0.007287514023917678,0,3.309723969020984e-5
孫學,PERSON,5,6.006006006006006e-4,0.015672022999304328,1737.1969415396725,3.464523281596452e-5
孫家良,PERSON,23,0.002762762762762763,0.0671883686763338,12584.919951614092,3.817085273685014e-5
孫尙,PERSON,3,3.6036036036036037e-4,0.015275997019294139,420.14624893103274,3.45972875726543e-5
孫履,PERSON,7,8.408408408408409e-4,0.009250912160524384,20.94006638093603,3.2268473701193935e-5
孫德,PERSON,6,7.207207207207207e-4,0.010892416593343527,366.7125957675009,3.355704697986577e-5
孫戌,PERSON,10,0.0012012012012012011,0.01465500205051472,1664.7092969684538,3.4551862345380415e-5
孫才,PERSON,9,0.001081081081081081,0.021358383145889757,636.9047426044352,3.463563313937379e-5
孫映,PERSON,2,2.4024024024024023e-4,0.013244642168602732,700.3298298644016,3.468368479467259e-5
孫景森,PERSON,2,2.4024024024024023e-4,0.006967976565524212,24.082354120731317,3.269042170644001e-5
孫梅,PERSON,6,7.207207207207207e-4,0.008020497356044334,1809.7006801190876,3.30622231038815e-5
孫梅卿,PERSON,11,0.0013213213213213214,0.02824045561081801,2121.196729252374,3.493327744008943e-5
孫榮芳,PERSON,2,2.4024024024024023e-4,0.0017468999148220934,4.837797910604474,3.185930929017459e-5
孫樹,PERSON,1,1.2012012012012012e-4,3.3235390388109364e-4,0,3.1671628555140305e-5
孫殿卿,PERSON,8,9.609609609609609e-4,0.006302475436465852,126.23522581003662,3.244225279003374e-5
孫治平,PERSON,11,0.0013213213213213214,0.012176911742520957,467.4992491046057,3.290123050602092e-5
孫漕,PERSON,5,6.006006006006006e-4,0.0037096177703874723,56.52644576572049,3.205333675235592e-5
孫炳,PERSON,2,2.4024024024024023e-4,0.0024351374211466718,2.0304168970839447,3.209654641160611e-5
孫玉,PERSON,4,4.8048048048048047e-4,0.016093800524583694,620.3994761113403,3.46476335666274e-5
孫王,PERSON,1,1.2012012012012012e-4,7.732780585623032e-4,0,3.171180313312615e-5
孫瑞璜,PERSON,3,3.6036036036036037e-4,0.00714937581288061,64.5461251024404,3.2713949227950796e-5
孫祥,PERSON,3,3.6036036036036037e-4,0.00362526184485516,7.9041666931138055,3.203280158882696e-5
孫科,PERSON,102,0.012252252252252252,0.13517576991823463,123367.07071029373,4.2775258790315684e-5
孫籌成,PERSON,18,0.002162162162162162,0.03687468462572012,8474.593798201366,3.65123411713159e-5
孫維棟,PERSON,2,2.4024024024024023e-4,0.009592995499271855,16.10224503881566,3.400666530640005e-5
孫義昌,PERSON,10,0.0012012012012012011,0.0129686848828625,839.3829092741145,3.3617965440731524e-5
孫翔,PERSON,1,1.2012012012012012e-4,4.307666442358614e-4,0,3.1671628555140305e-5
孫耀,PERSON,4,4.8048048048048047e-4,0.012262490915419118,482.0682132597925,3.427239701144698e-5
孫耀山,PERSON,9,0.001081081081081081,0.027113772111367253,2690.443770024964,3.5642999714856005e-5
孫聯,PERSON,1,1.2012012012012012e-4,3.572911334009594e-4,0,3.170577045022194e-5
孫肇,PERSON,3,3.6036036036036037e-4,0.003204915009376846,2.4817835973184477,3.197748784855462e-5
孫育凡,PERSON,6,7.207207207207207e-4,0.003371719730179143,28.478568813996905,3.188368830506313e-5
孫芹池,PERSON,10,0.0012012012012012011,0.026477628720449717,3417.691481682746,3.490645071209159e-5
孫蒼年,PERSON,1,1.2012012012012012e-4,3.5433331800824595e-4,0,3.167965532535006e-5
孫蘭,PERSON,9,0.001081081081081081,0.02521094727005405,4559.495309111966,3.599712023038157e-5
孫處,PERSON,8,9.609609609609609e-4,0.013607640583828474,865.4911893050856,3.3783783783783784e-5
孫越,PERSON,3,3.6036036036036037e-4,0.0036252618448551614,7.9041666931138055,3.203280158882696e-5
孫連,PERSON,3,3.6036036036036037e-4,0.0010679870628493191,0.08823529411764705,3.168567807351077e-5
孫道,PERSON,5,6.006006006006006e-4,0.012328537892019414,1591.3971414737518,3.41646737273659e-5
孫部,PERSON,3,3.6036036036036037e-4,0.003439780195559411,13.88369416638451,3.2024594888874656e-5
孫鈞卿,PERSON,7,8.408408408408409e-4,0.023688494174609356,929.0681891487944,3.4020548411240386e-5
孫銀,PERSON,7,8.408408408408409e-4,0.01515410001993978,454.7070059528673,3.340236488743403e-5
孫錦,PERSON,4,4.8048048048048047e-4,0.004700450151931146,37.63387724947352,3.225390272222939e-5
孫錫,PERSON,3,3.6036036036036037e-4,0.012049056922188871,12.27847436442589,3.4008978370289756e-5
孫院,PERSON,12,0.0014414414414414415,0.020309574870715646,3272.082743963885,3.5033632286995515e-5
孫隆,PERSON,3,3.6036036036036037e-4,0.002563069526593188,39.06161631547853,3.190810465858328e-5
孫隆吉,PERSON,2,2.4024024024024023e-4,8.700739452890436e-4,0.3849408814655566,3.169170311212524e-5
孫雪,PERSON,6,7.207207207207207e-4,0.013834653739535716,1666.8379617159997,3.4319445397762374e-5
孫雲,PERSON,7,8.408408408408409e-4,0.018640920617563415,521.7971177393985,3.43878954607978e-5
孫飛,PERSON,7,8.408408408408409e-4,0.023688494174609335,929.0681891487944,3.4020548411240386e-5
孫鶴,PERSON,1,1.2012012012012012e-4,9.363627831873447e-4,0,3.177831447820008e-5
孫鶴臯,PERSON,3,3.6036036036036037e-4,0.0039028172303789727,5.230139389952133,3.192644147883277e-5
學沛,PERSON,5,6.006006006006006e-4,0.0036454819129655767,21.30282521385167,3.193867773874162e-5
學濂,PERSON,6,7.207207207207207e-4,0.009230969562999165,239.1377818693228,3.274608684262231e-5
學生會,ORG,2,2.4024024024024023e-4,0.018916466653589207,21.6791117203794,4.2911088225197394e-5
學生自治會,ORG,7,8.408408408408409e-4,0.017264231389285314,2773.095409358394,4.292950974499871e-5
學生馮,PERSON,1,1.2012012012012012e-4,4.307666442358613e-4,0,3.1671628555140305e-5
學禹,PERSON,6,7.207207207207207e-4,0.005418347936242185,0.49999999999999994,3.168367023636018e-5
學範,PERSON,2,2.4024024024024023e-4,0.00876647290324011,79.54108101827777,3.3018556428712935e-5
學詩,PERSON,6,7.207207207207207e-4,0.0022984585655197566,1.6813576810374764,3.1729914963827895e-5
學章,PERSON,6,7.207207207207207e-4,0.02287490049959872,354.44088573884153,3.3763252076440005e-5
宇持,PERSON,6,7.207207207207207e-4,0.005418347936242185,0.49999999999999994,3.168367023636018e-5
守包,PERSON,9,0.001081081081081081,0.012058727667521304,163.1970346503108,3.293373732051113e-5
守白金,PERSON,6,7.207207207207207e-4,0.010946442304255986,753.7978000688933,3.413435281267067e-5
守箴,PERSON,2,2.4024024024024023e-4,0.005761146179090613,16.827041338636686,3.28709486555782e-5
安利洋行,ORG,64,0.0076876876876876875,0.094026129963801,26299.29646711998,4.3148084225060405e-5
安定,PERSON,5,6.006006006006006e-4,0.008098027441746706,76.71006892147572,3.2920726889649725e-5
安寺,ORG,11,0.0013213213213213214,0.025998260633571118,1817.484669402929,4.294425835265825e-5
安度,PERSON,1,1.2012012012012012e-4,2.88149031428135e-4,0,3.162555344718533e-5
安康華行,ORG,24,0.002882882882882883,0.03395031749916399,4384.06980767813,4.299226139294927e-5
安廿,PERSON,4,4.8048048048048047e-4,0.01152744688786007,46.1487429685942,3.279118572927597e-5
安得諾夫,PERSON,1,1.2012012012012012e-4,6.896996953853933e-4,0,3.1669622498099825e-5
安徽同鄉會,ORG,15,0.0018018018018018018,0.030173447913434293,5663.844701151376,4.2959017097688804e-5
安徽省參議會,ORG,28,0.0033633633633633636,0.026588522375448394,7507.458027123316,4.30070531567177e-5
安格,PERSON,1,1.2012012012012012e-4,6.896996953853931e-4,0,3.1669622498099825e-5
安現,PERSON,4,4.8048048048048047e-4,0.0062563130345202,45.00737338519304,3.215434083601286e-5
安理會,ORG,7,8.408408408408409e-4,0.01835167826783335,1528.9718948442953,4.292950974499871e-5
安諾德,PERSON,31,0.0037237237237237237,0.03605237423244725,8460.703099996439,3.5501278046009656e-5
安谷,PERSON,2,2.4024024024024023e-4,0.00465825199298391,2.8611597954819303,3.222687721559781e-5
安達,ORG,6,7.207207207207207e-4,0.02055547355433582,1004.1282242231841,4.292582417582418e-5
安錢,PERSON,7,8.408408408408409e-4,0.017960409819503344,1207.208225295111,3.45447008428907e-5
安鐘瑞,PERSON,5,6.006006006006006e-4,0.015600085532933185,149.90229652275153,3.3413525795241913e-5
安黛,PERSON,4,4.8048048048048047e-4,0.006422685959868413,55.40107853797565,3.2539372640895484e-5
宋劍侯,PERSON,1,1.2012012012012012e-4,0.0010396489255900597,0,3.173394262503174e-5
宋哲夫,PERSON,9,0.001081081081081081,0.017436937745954815,122.44182752488796,3.404371212637026e-5
宋國士,PERSON,3,3.6036036036036037e-4,0.015275997019294137,420.14624893103274,3.45972875726543e-5
宋子,PERSON,6,7.207207207207207e-4,0.018308135558734718,804.2259518978314,3.408548639989093e-5
宋子文,PERSON,8,9.609609609609609e-4,0.017506627076075212,544.9952176357154,3.3665499596014004e-5
宋子良,PERSON,5,6.006006006006006e-4,0.008114003003144011,133.16470487824597,3.237293622531564e-5
宋巧姣,PERSON,3,3.6036036036036037e-4,0.015275997019294133,420.14624893103274,3.45972875726543e-5
宋慶齡,PERSON,12,0.0014414414414414415,0.03211764596202777,3681.9115638197177,3.4092458748124914e-5
宋文德,PERSON,4,4.8048048048048047e-4,0.005197425458404818,57.52869613489803,3.229348317509527e-5
宋昌辰,PERSON,3,3.6036036036036037e-4,0.006643166885240419,42.05641769540766,3.294241665568586e-5
宋桂記,PERSON,53,0.006366366366366366,0.09065700957366535,80090.90415725404,4.0759761962990134e-5
宋淵源,PERSON,6,7.207207207207207e-4,0.01582048373800137,1025.2535560947676,3.471981112422748e-5
宋漢章,PERSON,46,0.005525525525525526,0.08302880828358959,28049.9653067045,3.9013732833957553e-5
宋美齡,PERSON,2,2.4024024024024023e-4,0.0016863979199607693,0.5396596215666166,3.168969451134491e-5
宋行恭,PERSON,1,1.2012012012012012e-4,3.5729113340095926e-4,0,3.170577045022194e-5
宋院,PERSON,19,0.0022822822822822822,0.03147168022015964,6524.862432419307,3.556693697538768e-5
宋雨人,PERSON,1,1.2012012012012012e-4,0.008664365789620137,0,3.400435255712731e-5
宏劉,PERSON,4,4.8048048048048047e-4,0.004700450151931145,37.63387724947352,3.225390272222939e-5
宏大,PERSON,26,0.003123123123123123,0.04073834657540516,15751.358986461639,3.681885125184094e-5
宏大橡膠廠,ORG,63,0.0075675675675675675,0.06171948747648181,92882.94172390302,4.313691657320335e-5
宏文,PERSON,5,6.006006006006006e-4,0.004080904430377633,18.919364027845845,3.2100667693888034e-5
宏業,PERSON,6,7.207207207207207e-4,0.014614656502572375,551.4391852112278,3.428179636612959e-5
宏玉,PERSON,3,3.6036036036036037e-4,0.011762894055185533,766.3390538767304,3.454708768050853e-5
宏興,PERSON,42,0.005045045045045045,0.0756361132376617,46868.6562414096,4.0512072597634096e-5
宏興印刷,ORG,5,6.006006006006006e-4,0.02806530924115186,188.49747500276717,4.292213923941969e-5
宗信,PERSON,1,1.2012012012012012e-4,3.323539038810935e-4,0,3.1671628555140305e-5
宗培,PERSON,1,1.2012012012012012e-4,0.005957128144685054,0,3.34001336005344e-5
宗式,PERSON,3,3.6036036036036037e-4,0.010054606654089247,21.81379750771509,3.3460483169376966e-5
宗曦,PERSON,3,3.6036036036036037e-4,0.01162463250471211,449.0017248223924,3.4258307639602604e-5
宗英,PERSON,3,3.6036036036036037e-4,0.008984615214494441,116.28256708398199,3.354128932716174e-5
官部,ORG,24,0.002882882882882883,0.03326862840340364,18372.240021955273,4.299226139294927e-5
官雲,PERSON,1,1.2012012012012012e-4,0.0010396489255900592,0,3.173394262503174e-5
官默,PERSON,6,7.207207207207207e-4,0.002985233903338832,30.611359540015364,3.1812686899535535e-5
定吳,PERSON,1,1.2012012012012012e-4,9.141141965895654e-4,0,3.171582619727244e-5
定山,PERSON,5,6.006006006006006e-4,0.0040809044303776335,18.919364027845845,3.2100667693888034e-5
定明,PERSON,7,8.408408408408409e-4,0.006634577952433315,381.72002560457827,3.241491085899514e-5
定譚,PERSON,4,4.8048048048048047e-4,0.011632450896750303,291.13651510072094,3.3178500331785e-5
定邦達昌,ORG,25,0.003003003003003003,0.026055739831488192,9636.794544309292,4.2995958379912286e-5
宜於,PERSON,6,7.207207207207207e-4,0.008187814689623953,352.00677074676764,3.280839895013123e-5
宜鐵,PERSON,4,4.8048048048048047e-4,0.005650392340963532,48.6094521463145,3.232897969740075e-5
宣一傳委員會爲,ORG,8,9.609609609609609e-4,0.034707353415327546,1185.729999502522,4.29331959471063e-5
宣傳部,ORG,6,7.207207207207207e-4,0.01889745930070498,1302.0671494319681,4.292950974499871e-5
宣剛,PERSON,6,7.207207207207207e-4,0.010644558116615872,1158.4122367890589,3.357281944537702e-5
宣司,PERSON,14,0.0016816816816816818,0.02780476972321046,1170.253777178624,3.3781501249915544e-5
宣瑞庭,PERSON,5,6.006006006006006e-4,0.01900002701571235,326.847626021409,3.383178834833209e-5
宣鐡,PERSON,1,1.2012012012012012e-4,0.0013881408023677958,0,3.174200101574403e-5
宣鐵,PERSON,109,0.013093093093093092,0.17261716336425725,187129.29869432416,4.3144361032013115e-5
宣鶴,PERSON,2,2.4024024024024023e-4,9.188256686464866e-4,1.5039057813604082,3.173394262503174e-5
宰鹿啓事,PERSON,5,6.006006006006006e-4,0.010654304170531597,128.8504303824068,3.4036759700476515e-5
宴龐德,PERSON,4,4.8048048048048047e-4,0.0038551531410494382,33.498113525917994,3.203280158882696e-5
家中國集團,ORG,67,0.008048048048048049,0.053465970828309534,56422.77241623105,4.3151808060757745e-5
家倫,PERSON,3,3.6036036036036037e-4,0.0010616436936611334,0.2841238564773236,3.1709791983764585e-5
家域,PERSON,3,3.6036036036036037e-4,0.006643166885240421,42.05641769540766,3.294241665568586e-5
家庭,PERSON,5,6.006006006006006e-4,0.007452134795871073,51.27465028605978,3.228931223764934e-5
家支,PERSON,4,4.8048048048048047e-4,0.011269647772469466,63.78114990571053,3.402286336418073e-5
家昌,PERSON,1,1.2012012012012012e-4,3.891630781444266e-4,0,3.1695721077654516e-5
家源,PERSON,1,1.2012012012012012e-4,0.008664365789620137,0,3.400435255712731e-5
家程,PERSON,8,9.609609609609609e-4,0.006302475436465849,126.23522581003662,3.244225279003374e-5
家羅,PERSON,4,4.8048048048048047e-4,0.013386311214997884,771.5181642440666,3.44542447629548e-5
家良,PERSON,4,4.8048048048048047e-4,0.0025997694157308855,0.15789473684210525,3.1695721077654516e-5
家衡,PERSON,11,0.0013213213213213214,0.020331074161664957,1398.5964590724325,3.455663833022323e-5
家章,PERSON,4,4.8048048048048047e-4,0.010414963878348055,244.49920581835897,3.34941050375134e-5
家駒,PERSON,3,3.6036036036036037e-4,0.01062973873015886,21.45554897877954,3.4008978370289756e-5
家驊,PERSON,8,9.609609609609609e-4,0.0031212340919563337,57.804281117674336,3.17218627077782e-5
家鼎,PERSON,2,2.4024024024024023e-4,7.255159986256989e-4,0.034482758620689655,3.167564143173899e-5
容徵,PERSON,1,1.2012012012012012e-4,3.891630781444268e-4,0,3.1695721077654516e-5
容海中學,ORG,7,8.408408408408409e-4,0.01798839505546396,1876.0415371712195,4.292950974499871e-5
容鑒,PERSON,4,4.8048048048048047e-4,0.00859302566125484,589.7083542804517,3.3027280533720854e-5
寄廎,PERSON,46,0.005525525525525526,0.08133687924595454,45767.15158957203,3.9710904614407116e-5
寄廣,PERSON,35,0.004204204204204204,0.03173951876453812,7017.631518434292,3.417868617130358e-5
寄翁,PERSON,2,2.4024024024024023e-4,6.359032229647641e-4,0.06666666666666667,3.1645569620253167e-5
寄萍,PERSON,3,3.6036036036036037e-4,0.003204915009376847,2.4817835973184477,3.197748784855462e-5
密士,PERSON,8,9.609609609609609e-4,0.003454230896817709,11.917367657986436,3.174401625293632e-5
密契,PERSON,5,6.006006006006006e-4,0.004793973230476346,315.9668289906525,3.232270993600103e-5
富呂,PERSON,9,0.001081081081081081,0.00755231168955752,244.31210778049677,3.2324799586242565e-5
富德樂,ORG,33,0.003963963963963964,0.021493096840305554,61589.71571503744,4.302925989672978e-5
富文壽,PERSON,2,2.4024024024024023e-4,0.006351665306827436,137.85964752254984,3.271180896303566e-5
富星,ORG,1,1.2012012012012012e-4,0.016416165344663884,0,4.290740581824423e-5
富星無線電料行,ORG,1,1.2012012012012012e-4,0.01641616534466388,0,4.290740581824423e-5
富春樓,ORG,6,7.207207207207207e-4,0.02713147467699787,736.603443414053,4.292582417582418e-5
富琴,PERSON,8,9.609609609609609e-4,0.030410999565957813,1211.1368630802024,3.464043231259526e-5
富祿,PERSON,4,4.8048048048048047e-4,0.0036199725882840044,3.8065488913942205,3.183496752833312e-5
富英,PERSON,2,2.4024024024024023e-4,0.005799792210387896,34.377279673523134,3.26477309826967e-5
富辯,PERSON,11,0.0013213213213213214,0.012176911742520955,467.4992491046057,3.290123050602092e-5
富陳,PERSON,6,7.207207207207207e-4,0.01918898821301715,1731.3529437659622,3.515679932498945e-5
寒汀,PERSON,4,4.8048048048048047e-4,0.004593297329993953,44.99434718100529,3.217917363882096e-5
寒画,PERSON,2,2.4024024024024023e-4,0.0017258083018153805,1.5277695033446725,3.174200101574403e-5
寗夏省,PERSON,1,1.2012012012012012e-4,0.008664365789620135,0,3.400435255712731e-5
察潤卿,PERSON,3,3.6036036036036037e-4,0.004342534908991104,7.701185609336113,3.201024327784891e-5
實業有限公司,ORG,10,0.0012012012012012011,0.023428582319299524,3392.030612180745,4.294057025077293e-5
實榮,PERSON,4,4.8048048048048047e-4,0.005026862025977053,16.556145673492605,3.214813862277374e-5
寧波上海電器材料行,ORG,1,1.2012012012012012e-4,0.016416165344663874,0,4.290740581824423e-5
寧波旅滬同鄕會,ORG,22,0.002642642642642643,0.042171842958424695,26294.597304845487,4.2995958379912286e-5
寧社集團,ORG,15,0.0018018018018018018,0.02284295819790207,30242.213155506153,4.2959017097688804e-5
寧社集團結,ORG,7,8.408408408408409e-4,0.021430942919418088,728.2832274116416,4.292950974499871e-5
審判委員會,ORG,7,8.408408408408409e-4,0.022453015328640087,1860.3259213010626,4.292950974499871e-5
審計部,ORG,20,0.0024024024024024023,0.03527062669189547,3277.995878270636,4.298117424568039e-5
寬陳,PERSON,11,0.0013213213213213214,0.008668940896065664,65.8169152778398,3.192236480878503e-5
寰球中國學生會,ORG,62,0.007447447447447447,0.0657774410038977,11540.35284644594,4.313691657320335e-5
寳椿,PERSON,9,0.001081081081081081,0.00639269952458951,1.2948917180374984,3.1746031746031745e-5
寳珊,PERSON,5,6.006006006006006e-4,0.019000027015712354,326.847626021409,3.383178834833209e-5
寳珍,PERSON,2,2.4024024024024023e-4,0.0014360969314312138,0.5752070517687443,3.174804749507905e-5
寳福記銀,ORG,22,0.002642642642642643,0.024444878854262685,6428.943318254794,4.298486932599725e-5
寳芳,PERSON,4,4.8048048048048047e-4,0.007006360092945604,623.4779752957115,3.343139876972452e-5
寳華藥房,ORG,67,0.008048048048048049,0.04774839620038305,35002.42863073886,4.3151808060757745e-5
寳驊,PERSON,2,2.4024024024024023e-4,0.004658251992983909,2.8611597954819303,3.222687721559781e-5
寵光,PERSON,6,7.207207207207207e-4,0.00326180526742981,6.5446831154118295,3.17218627077782e-5
寵錫,PERSON,26,0.003123123123123123,0.021267511009071104,11024.585356250253,3.4324157341937255e-5
寶主同樂大會,ORG,3,3.6036036036036037e-4,0.016455777668203983,4257.8191462359555,4.291477126426916e-5
寶兩,PERSON,2,2.4024024024024023e-4,0.00576114617909061,16.827041338636686,3.28709486555782e-5
寶馨,PERSON,4,4.8048048048048047e-4,0.012262490915419118,482.0682132597925,3.427239701144698e-5
尊二,PERSON,5,6.006006006006006e-4,0.008388932296133708,173.52543655094541,3.3548040794417606e-5
尊師運動委會,ORG,29,0.0034834834834834836,0.026240393855187647,107022.94558187418,4.301075268817204e-5
尊師運動聯合學生總會學生團體聯合會學生助學聯合會,ORG,7,8.408408408408409e-4,0.02154266515922321,862.6981728519504,4.292950974499871e-5
尊植,PERSON,3,3.6036036036036037e-4,0.008166484072258123,145.71102886183576,3.302073702285035e-5
對任,PERSON,3,3.6036036036036037e-4,8.624218137755436e-4,1.0788168828908768,3.163956210846042e-5
對詠華,PERSON,5,6.006006006006006e-4,0.00768589293055961,45.732157310507276,3.2836409010310635e-5
小亭,PERSON,5,6.006006006006006e-4,0.004744925400120988,29.575974419923707,3.200819409768901e-5
小吕,PERSON,1,1.2012012012012012e-4,3.789807969594067e-4,0,3.165959602355474e-5
小慶,PERSON,2,2.4024024024024023e-4,9.941349364847518e-4,0.13222289093169362,3.169773044250032e-5
小月,PERSON,6,7.207207207207207e-4,0.0051888864609529895,38.82898733835354,3.201024327784891e-5
小板橋後勤總司,ORG,21,0.0025225225225225223,0.03938158371786183,14016.699369812892,4.298117424568039e-5
小波,PERSON,11,0.0013213213213213214,0.021622026002481587,2149.641677823689,3.395585738539898e-5
小玲,PERSON,6,7.207207207207207e-4,0.02727569901135341,1720.9932620605616,3.535067873303168e-5
小舍,PERSON,17,0.002042042042042042,0.013513809307985559,26.71664589579696,3.181673560292714e-5
小華,PERSON,4,4.8048048048048047e-4,0.008366771104785545,52.9343858105446,3.3103813559322034e-5
小萍,PERSON,6,7.207207207207207e-4,0.010644558116615872,1158.4122367890589,3.357281944537702e-5
小黃毛勞勃,PERSON,5,6.006006006006006e-4,0.00523318752528375,223.05625409020251,3.241070849808777e-5
小龍坎中一信託公司,ORG,11,0.0013213213213213214,0.03738076721454894,786.4641426631882,4.294425835265825e-5
少年少舅自動車隊,ORG,18,0.002162162162162162,0.04127968896779173,6236.09968192144,4.2970092815400483e-5
少廉,PERSON,5,6.006006006006006e-4,0.006775852160037825,45.03960850031755,3.2404406999351915e-5
少文,PERSON,10,0.0012012012012012011,0.011314746813971018,251.61185594599945,3.233734316388565e-5
尚希,PERSON,14,0.0016816816816816818,0.018031967374027146,2780.635252360661,3.402517863218782e-5
尚文,PERSON,1,1.2012012012012012e-4,3.891630781444269e-4,0,3.1695721077654516e-5
尚文小學,ORG,8,9.609609609609609e-4,0.01883556413940875,6933.427794814352,4.29331959471063e-5
尚祈,PERSON,2,2.4024024024024023e-4,0.006819722814982088,39.53145604216699,3.3471682956219036e-5
尤樹,PERSON,2,2.4024024024024023e-4,0.0014360969314312136,0.5752070517687443,3.174804749507905e-5
尤爾緝,PERSON,7,8.408408408408409e-4,0.019671034594503044,1206.342382844766,3.4770514603616136e-5
局應,PERSON,3,3.6036036036036037e-4,0.011762894055185533,766.3390538767304,3.454708768050853e-5
局長趙,PERSON,9,0.001081081081081081,0.015494222123699684,599.5873168084755,3.3599892480344065e-5
居敬,PERSON,8,9.609609609609609e-4,0.017302843330661184,1239.2065710310208,3.469812630117974e-5
居正,PERSON,11,0.0013213213213213214,0.019463625825879405,819.6167050903387,3.34941050375134e-5
居白,PERSON,7,8.408408408408409e-4,0.02767865500269451,480.29727571669935,3.3847820200379094e-5
屈均,PERSON,2,2.4024024024024023e-4,0.0016415096478265949,0.9783356359291872,3.172790151659369e-5
屈均遠,PERSON,2,2.4024024024024023e-4,0.0016415096478265949,0.9783356359291872,3.172790151659369e-5
屈映,PERSON,2,2.4024024024024023e-4,6.269218673298664e-4,0.047619047619047616,3.165759149043941e-5
屈納,PERSON,2,2.4024024024024023e-4,0.0012619548253933579,2.1683427447535637,3.174401625293632e-5
屈臣,PERSON,7,8.408408408408409e-4,0.005782546034220527,215.118393840992,3.213574137155344e-5
屛川,PERSON,1,1.2012012012012012e-4,0.0027873098307605853,0,3.228722717293039e-5
屛藩,PERSON,5,6.006006006006006e-4,0.014966642918712988,545.9883301305605,3.38684549210865e-5
屠志,PERSON,1,1.2012012012012012e-4,0.00866436578962014,0,3.400435255712731e-5
屠蕊宏,PERSON,3,3.6036036036036037e-4,0.010629738730158864,21.45554897877954,3.4008978370289756e-5
屠開,PERSON,9,0.001081081081081081,0.02325077650351841,2438.519034218846,3.539321865930488e-5
屠開徵,PERSON,9,0.001081081081081081,0.012058727667521293,163.1970346503108,3.293373732051113e-5
履平,PERSON,2,2.4024024024024023e-4,0.0015459143952658942,0.2997876643819991,3.171180313312615e-5
屬力新劇團,ORG,4,4.8048048048048047e-4,0.01754559037451548,631.6748245164149,4.292213923941969e-5
屬斐,PERSON,2,2.4024024024024023e-4,0.005513421202363542,1.582834490083944,3.2258064516129034e-5
山東同鄉會,ORG,60,0.007207207207207207,0.06333080252069961,233710.97203003365,4.312575470070726e-5
山東省參議,ORG,28,0.0033633633633633636,0.026588522375448394,7507.458027123316,4.30070531567177e-5
山東省商聯會,ORG,5,6.006006006006006e-4,0.01771486635269788,2771.650478717204,4.292213923941969e-5
山東經濟槪况,ORG,11,0.0013213213213213214,0.020455863232043167,8735.140888567234,4.294425835265825e-5
山獨,PERSON,10,0.0012012012012012011,0.01599255803378116,1029.859879762347,3.374046831770025e-5
山積,PERSON,4,4.8048048048048047e-4,0.005665268229381877,65.9745187566222,3.24380433372259e-5
山陳,PERSON,4,4.8048048048048047e-4,0.016734315957207237,2285.415313394421,3.5960874568469505e-5
山駱,PERSON,9,0.001081081081081081,0.021358383145889753,636.9047426044352,3.463563313937379e-5
岐次,PERSON,2,2.4024024024024023e-4,0.00643408393789296,16.62449614338071,3.340236488743403e-5
岐陸,PERSON,4,4.8048048048048047e-4,0.009213025685857964,76.62484877807492,3.3200531208499335e-5
岑志良,PERSON,3,3.6036036036036037e-4,0.010002217362508323,135.27609714198354,3.316529583443884e-5
岫晴,PERSON,6,7.207207207207207e-4,0.004437988469614067,102.94635602988035,3.196317841846193e-5
岫睛,PERSON,3,3.6036036036036037e-4,0.0011541878809954928,0.15789473684210525,3.166160081053698e-5
岫雲,PERSON,9,0.001081081081081081,0.004191890832555413,240.1810010692765,3.1841049480990894e-5
岳陽,PERSON,5,6.006006006006006e-4,0.015566497463280786,2123.869853110591,3.5780735651925e-5
峯籌,PERSON,1,1.2012012012012012e-4,3.572911334009594e-4,0,3.170577045022194e-5
峰劇,PERSON,8,9.609609609609609e-4,0.012223290480536135,33.418706651519976,3.2851511169513796e-5
峰陳,PERSON,3,3.6036036036036037e-4,0.01522254617624752,317.8175412682892,3.3795201081446433e-5
崇墉,PERSON,7,8.408408408408409e-4,0.005901204383500433,36.199420026929104,3.217917363882096e-5
崇德,PERSON,6,7.207207207207207e-4,0.01608413589071218,946.8420505518003,3.433830094086945e-5
崇明史,PERSON,8,9.609609609609609e-4,0.00414361678173738,66.70413790255344,3.193663771078181e-5
崇智,PERSON,9,0.001081081081081081,0.024263232145732495,737.2964918909192,3.41646737273659e-5
崎代,PERSON,1,1.2012012012012012e-4,5.134796624715702e-4,0,3.168969451134491e-5
崎為,PERSON,3,3.6036036036036037e-4,0.00362526184485516,7.9041666931138055,3.203280158882696e-5
崑生,PERSON,4,4.8048048048048047e-4,0.011060730322090033,603.7355239679507,3.4059945504087195e-5
崔伯鴻,PERSON,3,3.6036036036036037e-4,0.012049056922188873,12.27847436442589,3.4008978370289756e-5
崔善堂,PERSON,7,8.408408408408409e-4,0.015154100019939784,454.7070059528673,3.340236488743403e-5
崔國,PERSON,6,7.207207207207207e-4,0.014411723880959881,250.80825175331708,3.381348481774532e-5
崔堅,PERSON,1,1.2012012012012012e-4,4.3076664423586123e-4,0,3.1671628555140305e-5
崔宅訃,PERSON,1,1.2012012012012012e-4,7.469667574081054e-4,0,3.1713814537612584e-5
崔東,PERSON,7,8.408408408408409e-4,0.015154100019939777,454.7070059528673,3.340236488743403e-5
崔松谷,PERSON,8,9.609609609609609e-4,0.015609128736287206,291.0896421783415,3.4115720524017465e-5
崔泉,PERSON,3,3.6036036036036037e-4,0.01062973873015886,21.45554897877954,3.4008978370289756e-5
崔淑言,PERSON,3,3.6036036036036037e-4,0.003560605788958046,16.246700138563867,3.2127481847972756e-5
崔熹,PERSON,8,9.609609609609609e-4,0.030410999565957834,1211.1368630802024,3.464043231259526e-5
崔熹雲,PERSON,10,0.0012012012012012011,0.03784536543555877,1800.9700697346723,3.4989503149055284e-5
崔福莊,PERSON,1,1.2012012012012012e-4,4.3665833117184817e-4,0,3.1671628555140305e-5
崔萬秋,PERSON,5,6.006006006006006e-4,0.003645481912965574,21.30282521385167,3.193867773874162e-5
崔逖,PERSON,7,8.408408408408409e-4,0.023688494174609342,929.0681891487944,3.4020548411240386e-5
崧鄧,PERSON,9,0.001081081081081081,0.01743693774595482,122.44182752488796,3.404371212637026e-5
嵇國,PERSON,7,8.408408408408409e-4,0.023688494174609335,929.0681891487944,3.4020548411240386e-5
嵩齡,PERSON,6,7.207207207207207e-4,0.005418347936242185,0.49999999999999994,3.168367023636018e-5
工友福利委會合,ORG,15,0.0018018018018018018,0.022906709576031754,3276.0163189221757,4.2959017097688804e-5
工商協會,ORG,11,0.0013213213213213214,0.024225895399984737,2240.584036314266,4.294425835265825e-5
工商業同業公會,ORG,9,0.001081081081081081,0.035567214313572945,1202.119742215771,4.2936882782310004e-5
工商法規研究委員會,ORG,5,6.006006006006006e-4,0.01858359106762204,4002.570875457667,4.292213923941969e-5
工商稅則研究委員會,ORG,5,6.006006006006006e-4,0.01858359106762203,4002.570875457667,4.292213923941969e-5
工商部,ORG,51,0.006126126126126126,0.03450455368645598,60816.53702975973,4.309230371455658e-5
工商銀行,ORG,22,0.002642642642642643,0.04237623566183265,28424.112356302725,4.2988565041698905e-5
工廠安全設計委員會,ORG,5,6.006006006006006e-4,0.01858359106762203,4002.570875457667,4.292213923941969e-5
工會,ORG,234,0.02810810810810811,0.21580215746212797,215192.29164272943,4.379817799579537e-5
工業協會,ORG,33,0.003963963963963964,0.06562590697190825,8189.31218825804,4.3036667240488894e-5
工業同業公會,ORG,1,1.2012012012012012e-4,0.016416165344663877,0,4.290740581824423e-5
工業復員協進委員會,ORG,4,4.8048048048048047e-4,0.018953547860817786,523.952610627392,4.291845493562232e-5
工業會,ORG,15,0.0018018018018018018,0.028347927375650527,3287.7594589689897,4.2959017097688804e-5
工部局,ORG,255,0.03063063063063063,0.1790939907764578,376761.1764572851,4.388274530454625e-5
工章,PERSON,11,0.0013213213213213214,0.012176911742520957,467.4992491046057,3.290123050602092e-5
左玉,PERSON,9,0.001081081081081081,0.006392699524589509,1.2948917180374984,3.1746031746031745e-5
左舜,PERSON,3,3.6036036036036037e-4,0.0016032386528296418,1.0942282987102634,3.1762164909160206e-5
左舜生,PERSON,19,0.0022822822822822822,0.02162306158365997,6690.082315934977,3.450417500517563e-5
巨川,PERSON,6,7.207207207207207e-4,0.010763246917591245,89.86710460263824,3.266906239790918e-5
巫秀芬,PERSON,2,2.4024024024024023e-4,7.750665576789088e-4,0.7352342292962631,3.171180313312615e-5
巴倫,PERSON,3,3.6036036036036037e-4,0.0012779918797512382,0.5216514751398471,3.1645569620253167e-5
巴克萊,PERSON,11,0.0013213213213213214,0.01589746827148652,788.9861504349398,3.3348896151537383e-05
巴凌,PERSON,4,4.8048048048048047e-4,0.0034218520798971856,4.4938255338808855,3.183496752833312e-5
巴勒斯坦,PERSON,9,0.001081081081081081,0.021969140653223557,3622.2186990913533,3.5832019492618604e-5
巴貝,PERSON,7,8.408408408408409e-4,0.014902604122646981,490.4097682436593,3.3182904167772766e-5
巴金,PERSON,4,4.8048048048048047e-4,0.0016319870171358417,3.004631250901446,3.170577045022194e-5
巾南貿易協會,ORG,5,6.006006006006006e-4,0.016537471962548986,5616.7868325298105,4.292213923941969e-5
市上兒童敎養所,ORG,51,0.006126126126126126,0.04302328303296575,27847.46614132079,4.309601792794346e-5
市參議會,ORG,66,0.007927927927927928,0.08050381953495454,45559.04358240843,4.3151808060757745e-5
市商會總工會工業會,ORG,7,8.408408408408409e-4,0.02023591409569654,3273.674427776125,4.292950974499871e-5
市委,ORG,18,0.002162162162162162,0.040583734915784195,9120.855874502755,4.2970092815400483e-5
市府樂隊,ORG,8,9.609609609609609e-4,0.02082691389619536,1292.8657190123765,4.29331959471063e-5
市政常局,ORG,6,7.207207207207207e-4,0.03239721603812513,2491.7092007337883,4.292582417582418e-5
市政府,ORG,241,0.02894894894894895,0.19073851541039533,409353.46924842853,4.3821209465381244e-5
市民服用國貨協會,ORG,6,7.207207207207207e-4,0.02567787812699301,2110.5492373513653,4.292582417582418e-5
市民營廣播電台同業公會,ORG,3,3.6036036036036037e-4,0.01966497550125059,1702.7200365979231,4.291477126426916e-5
市立民衆敎育,ORG,8,9.609609609609609e-4,0.024048054387383524,3788.7286702215356,4.29331959471063e-5
市農民恊會,ORG,71,0.008528528528528529,0.12574200377585495,12343.39001787037,4.31667098333765e-5
市黨部,ORG,71,0.008528528528528529,0.08618141506874397,74340.8701062193,4.317789291882556e-5
帆羅,PERSON,2,2.4024024024024023e-4,0.006434083937892959,16.62449614338071,3.340236488743403e-5
帆聲,PERSON,1,1.2012012012012012e-4,3.5433331800824606e-4,0,3.167965532535006e-5
帆長,PERSON,2,2.4024024024024023e-4,6.775332869662111e-4,0.05,3.165558721114277e-5
帆陳,PERSON,6,7.207207207207207e-4,0.0033012709119128324,8.717092370390489,3.172387538861747e-5
希亮,PERSON,8,9.609609609609609e-4,0.011864011051481342,3118.8739135868973,3.3559299281830995e-5
希元,PERSON,3,3.6036036036036037e-4,0.013922992504560406,312.97427616471094,3.4169343265222444e-5
希孔,PERSON,10,0.0012012012012012011,0.015067573558919264,422.0243452078174,3.2961961895972045e-5
希文,PERSON,1,1.2012012012012012e-4,0.008664365789620142,0,3.400435255712731e-5
希洛張,PERSON,9,0.001081081081081081,0.006392699524589511,1.2948917180374984,3.1746031746031745e-5
希濂,PERSON,2,2.4024024024024023e-4,0.006351665306827434,137.85964752254984,3.271180896303566e-5
希濓,PERSON,3,3.6036036036036037e-4,0.003204915009376847,2.4817835973184477,3.197748784855462e-5
希祖假,PERSON,3,3.6036036036036037e-4,0.001061643693661134,0.2841238564773236,3.1709791983764585e-5
希祖結,PERSON,3,3.6036036036036037e-4,0.0010616436936611334,0.2841238564773236,3.1709791983764585e-5
希禹,PERSON,1,1.2012012012012012e-4,0.008664365789620139,0,3.400435255712731e-5
希諸,PERSON,6,7.207207207207207e-4,0.01081101239849055,310.5468774896433,3.368818218568926e-5
希鍾,PERSON,9,0.001081081081081081,0.01743693774595482,122.44182752488796,3.404371212637026e-5
希鑒,PERSON,11,0.0013213213213213214,0.005708256453641093,102.2751919955464,3.185119123455217e-5
希鑒詧,PERSON,4,4.8048048048048047e-4,0.0012630589525632972,0.8571428571428571,3.1633556877135266e-5
師何,PERSON,5,6.006006006006006e-4,0.007685892930559605,45.732157310507276,3.2836409010310635e-5
師奚,PERSON,1,1.2012012012012012e-4,0.00567471091839982,0,3.266479388515058e-5
師楊,PERSON,15,0.0018018018018018018,0.020484903961083805,742.4412834769935,3.360215053763441e-5
師汪,PERSON,9,0.001081081081081081,0.02584795810641334,4772.307534761506,3.7015102161681964e-5
師王,PERSON,6,7.207207207207207e-4,0.010892416593343533,366.7125957675009,3.355704697986577e-5
師管區桐城團,ORG,12,0.0014414414414414415,0.023228244232178345,6957.58483777023,4.294794708812919e-5
師翰,PERSON,4,4.8048048048048047e-4,0.004700450151931146,37.63387724947352,3.225390272222939e-5
師舜,PERSON,7,8.408408408408409e-4,0.004738183609250559,73.1496233072154,3.2012292720404635e-5
席少,PERSON,2,2.4024024024024023e-4,0.002435137421146672,2.0304168970839447,3.209654641160611e-5
席杜月,PERSON,2,2.4024024024024023e-4,0.0020729282638330543,0.863011355089435,3.17218627077782e-5
席秀,PERSON,1,1.2012012012012012e-4,6.579306877011924e-4,0,3.1750063500127e-5
席謝,PERSON,2,2.4024024024024023e-4,0.005321565564838399,72.31499807868863,3.2469640885771804e-5
常務理事處,ORG,7,8.408408408408409e-4,0.01728994766913957,2584.735015688038,4.292950974499871e-5
常式,PERSON,7,8.408408408408409e-4,0.015154100019939783,454.7070059528673,3.340236488743403e-5
常熟區民代表,ORG,10,0.0012012012012012011,0.01985668905379126,5454.405310493664,4.294057025077293e-5
干慕,PERSON,4,4.8048048048048047e-4,0.013869862134917695,64.58532128018153,3.332666799973339e-5
平二,PERSON,5,6.006006006006006e-4,0.004823651277713831,148.08245019116586,3.238971302714258e-5
平任,PERSON,2,2.4024024024024023e-4,0.004658251992983911,2.8611597954819303,3.222687721559781e-5
平作,PERSON,4,4.8048048048048047e-4,0.0015365652320974321,2.086846584705914,3.172790151659369e-5
平命相家岫雲,PERSON,5,6.006006006006006e-4,0.002260020860158816,2.678688658930617,3.17017499365965e-5
平學,PERSON,4,4.8048048048048047e-4,0.012695912274313569,484.6470389848895,3.4260655063724815e-5
平安輪船局,ORG,11,0.0013213213213213214,0.038199741792633995,1401.7325900006372,4.294794708812919e-5
平定,PERSON,5,6.006006006006006e-4,0.0129987184614652,183.31460662748728,3.415533847940433e-5
平張,PERSON,9,0.001081081081081081,0.010796826555790283,157.31362262514577,3.2324799586242565e-5
平律區敵產處理局,ORG,6,7.207207207207207e-4,0.018897459300704977,1302.0671494319681,4.292950974499871e-5
平徐,PERSON,4,4.8048048048048047e-4,0.0025997694157308855,0.15789473684210525,3.1695721077654516e-5
平復,PERSON,2,2.4024024024024023e-4,0.0018418778694907914,2.8315810897782505,3.185727938834024e-5
平蔣,PERSON,3,3.6036036036036037e-4,0.001603238652829642,1.0942282987102634,3.1762164909160206e-5
平親,PERSON,1,1.2012012012012012e-4,2.7443391431816847e-4,0,3.162755392497944e-5
平訂,PERSON,2,2.4024024024024023e-4,0.00643408393789296,16.62449614338071,3.340236488743403e-5
平陸,PERSON,6,7.207207207207207e-4,0.016417024132482406,927.5212789738429,3.4279446044151926e-5
平雙,PERSON,2,2.4024024024024023e-4,0.0033864248276347674,9.047984526590414,3.2160545442850713e-5
平飛,PERSON,9,0.001081081081081081,0.006733484183076858,124.6666445566135,3.198157861072023e-5
平龍,PERSON,3,3.6036036036036037e-4,0.0010616436936611337,0.2841238564773236,3.1709791983764585e-5
年姜,PERSON,2,2.4024024024024023e-4,0.006345737002595782,18.57962516909915,3.340236488743403e-5
年爲,PERSON,3,3.6036036036036037e-4,0.003369156013462325,7.39018334825761,3.191421459117891e-5
年病,PERSON,4,4.8048048048048047e-4,0.001536565232097434,2.086846584705914,3.172790151659369e-5
幸中興振業股份有限公司,ORG,7,8.408408408408409e-4,0.01850406264417293,2595.027681327622,4.292950974499871e-5
幸楊,PERSON,1,1.2012012012012012e-4,0.005957128144685052,0,3.34001336005344e-5
幸社局,ORG,8,9.609609609609609e-4,0.027035336897556227,668.2259252486114,4.29331959471063e-5
幹事毛,PERSON,5,6.006006006006006e-4,0.011037139236848834,125.03645811581943,3.277399056109072e-5
幹蔣,PERSON,6,7.207207207207207e-4,0.014411723880959883,250.80825175331708,3.381348481774532e-5
幻蝶,PERSON,9,0.001081081081081081,0.012058727667521293,163.1970346503108,3.293373732051113e-5
幼兒康保健院,ORG,72,0.008648648648648649,0.08144026202125032,41772.29591132735,4.317043688482128e-5
幼川,PERSON,1,1.2012012012012012e-4,4.4855613462539733e-4,0,3.165959602355474e-5
幼良,PERSON,6,7.207207207207207e-4,0.014411723880959881,250.80825175331708,3.381348481774532e-5
幽經,PERSON,2,2.4024024024024023e-4,0.0020729282638330543,0.863011355089435,3.17218627077782e-5
幽默畫社,ORG,14,0.0016816816816816818,0.03758278889220847,28815.689742808754,4.29553264604811e-5
庚謹,PERSON,3,3.6036036036036037e-4,0.0020178772604590306,3.185132669229457,3.182281059063136e-5
庚身,PERSON,3,3.6036036036036037e-4,0.0010616436936611334,0.2841238564773236,3.1709791983764585e-5
庠令,PERSON,4,4.8048048048048047e-4,0.014359650835732242,673.6735852641114,3.419271011420365e-5
庠次,PERSON,10,0.0012012012012012011,0.014655002050514718,1664.7092969684538,3.4551862345380415e-5
庫業同業公會,ORG,9,0.001081081081081081,0.03228859994886706,911.2318436347515,4.2936882782310004e-5
庵獻,PERSON,6,7.207207207207207e-4,0.002985233903338831,30.611359540015364,3.1812686899535535e-5
康何,PERSON,7,8.408408408408409e-4,0.014832070674627213,727.8509889492835,3.457814661134163e-5
康史,PERSON,9,0.001081081081081081,0.006392699524589512,1.2948917180374984,3.1746031746031745e-5
康培,PERSON,12,0.0014414414414414415,0.015312028344477044,973.1364402486665,3.327122704285334e-5
康張,PERSON,6,7.207207207207207e-4,0.0022984585655197584,1.6813576810374764,3.1729914963827895e-5
康石,PERSON,9,0.001081081081081081,0.012058727667521297,163.1970346503108,3.293373732051113e-5
康福織造廠股份有限公司,ORG,2,2.4024024024024023e-4,0.01653751747457192,502.7610765535852,4.2911088225197394e-5
康程,PERSON,1,1.2012012012012012e-4,4.3519131007354955e-4,0,3.1677648251393816e-05
廈門大隊,ORG,9,0.001081081081081081,0.021494042161326346,1407.019416741791,4.2936882782310004e-5
廉毛,PERSON,4,4.8048048048048047e-4,0.00399356976549982,43.55237240426918,3.230808994572241e-5
廉毛雲,PERSON,4,4.8048048048048047e-4,0.0024175952404093173,3.670510104749541,3.171582619727244e-5
廉程,PERSON,4,4.8048048048048047e-4,0.0025997694157308864,0.15789473684210525,3.1695721077654516e-5
廉芳,PERSON,7,8.408408408408409e-4,0.023688494174609356,929.0681891487944,3.4020548411240386e-5
廖一雄,PERSON,1,1.2012012012012012e-4,0.005957128144685052,0,3.34001336005344e-5
廖烈,PERSON,4,4.8048048048048047e-4,0.00867438337276699,75.85545599489328,3.277828766225252e-5
廖耀湘,PERSON,9,0.001081081081081081,0.015648196246304764,609.4402999877433,3.318730917297226e-5
廖軍,PERSON,3,3.6036036036036037e-4,0.002081453284887942,9.928565480807828,3.176014736708378e-5
廖軍長,PERSON,10,0.0012012012012012011,0.012211951849870895,191.03031928419833,3.2404406999351915e-5
廣代,PERSON,2,2.4024024024024023e-4,0.0039588076211688585,6.721109675552256,3.2216494845360825e-5
廣南代永備廠,ORG,15,0.0018018018018018018,0.022906709576031758,3276.0163189221757,4.2959017097688804e-5
廣南水電行,ORG,15,0.0018018018018018018,0.02290670957603176,3276.0163189221757,4.2959017097688804e-5
廣州培英中學,ORG,8,9.609609609609609e-4,0.01759268965926198,2595.056616857635,4.29331959471063e-5
廣州市參議會,ORG,4,4.8048048048048047e-4,0.017041762073168803,1134.7794857388606,4.291845493562232e-5
廣曉,PERSON,3,3.6036036036036037e-4,0.009745432517471547,61.7832209617977,3.4008978370289756e-5
廣東初級中,ORG,37,0.0044444444444444444,0.05009270469589482,17671.820360205074,4.3040371868812945e-5
廣益,PERSON,2,2.4024024024024023e-4,0.0012619548253933574,2.1683427447535637,3.174401625293632e-5
廣肇公所,ORG,53,0.006366366366366366,0.039570971397348866,86937.86092316474,4.309973278165675e-5
廣衡,PERSON,5,6.006006006006006e-4,0.006604500402039296,45.62477476780193,3.23185314459311e-5
龐京,PERSON,19,0.0022822822822822822,0.0402987378182929,4080.561069551619,3.597639948193985e-5
龐大,PERSON,1,1.2012012012012012e-4,0.002418733847053929,0,3.202049311559398e-5
龐左,PERSON,5,6.006006006006006e-4,0.0040809044303776335,18.919364027845845,3.2100667693888034e-5
龐松,PERSON,28,0.0033633633633633636,0.026338188052094744,2509.1477025934755,3.339121143315079e-5
龐樹森,PERSON,8,9.609609609609609e-4,0.015609128736287208,291.0896421783415,3.4115720524017465e-5
龐甸,PERSON,20,0.0024024024024024023,0.01569025050934871,3154.181000122602,3.3101621979477e-5
龐秉,PERSON,3,3.6036036036036037e-4,0.015222546176247524,317.8175412682892,3.3795201081446433e-5
龐萊臣,PERSON,2,2.4024024024024023e-4,0.001335902666049426,0.4162703256742152,3.1709791983764585e-5
延生,PERSON,2,2.4024024024024023e-4,0.006967976565524212,24.082354120731317,3.269042170644001e-5
延祚,PERSON,3,3.6036036036036037e-4,0.004342534908991104,7.701185609336113,3.201024327784891e-5
廷坤,PERSON,2,2.4024024024024023e-4,0.001436096931431214,0.5752070517687443,3.174804749507905e-5
廷荃,PERSON,2,2.4024024024024023e-4,0.013244642168602735,700.3298298644016,3.468368479467259e-5
建廷,PERSON,4,4.8048048048048047e-4,0.014359650835732242,673.6735852641114,3.419271011420365e-5
建成,PERSON,4,4.8048048048048047e-4,0.0034233277737513,1.5278830362062124,3.183496752833312e-5
建潘,PERSON,2,2.4024024024024023e-4,8.140020979143626e-4,0.06666666666666667,3.1645569620253167e-5
建白,PERSON,8,9.609609609609609e-4,0.01222329048053614,33.418706651519976,3.2851511169513796e-5
建祥,PERSON,10,0.0012012012012012011,0.01184082606562605,570.6809819731094,3.358409457281032e-5
建義,PERSON,3,3.6036036036036037e-4,0.0031459476837750397,8.92648584527881,3.1912177687005363e-5
建華公司,ORG,13,0.0015615615615615615,0.03508297625568869,2308.6464260312514,4.29553264604811e-5
弘先,PERSON,7,8.408408408408409e-4,0.01122477049722462,2066.3799183990873,3.36157052574963e-5
弘毅中學,ORG,5,6.006006006006006e-4,0.017388398580475143,2549.9499849401177,4.292213923941969e-5
弟光麒,PERSON,2,2.4024024024024023e-4,0.011519252717289215,166.19785782117216,3.3763252076440005e-5
弟國,PERSON,5,6.006006006006006e-4,0.007154840492146821,58.10820386381375,3.288608260983952e-5
弟郭,PERSON,7,8.408408408408409e-4,0.011111469173580907,933.2271883101185,3.320714617785747e-5
張一凡,PERSON,3,3.6036036036036037e-4,0.0015228280282436962,4.435509025389954,3.1713814537612584e-5
張一渠,PERSON,2,2.4024024024024023e-4,0.008766472903240114,79.54108101827777,3.3018556428712935e-5
張且,PERSON,2,2.4024024024024023e-4,0.009592995499271855,16.10224503881566,3.400666530640005e-5
張世,PERSON,9,0.001081081081081081,0.01746365528168661,787.2142285059772,3.3889114816320995e-5
張之江,PERSON,9,0.001081081081081081,0.01743693774595481,122.44182752488796,3.404371212637026e-5
張之珍,PERSON,3,3.6036036036036037e-4,0.0033585257927222726,11.463261142128841,3.194479938665985e-5
張亞倫,PERSON,17,0.002042042042042042,0.013513809307985564,26.71664589579696,3.181673560292714e-5
張仁,PERSON,1,1.2012012012012012e-4,6.896996953853933e-4,0,3.1669622498099825e-5
張仲,PERSON,1,1.2012012012012012e-4,3.034016928396811e-4,0,3.168567807351077e-5
張伊,PERSON,7,8.408408408408409e-4,0.011359972633530254,790.6473321794142,3.407619437061269e-5
張伯苓,PERSON,4,4.8048048048048047e-4,0.009732352852469454,1505.712027338346,3.406922867266285e-5
張伴,PERSON,2,2.4024024024024023e-4,0.0017258083018153803,1.5277695033446725,3.174200101574403e-5
張佛,PERSON,6,7.207207207207207e-4,0.014411723880959876,250.80825175331708,3.381348481774532e-5
張佩珍,PERSON,7,8.408408408408409e-4,0.01671677635654439,1670.0869930405597,3.464043231259526e-5
張偉,PERSON,18,0.002162162162162162,0.03573930258584717,6676.0310398522415,3.5428328491461775e-5
張元,PERSON,6,7.207207207207207e-4,0.009258556537492338,1185.9878561044063,3.287743293003682e-5
張克仁,PERSON,3,3.6036036036036037e-4,0.010629738730158862,21.45554897877954,3.4008978370289756e-5
張冶,PERSON,4,4.8048048048048047e-4,0.008188050335937813,87.41071771461829,3.2994588887422464e-5
張利,PERSON,7,8.408408408408409e-4,0.004738183609250559,73.1496233072154,3.2012292720404635e-5
張劍,PERSON,4,4.8048048048048047e-4,0.0038740660517186725,19.07718454390562,3.199181009661527e-5
張勉,PERSON,3,3.6036036036036037e-4,0.007149375812880613,64.5461251024404,3.2713949227950796e-5
張勝,PERSON,7,8.408408408408409e-4,0.022457630442570733,2277.178154562376,3.5390713476783694e-5
張善,PERSON,5,6.006006006006006e-4,0.010106088921800638,118.14803519999626,3.3025099075297225e-5
張嗚,PERSON,5,6.006006006006006e-4,0.0076858929305596065,45.732157310507276,3.2836409010310635e-5
張嘉璈,PERSON,33,0.003963963963963964,0.04765179212648445,13414.586326984821,3.5986756873470565e-5
張國,PERSON,29,0.0034834834834834836,0.04421788973863081,16300.61045635747,3.650700934579439e-5
張國斌,PERSON,3,3.6036036036036037e-4,0.008166484072258126,145.71102886183576,3.302073702285035e-5
張士,PERSON,10,0.0012012012012012011,0.0221272693240137,1930.3656023771857,3.447324875896305e-5
張大,PERSON,2,2.4024024024024023e-4,0.001335902666049426,0.4162703256742152,3.1709791983764585e-5
張天,PERSON,6,7.207207207207207e-4,0.012632979728475413,663.6410378135404,3.33022512321833e-5
張子,PERSON,34,0.004084084084084084,0.0549234341367022,18300.361839243207,3.736362277686444e-5
張存仁,PERSON,7,8.408408408408409e-4,0.015154100019939783,454.7070059528673,3.340236488743403e-5
張孟,PERSON,3,3.6036036036036037e-4,0.007149375812880613,64.5461251024404,3.2713949227950796e-5
張學,PERSON,11,0.0013213213213213214,0.03251078275248111,2448.3746653686253,3.586543289577505e-5
張宗漢,PERSON,3,3.6036036036036037e-4,0.008984615214494437,116.28256708398199,3.354128932716174e-5
張家,PERSON,9,0.001081081081081081,0.012826867856225568,624.4735260539353,3.2679738562091506e-5
張寳,PERSON,3,3.6036036036036037e-4,0.007325267698925171,2024.424625299376,3.27847354271851e-5
張少,PERSON,6,7.207207207207207e-4,0.017208925423854063,555.0915408844061,3.4270047978067166e-5
張局,PERSON,1,1.2012012012012012e-4,6.579306877011921e-4,0,3.1750063500127e-5
張帆,PERSON,8,9.609609609609609e-4,0.005039603491234214,196.01319353454713,3.207595586348473e-5
張師,PERSON,5,6.006006006006006e-4,0.007184119434917038,116.2448042888264,3.229348317509527e-5
張帳,PERSON,6,7.207207207207207e-4,0.010763246917591243,89.86710460263824,3.266906239790918e-5
張廷,PERSON,1,1.2012012012012012e-4,0.008664365789620139,0,3.400435255712731e-5
張強,PERSON,6,7.207207207207207e-4,0.004291124571660618,41.87340493461373,3.184307731499172e-5
張强,PERSON,8,9.609609609609609e-4,0.01572781473912308,1904.8983707382488,3.3824922202678934e-5
張彦,PERSON,8,9.609609609609609e-4,0.021782513054374654,532.5523691977385,3.4489894460922946e-5
張德,PERSON,14,0.0016816816816816818,0.040072528202250504,7318.704414171953,3.65737692926633e-5
張德意,PERSON,5,6.006006006006006e-4,0.004673525183078838,96.06375948260704,3.2156408772268315e-5
張德昌,PERSON,1,1.2012012012012012e-4,0.0027873098307605853,0,3.228722717293039e-5
張志,PERSON,11,0.0013213213213213214,0.02139928870356734,1430.247654829169,3.380205516495403e-5
張性,PERSON,1,1.2012012012012012e-4,6.169032346224963e-4,0,3.165759149043941e-5
張恩,PERSON,1,1.2012012012012012e-4,2.9745613105304177e-4,0,3.163956210846042e-5
張慶,PERSON,7,8.408408408408409e-4,0.010835579461705429,156.62163591963042,3.2679738562091506e-5
張應堂,PERSON,5,6.006006006006006e-4,0.010802367357820213,93.96841260415628,3.346496218459273e-5
張成,PERSON,2,2.4024024024024023e-4,6.587809966341878e-4,0.2847992014371325,3.1645569620253167e-5
張振,PERSON,4,4.8048048048048047e-4,0.005717733590274875,354.72277629210174,3.252244048393391e-5
張振華,PERSON,13,0.0015615615615615615,0.018464236172993285,3264.2727763423923,3.42301636201821e-5
張振鷺,PERSON,1,1.2012012012012012e-4,0.00866436578962014,0,3.400435255712731e-5
張揚,PERSON,2,2.4024024024024023e-4,0.0016987991618605477,133.17381171781415,3.1820785336982115e-5
張敬,PERSON,9,0.001081081081081081,0.019672508422793306,3889.930043032031,3.539572419651706e-5
張文,PERSON,26,0.003123123123123123,0.024690271395412286,5242.123293884474,3.383636732760371e-5
張文魁,PERSON,18,0.002162162162162162,0.01478873767729338,201.67545512535725,3.249496328069149e-5
張旦,PERSON,1,1.2012012012012012e-4,0.008664365789620142,0,3.400435255712731e-5
張昌,PERSON,8,9.609609609609609e-4,0.014001032946953077,698.8105776339785,3.408083975189148e-5
張昌祈,PERSON,8,9.609609609609609e-4,0.007380023225424452,493.2009283786026,3.240860772621208e-5
張明,PERSON,8,9.609609609609609e-4,0.019894217992645614,876.4031424152711,3.394433129667346e-5
張時,PERSON,5,6.006006006006006e-4,0.007685892930559607,45.732157310507276,3.2836409010310635e-5
張曉,PERSON,27,0.003243243243243243,0.04688382349209102,6351.6827831044475,3.586800573888092e-5
張曉崧,PERSON,12,0.0014414414414414415,0.012076093215865343,365.81513744563927,3.250975292587776e-5
張東,PERSON,6,7.207207207207207e-4,0.022874900499598717,354.44088573884153,3.3763252076440005e-5
張格,PERSON,5,6.006006006006006e-4,0.012543363871727772,499.0501310209396,3.426300280956623e-5
張桂,PERSON,4,4.8048048048048047e-4,0.012670906611790045,285.68269213796316,3.37997701615629e-5
張棣,PERSON,6,7.207207207207207e-4,0.003707160382985391,2.7082164108705853,3.172387538861747e-5
張椿年,PERSON,1,1.2012012012012012e-4,3.7898079695940646e-4,0,3.165959602355474e-5
張樂,PERSON,7,8.408408408408409e-4,0.005197423974050369,927.5204659561567,3.2285142377477883e-5
張樂平,PERSON,8,9.609609609609609e-4,0.012048455363974354,1815.5183583720057,3.403444285617044e-5
張標,PERSON,7,8.408408408408409e-4,0.023688494174609335,929.0681891487944,3.4020548411240386e-5
張樵,PERSON,15,0.0018018018018018018,0.0169614740897867,1748.5278451211095,3.322921512593873e-5
張沅壽,PERSON,7,8.408408408408409e-4,0.00590120438350043,36.199420026929104,3.217917363882096e-5
張治,PERSON,9,0.001081081081081081,0.010859466242720524,611.3152496566321,3.273108143493061e-5
張治平,PERSON,4,4.8048048048048047e-4,0.0022861623092194985,10.216291185068014,3.176821907363873e-5
張治甫,PERSON,7,8.408408408408409e-4,0.007076621532584773,53.84965423098826,3.2354083085285365e-5
張浩堂,PERSON,4,4.8048048048048047e-4,0.008250253144897655,329.1176863790706,3.277399056109072e-5
張淸,PERSON,3,3.6036036036036037e-4,0.0030674689716283453,0.9487453334324024,3.183091418385536e-5
張溎,PERSON,3,3.6036036036036037e-4,0.010629738730158862,21.45554897877954,3.4008978370289756e-5
張玉山,PERSON,1,1.2012012012012012e-4,0.00866436578962014,0,3.400435255712731e-5
張玉麟,PERSON,15,0.0018018018018018018,0.014325891741312114,1666.1344944008754,3.327565553041395e-5
張珍,PERSON,18,0.002162162162162162,0.059985202905419636,6773.149630945264,3.759681179036018e-5
張理卿,PERSON,6,7.207207207207207e-4,0.009251347740305898,347.6859105541581,3.357281944537702e-5
張登鰲,PERSON,3,3.6036036036036037e-4,0.001228296087125077,3.8818038503306744,3.170778108947936e-5
張發,PERSON,1,1.2012012012012012e-4,7.719969193668902e-4,0,3.165358318561661e-5
張盛利,PERSON,3,3.6036036036036037e-4,0.015275997019294132,420.14624893103274,3.45972875726543e-5
張眞,PERSON,1,1.2012012012012012e-4,7.54366308505847e-4,0,3.17017499365965e-5
張石,PERSON,4,4.8048048048048047e-4,0.0045932973299939546,44.99434718100529,3.217917363882096e-5
張石園,PERSON,11,0.0013213213213213214,0.02257184927674822,791.3764491786967,3.367003367003367e-5
張祿,PERSON,1,1.2012012012012012e-4,0.008664365789620137,0,3.400435255712731e-5
張福,PERSON,7,8.408408408408409e-4,0.0033381074911098176,549.2807176170988,3.184713375796178e-5
張禹,PERSON,21,0.0025225225225225223,0.030953350080617628,5058.191513557461,3.5169163677287755e-5
張萬,PERSON,1,1.2012012012012012e-4,2.987732430264082e-4,0,3.163155563990637e-5
張秀,PERSON,7,8.408408408408409e-4,0.01483207067462722,727.8509889492835,3.457814661134163e-5
張秉,PERSON,8,9.609609609609609e-4,0.0066581597916968846,944.0052274127432,3.2558442404115385e-5
張秦,PERSON,16,0.0019219219219219219,0.029729130637689234,1146.1427101124061,3.434537711224069e-5
張立,PERSON,6,7.207207207207207e-4,0.002298458565519757,1.6813576810374764,3.1729914963827895e-5
張紅,PERSON,5,6.006006006006006e-4,0.014093716726702663,632.8299033858422,3.441866868589523e-5
張紅薇,PERSON,3,3.6036036036036037e-4,0.010283015407599632,61.37609000337333,3.4008978370289756e-5
張綏,PERSON,1,1.2012012012012012e-4,7.07020370157333e-4,0,3.1758130081300816e-5
張維,PERSON,37,0.0044444444444444444,0.06978566112794968,49111.777305767544,4.00576830636116e-5
張維局,PERSON,2,2.4024024024024023e-4,0.0017468999148220943,4.837797910604474,3.185930929017459e-5
張總,PERSON,5,6.006006006006006e-4,0.016641587742623306,238.6651746231742,3.3451528734863186e-5
張繼,PERSON,5,6.006006006006006e-4,0.01788747327427133,295.0748550028883,3.4378437843784377e-5
張羣,PERSON,7,8.408408408408409e-4,0.020377579516387245,2932.7579276035794,3.556693697538768e-5
張群,PERSON,1,1.2012012012012012e-4,9.363627831873453e-4,0,3.177831447820008e-5
張翅,PERSON,1,1.2012012012012012e-4,3.323539038810936e-4,0,3.1671628555140305e-5
張翼,PERSON,5,6.006006006006006e-4,0.010671854834311871,107.41203429244936,3.250763929523438e-5
張耀,PERSON,8,9.609609609609609e-4,0.006257269244421145,941.4774591531643,3.2214419174022295e-5
張耀明,PERSON,14,0.0016816816816816818,0.04465741355397334,6481.314744486593,3.6429872495446266e-5
張聯堂,PERSON,3,3.6036036036036037e-4,0.011635889676002256,437.26031781721406,3.4258307639602604e-5
張肖,PERSON,3,3.6036036036036037e-4,0.0015228280282436955,4.435509025389954,3.1713814537612584e-5
張肖梅,PERSON,4,4.8048048048048047e-4,0.007347220778178682,123.83525735212622,3.2575412078962796e-5
張致,PERSON,3,3.6036036036036037e-4,0.004556664630359591,82.82966821872313,3.240650722665111e-5
張茲,PERSON,4,4.8048048048048047e-4,0.011632450896750298,291.13651510072094,3.3178500331785e-5
張茵,PERSON,4,4.8048048048048047e-4,0.010555981330179336,318.08474722567826,3.371544167228591e-5
張荻,PERSON,5,6.006006006006006e-4,0.012355547031974251,633.7461465857956,3.412270524807207e-5
張莉,PERSON,2,2.4024024024024023e-4,7.056684629986544e-4,0.030303030303030304,3.168367023636018e-5
張莉娟,PERSON,5,6.006006006006006e-4,0.010654304170531594,128.8504303824068,3.4036759700476515e-5
張葆,PERSON,10,0.0012012012012012011,0.02059626514852759,4436.1113479618825,3.461884650003462e-5
張蔭,PERSON,4,4.8048048048048047e-4,0.012169384410379269,871.1234330044848,3.432887058015791e-5
張蠶,PERSON,8,9.609609609609609e-4,0.012223290480536135,33.418706651519976,3.2851511169513796e-5
張衛,PERSON,4,4.8048048048048047e-4,0.0015607208212022818,8.570786304605155,3.1681662653656065e-5
張裕,PERSON,4,4.8048048048048047e-4,0.013869862134917692,64.58532128018153,3.332666799973339e-5
張訓,PERSON,11,0.0013213213213213214,0.012176911742520955,467.4992491046057,3.290123050602092e-5
張謁,PERSON,9,0.001081081081081081,0.021573660654306673,967.9523097490462,3.473669584549118e-5
張貞,PERSON,14,0.0016816816816816818,0.026106167174784235,1555.0326371509018,3.3907500339075e-5
張軍,ORG,107,0.012852852852852852,0.06528875960643697,191571.43073254864,4.3301290378453275e-5
張迺,PERSON,3,3.6036036036036037e-4,0.010002217362508324,135.27609714198354,3.316529583443884e-5
張逎,PERSON,7,8.408408408408409e-4,0.018640920617563415,521.7971177393985,3.43878954607978e-5
張造,PERSON,6,7.207207207207207e-4,0.014411723880959878,250.80825175331708,3.381348481774532e-5
張道,PERSON,19,0.0022822822822822822,0.0352150090596308,10291.718717597516,3.5678607107178535e-5
張鈁,PERSON,6,7.207207207207207e-4,0.007976197309347243,148.86009879483902,3.284072249589491e-5
張錫,PERSON,11,0.0013213213213213214,0.029823903498800673,3770.994379739491,3.555429140297234e-5
張錫潮,PERSON,3,3.6036036036036037e-4,0.00276741319283529,1.8662938674195404,3.1750063500127e-5
張鎭,PERSON,3,3.6036036036036037e-4,0.0010679870628493191,0.08823529411764705,3.168567807351077e-5
張鏡,PERSON,6,7.207207207207207e-4,0.022874900499598713,354.44088573884153,3.3763252076440005e-5
張鐃海,PERSON,7,8.408408408408409e-4,0.015154100019939784,454.7070059528673,3.340236488743403e-5
張鑑,PERSON,5,6.006006006006006e-4,0.003052354235044303,8.251485943736157,3.1861339450710506e-5
張鑑平,PERSON,7,8.408408408408409e-4,0.015154100019939788,454.7070059528673,3.340236488743403e-5
張鑑生,PERSON,4,4.8048048048048047e-4,0.013869862134917695,64.58532128018153,3.332666799973339e-5
張隆,PERSON,1,1.2012012012012012e-4,0.002787309830760586,0,3.228722717293039e-5
張雋青,PERSON,4,4.8048048048048047e-4,0.0047004501519311475,37.63387724947352,3.225390272222939e-5
張雪,PERSON,33,0.003963963963963964,0.09084249253971188,35648.32485513389,4.117259552042161e-5
張雲,PERSON,6,7.207207207207207e-4,0.0051888864609529895,38.82898733835354,3.201024327784891e-5
張雲溪,PERSON,9,0.001081081081081081,0.017463655281686606,787.2142285059772,3.3889114816320995e-5
張露,PERSON,15,0.0018018018018018018,0.01703725764120537,2630.979956703965,3.3685912551371016e-5
張靄,PERSON,1,1.2012012012012012e-4,0.001267405811977981,0,3.181876034109711e-5
張章,PERSON,1,1.2012012012012012e-4,3.0340169283968083e-4,0,3.168567807351077e-5
張韻,PERSON,8,9.609609609609609e-4,0.03041099956595783,1211.1368630802024,3.464043231259526e-5
張顯,PERSON,2,2.4024024024024023e-4,0.001261954825393358,2.1683427447535637,3.174401625293632e-5
張飛,PERSON,3,3.6036036036036037e-4,0.015275997019294133,420.14624893103274,3.45972875726543e-5
張香,PERSON,1,1.2012012012012012e-4,0.008664365789620139,0,3.400435255712731e-5
張駿,PERSON,2,2.4024024024024023e-4,8.140020979143638e-4,0.06666666666666667,3.1645569620253167e-5
張驥,PERSON,6,7.207207207207207e-4,0.002779796809426662,8.463163881681382,3.166561114629513e-5
張鳴,PERSON,8,9.609609609609609e-4,0.012223290480536131,33.418706651519976,3.2851511169513796e-5
張鴻,PERSON,5,6.006006006006006e-4,0.01567202299930432,1737.1969415396725,3.464523281596452e-5
張麗生,PERSON,5,6.006006006006006e-4,0.019000027015712354,326.847626021409,3.383178834833209e-5
張黔,PERSON,3,3.6036036036036037e-4,0.0010679870628493196,0.08823529411764705,3.168567807351077e-5
張龍,PERSON,7,8.408408408408409e-4,0.009250912160524385,20.94006638093603,3.2268473701193935e-5
强斯皮革製品,ORG,5,6.006006006006006e-4,0.018524446099716516,798.1625822190686,4.292213923941969e-5
强生車社,ORG,3,3.6036036036036037e-4,0.017421439688595716,2823.978497195375,4.291477126426916e-5
强華工業學校,ORG,5,6.006006006006006e-4,0.017651645190104395,907.3713879472097,4.292213923941969e-5
强華籃球,ORG,30,0.0036036036036036037,0.03606437390738774,29472.745436661007,4.301445285615967e-5
强華籃隊,ORG,30,0.0036036036036036037,0.03606437390738775,29472.745436661007,4.301445285615967e-5
强華高級工業學校,ORG,5,6.006006006006006e-4,0.01772305191197642,1115.863675878623,4.292213923941969e-5
强華高級工業學校附設夜校,ORG,4,4.8048048048048047e-4,0.026772788823698112,71.65843837058448,4.291845493562232e-5
彈詞社,ORG,33,0.003963963963963964,0.046501397477664276,9308.896194993033,4.302555718096549e-5
彝民,PERSON,18,0.002162162162162162,0.059985202905419595,6773.149630945264,3.759681179036018e-5
彤箴,PERSON,5,6.006006006006006e-4,0.004080904430377634,18.919364027845845,3.2100667693888034e-5
彥丁,PERSON,5,6.006006006006006e-4,0.010106088921800637,118.14803519999626,3.3025099075297225e-5
彥釗,PERSON,3,3.6036036036036037e-4,0.0022669080402591066,17.260862523748948,3.193663771078181e-5
彥長,PERSON,7,8.408408408408409e-4,0.019671034594503038,1206.342382844766,3.4770514603616136e-5
彦啟,PERSON,5,6.006006006006006e-4,0.00467352518307884,96.06375948260704,3.2156408772268315e-5
彦明,PERSON,1,1.2012012012012012e-4,6.579306877011923e-4,0,3.1750063500127e-5
彦曁,PERSON,6,7.207207207207207e-4,0.0032618052674298083,6.5446831154118295,3.17218627077782e-5
彭克中,PERSON,2,2.4024024024024023e-4,0.006967976565524215,24.082354120731317,3.269042170644001e-5
彭天,PERSON,5,6.006006006006006e-4,0.00260891360013031,6.733121545357587,3.182483610209407e-5
彭學沛,PERSON,45,0.005405405405405406,0.06747217070459689,11508.999854721844,3.5719388484069154e-5
彭年,PERSON,3,3.6036036036036037e-4,0.011366622655232143,262.51124130935284,3.32667997338656e-5
彭影秋,PERSON,2,2.4024024024024023e-4,6.587809966341873e-4,0.2847992014371325,3.1645569620253167e-5
彭復,PERSON,7,8.408408408408409e-4,0.011111469173580905,933.2271883101185,3.320714617785747e-5
彭振球,PERSON,4,4.8048048048048047e-4,0.01077913680128476,308.42035228838677,3.2985882042485813e-5
彭昭賢,PERSON,3,3.6036036036036037e-4,0.0010679870628493191,0.08823529411764705,3.168567807351077e-5
彭爾康,PERSON,8,9.609609609609609e-4,0.014705001206947808,786.9167194445674,3.429590506893477e-5
彭部,PERSON,5,6.006006006006006e-4,0.0036454819129655776,21.30282521385167,3.193867773874162e-5
彭部畏,PERSON,5,6.006006006006006e-4,0.0036454819129655763,21.30282521385167,3.193867773874162e-5
彭齡馮,PERSON,7,8.408408408408409e-4,0.017960409819503347,1207.208225295111,3.45447008428907e-5
影畫社,ORG,7,8.408408408408409e-4,0.018890742146689503,3228.068808113169,4.292950974499871e-5
影畫社大來集團,ORG,20,0.0024024024024024023,0.02063616175705883,63760.280660736884,4.2977479800584495e-5
影迷服務社,ORG,26,0.003123123123123123,0.024883194277310353,6895.163665341476,4.299965600275198e-5
律帥公會,ORG,36,0.004324324324324324,0.07120590758036595,7355.592822964943,4.304778303917348e-5
後俞,PERSON,6,7.207207207207207e-4,0.026379160552445317,4253.231249322085,3.7020583444395086e-5
後救濟分署,ORG,13,0.0015615615615615615,0.0357945323582921,4830.092192967895,4.2951636457349025e-5
後楊,PERSON,1,1.2012012012012012e-4,0.0016753301905717292,0,3.181876034109711e-5
後馮,PERSON,4,4.8048048048048047e-4,0.011269647772469466,63.78114990571053,3.402286336418073e-5
徐中,PERSON,7,8.408408408408409e-4,0.015154100019939784,454.7070059528673,3.340236488743403e-5
徐九,PERSON,3,3.6036036036036037e-4,0.001061643693661134,0.2841238564773236,3.1709791983764585e-5
徐乾,PERSON,4,4.8048048048048047e-4,0.012670906611790048,285.68269213796316,3.37997701615629e-5
徐亞東,PERSON,5,6.006006006006006e-4,0.010802367357820211,93.96841260415628,3.346496218459273e-5
徐伯祥,PERSON,3,3.6036036036036037e-4,0.008394630905946955,15.873785038424115,3.3101621979477e-5
徐佛,PERSON,3,3.6036036036036037e-4,0.0010679870628493191,0.08823529411764705,3.168567807351077e-5
徐傳霖,PERSON,4,4.8048048048048047e-4,0.005026862025977054,16.556145673492605,3.214813862277374e-5
徐光明,PERSON,1,1.2012012012012012e-4,8.415068085950112e-4,0,3.176821907363873e-5
徐則讓,PERSON,2,2.4024024024024023e-4,0.00551342120236354,1.582834490083944,3.2258064516129034e-5
徐勇林,PERSON,10,0.0012012012012012011,0.012211951849870895,191.03031928419833,3.2404406999351915e-5
徐勉,PERSON,2,2.4024024024024023e-4,0.0024351374211466713,2.0304168970839447,3.209654641160611e-5
徐可均,PERSON,5,6.006006006006006e-4,0.00350561940687638,61.14941526898301,3.1764182707578934e-5
徐嗚亞,PERSON,5,6.006006006006006e-4,0.009664079289121757,57.71799115042281,3.234780358413664e-5
徐國,PERSON,5,6.006006006006006e-4,0.008896309424278166,648.6603531364918,3.358183894150044e-5
徐國懋,PERSON,42,0.005045045045045045,0.05994785067634974,16033.995584041575,3.663540445486518e-5
徐堪,PERSON,17,0.002042042042042042,0.018418056984414746,1714.3471536265483,3.315649867374005e-5
徐堪二,PERSON,1,1.2012012012012012e-4,0.0012674058119779813,0,3.181876034109711e-5
徐增佑,PERSON,1,1.2012012012012012e-4,3.789807969594065e-4,0,3.165959602355474e-5
徐士,PERSON,14,0.0016816816816816818,0.031970045622440255,4608.606928112729,3.6255528968167646e-5
徐士浩,PERSON,20,0.0024024024024024023,0.03681342604955176,6912.966785293667,3.622925874936599e-5
徐壽生,PERSON,6,7.207207207207207e-4,0.0022984585655197566,1.6813576810374764,3.1729914963827895e-5
徐多霞,PERSON,2,2.4024024024024023e-4,0.00243513742114667,2.0304168970839447,3.209654641160611e-5
徐天糽,PERSON,4,4.8048048048048047e-4,0.010555981330179333,318.08474722567826,3.371544167228591e-5
徐奇,PERSON,6,7.207207207207207e-4,0.013439770130647963,577.3724474875783,3.370635027639207e-5
徐奇廣,PERSON,1,1.2012012012012012e-4,6.225211412554051e-4,0,3.164356686285678e-5
徐婉姍,PERSON,16,0.0019219219219219219,0.02972913063768924,1146.1427101124061,3.434537711224069e-5
徐子,PERSON,23,0.002762762762762763,0.030738161741117268,5979.71462400742,3.534817956875221e-5
徐季,PERSON,4,4.8048048048048047e-4,0.0056503923409635315,48.6094521463145,3.232897969740075e-5
徐學,PERSON,3,3.6036036036036037e-4,0.010563548600089553,127.17368327040491,3.408548639989093e-5
徐學海,PERSON,3,3.6036036036036037e-4,0.003204915009376846,2.4817835973184477,3.197748784855462e-5
徐學禹,PERSON,50,0.006006006006006006,0.09543413266557453,34013.24305001187,3.9802579207132624e-5
徐學禺,PERSON,1,1.2012012012012012e-4,0.003259903321987142,0,3.2214419174022295e-5
徐宏玉,PERSON,2,2.4024024024024023e-4,0.0038111872280019807,94.22554149470282,3.237084034701541e-5
徐宗澤,PERSON,3,3.6036036036036037e-4,0.0032049150093768457,2.4817835973184477,3.197748784855462e-5
徐容廎,PERSON,2,2.4024024024024023e-4,0.011924269111607284,432.687508239035,3.44044588178628e-5
徐寄傾,PERSON,328,0.0393993993993994,0.3774837518273932,780876.1479200874,4.9198071435599724e-5
徐寳,PERSON,4,4.8048048048048047e-4,0.007860927434875358,52.307729725569054,3.340682835571591e-5
徐崇鐸,PERSON,3,3.6036036036036037e-4,0.007757580882090797,84.46012077456552,3.3521051220166265e-5
徐崇鼎,PERSON,7,8.408408408408409e-4,0.00590120438350043,36.199420026929104,3.217917363882096e-5
徐州國民銀行,ORG,24,0.002882882882882883,0.03326862840340365,18372.240021955273,4.299226139294927e-5
徐市,PERSON,3,3.6036036036036037e-4,0.011891099204577925,127.22990949590022,3.306878306878307e-5
徐廣遲,PERSON,5,6.006006006006006e-4,0.008114003003144011,133.16470487824597,3.237293622531564e-5
徐廷,PERSON,5,6.006006006006006e-4,0.010106088921800635,118.14803519999626,3.3025099075297225e-5
徐彭年,PERSON,2,2.4024024024024023e-4,0.005265715598921221,25.469776933603082,3.241070849808777e-5
徐從,PERSON,1,1.2012012012012012e-4,2.77267891696432e-4,0,3.163555836760519e-5
徐德順,PERSON,3,3.6036036036036037e-4,0.001061643693661134,0.2841238564773236,3.1709791983764585e-5
徐志,PERSON,8,9.609609609609609e-4,0.015047627103924637,1131.4756295772595,3.3845529005618355e-5
徐志勤,PERSON,2,2.4024024024024023e-4,0.0024351374211466713,2.0304168970839447,3.209654641160611e-5
徐志祥,PERSON,3,3.6036036036036037e-4,0.006046392795351708,58.27149397711755,3.2285142377477883e-5
徐忠傑,PERSON,1,1.2012012012012012e-4,3.891630781444268e-4,0,3.1695721077654516e-5
徐恩,PERSON,1,1.2012012012012012e-4,3.66860258237898e-4,0,3.162755392497944e-5
徐悲鴻,PERSON,2,2.4024024024024023e-4,0.001335902666049426,0.4162703256742152,3.1709791983764585e-5
徐慶雲,PERSON,2,2.4024024024024023e-4,0.0024351374211466718,2.0304168970839447,3.209654641160611e-5
徐敏,PERSON,6,7.207207207207207e-4,0.016084135890712187,946.8420505518003,3.433830094086945e-5
徐文彬,PERSON,17,0.002042042042042042,0.011954316444097318,383.70147413741887,3.248651809499058e-5
徐文照,PERSON,3,3.6036036036036037e-4,0.003276644229741684,772.4341460496403,3.224558235521733e-5
徐新余,PERSON,3,3.6036036036036037e-4,0.0019539749930118032,2.5094328544649303,3.1671628555140305e-5
徐明良,PERSON,5,6.006006006006006e-4,0.00260891360013031,6.733121545357587,3.182483610209407e-5
徐昭侯,PERSON,3,3.6036036036036037e-4,0.008042392983777392,158.98413549945283,3.355254328278084e-5
徐朗西,PERSON,17,0.002042042042042042,0.032011636812127056,4788.178029334774,3.471981112422748e-5
徐東,PERSON,4,4.8048048048048047e-4,0.0073527319786714515,59.746961717430565,3.236874474007898e-5
徐松,PERSON,1,1.2012012012012012e-4,3.493230066744232e-4,0,3.166360585143436e-5
徐松石,PERSON,3,3.6036036036036037e-4,0.003204915009376847,2.4817835973184477,3.197748784855462e-5
徐柏園,PERSON,7,8.408408408408409e-4,0.02095545801917729,1405.1928563076717,3.4169343265222444e-5
徐森賽,PERSON,2,2.4024024024024023e-4,0.0013359026660494258,0.4162703256742152,3.1709791983764585e-5
徐極臥,PERSON,5,6.006006006006006e-4,0.007834561403779427,680.6319750860526,3.354128932716174e-5
徐榮坤,PERSON,3,3.6036036036036037e-4,0.0030020954205059185,23.768865266919708,3.198362438431523e-5
徐樹,PERSON,6,7.207207207207207e-4,0.002298458565519758,1.6813576810374764,3.1729914963827895e-5
徐次,PERSON,6,7.207207207207207e-4,0.007049879163865698,316.370279928961,3.232270993600103e-5
徐正行,PERSON,6,7.207207207207207e-4,0.0037071603829853896,2.7082164108705853,3.172387538861747e-5
徐永昌,PERSON,12,0.0014414414414414415,0.022531425475776697,4269.876611286054,3.513456538542618e-5
徐永炎,PERSON,4,4.8048048048048047e-4,0.010099899713335686,367.85096518933176,3.320935175345377e-5
徐永祚,PERSON,48,0.005765765765765766,0.07520090001015863,31237.383378162816,3.820293398533007e-5
徐沛霖,PERSON,5,6.006006006006006e-4,0.01900002701571235,326.847626021409,3.383178834833209e-5
徐浩,PERSON,1,1.2012012012012012e-4,4.66074304369303e-4,0,3.164356686285678e-5
徐海,PERSON,7,8.408408408408409e-4,0.014902604122646983,490.4097682436593,3.3182904167772766e-5
徐海平,PERSON,8,9.609609609609609e-4,0.0066186436556154166,109.69997971874918,3.2316442605997934e-5
徐潤清,PERSON,1,1.2012012012012012e-4,3.323539038810938e-4,0,3.1671628555140305e-5
徐玉蘭,PERSON,20,0.0024024024024024023,0.04032404135895712,19844.7551245225,3.6971310263235726e-5
徐百,PERSON,3,3.6036036036036037e-4,0.010629738730158862,21.45554897877954,3.4008978370289756e-5
徐益壽,PERSON,8,9.609609609609609e-4,0.006618643655615414,109.69997971874918,3.2316442605997934e-5
徐益康,PERSON,4,4.8048048048048047e-4,0.011269647772469466,63.78114990571053,3.402286336418073e-5
徐石成,PERSON,6,7.207207207207207e-4,0.0018364069757380447,5.588790481302558,3.165959602355474e-5
徐祖貽,PERSON,8,9.609609609609609e-4,0.006618643655615412,109.69997971874918,3.2316442605997934e-5
徐維明,PERSON,2,2.4024024024024023e-4,0.005513421202363539,1.582834490083944,3.2258064516129034e-5
徐繼莊,PERSON,3,3.6036036036036037e-4,0.005816661398394867,11.932893772899112,3.237712879621835e-5
徐美峯,PERSON,2,2.4024024024024023e-4,0.0024351374211466718,2.0304168970839447,3.209654641160611e-5
徐美浩,PERSON,2,2.4024024024024023e-4,0.0024351374211466718,2.0304168970839447,3.209654641160611e-5
徐菊生,PERSON,2,2.4024024024024023e-4,0.0012619548253933583,2.1683427447535637,3.174401625293632e-5
徐蓓蘭,PERSON,7,8.408408408408409e-4,0.019671034594503038,1206.342382844766,3.4770514603616136e-5
徐蔚,PERSON,3,3.6036036036036037e-4,0.015275997019294133,420.14624893103274,3.45972875726543e-5
徐蔚南,PERSON,21,0.0025225225225225223,0.035470511223453544,3154.5207238577523,3.482136639041716e-5
徐蕃琴,PERSON,4,4.8048048048048047e-4,0.010555981330179333,318.08474722567826,3.371544167228591e-5
徐蘇靈,PERSON,2,2.4024024024024023e-4,8.140020979143629e-4,0.06666666666666667,3.1645569620253167e-5
徐訏,PERSON,2,2.4024024024024023e-4,0.0014125392031875152,2.7298770435449624,3.178437480134766e-5
徐訐,PERSON,2,2.4024024024024023e-4,0.005799792210387895,34.377279673523134,3.26477309826967e-5
徐誠炤,PERSON,5,6.006006006006006e-4,0.006336648309152617,78.80545529604122,3.244014792707455e-5
徐警庸,PERSON,3,3.6036036036036037e-4,0.00396229031972666,78.29264215453013,3.221857078420001e-5
徐軍,PERSON,3,3.6036036036036037e-4,0.005311511086825474,100.35353733984705,3.240860772621208e-5
徐近,PERSON,8,9.609609609609609e-4,0.006302475436465849,126.23522581003662,3.244225279003374e-5
徐進,PERSON,3,3.6036036036036037e-4,0.01062973873015886,21.45554897877954,3.4008978370289756e-5
徐進金,PERSON,4,4.8048048048048047e-4,0.010555981330179333,318.08474722567826,3.371544167228591e-5
徐道,PERSON,8,9.609609609609609e-4,0.012223290480536131,33.418706651519976,3.2851511169513796e-5
徐遠,PERSON,7,8.408408408408409e-4,0.011359972633530254,790.6473321794142,3.407619437061269e-5
徐部,PERSON,7,8.408408408408409e-4,0.007771143029376849,412.4986347652376,3.259239945244769e-5
徐釆丞,PERSON,13,0.0015615615615615615,0.028814630644327002,2721.7750339457975,3.593761230503845e-5
徐釆臣,PERSON,2,2.4024024024024023e-4,0.004658251992983912,2.8611597954819303,3.222687721559781e-5
徐采丞,PERSON,11,0.0013213213213213214,0.01884563949486533,532.3680918520129,3.311916274756574e-5
徐采臣,PERSON,1,1.2012012012012012e-4,0.0013881408023677958,0,3.174200101574403e-5
徐重道,PERSON,9,0.001081081081081081,0.023955023107981175,2878.613194536683,3.558212354113294e-5
徐鑄成,PERSON,7,8.408408408408409e-4,0.008685941044978038,1087.8786432362244,3.282132072994617e-5
徐雲,PERSON,6,7.207207207207207e-4,0.009179942879839467,129.61451491601088,3.2558442404115385e-5
徐靄堂,PERSON,6,7.207207207207207e-4,0.0022984585655197566,1.6813576810374764,3.1729914963827895e-5
徐靜,PERSON,22,0.002642642642642643,0.014160527991910265,1122.049811408342,3.264986287057595e-5
徐靜之,PERSON,33,0.003963963963963964,0.03858585103438268,12837.066048069517,3.701236212895107e-5
徐靜仁,PERSON,5,6.006006006006006e-4,0.0071012039383862875,18.87665414648633,3.2127481847972756e-5
徐靜芳,PERSON,3,3.6036036036036037e-4,0.0077575808820908,84.46012077456552,3.3521051220166265e-5
徐頌,PERSON,4,4.8048048048048047e-4,0.012695912274313562,484.6470389848895,3.4260655063724815e-5
徐驀覺,PERSON,7,8.408408408408409e-4,0.015154100019939783,454.7070059528673,3.340236488743403e-5
徐鳴亞,PERSON,1,1.2012012012012012e-4,0.0012231192513643392,0,3.1739986034406146e-5
徐鴻培,PERSON,2,2.4024024024024023e-4,0.0017468999148220943,4.837797910604474,3.185930929017459e-5
徐鹤齡,PERSON,7,8.408408408408409e-4,0.028368573353433447,1897.1943503961495,3.542581833640357e-5
得利,ORG,18,0.002162162162162162,0.035618000407697366,2843.929924696181,4.2970092815400483e-5
復旦中學,ORG,13,0.0015615615615615615,0.035236026078468825,3575.914863676881,4.2951636457349025e-5
復旦大學,ORG,264,0.031711711711711714,0.18856950030845412,469975.6033613067,4.3913578078341826e-5
微波,PERSON,3,3.6036036036036037e-4,0.010629738730158865,21.45554897877954,3.4008978370289756e-5
德亮,PERSON,1,1.2012012012012012e-4,3.8916307814442646e-4,0,3.1695721077654516e-5
德國柏林郊外肺病院,ORG,39,0.0046846846846846845,0.05325563962108859,27415.279200831013,4.305148958153952e-5
德奎,PERSON,5,6.006006006006006e-4,0.011944891084422364,722.913899825806,3.3447053314602983e-5
德娥,PERSON,4,4.8048048048048047e-4,0.0014435644736360957,0.2608695652173913,3.166561114629513e-5
德明,PERSON,7,8.408408408408409e-4,0.013017595087273393,1214.3736165121782,3.413202266366305e-5
德裕,PERSON,11,0.0013213213213213214,0.028240455610817995,2121.196729252374,3.493327744008943e-5
德趙,PERSON,4,4.8048048048048047e-4,0.011060730322090035,603.7355239679507,3.4059945504087195e-5
德鄰,PERSON,11,0.0013213213213213214,0.01522662890396399,543.0098288490186,3.347840642785403e-5
德銓,PERSON,8,9.609609609609609e-4,0.012223290480536131,33.418706651519976,3.2851511169513796e-5
德章,PERSON,6,7.207207207207207e-4,0.014411723880959883,250.80825175331708,3.381348481774532e-5
徹蔣,PERSON,3,3.6036036036036037e-4,0.015275997019294133,420.14624893103274,3.45972875726543e-5
心兩,PERSON,1,1.2012012012012012e-4,4.1833047371100577e-4,0,3.164356686285678e-5
心報,PERSON,6,7.207207207207207e-4,0.01396968925591568,1521.286799337395,3.471498993265292e-5
心聲無線電唱機行,ORG,1,1.2012012012012012e-4,0.016416165344663884,0,4.290740581824423e-5
心諸,PERSON,4,4.8048048048048047e-4,0.00804176171750408,339.8107648869465,3.271180896303566e-5
志偉,PERSON,7,8.408408408408409e-4,0.01483207067462721,727.8509889492835,3.457814661134163e-5
志恭,PERSON,2,2.4024024024024023e-4,0.006345737002595779,18.57962516909915,3.340236488743403e-5
志成,PERSON,5,6.006006006006006e-4,0.010106088921800637,118.14803519999626,3.3025099075297225e-5
志端,PERSON,5,6.006006006006006e-4,0.007154840492146818,58.10820386381375,3.288608260983952e-5
志聲,PERSON,7,8.408408408408409e-4,0.017960409819503347,1207.208225295111,3.45447008428907e-5
忠丹,PERSON,8,9.609609609609609e-4,0.00837944789400596,138.4899870340173,3.2892572857048876e-5
忠元,PERSON,1,1.2012012012012012e-4,0.00866436578962014,0,3.400435255712731e-5
忠厚書莊,ORG,6,7.207207207207207e-4,0.017321266790332992,1730.725843944262,4.292582417582418e-5
忠救軍淞滬指揮部,ORG,56,0.006726726726726727,0.10506803890083208,6946.079521944563,4.311088118641145e-5
忠裕,PERSON,5,6.006006006006006e-4,0.006336648309152614,78.80545529604122,3.244014792707455e-5
忠達,PERSON,1,1.2012012012012012e-4,3.5433331800824617e-4,0,3.167965532535006e-5
快活林,PERSON,4,4.8048048048048047e-4,0.0064226859598684105,55.40107853797565,3.2539372640895484e-5
念義,PERSON,6,7.207207207207207e-4,0.005418347936242184,0.49999999999999994,3.168367023636018e-5
念週,PERSON,8,9.609609609609609e-4,0.0063058181725525325,4.87739165774387,3.1758130081300816e-5
忻慶,PERSON,1,1.2012012012012012e-4,0.0010396489255900597,0,3.173394262503174e-5
思義,PERSON,3,3.6036036036036037e-4,0.013922992504560394,312.97427616471094,3.4169343265222444e-5
急救時疫醫院,ORG,14,0.0016816816816816818,0.02547113555024277,3538.6499330750516,4.29553264604811e-5
恒成,PERSON,5,6.006006006006006e-4,0.010106088921800638,118.14803519999626,3.3025099075297225e-5
恩伯,PERSON,7,8.408408408408409e-4,0.009225492328277352,451.4343243020445,3.25351379489849e-5
恩卡斯,PERSON,44,0.005285285285285286,0.08728116681965184,53557.271713251816,4.1271151465125874e-5
恩派亞,ORG,603,0.07243243243243243,0.327481790137167,1389661.1048485222,4.524886877828054e-5
恩潭,PERSON,17,0.002042042042042042,0.013513809307985573,26.71664589579696,3.181673560292714e-5
恩黃,PERSON,5,6.006006006006006e-4,0.002608913600130311,6.733121545357587,3.182483610209407e-5
悲鷺,PERSON,6,7.207207207207207e-4,0.0032618052674298088,6.5446831154118295,3.17218627077782e-5
惇敘商儲蓄銀,ORG,4,4.8048048048048047e-4,0.019754885536160678,177.61052125719036,4.292213923941969e-5
惟潘,PERSON,8,9.609609609609609e-4,0.015609128736287212,291.0896421783415,3.4115720524017465e-5
惟禮,PERSON,8,9.609609609609609e-4,0.017302843330661195,1239.2065710310208,3.469812630117974e-5
惠主,PERSON,1,1.2012012012012012e-4,6.89699695385393e-4,0,3.1669622498099825e-5
惠慶,PERSON,29,0.0034834834834834836,0.06243420444987831,17300.096439753102,3.781862188941835e-5
惠民,PERSON,1,1.2012012012012012e-4,8.41506808595012e-4,0,3.176821907363873e-5
惠民施材會,ORG,37,0.0044444444444444444,0.020088186511204798,38873.13219056339,4.3040371868812945e-5
惠羅公司,ORG,12,0.0014414414414414415,0.023478187639705654,6566.087993081717,4.294794708812919e-5
惠臨,PERSON,2,2.4024024024024023e-4,5.67999534764831e-4,0.05,3.165558721114277e-5
惠萍,PERSON,4,4.8048048048048047e-4,0.008366771104785549,52.9343858105446,3.3103813559322034e-5
惠賜,PERSON,5,6.006006006006006e-4,0.0040809044303776335,18.919364027845845,3.2100667693888034e-5
惫葛,PERSON,2,2.4024024024024023e-4,0.0028357523065035816,2.1236965299172272,3.189182293659906e-5
意國,PERSON,5,6.006006006006006e-4,0.008896309424278166,648.6603531364918,3.358183894150044e-5
意希,PERSON,9,0.001081081081081081,0.026820433307556454,2332.7050142324247,3.5408257205580345e-5
意希博,PERSON,9,0.001081081081081081,0.02682043330755646,2332.7050142324247,3.5408257205580345e-5
愚兄,PERSON,5,6.006006006006006e-4,0.002608913600130311,6.733121545357587,3.182483610209407e-5
愚林,PERSON,3,3.6036036036036037e-4,0.0030674689716283458,0.9487453334324024,3.183091418385536e-5
愛倫,PERSON,1,1.2012012012012012e-4,5.167234597276005e-4,0,3.163756011136421e-5
愛克司光,ORG,30,0.0036036036036036037,0.03810689649222172,9015.213955407193,4.301445285615967e-5
愛因斯坦,ORG,35,0.004204204204204204,0.05702584868277739,28293.020485252477,4.304778303917348e-5
愛德,PERSON,9,0.001081081081081081,0.016083458145752624,1960.7021241236728,3.4882098507046184e-5
愛德華,ORG,174,0.020900900900900903,0.12347888447244955,329214.4202192339,4.35691878703381e-5
愛普廬,ORG,16,0.0019219219219219219,0.02438023438874026,4375.105590578958,4.296270836913559e-5
愛淸,PERSON,6,7.207207207207207e-4,0.01918898821301715,1731.3529437659622,3.515679932498945e-5
愛用國貨會,ORG,9,0.001081081081081081,0.02798844112074467,2445.9037276009244,4.2936882782310004e-5
感奚,PERSON,2,2.4024024024024023e-4,7.255159986256987e-4,0.034482758620689655,3.167564143173899e-5
愷漫,PERSON,2,2.4024024024024023e-4,0.003837914070351483,16.514917093148522,3.232897969740075e-5
慈趙,PERSON,2,2.4024024024024023e-4,7.991825280313967e-4,0.047619047619047616,3.165959602355474e-5
慈章,PERSON,5,6.006006006006006e-4,0.015831338587423836,508.1961196048012,3.4267699266671235e-5
慕宗龔,PERSON,2,2.4024024024024023e-4,0.006652478999545855,8.87878215344516,3.340236488743403e-5
慕韓,PERSON,5,6.006006006006006e-4,0.015831338587423836,508.1961196048012,3.4267699266671235e-5
慧慈,PERSON,1,1.2012012012012012e-4,4.4855613462539706e-4,0,3.165959602355474e-5
慧敏,PERSON,2,2.4024024024024023e-4,0.0039588076211688585,6.721109675552256,3.2216494845360825e-5
慧瑛,PERSON,4,4.8048048048048047e-4,0.011060730322090033,603.7355239679507,3.4059945504087195e-5
慧貞,PERSON,4,4.8048048048048047e-4,0.004700450151931147,37.63387724947352,3.225390272222939e-5
慧麟,PERSON,4,4.8048048048048047e-4,0.0024945081279082143,33.4304618472328,3.193867773874162e-5
慰勞會,ORG,7,8.408408408408409e-4,0.020235914095696535,3273.674427776125,4.292950974499871e-5
慰勞總隊,ORG,5,6.006006006006006e-4,0.01768405548388314,9300.753392598534,4.292213923941969e-5
慰康,PERSON,6,7.207207207207207e-4,0.00389903362689995,29.66124267171742,3.186540054808489e-5
慰晨,PERSON,7,8.408408408408409e-4,0.015154100019939777,454.7070059528673,3.340236488743403e-5
慰虞,PERSON,2,2.4024024024024023e-4,0.004658251992983912,2.8611597954819303,3.222687721559781e-5
慶兩,PERSON,5,6.006006006006006e-4,0.007154840492146819,58.10820386381375,3.288608260983952e-5
慶友,PERSON,5,6.006006006006006e-4,0.006336648309152613,78.80545529604122,3.244014792707455e-5
慶和錢莊股份有限公司,ORG,11,0.0013213213213213214,0.0234963938811982,26822.86779555667,4.294425835265825e-5
慶守,PERSON,1,1.2012012012012012e-4,4.2450600259481147e-4,0,3.164356686285678e-5
慶揖,PERSON,2,2.4024024024024023e-4,5.618724285565983e-4,0.08333333333333333,3.163956210846042e-5
慶材,PERSON,1,1.2012012012012012e-4,7.469667574081054e-4,0,3.1713814537612584e-5
慶棠,PERSON,3,3.6036036036036037e-4,0.0032049150093768457,2.4817835973184477,3.197748784855462e-5
慶楫,PERSON,4,4.8048048048048047e-4,0.006112125159063635,813.3738750732452,3.248018708587761e-5
慶炎,PERSON,3,3.6036036036036037e-4,0.005679307475017704,50.8155508556313,3.242962770787391e-5
慶珍,PERSON,14,0.0016816816816816818,0.030008776426630652,4154.148220097428,3.558212354113294e-5
慶祥,PERSON,8,9.609609609609609e-4,0.010964947868916537,801.6398186571895,3.321817698644698e-5
慶臣,PERSON,4,4.8048048048048047e-4,0.014359650835732237,673.6735852641114,3.419271011420365e-5
慶華,PERSON,5,6.006006006006006e-4,0.00964821699593151,344.5150585139114,3.322921512593873e-5
慶衍,PERSON,2,2.4024024024024023e-4,0.0014360969314312138,0.5752070517687443,3.174804749507905e-5
慶衍聯珠,PERSON,4,4.8048048048048047e-4,0.012695912274313562,484.6470389848895,3.4260655063724815e-5
慶裘,PERSON,13,0.0015615615615615615,0.005216785250324081,3.5454545454545467,3.1681662653656065e-5
慶詞,PERSON,1,1.2012012012012012e-4,0.004052003866932312,0,3.229765519023319e-5
慶詳,PERSON,2,2.4024024024024023e-4,0.003945294292847334,32.99948645428036,3.216882197773918e-5
慶集,PERSON,9,0.001081081081081081,0.017016811267793218,498.2935689795516,3.2985882042485813e-5
慶餘,PERSON,2,2.4024024024024023e-4,6.606230903498301e-4,0.05555555555555555,3.165157941381275e-5
憲揚,PERSON,15,0.0018018018018018018,0.010073075782113344,222.9046313491959,3.248229714805431e-5
憲章,PERSON,5,6.006006006006006e-4,0.01900002701571235,326.847626021409,3.383178834833209e-5
應成,PERSON,1,1.2012012012012012e-4,5.385222345542931e-4,0,3.1633556877135266e-5
應書,PERSON,3,3.6036036036036037e-4,0.00974543251747155,61.7832209617977,3.4008978370289756e-5
應欽,PERSON,26,0.003123123123123123,0.035289585422229125,3877.298068824314,3.4046030232874844e-5
應永玉,PERSON,7,8.408408408408409e-4,0.00841530699409521,241.12944237297341,3.266479388515058e-5
應洽,PERSON,11,0.0013213213213213214,0.022135275500808266,1054.3055063532793,3.399972800217598e-5
應潘,PERSON,2,2.4024024024024023e-4,0.001140201228493814,1.2730753878422225,3.1709791983764585e-5
應蒲立德,PERSON,6,7.207207207207207e-4,0.008299859016097776,98.08898999903656,3.247807729782397e-5
懋兩,PERSON,5,6.006006006006006e-4,0.008896309424278166,648.6603531364918,3.358183894150044e-5
懋芬,PERSON,1,1.2012012012012012e-4,4.3519131007354987e-4,0,3.1677648251393816e-05
懋錯,PERSON,5,6.006006006006006e-4,0.009664079289121757,57.71799115042281,3.234780358413664e-5
懷瑾,PERSON,4,4.8048048048048047e-4,0.012695912274313558,484.6470389848895,3.4260655063724815e-5
懷秉,PERSON,9,0.001081081081081081,0.00639269952458951,1.2948917180374984,3.1746031746031745e-5
懷道,PERSON,1,1.2012012012012012e-4,8.415068085950114e-4,0,3.176821907363873e-5
戈培,PERSON,3,3.6036036036036037e-4,0.004425668646745578,60.8467930644671,3.219160442956477e-5
戎緯,PERSON,9,0.001081081081081081,0.012058727667521302,163.1970346503108,3.293373732051113e-5
成全,PERSON,2,2.4024024024024023e-4,0.005265715598921221,25.469776933603082,3.241070849808777e-5
成周,PERSON,3,3.6036036036036037e-4,0.015275997019294128,420.14624893103274,3.45972875726543e-5
成心,PERSON,4,4.8048048048048047e-4,0.013979822452623974,1176.3750743909916,3.437607425232039e-5
成楊,PERSON,3,3.6036036036036037e-4,0.015275997019294132,420.14624893103274,3.45972875726543e-5
成茂食品公司,ORG,3,3.6036036036036037e-4,0.01713746343555087,418.42385960113006,4.291477126426916e-5
成谷,PERSON,2,2.4024024024024023e-4,0.006434083937892962,16.62449614338071,3.340236488743403e-5
成貞,PERSON,2,2.4024024024024023e-4,0.011519252717289215,166.19785782117216,3.3763252076440005e-5
成遞,PERSON,4,4.8048048048048047e-4,0.001631987017135841,3.004631250901446,3.170577045022194e-5
成章,PERSON,2,2.4024024024024023e-4,0.001261954825393358,2.1683427447535637,3.174401625293632e-5
戚巧,PERSON,4,4.8048048048048047e-4,0.01055598133017933,318.08474722567826,3.371544167228591e-5
戚雅仙,PERSON,16,0.0019219219219219219,0.024315717712706703,7219.743495233412,3.527834615113243e-5
戞戴,PERSON,1,1.2012012012012012e-4,3.323539038810935e-4,0,3.1671628555140305e-5
戡亂宣傳總隊政工大隊,ORG,10,0.0012012012012012011,0.02788476306006178,1549.6559581712654,4.294057025077293e-5
截止朱,PERSON,3,3.6036036036036037e-4,0.0018482281052370532,23.591477360902896,3.181876034109711e-5
戴傳薪,PERSON,1,1.2012012012012012e-4,0.0010396489255900595,0,3.173394262503174e-5
戴傳賢,PERSON,17,0.002042042042042042,0.03839349642730937,5062.016587230912,3.659518407377589e-5
戴天仇,PERSON,5,6.006006006006006e-4,0.012998718461465206,183.31460662748728,3.415533847940433e-5
戴天球,PERSON,4,4.8048048048048047e-4,0.01094551732334395,100.90395291264159,3.401823377330249e-5
戴志,PERSON,3,3.6036036036036037e-4,0.00542306191348629,6.081767134281239,3.2133676092544985e-5
戴文龍,PERSON,7,8.408408408408409e-4,0.023688494174609356,929.0681891487944,3.4020548411240386e-5
戴永年,PERSON,1,1.2012012012012012e-4,8.415068085950108e-4,0,3.176821907363873e-5
戴濟民,PERSON,18,0.002162162162162162,0.05998520290541964,6773.149630945264,3.759681179036018e-5
戴瑜,PERSON,2,2.4024024024024023e-4,0.006434083937892962,16.62449614338071,3.340236488743403e-5
戴笠,PERSON,11,0.0013213213213213214,0.037048057863463504,3880.0910374548744,3.496014543420501e-5
戴粹倫,PERSON,1,1.2012012012012012e-4,0.0022232811309239133,0,3.1776294884016526e-5
戴經塵,PERSON,6,7.207207207207207e-4,0.017516201648377742,623.6996668072869,3.367456896551724e-5
戴繼昌,PERSON,7,8.408408408408409e-4,0.023688494174609352,929.0681891487944,3.4020548411240386e-5
戴耕莘,PERSON,2,2.4024024024024023e-4,0.005513421202363538,1.582834490083944,3.2258064516129034e-5
戴耘,PERSON,2,2.4024024024024023e-4,5.679995347648313e-4,0.05,3.165558721114277e-5
戴芝卿,PERSON,4,4.8048048048048047e-4,0.003421852079897185,4.4938255338808855,3.183496752833312e-5
戴銘禮,PERSON,9,0.001081081081081081,0.013526520551363158,396.85790154658594,3.2866627226713995e-5
戴開柱,PERSON,13,0.0015615615615615615,0.018751534708401553,1492.2465937039783,3.461405330564209e-5
房屋委員,ORG,22,0.002642642642642643,0.045318540470188566,6964.250945157645,4.298486932599725e-5
托力克,PERSON,3,3.6036036036036037e-4,0.012049056922188868,12.27847436442589,3.4008978370289756e-5
托披卞,PERSON,5,6.006006006006006e-4,0.005233187525283748,223.05625409020251,3.241070849808777e-5
托披卡,PERSON,5,6.006006006006006e-4,0.005233187525283749,223.05625409020251,3.241070849808777e-5
承先,PERSON,3,3.6036036036036037e-4,0.0010616436936611334,0.2841238564773236,3.1709791983764585e-5
承劉,PERSON,9,0.001081081081081081,0.012950778710646252,1303.752159756068,3.3840947546531304e-5
承吳,PERSON,16,0.0019219219219219219,0.038322987183550906,13328.742942866898,3.658982802780827e-5
承吴,PERSON,2,2.4024024024024023e-4,0.0014360969314312138,0.5752070517687443,3.174804749507905e-5
承周,PERSON,9,0.001081081081081081,0.016968564435862553,2598.302862603155,3.4383166001925455e-5
承夏,PERSON,3,3.6036036036036037e-4,0.003002095420505919,23.768865266919708,3.198362438431523e-5
承天,PERSON,18,0.002162162162162162,0.05998520290541958,6773.149630945264,3.759681179036018e-5
承奚,PERSON,9,0.001081081081081081,0.01342260368410851,2582.1797925339456,3.389370932754881e-5
承孫,PERSON,6,7.207207207207207e-4,0.01217608827867839,382.2442872706947,3.402517863218782e-5
承宗,PERSON,14,0.0016816816816816818,0.03705893133859933,4595.827434151963,3.606983119319002e-5
承康綢莊,ORG,27,0.003243243243243243,0.021745943501143415,23086.08568215209,4.300335426163241e-5
承張,PERSON,29,0.0034834834834834836,0.04452567958871149,16504.76307907676,3.7408349543618135e-5
承徐,PERSON,16,0.0019219219219219219,0.037721186597970274,8572.696321345256,3.6770113251948816e-5
承方,PERSON,2,2.4024024024024023e-4,0.0015002205459598887,0.06666666666666667,3.1645569620253167e-5
承旭,PERSON,8,9.609609609609609e-4,0.021782513054374654,532.5523691977385,3.4489894460922946e-5
承朱,PERSON,2,2.4024024024024023e-4,6.775332869662114e-4,0.05,3.165558721114277e-5
承李,PERSON,3,3.6036036036036037e-4,0.012355454468624823,410.7043676647166,3.4258307639602604e-5
承林,PERSON,7,8.408408408408409e-4,0.019671034594503044,1206.342382844766,3.4770514603616136e-5
承梁,PERSON,3,3.6036036036036037e-4,0.006643166885240419,42.05641769540766,3.294241665568586e-5
承楊,PERSON,1,1.2012012012012012e-4,7.098508719516961e-4,0,3.173394262503174e-5
承極,PERSON,8,9.609609609609609e-4,0.015609128736287206,291.0896421783415,3.4115720524017465e-5
承榮,PERSON,7,8.408408408408409e-4,0.005901204383500433,36.199420026929104,3.217917363882096e-5
承樊,PERSON,1,1.2012012012012012e-4,3.4932300667442324e-4,0,3.166360585143436e-5
承沈,PERSON,5,6.006006006006006e-4,0.007834561403779432,680.6319750860526,3.354128932716174e-5
承洛,PERSON,2,2.4024024024024023e-4,0.0027608866808475035,52.545935242616295,3.2036906516306786e-5
承潘,PERSON,2,2.4024024024024023e-4,0.006967976565524215,24.082354120731317,3.269042170644001e-5
承盛,PERSON,2,2.4024024024024023e-4,0.006434083937892959,16.62449614338071,3.340236488743403e-5
承盧,PERSON,1,1.2012012012012012e-4,8.415068085950114e-4,0,3.176821907363873e-5
承祿,PERSON,1,1.2012012012012012e-4,3.572911334009594e-4,0,3.170577045022194e-5
承福,PERSON,6,7.207207207207207e-4,0.012176088278678387,382.2442872706947,3.402517863218782e-5
承紀,PERSON,5,6.006006006006006e-4,0.0071548404921468155,58.10820386381375,3.288608260983952e-5
承繆俊,PERSON,7,8.408408408408409e-4,0.01796040981950334,1207.208225295111,3.45447008428907e-5
承胡,PERSON,7,8.408408408408409e-4,0.00892257112853649,2518.9306470240563,3.3500837520938026e-5
承舒,PERSON,7,8.408408408408409e-4,0.01796040981950334,1207.208225295111,3.45447008428907e-5
承范,PERSON,1,1.2012012012012012e-4,3.493230066744231e-4,0,3.166360585143436e-5
承萱,PERSON,2,2.4024024024024023e-4,0.0014360969314312143,0.5752070517687443,3.174804749507905e-5
承蒙,PERSON,7,8.408408408408409e-4,0.015154100019939788,454.7070059528673,3.340236488743403e-5
承蕭,PERSON,6,7.207207207207207e-4,0.014411723880959881,250.80825175331708,3.381348481774532e-5
承谷,PERSON,6,7.207207207207207e-4,0.01608413589071218,946.8420505518003,3.433830094086945e-5
承貴,PERSON,5,6.006006006006006e-4,0.019000027015712358,326.847626021409,3.383178834833209e-5
承賈,PERSON,6,7.207207207207207e-4,0.014411723880959886,250.80825175331708,3.381348481774532e-5
承賜,PERSON,5,6.006006006006006e-4,0.007154840492146818,58.10820386381375,3.288608260983952e-5
承邱,PERSON,1,1.2012012012012012e-4,3.8916307814442695e-4,0,3.1695721077654516e-5
承郝,PERSON,2,2.4024024024024023e-4,9.18825668646486e-4,1.5039057813604082,3.173394262503174e-5
承鄧,PERSON,4,4.8048048048048047e-4,0.011437519780461211,27.767186568712685,3.34627225271048e-5
承鄭,PERSON,3,3.6036036036036037e-4,0.0030020954205059185,23.768865266919708,3.198362438431523e-5
承醫,PERSON,5,6.006006006006006e-4,0.009601275744689797,96.62799316337673,3.310600542938489e-5
承銘,PERSON,3,3.6036036036036037e-4,0.008984615214494436,116.28256708398199,3.354128932716174e-5
承陳,PERSON,13,0.0015615615615615615,0.012052897027857824,5807.845714908813,3.3840947546531304e-5
承陳德,PERSON,2,2.4024024024024023e-4,7.255159986256995e-4,0.034482758620689655,3.167564143173899e-5
承陸,PERSON,5,6.006006006006006e-4,0.008388932296133708,173.52543655094541,3.3548040794417606e-5
承韓,PERSON,5,6.006006006006006e-4,0.008250090513019778,1688.0209895638254,3.348737525952716e-5
承章,PERSON,3,3.6036036036036037e-4,0.0010616436936611334,0.2841238564773236,3.1709791983764585e-5
技術委員,ORG,20,0.0024024024024024023,0.019024263950518618,39632.88556150706,4.2977479800584495e-5
技麥克柯江樂隊,ORG,14,0.0016816816816816818,0.03913336867962776,2100.0348486848748,4.29553264604811e-5
披匿,PERSON,4,4.8048048048048047e-4,0.008674383372766988,75.85545599489328,3.277828766225252e-5
披麗,PERSON,7,8.408408408408409e-4,0.01864092061756342,521.7971177393985,3.43878954607978e-5
招商局,ORG,100,0.012012012012012012,0.07193967403308582,152169.74545086248,4.327880204275946e-5
拯東,PERSON,9,0.001081081081081081,0.021824502529691033,1256.6181197464418,3.506803198204517e-5
持志大學,ORG,15,0.0018018018018018018,0.03017344791343431,5663.844701151376,4.2959017097688804e-5
指童,PERSON,4,4.8048048048048047e-4,0.011269647772469466,63.78114990571053,3.402286336418073e-5
振剛,PERSON,4,4.8048048048048047e-4,0.006422685959868414,55.40107853797565,3.2539372640895484e-5
振威,PERSON,4,4.8048048048048047e-4,0.007860927434875356,52.307729725569054,3.340682835571591e-5
振業商業儲蓄銀行,ORG,29,0.0034834834834834836,0.04703406180197831,15772.359516380473,4.301075268817204e-5
振玉,PERSON,5,6.006006006006006e-4,0.003709617770387473,56.52644576572049,3.205333675235592e-5
振翔,PERSON,8,9.609609609609609e-4,0.022658089642164786,1945.3848817609583,3.5255958256945426e-5
振聲,PERSON,4,4.8048048048048047e-4,0.016870806665024215,910.9591606364799,3.4746351633078526e-5
振鏞,PERSON,1,1.2012012012012012e-4,4.48556134625397e-4,0,3.165959602355474e-5
振雲,PERSON,8,9.609609609609609e-4,0.012223290480536135,33.418706651519976,3.2851511169513796e-5
探誌,PERSON,1,1.2012012012012012e-4,0.0010238773972413955,0,3.176620076238882e-5
推劉,PERSON,11,0.0013213213213213214,0.012176911742520957,467.4992491046057,3.290123050602092e-5
推吳,PERSON,5,6.006006006006006e-4,0.008300723608533653,261.09991503919764,3.242962770787391e-5
推姜,PERSON,2,2.4024024024024023e-4,0.0038107013191030206,13.233630365265032,3.222480020623872e-5
推方,PERSON,3,3.6036036036036037e-4,0.010563548600089557,127.17368327040491,3.408548639989093e-5
推朱,PERSON,2,2.4024024024024023e-4,0.008766472903240114,79.54108101827777,3.3018556428712935e-5
推李,PERSON,1,1.2012012012012012e-4,6.266117199596768e-5,0,2.5042572373034157e-5
推杜月笙,PERSON,8,9.609609609609609e-4,0.015609128736287208,291.0896421783415,3.4115720524017465e-5
推王,PERSON,17,0.002042042042042042,0.028329400311960993,5939.506604080511,3.5546708374804495e-5
推謝,PERSON,5,6.006006006006006e-4,0.009664079289121757,57.71799115042281,3.234780358413664e-5
推謝仁,PERSON,4,4.8048048048048047e-4,0.007352731978671454,59.746961717430565,3.236874474007898e-5
推顧,PERSON,2,2.4024024024024023e-4,0.0031360129197839986,14.705547825017394,3.228931223764934e-5
揚兩,PERSON,8,9.609609609609609e-4,0.013607640583828474,865.4911893050856,3.3783783783783784e-5
揚大,PERSON,5,6.006006006006006e-4,0.0032386684109284303,36.18432504704629,3.1930519190242035e-5
揚明,PERSON,4,4.8048048048048047e-4,0.003139592168009205,40.06555137265292,3.188775510204082e-5
援道,PERSON,4,4.8048048048048047e-4,0.006422685959868413,55.40107853797565,3.2539372640895484e-5
撫生,PERSON,4,4.8048048048048047e-4,0.014695089133017954,706.6970604111691,3.4421038138510255e-5
擁護于,PERSON,5,6.006006006006006e-4,0.013558332387649367,592.6887210067786,3.441156228492774e-5
據吳市,PERSON,1,1.2012012012012012e-4,9.363627831873444e-4,0,3.177831447820008e-5
據孔,PERSON,4,4.8048048048048047e-4,0.011286909099136178,152.6043979064259,3.406922867266285e-5
據渠,PERSON,3,3.6036036036036037e-4,0.0018473653155018641,14.458125945622319,3.182281059063136e-5
據竇,PERSON,3,3.6036036036036037e-4,0.00396229031972666,78.29264215453013,3.221857078420001e-5
據謝,PERSON,3,3.6036036036036037e-4,0.010002217362508323,135.27609714198354,3.316529583443884e-5
支伯兩,PERSON,4,4.8048048048048047e-4,0.010414963878348055,244.49920581835897,3.34941050375134e-5
支秉,PERSON,3,3.6036036036036037e-4,0.00472745520657673,96.23275575979261,3.226014581585909e-5
收效,PERSON,6,7.207207207207207e-4,0.010413158600293225,485.3035219474548,3.363832077502691e-5
改選大會,ORG,27,0.003243243243243243,0.030006087107052066,12948.760761967269,4.300335426163241e-5
攻芸,PERSON,33,0.003963963963963964,0.05566620142136403,21076.51720605469,3.757703291748084e-5
攻蕓,PERSON,6,7.207207207207207e-4,0.013439770130647967,577.3724474875783,3.370635027639207e-5
政局,ORG,32,0.0038438438438438438,0.047208017319336985,13371.452788445109,4.302185510239202e-5
政工大隊,ORG,11,0.0013213213213213214,0.039723444377820355,18979.43216797307,4.29553264604811e-5
政府,ORG,201,0.024144144144144144,0.158389593269857,289387.1621299218,4.3671936413660584e-5
政方,PERSON,7,8.408408408408409e-4,0.017960409819503344,1207.208225295111,3.45447008428907e-5
政會,ORG,12,0.0014414414414414415,0.034373317604711476,9956.479725688137,4.294794708812919e-5
政民,PERSON,18,0.002162162162162162,0.059985202905419595,6773.149630945264,3.759681179036018e-5
政治協商,ORG,13,0.0015615615615615615,0.027649610532471176,22505.05829667653,4.2951636457349025e-5
政治部,ORG,12,0.0014414414414414415,0.017113388442424514,35283.16626016514,4.294794708812919e-5
政院,ORG,117,0.014054054054054054,0.10146500090651346,151503.6971123509,4.3350095370209814e-5
政院新聞局,ORG,18,0.002162162162162162,0.024631024607761093,6303.993115945577,4.2970092815400483e-5
故王,PERSON,1,1.2012012012012012e-4,4.245060025948114e-4,0,3.164356686285678e-5
故陶,PERSON,4,4.8048048048048047e-4,0.0010826300745486936,1.2000000000000002,3.1629554655870446e-5
啟勝,PERSON,2,2.4024024024024023e-4,0.006967976565524214,24.082354120731317,3.269042170644001e-5
啟日,PERSON,1,1.2012012012012012e-4,4.569071601622736e-4,0,3.1647572631179186e-5
啟明,PERSON,1,1.2012012012012012e-4,9.479916298622018e-4,0,3.169170311212524e-5
敎于,PERSON,3,3.6036036036036037e-4,0.0031160399334348014,3.002944278426817,3.178033432911714e-5
敎育局,ORG,311,0.03735735735735736,0.2629683201157717,518831.903051751,4.4095599259193934e-5
敎育文化小組,ORG,7,8.408408408408409e-4,0.022453015328640087,1860.3259213010626,4.292950974499871e-5
敎育部,ORG,81,0.00972972972972973,0.13543242799065716,51105.349930894175,4.320400933206602e-5
敏中,PERSON,5,6.006006006006006e-4,0.012543363871727772,499.0501310209396,3.426300280956623e-5
敏似,PERSON,6,7.207207207207207e-4,0.008187814689623955,352.00677074676764,3.280839895013123e-5
敏恒,PERSON,9,0.001081081081081081,0.008364336459657609,649.3278687685519,3.2716089772950334e-5
敏發,PERSON,3,3.6036036036036037e-4,0.006643166885240419,42.05641769540766,3.294241665568586e-5
敏美,PERSON,1,1.2012012012012012e-4,6.579306877011923e-4,0,3.1750063500127e-5
敏芝,PERSON,17,0.002042042042042042,0.01861599000512566,799.4570803962276,3.295978905735003e-5
敏莉,PERSON,15,0.0018018018018018018,0.023536064406873555,3838.1111147846314,3.5373187124159885e-5
敏飛,PERSON,2,2.4024024024024023e-4,0.0022777870118303304,3.501056180548725,3.209654641160611e-5
救國軍馬丁行動隊第二支隊第三大隊,ORG,7,8.408408408408409e-4,0.017656789173223556,7370.876824965605,4.292950974499871e-5
救濟事業協會,ORG,13,0.0015615615615615615,0.04138457668012617,4502.065610818183,4.296270836913559e-5
救濟委員會,ORG,27,0.003243243243243243,0.04262513180549453,15329.75997330405,4.300335426163241e-5
救濟總署,ORG,47,0.005645645645645646,0.043092814864169965,47935.194260846336,4.3077453260963214e-5
教女青年,ORG,9,0.001081081081081081,0.023049425589626908,3428.266393876649,4.2936882782310004e-5
教盧,PERSON,5,6.006006006006006e-4,0.002260020860158816,2.678688658930617,3.17017499365965e-5
教育文化小組,ORG,4,4.8048048048048047e-4,0.016579673644251672,3234.72298104534,4.291845493562232e-5
教育部,ORG,18,0.002162162162162162,0.02705592561326025,3799.994152271182,4.2973785990545764e-5
教育部上海區清點接收封存文物委員會,ORG,8,9.609609609609609e-4,0.02021604188425206,49940.93166784624,4.29331959471063e-5
敦偉,PERSON,8,9.609609609609609e-4,0.01610652507081383,1027.2242177886887,3.350308228357009e-5
敦復,PERSON,6,7.207207207207207e-4,0.008299859016097772,98.08898999903656,3.247807729782397e-5
敬希,PERSON,38,0.0045645645645645645,0.06651515501419732,27701.27183880829,3.966050606805743e-5
敬祈,PERSON,7,8.408408408408409e-4,0.009250912160524382,20.94006638093603,3.2268473701193935e-5
敬謝,PERSON,6,7.207207207207207e-4,0.009251347740305898,347.6859105541581,3.357281944537702e-5
敵僞,PERSON,5,6.006006006006006e-4,0.006775852160037823,45.03960850031755,3.2404406999351915e-5
敵僞産業處理局,ORG,48,0.005765765765765766,0.07008204321702732,15997.157895119453,4.308487720809996e-5
敵產大日本麥酒廠,ORG,11,0.0013213213213213214,0.018915793921956983,2442.785655245014,4.294425835265825e-5
敵產處理局,ORG,31,0.0037237237237237237,0.05029324739575203,26708.72188617794,4.301815366084488e-5
斃田,PERSON,4,4.8048048048048047e-4,0.011269647772469466,63.78114990571053,3.402286336418073e-5
文仿溪,PERSON,1,1.2012012012012012e-4,0.008664365789620137,0,3.400435255712731e-5
文何,PERSON,9,0.001081081081081081,0.012058727667521293,163.1970346503108,3.293373732051113e-5
文儀,PERSON,5,6.006006006006006e-4,0.0023714300468630468,11.810714078938775,3.1719850282306667e-5
文元,PERSON,5,6.006006006006006e-4,0.008203561658894108,400.46849551486565,3.342245989304813e-5
文化生活出版社,ORG,15,0.0018018018018018018,0.022049214924678744,20668.64110615118,4.2959017097688804e-5
文化運動委,ORG,2,2.4024024024024023e-4,0.018033969006056316,28.272037007173793,4.2911088225197394e-5
文化運動委員會,ORG,6,7.207207207207207e-4,0.026163657386025215,1775.6786016076142,4.292582417582418e-5
文厲,PERSON,3,3.6036036036036037e-4,0.009745432517471547,61.7832209617977,3.4008978370289756e-5
文孫,PERSON,9,0.001081081081081081,0.02084045756296344,1410.618038237952,3.529827038475115e-5
文富,PERSON,9,0.001081081081081081,0.027113772111367264,2690.443770024964,3.5642999714856005e-5
文島,PERSON,3,3.6036036036036037e-4,0.0035606057889580466,16.246700138563867,3.2127481847972756e-5
文彬,PERSON,2,2.4024024024024023e-4,0.005290200751899169,13.874347490521853,3.257328990228013e-5
文恭,PERSON,9,0.001081081081081081,0.02711377211136726,2690.443770024964,3.5642999714856005e-5
文書章,PERSON,1,1.2012012012012012e-4,4.307666442358609e-4,0,3.1671628555140305e-5
文柔,PERSON,8,9.609609609609609e-4,0.014001032946953066,698.8105776339785,3.408083975189148e-5
文熈,PERSON,3,3.6036036036036037e-4,0.012049056922188866,12.27847436442589,3.4008978370289756e-5
文熙,PERSON,1,1.2012012012012012e-4,0.002787309830760585,0,3.228722717293039e-5
文爲,PERSON,4,4.8048048048048047e-4,0.010083150338024526,3397.0506967996416,3.407619437061269e-5
文瑛,PERSON,4,4.8048048048048047e-4,0.004700450151931145,37.63387724947352,3.225390272222939e-5
文生,PERSON,11,0.0013213213213213214,0.011540486026563405,839.0520211275652,3.323584153150758e-5
文福,PERSON,5,6.006006006006006e-4,0.0024464511862112796,5.917931977948675,3.175409627841992e-5
文秀,PERSON,4,4.8048048048048047e-4,0.012670906611790054,285.68269213796316,3.37997701615629e-5
文翰,PERSON,3,3.6036036036036037e-4,0.003672765980348751,55.119154019464986,3.225182222795588e-5
文耀,PERSON,4,4.8048048048048047e-4,0.013869862134917692,64.58532128018153,3.332666799973339e-5
文與,PERSON,1,1.2012012012012012e-4,0.003259903321987144,0,3.2214419174022295e-5
文范,PERSON,5,6.006006006006006e-4,0.01010608892180064,118.14803519999626,3.3025099075297225e-5
文藻,PERSON,1,1.2012012012012012e-4,6.579306877011919e-4,0,3.1750063500127e-5
文通書局,ORG,33,0.003963963963963964,0.046501397477664276,9308.896194993033,4.302555718096549e-5
文運會,ORG,2,2.4024024024024023e-4,0.01803396900605632,28.272037007173793,4.2911088225197394e-5
文道,PERSON,2,2.4024024024024023e-4,0.0013296435122047096,0.8192992485995741,3.171783811215428e-5
文章,PERSON,8,9.609609609609609e-4,0.014001032946953073,698.8105776339785,3.408083975189148e-5
文魁,PERSON,7,8.408408408408409e-4,0.004345520993352239,262.64775048390067,3.208418891170431e-5
文鳳,PERSON,2,2.4024024024024023e-4,0.006652478999545857,8.87878215344516,3.340236488743403e-5
斌主,PERSON,3,3.6036036036036037e-4,0.0018473653155018648,14.458125945622319,3.182281059063136e-5
斌啓,PERSON,5,6.006006006006006e-4,0.002608913600130311,6.733121545357587,3.182483610209407e-5
斌崑,PERSON,1,1.2012012012012012e-4,0.007287514023917677,0,3.309723969020984e-5
斌楊,PERSON,6,7.207207207207207e-4,0.004437988469614068,102.94635602988035,3.196317841846193e-5
斌總,PERSON,10,0.0012012012012012011,0.008516947633722571,1030.6553799432893,3.260302556077204e-5
斐成,PERSON,3,3.6036036036036037e-4,0.004865225937168934,9.346624363754536,3.216261417728033e-5
斐雯,PERSON,8,9.609609609609609e-4,0.01222329048053614,33.418706651519976,3.2851511169513796e-5
斗唐,PERSON,8,9.609609609609609e-4,0.012223290480536135,33.418706651519976,3.2851511169513796e-5
斜橋小學,ORG,10,0.0012012012012012011,0.020718844392378376,2089.6602718924714,4.294057025077293e-5
斯壎,PERSON,2,2.4024024024024023e-4,0.0014360969314312145,0.5752070517687443,3.174804749507905e-5
斯特費,PERSON,9,0.001081081081081081,0.012058727667521292,163.1970346503108,3.293373732051113e-5
新一油脂廠股份有限公司,ORG,11,0.0013213213213213214,0.018915793921956983,2442.785655245014,4.294425835265825e-5
新世界飯店,ORG,9,0.001081081081081081,0.020606162029110794,7659.232287433035,4.2936882782310004e-5
新中國烟草,ORG,9,0.001081081081081081,0.017902165466496044,6354.327025987945,4.2936882782310004e-5
新中華刀剪廠,ORG,38,0.0045645645645645645,0.039591606217830165,46411.37493583324,4.304407713498623e-5
新久,ORG,20,0.0024024024024024023,0.02063616175705883,63760.280660736884,4.2977479800584495e-5
新之,ORG,70,0.008408408408408409,0.07288485184047265,69478.41042295037,4.316298342541436e-5
新二,PERSON,2,2.4024024024024023e-4,0.006345737002595777,18.57962516909915,3.340236488743403e-5
新亞製藥廠,ORG,17,0.002042042042042042,0.05063138122286415,2960.8799547217886,4.296640027498496e-5
新光標準內衣染織整理廠股份有限公司,ORG,704,0.08456456456456457,0.44392303993736837,1964954.0194857535,4.568296025582458e-5
新六軍,ORG,51,0.006126126126126126,0.06846719266229913,33103.81323833672,4.309230371455658e-5
新報,ORG,5,6.006006006006006e-4,0.021895525807493616,662.0901979036338,4.292213923941969e-5
新大來集團,ORG,9,0.001081081081081081,0.01728705894086467,21351.610251608043,4.2936882782310004e-5
新大華集團,ORG,2,2.4024024024024023e-4,0.017060573245772773,71.55210025571358,4.2911088225197394e-5
新康百貨聯合商塲,ORG,14,0.0016816816816816818,0.020024502733350144,16623.370275326175,4.29553264604811e-5
新康電料行,ORG,1,1.2012012012012012e-4,0.01641616534466388,0,4.290740581824423e-5
新成分局,ORG,16,0.0019219219219219219,0.02326470934060042,8542.132167107167,4.296270836913559e-5
新新公司,ORG,334,0.04012012012012012,0.22365726634481134,462281.91394613154,4.417741650468281e-5
新星化學製藥廠股份有限公司董事會,ORG,3,3.6036036036036037e-4,0.016952834640114066,2468.7683600070777,4.291477126426916e-5
新春,ORG,10,0.0012012012012012011,0.020718844392378376,2089.6602718924714,4.294057025077293e-5
新民二,PERSON,3,3.6036036036036037e-4,0.0010616436936611345,0.2841238564773236,3.1709791983764585e-5
新生,ORG,63,0.0075675675675675675,0.056251180929737576,45901.008928916366,4.313691657320335e-5
新生活促進會,ORG,26,0.003123123123123123,0.05626939252599814,13474.154470313115,4.299965600275198e-5
新生活俱樂部,ORG,81,0.00972972972972973,0.057039068718427205,225527.37071432287,4.320774282751469e-5
新生紗廠,ORG,12,0.0014414414414414415,0.023379014467609864,5458.205194265658,4.294794708812919e-5
新疆地毯西北民生實業公司,ORG,38,0.0045645645645645645,0.03959160621783016,46411.37493583324,4.304407713498623e-5
新疆省政府宣傳委員會,ORG,6,7.207207207207207e-4,0.02616365738602522,1775.6786016076142,4.292582417582418e-5
新疆省政府宣傳委員會青年歌舞訪問團,ORG,23,0.002762762762762763,0.021983886664880246,27637.02388911759,4.2988565041698905e-5
新聲,ORG,101,0.012132132132132132,0.0851812004592966,147860.95553162976,4.3282548476454294e-5
新聲廣播電台週率,ORG,7,8.408408408408409e-4,0.019234987678987157,3135.617288166661,4.292950974499871e-5
新良緣集團,ORG,8,9.609609609609609e-4,0.017757444546181077,3801.4991526647923,4.29331959471063e-5
新華,ORG,112,0.013453453453453454,0.10507813679133933,102530.21671005337,4.332380209687202e-5
新華小學,ORG,3,3.6036036036036037e-4,0.018658015302930712,212.33747243349669,4.291477126426916e-5
新華銀行,ORG,33,0.003963963963963964,0.046334472972749466,11567.654356454064,4.302555718096549e-5
新豐,ORG,6,7.207207207207207e-4,0.01810729657300423,1440.9171467589613,4.292582417582418e-5
新豐紡織印染,ORG,21,0.0025225225225225223,0.024865884249823885,10205.390339991525,4.298117424568039e-5
新運婦女指導委員會上海市婦女工作委員會,ORG,9,0.001081081081081081,0.024129843222254654,6558.526900836015,4.2936882782310004e-5
新運廣播電台,ORG,33,0.003963963963963964,0.046501397477664304,9308.896194993033,4.302555718096549e-5
新運總會,ORG,14,0.0016816816816816818,0.036794369340749464,9048.328149795943,4.29553264604811e-5
新霞,PERSON,2,2.4024024024024023e-4,0.008944587687288844,123.59449759217797,3.400666530640005e-5
新顧,PERSON,1,1.2012012012012012e-4,0.0010396489255900597,0,3.173394262503174e-5
方一志,PERSON,6,7.207207207207207e-4,0.003371719730179143,28.478568813996905,3.188368830506313e-5
方伯,PERSON,4,4.8048048048048047e-4,0.009213025685857967,76.62484877807492,3.3200531208499335e-5
方冶,PERSON,2,2.4024024024024023e-4,0.01192426911160728,432.687508239035,3.44044588178628e-5
方剛,PERSON,3,3.6036036036036037e-4,0.008166484072258125,145.71102886183576,3.302073702285035e-5
方國,PERSON,9,0.001081081081081081,0.012836972103298474,678.8636578707531,3.3375609104866166e-5
方如升,PERSON,18,0.002162162162162162,0.050848182641799626,9500.61049649315,3.765060240963856e-5
方子,PERSON,10,0.0012012012012012011,0.027036593668040117,1806.3302047557345,3.4969925863757166e-5
方孝森,PERSON,5,6.006006006006006e-4,0.007154840492146819,58.10820386381375,3.288608260983952e-5
方少,PERSON,4,4.8048048048048047e-4,0.013979822452623974,1176.3750743909916,3.437607425232039e-5
方希,PERSON,2,2.4024024024024023e-4,0.001545914395265894,0.2997876643819991,3.171180313312615e-5
方希孔,PERSON,2,2.4024024024024023e-4,0.005513421202363539,1.582834490083944,3.2258064516129034e-5
方志,PERSON,2,2.4024024024024023e-4,9.9361928075771e-4,7.923410907887881,3.1669622498099825e-5
方志一,PERSON,5,6.006006006006006e-4,0.002817704525216438,8.8486873022644,3.1729914963827895e-5
方志學,PERSON,1,1.2012012012012012e-4,3.8916307814442673e-4,0,3.1695721077654516e-5
方東,PERSON,9,0.001081081081081081,0.021824502529691037,1256.6181197464418,3.506803198204517e-5
方椒,PERSON,8,9.609609609609609e-4,0.020751964771179514,3943.5859731204114,3.433830094086945e-5
方椒伯,PERSON,23,0.002762762762762763,0.05934816374258994,31176.19129188685,4.017354973485457e-5
方永康,PERSON,3,3.6036036036036037e-4,0.015222546176247515,317.8175412682892,3.3795201081446433e-5
方治,PERSON,176,0.021141141141141143,0.21113727056062043,364505.6575818981,4.6151006091932804e-5
方治任,PERSON,3,3.6036036036036037e-4,0.01056354860008956,127.17368327040491,3.408548639989093e-5
方治率,PERSON,1,1.2012012012012012e-4,0.001223119251364339,0,3.1739986034406146e-5
方洽,PERSON,5,6.006006006006006e-4,0.007101203938386286,18.87665414648633,3.2127481847972756e-5
方潔,PERSON,2,2.4024024024024023e-4,0.0013296435122047104,0.8192992485995741,3.171783811215428e-5
方濂,PERSON,6,7.207207207207207e-4,0.006267325114780891,102.76365410423612,3.233316088980859e-5
方瑞南,PERSON,11,0.0013213213213213214,0.012176911742520955,467.4992491046057,3.290123050602092e-5
方稚,PERSON,4,4.8048048048048047e-4,0.003421852079897185,4.4938255338808855,3.183496752833312e-5
方覺,PERSON,1,1.2012012012012012e-4,0.008664365789620144,0,3.400435255712731e-5
方隼,PERSON,4,4.8048048048048047e-4,0.010555981330179334,318.08474722567826,3.371544167228591e-5
方顯廷,PERSON,1,1.2012012012012012e-4,0.0024187338470539285,0,3.202049311559398e-5
方麗娟,PERSON,2,2.4024024024024023e-4,0.006235020022145421,75.82813921485136,3.340236488743403e-5
於斗,PERSON,11,0.0013213213213213214,0.027778676725796404,3145.9443954799112,3.5529027215234845e-5
於民,PERSON,3,3.6036036036036037e-4,0.0010616436936611337,0.2841238564773236,3.1709791983764585e-5
施今,PERSON,1,1.2012012012012012e-4,0.008664365789620137,0,3.400435255712731e-5
施仲,PERSON,3,3.6036036036036037e-4,0.0139229925045604,312.97427616471094,3.4169343265222444e-5
施初,PERSON,7,8.408408408408409e-4,0.023688494174609352,929.0681891487944,3.4020548411240386e-5
施北衡,PERSON,9,0.001081081081081081,0.00857216472465198,332.83023722263425,3.24485690181063e-5
施友,PERSON,1,1.2012012012012012e-4,3.5729113340095926e-4,0,3.170577045022194e-5
施叔,PERSON,4,4.8048048048048047e-4,0.0015365652320974326,2.086846584705914,3.172790151659369e-5
施奎,PERSON,2,2.4024024024024023e-4,8.700739452890436e-4,0.3849408814655566,3.169170311212524e-5
施子,PERSON,2,2.4024024024024023e-4,0.0024351374211466713,2.0304168970839447,3.209654641160611e-5
施孔,PERSON,1,1.2012012012012012e-4,6.896996953853929e-4,0,3.1669622498099825e-5
施宗德,PERSON,7,8.408408408408409e-4,0.018640920617563415,521.7971177393985,3.43878954607978e-5
施惠民,PERSON,5,6.006006006006006e-4,0.003052354235044301,8.251485943736157,3.1861339450710506e-5
施慶,PERSON,5,6.006006006006006e-4,0.009648216995931519,344.5150585139114,3.322921512593873e-5
施成,PERSON,5,6.006006006006006e-4,0.003052354235044302,8.251485943736157,3.1861339450710506e-5
施文章,PERSON,8,9.609609609609609e-4,0.014001032946953073,698.8105776339785,3.408083975189148e-5
施春軒,PERSON,18,0.002162162162162162,0.03915453051863295,5146.880890361147,3.586543289577505e-5
施業,PERSON,6,7.207207207207207e-4,0.004437988469614068,102.94635602988035,3.196317841846193e-5
施永康,PERSON,2,2.4024024024024023e-4,0.00526571559892122,25.469776933603082,3.241070849808777e-5
施炳,PERSON,2,2.4024024024024023e-4,6.269218673298666e-4,0.047619047619047616,3.165759149043941e-5
施王,PERSON,3,3.6036036036036037e-4,0.01062973873015886,21.45554897877954,3.4008978370289756e-5
施生根,PERSON,7,8.408408408408409e-4,0.023688494174609342,929.0681891487944,3.4020548411240386e-5
施瘦梅,PERSON,7,8.408408408408409e-4,0.023688494174609345,929.0681891487944,3.4020548411240386e-5
施維福,PERSON,8,9.609609609609609e-4,0.003454230896817708,11.917367657986436,3.174401625293632e-5
施裕,PERSON,21,0.0025225225225225223,0.06603159570077129,11549.281254658277,3.8156288156288156e-5
施謙,PERSON,7,8.408408408408409e-4,0.018640920617563422,521.7971177393985,3.43878954607978e-5
施述,PERSON,6,7.207207207207207e-4,0.012632979728475411,663.6410378135404,3.33022512321833e-5
施震,PERSON,1,1.2012012012012012e-4,0.0059571281446850494,0,3.34001336005344e-5
施駕,PERSON,1,1.2012012012012012e-4,0.0013881408023677958,0,3.174200101574403e-5
旅滬大中,ORG,2,2.4024024024024023e-4,0.016516792945706786,409.28283956475536,4.2911088225197394e-5
旋劉,PERSON,3,3.6036036036036037e-4,0.003439780195559412,13.88369416638451,3.2024594888874656e-5
旋李,PERSON,2,2.4024024024024023e-4,5.618724285565977e-4,0.08333333333333333,3.163956210846042e-5
旋鈕,PERSON,4,4.8048048048048047e-4,0.013386311214997882,771.5181642440666,3.44542447629548e-5
旣錫,PERSON,3,3.6036036036036037e-4,0.004556664630359589,82.82966821872313,3.240650722665111e-5
日新,PERSON,5,6.006006006006006e-4,0.0088963094242781645,648.6603531364918,3.358183894150044e-5
日本賠償物資評價委,ORG,9,0.001081081081081081,0.017746519977007623,4730.153266694757,4.2936882782310004e-5
日潘,PERSON,4,4.8048048048048047e-4,0.0030211172275050402,3.0086207841277735,3.176014736708378e-5
日皇,PERSON,9,0.001081081081081081,0.02016487877171125,2859.7705791073395,3.510989396812022e-5
日筱,PERSON,2,2.4024024024024023e-4,0.005761146179090611,16.827041338636686,3.28709486555782e-5
日總社,PERSON,4,4.8048048048048047e-4,0.011844493905855848,160.5301701158233,3.33000333000333e-5
日華,ORG,42,0.005045045045045045,0.02127019408044687,99495.22995067431,4.305890458146745e-5
昂法,PERSON,11,0.0013213213213213214,0.028240455610817995,2121.196729252374,3.493327744008943e-5
昆明小板橋後勤總司令部,ORG,21,0.0025225225225225223,0.03938158371786183,14016.699369812892,4.298117424568039e-5
昇張,PERSON,1,1.2012012012012012e-4,0.00728751402391768,0,3.309723969020984e-5
昌兩,PERSON,1,1.2012012012012012e-4,3.54333318008246e-4,0,3.167965532535006e-5
昌孫,PERSON,4,4.8048048048048047e-4,0.01143751978046121,27.767186568712685,3.34627225271048e-5
昌權,PERSON,6,7.207207207207207e-4,0.004108000693332817,102.25587530872491,3.195500734965169e-5
昌黄,PERSON,1,1.2012012012012012e-4,3.5433331800824606e-4,0,3.167965532535006e-5
明奎,PERSON,3,3.6036036036036037e-4,0.01500371779775472,1889.7695427865506,3.5775615340583855e-5
明將,PERSON,6,7.207207207207207e-4,0.009230969562999167,239.1377818693228,3.274608684262231e-5
明張,PERSON,2,2.4024024024024023e-4,0.002277787011830329,3.501056180548725,3.209654641160611e-5
明徐,PERSON,2,2.4024024024024023e-4,0.004658251992983912,2.8611597954819303,3.222687721559781e-5
明書店,ORG,33,0.003963963963963964,0.04650139747766428,9308.896194993033,4.302555718096549e-5
明次,PERSON,7,8.408408408408409e-4,0.01796040981950334,1207.208225295111,3.45447008428907e-5
明為,PERSON,4,4.8048048048048047e-4,0.009213025685857969,76.62484877807492,3.3200531208499335e-5
明珍,PERSON,3,3.6036036036036037e-4,0.0010616436936611334,0.2841238564773236,3.1709791983764585e-5
明筱快樂劇團,ORG,75,0.009009009009009009,0.05703531596419638,39176.341417198804,4.318162190171863e-5
明結,PERSON,2,2.4024024024024023e-4,0.006345737002595778,18.57962516909915,3.340236488743403e-5
明路,PERSON,2,2.4024024024024023e-4,0.0016987991618605482,133.17381171781415,3.1820785336982115e-5
明道,PERSON,4,4.8048048048048047e-4,0.010099899713335683,367.85096518933176,3.320935175345377e-5
明陸,PERSON,1,1.2012012012012012e-4,0.001388140802367796,0,3.174200101574403e-5
明顧,PERSON,6,7.207207207207207e-4,0.0022984585655197566,1.6813576810374764,3.1729914963827895e-5
明鹽,PERSON,5,6.006006006006006e-4,0.017887473274271325,295.0748550028883,3.4378437843784377e-5
明黄,PERSON,8,9.609609609609609e-4,0.012223290480536135,33.418706651519976,3.2851511169513796e-5
易妙音,PERSON,9,0.001081081081081081,0.02477318126850762,2555.3050249732364,3.553155201819215e-5
易方朔,PERSON,23,0.002762762762762763,0.047916592925058406,13536.851762623626,3.754599384245701e-5
星光播音,ORG,20,0.0024024024024024023,0.017300006513075963,71410.79898934494,4.2977479800584495e-5
星張,PERSON,5,6.006006006006006e-4,0.010106088921800642,118.14803519999626,3.3025099075297225e-5
星海,PERSON,7,8.408408408408409e-4,0.005045616042872592,166.17103942015106,3.23185314459311e-5
星野,PERSON,7,8.408408408408409e-4,0.010148845038567665,219.32075045778464,3.277399056109072e-5
映庭,PERSON,6,7.207207207207207e-4,0.010811012398490546,310.5468774896433,3.368818218568926e-5
春崗,PERSON,1,1.2012012012012012e-4,0.005957128144685054,0,3.34001336005344e-5
春帆,PERSON,26,0.003123123123123123,0.06510938582686548,19556.160328662678,3.920338717265172e-5
春秋書社,ORG,8,9.609609609609609e-4,0.01759268965926198,2595.056616857635,4.29331959471063e-5
春莫,PERSON,8,9.609609609609609e-4,0.0066186436556154166,109.69997971874918,3.2316442605997934e-5
春馮,PERSON,9,0.001081081081081081,0.021573660654306676,967.9523097490462,3.473669584549118e-5
昭文,PERSON,1,1.2012012012012012e-4,0.008664365789620137,0,3.400435255712731e-5
時之九十九軍,ORG,12,0.0014414414414414415,0.04199587589536445,1326.3947334638863,4.294794708812919e-5
時壽,PERSON,11,0.0013213213213213214,0.011540486026563403,839.0520211275652,3.323584153150758e-5
時奧,PERSON,5,6.006006006006006e-4,0.004793973230476346,315.9668289906525,3.232270993600103e-5
時彥,PERSON,3,3.6036036036036037e-4,0.001223883554091389,3.235518080957076,3.1719850282306667e-5
時昌,PERSON,2,2.4024024024024023e-4,0.0014360969314312143,0.5752070517687443,3.174804749507905e-5
晉成錢莊,ORG,29,0.0034834834834834836,0.022097608771391105,82527.16011697224,4.301445285615967e-5
晉琦,PERSON,2,2.4024024024024023e-4,0.004658251992983912,2.8611597954819303,3.222687721559781e-5
晉胡,PERSON,1,1.2012012012012012e-4,4.351913100735494e-4,0,3.1677648251393816e-05
勗吳,PERSON,1,1.2012012012012012e-4,7.098508719516961e-4,0,3.173394262503174e-5
晦庵,PERSON,4,4.8048048048048047e-4,0.0024175952404093164,3.670510104749541,3.171582619727244e-5
普卡,PERSON,6,7.207207207207207e-4,0.003899033626899951,29.66124267171742,3.186540054808489e-5
普益地産公司,ORG,26,0.003123123123123123,0.024883194277310342,6895.163665341476,4.299965600275198e-5
普魯斯特,PERSON,2,2.4024024024024023e-4,0.0014125392031875152,2.7298770435449624,3.178437480134766e-5
景偉,PERSON,24,0.002882882882882883,0.033049616117029945,4848.808729630056,3.5536602700781806e-5
景淑,PERSON,6,7.207207207207207e-4,0.02319747366610559,3338.3207238685204,3.621351488375462e-5
景蒙,PERSON,6,7.207207207207207e-4,0.008187814689623955,352.00677074676764,3.280839895013123e-5
景逸民,PERSON,5,6.006006006006006e-4,0.004080904430377634,18.919364027845845,3.2100667693888034e-5
景雲,PERSON,1,1.2012012012012012e-4,3.493230066744232e-4,0,3.166360585143436e-5
智仁勇女中,ORG,11,0.0013213213213213214,0.02724124236963451,6751.428623495054,4.294794708812919e-5
智包,PERSON,9,0.001081081081081081,0.012058727667521299,163.1970346503108,3.293373732051113e-5
智煥,PERSON,40,0.004804804804804805,0.04921836554682656,12421.916685323231,3.575003575003575e-5
曁吳,PERSON,2,2.4024024024024023e-4,0.004413325997203086,24.289490232376544,3.234152652005175e-5
曁杜月,PERSON,6,7.207207207207207e-4,0.016946199134344656,249.1250030195994,3.323805092069401e-5
曁柳,PERSON,5,6.006006006006006e-4,0.005741380585764299,67.05612075524249,3.224974200206398e-5
曁毛,PERSON,2,2.4024024024024023e-4,0.003945294292847335,32.99948645428036,3.216882197773918e-5
曉崧,PERSON,3,3.6036036036036037e-4,0.015275997019294137,420.14624893103274,3.45972875726543e-5
曉樓,PERSON,1,1.2012012012012012e-4,2.7733606916579846e-4,0,3.161955353190413e-5
曉籟,PERSON,18,0.002162162162162162,0.02452449925279382,4459.39976331302,3.43878954607978e-5
曉聯,PERSON,4,4.8048048048048047e-4,0.012173807195320694,461.65212375700884,3.4253613756251286e-5
曉華,PERSON,17,0.002042042042042042,0.018615990005125656,799.4570803962276,3.295978905735003e-5
曉蒙,PERSON,2,2.4024024024024023e-4,0.0012619548253933579,2.1683427447535637,3.174401625293632e-5
曉道,PERSON,17,0.002042042042042042,0.01195431644409732,383.70147413741887,3.248651809499058e-5
曉隴,PERSON,5,6.006006006006006e-4,0.010011597431053147,240.65928237132593,3.365643511039311e-5
曉露,PERSON,14,0.0016816816816816818,0.014078592455149122,540.5955378311188,3.294458720432233e-5
曉露金,PERSON,8,9.609609609609609e-4,0.01222329048053614,33.418706651519976,3.2851511169513796e-5
曉音,PERSON,21,0.0025225225225225223,0.020767797386803285,995.1996041779066,3.2968482131082684e-5
曲萬森,PERSON,6,7.207207207207207e-4,0.00797503281386332,208.7751025884347,3.295544423938835e-5
更生,PERSON,10,0.0012012012012012011,0.013142116149182625,1355.8768989448308,3.297283038776049e-5
書代,PERSON,3,3.6036036036036037e-4,0.0030674689716283453,0.9487453334324024,3.183091418385536e-5
書任,PERSON,9,0.001081081081081081,0.026820433307556443,2332.7050142324247,3.5408257205580345e-5
書川康商業銀行儲信部,ORG,11,0.0013213213213213214,0.03738076721454895,786.4641426631882,4.294425835265825e-5
書德英,PERSON,3,3.6036036036036037e-4,0.0139229925045604,312.97427616471094,3.4169343265222444e-5
書會,PERSON,1,1.2012012012012012e-4,4.5690716016227374e-4,0,3.1647572631179186e-5
書會計用品公司,ORG,27,0.003243243243243243,0.02063783644678989,17068.336673238795,4.300335426163241e-5
曹世英,PERSON,7,8.408408408408409e-4,0.023688494174609345,929.0681891487944,3.4020548411240386e-5
曹仲陶,PERSON,2,2.4024024024024023e-4,5.679995347648311e-4,0.05,3.165558721114277e-5
曹伯卿,PERSON,3,3.6036036036036037e-4,0.00455666463035959,82.82966821872313,3.240650722665111e-5
曹俊,PERSON,56,0.006726726726726727,0.10807291559525471,63562.48946151064,4.149033275246868e-5
曹俊馮,PERSON,17,0.002042042042042042,0.013513809307985559,26.71664589579696,3.181673560292714e-5
曹元豐,PERSON,7,8.408408408408409e-4,0.023688494174609356,929.0681891487944,3.4020548411240386e-5
曹克家,PERSON,9,0.001081081081081081,0.01079682655579028,157.31362262514577,3.2324799586242565e-5
曹協恭,PERSON,2,2.4024024024024023e-4,6.606230903498299e-4,0.05555555555555555,3.165157941381275e-5
曹四庚,PERSON,10,0.0012012012012012011,0.037845365435558775,1800.9700697346723,3.4989503149055284e-5
曹師柳,PERSON,4,4.8048048048048047e-4,0.0045932973299939546,44.99434718100529,3.217917363882096e-5
曹志功,PERSON,13,0.0015615615615615615,0.029169967449986244,5498.351901186964,3.524353281172905e-5
曹惠羣,PERSON,3,3.6036036036036037e-4,0.007149375812880616,64.5461251024404,3.2713949227950796e-5
曹慧麟,PERSON,49,0.005885885885885886,0.0592074476846007,34305.153816353435,3.7064492216456636e-5
曹慶榮,PERSON,1,1.2012012012012012e-4,4.36658331171848e-4,0,3.1671628555140305e-5
曹成章,PERSON,1,1.2012012012012012e-4,0.0010238773972413952,0,3.176620076238882e-5
曹振廉,PERSON,6,7.207207207207207e-4,0.003707160382985391,2.7082164108705853,3.172387538861747e-5
曹文,PERSON,6,7.207207207207207e-4,0.003707160382985391,2.7082164108705853,3.172387538861747e-5
曹樹仁,PERSON,6,7.207207207207207e-4,0.003707160382985392,2.7082164108705853,3.172387538861747e-5
曹氏報,PERSON,2,2.4024024024024023e-4,0.001111068059868804,0.5334939054786282,3.166561114629513e-5
曹永昌,PERSON,5,6.006006006006006e-4,0.003052354235044302,8.251485943736157,3.1861339450710506e-5
曹沛滋,PERSON,2,2.4024024024024023e-4,0.003945294292847335,32.99948645428036,3.216882197773918e-5
曹治民,PERSON,4,4.8048048048048047e-4,0.01386986213491769,64.58532128018153,3.332666799973339e-5
曹福,PERSON,7,8.408408408408409e-4,0.023688494174609342,929.0681891487944,3.4020548411240386e-5
曹禺戲,PERSON,4,4.8048048048048047e-4,0.001631987017135842,3.004631250901446,3.170577045022194e-5
曹萬,PERSON,7,8.408408408408409e-4,0.005045616042872592,166.17103942015106,3.23185314459311e-5
曹茂良,PERSON,1,1.2012012012012012e-4,6.447707875682822e-4,0,3.171180313312615e-5
曹菊芳,PERSON,1,1.2012012012012012e-4,8.415068085950107e-4,0,3.176821907363873e-5
曹蔭穉,PERSON,3,3.6036036036036037e-4,0.0010679870628493196,0.08823529411764705,3.168567807351077e-5
曹裔,PERSON,18,0.002162162162162162,0.014788737677293386,201.67545512535725,3.249496328069149e-5
曹誼,PERSON,4,4.8048048048048047e-4,0.011437519780461211,27.767186568712685,3.34627225271048e-5
曹錦,PERSON,7,8.408408408408409e-4,0.023688494174609342,929.0681891487944,3.4020548411240386e-5
曹錦康,PERSON,7,8.408408408408409e-4,0.023688494174609342,929.0681891487944,3.4020548411240386e-5
曹錦福,PERSON,6,7.207207207207207e-4,0.009934950250759906,658.8240963028113,3.321817698644698e-5
曹韋,PERSON,2,2.4024024024024023e-4,5.679995347648311e-4,0.05,3.165558721114277e-5
曹鴻鑄,PERSON,3,3.6036036036036037e-4,0.007149375812880615,64.5461251024404,3.2713949227950796e-5
曼玲,PERSON,2,2.4024024024024023e-4,0.0022777870118303296,3.501056180548725,3.209654641160611e-5
曼紋,PERSON,2,2.4024024024024023e-4,0.011519252717289213,166.19785782117216,3.3763252076440005e-5
曾伯康,PERSON,1,1.2012012012012012e-4,0.0024187338470539293,0,3.202049311559398e-5
曾揖五,PERSON,4,4.8048048048048047e-4,0.0031395921680092065,40.06555137265292,3.188775510204082e-5
會中國國民外交協會,ORG,51,0.006126126126126126,0.06603694064901693,18012.875181778538,4.309601792794346e-5
會交發行局,ORG,23,0.002762762762762763,0.04634237177639244,4879.16741049618,4.2988565041698905e-5
會任,PERSON,6,7.207207207207207e-4,0.013954185271406315,1083.4212547675984,3.4428148454176133e-5
會傅,PERSON,5,6.006006006006006e-4,0.008898943083553924,155.88176483167697,3.283209665769256e-5
會南洋中,ORG,62,0.007447447447447447,0.0657774410038977,11540.35284644594,4.313691657320335e-5
會孔,PERSON,15,0.0018018018018018018,0.010073075782113345,222.9046313491959,3.248229714805431e-5
會晤霍夫,PERSON,1,1.2012012012012012e-4,5.626644103936309e-4,0,3.163756011136421e-5
會沛,PERSON,6,7.207207207207207e-4,0.005777647691192492,274.21185775289007,3.2530904359141185e-5
會潘,PERSON,3,3.6036036036036037e-4,0.008239149090874653,131.62461383618776,3.264986287057595e-5
會趙,PERSON,18,0.002162162162162162,0.05998520290541964,6773.149630945264,3.759681179036018e-5
會鄧,PERSON,15,0.0018018018018018018,0.010073075782113344,222.9046313491959,3.248229714805431e-5
會黃森,PERSON,15,0.0018018018018018018,0.010073075782113345,222.9046313491959,3.248229714805431e-5
服程,PERSON,2,2.4024024024024023e-4,0.01324464216860273,700.3298298644016,3.468368479467259e-5
朗詧貝,PERSON,4,4.8048048048048047e-4,0.011060730322090031,603.7355239679507,3.4059945504087195e-5
朗音女子大樂隊,ORG,10,0.0012012012012012011,0.020511094716423987,9563.957451531956,4.294057025077293e-5
朝寅,PERSON,6,7.207207207207207e-4,0.012176088278678394,382.2442872706947,3.402517863218782e-5
木愷,PERSON,1,1.2012012012012012e-4,2.9267261410567403e-4,0,3.163956210846042e-5
本龍,PERSON,4,4.8048048048048047e-4,0.014359650835732238,673.6735852641114,3.419271011420365e-5
朱一成,PERSON,18,0.002162162162162162,0.0448347333831789,5623.330900907634,3.6284470246734395e-5
朱三山堂,PERSON,5,6.006006006006006e-4,0.010654304170531592,128.8504303824068,3.4036759700476515e-5
朱亞揆,PERSON,23,0.002762762762762763,0.049859360527961735,7744.65541878452,3.724949713178872e-5
朱仰高,PERSON,28,0.0033633633633633636,0.036984626917328255,13414.002710695762,3.6875875802050296e-5
朱仲民,PERSON,5,6.006006006006006e-4,0.006604500402039296,45.62477476780193,3.23185314459311e-5
朱仲華,PERSON,2,2.4024024024024023e-4,0.006819722814982088,39.53145604216699,3.3471682956219036e-5
朱企洛,PERSON,13,0.0015615615615615615,0.025232449197608402,1599.8983731846135,3.487236713628121e-5
朱佩珍,PERSON,7,8.408408408408409e-4,0.011359972633530257,790.6473321794142,3.407619437061269e-5
朱佳生,PERSON,9,0.001081081081081081,0.012058727667521293,163.1970346503108,3.293373732051113e-5
朱俊欣,PERSON,5,6.006006006006006e-4,0.019000027015712354,326.847626021409,3.383178834833209e-5
朱保洪,PERSON,4,4.8048048048048047e-4,0.003421852079897185,4.4938255338808855,3.183496752833312e-5
朱傳茗,PERSON,10,0.0012012012012012011,0.03784536543555876,1800.9700697346723,3.4989503149055284e-5
朱公甫,PERSON,5,6.006006006006006e-4,0.003052354235044306,8.251485943736157,3.1861339450710506e-5
朱友愼,PERSON,4,4.8048048048048047e-4,0.003021117227505042,3.0086207841277735,3.176014736708378e-5
朱古勤,PERSON,8,9.609609609609609e-4,0.021782513054374644,532.5523691977385,3.4489894460922946e-5
朱同,PERSON,2,2.4024024024024023e-4,0.005265715598921221,25.469776933603082,3.241070849808777e-5
朱吟江,PERSON,1,1.2012012012012012e-4,8.415068085950112e-4,0,3.176821907363873e-5
朱啓明,PERSON,5,6.006006006006006e-4,0.003052354235044302,8.251485943736157,3.1861339450710506e-5
朱啓鑫,PERSON,2,2.4024024024024023e-4,0.0024351374211466726,2.0304168970839447,3.209654641160611e-5
朱善源,PERSON,2,2.4024024024024023e-4,0.008766472903240114,79.54108101827777,3.3018556428712935e-5
朱嘯秋,PERSON,9,0.001081081081081081,0.012058727667521297,163.1970346503108,3.293373732051113e-5
朱國洗,PERSON,7,8.408408408408409e-4,0.008627685238770059,137.31732410819095,3.2356176794150005e-5
朱國華,PERSON,7,8.408408408408409e-4,0.023688494174609352,929.0681891487944,3.4020548411240386e-5
朱培聲,PERSON,3,3.6036036036036037e-4,0.015555386245260264,422.21281141076645,3.465243606625546e-5
朱培芝,PERSON,3,3.6036036036036037e-4,0.006643166885240421,42.05641769540766,3.294241665568586e-5
朱如山,PERSON,5,6.006006006006006e-4,0.0071012039383862875,18.87665414648633,3.2127481847972756e-5
朱子,PERSON,1,1.2012012012012012e-4,4.2450600259481125e-4,0,3.164356686285678e-5
朱子奎,PERSON,3,3.6036036036036037e-4,0.0039622903197266595,78.29264215453013,3.221857078420001e-5
朱孔嘉,PERSON,6,7.207207207207207e-4,0.004433242868826874,1122.813257915544,3.207801372938988e-5
朱季良,PERSON,4,4.8048048048048047e-4,0.00786092743487536,52.307729725569054,3.340682835571591e-5
朱學,PERSON,3,3.6036036036036037e-4,0.005606243622846111,169.078003857647,3.228305785123967e-5
朱學範,PERSON,47,0.005645645645645646,0.10490196060526805,45262.58116431354,4.0567951318458416e-5
朱宅,PERSON,13,0.0015615615615615615,0.02121622254789001,229.4450954664884,3.326237360298031e-5
朱家,PERSON,2,2.4024024024024023e-4,7.750665576789087e-4,0.7352342292962631,3.171180313312615e-5
朱家驊,PERSON,32,0.0038438438438438438,0.06855003181960245,24311.849275810662,3.8200015280006115e-5
朱少,PERSON,8,9.609609609609609e-4,0.004143616781737378,66.70413790255344,3.193663771078181e-5
朱少雲,PERSON,54,0.006486486486486486,0.08908453283819329,65647.04468977974,4.1736227045075125e-5
朱幹生,PERSON,3,3.6036036036036037e-4,0.007757580882090796,84.46012077456552,3.3521051220166265e-5
朱廋,PERSON,8,9.609609609609609e-4,0.012223290480536136,33.418706651519976,3.2851511169513796e-5
朱德禽,PERSON,2,2.4024024024024023e-4,0.005290200751899166,13.874347490521853,3.257328990228013e-5
朱志堯,PERSON,3,3.6036036036036037e-4,0.003204915009376846,2.4817835973184477,3.197748784855462e-5
朱忠道,PERSON,11,0.0013213213213213214,0.015897468271486515,788.9861504349398,3.3348896151537383e-05
朱念慈,PERSON,2,2.4024024024024023e-4,0.002435137421146672,2.0304168970839447,3.209654641160611e-5
朱恆清,PERSON,7,8.408408408408409e-4,0.01181404749179259,177.1688545013561,3.3198326804329064e-5
朱恒清,PERSON,3,3.6036036036036037e-4,0.015222546176247529,317.8175412682892,3.3795201081446433e-5
朱惕,PERSON,3,3.6036036036036037e-4,0.005944187846599401,149.18891925468796,3.229765519023319e-5
朱惠泉,PERSON,2,2.4024024024024023e-4,7.255159986256993e-4,0.034482758620689655,3.167564143173899e-5
朱惠淸,PERSON,15,0.0018018018018018018,0.03190271856935914,5568.015710642294,3.604642779900512e-5
朱惠清,PERSON,29,0.0034834834834834836,0.03447800157082406,5960.362281849813,3.442340791738382e-5
朱惠濟,PERSON,4,4.8048048048048047e-4,0.010945517323343954,100.90395291264159,3.401823377330249e-5
朱愷壽,PERSON,18,0.002162162162162162,0.01478873767729338,201.67545512535725,3.249496328069149e-5
朱愼微,PERSON,10,0.0012012012012012011,0.023052220328804256,753.0651082247564,3.392590582168544e-5
朱慕安,PERSON,2,2.4024024024024023e-4,6.734270445297527e-4,0.1,3.163555836760519e-5
朱懋宬,PERSON,2,2.4024024024024023e-4,0.00671180236760025,10.062345019626324,3.340236488743403e-5
朱扶九,PERSON,11,0.0013213213213213214,0.03001560933048564,2568.891801634715,3.5785857429144e-5
朱文彬,PERSON,1,1.2012012012012012e-4,2.9267261410567403e-4,0,3.163956210846042e-5
朱文德,PERSON,37,0.0044444444444444444,0.09677458408975348,31675.333428911574,4.091987887715852e-5
朱文曉,PERSON,1,1.2012012012012012e-4,0.008664365789620142,0,3.400435255712731e-5
朱文浦,PERSON,2,2.4024024024024023e-4,9.249261666103473e-4,0.06666666666666667,3.1645569620253167e-5
朱斌仙,PERSON,10,0.0012012012012012011,0.03784536543555878,1800.9700697346723,3.4989503149055284e-5
朱斯煌,PERSON,2,2.4024024024024023e-4,0.008766472903240109,79.54108101827777,3.3018556428712935e-5
朱映馥,PERSON,7,8.408408408408409e-4,0.023688494174609345,929.0681891487944,3.4020548411240386e-5
朱景芳,PERSON,10,0.0012012012012012011,0.02305222032880425,753.0651082247564,3.392590582168544e-5
朱有豪,PERSON,9,0.001081081081081081,0.012058727667521297,163.1970346503108,3.293373732051113e-5
朱林森,PERSON,5,6.006006006006006e-4,0.008388932296133703,173.52543655094541,3.3548040794417606e-5
朱桂生,PERSON,1,1.2012012012012012e-4,8.415068085950117e-4,0,3.176821907363873e-5
朱榮琳,PERSON,2,2.4024024024024023e-4,0.0024351374211466713,2.0304168970839447,3.209654641160611e-5
朱永明,PERSON,7,8.408408408408409e-4,0.008639447418689496,109.47147516316033,3.24380433372259e-5
朱泰耀,PERSON,3,3.6036036036036037e-4,0.010002217362508328,135.27609714198354,3.316529583443884e-5
朱海山,PERSON,10,0.0012012012012012011,0.023052220328804253,753.0651082247564,3.392590582168544e-5
朱淑英,PERSON,5,6.006006006006006e-4,0.002608913600130311,6.733121545357587,3.182483610209407e-5
朱淮,PERSON,11,0.0013213213213213214,0.014394196262449028,72.08630625498091,3.237503237503238e-5
朱淵武,PERSON,8,9.609609609609609e-4,0.014001032946953077,698.8105776339785,3.408083975189148e-5
朱潤生,PERSON,1,1.2012012012012012e-4,9.47991629862202e-4,0,3.169170311212524e-5
朱潮,PERSON,8,9.609609609609609e-4,0.00630247543646585,126.23522581003662,3.244225279003374e-5
朱玉龍,PERSON,2,2.4024024024024023e-4,0.0024351374211466735,2.0304168970839447,3.209654641160611e-5
朱王霞卿,PERSON,13,0.0015615615615615615,0.021216222547890008,229.4450954664884,3.326237360298031e-5
朱矢創,PERSON,5,6.006006006006006e-4,0.019000027015712354,326.847626021409,3.383178834833209e-5
朱祥智,PERSON,7,8.408408408408409e-4,0.023688494174609356,929.0681891487944,3.4020548411240386e-5
朱秉明,PERSON,7,8.408408408408409e-4,0.023688494174609352,929.0681891487944,3.4020548411240386e-5
朱秋痕,PERSON,7,8.408408408408409e-4,0.02767865500269452,480.29727571669935,3.3847820200379094e-5
朱立人,PERSON,6,7.207207207207207e-4,0.01263297972847541,663.6410378135404,3.33022512321833e-5
朱紹文,PERSON,3,3.6036036036036037e-4,0.007149375812880612,64.5461251024404,3.2713949227950796e-5
朱紹良,PERSON,10,0.0012012012012012011,0.023052220328804256,753.0651082247564,3.392590582168544e-5
朱經農,PERSON,24,0.002882882882882883,0.03849486746324082,15834.180010754668,3.573725966692874e-5
朱美玲,PERSON,2,2.4024024024024023e-4,6.323348899791693e-4,0.2,3.162555344718533e-5
朱翔飛,PERSON,7,8.408408408408409e-4,0.004738183609250559,73.1496233072154,3.2012292720404635e-5
朱聯丞,PERSON,3,3.6036036036036037e-4,0.013922992504560404,312.97427616471094,3.4169343265222444e-5
朱良,PERSON,7,8.408408408408409e-4,0.015154100019939784,454.7070059528673,3.340236488743403e-5
朱良楊,PERSON,8,9.609609609609609e-4,0.012223290480536131,33.418706651519976,3.2851511169513796e-5
朱良顧,PERSON,8,9.609609609609609e-4,0.01222329048053613,33.418706651519976,3.2851511169513796e-5
朱芝菲,PERSON,10,0.0012012012012012011,0.023052220328804256,753.0651082247564,3.392590582168544e-5
朱英,PERSON,3,3.6036036036036037e-4,0.012049056922188876,12.27847436442589,3.4008978370289756e-5
朱英商,PERSON,8,9.609609609609609e-4,0.021782513054374647,532.5523691977385,3.4489894460922946e-5
朱苴英,PERSON,4,4.8048048048048047e-4,0.020555464994198053,1052.8276672979823,3.50754121360926e-5
朱茂鴻,PERSON,2,2.4024024024024023e-4,0.005265715598921221,25.469776933603082,3.241070849808777e-5
朱華,PERSON,17,0.002042042042042042,0.013513809307985559,26.71664589579696,3.181673560292714e-5
朱葆三,PERSON,1,1.2012012012012012e-4,4.245060025948116e-4,0,3.164356686285678e-5
朱蘭墀,PERSON,13,0.0015615615615615615,0.01875153470840156,1492.2465937039783,3.461405330564209e-5
朱虚白,PERSON,3,3.6036036036036037e-4,0.00974543251747155,61.7832209617977,3.4008978370289756e-5
朱親,PERSON,4,4.8048048048048047e-4,0.007860927434875358,52.307729725569054,3.340682835571591e-5
朱金英,PERSON,2,2.4024024024024023e-4,6.587809966341873e-4,0.2847992014371325,3.1645569620253167e-5
朱長,PERSON,18,0.002162162162162162,0.05998520290541962,6773.149630945264,3.759681179036018e-5
朱開觀,PERSON,3,3.6036036036036037e-4,0.010002217362508328,135.27609714198354,3.316529583443884e-5
朱雯汪,PERSON,3,3.6036036036036037e-4,0.015275997019294137,420.14624893103274,3.45972875726543e-5
朱順森,PERSON,3,3.6036036036036037e-4,0.0030020954205059198,23.768865266919708,3.198362438431523e-5
朱顧鵬,PERSON,7,8.408408408408409e-4,0.010835579461705432,156.62163591963042,3.2679738562091506e-5
朱高融,PERSON,2,2.4024024024024023e-4,0.006967976565524215,24.082354120731317,3.269042170644001e-5
朱鳳丹,PERSON,2,2.4024024024024023e-4,0.00696797656552421,24.082354120731317,3.269042170644001e-5
朱鳳蔚,PERSON,32,0.0038438438438438438,0.062387033406842804,17925.74890048982,3.799969600243198e-5
朱鳳蘭,PERSON,4,4.8048048048048047e-4,0.004593297329993954,44.99434718100529,3.217917363882096e-5
朱鴻儀,PERSON,1,1.2012012012012012e-4,2.92672614105674e-4,0,3.163956210846042e-5
朱麗,PERSON,9,0.001081081081081081,0.012058727667521292,163.1970346503108,3.293373732051113e-5
朱麗文,PERSON,7,8.408408408408409e-4,0.023688494174609345,929.0681891487944,3.4020548411240386e-5
朶如爲,PERSON,11,0.0013213213213213214,0.008668940896065664,65.8169152778398,3.192236480878503e-5
李世華,PERSON,7,8.408408408408409e-4,0.015154100019939784,454.7070059528673,3.340236488743403e-5
李世霖,PERSON,3,3.6036036036036037e-4,0.015275997019294133,420.14624893103274,3.45972875726543e-5
李仁育,PERSON,1,1.2012012012012012e-4,0.0027873098307605857,0,3.228722717293039e-5
李介夫,PERSON,9,0.001081081081081081,0.006392699524589507,1.2948917180374984,3.1746031746031745e-5
李代,PERSON,10,0.0012012012012012011,0.012930599973012318,2772.51196943211,3.3380065424928234e-5
李代局,PERSON,5,6.006006006006006e-4,0.005233187525283752,223.05625409020251,3.241070849808777e-5
李代總統,PERSON,4,4.8048048048048047e-4,0.008593025661254843,589.7083542804517,3.3027280533720854e-5
李代芳,PERSON,10,0.0012012012012012011,0.025593700282376588,2538.0835296865926,3.509757124806963e-5
李仲乾,PERSON,5,6.006006006006006e-4,0.0030523542350443023,8.251485943736157,3.1861339450710506e-5
李仲振,PERSON,4,4.8048048048048047e-4,0.0022861623092195003,10.216291185068014,3.176821907363873e-5
李仲長,PERSON,1,1.2012012012012012e-4,0.00866436578962014,0,3.400435255712731e-5
李伯嘉,PERSON,5,6.006006006006006e-4,0.019000027015712354,326.847626021409,3.383178834833209e-5
李俊,PERSON,9,0.001081081081081081,0.01746365528168661,787.2142285059772,3.3889114816320995e-5
李俊龍,PERSON,1,1.2012012012012012e-4,0.0024187338470539293,0,3.202049311559398e-5
李信惠,PERSON,5,6.006006006006006e-4,0.006336648309152618,78.80545529604122,3.244014792707455e-5
李信祥,PERSON,1,1.2012012012012012e-4,2.792869658546358e-4,0,3.162555344718533e-5
李儻,PERSON,32,0.0038438438438438438,0.04035643653346877,6059.450473286798,3.479955456570156e-5
李光前,PERSON,12,0.0014414414414414415,0.015312028344477042,973.1364402486665,3.327122704285334e-5
李光漢,PERSON,1,1.2012012012012012e-4,0.0010396489255900595,0,3.173394262503174e-5
李克昌,PERSON,10,0.0012012012012012011,0.037845365435558775,1800.9700697346723,3.4989503149055284e-5
李全泰,PERSON,7,8.408408408408409e-4,0.01181404749179259,177.1688545013561,3.3198326804329064e-5
李劍白,PERSON,6,7.207207207207207e-4,0.022874900499598713,354.44088573884153,3.3763252076440005e-5
李劍華,PERSON,22,0.002642642642642643,0.04570030500093581,12749.15495901451,3.6405999708752e-5
李北良,PERSON,2,2.4024024024024023e-4,0.008766472903240109,79.54108101827777,3.3018556428712935e-5
李升伯,PERSON,12,0.0014414414414414415,0.02263649049211123,1813.2504514664106,3.407619437061269e-5
李卓敏,PERSON,9,0.001081081081081081,0.016083458145752634,1960.7021241236728,3.4882098507046184e-5
李厚甫,PERSON,2,2.4024024024024023e-4,0.008766472903240109,79.54108101827777,3.3018556428712935e-5
李及蘭,PERSON,41,0.004924924924924925,0.08824592700188548,33741.33159638262,3.817085273685014e-5
李叔明,PERSON,17,0.002042042042042042,0.045638396937077684,7500.003819297453,3.74195479718605e-5
李司令,PERSON,2,2.4024024024024023e-4,5.618724285565979e-4,0.08333333333333333,3.163956210846042e-5
李吉裕,PERSON,3,3.6036036036036037e-4,0.008394630905946953,15.873785038424115,3.3101621979477e-5
李國,PERSON,6,7.207207207207207e-4,0.014411723880959881,250.80825175331708,3.381348481774532e-5
李培天,PERSON,1,1.2012012012012012e-4,0.008664365789620137,0,3.400435255712731e-5
李士珍,PERSON,1,1.2012012012012012e-4,0.008664365789620142,0,3.400435255712731e-5
李壽雍,PERSON,6,7.207207207207207e-4,0.021829067147247735,2265.8996243110296,3.5058196606366565e-5
李夢南,PERSON,3,3.6036036036036037e-4,0.006046392795351706,58.27149397711755,3.2285142377477883e-5
李大超,PERSON,3,3.6036036036036037e-4,0.0048652259371689335,9.346624363754536,3.216261417728033e-5
李如河,PERSON,14,0.0016816816816816818,0.026106167174784235,1555.0326371509018,3.3907500339075e-5
李子,PERSON,27,0.003243243243243243,0.042767080860109184,11532.291788310478,3.657912063793987e-5
李子寛,PERSON,4,4.8048048048048047e-4,0.002599769415730887,0.15789473684210525,3.1695721077654516e-5
李子寬,PERSON,3,3.6036036036036037e-4,0.0013965072765440073,0.3333333333333333,3.163555836760519e-5
李孤帆,PERSON,4,4.8048048048048047e-4,0.012075210153860406,443.03735759894954,3.427474636687688e-5
李宗仁,PERSON,3,3.6036036036036037e-4,0.012696266030974158,577.3414607999913,3.441393075917131e-5
李宗培,PERSON,1,1.2012012012012012e-4,0.0059571281446850486,0,3.34001336005344e-5
李宗弼,PERSON,1,1.2012012012012012e-4,0.0010396489255900597,0,3.173394262503174e-5
李實平,PERSON,3,3.6036036036036037e-4,0.012049056922188871,12.27847436442589,3.4008978370289756e-5
李寳森,PERSON,5,6.006006006006006e-4,0.0018650560022230851,16.752795138673157,3.1719850282306667e-5
李寳槐,PERSON,8,9.609609609609609e-4,0.030410999565957823,1211.1368630802024,3.464043231259526e-5
李寳櫆,PERSON,10,0.0012012012012012011,0.03784536543555877,1800.9700697346723,3.4989503149055284e-5
李寶祜,PERSON,2,2.4024024024024023e-4,7.750665576789085e-4,0.7352342292962631,3.171180313312615e-5
李將,PERSON,10,0.0012012012012012011,0.02962015962597399,6332.220561792476,3.688675765400221e-5
李將軍,PERSON,30,0.0036036036036036037,0.06517845733764818,33680.57192932805,4.065040650406504e-5
李少春,PERSON,9,0.001081081081081081,0.04255169603064754,7384.98869283188,3.7893141341417206e-5
李岳陽,PERSON,6,7.207207207207207e-4,0.007579928360828246,407.9717075560725,3.269683494637719e-5
李崇實,PERSON,3,3.6036036036036037e-4,0.005679307475017704,50.8155508556313,3.242962770787391e-5
李幼春,PERSON,6,7.207207207207207e-4,0.027275699011353412,1720.9932620605616,3.535067873303168e-5
李府,PERSON,6,7.207207207207207e-4,0.016084135890712184,946.8420505518003,3.433830094086945e-5
李度,PERSON,5,6.006006006006006e-4,0.016641587742623306,238.6651746231742,3.3451528734863186e-5
李廣如,PERSON,2,2.4024024024024023e-4,0.00671180236760025,10.062345019626324,3.340236488743403e-5
李廷,PERSON,4,4.8048048048048047e-4,0.006256313034520201,45.00737338519304,3.215434083601286e-5
李廷安,PERSON,4,4.8048048048048047e-4,0.013506755655082924,117.44453779971819,3.343139876972452e-5
李廷鎮,PERSON,3,3.6036036036036037e-4,0.0030674689716283453,0.9487453334324024,3.183091418385536e-5
李彬,PERSON,9,0.001081081081081081,0.020840457562963436,1410.618038237952,3.529827038475115e-5
李微娜,PERSON,3,3.6036036036036037e-4,0.0012923694001124102,4.0660398686304955,3.1681662653656065e-5
李德全,PERSON,5,6.006006006006006e-4,0.0096012757446898,96.62799316337673,3.310600542938489e-5
李志潔,PERSON,9,0.001081081081081081,0.006733484183076863,124.6666445566135,3.198157861072023e-5
李志雲,PERSON,6,7.207207207207207e-4,0.02637916055244532,4253.231249322085,3.7020583444395086e-5
李念安,PERSON,6,7.207207207207207e-4,0.005188886460952988,38.82898733835354,3.201024327784891e-5
李思浩,PERSON,2,2.4024024024024023e-4,6.269218673298669e-4,0.047619047619047616,3.165759149043941e-5
李惕平,PERSON,2,2.4024024024024023e-4,0.0039588076211688585,6.721109675552256,3.2216494845360825e-5
李慕白,PERSON,3,3.6036036036036037e-4,0.010629738730158864,21.45554897877954,3.4008978370289756e-5
李慧芳,PERSON,25,0.003003003003003003,0.014596796963028607,1427.0841157721563,3.268614761064261e-5
李慶龍,PERSON,1,1.2012012012012012e-4,0.007287514023917677,0,3.309723969020984e-5
李應生,PERSON,8,9.609609609609609e-4,0.015609128736287213,291.0896421783415,3.4115720524017465e-5
李承晚,PERSON,1,1.2012012012012012e-4,0.0014476581752563803,0,3.174200101574403e-5
李揚,PERSON,2,2.4024024024024023e-4,0.011924269111607289,432.687508239035,3.44044588178628e-5
李文會,PERSON,3,3.6036036036036037e-4,0.01522254617624753,317.8175412682892,3.3795201081446433e-5
李文杰,PERSON,20,0.0024024024024024023,0.037904997237092036,5760.878522734553,3.59401955146636e-5
李文玉,PERSON,5,6.006006006006006e-4,0.00783456140377943,680.6319750860526,3.354128932716174e-5
李文範,PERSON,1,1.2012012012012012e-4,0.008664365789620137,0,3.400435255712731e-5
李文齋,PERSON,8,9.609609609609609e-4,0.015609128736287212,291.0896421783415,3.4115720524017465e-5
李斯,PERSON,2,2.4024024024024023e-4,0.011519252717289215,166.19785782117216,3.3763252076440005e-5
李昌鑑,PERSON,8,9.609609609609609e-4,0.01222329048053613,33.418706651519976,3.2851511169513796e-5
李明揚,PERSON,1,1.2012012012012012e-4,0.0010396489255900595,0,3.173394262503174e-5
李景,PERSON,8,9.609609609609609e-4,0.02932724525199661,1134.9556744109432,3.4865072170699395e-5
李曙,PERSON,7,8.408408408408409e-4,0.005901204383500432,36.199420026929104,3.217917363882096e-5
李桂森,PERSON,4,4.8048048048048047e-4,0.010414963878348052,244.49920581835897,3.34941050375134e-5
李桐村,PERSON,3,3.6036036036036037e-4,0.005423061913486288,6.081767134281239,3.2133676092544985e-5
李梅生,PERSON,5,6.006006006006006e-4,0.010802367357820213,93.96841260415628,3.346496218459273e-5
李棻,PERSON,3,3.6036036036036037e-4,0.003204915009376846,2.4817835973184477,3.197748784855462e-5
李楊傅,PERSON,5,6.006006006006006e-4,0.015566497463280786,2123.869853110591,3.5780735651925e-5
李樹滋,PERSON,5,6.006006006006006e-4,0.016083229935385746,1029.155508934934,3.446849579484351e-5
李樹生,PERSON,1,1.2012012012012012e-4,3.4932300667442313e-4,0,3.166360585143436e-5
李欽潤,PERSON,5,6.006006006006006e-4,0.0026089136001303105,6.733121545357587,3.182483610209407e-5
李正樂,PERSON,1,1.2012012012012012e-4,0.008664365789620137,0,3.400435255712731e-5
李武城,PERSON,12,0.0014414414414414415,0.014946512712107429,1160.7358666876803,3.340682835571591e-5
李氏末,PERSON,4,4.8048048048048047e-4,0.004036434302380931,57.316832214928546,3.2312265736073417e-5
李永利,PERSON,7,8.408408408408409e-4,0.02767865500269452,480.29727571669935,3.3847820200379094e-5
李永祥,PERSON,2,2.4024024024024023e-4,0.002435137421146672,2.0304168970839447,3.209654641160611e-5
李治泰,PERSON,2,2.4024024024024023e-4,0.0030664975909275097,21.62480588072452,3.228931223764934e-5
李泓英,PERSON,2,2.4024024024024023e-4,0.002277787011830329,3.501056180548725,3.209654641160611e-5
李浩然,PERSON,14,0.0016816816816816818,0.026106167174784246,1555.0326371509018,3.3907500339075e-5
李浮生,PERSON,2,2.4024024024024023e-4,0.0017258083018153805,1.5277695033446725,3.174200101574403e-5
李淦,PERSON,6,7.207207207207207e-4,0.012176088278678387,382.2442872706947,3.402517863218782e-5
李淸,PERSON,7,8.408408408408409e-4,0.015154100019939783,454.7070059528673,3.340236488743403e-5
李湘,PERSON,1,1.2012012012012012e-4,0.00728751402391768,0,3.309723969020984e-5
李源溥,PERSON,2,2.4024024024024023e-4,0.0015516444138645768,1.0225312952299905,3.1709791983764585e-5
李源薄,PERSON,1,1.2012012012012012e-4,0.001388140802367796,0,3.174200101574403e-5
李滿存,PERSON,2,2.4024024024024023e-4,0.0038107013191030215,13.233630365265032,3.222480020623872e-5
李漢,PERSON,3,3.6036036036036037e-4,0.006442677807301542,84.66299489774543,3.270538984824699e-5
李漢魂,PERSON,12,0.0014414414414414415,0.025921888397250438,721.5934125965243,3.367683707146225e-5
李潤芝,PERSON,1,1.2012012012012012e-4,0.0010238773972413948,0,3.176620076238882e-5
李澤案,PERSON,4,4.8048048048048047e-4,0.011269647772469466,63.78114990571053,3.402286336418073e-5
李澤民,PERSON,5,6.006006006006006e-4,0.0037096177703874744,56.52644576572049,3.205333675235592e-5
李濟,PERSON,9,0.001081081081081081,0.01216539057039318,815.5251119666634,3.300547890949898e-5
李濟深,PERSON,12,0.0014414414414414415,0.01623585369712311,1708.390828240047,3.3786066626123385e-5
李煒,PERSON,9,0.001081081081081081,0.026820433307556454,2332.7050142324247,3.5408257205580345e-5
李熙謀,PERSON,26,0.003123123123123123,0.05241251790957871,26219.963863199966,3.762227238525207e-5
李燭塵,PERSON,1,1.2012012012012012e-4,0.002418733847053929,0,3.202049311559398e-5
李燻,PERSON,3,3.6036036036036037e-4,0.004047783743359782,12.33641349067866,3.198157861072023e-5
李玉,PERSON,7,8.408408408408409e-4,0.006634577952433316,381.72002560457827,3.241491085899514e-5
李玉書,PERSON,10,0.0012012012012012011,0.027604292428046344,5466.713263189585,3.561760934606069e-5
李玉茹,PERSON,10,0.0012012012012012011,0.04336949953593711,7817.180167543459,3.793626707132018e-5
李玉階,PERSON,7,8.408408408408409e-4,0.01611793986905441,2688.522699576175,3.4746351633078526e-5
李珍,PERSON,7,8.408408408408409e-4,0.011359972633530255,790.6473321794142,3.407619437061269e-5
李琴嬋,PERSON,7,8.408408408408409e-4,0.005901204383500433,36.199420026929104,3.217917363882096e-5
李瑞來,PERSON,3,3.6036036036036037e-4,0.009034413938739773,619.0323792254651,3.332444681418288e-5
李璜,PERSON,8,9.609609609609609e-4,0.015609128736287213,291.0896421783415,3.4115720524017465e-5
李申伯,PERSON,8,9.609609609609609e-4,0.014538835498256138,1378.5976042061152,3.368818218568926e-5
李登輝,PERSON,41,0.004924924924924925,0.07405736218987033,26223.961293878405,3.901677721420211e-5
李百南,PERSON,1,1.2012012012012012e-4,0.007287514023917677,0,3.309723969020984e-5
李盛佐,PERSON,6,7.207207207207207e-4,0.02727569901135341,1720.9932620605616,3.535067873303168e-5
李盛斌,PERSON,8,9.609609609609609e-4,0.030410999565957823,1211.1368630802024,3.464043231259526e-5
李盛泉,PERSON,3,3.6036036036036037e-4,0.015275997019294137,420.14624893103274,3.45972875726543e-5
李石,PERSON,43,0.005165165165165165,0.0656441214469226,15237.20208267858,3.650700934579439e-5
李石曾,PERSON,5,6.006006006006006e-4,0.008098027441746704,76.71006892147572,3.2920726889649725e-5
李祖𧅄,PERSON,2,2.4024024024024023e-4,0.0024351374211466726,2.0304168970839447,3.209654641160611e-5
李祖韓,PERSON,5,6.006006006006006e-4,0.0040809044303776335,18.919364027845845,3.2100667693888034e-5
李祝海,PERSON,6,7.207207207207207e-4,0.014411723880959881,250.80825175331708,3.381348481774532e-5
李萬居,PERSON,10,0.0012012012012012011,0.003957521466819911,15.928045064627232,3.170376006594382e-5
李萬德,PERSON,6,7.207207207207207e-4,0.004818405269601974,73.12876067619845,3.211922656902422e-5
李萬鍾,PERSON,10,0.0012012012012012011,0.027036593668040117,1806.3302047557345,3.4969925863757166e-5
李萬鐘,PERSON,1,1.2012012012012012e-4,9.479916298622018e-4,0,3.169170311212524e-5
李秋,PERSON,15,0.0018018018018018018,0.0200734624641588,2904.3532949838527,3.41180484476288e-5
李秋萍,PERSON,7,8.408408408408409e-4,0.011359972633530254,790.6473321794142,3.407619437061269e-5
李等,PERSON,6,7.207207207207207e-4,0.015820483738001375,1025.2535560947676,3.471981112422748e-5
李紫雲,PERSON,1,1.2012012012012012e-4,3.5433331800824606e-4,0,3.167965532535006e-5
李組紳,PERSON,3,3.6036036036036037e-4,0.009745432517471545,61.7832209617977,3.4008978370289756e-5
李美華,PERSON,2,2.4024024024024023e-4,7.056684629986539e-4,0.030303030303030304,3.168367023636018e-5
李羣,PERSON,3,3.6036036036036037e-4,0.0030674689716283458,0.9487453334324024,3.183091418385536e-5
李耀庭,PERSON,1,1.2012012012012012e-4,0.0013881408023677958,0,3.174200101574403e-5
李聘,PERSON,1,1.2012012012012012e-4,0.0027873098307605853,0,3.228722717293039e-5
李良榮,PERSON,3,3.6036036036036037e-4,0.0010679870628493193,0.08823529411764705,3.168567807351077e-5
李芳菲,PERSON,7,8.408408408408409e-4,0.02767865500269452,480.29727571669935,3.3847820200379094e-5
李若廷,PERSON,4,4.8048048048048047e-4,0.0038834893452171313,46.826692364723115,3.232688950669167e-5
李荐廷,PERSON,4,4.8048048048048047e-4,0.014125590676902711,968.4382005420897,3.464523281596452e-5
李華,PERSON,2,2.4024024024024023e-4,0.010036837140034048,11.770881107718926,3.400666530640005e-5
李葆生,PERSON,2,2.4024024024024023e-4,0.006345737002595778,18.57962516909915,3.340236488743403e-5
李薇華,PERSON,20,0.0024024024024024023,0.03502418950755475,10666.487698945206,3.663808895727999e-5
李薔華,PERSON,20,0.0024024024024024023,0.03502418950755476,10666.487698945206,3.663808895727999e-5
李薦廷,PERSON,6,7.207207207207207e-4,0.015339127080413429,2153.9027196702723,3.471981112422748e-5
李藻芳,PERSON,1,1.2012012012012012e-4,0.0027873098307605857,0,3.228722717293039e-5
李衡,PERSON,1,1.2012012012012012e-4,6.225211412554048e-4,0,3.164356686285678e-5
李言苓,PERSON,3,3.6036036036036037e-4,0.006046392795351708,58.27149397711755,3.2285142377477883e-5
李詠森,PERSON,3,3.6036036036036037e-4,0.010629738730158862,21.45554897877954,3.4008978370289756e-5
李誠道,PERSON,9,0.001081081081081081,0.006392699524589511,1.2948917180374984,3.1746031746031745e-5
李讓祺,PERSON,2,2.4024024024024023e-4,5.618724285565977e-4,0.08333333333333333,3.163956210846042e-5
李象,PERSON,6,7.207207207207207e-4,0.016500538055998763,1148.1467730155591,3.382034632034632e-5
李象緒,PERSON,2,2.4024024024024023e-4,0.0018418778694907914,2.8315810897782505,3.185727938834024e-5
李象耕,PERSON,2,2.4024024024024023e-4,0.002435137421146672,2.0304168970839447,3.209654641160611e-5
李貢廷,PERSON,1,1.2012012012012012e-4,0.0027873098307605857,0,3.228722717293039e-5
李賓櫆,PERSON,8,9.609609609609609e-4,0.030410999565957823,1211.1368630802024,3.464043231259526e-5
李軔哉,PERSON,2,2.4024024024024023e-4,0.00551342120236354,1.582834490083944,3.2258064516129034e-5
李較,PERSON,3,3.6036036036036037e-4,0.0030674689716283458,0.9487453334324024,3.183091418385536e-5
李辛園,PERSON,1,1.2012012012012012e-4,0.005957128144685054,0,3.34001336005344e-5
李迪俊,PERSON,3,3.6036036036036037e-4,0.010002217362508326,135.27609714198354,3.316529583443884e-5
李迪雲,PERSON,2,2.4024024024024023e-4,0.005974953827157852,41.88284930427204,3.266692800209068e-5
李道,PERSON,4,4.8048048048048047e-4,0.0025997694157308873,0.15789473684210525,3.1695721077654516e-5
李道南,PERSON,22,0.002642642642642643,0.026531483391400882,1564.1294355691077,3.344929087503345e-5
李達三,PERSON,3,3.6036036036036037e-4,0.006046392795351706,58.27149397711755,3.2285142377477883e-5
李達生,PERSON,3,3.6036036036036037e-4,0.008394630905946951,15.873785038424115,3.3101621979477e-5
李適結,PERSON,3,3.6036036036036037e-4,0.0010616436936611337,0.2841238564773236,3.1709791983764585e-5
李金鴻,PERSON,6,7.207207207207207e-4,0.010519050848564146,239.8710714277096,3.3027280533720854e-5
李銘,PERSON,65,0.0078078078078078076,0.10113781156012827,46377.26612952113,3.8768705900597035e-5
李銘委,PERSON,16,0.0019219219219219219,0.01653698527946049,1462.1305277323002,3.314770617873243e-5
李銘宋,PERSON,4,4.8048048048048047e-4,0.0025997694157308864,0.15789473684210525,3.1695721077654516e-5
李錚,PERSON,8,9.609609609609609e-4,0.015014924173734383,500.6499842766021,3.3337778370449396e-5
李錦章,PERSON,6,7.207207207207207e-4,0.007975032813863322,208.7751025884347,3.295544423938835e-5
李錫釗,PERSON,3,3.6036036036036037e-4,0.0036252618448551575,7.9041666931138055,3.203280158882696e-5
李雨田,PERSON,8,9.609609609609609e-4,0.021782513054374647,532.5523691977385,3.4489894460922946e-5
李雪英,PERSON,14,0.0016816816816816818,0.014078592455149122,540.5955378311188,3.294458720432233e-5
李震,PERSON,6,7.207207207207207e-4,0.005449407849795459,453.9636033347688,3.233107015842224e-5
李靑,PERSON,2,2.4024024024024023e-4,0.002277787011830329,3.501056180548725,3.209654641160611e-5
李靑天,PERSON,5,6.006006006006006e-4,0.008098027441746704,76.71006892147572,3.2920726889649725e-5
李靑郎,PERSON,4,4.8048048048048047e-4,0.008366771104785545,52.9343858105446,3.3103813559322034e-5
李青山,PERSON,6,7.207207207207207e-4,0.0018364069757380434,5.588790481302558,3.165959602355474e-5
李靖,PERSON,2,2.4024024024024023e-4,0.0017468999148220932,4.837797910604474,3.185930929017459e-5
李頌芳,PERSON,9,0.001081081081081081,0.016968564435862546,2598.302862603155,3.4383166001925455e-5
李馥葉,PERSON,2,2.4024024024024023e-4,0.0016863979199607689,0.5396596215666166,3.168969451134491e-5
李馥蓀,PERSON,44,0.005285285285285286,0.08504760767445008,32405.14297850063,3.9194167907815315e-5
李驤騏,PERSON,2,2.4024024024024023e-4,0.004413325997203086,24.289490232376544,3.234152652005175e-5
李鳴龢,PERSON,1,1.2012012012012012e-4,0.002418733847053929,0,3.202049311559398e-5
李鴻元,PERSON,5,6.006006006006006e-4,0.012998718461465207,183.31460662748728,3.415533847940433e-5
李鴻祥,PERSON,1,1.2012012012012012e-4,3.891630781444269e-4,0,3.1695721077654516e-5
李鴻鈞,PERSON,5,6.006006006006006e-4,0.010802367357820211,93.96841260415628,3.346496218459273e-5
李鴻章,PERSON,4,4.8048048048048047e-4,0.011269647772469464,63.78114990571053,3.402286336418073e-5
李麗芳,PERSON,6,7.207207207207207e-4,0.002720608546837896,14.248499191193233,3.175611305176246e-5
李默庵,PERSON,2,2.4024024024024023e-4,5.618724285565977e-4,0.08333333333333333,3.163956210846042e-5
李鼎,PERSON,3,3.6036036036036037e-4,0.013838454148586504,749.4511062899318,3.4686090877558096e-5
李鼎和,PERSON,7,8.408408408408409e-4,0.014668559590485053,876.1411339420099,3.4385530568736674e-5
杏璇,PERSON,1,1.2012012012012012e-4,3.323539038810935e-4,0,3.1671628555140305e-5
杏甫,PERSON,7,8.408408408408409e-4,0.017960409819503347,1207.208225295111,3.45447008428907e-5
杏花股份有限公司,ORG,11,0.0013213213213213214,0.018915793921956983,2442.785655245014,4.294425835265825e-5
杏芳,PERSON,2,2.4024024024024023e-4,0.011519252717289217,166.19785782117216,3.3763252076440005e-5
材蕭,PERSON,9,0.001081081081081081,0.017436937745954815,122.44182752488796,3.404371212637026e-5
杜刀,PERSON,5,6.006006006006006e-4,0.011037139236848834,125.03645811581943,3.277399056109072e-5
杜威,PERSON,2,2.4024024024024023e-4,0.0026909410896577253,5.046483801701634,3.189182293659906e-5
杜建,PERSON,10,0.0012012012012012011,0.023052220328804256,753.0651082247564,3.392590582168544e-5
杜成,PERSON,5,6.006006006006006e-4,0.00260891360013031,6.733121545357587,3.182483610209407e-5
杜月,PERSON,47,0.005645645645645646,0.06929764689722007,35561.187455028055,3.8639876352395674e-5
杜月笙,PERSON,503,0.06042042042042042,0.521614542848818,1644103.4961675836,5.211590577444236e-5
杜殿英,PERSON,3,3.6036036036036037e-4,0.0030674689716283453,0.9487453334324024,3.183091418385536e-5
杜潤,PERSON,3,3.6036036036036037e-4,0.008394630905946951,15.873785038424115,3.3101621979477e-5
杜烈,PERSON,1,1.2012012012012012e-4,5.179202581807353e-4,0,3.163555836760519e-5
杜爾,PERSON,6,7.207207207207207e-4,0.010892416593343526,366.7125957675009,3.355704697986577e-5
杜王,PERSON,3,3.6036036036036037e-4,0.003145947683775039,8.92648584527881,3.1912177687005363e-5
杜王當,PERSON,3,3.6036036036036037e-4,0.0031459476837750397,8.92648584527881,3.1912177687005363e-5
杜秀升,PERSON,3,3.6036036036036037e-4,0.012049056922188873,12.27847436442589,3.4008978370289756e-5
杜維,PERSON,23,0.002762762762762763,0.013476712355388503,3041.403736061002,3.2556322437817424e-5
杜繩武,PERSON,1,1.2012012012012012e-4,0.0010396489255900597,0,3.173394262503174e-5
杜羅門,PERSON,7,8.408408408408409e-4,0.014902604122646983,490.4097682436593,3.3182904167772766e-5
杜美,PERSON,57,0.006846846846846847,0.12367899928185405,65461.72832325317,4.214430209035738e-5
杜考,PERSON,3,3.6036036036036037e-4,0.011635889676002258,437.26031781721406,3.4258307639602604e-5
杜聿明,PERSON,1,1.2012012012012012e-4,0.008664365789620137,0,3.400435255712731e-5
杜荀,PERSON,1,1.2012012012012012e-4,0.0027873098307605844,0,3.228722717293039e-5
杜蕭,PERSON,1,1.2012012012012012e-4,4.292786478744359e-4,0,3.165759149043941e-5
杜鎕,PERSON,1,1.2012012012012012e-4,0.0012674058119779817,0,3.181876034109711e-5
杜鎮領,PERSON,1,1.2012012012012012e-4,3.668602582378981e-4,0,3.162755392497944e-5
杜鏞,PERSON,14,0.0016816816816816818,0.023627237404539026,3436.7959305387412,3.478018920422927e-5
杜鏞爲,PERSON,8,9.609609609609609e-4,0.019595617826337394,565.9296272282239,3.385698808234019e-5
束云章,PERSON,5,6.006006006006006e-4,0.009761955691242195,368.5637498828956,3.2866627226713995e-5
束士方,PERSON,3,3.6036036036036037e-4,0.0036252618448551596,7.9041666931138055,3.203280158882696e-5
束士芳,PERSON,3,3.6036036036036037e-4,0.0036252618448551575,7.9041666931138055,3.203280158882696e-5
束雲章,PERSON,2,2.4024024024024023e-4,0.00136306395753785,0.1507737100988368,3.1633556877135266e-5
杭州中國銀行,ORG,32,0.0038438438438438438,0.028440536537909688,6511.170458815163,4.302185510239202e-5
杭州太和藥房,ORG,2,2.4024024024024023e-4,0.017503259750903406,40.7064533722221,4.2911088225197394e-5
杭石,PERSON,7,8.408408408408409e-4,0.006634577952433315,381.72002560457827,3.241491085899514e-5
杭穉,PERSON,3,3.6036036036036037e-4,0.010629738730158864,21.45554897877954,3.4008978370289756e-5
杭立,PERSON,5,6.006006006006006e-4,0.015831338587423832,508.1961196048012,3.4267699266671235e-5
杰姚,PERSON,4,4.8048048048048047e-4,0.008366771104785545,52.9343858105446,3.3103813559322034e-5
杰莉,PERSON,2,2.4024024024024023e-4,0.0022777870118303296,3.501056180548725,3.209654641160611e-5
杰麗,PERSON,4,4.8048048048048047e-4,0.008366771104785543,52.9343858105446,3.3103813559322034e-5
東云章,PERSON,11,0.0013213213213213214,0.01439419626244903,72.08630625498091,3.237503237503238e-5
東北同鄉會,ORG,2,2.4024024024024023e-4,0.018916466653589207,21.6791117203794,4.2911088225197394e-5
東北情形,ORG,11,0.0013213213213213214,0.019530837276192363,3258.977846668551,4.294425835265825e-5
東北救濟會,ORG,101,0.012132132132132132,0.07720474211658422,206631.88662165968,4.3282548476454294e-5
東北旅滬同鄕,ORG,11,0.0013213213213213214,0.02078458991482083,3623.234558491721,4.294425835265825e-5
東北難民救濟協會,ORG,14,0.0016816816816816818,0.03679436934074947,9048.328149795943,4.29553264604811e-5
東南汽車公司,ORG,4,4.8048048048048047e-4,0.017530167164427367,470.20563358320015,4.291845493562232e-5
東南浙江兩公司,ORG,2,2.4024024024024023e-4,0.016425018116848388,4161.500000000002,4.2911088225197394e-5
東南航業公司,ORG,27,0.003243243243243243,0.031183788007817445,15752.086242664203,4.30070531567177e-5
東南醫學院復興院舍籌募委,ORG,25,0.003003003003003003,0.04999089345218751,14088.004961257971,4.299965600275198e-5
東吳大學同學會,ORG,13,0.0015615615615615615,0.025422537962708193,4141.7870095204,4.29553264604811e-5
東山,PERSON,13,0.0015615615615615615,0.03138581538567989,3515.7027468575143,3.3948940793047254e-5
東方經濟研究所,ORG,3,3.6036036036036037e-4,0.02498580936412556,8327.191834992876,4.291477126426916e-5
東明,PERSON,1,1.2012012012012012e-4,3.034016928396809e-4,0,3.168567807351077e-5
東漢,PERSON,6,7.207207207207207e-4,0.014411723880959883,250.80825175331708,3.381348481774532e-5
東發,PERSON,5,6.006006006006006e-4,0.014285631681109313,733.7212934383974,3.441393075917131e-5
東臨時會,ORG,7,8.408408408408409e-4,0.018504062644172918,2595.027681327622,4.292950974499871e-5
東許,PERSON,6,7.207207207207207e-4,0.010811012398490544,310.5468774896433,3.368818218568926e-5
東謂,PERSON,1,1.2012012012012012e-4,0.002600149751992033,0,3.2028697713150986e-5
東陳,PERSON,7,8.408408408408409e-4,0.005901204383500433,36.199420026929104,3.217917363882096e-5
松喬,PERSON,9,0.001081081081081081,0.02157366065430667,967.9523097490462,3.473669584549118e-5
松坡,PERSON,28,0.0033633633633633636,0.035497101826170926,9654.656011726254,3.4882098507046184e-5
松筠,PERSON,4,4.8048048048048047e-4,0.0062563130345202,45.00737338519304,3.215434083601286e-5
松舟,PERSON,17,0.002042042042042042,0.036493759539122296,5021.221849865095,3.6621987841500034e-5
松茂,PERSON,5,6.006006006006006e-4,0.008896309424278166,648.6603531364918,3.358183894150044e-5
林中民,PERSON,9,0.001081081081081081,0.012836972103298478,678.8636578707531,3.3375609104866166e-5
林尹,PERSON,2,2.4024024024024023e-4,0.00959299549927185,16.10224503881566,3.400666530640005e-5
林兩,PERSON,4,4.8048048048048047e-4,0.010414963878348055,244.49920581835897,3.34941050375134e-5
林劉琴,PERSON,6,7.207207207207207e-4,0.006009345206287231,373.98718026010954,3.238132245320899e-5
林可璣,PERSON,2,2.4024024024024023e-4,8.700739452890438e-4,0.3849408814655566,3.169170311212524e-5
林命純,PERSON,2,2.4024024024024023e-4,0.0030664975909275097,21.62480588072452,3.228931223764934e-5
林天驥,PERSON,4,4.8048048048048047e-4,0.010414963878348057,244.49920581835897,3.34941050375134e-5
林孔祥,PERSON,9,0.001081081081081081,0.01743693774595482,122.44182752488796,3.404371212637026e-5
林宗靖,PERSON,2,2.4024024024024023e-4,0.0024351374211466713,2.0304168970839447,3.209654641160611e-5
林少,PERSON,2,2.4024024024024023e-4,6.775332869662113e-4,0.05,3.165558721114277e-5
林崇墉,PERSON,2,2.4024024024024023e-4,0.002690941089657725,5.046483801701634,3.189182293659906e-5
林布祺,PERSON,3,3.6036036036036037e-4,0.00787088721726898,88.00567442978584,3.3101621979477e-5
林庶應,PERSON,9,0.001081081081081081,0.012836972103298478,678.8636578707531,3.3375609104866166e-5
林康侯,PERSON,48,0.005765765765765766,0.08070384086615878,50303.36750476464,4.0558079169370536e-5
林彬,PERSON,1,1.2012012012012012e-4,9.363627831873444e-4,0,3.177831447820008e-5
林德,PERSON,1,1.2012012012012012e-4,0.008664365789620137,0,3.400435255712731e-5
林志襄,PERSON,2,2.4024024024024023e-4,7.255159986256996e-4,0.034482758620689655,3.167564143173899e-5
林志賢,PERSON,1,1.2012012012012012e-4,0.005957128144685056,0,3.34001336005344e-5
林忠欽,PERSON,3,3.6036036036036037e-4,0.003204915009376847,2.4817835973184477,3.197748784855462e-5
林戎煒,PERSON,7,8.408408408408409e-4,0.023688494174609342,929.0681891487944,3.4020548411240386e-5
林掦,PERSON,3,3.6036036036036037e-4,0.0048251024339992015,62.27350316966019,3.212954633080581e-5
林文,PERSON,9,0.001081081081081081,0.024811655038429352,2962.0342615513828,3.5529027215234845e-5
林春榮,PERSON,2,2.4024024024024023e-4,0.0057611461790906095,16.827041338636686,3.28709486555782e-5
林朝曦,PERSON,1,1.2012012012012012e-4,7.469667574081049e-4,0,3.1713814537612584e-5
林柯,PERSON,4,4.8048048048048047e-4,0.0016319870171358417,3.004631250901446,3.170577045022194e-5
林根,PERSON,5,6.006006006006006e-4,0.007154840492146816,58.10820386381375,3.288608260983952e-5
林梁,PERSON,1,1.2012012012012012e-4,0.007287514023917677,0,3.309723969020984e-5
林榛,PERSON,2,2.4024024024024023e-4,5.679995347648314e-4,0.05,3.165558721114277e-5
林樂耕,PERSON,9,0.001081081081081081,0.017589237441086453,2105.1329881689703,3.3679105482958374e-5
林樹森,PERSON,4,4.8048048048048047e-4,0.016315645944884185,1410.256765858487,3.468368479467259e-5
林永華,PERSON,9,0.001081081081081081,0.006392699524589509,1.2948917180374984,3.1746031746031745e-5
林江,PERSON,2,2.4024024024024023e-4,0.011519252717289213,166.19785782117216,3.3763252076440005e-5
林漢達,PERSON,3,3.6036036036036037e-4,0.0032049150093768457,2.4817835973184477,3.197748784855462e-5
林漪秋,PERSON,1,1.2012012012012012e-4,0.005957128144685051,0,3.34001336005344e-5
林炳炎,PERSON,3,3.6036036036036037e-4,0.0048652259371689335,9.346624363754536,3.216261417728033e-5
林熊徵,PERSON,4,4.8048048048048047e-4,0.0076124122647597894,304.11622521609866,3.272679670113889e-5
林爲,PERSON,5,6.006006006006006e-4,0.010106088921800637,118.14803519999626,3.3025099075297225e-5
林爲白,PERSON,1,1.2012012012012012e-4,0.001023877397241395,0,3.176620076238882e-5
林獻,PERSON,4,4.8048048048048047e-4,0.01687080666502421,910.9591606364799,3.4746351633078526e-5
林登,PERSON,11,0.0013213213213213214,0.033095047485478576,4795.329265013895,3.6360991927859794e-5
林白萍,PERSON,1,1.2012012012012012e-4,3.49323006674423e-4,0,3.166360585143436e-5
林秀英,PERSON,7,8.408408408408409e-4,0.022457630442570736,2277.178154562376,3.5390713476783694e-5
林維紓,PERSON,1,1.2012012012012012e-4,3.572911334009595e-4,0,3.170577045022194e-5
林維聰,PERSON,6,7.207207207207207e-4,0.0037071603829853922,2.7082164108705853,3.172387538861747e-5
林翊球,PERSON,1,1.2012012012012012e-4,0.0027873098307605857,0,3.228722717293039e-5
林耀輝,PERSON,1,1.2012012012012012e-4,3.4932300667442335e-4,0,3.166360585143436e-5
林肯,PERSON,22,0.002642642642642643,0.047167567897437854,21548.728427817667,3.82262996941896e-5
林芙,PERSON,3,3.6036036036036037e-4,0.0016032386528296418,1.0942282987102634,3.1762164909160206e-5
林蔚,PERSON,7,8.408408408408409e-4,0.008408343518234593,875.3879000052993,3.254149040026033e-5
林彪,PERSON,37,0.0044444444444444444,0.06037738148727253,44063.20749436273,3.966050606805743e-5
林語堂,PERSON,22,0.002642642642642643,0.03267479980484417,4960.451268926053,3.4497033255140055e-5
林賽,PERSON,1,1.2012012012012012e-4,2.7726789169643244e-4,0,3.163555836760519e-5
林金,PERSON,5,6.006006006006006e-4,0.00523318752528375,223.05625409020251,3.241070849808777e-5
林金蘭,PERSON,5,6.006006006006006e-4,0.00523318752528375,223.05625409020251,3.241070849808777e-5
林錫惠,PERSON,1,1.2012012012012012e-4,0.005957128144685052,0,3.34001336005344e-5
林錫鈞,PERSON,18,0.002162162162162162,0.059985202905419616,6773.149630945264,3.759681179036018e-5
林阿凉,PERSON,9,0.001081081081081081,0.006733484183076861,124.6666445566135,3.198157861072023e-5
林雅明,PERSON,1,1.2012012012012012e-4,3.5729113340095926e-4,0,3.170577045022194e-5
林雅芳,PERSON,2,2.4024024024024023e-4,6.269218673298666e-4,0.047619047619047616,3.165759149043941e-5
林題興,PERSON,1,1.2012012012012012e-4,0.005957128144685052,0,3.34001336005344e-5
柏二,PERSON,3,3.6036036036036037e-4,0.007164031891446343,214.16093135313199,3.27890353465801e-5
柏佩秋,PERSON,2,2.4024024024024023e-4,7.750665576789085e-4,0.7352342292962631,3.171180313312615e-5
柏園,PERSON,3,3.6036036036036037e-4,0.00276741319283529,1.8662938674195404,3.1750063500127e-5
柏年,PERSON,5,6.006006006006006e-4,0.003238668410928428,36.18432504704629,3.1930519190242035e-5
柏林大學,ORG,10,0.0012012012012012011,0.02719145378250849,3896.7689872230367,4.294057025077293e-5
柏盛忠,PERSON,7,8.408408408408409e-4,0.023688494174609352,929.0681891487944,3.4020548411240386e-5
查人,PERSON,5,6.006006006006006e-4,0.01115009647435363,2911.0390963131963,3.421376762009033e-5
查日商住友銀行上海支店,ORG,9,0.001081081081081081,0.02171586617542012,2107.7698630676296,4.2936882782310004e-5
查良,PERSON,11,0.0013213213213213214,0.01881627756847505,3104.4538684001527,3.442577802258331e-5
查良鑑,PERSON,1,1.2012012012012012e-4,4.559533906307246e-4,0,3.165358318561661e-5
查財政經濟緊急處分令人民,PERSON,5,6.006006006006006e-4,0.008962501522335185,195.26954394134353,3.2801941874959e-5
查貴,PERSON,2,2.4024024024024023e-4,0.00643408393789296,16.62449614338071,3.340236488743403e-5
柬邀,PERSON,1,1.2012012012012012e-4,6.579306877011923e-4,0,3.1750063500127e-5
柯克,PERSON,9,0.001081081081081081,0.010470249050657653,392.81941697263863,3.287959492339054e-5
柯定,PERSON,3,3.6036036036036037e-4,0.010629738730158862,21.45554897877954,3.4008978370289756e-5
柯臘斯,PERSON,3,3.6036036036036037e-4,0.001277991879751238,0.5216514751398471,3.1645569620253167e-5
柯興潤,PERSON,7,8.408408408408409e-4,0.023688494174609345,929.0681891487944,3.4020548411240386e-5
柯蘭克,PERSON,5,6.006006006006006e-4,0.0077857272028950455,53.53623823156518,3.246753246753247e-5
柳亞子,PERSON,27,0.003243243243243243,0.04808589622921719,10894.851117125789,3.615067601764153e-5
柳克純,PERSON,2,2.4024024024024023e-4,0.002435137421146673,2.0304168970839447,3.209654641160611e-5
柳克聰,PERSON,6,7.207207207207207e-4,0.01925642534034094,305.9779746539047,3.438080176029705e-5
柳古,PERSON,5,6.006006006006006e-4,0.017887473274271343,295.0748550028883,3.4378437843784377e-5
柳國,PERSON,1,1.2012012012012012e-4,0.0027873098307605857,0,3.228722717293039e-5
柳影,PERSON,2,2.4024024024024023e-4,6.775332869662113e-4,0.05,3.165558721114277e-5
柳景,PERSON,5,6.006006006006006e-4,0.01171489383569839,1161.1421841368808,3.403907686023555e-5
柳秀瓊,PERSON,3,3.6036036036036037e-4,0.0077575808820907945,84.46012077456552,3.3521051220166265e-5
柳黛,PERSON,4,4.8048048048048047e-4,0.0015365652320974332,2.086846584705914,3.172790151659369e-5
柴子,PERSON,10,0.0012012012012012011,0.028643137980071745,2490.7740062634007,3.5783296357260434e-5
柴鴻,PERSON,2,2.4024024024024023e-4,0.0017468999148220928,4.837797910604474,3.185930929017459e-5
査良,PERSON,6,7.207207207207207e-4,0.0099312066494990775,350.37667393990887,3.272465475489233e-5
査魯,PERSON,6,7.207207207207207e-4,0.010892416593343533,366.7125957675009,3.355704697986577e-5
栖雲禮服亨利洋服公司,ORG,21,0.0025225225225225223,0.02831631717684549,5480.741559624769,4.298117424568039e-5
栗溫,PERSON,8,9.609609609609609e-4,0.021782513054374647,532.5523691977385,3.4489894460922946e-5
校長聯誼會,ORG,15,0.0018018018018018018,0.04569339168015695,13248.834049726654,4.2959017097688804e-5
根女,PERSON,8,9.609609609609609e-4,0.01360764058382847,865.4911893050856,3.3783783783783784e-5
根弟,PERSON,3,3.6036036036036037e-4,0.012355454468624821,410.7043676647166,3.4258307639602604e-5
根法,PERSON,5,6.006006006006006e-4,0.0026089136001303105,6.733121545357587,3.182483610209407e-5
根洪,PERSON,9,0.001081081081081081,0.021573660654306666,967.9523097490462,3.473669584549118e-5
根生,PERSON,1,1.2012012012012012e-4,3.744358652787373e-4,0,3.166561114629513e-5
根閣,PERSON,2,2.4024024024024023e-4,6.587809966341874e-4,0.2847992014371325,3.1645569620253167e-5
格致公學,ORG,15,0.0018018018018018018,0.019352410661006677,5447.36377376765,4.2959017097688804e-5
格里納司,PERSON,18,0.002162162162162162,0.03359087295527621,17451.612303918966,3.603603603603604e-5
桂中,PERSON,20,0.0024024024024024023,0.04136158153443953,4504.823260325183,3.561507229859677e-5
桂尹,PERSON,13,0.0015615615615615615,0.010224943152297028,635.1241292326271,3.2769694586446455e-5
桂叢,PERSON,8,9.609609609609609e-4,0.014001032946953073,698.8105776339785,3.408083975189148e-5
桂崇,PERSON,6,7.207207207207207e-4,0.00917994287983947,129.61451491601088,3.2558442404115385e-5
桂林,PERSON,1,1.2012012012012012e-4,0.008664365789620139,0,3.400435255712731e-5
桂棠,PERSON,7,8.408408408408409e-4,0.015815197841812,648.7752802955406,3.342245989304813e-5
桂永,PERSON,4,4.8048048048048047e-4,0.007340356455385271,125.03804856422717,3.247174957786725e-5
桂珍,PERSON,5,6.006006006006006e-4,0.010654304170531592,128.8504303824068,3.4036759700476515e-5
桂甫,PERSON,2,2.4024024024024023e-4,0.005265715598921223,25.469776933603082,3.241070849808777e-5
桂秋,PERSON,8,9.609609609609609e-4,0.030410999565957834,1211.1368630802024,3.464043231259526e-5
桂芳,PERSON,13,0.0015615615615615615,0.010224943152297026,635.1241292326271,3.2769694586446455e-5
桂英,PERSON,6,7.207207207207207e-4,0.015111088505380586,571.8748691543087,3.388222538456326e-5
桂華山,PERSON,1,1.2012012012012012e-4,4.3076664423586123e-4,0,3.1671628555140305e-5
桂襄,PERSON,10,0.0012012012012012011,0.027036593668040128,1806.3302047557345,3.4969925863757166e-5
桂醜,PERSON,4,4.8048048048048047e-4,0.011269647772469466,63.78114990571053,3.402286336418073e-5
桂陳,PERSON,11,0.0013213213213213214,0.028240455610817998,2121.196729252374,3.493327744008943e-5
桐實,PERSON,7,8.408408408408409e-4,0.01967103459450304,1206.342382844766,3.4770514603616136e-5
桐珊,PERSON,7,8.408408408408409e-4,0.02368849417460933,929.0681891487944,3.4020548411240386e-5
桐芝女毛人,PERSON,5,6.006006006006006e-4,0.00783456140377943,680.6319750860526,3.354128932716174e-5
桑布,PERSON,1,1.2012012012012012e-4,0.008664365789620139,0,3.400435255712731e-5
桑廣樓,ORG,13,0.0015615615615615615,0.0254225379627082,4141.7870095204,4.29553264604811e-5
梁任,PERSON,1,1.2012012012012012e-4,0.00134569014953785,0,3.1855249745158005e-5
梁俊,PERSON,3,3.6036036036036037e-4,0.015275997019294132,420.14624893103274,3.45972875726543e-5
梁吾,PERSON,1,1.2012012012012012e-4,0.00866436578962014,0,3.400435255712731e-5
梁國權,PERSON,7,8.408408408408409e-4,0.01515410001993978,454.7070059528673,3.340236488743403e-5
梁小初,PERSON,3,3.6036036036036037e-4,0.0023666882443887627,18.531226877725658,3.186336986999745e-5
梁山,PERSON,8,9.609609609609609e-4,0.03043146503533501,6850.982129227815,3.751219146222522e-5
梁嵩齡,PERSON,2,2.4024024024024023e-4,0.00876647290324011,79.54108101827777,3.3018556428712935e-5
梁幗英,PERSON,1,1.2012012012012012e-4,7.070203701573331e-4,0,3.1758130081300816e-5
梁平陳,PERSON,3,3.6036036036036037e-4,0.004342534908991105,7.701185609336113,3.201024327784891e-5
梁建民,PERSON,4,4.8048048048048047e-4,0.016734315957207233,2285.415313394421,3.5960874568469505e-5
梁影,PERSON,5,6.006006006006006e-4,0.007685892930559609,45.732157310507276,3.2836409010310635e-5
梁敦厚,PERSON,1,1.2012012012012012e-4,0.008664365789620142,0,3.400435255712731e-5
梁斌,PERSON,3,3.6036036036036037e-4,0.008394630905946953,15.873785038424115,3.3101621979477e-5
梁新記,PERSON,4,4.8048048048048047e-4,0.011060730322090033,603.7355239679507,3.4059945504087195e-5
梁榮,PERSON,2,2.4024024024024023e-4,0.0024351374211466718,2.0304168970839447,3.209654641160611e-5
梁次珊,PERSON,4,4.8048048048048047e-4,0.008188050335937808,87.41071771461829,3.2994588887422464e-5
梁永章,PERSON,7,8.408408408408409e-4,0.017639247189393175,1988.7720409918481,3.397893306150187e-5
梁治平,PERSON,2,2.4024024024024023e-4,0.0024351374211466718,2.0304168970839447,3.209654641160611e-5
梁溪,PERSON,10,0.0012012012012012011,0.01932259851179147,1910.3236140846384,3.462603878116344e-5
梁漢民,PERSON,13,0.0015615615615615615,0.02881463064432702,2721.7750339457975,3.593761230503845e-5
梁漱,PERSON,4,4.8048048048048047e-4,0.0015365652320974321,2.086846584705914,3.172790151659369e-5
梁漱凕,PERSON,7,8.408408408408409e-4,0.005151357536331921,79.95900768741475,3.210685160213189e-5
梁玉珍,PERSON,5,6.006006006006006e-4,0.0076858929305596065,45.732157310507276,3.2836409010310635e-5
梁瑛,PERSON,9,0.001081081081081081,0.006392699524589511,1.2948917180374984,3.1746031746031745e-5
梁瑛潘,PERSON,8,9.609609609609609e-4,0.01222329048053614,33.418706651519976,3.2851511169513796e-5
梁錦堂,PERSON,10,0.0012012012012012011,0.008942805295671223,1993.3505355716788,3.284503711489194e-5
梁鴻楷,PERSON,4,4.8048048048048047e-4,0.0022861623092195003,10.216291185068014,3.176821907363873e-5
梄雲禮服亭利洋服公司,ORG,27,0.003243243243243243,0.03168672984758268,8333.298752941493,4.30070531567177e-5
梅仙,PERSON,1,1.2012012012012012e-4,3.891630781444266e-4,0,3.1695721077654516e-5
梅修,PERSON,4,4.8048048048048047e-4,0.01397982245262397,1176.3750743909916,3.437607425232039e-5
梅友,PERSON,1,1.2012012012012012e-4,0.008664365789620139,0,3.400435255712731e-5
梅子,PERSON,9,0.001081081081081081,0.020840457562963436,1410.618038237952,3.529827038475115e-5
梅林,PERSON,21,0.0025225225225225223,0.04529515170445437,10581.001778294818,3.7042524818491625e-5
梅校,PERSON,3,3.6036036036036037e-4,0.0015228280282436949,4.435509025389954,3.1713814537612584e-5
梅溪,PERSON,27,0.003243243243243243,0.04683029902202207,21377.822722192046,3.846153846153846e-5
梅生,PERSON,9,0.001081081081081081,0.012058727667521293,163.1970346503108,3.293373732051113e-5
梅耶,PERSON,10,0.0012012012012012011,0.021473819546404684,1261.668089626234,3.391440005426304e-5
梅莘,PERSON,5,6.006006006006006e-4,0.007154840492146819,58.10820386381375,3.288608260983952e-5
梅蘭,PERSON,13,0.0015615615615615615,0.0336753718265994,6407.873656755178,3.68052999631947e-5
梅蘭芳,PERSON,34,0.004084084084084084,0.0810184625064277,42653.51029230478,3.9450844248066906e-5
梅達,PERSON,3,3.6036036036036037e-4,0.003204915009376847,2.4817835973184477,3.197748784855462e-5
梅遜,PERSON,2,2.4024024024024023e-4,0.0012619548253933583,2.1683427447535637,3.174401625293632e-5
梅龍,PERSON,5,6.006006006006006e-4,0.006982138662479927,249.96696990467015,3.267119707266074e-5
棄潤卿,PERSON,1,1.2012012012012012e-4,6.169032346224964e-4,0,3.165759149043941e-5
棟九,PERSON,13,0.0015615615615615615,0.026249269155584915,3999.7207275064684,3.542581833640357e-5
棟為,PERSON,5,6.006006006006006e-4,0.009648216995931512,344.5150585139114,3.322921512593873e-5
棟爲,PERSON,3,3.6036036036036037e-4,0.003369156013462324,7.39018334825761,3.191421459117891e-5
棠謝,PERSON,2,2.4024024024024023e-4,0.0015459143952658934,0.2997876643819991,3.171180313312615e-5
棠長,PERSON,1,1.2012012012012012e-4,8.415068085950115e-4,0,3.176821907363873e-5
棣華,PERSON,11,0.0013213213213213214,0.03138252209010793,4817.907655684147,3.625815808556925e-5
森林,PERSON,13,0.0015615615615615615,0.03810021805556921,6581.194342507611,3.5916959988506575e-5
森次,PERSON,2,2.4024024024024023e-4,0.005761146179090612,16.827041338636686,3.28709486555782e-5
植民,PERSON,3,3.6036036036036037e-4,0.010629738730158864,21.45554897877954,3.4008978370289756e-5
椒伯,PERSON,2,2.4024024024024023e-4,0.004658251992983909,2.8611597954819303,3.222687721559781e-5
椒伯嚴,PERSON,4,4.8048048048048047e-4,0.012670906611790059,285.68269213796316,3.37997701615629e-5
椒升,PERSON,4,4.8048048048048047e-4,0.01687080666502421,910.9591606364799,3.4746351633078526e-5
楊亞孚,PERSON,6,7.207207207207207e-4,0.012632979728475416,663.6410378135404,3.33022512321833e-5
楊仲,PERSON,5,6.006006006006006e-4,0.006336648309152618,78.80545529604122,3.244014792707455e-5
楊伯,PERSON,2,2.4024024024024023e-4,0.006345737002595777,18.57962516909915,3.340236488743403e-5
楊兆,PERSON,4,4.8048048048048047e-4,0.01386986213491769,64.58532128018153,3.332666799973339e-5
楊光,PERSON,8,9.609609609609609e-4,0.02355669164607196,2214.0476289165617,3.4537542308489326e-5
楊克勤,PERSON,7,8.408408408408409e-4,0.023688494174609345,929.0681891487944,3.4020548411240386e-5
楊凌,PERSON,3,3.6036036036036037e-4,0.012049056922188873,12.27847436442589,3.4008978370289756e-5
楊凛,PERSON,4,4.8048048048048047e-4,0.0025997694157308877,0.15789473684210525,3.1695721077654516e-5
楊喬,PERSON,6,7.207207207207207e-4,0.0037071603829853922,2.7082164108705853,3.172387538861747e-5
楊嘯,PERSON,3,3.6036036036036037e-4,0.0021437040936142073,26.837165450194625,3.173394262503174e-5
楊嘯天,PERSON,11,0.0013213213213213214,0.015010451526238295,1022.4755070795792,3.2896901111915254e-5
楊嘯夫,PERSON,7,8.408408408408409e-4,0.023688494174609345,929.0681891487944,3.4020548411240386e-5
楊壽,PERSON,3,3.6036036036036037e-4,0.00472745520657673,96.23275575979261,3.226014581585909e-5
楊天人,PERSON,7,8.408408408408409e-4,0.023688494174609342,929.0681891487944,3.4020548411240386e-5
楊娟,PERSON,7,8.408408408408409e-4,0.011359972633530254,790.6473321794142,3.407619437061269e-5
楊守成二,PERSON,3,3.6036036036036037e-4,0.011624632504712119,449.0017248223924,3.4258307639602604e-5
楊安國,PERSON,2,2.4024024024024023e-4,0.001545914395265894,0.2997876643819991,3.171180313312615e-5
楊寳森,PERSON,9,0.001081081081081081,0.03529289652905152,6921.368774325951,3.635834787667248e-5
楊延,PERSON,3,3.6036036036036037e-4,0.010629738730158864,21.45554897877954,3.4008978370289756e-5
楊復,PERSON,4,4.8048048048048047e-4,0.004593297329993954,44.99434718100529,3.217917363882096e-5
楊德,PERSON,1,1.2012012012012012e-4,3.0340169283968104e-4,0,3.168567807351077e-5
楊德昭,PERSON,1,1.2012012012012012e-4,7.719969193668905e-4,0,3.165358318561661e-5
楊志卿,PERSON,2,2.4024024024024023e-4,5.679995347648311e-4,0.05,3.165558721114277e-5
楊志雄,PERSON,14,0.0016816816816816818,0.03886109223616704,3728.684878796297,3.618992472495657e-5
楊慧,PERSON,3,3.6036036036036037e-4,0.005679307475017705,50.8155508556313,3.242962770787391e-5
楊慶山,PERSON,3,3.6036036036036037e-4,0.012049056922188868,12.27847436442589,3.4008978370289756e-5
楊懷,PERSON,11,0.0013213213213213214,0.008668940896065666,65.8169152778398,3.192236480878503e-5
楊撫生,PERSON,7,8.408408408408409e-4,0.018640920617563415,521.7971177393985,3.43878954607978e-5
楊文,PERSON,3,3.6036036036036037e-4,0.009994009301824845,502.6045237675648,3.40901343151292e-5
楊文濤,PERSON,2,2.4024024024024023e-4,0.010036837140034047,11.770881107718926,3.400666530640005e-5
楊文韶,PERSON,2,2.4024024024024023e-4,6.775332869662116e-4,0.05,3.165558721114277e-5
楊斌,PERSON,10,0.0012012012012012011,0.013774934894400704,418.10422831600704,3.292939936775553e-5
楊於,PERSON,8,9.609609609609609e-4,0.01637608607930416,1672.6169173101123,3.476809679438147e-5
楊明,PERSON,8,9.609609609609609e-4,0.014433699448187363,2043.7733624375721,3.434537711224069e-5
楊明暉,PERSON,1,1.2012012012012012e-4,0.0011051718022714512,0,3.170577045022194e-5
楊柳,PERSON,12,0.0014414414414414415,0.01107483191840317,1313.9998003727603,3.2801941874959e-5
楊樹康,PERSON,2,2.4024024024024023e-4,0.0015516444138645768,1.0225312952299905,3.1709791983764585e-5
楊步,PERSON,5,6.006006006006006e-4,0.002921772383688447,7.1880847152668315,3.175611305176246e-5
楊毓,PERSON,7,8.408408408408409e-4,0.017647932332197632,2000.7685765381236,3.548364204101909e-5
楊汝,PERSON,8,9.609609609609609e-4,0.018722729646178975,819.0913050450076,3.3679105482958374e-5
楊淸,PERSON,9,0.001081081081081081,0.012836972103298474,678.8636578707531,3.3375609104866166e-5
楊淸河,PERSON,7,8.408408408408409e-4,0.023688494174609363,929.0681891487944,3.4020548411240386e-5
楊漢,PERSON,4,4.8048048048048047e-4,0.004700450151931147,37.63387724947352,3.225390272222939e-5
楊潤,PERSON,5,6.006006006006006e-4,0.006775852160037823,45.03960850031755,3.2404406999351915e-5
楊猶,PERSON,2,2.4024024024024023e-4,0.00465825199298391,2.8611597954819303,3.222687721559781e-5
楊璧如,PERSON,6,7.207207207207207e-4,0.0022984585655197575,1.6813576810374764,3.1729914963827895e-5
楊璿,PERSON,8,9.609609609609609e-4,0.0063058181725525325,4.87739165774387,3.1758130081300816e-5
楊畹,PERSON,9,0.001081081081081081,0.01746365528168661,787.2142285059772,3.3889114816320995e-5
楊盛,PERSON,7,8.408408408408409e-4,0.015154100019939784,454.7070059528673,3.340236488743403e-5
楊碩,PERSON,2,2.4024024024024023e-4,0.003066497590927511,21.62480588072452,3.228931223764934e-5
楊立人,PERSON,5,6.006006006006006e-4,0.011833941874868446,817.1297318034344,3.320273590543861e-5
楊笑,PERSON,8,9.609609609609609e-4,0.012223290480536136,33.418706651519976,3.2851511169513796e-5
楊笑峰,PERSON,20,0.0024024024024024023,0.029069195553245813,2850.466731313129,3.482136639041716e-5
楊管,PERSON,21,0.0025225225225225223,0.05522600495590096,7793.96690918056,3.650167907723755e-5
楊紹,PERSON,4,4.8048048048048047e-4,0.013072934319430277,463.4901399701762,3.411339291805963e-5
楊經,PERSON,2,2.4024024024024023e-4,0.0018418778694907914,2.8315810897782505,3.185727938834024e-5
楊綿,PERSON,3,3.6036036036036037e-4,0.00472745520657673,96.23275575979261,3.226014581585909e-5
楊翊,PERSON,1,1.2012012012012012e-4,3.54333318008246e-4,0,3.167965532535006e-5
楊舉,PERSON,12,0.0014414414414414415,0.03053990572362892,3205.12283340869,3.473910928923782e-5
楊菊,PERSON,6,7.207207207207207e-4,0.02287490049959872,354.44088573884153,3.3763252076440005e-5
楊華生,PERSON,7,8.408408408408409e-4,0.004738183609250556,73.1496233072154,3.2012292720404635e-5
楊蔭,PERSON,4,4.8048048048048047e-4,0.011730106554420508,931.0886953734878,3.434065934065934e-5
楊蔭溥,PERSON,7,8.408408408408409e-4,0.015815197841812,648.7752802955406,3.342245989304813e-5
楊虎,PERSON,57,0.006846846846846847,0.10662755128316544,68325.5265399788,4.027061855670103e-5
楊虎趙,PERSON,4,4.8048048048048047e-4,0.002599769415730887,0.15789473684210525,3.1695721077654516e-5
楊衛,PERSON,3,3.6036036036036037e-4,0.005679307475017703,50.8155508556313,3.242962770787391e-5
楊錫,PERSON,2,2.4024024024024023e-4,7.255159986256987e-4,0.034482758620689655,3.167564143173899e-5
楊錫志,PERSON,4,4.8048048048048047e-4,0.011632450896750303,291.13651510072094,3.3178500331785e-5
楊鏡澄,PERSON,2,2.4024024024024023e-4,6.775332869662118e-4,0.05,3.165558721114277e-5
楊順,PERSON,1,1.2012012012012012e-4,0.005957128144685054,0,3.34001336005344e-5
楊頣珠,PERSON,5,6.006006006006006e-4,0.007040452362103542,125.09531262320075,3.288175720110483e-5
楊顯,PERSON,15,0.0018018018018018018,0.03475796720017742,6346.238132709485,3.512222534419781e-5
楨吳,PERSON,20,0.0024024024024024023,0.028789806327279694,3301.347971160143,3.4770514603616136e-5
楨杜月,PERSON,2,2.4024024024024023e-4,0.0015459143952658936,0.2997876643819991,3.171180313312615e-5
楨潘,PERSON,17,0.002042042042042042,0.029660228226490983,3125.2668020282576,3.524850193866761e-5
楨致,PERSON,1,1.2012012012012012e-4,0.001541476581664625,0,3.1820785336982115e-5
楨賀,PERSON,13,0.0015615615615615615,0.018590698193672855,885.6253964253654,3.364511136531862e-5
楨韓,PERSON,2,2.4024024024024023e-4,7.991825280313964e-4,0.047619047619047616,3.165959602355474e-5
業劉,PERSON,6,7.207207207207207e-4,0.005418347936242185,0.49999999999999994,3.168367023636018e-5
業徐,PERSON,7,8.408408408408409e-4,0.0058669040708675835,125.1575663390122,3.172790151659369e-5
業戴,PERSON,6,7.207207207207207e-4,0.005418347936242185,0.49999999999999994,3.168367023636018e-5
業束,PERSON,6,7.207207207207207e-4,0.005418347936242184,0.49999999999999994,3.168367023636018e-5
業梁,PERSON,6,7.207207207207207e-4,0.005418347936242186,0.49999999999999994,3.168367023636018e-5
業楊,PERSON,6,7.207207207207207e-4,0.005418347936242184,0.49999999999999994,3.168367023636018e-5
榮劉,PERSON,1,1.2012012012012012e-4,0.00728751402391768,0,3.309723969020984e-5
榮宏亮,PERSON,4,4.8048048048048047e-4,0.010555981330179336,318.08474722567826,3.371544167228591e-5
榮徐,PERSON,4,4.8048048048048047e-4,0.0034218520798971865,4.4938255338808855,3.183496752833312e-5
榮德生,PERSON,12,0.0014414414414414415,0.012092880347001629,158.87085189585653,3.237503237503238e-5
榮昌,PERSON,9,0.001081081081081081,0.020418795298234014,1436.771060223208,3.477535123104743e-5
榮昌祥,PERSON,13,0.0015615615615615615,0.025913260848564216,5732.505267079739,3.625815808556925e-5
榮春爲,PERSON,11,0.0013213213213213214,0.028240455610818005,2121.196729252374,3.493327744008943e-5
榮梅,PERSON,16,0.0019219219219219219,0.030117224791114967,4553.6811209679,3.567097096382964e-5
榮梅莘,PERSON,1,1.2012012012012012e-4,2.744339143181686e-4,0,3.162755392497944e-5
榮楊,PERSON,7,8.408408408408409e-4,0.02102930838882354,997.1563241841075,3.433830094086945e-5
榮爾仁,PERSON,15,0.0018018018018018018,0.024813061488744056,8222.438781937122,3.522367030644593e-5
榮琛,PERSON,9,0.001081081081081081,0.017463655281686613,787.2142285059772,3.3889114816320995e-5
榮碩士,PERSON,3,3.6036036036036037e-4,0.015555386245260264,422.21281141076645,3.465243606625546e-5
榮程,PERSON,3,3.6036036036036037e-4,0.015275997019294139,420.14624893103274,3.45972875726543e-5
榮華劇團,ORG,58,0.006966966966966967,0.033720325629796016,37177.98825789037,4.3118316660917556e-5
榮華火柴梗片廠,ORG,9,0.001081081081081081,0.017902165466496048,6354.327025987945,4.2936882782310004e-5
榮謝,PERSON,1,1.2012012012012012e-4,4.245060025948116e-4,0,3.164356686285678e-5
榮辛祗,PERSON,3,3.6036036036036037e-4,0.004556664630359591,82.82966821872313,3.240650722665111e-5
榮金,PERSON,7,8.408408408408409e-4,0.021029308388823525,997.1563241841075,3.433830094086945e-5
榮章,PERSON,8,9.609609609609609e-4,0.02932724525199661,1134.9556744109432,3.4865072170699395e-5
榮魯軍事委員會上海軍事特派員公署,ORG,11,0.0013213213213213214,0.04395887081797595,1225.5934429083431,4.294425835265825e-5
榮鴻,PERSON,37,0.0044444444444444444,0.0664431796206235,13330.122044145011,3.705075954057058e-5
槎劉,PERSON,5,6.006006006006006e-4,0.003052354235044303,8.251485943736157,3.1861339450710506e-5
樂古,PERSON,3,3.6036036036036037e-4,0.008810252665626657,483.66995786364265,3.323142363418849e-5
樂平,PERSON,4,4.8048048048048047e-4,0.0010826300745486943,1.2000000000000002,3.1629554655870446e-5
樂百思俱樂部,ORG,24,0.002882882882882883,0.036885170128024065,5370.04276313143,4.2995958379912286e-5
樂祥,PERSON,7,8.408408408408409e-4,0.005901204383500432,36.199420026929104,3.217917363882096e-5
樂華烟公司,ORG,6,7.207207207207207e-4,0.021648808322698443,858.7777060932606,4.292582417582418e-5
樂蘭,PERSON,7,8.408408408408409e-4,0.023688494174609352,929.0681891487944,3.4020548411240386e-5
樂酒樓大禮廳,ORG,9,0.001081081081081081,0.029108546272477033,1831.0410369938304,4.294794708812919e-5
樂開照相館,ORG,3,3.6036036036036037e-4,0.01776278668632641,296.78295168422426,4.291477126426916e-5
樊人,PERSON,4,4.8048048048048047e-4,0.0019527364172417297,2.1207399802025724,3.1762164909160206e-5
樊光,PERSON,1,1.2012012012012012e-4,2.9877324302640836e-4,0,3.163155563990637e-5
樊克令,PERSON,1,1.2012012012012012e-4,5.167234597276002e-4,0,3.163756011136421e-5
樊少,PERSON,16,0.0019219219219219219,0.026652753707125852,2666.1800516970993,3.400204012240735e-5
樊崧,PERSON,1,1.2012012012012012e-4,2.9745613105304155e-4,0,3.163956210846042e-5
樊正康,PERSON,1,1.2012012012012012e-4,7.73278058562303e-4,0,3.171180313312615e-5
樊迪民,PERSON,3,3.6036036036036037e-4,0.0030020954205059198,23.768865266919708,3.198362438431523e-5
樑候,PERSON,8,9.609609609609609e-4,0.021782513054374654,532.5523691977385,3.4489894460922946e-5
樑孫,PERSON,1,1.2012012012012012e-4,3.8916307814442673e-4,0,3.1695721077654516e-5
樑次,PERSON,5,6.006006006006006e-4,0.007154840492146816,58.10820386381375,3.288608260983952e-5
樑程,PERSON,11,0.0013213213213213214,0.022571849276748223,791.3764491786967,3.367003367003367e-5
樓包,PERSON,1,1.2012012012012012e-4,4.5690716016227374e-4,0,3.1647572631179186e-5
樓建,PERSON,7,8.408408408408409e-4,0.01483207067462722,727.8509889492835,3.457814661134163e-5
樓懷,PERSON,1,1.2012012012012012e-4,6.579306877011923e-4,0,3.1750063500127e-5
樓桐,PERSON,4,4.8048048048048047e-4,0.002919663809410662,72.97612111905372,3.191014104282341e-5
樓滌,PERSON,3,3.6036036036036037e-4,0.003002095420505919,23.768865266919708,3.198362438431523e-5
樓謝,PERSON,4,4.8048048048048047e-4,0.0014310178838326524,4.968595301933062,3.169974006213149e-5
樞律,PERSON,4,4.8048048048048047e-4,0.011632450896750295,291.13651510072094,3.3178500331785e-5
樞次,PERSON,1,1.2012012012012012e-4,3.493230066744232e-4,0,3.166360585143436e-5
樵吳,PERSON,1,1.2012012012012012e-4,3.5729113340095926e-4,0,3.170577045022194e-5
樵董,PERSON,3,3.6036036036036037e-4,0.008166484072258126,145.71102886183576,3.302073702285035e-5
樵頭,PERSON,2,2.4024024024024023e-4,0.0017468999148220947,4.837797910604474,3.185930929017459e-5
樸學,PERSON,5,6.006006006006006e-4,0.005741380585764297,67.05612075524249,3.224974200206398e-5
樹代,PERSON,2,2.4024024024024023e-4,0.003958807621168858,6.721109675552256,3.2216494845360825e-5
樹坤,PERSON,4,4.8048048048048047e-4,0.012262490915419116,482.0682132597925,3.427239701144698e-5
樹垣,PERSON,4,4.8048048048048047e-4,0.012262490915419122,482.0682132597925,3.427239701144698e-5
樹壽,PERSON,4,4.8048048048048047e-4,0.0013048422173664814,11.067428514733692,3.171582619727244e-5
樹杰,PERSON,4,4.8048048048048047e-4,0.012262490915419116,482.0682132597925,3.427239701144698e-5
樹民中學,ORG,37,0.0044444444444444444,0.05009270469589484,17671.820360205074,4.3040371868812945e-5
樹潤,PERSON,4,4.8048048048048047e-4,0.012262490915419113,482.0682132597925,3.427239701144698e-5
樹炳,PERSON,4,4.8048048048048047e-4,0.012262490915419118,482.0682132597925,3.427239701144698e-5
樹致,PERSON,9,0.001081081081081081,0.016083458145752624,1960.7021241236728,3.4882098507046184e-5
樹道,PERSON,2,2.4024024024024023e-4,0.006434083937892959,16.62449614338071,3.340236488743403e-5
樹錦,PERSON,3,3.6036036036036037e-4,0.007757580882090796,84.46012077456552,3.3521051220166265e-5
樹雄,PERSON,3,3.6036036036036037e-4,0.009745432517471545,61.7832209617977,3.4008978370289756e-5
機器紡織業同業公會,ORG,9,0.001081081081081081,0.02136689418081506,1672.4357089482978,4.294057025077293e-5
機製國貨工廠聯合會,ORG,9,0.001081081081081081,0.027988441120744677,2445.9037276009244,4.2936882782310004e-5
檀森,PERSON,1,1.2012012012012012e-4,3.891630781444269e-4,0,3.1695721077654516e-5
權張,PERSON,9,0.001081081081081081,0.01743693774595482,122.44182752488796,3.404371212637026e-5
權浦,PERSON,1,1.2012012012012012e-4,3.42634224018757e-4,0,3.163956210846042e-5
權爲,PERSON,6,7.207207207207207e-4,0.00917994287983947,129.61451491601088,3.2558442404115385e-5
欣方,PERSON,1,1.2012012012012012e-4,8.912984075175617e-4,0,3.1713814537612584e-5
欣淇,PERSON,2,2.4024024024024023e-4,0.003958807621168857,6.721109675552256,3.2216494845360825e-5
欣逢,PERSON,6,7.207207207207207e-4,0.0022984585655197566,1.6813576810374764,3.1729914963827895e-5
欣長,PERSON,2,2.4024024024024023e-4,0.005321565564838399,72.31499807868863,3.2469640885771804e-5
欣陳,PERSON,5,6.006006006006006e-4,0.010011597431053142,240.65928237132593,3.365643511039311e-5
欽遲,PERSON,4,4.8048048048048047e-4,0.00859302566125484,589.7083542804517,3.3027280533720854e-5
歇夏,PERSON,7,8.408408408408409e-4,0.02767865500269452,480.29727571669935,3.3847820200379094e-5
歇浦爾,PERSON,8,9.609609609609609e-4,0.0034542308968177064,11.917367657986436,3.174401625293632e-5
歇爾,PERSON,4,4.8048048048048047e-4,0.0028038497858056855,59.0870571578122,3.1820785336982115e-5
歌唱社,ORG,33,0.003963963963963964,0.0465013974776643,9308.896194993033,4.302555718096549e-5
歐元,PERSON,23,0.002762762762762763,0.033289923707685326,5108.396002601662,3.449227373068433e-5
歐威廉,PERSON,6,7.207207207207207e-4,0.01027262205866585,319.7290352660365,3.303819215012555e-5
歐柄,PERSON,3,3.6036036036036037e-4,0.012049056922188871,12.27847436442589,3.4008978370289756e-5
歐舍,PERSON,6,7.207207207207207e-4,0.02410102901863713,1883.6775843053285,3.5526502771067216e-5
歐陽,PERSON,37,0.0044444444444444444,0.06485411736565441,31242.114316638672,3.73943609303717e-5
歐陽琴,PERSON,8,9.609609609609609e-4,0.012223290480536135,33.418706651519976,3.2851511169513796e-5
歐陽莎菲,PERSON,59,0.007087087087087087,0.12723159843685847,70105.73303266967,4.116581590647127e-5
歡陽,PERSON,5,6.006006006006006e-4,0.009664079289121757,57.71799115042281,3.234780358413664e-5
正中書局,ORG,33,0.003963963963963964,0.0465013974776643,9308.896194993033,4.302555718096549e-5
正子,PERSON,1,1.2012012012012012e-4,0.005674710918399819,0,3.266479388515058e-5
正平,PERSON,14,0.0016816816816816818,0.030110269475830034,5335.1763302201725,3.622400927334638e-5
正廷,PERSON,7,8.408408408408409e-4,0.01021959180542953,478.71907146095356,3.266266004703423e-5
正明會計師事務,ORG,4,4.8048048048048047e-4,0.026772788823698115,71.65843837058448,4.291845493562232e-5
正模,PERSON,10,0.0012012012012012011,0.014655002050514713,1664.7092969684538,3.4551862345380415e-5
正泰信記橡膠廠,ORG,53,0.006366366366366366,0.026945806567666555,72008.31020340679,4.3103448275862066e-5
正秋,PERSON,7,8.408408408408409e-4,0.028368573353433447,1897.1943503961495,3.542581833640357e-5
正綱,PERSON,10,0.0012012012012012011,0.02836656593124688,4628.413873899919,3.5850003585000356e-5
正行女中,ORG,3,3.6036036036036037e-4,0.018658015302930712,212.33747243349669,4.291477126426916e-5
正言出版社,ORG,6,7.207207207207207e-4,0.024713788846226378,238.78837384890753,4.292582417582418e-5
正誠社,ORG,45,0.005405405405405406,0.022251590231086443,107843.51218508021,4.3070031871823586e-5
正誠託兒,ORG,5,6.006006006006006e-4,0.017518913625211498,2365.401552096339,4.292213923941969e-5
正誼社,ORG,10,0.0012012012012012011,0.02550140279621142,1454.2404856345827,4.294057025077293e-5
正金銀行,ORG,6,7.207207207207207e-4,0.02055547355433581,1004.1282242231841,4.292582417582418e-5
武兼,PERSON,4,4.8048048048048047e-4,0.0038740660517186712,19.07718454390562,3.199181009661527e-5
武勳,PERSON,7,8.408408408408409e-4,0.014251484833915966,1176.5779416997414,3.43218012081274e-5
武吳,PERSON,4,4.8048048048048047e-4,0.010217954256095266,25.829009320718736,3.248651809499058e-5
武城,PERSON,11,0.0013213213213213214,0.033095047485478576,4795.329265013895,3.6360991927859794e-5
武揚,PERSON,2,2.4024024024024023e-4,0.009592995499271844,16.10224503881566,3.400666530640005e-5
武漢和平,ORG,11,0.0013213213213213214,0.024846557734224034,11577.848829350345,4.294425835265825e-5
武芳,PERSON,1,1.2012012012012012e-4,3.891630781444266e-4,0,3.1695721077654516e-5
武葆,PERSON,4,4.8048048048048047e-4,0.01152744688786007,46.1487429685942,3.279118572927597e-5
武鏞,PERSON,1,1.2012012012012012e-4,0.008664365789620139,0,3.400435255712731e-5
歸啓,PERSON,11,0.0013213213213213214,0.026244654090555684,2164.4506890780995,3.516174402250352e-5
歸天,PERSON,6,7.207207207207207e-4,0.016417024132482406,927.5212789738429,3.4279446044151926e-5
歸延,PERSON,1,1.2012012012012012e-4,7.070203701573333e-4,0,3.1758130081300816e-5
歸清河,PERSON,1,1.2012012012012012e-4,3.3235390388109337e-4,0,3.1671628555140305e-5
歸穎,PERSON,5,6.006006006006006e-4,0.00783456140377943,680.6319750860526,3.354128932716174e-5
殷秀,PERSON,4,4.8048048048048047e-4,0.011269647772469462,63.78114990571053,3.402286336418073e-5
殷雲芳,PERSON,1,1.2012012012012012e-4,4.307666442358613e-4,0,3.1671628555140305e-5
殷鳴,PERSON,4,4.8048048048048047e-4,0.01055598133017933,318.08474722567826,3.371544167228591e-5
殺特勒,PERSON,4,4.8048048048048047e-4,0.011269647772469466,63.78114990571053,3.402286336418073e-5
毅公,PERSON,2,2.4024024024024023e-4,0.001230669886739438,179.95292780076292,3.1841049480990894e-5
毅成,PERSON,2,2.4024024024024023e-4,0.0011402012284938143,1.2730753878422225,3.1709791983764585e-5
毅生橡膠,ORG,32,0.0038438438438438438,0.023672328448923533,27516.254580007204,4.302185510239202e-5
毋愛,PERSON,4,4.8048048048048047e-4,0.007347220778178682,123.83525735212622,3.2575412078962796e-5
毓娥,PERSON,1,1.2012012012012012e-4,0.008664365789620137,0,3.400435255712731e-5
毓琇,PERSON,27,0.003243243243243243,0.03315816992609087,4536.025399669807,3.41180484476288e-5
毓琦,PERSON,2,2.4024024024024023e-4,0.0010126042696699156,3.5760838816504017,3.168768616515622e-5
毓翰,PERSON,6,7.207207207207207e-4,0.02410102901863713,1883.6775843053285,3.5526502771067216e-5
毓貞,PERSON,8,9.609609609609609e-4,0.006658159791696881,944.0052274127432,3.2558442404115385e-5
毛吟,PERSON,9,0.001081081081081081,0.012058727667521293,163.1970346503108,3.293373732051113e-5
毛嘯,PERSON,9,0.001081081081081081,0.01305473414382428,1902.1262262921514,3.316749585406302e-5
毛子,PERSON,49,0.005885885885885886,0.09834981552600992,30494.96646929061,3.908081913396905e-5
毛律,PERSON,6,7.207207207207207e-4,0.013290911257456345,200.34676375923544,3.362700921380053e-5
毛性,PERSON,4,4.8048048048048047e-4,0.010414963878348057,244.49920581835897,3.34941050375134e-5
毛惠文,PERSON,1,1.2012012012012012e-4,8.415068085950117e-4,0,3.176821907363873e-5
毛慶,PERSON,10,0.0012012012012012011,0.03126926877685322,5319.664584414693,3.602045962106476e-5
毛慶祥,PERSON,14,0.0016816816816816818,0.02884011018932054,2728.4087772590947,3.446849579484351e-5
毛應,PERSON,2,2.4024024024024023e-4,0.01003683714003405,11.770881107718926,3.400666530640005e-5
毛文,PERSON,3,3.6036036036036037e-4,0.003204915009376847,2.4817835973184477,3.197748784855462e-5
毛洪,PERSON,5,6.006006006006006e-4,0.003052354235044303,8.251485943736157,3.1861339450710506e-5
毛澤,PERSON,11,0.0013213213213213214,0.019174469936617568,5348.735166168145,3.510742873191968e-5
毛聖,PERSON,8,9.609609609609609e-4,0.006817563990557617,114.48032983018167,3.207801372938988e-5
毛裕忠,PERSON,7,8.408408408408409e-4,0.01483207067462722,727.8509889492835,3.457814661134163e-5
毛邦,PERSON,3,3.6036036036036037e-4,0.003369156013462325,7.39018334825761,3.191421459117891e-5
毛金,PERSON,5,6.006006006006006e-4,0.015566497463280786,2123.869853110591,3.5780735651925e-5
民主共和黨,ORG,11,0.0013213213213213214,0.01688993049686603,52879.84958073762,4.294425835265825e-5
民主同盟,ORG,15,0.0018018018018018018,0.023772784538212216,5857.434652514149,4.2959017097688804e-5
民主救國團體聯合,ORG,15,0.0018018018018018018,0.019909712295621516,4943.880035831077,4.2959017097688804e-5
民劉,PERSON,8,9.609609609609609e-4,0.012223290480536142,33.418706651519976,3.2851511169513796e-5
民北,PERSON,2,2.4024024024024023e-4,7.991825280313968e-4,0.047619047619047616,3.165959602355474e-5
民國日報,ORG,4,4.8048048048048047e-4,0.021794898206450707,117.13828721016345,4.291845493562232e-5
民明,PERSON,4,4.8048048048048047e-4,0.010085878720192402,195.67242653811266,3.403212632725293e-5
民爲,PERSON,2,2.4024024024024023e-4,0.0016415096478265944,0.9783356359291872,3.172790151659369e-5
民生公司,ORG,11,0.0013213213213213214,0.01953083727619236,3258.977846668551,4.294425835265825e-5
民生精煉,ORG,8,9.609609609609609e-4,0.02328338289878192,1511.525463644152,4.29331959471063e-5
民生藥厰,ORG,58,0.006966966966966967,0.03587516330923572,73710.26745111031,4.3118316660917556e-5
民盟,ORG,9,0.001081081081081081,0.02223574498334565,3356.123438186908,4.2936882782310004e-5
民社,ORG,66,0.007927927927927928,0.038619608633294694,38200.44840680816,4.3148084225060405e-5
民航,ORG,14,0.0016816816816816818,0.022246927809408935,2905.359077379309,4.29553264604811e-5
民航局,ORG,18,0.002162162162162162,0.01817502748504085,7665.564511429462,4.2970092815400483e-5
民范,PERSON,11,0.0013213213213213214,0.012153845703680112,909.408748416631,3.299676631690094e-5
民飛,PERSON,7,8.408408408408409e-4,0.005151357536331921,79.95900768741475,3.210685160213189e-5
民食調配,ORG,9,0.001081081081081081,0.026619644584384573,1793.6161325025807,4.2936882782310004e-5
民黨,ORG,61,0.007327327327327327,0.07450700122010637,68003.71693214537,4.313691657320335e-5
水夫,PERSON,6,7.207207207207207e-4,0.010892416593343527,366.7125957675009,3.355704697986577e-5
水彭,PERSON,2,2.4024024024024023e-4,0.006434083937892961,16.62449614338071,3.340236488743403e-5
水梓,PERSON,8,9.609609609609609e-4,0.015609128736287212,291.0896421783415,3.4115720524017465e-5
水棠,PERSON,6,7.207207207207207e-4,0.0022984585655197566,1.6813576810374764,3.1729914963827895e-5
水樂,ORG,15,0.0018018018018018018,0.01990971229562152,4943.880035831077,4.2959017097688804e-5
水產學校,ORG,4,4.8048048048048047e-4,0.01983832842086864,240.77377294458668,4.291845493562232e-5
水祥,PERSON,52,0.006246246246246246,0.08782269636306785,35339.95843002266,3.914200720212933e-5
水祥雲,PERSON,19,0.0022822822822822822,0.04434851245206146,7000.790195304975,3.6584473549425625e-5
水祥震,PERSON,4,4.8048048048048047e-4,0.013869862134917692,64.58532128018153,3.332666799973339e-5
水詳,PERSON,2,2.4024024024024023e-4,0.003945294292847333,32.99948645428036,3.216882197773918e-5
氷興,PERSON,9,0.001081081081081081,0.021969140653223557,3622.2186990913533,3.5832019492618604e-5
永信棉布有限公司,ORG,33,0.003963963963963964,0.021493096840305554,61589.71571503744,4.302925989672978e-5
永嘉化學工業公司,ORG,1,1.2012012012012012e-4,0.01641616534466388,0,4.290740581824423e-5
永嘉地,ORG,26,0.003123123123123123,0.03300034176016323,10800.66399888984,4.299965600275198e-5
永大染織公司,ORG,12,0.0014414414414414415,0.019956586228933378,3109.7397566856052,4.294794708812919e-5
永安公司,ORG,181,0.021741741741741743,0.13559667693879116,255166.5179699123,4.359958144401814e-5
永安公司永安月刋社,ORG,5,6.006006006006006e-4,0.019259518794525123,4983.732911178231,4.292213923941969e-5
永建,PERSON,4,4.8048048048048047e-4,0.013386311214997889,771.5181642440666,3.44542447629548e-5
永成銀行,ORG,11,0.0013213213213213214,0.043958870817975934,1225.5934429083431,4.294425835265825e-5
永新永昌,ORG,3,3.6036036036036037e-4,0.01763694711644216,4208.889666481367,4.291477126426916e-5
永業大藥房,ORG,58,0.006966966966966967,0.035875163309235736,73710.26745111031,4.3118316660917556e-5
永祥雲,PERSON,1,1.2012012012012012e-4,5.911391877955827e-4,0,3.163555836760519e-5
永銘,PERSON,33,0.003963963963963964,0.057898536027115165,17407.90955799436,3.8074931465123364e-5
汝幹,PERSON,4,4.8048048048048047e-4,0.0036099516387598073,39.65668346656179,3.207184092366902e-5
汝霖,PERSON,7,8.408408408408409e-4,0.008022831329217172,284.81888322444814,3.22040448280304e-5
江一平,PERSON,54,0.006486486486486486,0.08896286783161514,31224.144795359734,3.845858010922237e-5
江一平律師事務,ORG,12,0.0014414414414414415,0.01995658622893337,3109.7397566856052,4.294794708812919e-5
江一秋,PERSON,2,2.4024024024024023e-4,0.002435137421146671,2.0304168970839447,3.209654641160611e-5
江傳,PERSON,3,3.6036036036036037e-4,0.012355454468624821,410.7043676647166,3.4258307639602604e-5
江兆,PERSON,9,0.001081081081081081,0.012058727667521304,163.1970346503108,3.293373732051113e-5
江問,PERSON,1,1.2012012012012012e-4,0.005674710918399819,0,3.266479388515058e-5
江孝,PERSON,7,8.408408408408409e-4,0.011814047491792592,177.1688545013561,3.3198326804329064e-5
江學,PERSON,3,3.6036036036036037e-4,0.011891099204577918,127.22990949590022,3.306878306878307e-5
江岳巒,PERSON,11,0.0013213213213213214,0.0075838735667577775,680.5901849342672,3.238132245320899e-5
江庸,PERSON,35,0.004204204204204204,0.06228748207050724,30492.71907993241,3.920031360250882e-5
江建,PERSON,5,6.006006006006006e-4,0.0015460386763627733,1.25,3.163756011136421e-5
江恒源,PERSON,13,0.0015615615615615615,0.03213749247284199,7964.984468190209,3.6919441778040314e-5
江愛,PERSON,3,3.6036036036036037e-4,0.01062973873015886,21.45554897877954,3.4008978370289756e-5
江政,PERSON,6,7.207207207207207e-4,0.015820483738001375,1025.2535560947676,3.471981112422748e-5
江政卿,PERSON,11,0.0013213213213213214,0.03171658611842441,3161.915400323995,3.588860178007465e-5
江東,PERSON,5,6.006006006006006e-4,0.010711520468386365,308.7422521491845,3.325131342688036e-5
江棟,PERSON,4,4.8048048048048047e-4,0.0015365652320974328,2.086846584705914,3.172790151659369e-5
江楓,PERSON,1,1.2012012012012012e-4,0.007287514023917677,0,3.309723969020984e-5
江水,PERSON,9,0.001081081081081081,0.027113772111367278,2690.443770024964,3.5642999714856005e-5
江浩然,PERSON,4,4.8048048048048047e-4,0.010488075957897679,857.7180695004049,3.3340001333600056e-5
江海銀行,ORG,67,0.008048048048048049,0.06427170622239381,33169.64951182782,4.3151808060757745e-5
江海關,ORG,620,0.07447447447447447,0.37422000656370313,1428038.536968053,4.533091568449683e-5
江灣體育,ORG,17,0.002042042042042042,0.042373384554011115,10344.865553406813,4.2977479800584495e-5
江萬平,PERSON,11,0.0013213213213213214,0.03171658611842441,3161.915400323995,3.588860178007465e-5
江笑,PERSON,17,0.002042042042042042,0.013513809307985564,26.71664589579696,3.181673560292714e-5
江笑笑,PERSON,71,0.008528528528528529,0.13699010920535093,85857.35506499492,4.275331338178709e-5
江紹,PERSON,14,0.0016816816816816818,0.026106167174784246,1555.0326371509018,3.3907500339075e-5
江茂,PERSON,1,1.2012012012012012e-4,3.543333180082459e-4,0,3.167965532535006e-5
江蘇省參議,ORG,28,0.0033633633633633636,0.026588522375448384,7507.458027123316,4.30070531567177e-5
江蘇省工業,ORG,9,0.001081081081081081,0.018220758570139113,2886.844357747171,4.2936882782310004e-5
江蘇省政府第一綏靖區司令部,ORG,21,0.0025225225225225223,0.04628804572600086,6962.737402714271,4.298486932599725e-5
江蘇省立無錫師範中小學敎材研究社,ORG,21,0.0025225225225225223,0.0248658842498239,10205.390339991525,4.298117424568039e-5
江蘇省農民協會,ORG,42,0.005045045045045045,0.022873930301755416,37662.69202634578,4.305890458146745e-5
江蘇省農民銀行,ORG,48,0.005765765765765766,0.024714624200769565,51641.35837650434,4.308116491469929e-5
江西上饒交通銀行,ORG,29,0.0034834834834834836,0.022097608771391105,82527.16011697224,4.301445285615967e-5
江趙,PERSON,8,9.609609609609609e-4,0.012223290480536135,33.418706651519976,3.2851511169513796e-5
江雲,PERSON,7,8.408408408408409e-4,0.01181404749179259,177.1688545013561,3.3198326804329064e-5
池鐵,PERSON,5,6.006006006006006e-4,0.0030523542350443023,8.251485943736157,3.1861339450710506e-5
汪中行,PERSON,2,2.4024024024024023e-4,0.005265715598921222,25.469776933603082,3.241070849808777e-5
汪亞,PERSON,9,0.001081081081081081,0.010796826555790279,157.31362262514577,3.2324799586242565e-5
汪亞塵,PERSON,10,0.0012012012012012011,0.01599255803378117,1029.859879762347,3.374046831770025e-5
汪以文,PERSON,3,3.6036036036036037e-4,0.005679307475017704,50.8155508556313,3.242962770787391e-5
汪仲山,PERSON,3,3.6036036036036037e-4,0.003204915009376846,2.4817835973184477,3.197748784855462e-5
汪企,PERSON,16,0.0019219219219219219,0.02972913063768924,1146.1427101124061,3.434537711224069e-5
汪企張,PERSON,5,6.006006006006006e-4,0.012998718461465214,183.31460662748728,3.415533847940433e-5
汪伯奇,PERSON,3,3.6036036036036037e-4,0.0035050186207591376,25.880068645314193,3.197544285988361e-5
汪俊,PERSON,5,6.006006006006006e-4,0.0029217723836884465,7.1880847152668315,3.175611305176246e-5
汪其俊,PERSON,28,0.0033633633633633636,0.06726724933529715,31166.159458904083,3.965421524308034e-5
汪協,PERSON,4,4.8048048048048047e-4,0.008674383372766986,75.85545599489328,3.277828766225252e-5
汪叔,PERSON,6,7.207207207207207e-4,0.01641702413248241,927.5212789738429,3.4279446044151926e-5
汪嘯涯,PERSON,10,0.0012012012012012011,0.023052220328804256,753.0651082247564,3.392590582168544e-5
汪國,PERSON,2,2.4024024024024023e-4,0.008766472903240112,79.54108101827777,3.3018556428712935e-5
汪大,PERSON,10,0.0012012012012012011,0.023052220328804253,753.0651082247564,3.392590582168544e-5
汪子,PERSON,5,6.006006006006006e-4,0.019000027015712354,326.847626021409,3.383178834833209e-5
汪家鑄,PERSON,3,3.6036036036036037e-4,0.006442677807301545,84.66299489774543,3.270538984824699e-5
汪家驊,PERSON,2,2.4024024024024023e-4,0.00643408393789296,16.62449614338071,3.340236488743403e-5
汪少,PERSON,3,3.6036036036036037e-4,0.005679307475017701,50.8155508556313,3.242962770787391e-5
汪志,PERSON,6,7.207207207207207e-4,0.009251347740305898,347.6859105541581,3.357281944537702e-5
汪悅,PERSON,7,8.408408408408409e-4,0.023688494174609345,929.0681891487944,3.4020548411240386e-5
汪惟,PERSON,1,1.2012012012012012e-4,9.479916298622017e-4,0,3.169170311212524e-5
汪智,PERSON,1,1.2012012012012012e-4,3.572911334009591e-4,0,3.170577045022194e-5
汪漪,PERSON,8,9.609609609609609e-4,0.0038596513884617645,501.8123499047139,3.200204813108039e-5
汪炊,PERSON,7,8.408408408408409e-4,0.023688494174609345,929.0681891487944,3.4020548411240386e-5
汪瑞欽,PERSON,3,3.6036036036036037e-4,0.006643166885240421,42.05641769540766,3.294241665568586e-5
汪環芳,PERSON,7,8.408408408408409e-4,0.023688494174609363,929.0681891487944,3.4020548411240386e-5
汪秀英,PERSON,7,8.408408408408409e-4,0.004738183609250558,73.1496233072154,3.2012292720404635e-5
汪立,PERSON,6,7.207207207207207e-4,0.012176088278678393,382.2442872706947,3.402517863218782e-5
汪竹,PERSON,57,0.006846846846846847,0.11485055207803099,53844.820870679854,4.0706667752177804e-5
汪費,PERSON,1,1.2012012012012012e-4,4.539005782166053e-4,0,3.163956210846042e-5
汪逆,PERSON,4,4.8048048048048047e-4,0.0064226859598684105,55.40107853797565,3.2539372640895484e-5
汪達人,PERSON,3,3.6036036036036037e-4,0.00276741319283529,1.8662938674195404,3.1750063500127e-5
汪鑒,PERSON,6,7.207207207207207e-4,0.010811012398490541,310.5468774896433,3.368818218568926e-5
汪鴻,PERSON,2,2.4024024024024023e-4,0.002435137421146672,2.0304168970839447,3.209654641160611e-5
沃文,PERSON,2,2.4024024024024023e-4,7.481749088551255e-4,0.125,3.163756011136421e-5
沃蘭,PERSON,6,7.207207207207207e-4,0.014411723880959881,250.80825175331708,3.381348481774532e-5
沈中,PERSON,8,9.609609609609609e-4,0.013607640583828469,865.4911893050856,3.3783783783783784e-5
沈之敬,PERSON,3,3.6036036036036037e-4,0.0012282960871250772,3.8818038503306744,3.170778108947936e-5
沈尹默,PERSON,2,2.4024024024024023e-4,0.0013359026660494254,0.4162703256742152,3.1709791983764585e-5
沈九香,PERSON,4,4.8048048048048047e-4,0.012173807195320699,461.65212375700884,3.4253613756251286e-5
沈仲,PERSON,6,7.207207207207207e-4,0.002298458565519758,1.6813576810374764,3.1729914963827895e-5
沈仲毅,PERSON,9,0.001081081081081081,0.01439240493713598,3018.907360532304,3.4421038138510255e-5
沈仲股,PERSON,5,6.006006006006006e-4,0.003052354235044302,8.251485943736157,3.1861339450710506e-5
沈仲芳,PERSON,1,1.2012012012012012e-4,3.5433331800824606e-4,0,3.167965532535006e-5
沈佩芬,PERSON,1,1.2012012012012012e-4,3.323539038810935e-4,0,3.1671628555140305e-5
沈保靑,PERSON,5,6.006006006006006e-4,0.01900002701571235,326.847626021409,3.383178834833209e-5
沈俠民,PERSON,7,8.408408408408409e-4,0.004738183609250558,73.1496233072154,3.2012292720404635e-5
沈偉樵,PERSON,3,3.6036036036036037e-4,0.008394630905946953,15.873785038424115,3.3101621979477e-5
沈兆熊,PERSON,2,2.4024024024024023e-4,0.011519252717289217,166.19785782117216,3.3763252076440005e-5
沈公謙,PERSON,3,3.6036036036036037e-4,0.010629738730158862,21.45554897877954,3.4008978370289756e-5
沈吟樵,PERSON,3,3.6036036036036037e-4,0.008394630905946953,15.873785038424115,3.3101621979477e-5
沈呂默,PERSON,3,3.6036036036036037e-4,0.003204915009376846,2.4817835973184477,3.197748784855462e-5
沈嗣莊,PERSON,3,3.6036036036036037e-4,0.007149375812880615,64.5461251024404,3.2713949227950796e-5
沈士莖,PERSON,4,4.8048048048048047e-4,0.009369402860768976,399.769071765052,3.306878306878307e-5
沈士華,PERSON,58,0.006966966966966967,0.10806132691380829,33966.471975838875,3.85297064036372e-5
沈壽山,PERSON,2,2.4024024024024023e-4,0.002435137421146672,2.0304168970839447,3.209654641160611e-5
沈夢盦,PERSON,3,3.6036036036036037e-4,0.00974543251747155,61.7832209617977,3.4008978370289756e-5
沈子,PERSON,9,0.001081081081081081,0.030346849478986193,7000.712934772591,3.731621762818121e-5
沈宅,PERSON,3,3.6036036036036037e-4,0.0011485055347058206,99.8286120040622,3.170577045022194e-5
沈宗濂,PERSON,4,4.8048048048048047e-4,0.0053005920354268895,102.93242822749372,3.22061191626409e-5
沈德仁,PERSON,7,8.408408408408409e-4,0.008639447418689494,109.47147516316033,3.24380433372259e-5
沈德發,PERSON,2,2.4024024024024023e-4,7.99182528031397e-4,0.047619047619047616,3.165959602355474e-5
沈志,PERSON,3,3.6036036036036037e-4,0.0023666882443887636,18.531226877725658,3.186336986999745e-5
沈志香,PERSON,1,1.2012012012012012e-4,0.005957128144685051,0,3.34001336005344e-5
沈思敏,PERSON,26,0.003123123123123123,0.03647115316895318,7030.593038862699,3.451846738004832e-5
沈思期,PERSON,16,0.0019219219219219219,0.029729130637689234,1146.1427101124061,3.434537711224069e-5
沈怡,PERSON,1,1.2012012012012012e-4,3.42152833793576e-4,0,3.1633556877135266e-5
沈慧蓮,PERSON,1,1.2012012012012012e-4,0.008664365789620135,0,3.400435255712731e-5
沈懿,PERSON,1,1.2012012012012012e-4,3.318698861865308e-4,0,3.1629554655870446e-5
沈日,PERSON,35,0.004204204204204204,0.05190733232744592,11619.243720058874,3.559478892290169e-5
沈日新,PERSON,13,0.0015615615615615615,0.017085137352106747,308.3881787155247,3.2605151613955e-5
沈昌明,PERSON,5,6.006006006006006e-4,0.019000027015712347,326.847626021409,3.383178834833209e-5
沈春暉,PERSON,18,0.002162162162162162,0.014461800937847756,234.7320456536257,3.188368830506313e-5
沈春輝,PERSON,1,1.2012012012012012e-4,9.141141965895656e-4,0,3.171582619727244e-5
沈柏年,PERSON,7,8.408408408408409e-4,0.023688494174609345,929.0681891487944,3.4020548411240386e-5
沈楚實,PERSON,7,8.408408408408409e-4,0.007076621532584773,53.84965423098826,3.2354083085285365e-5
沈楚寶,PERSON,1,1.2012012012012012e-4,3.034016928396809e-4,0,3.168567807351077e-5
沈槐卿,PERSON,3,3.6036036036036037e-4,0.01163588967600225,437.26031781721406,3.4258307639602604e-5
沈永康,PERSON,5,6.006006006006006e-4,0.0026089136001303096,6.733121545357587,3.182483610209407e-5
沈浩舫,PERSON,7,8.408408408408409e-4,0.023688494174609345,929.0681891487944,3.4020548411240386e-5
沈漢民,PERSON,2,2.4024024024024023e-4,0.006711802367600248,10.062345019626324,3.340236488743403e-5
沈炳,PERSON,9,0.001081081081081081,0.020840457562963436,1410.618038237952,3.529827038475115e-5
沈炳初,PERSON,7,8.408408408408409e-4,0.014832070674627214,727.8509889492835,3.457814661134163e-5
沈熙瑞,PERSON,2,2.4024024024024023e-4,0.005513421202363539,1.582834490083944,3.2258064516129034e-5
沈爕臣,PERSON,3,3.6036036036036037e-4,0.013922992504560396,312.97427616471094,3.4169343265222444e-5
沈玉,PERSON,2,2.4024024024024023e-4,0.0038111872280019807,94.22554149470282,3.237084034701541e-5
沈百,PERSON,3,3.6036036036036037e-4,0.003204915009376846,2.4817835973184477,3.197748784855462e-5
沈益濤,PERSON,15,0.0018018018018018018,0.03267183361421882,3837.995442961161,3.525098702763678e-5
沈益齋,PERSON,7,8.408408408408409e-4,0.023688494174609352,929.0681891487944,3.4020548411240386e-5
沈萬,PERSON,15,0.0018018018018018018,0.027977768681196367,1612.9297867758976,3.3951246010728594e-5
沈萬千,PERSON,4,4.8048048048048047e-4,0.004593297329993952,44.99434718100529,3.217917363882096e-5
沈立明,PERSON,4,4.8048048048048047e-4,0.011437519780461211,27.767186568712685,3.34627225271048e-5
沈笑亭,PERSON,7,8.408408408408409e-4,0.004738183609250559,73.1496233072154,3.2012292720404635e-5
沈紉蘭,PERSON,8,9.609609609609609e-4,0.014001032946953072,698.8105776339785,3.408083975189148e-5
沈素生,PERSON,6,7.207207207207207e-4,0.012632979728475416,663.6410378135404,3.33022512321833e-5
沈致,PERSON,3,3.6036036036036037e-4,0.003204915009376845,2.4817835973184477,3.197748784855462e-5
沈菊隠,PERSON,8,9.609609609609609e-4,0.012223290480536135,33.418706651519976,3.2851511169513796e-5
沈菊隱,PERSON,4,4.8048048048048047e-4,0.008188050335937808,87.41071771461829,3.2994588887422464e-5
沈葆烟,PERSON,1,1.2012012012012012e-4,3.543333180082461e-4,0,3.167965532535006e-5
沈董窗,PERSON,4,4.8048048048048047e-4,0.0045932973299939546,44.99434718100529,3.217917363882096e-5
沈西賓,PERSON,16,0.0019219219219219219,0.029729130637689234,1146.1427101124061,3.434537711224069e-5
沈鈁,PERSON,5,6.006006006006006e-4,0.00783456140377943,680.6319750860526,3.354128932716174e-5
沈鈞,PERSON,1,1.2012012012012012e-4,6.896996953853931e-4,0,3.1669622498099825e-5
沈銘盤,PERSON,8,9.609609609609609e-4,0.008280044262631773,307.26919844181987,3.262217002675018e-5
沈際靑,PERSON,6,7.207207207207207e-4,0.012632979728475406,663.6410378135404,3.33022512321833e-5
沈雁,PERSON,7,8.408408408408409e-4,0.023688494174609335,929.0681891487944,3.4020548411240386e-5
沈雲龍,PERSON,5,6.006006006006006e-4,0.0030523542350443023,8.251485943736157,3.1861339450710506e-5
沈顯,PERSON,3,3.6036036036036037e-4,0.010629738730158862,21.45554897877954,3.4008978370289756e-5
沈餘慶,PERSON,6,7.207207207207207e-4,0.013290911257456345,200.34676375923544,3.362700921380053e-5
沈鴻烈,PERSON,24,0.002882882882882883,0.03604183209497455,14758.735621456162,3.7202380952380956e-5
沈鴻鵬,PERSON,3,3.6036036036036037e-4,0.0030674689716283445,0.9487453334324024,3.183091418385536e-5
沈鼎,PERSON,23,0.002762762762762763,0.04373770594027108,6597.490804330882,3.6597862684819206e-5
沙利文,PERSON,8,9.609609609609609e-4,0.005439596866393905,510.7993610270475,3.2e-5
沙玉潤,PERSON,1,1.2012012012012012e-4,7.098508719516962e-4,0,3.173394262503174e-5
沙瑪,PERSON,6,7.207207207207207e-4,0.0023381711592200174,61.60383863078567,3.179852454846095e-5
沙索章,PERSON,23,0.002762762762762763,0.048295403189021556,15564.787851953279,3.869070649230055e-5
沙索章電,ORG,7,8.408408408408409e-4,0.02745206140838214,958.2904679006489,4.292950974499871e-5
沙莉,PERSON,2,2.4024024024024023e-4,5.679995347648312e-4,0.05,3.165558721114277e-5
沙運,PERSON,5,6.006006006006006e-4,0.010020888021367504,155.23587701730528,3.3025099075297225e-5
沙遜,PERSON,18,0.002162162162162162,0.014788737677293386,201.67545512535725,3.249496328069149e-5
沛棠,PERSON,7,8.408408408408409e-4,0.00590120438350043,36.199420026929104,3.217917363882096e-5
沛滋,PERSON,6,7.207207207207207e-4,0.013439770130647968,577.3724474875783,3.370635027639207e-5
沛琳,PERSON,4,4.8048048048048047e-4,0.009213025685857966,76.62484877807492,3.3200531208499335e-5
沛竺,PERSON,4,4.8048048048048047e-4,0.010099899713335685,367.85096518933176,3.320935175345377e-5
沛華,PERSON,2,2.4024024024024023e-4,0.004658251992983912,2.8611597954819303,3.222687721559781e-5
河南省參鐵,ORG,28,0.0033633633633633636,0.026588522375448384,7507.458027123316,4.30070531567177e-5
治何,PERSON,2,2.4024024024024023e-4,6.606230903498305e-4,0.05555555555555555,3.165157941381275e-5
治孫,PERSON,9,0.001081081081081081,0.017436937745954815,122.44182752488796,3.404371212637026e-5
治安,PERSON,3,3.6036036036036037e-4,0.0077575808820907945,84.46012077456552,3.3521051220166265e-5
治平,PERSON,3,3.6036036036036037e-4,0.00362526184485516,7.9041666931138055,3.203280158882696e-5
沽路市參議會,ORG,57,0.006846846846846847,0.05729841965180613,75768.84572328119,4.3118316660917556e-5
泉昌,PERSON,3,3.6036036036036037e-4,0.008394630905946951,15.873785038424115,3.3101621979477e-5
法律醫務部,ORG,23,0.002762762762762763,0.03452447388476301,6560.5672743098385,4.2988565041698905e-5
法華吳家木橋事務,ORG,4,4.8048048048048047e-4,0.0180583288512004,499.15975562028694,4.292213923941969e-5
法院,ORG,14,0.0016816816816816818,0.024014856935155857,10403.103721800886,4.29553264604811e-5
波兒,PERSON,1,1.2012012012012012e-4,3.5433331800824606e-4,0,3.167965532535006e-5
波兩,PERSON,1,1.2012012012012012e-4,9.363627831873451e-4,0,3.177831447820008e-5
波報,PERSON,2,2.4024024024024023e-4,0.001111068059868804,0.5334939054786282,3.166561114629513e-5
波毆,PERSON,4,4.8048048048048047e-4,0.002009320064740676,15.423830762040794,3.1832940727064365e-5
波澄,PERSON,6,7.207207207207207e-4,0.002298458565519758,1.6813576810374764,3.1729914963827895e-5
波絲,PERSON,4,4.8048048048048047e-4,0.0016319870171358417,3.004631250901446,3.170577045022194e-5
波致,PERSON,1,1.2012012012012012e-4,9.363627831873444e-4,0,3.177831447820008e-5
波諸,PERSON,1,1.2012012012012012e-4,0.002725727888511106,0,3.209242618741977e-5
泣啓,PERSON,5,6.006006006006006e-4,0.00783456140377943,680.6319750860526,3.354128932716174e-5
注竹,PERSON,1,1.2012012012012012e-4,7.572224998241359e-4,0,3.1645569620253167e-5
泰信記橡,ORG,6,7.207207207207207e-4,0.02025824827435169,3607.7896730815155,4.292582417582418e-5
泰勒,PERSON,4,4.8048048048048047e-4,0.0016319870171358412,3.004631250901446,3.170577045022194e-5
泰勒洋,PERSON,4,4.8048048048048047e-4,0.0016319870171358417,3.004631250901446,3.170577045022194e-5
泰山分局,ORG,23,0.002762762762762763,0.039613720993471685,5055.86433478676,4.2988565041698905e-5
泰昌,PERSON,9,0.001081081081081081,0.013647842328834151,576.9625899623856,3.301419610432486e-5
泰昌祥,ORG,121,0.014534534534534535,0.09610041860571975,142300.09462279556,4.336137368831845e-5
泰衣,ORG,27,0.003243243243243243,0.021745943501143415,23086.08568215209,4.300335426163241e-5
泳隆橡膠發行,ORG,30,0.0036036036036036037,0.027369659505731874,20164.879267193875,4.301445285615967e-5
洗冠生,PERSON,5,6.006006006006006e-4,0.0015460386763627729,1.25,3.163756011136421e-5
洗炳,PERSON,8,9.609609609609609e-4,0.015501849152053538,1189.53268562029,3.3413525795241913e-5
洪傳,PERSON,6,7.207207207207207e-4,0.016084135890712184,946.8420505518003,3.433830094086945e-5
洪元,PERSON,2,2.4024024024024023e-4,0.002435137421146672,2.0304168970839447,3.209654641160611e-5
洪光小學樂隊,ORG,2,2.4024024024024023e-4,0.018166580856824956,77.19004673109323,4.292213923941969e-5
洪夢云,PERSON,7,8.408408408408409e-4,0.023688494174609342,929.0681891487944,3.4020548411240386e-5
洪左,PERSON,2,2.4024024024024023e-4,0.0024351374211466713,2.0304168970839447,3.209654641160611e-5
洪張,PERSON,6,7.207207207207207e-4,0.016084135890712184,946.8420505518003,3.433830094086945e-5
洪德,PERSON,10,0.0012012012012012011,0.02852544796718302,4110.209830489403,3.6153289949385395e-5
洪德餘,PERSON,2,2.4024024024024023e-4,0.0024351374211466726,2.0304168970839447,3.209654641160611e-5
洪念,PERSON,16,0.0019219219219219219,0.04072978630742361,5503.3827947080645,3.5958288385472854e-5
洪昌,PERSON,3,3.6036036036036037e-4,0.0022669080402591066,17.260862523748948,3.193663771078181e-5
洪次,PERSON,2,2.4024024024024023e-4,0.0060229003180091115,16.52780613324094,3.2461208855417776e-5
洪法,PERSON,2,2.4024024024024023e-4,6.775332869662112e-4,0.05,3.165558721114277e-5
洪源潤茶葉股份有限公司,ORG,11,0.0013213213213213214,0.01891579392195698,2442.785655245014,4.294425835265825e-5
洪火,PERSON,6,7.207207207207207e-4,0.015820483738001365,1025.2535560947676,3.471981112422748e-5
洪玉廷,PERSON,2,2.4024024024024023e-4,7.25515998625699e-4,0.034482758620689655,3.167564143173899e-5
洪瓶,PERSON,6,7.207207207207207e-4,0.01608413589071218,946.8420505518003,3.433830094086945e-5
洪福,PERSON,10,0.0012012012012012011,0.030007543272795565,3052.3958279646426,3.572959839931399e-5
洪蘭友,PERSON,1,1.2012012012012012e-4,9.363627831873448e-4,0,3.177831447820008e-5
洪警鈴,PERSON,13,0.0015615615615615615,0.00521678525032408,3.5454545454545467,3.1681662653656065e-5
洪陸,PERSON,1,1.2012012012012012e-4,9.363627831873448e-4,0,3.177831447820008e-5
洪頌,PERSON,8,9.609609609609609e-4,0.029327245251996596,1134.9556744109432,3.4865072170699395e-5
洲艷,PERSON,7,8.408408408408409e-4,0.027678655002694525,480.29727571669935,3.3847820200379094e-5
洽卿,PERSON,1,1.2012012012012012e-4,4.245060025948116e-4,0,3.164356686285678e-5
洽卿防癆醫院,ORG,10,0.0012012012012012011,0.03862867779447583,1379.9001062042423,4.2951636457349025e-5
派克,PERSON,45,0.005405405405405406,0.05544875146734652,36813.790964373104,3.777576307041402e-5
派克鋼筆公司總店,ORG,10,0.0012012012012012011,0.02880817471922889,1420.9264536840606,4.294057025077293e-5
派拉蒙,PERSON,11,0.0013213213213213214,0.03630468333116372,5541.2764221463085,3.602565026298725e-5
派錢,PERSON,2,2.4024024024024023e-4,0.0016415096478265949,0.9783356359291872,3.172790151659369e-5
流徐,PERSON,5,6.006006006006006e-4,0.0036454819129655763,21.30282521385167,3.193867773874162e-5
浙屬旅滬同鄕會聯合會,ORG,7,8.408408408408409e-4,0.017497602760411395,18739.979568374052,4.292950974499871e-5
浙江公司,ORG,2,2.4024024024024023e-4,0.0164250181168484,4161.500000000002,4.2911088225197394e-5
浙江商業儲蓄銀行,ORG,16,0.0019219219219219219,0.019108613494663806,7445.230522194706,4.296270836913559e-5
浙江實業銀行,ORG,56,0.006726726726726727,0.05463548478751663,21037.47725260145,4.311088118641145e-5
浙江建業銀行,ORG,8,9.609609609609609e-4,0.018358390232946557,3479.8977389704664,4.2936882782310004e-5
浙江旅宜同鄉會,ORG,7,8.408408408408409e-4,0.017497602760411395,18739.979568374052,4.292950974499871e-5
浙江省政府,ORG,14,0.0016816816816816818,0.01897370601441126,7839.67088630699,4.29553264604811e-5
浙江興業銀行,ORG,65,0.0078078078078078076,0.07220076750680982,36783.79098609762,4.3144361032013115e-5
浙江路,PERSON,4,4.8048048048048047e-4,0.011844493905855848,160.5301701158233,3.33000333000333e-5
浙皖區敵僞產業處理局,ORG,5,6.006006006006006e-4,0.01731234628973605,1071.3270958443588,4.292213923941969e-5
浙省參議,ORG,15,0.0018018018018018018,0.028391179948781625,43568.012341249094,4.2959017097688804e-5
浙省商聯會,ORG,23,0.002762762762762763,0.039613720993471685,5055.86433478676,4.2988565041698905e-5
浙省黨部,ORG,4,4.8048048048048047e-4,0.017638911471553366,1009.2886721223507,4.291845493562232e-5
浙糧商,ORG,4,4.8048048048048047e-4,0.017448350882086825,777.6299295020727,4.291845493562232e-5
浙閩分署,ORG,3,3.6036036036036037e-4,0.016894083565986318,8449.038033085093,4.291477126426916e-5
浦志,PERSON,7,8.408408408408409e-4,0.013664854550339807,861.4103821137937,3.38089120292109e-5
浦拯,PERSON,4,4.8048048048048047e-4,0.013506755655082933,117.44453779971819,3.343139876972452e-5
浦拯東,PERSON,8,9.609609609609609e-4,0.014538835498256134,1378.5976042061152,3.368818218568926e-5
浦東同鄉會,ORG,64,0.0076876876876876875,0.0902433317757361,27751.859581216497,4.3144361032013115e-5
浦東銀行,ORG,12,0.0014414414414414415,0.029245952838087157,9203.002893524452,4.294794708812919e-5
浩坤,PERSON,3,3.6036036036036037e-4,0.0069151819709998225,104.55167668063402,3.273751063969096e-5
浩源,PERSON,4,4.8048048048048047e-4,0.014359650835732228,673.6735852641114,3.419271011420365e-5
浩然,PERSON,9,0.001081081081081081,0.025847958106413344,4772.307534761506,3.7015102161681964e-5
浩爲,PERSON,6,7.207207207207207e-4,0.02319747366610559,3338.3207238685204,3.621351488375462e-5
浩馮,PERSON,9,0.001081081081081081,0.01743693774595482,122.44182752488796,3.404371212637026e-5
海仁,PERSON,9,0.001081081081081081,0.007552311689557515,244.31210778049677,3.2324799586242565e-5
海倪,PERSON,4,4.8048048048048047e-4,0.0036199725882840052,3.8065488913942205,3.183496752833312e-5
海光社會局,ORG,34,0.004084084084084084,0.05041973307040707,18719.24205840043,4.302925989672978e-5
海函,ORG,64,0.0076876876876876875,0.03804114020072013,20735.145001601693,4.3140638481449525e-5
海南,PERSON,8,9.609609609609609e-4,0.021782513054374647,532.5523691977385,3.4489894460922946e-5
海口電,ORG,4,4.8048048048048047e-4,0.01653295470792171,2999.3657428353695,4.291845493562232e-5
海史,PERSON,9,0.001081081081081081,0.012058727667521302,163.1970346503108,3.293373732051113e-5
海員工會,ORG,10,0.0012012012012012011,0.024315342632504514,1963.6877846724085,4.294057025077293e-5
海宇,PERSON,2,2.4024024024024023e-4,0.001993031319641532,6.6000720893820235,3.177427554651754e-5
海定,PERSON,1,1.2012012012012012e-4,3.3186988618653067e-4,0,3.1629554655870446e-5
海寗,PERSON,4,4.8048048048048047e-4,0.00403643430238093,57.316832214928546,3.2312265736073417e-5
海峯,PERSON,14,0.0016816816816816818,0.01756032672155107,729.8050494086542,3.3337778370449396e-5
海康,ORG,3,3.6036036036036037e-4,0.02018879438668798,8335.931667846366,4.291477126426916e-5
海收,PERSON,5,6.006006006006006e-4,0.004080904430377633,18.919364027845845,3.2100667693888034e-5
海日,ORG,11,0.0013213213213213214,0.023680294024658516,3027.7963520896915,4.294425835265825e-5
海晶,PERSON,7,8.408408408408409e-4,0.027678655002694525,480.29727571669935,3.3847820200379094e-5
海浩三,PERSON,1,1.2012012012012012e-4,3.543333180082459e-4,0,3.167965532535006e-5
海淸,PERSON,6,7.207207207207207e-4,0.0037071603829853905,2.7082164108705853,3.172387538861747e-5
海潛,PERSON,1,1.2012012012012012e-4,5.977896983483146e-4,0,3.164356686285678e-5
海濤,PERSON,7,8.408408408408409e-4,0.02767865500269452,480.29727571669935,3.3847820200379094e-5
海秋,PERSON,5,6.006006006006006e-4,0.0030523542350443036,8.251485943736157,3.1861339450710506e-5
海芙恩,PERSON,3,3.6036036036036037e-4,0.0012779918797512378,0.5216514751398471,3.1645569620253167e-5
海蜂,ORG,10,0.0012012012012012011,0.01716185928691011,5272.358627574194,4.294057025077293e-5
海軍,ORG,13,0.0015615615615615615,0.019606536955510612,12251.59068569704,4.296270836913559e-5
海門,ORG,4,4.8048048048048047e-4,0.018058328851200404,499.15975562028694,4.292213923941969e-5
海關副總稅務司,ORG,25,0.003003003003003003,0.04465180696631414,5163.867805180735,4.2995958379912286e-5
海領,PERSON,5,6.006006006006006e-4,0.007685892930559609,45.732157310507276,3.2836409010310635e-5
涂澄,PERSON,3,3.6036036036036037e-4,0.006442677807301542,84.66299489774543,3.270538984824699e-5
涂醫,PERSON,8,9.609609609609609e-4,0.004143616781737377,66.70413790255344,3.193663771078181e-5
涵德小學,ORG,15,0.0018018018018018018,0.04569339168015695,13248.834049726654,4.2959017097688804e-5
淑於,PERSON,6,7.207207207207207e-4,0.0231974736661056,3338.3207238685204,3.621351488375462e-5
淑芳,PERSON,2,2.4024024024024023e-4,0.006819722814982087,39.53145604216699,3.3471682956219036e-5
淞滬警備司令部,ORG,98,0.011771771771771772,0.10205368643635775,133415.31594035434,4.3282548476454294e-5
深佩,PERSON,1,1.2012012012012012e-4,0.0013456901495378507,0,3.1855249745158005e-5
淵源,PERSON,7,8.408408408408409e-4,0.01674911344765307,1088.6612810577126,3.472222222222222e-5
混合總隊,ORG,9,0.001081081081081081,0.021494042161326343,1407.019416741791,4.2936882782310004e-5
淸源,PERSON,18,0.002162162162162162,0.05998520290541962,6773.149630945264,3.759681179036018e-5
淸濤,PERSON,7,8.408408408408409e-4,0.01864092061756341,521.7971177393985,3.43878954607978e-5
淸華,PERSON,12,0.0014414414414414415,0.025493242160677037,2989.4436895380945,3.5486160397445e-5
淸華大學,ORG,137,0.016456456456456457,0.14698581813062625,144753.14502936054,4.342162396873643e-5
淼莉,PERSON,3,3.6036036036036037e-4,0.0010616436936611343,0.2841238564773236,3.1709791983764585e-5
清瀉,PERSON,3,3.6036036036036037e-4,0.0016032386528296424,1.0942282987102634,3.1762164909160206e-5
清鐵路,ORG,5,6.006006006006006e-4,0.018524446099716523,798.1625822190686,4.292213923941969e-5
渝市,PERSON,3,3.6036036036036037e-4,0.007164031891446344,214.16093135313199,3.27890353465801e-5
渝飛昆,PERSON,3,3.6036036036036037e-4,0.0018695608790870438,2.252021797972587,3.1719850282306667e-5
渝飛滬,ORG,12,0.0014414414414414415,0.04199587589536444,1326.3947334638863,4.294794708812919e-5
渠定,PERSON,2,2.4024024024024023e-4,5.744870801003183e-4,0.14285714285714285,3.1629554655870446e-5
渠張,PERSON,2,2.4024024024024023e-4,0.0015459143952658942,0.2997876643819991,3.171180313312615e-5
渠無,PERSON,3,3.6036036036036037e-4,0.004342534908991104,7.701185609336113,3.201024327784891e-5
温州旅滬同,ORG,3,3.6036036036036037e-4,0.018658015302930705,212.33747243349669,4.291477126426916e-5
温肇桐,PERSON,4,4.8048048048048047e-4,0.004593297329993952,44.99434718100529,3.217917363882096e-5
港粤滬華美電器行,ORG,1,1.2012012012012012e-4,0.016416165344663877,0,4.290740581824423e-5
游彌,PERSON,6,7.207207207207207e-4,0.015820483738001368,1025.2535560947676,3.471981112422748e-5
湖州旅滬小學,ORG,2,2.4024024024024023e-4,0.018166580856824953,77.19004673109323,4.292213923941969e-5
湖淸,ORG,27,0.003243243243243243,0.031183788007817455,15752.086242664203,4.30070531567177e-5
湖社,ORG,4,4.8048048048048047e-4,0.017545590374515474,631.6748245164149,4.292213923941969e-5
湘侯,PERSON,7,8.408408408408409e-4,0.02368849417460933,929.0681891487944,3.4020548411240386e-5
湘文,PERSON,4,4.8048048048048047e-4,0.014359650835732237,673.6735852641114,3.419271011420365e-5
湘泉,PERSON,3,3.6036036036036037e-4,0.003560605788958045,16.246700138563867,3.2127481847972756e-5
湘靑,PERSON,2,2.4024024024024023e-4,0.0029845375459764327,7.488324081353314,3.203485392106612e-5
湯修梅,PERSON,4,4.8048048048048047e-4,0.004593297329993953,44.99434718100529,3.217917363882096e-5
湯國,PERSON,2,2.4024024024024023e-4,0.005761146179090612,16.827041338636686,3.28709486555782e-5
湯子,PERSON,3,3.6036036036036037e-4,0.008394630905946956,15.873785038424115,3.3101621979477e-5
湯寬,PERSON,2,2.4024024024024023e-4,0.003945294292847336,32.99948645428036,3.216882197773918e-5
湯志,PERSON,3,3.6036036036036037e-4,0.005679307475017704,50.8155508556313,3.242962770787391e-5
湯恩,PERSON,13,0.0015615615615615615,0.02219967435055831,1566.9726604110392,3.323363243602526e-5
湯恩伯,PERSON,6,7.207207207207207e-4,0.013439770130647963,577.3724474875783,3.370635027639207e-5
湯效,PERSON,7,8.408408408408409e-4,0.023688494174609335,929.0681891487944,3.4020548411240386e-5
湯桂芬,PERSON,13,0.0015615615615615615,0.04936629975453894,7761.407644915863,3.8328861632809504e-5
湯總,PERSON,12,0.0014414414414414415,0.0057147999000572184,68.5881101678358,3.1750063500127e-5
湯融,PERSON,7,8.408408408408409e-4,0.023688494174609342,929.0681891487944,3.4020548411240386e-5
湯錫,PERSON,2,2.4024024024024023e-4,0.005265715598921223,25.469776933603082,3.241070849808777e-5
溎祥,PERSON,2,2.4024024024024023e-4,9.188256686464867e-4,1.5039057813604082,3.173394262503174e-5
源樹,PERSON,3,3.6036036036036037e-4,0.004556664630359591,82.82966821872313,3.240650722665111e-5
源與,PERSON,1,1.2012012012012012e-4,4.3519131007354955e-4,0,3.1677648251393816e-05
準集團,ORG,12,0.0014414414414414415,0.022701652730332193,2376.2858129077795,4.294794708812919e-5
溟頗,PERSON,4,4.8048048048048047e-4,0.0015365652320974334,2.086846584705914,3.172790151659369e-5
溥儒,PERSON,1,1.2012012012012012e-4,0.008664365789620144,0,3.400435255712731e-5
溥心畬,PERSON,9,0.001081081081081081,0.010796826555790283,157.31362262514577,3.2324799586242565e-5
溥洪,PERSON,2,2.4024024024024023e-4,0.004658251992983913,2.8611597954819303,3.222687721559781e-5
溫壽泉,PERSON,5,6.006006006006006e-4,0.012998718461465202,183.31460662748728,3.415533847940433e-5
溫少,PERSON,5,6.006006006006006e-4,0.009942270631260118,545.2869863406648,3.405762550234998e-5
溫州獨立中隊一中隊,ORG,9,0.001081081081081081,0.021494042161326346,1407.019416741791,4.2936882782310004e-5
溫德,PERSON,7,8.408408408408409e-4,0.017838478069056984,1046.919990671501,3.4324157341937255e-5
溫德華斯,PERSON,1,1.2012012012012012e-4,5.167234597276004e-4,0,3.163756011136421e-5
溫橋,PERSON,2,2.4024024024024023e-4,0.005513421202363541,1.582834490083944,3.2258064516129034e-5
滄吳,PERSON,3,3.6036036036036037e-4,0.015275997019294128,420.14624893103274,3.45972875726543e-5
滄波,PERSON,18,0.002162162162162162,0.02612847291894983,6645.632218544486,3.5174111853675694e-5
滄洲飯店,ORG,34,0.004084084084084084,0.04777635903180306,11576.611280024998,4.303296324984939e-5
滕志石,PERSON,6,7.207207207207207e-4,0.02410102901863713,1883.6775843053285,3.5526502771067216e-5
滕詠溪,PERSON,6,7.207207207207207e-4,0.01217608827867838,382.2442872706947,3.402517863218782e-5
滙文,PERSON,9,0.001081081081081081,0.006392699524589509,1.2948917180374984,3.1746031746031745e-5
滬偕福利,ORG,9,0.001081081081081081,0.017478189455683302,5160.047735550414,4.2936882782310004e-5
滬光運輸行,ORG,25,0.003003003003003003,0.02127920859349611,161061.99967706267,4.2995958379912286e-5
滬劇敬文劇,ORG,75,0.009009009009009009,0.05703531596419634,39176.341417198804,4.318162190171863e-5
滬北區救火聯,ORG,8,9.609609609609609e-4,0.024048054387383538,3788.7286702215356,4.29331959471063e-5
滬區金融特派,ORG,25,0.003003003003003003,0.04465180696631414,5163.867805180735,4.2995958379912286e-5
滬報,ORG,8,9.609609609609609e-4,0.018358390232946564,3479.8977389704664,4.2936882782310004e-5
滬寧鐵路,ORG,5,6.006006006006006e-4,0.018524446099716527,798.1625822190686,4.292213923941969e-5
滬工商銀行,ORG,22,0.002642642642642643,0.04237623566183265,28424.112356302725,4.2988565041698905e-5
滬市參議,ORG,40,0.004804804804804805,0.05026020370123931,13572.87677061149,4.30551967622492e-5
滬市商會,ORG,8,9.609609609609609e-4,0.02835275876143741,3628.0919099215594,4.29331959471063e-5
滬市國代表聯誼,ORG,30,0.0036036036036036037,0.03810689649222172,9015.213955407193,4.301445285615967e-5
滬民營長途汽車公司聯合,ORG,1,1.2012012012012012e-4,0.016416165344663877,0,4.290740581824423e-5
滬江大學,ORG,119,0.014294294294294295,0.09047859877479612,227281.5428415225,4.3350095370209814e-5
滬江英專,ORG,3,3.6036036036036037e-4,0.019024004579212404,112.80039258291008,4.291477126426916e-5
滬江英文,ORG,3,3.6036036036036037e-4,0.0190240045792124,112.80039258291008,4.291477126426916e-5
滬濱,ORG,49,0.005885885885885886,0.035530785607850994,35081.18044635888,4.308487720809996e-5
滬署,ORG,12,0.0014414414414414415,0.04199587589536442,1326.3947334638863,4.294794708812919e-5
滬車電台,ORG,21,0.0025225225225225223,0.01909465012587889,55619.924351835434,4.298117424568039e-5
滬軍電臺廣播大會,ORG,64,0.0076876876876876875,0.03804114020072014,20735.145001601693,4.3140638481449525e-5
滬錢,PERSON,7,8.408408408408409e-4,0.017647932332197632,2000.7685765381236,3.548364204101909e-5
滬鐵路工會,ORG,9,0.001081081081081081,0.02211285945235508,1422.8386396348274,4.2936882782310004e-5
滬閔長途汽車公司,ORG,11,0.0013213213213213214,0.020784589914820833,3623.234558491721,4.294425835265825e-5
滸虞,PERSON,2,2.4024024024024023e-4,0.004658251992983912,2.8611597954819303,3.222687721559781e-5
漁會,ORG,14,0.0016816816816816818,0.02501407603153635,4695.553977153182,4.29553264604811e-5
漁汪,PERSON,5,6.006006006006006e-4,0.01583133858742383,508.1961196048012,3.4267699266671235e-5
漆廠,ORG,5,6.006006006006006e-4,0.028065309241151866,188.49747500276717,4.292213923941969e-5
演大興粤劇團,ORG,24,0.002882882882882883,0.03688517012802407,5370.04276313143,4.2995958379912286e-5
漢光,PERSON,6,7.207207207207207e-4,0.009251347740305898,347.6859105541581,3.357281944537702e-5
漢冶萍,PERSON,7,8.408408408408409e-4,0.014788537648245881,390.5896411099448,3.33555703802535e-5
漢民,PERSON,4,4.8048048048048047e-4,0.0014435644736360954,0.2608695652173913,3.166561114629513e-5
漢良,PERSON,3,3.6036036036036037e-4,0.015222546176247529,317.8175412682892,3.3795201081446433e-5
漢章,PERSON,18,0.002162162162162162,0.03098006797020556,7419.342873391632,3.554923569143263e-5
漸江旅滬同鄉,ORG,22,0.002642642642642643,0.03757900957199017,66695.05337217644,4.298486932599725e-5
潔治,PERSON,1,1.2012012012012012e-4,8.415068085950117e-4,0,3.176821907363873e-5
潔瓊,PERSON,5,6.006006006006006e-4,0.006604500402039296,45.62477476780193,3.23185314459311e-5
潘世傑,PERSON,3,3.6036036036036037e-4,0.005423061913486291,6.081767134281239,3.2133676092544985e-5
潘仁希,PERSON,5,6.006006006006006e-4,0.0030523542350443023,8.251485943736157,3.1861339450710506e-5
潘仰,PERSON,8,9.609609609609609e-4,0.006996381314063743,275.2908951060857,3.2547845332638976e-5
潘仰山,PERSON,6,7.207207207207207e-4,0.011356821305917229,619.633046066783,3.310819758972322e-5
潘光,PERSON,4,4.8048048048048047e-4,0.013869862134917695,64.58532128018153,3.332666799973339e-5
潘公,PERSON,9,0.001081081081081081,0.020840457562963443,1410.618038237952,3.529827038475115e-5
潘公展,PERSON,73,0.008768768768768769,0.09854942536371955,97924.05994428931,4.2767941151312976e-5
潘公弼,PERSON,1,1.2012012012012012e-4,9.36362783187345e-4,0,3.177831447820008e-5
潘公慶,PERSON,3,3.6036036036036037e-4,0.006571215423757699,25.713226424077614,3.266906239790918e-5
潘公朕,PERSON,1,1.2012012012012012e-4,7.572224998241365e-4,0,3.1645569620253167e-5
潘公農,PERSON,1,1.2012012012012012e-4,9.479916298622018e-4,0,3.169170311212524e-5
潘善孚,PERSON,7,8.408408408408409e-4,0.015154100019939777,454.7070059528673,3.340236488743403e-5
潘嗣,PERSON,1,1.2012012012012012e-4,2.7014569988356664e-4,0,3.1633556877135266e-5
潘垂統,PERSON,3,3.6036036036036037e-4,0.005944187846599402,149.18891925468796,3.229765519023319e-5
潘士,PERSON,30,0.0036036036036036037,0.06526849591250355,19691.710215108382,3.838771593090211e-5
潘士浩,PERSON,4,4.8048048048048047e-4,0.0041378283756921255,363.4937024823581,3.210891343436938e-5
潘子,PERSON,4,4.8048048048048047e-4,0.013506755655082928,117.44453779971819,3.343139876972452e-5
潘學,PERSON,2,2.4024024024024023e-4,0.0052657155989212215,25.469776933603082,3.241070849808777e-5
潘宏,PERSON,1,1.2012012012012012e-4,0.007287514023917674,0,3.309723969020984e-5
潘序,PERSON,12,0.0014414414414414415,0.008721469974927459,971.3701378468191,3.233107015842224e-5
潘廉,PERSON,4,4.8048048048048047e-4,0.0014435644736360952,0.2608695652173913,3.166561114629513e-5
潘志存,PERSON,1,1.2012012012012012e-4,0.008664365789620135,0,3.400435255712731e-5
潘成義,PERSON,1,1.2012012012012012e-4,3.572911334009593e-4,0,3.170577045022194e-5
潘昌猷,PERSON,3,3.6036036036036037e-4,0.0019077861132578353,0.8433397683397684,3.1671628555140305e-5
潘朝英,PERSON,3,3.6036036036036037e-4,0.003560605788958046,16.246700138563867,3.2127481847972756e-5
潘案,PERSON,7,8.408408408408409e-4,0.018640920617563415,521.7971177393985,3.43878954607978e-5
潘氏次,PERSON,3,3.6036036036036037e-4,0.003145947683775039,8.92648584527881,3.1912177687005363e-5
潘汝,PERSON,1,1.2012012012012012e-4,0.008664365789620133,0,3.400435255712731e-5
潘洽,PERSON,11,0.0013213213213213214,0.02722943244634548,4329.407733615103,3.5973811065544285e-5
潘海,PERSON,5,6.006006006006006e-4,0.0030523542350443023,8.251485943736157,3.1861339450710506e-5
潘漢,PERSON,4,4.8048048048048047e-4,0.0015365652320974321,2.086846584705914,3.172790151659369e-5
潘玉珍,PERSON,26,0.003123123123123123,0.04464599341312735,16302.362664168008,3.796795504594123e-5
潘甫忠,PERSON,3,3.6036036036036037e-4,0.008394630905946953,15.873785038424115,3.3101621979477e-5
潘秀,PERSON,5,6.006006006006006e-4,0.010654304170531596,128.8504303824068,3.4036759700476515e-5
潘秀娟,PERSON,2,2.4024024024024023e-4,7.056684629986546e-4,0.030303030303030304,3.168367023636018e-5
潘笑,PERSON,4,4.8048048048048047e-4,0.01055598133017933,318.08474722567826,3.371544167228591e-5
潘絡,PERSON,2,2.4024024024024023e-4,0.00551342120236354,1.582834490083944,3.2258064516129034e-5
潘綺,PERSON,5,6.006006006006006e-4,0.007685892930559607,45.732157310507276,3.2836409010310635e-5
潘緯,PERSON,4,4.8048048048048047e-4,0.013869862134917692,64.58532128018153,3.332666799973339e-5
潘議,PERSON,41,0.004924924924924925,0.0717317807419592,37935.225186443044,4.0199388969287666e-5
潘議長,PERSON,19,0.0022822822822822822,0.026306988688579922,1888.8343591336195,3.4127363319909904e-5
潘連茹,PERSON,5,6.006006006006006e-4,0.012998718461465213,183.31460662748728,3.415533847940433e-5
潘銘,PERSON,3,3.6036036036036037e-4,0.003065740764800373,22.707641647122816,3.2024594888874656e-5
潘陽,PERSON,3,3.6036036036036037e-4,0.0033585257927222735,11.463261142128841,3.194479938665985e-5
潘陽市參議會,ORG,28,0.0033633633633633636,0.026588522375448398,7507.458027123316,4.30070531567177e-5
潤勳,PERSON,2,2.4024024024024023e-4,0.006967976565524217,24.082354120731317,3.269042170644001e-5
潤庠,PERSON,7,8.408408408408409e-4,0.005797328733201594,122.86350442142638,3.17258883248731e-5
潤生,PERSON,2,2.4024024024024023e-4,7.25515998625699e-4,0.034482758620689655,3.167564143173899e-5
澄平,PERSON,4,4.8048048048048047e-4,0.009770143025983825,215.69612140413477,3.401129174886062e-5
澄魯,PERSON,6,7.207207207207207e-4,0.014411723880959883,250.80825175331708,3.381348481774532e-5
澍主,PERSON,5,6.006006006006006e-4,0.008898943083553922,155.88176483167697,3.283209665769256e-5
澍任,PERSON,4,4.8048048048048047e-4,0.005405919404448128,10.001208699415605,3.197953309881676e-5
澍吳,PERSON,2,2.4024024024024023e-4,0.004658251992983911,2.8611597954819303,3.222687721559781e-5
澤光率,PERSON,13,0.0015615615615615615,0.018751534708401563,1492.2465937039783,3.461405330564209e-5
澳門民信銀號,ORG,23,0.002762762762762763,0.05151250664652207,5113.813727187324,4.2988565041698905e-5
濂為,PERSON,1,1.2012012012012012e-4,6.225211412554053e-4,0,3.164356686285678e-5
濃黃,PERSON,3,3.6036036036036037e-4,0.010054606654089249,21.81379750771509,3.3460483169376966e-5
濟兪,PERSON,2,2.4024024024024023e-4,0.0024351374211466718,2.0304168970839447,3.209654641160611e-5
濟晟,PERSON,3,3.6036036036036037e-4,0.0077575808820907945,84.46012077456552,3.3521051220166265e-5
濟會,ORG,10,0.0012012012012012011,0.0187910893273386,9996.118691736237,4.294425835265825e-5
濟民,PERSON,4,4.8048048048048047e-4,0.002286162309219498,10.216291185068014,3.176821907363873e-5
濟總署,ORG,9,0.001081081081081081,0.03275476568241579,1307.0504896589923,4.2936882782310004e-5
濟良,PERSON,1,1.2012012012012012e-4,6.896996953853931e-4,0,3.1669622498099825e-5
濟部,ORG,2,2.4024024024024023e-4,0.016717674606548376,225.43961062420513,4.2911088225197394e-5
濤吳,PERSON,5,6.006006006006006e-4,0.010106088921800638,118.14803519999626,3.3025099075297225e-5
濤爲,PERSON,4,4.8048048048048047e-4,0.004700450151931147,37.63387724947352,3.225390272222939e-5
濱筱,PERSON,6,7.207207207207207e-4,0.0051888864609529895,38.82898733835354,3.201024327784891e-5
灃劉,PERSON,2,2.4024024024024023e-4,0.002277787011830328,3.501056180548725,3.209654641160611e-5
灘馬,PERSON,4,4.8048048048048047e-4,0.0036199725882840044,3.8065488913942205,3.183496752833312e-5
火水,PERSON,4,4.8048048048048047e-4,0.016734315957207237,2285.415313394421,3.5960874568469505e-5
炎卿,PERSON,5,6.006006006006006e-4,0.008388932296133706,173.52543655094541,3.3548040794417606e-5
炎培,PERSON,16,0.0019219219219219219,0.029729130637689245,1146.1427101124061,3.434537711224069e-5
炎鳴,PERSON,2,2.4024024024024023e-4,0.005290200751899169,13.874347490521853,3.257328990228013e-5
炳元,PERSON,2,2.4024024024024023e-4,0.003837914070351483,16.514917093148522,3.232897969740075e-5
炳星,PERSON,12,0.0014414414414414415,0.02470491946374112,2867.0678232000887,3.581918475535497e-5
炳章,PERSON,12,0.0014414414414414415,0.015312028344477044,973.1364402486665,3.327122704285334e-5
炳領,PERSON,7,8.408408408408409e-4,0.005901204383500433,36.199420026929104,3.217917363882096e-5
為夏,PERSON,7,8.408408408408409e-4,0.015154100019939783,454.7070059528673,3.340236488743403e-5
為張,PERSON,11,0.0013213213213213214,0.01522662890396399,543.0098288490186,3.347840642785403e-5
為徐,PERSON,11,0.0013213213213213214,0.015226628903963998,543.0098288490186,3.347840642785403e-5
為杜月,PERSON,1,1.2012012012012012e-4,4.1017117779173557e-4,0,3.161955353190413e-5
為汪,PERSON,12,0.0014414414414414415,0.015312028344477042,973.1364402486665,3.327122704285334e-5
為洪,PERSON,11,0.0013213213213213214,0.015226628903963995,543.0098288490186,3.347840642785403e-5
為潘,PERSON,1,1.2012012012012012e-4,9.36362783187345e-4,0,3.177831447820008e-5
為王,PERSON,11,0.0013213213213213214,0.015226628903963998,543.0098288490186,3.347840642785403e-5
為雷,PERSON,8,9.609609609609609e-4,0.00630247543646585,126.23522581003662,3.244225279003374e-5
為麟,PERSON,5,6.006006006006006e-4,0.008896309424278168,648.6603531364918,3.358183894150044e-5
烈士,PERSON,1,1.2012012012012012e-4,5.179202581807356e-4,0,3.163555836760519e-5
烏崖琴,PERSON,5,6.006006006006006e-4,0.013241752149410894,1490.3715156178876,3.4317089910775565e-5
烟中,PERSON,4,4.8048048048048047e-4,0.008366771104785545,52.9343858105446,3.3103813559322034e-5
無綫電台,ORG,15,0.0018018018018018018,0.025312203361195714,14914.384130351997,4.2959017097688804e-5
無綫電報,ORG,1,1.2012012012012012e-4,0.016416165344663884,0,4.290740581824423e-5
無綫電學,ORG,1,1.2012012012012012e-4,0.01641616534466388,0,4.290740581824423e-5
無綫電校,ORG,15,0.0018018018018018018,0.03234755673161615,2957.9301839732875,4.296270836913559e-5
焦克雄,PERSON,6,7.207207207207207e-4,0.0033717197301791416,28.478568813996905,3.188368830506313e-5
焦易堂,PERSON,5,6.006006006006006e-4,0.015831338587423832,508.1961196048012,3.4267699266671235e-5
焦月,PERSON,9,0.001081081081081081,0.013583517366899937,1080.4233387666163,3.340906053721769e-5
焦樹藩,PERSON,4,4.8048048048048047e-4,0.007129144551065533,188.6986298217545,3.2716089772950334e-5
焦鴻英,PERSON,1,1.2012012012012012e-4,6.447707875682823e-4,0,3.171180313312615e-5
焦鼎鎧,PERSON,7,8.408408408408409e-4,0.015154100019939783,454.7070059528673,3.340236488743403e-5
然柯,PERSON,4,4.8048048048048047e-4,0.011632450896750298,291.13651510072094,3.3178500331785e-5
煒明,PERSON,1,1.2012012012012012e-4,3.3186988618653083e-4,0,3.1629554655870446e-5
煒顯,PERSON,1,1.2012012012012012e-4,3.3186988618653083e-4,0,3.1629554655870446e-5
煜麟,PERSON,4,4.8048048048048047e-4,0.011632450896750298,291.13651510072094,3.3178500331785e-5
煥然,PERSON,4,4.8048048048048047e-4,0.007352731978671449,59.746961717430565,3.236874474007898e-5
煥章,PERSON,7,8.408408408408409e-4,0.010962824355139896,3778.988592436659,3.410641200545703e-5
煦棻,PERSON,2,2.4024024024024023e-4,0.006345737002595776,18.57962516909915,3.340236488743403e-5
煦蔣,PERSON,3,3.6036036036036037e-4,0.004556664630359591,82.82966821872313,3.240650722665111e-5
照烜,PERSON,9,0.001081081081081081,0.021824502529691044,1256.6181197464418,3.506803198204517e-5
照相製版業同業公會,ORG,10,0.0012012012012012011,0.02013340476611427,11814.562205166198,4.294057025077293e-5
熊偉,PERSON,7,8.408408408408409e-4,0.015154100019939788,454.7070059528673,3.340236488743403e-5
熊叔,PERSON,3,3.6036036036036037e-4,0.0030674689716283453,0.9487453334324024,3.183091418385536e-5
熊國,PERSON,5,6.006006006006006e-4,0.012562970273465118,4084.241584767992,3.434065934065934e-5
熊士,PERSON,2,2.4024024024024023e-4,0.006235020022145421,75.82813921485136,3.340236488743403e-5
熊天,PERSON,2,2.4024024024024023e-4,0.00876647290324011,79.54108101827777,3.3018556428712935e-5
熊尊爵,PERSON,5,6.006006006006006e-4,0.006694952444738094,126.67598379748357,3.238551719670963e-5
熊復,PERSON,3,3.6036036036036037e-4,0.0030674689716283458,0.9487453334324024,3.183091418385536e-5
熊淑衡,PERSON,15,0.0018018018018018018,0.010073075782113345,222.9046313491959,3.248229714805431e-5
熊遂,PERSON,8,9.609609609609609e-4,0.015609128736287212,291.0896421783415,3.4115720524017465e-5
熊道弘,PERSON,4,4.8048048048048047e-4,0.005026862025977055,16.556145673492605,3.214813862277374e-5
熙徐,PERSON,9,0.001081081081081081,0.01743693774595481,122.44182752488796,3.404371212637026e-5
熙結,PERSON,2,2.4024024024024023e-4,0.006345737002595777,18.57962516909915,3.340236488743403e-5
熙編,PERSON,3,3.6036036036036037e-4,0.0018482281052370536,23.591477360902896,3.181876034109711e-5
熙說,PERSON,5,6.006006006006006e-4,0.0015460386763627729,1.25,3.163756011136421e-5
熙醫,PERSON,8,9.609609609609609e-4,0.006305818172552534,4.87739165774387,3.1758130081300816e-5
熹雲,PERSON,8,9.609609609609609e-4,0.03041099956595784,1211.1368630802024,3.464043231259526e-5
熾律,PERSON,5,6.006006006006006e-4,0.004673525183078837,96.06375948260704,3.2156408772268315e-5
熾炎,PERSON,4,4.8048048048048047e-4,0.004700450151931147,37.63387724947352,3.225390272222939e-5
燕婉,PERSON,4,4.8048048048048047e-4,0.012695912274313563,484.6470389848895,3.4260655063724815e-5
燕萍,PERSON,2,2.4024024024024023e-4,7.056684629986544e-4,0.030303030303030304,3.168367023636018e-5
爲丁,PERSON,6,7.207207207207207e-4,0.0022984585655197575,1.6813576810374764,3.1729914963827895e-5
爲于,PERSON,2,2.4024024024024023e-4,0.001686397919960768,0.5396596215666166,3.168969451134491e-5
爲余,PERSON,1,1.2012012012012012e-4,6.82617460920393e-4,0,3.170376006594382e-5
爲剡溪,PERSON,7,8.408408408408409e-4,0.008638477541041053,165.81986702133946,3.249074013906037e-5
爲吳,PERSON,1,1.2012012012012012e-4,2.9267261410567387e-4,0,3.163956210846042e-5
爲崔,PERSON,5,6.006006006006006e-4,0.003709617770387473,56.52644576572049,3.205333675235592e-5
爲張,PERSON,22,0.002642642642642643,0.02033786105661864,1800.485742375396,3.2847194849559846e-5
爲楊,PERSON,8,9.609609609609609e-4,0.003563690535986856,88.34994259865287,3.1790437436419124e-5
爲程,PERSON,7,8.408408408408409e-4,0.027678655002694515,480.29727571669935,3.3847820200379094e-5
爲耿心,PERSON,11,0.0013213213213213214,0.01439419626244903,72.08630625498091,3.237503237503238e-5
爲華韶聲,ORG,23,0.002762762762762763,0.05151250664652206,5113.813727187324,4.2988565041698905e-5
爲蔣,PERSON,1,1.2012012012012012e-4,2.974561310530416e-4,0,3.163956210846042e-5
爲谷,PERSON,1,1.2012012012012012e-4,0.008664365789620142,0,3.400435255712731e-5
爲金,PERSON,2,2.4024024024024023e-4,0.008766472903240112,79.54108101827777,3.3018556428712935e-5
爲陳,PERSON,4,4.8048048048048047e-4,0.002009320064740675,15.423830762040794,3.1832940727064365e-5
爲齊,PERSON,2,2.4024024024024023e-4,0.008766472903240112,79.54108101827777,3.3018556428712935e-5
爵士咖啡館,ORG,6,7.207207207207207e-4,0.017153026789949462,4345.750224522677,4.292582417582418e-5
父孫,PERSON,1,1.2012012012012012e-4,5.911391877955828e-4,0,3.163555836760519e-5
爾元,PERSON,10,0.0012012012012012011,0.021473819546404684,1261.668089626234,3.391440005426304e-5
爾國,PERSON,13,0.0015615615615615615,0.017288778854104677,1113.6816770905461,3.3377837116154874e-5
爾斯,PERSON,14,0.0016816816816816818,0.023866154406792798,4053.06477001906,3.4818941504178274e-5
牛虁,PERSON,1,1.2012012012012012e-4,0.0010396489255900601,0,3.173394262503174e-5
物資供應局,ORG,23,0.002762762762762763,0.039613720993471685,5055.86433478676,4.2988565041698905e-5
特會,ORG,24,0.002882882882882883,0.04239460888782069,11044.89698958431,4.299226139294927e-5
特松,PERSON,1,1.2012012012012012e-4,2.9745613105304193e-4,0,3.163956210846042e-5
特煩,PERSON,2,2.4024024024024023e-4,7.056684629986547e-4,0.030303030303030304,3.168367023636018e-5
特組織委,ORG,22,0.002642642642642643,0.044271832979353797,9413.74504005938,4.298486932599725e-5
犯顧,PERSON,1,1.2012012012012012e-4,3.744358652787377e-4,0,3.166561114629513e-5
狄沙白尼斯,PERSON,2,2.4024024024024023e-4,0.001122677883842025,1.900025780466493,3.171180313312615e-5
狄膺,PERSON,1,1.2012012012012012e-4,4.292786478744359e-4,0,3.165759149043941e-5
猷曹,PERSON,2,2.4024024024024023e-4,0.006345737002595774,18.57962516909915,3.340236488743403e-5
獨立出版社,ORG,37,0.0044444444444444444,0.048653796228410776,11129.449963995869,4.3040371868812945e-5
獨鶴,PERSON,4,4.8048048048048047e-4,0.012670906611790045,285.68269213796316,3.37997701615629e-5
玄徐,PERSON,1,1.2012012012012012e-4,0.007287514023917677,0,3.309723969020984e-5
率子,PERSON,5,6.006006006006006e-4,0.009648216995931514,344.5150585139114,3.322921512593873e-5
玉亭,PERSON,2,2.4024024024024023e-4,0.008766472903240114,79.54108101827777,3.3018556428712935e-5
玉堂,PERSON,2,2.4024024024024023e-4,0.001725808301815381,1.5277695033446725,3.174200101574403e-5
玉堂春,PERSON,59,0.007087087087087087,0.12890089465940532,78214.90133867499,4.3455588388666785e-5
玉家,PERSON,3,3.6036036036036037e-4,0.006915181970999826,104.55167668063402,3.273751063969096e-5
玉屏,PERSON,2,2.4024024024024023e-4,0.011519252717289213,166.19785782117216,3.3763252076440005e-5
玉德徐,PERSON,7,8.408408408408409e-4,0.005901204383500433,36.199420026929104,3.217917363882096e-5
玉成,PERSON,1,1.2012012012012012e-4,3.572911334009592e-4,0,3.170577045022194e-5
玉書,PERSON,25,0.003003003003003003,0.03633653304667652,12140.982789593068,3.576793762071679e-5
玉瑛,PERSON,4,4.8048048048048047e-4,0.010376818415791331,1252.1030831279033,3.411339291805963e-5
玉田,PERSON,2,2.4024024024024023e-4,0.0014125392031875148,2.7298770435449624,3.178437480134766e-5
玉華,PERSON,9,0.001081081081081081,0.02084045756296344,1410.618038237952,3.529827038475115e-5
玉薇,PERSON,12,0.0014414414414414415,0.022443696215793084,4981.496291097245,3.544590954203885e-5
玉蘭劇團,ORG,32,0.0038438438438438438,0.026387484267928293,14415.430633770296,4.302185510239202e-5
玉趾,PERSON,8,9.609609609609609e-4,0.008219383141215335,1335.5859589304566,3.2701111837802485e-5
玉馨,PERSON,4,4.8048048048048047e-4,0.012262490915419118,482.0682132597925,3.427239701144698e-5
玉鳳,PERSON,3,3.6036036036036037e-4,0.0010616436936611339,0.2841238564773236,3.1709791983764585e-5
王一亭,PERSON,3,3.6036036036036037e-4,0.0035050186207591376,25.880068645314193,3.197544285988361e-5
王一鳴,PERSON,9,0.001081081081081081,0.012058727667521292,163.1970346503108,3.293373732051113e-5
王世,PERSON,2,2.4024024024024023e-4,0.002435137421146671,2.0304168970839447,3.209654641160611e-5
王世圻,PERSON,20,0.0024024024024024023,0.015364293922675049,288.7302265735127,3.249918752031199e-5
王世杰,PERSON,25,0.003003003003003003,0.04625605119436552,16535.407854275363,3.7127793866488455e-5
王世法,PERSON,5,6.006006006006006e-4,0.007154840492146821,58.10820386381375,3.288608260983952e-5
王主,PERSON,1,1.2012012012012012e-4,0.008664365789620137,0,3.400435255712731e-5
王乃徐,PERSON,7,8.408408408408409e-4,0.023872079497426035,1110.9653038090846,3.465003465003465e-5
王之仁,PERSON,8,9.609609609609609e-4,0.021782513054374647,532.5523691977385,3.4489894460922946e-5
王之卓,PERSON,2,2.4024024024024023e-4,0.0033864248276347653,9.047984526590414,3.2160545442850713e-5
王也樵,PERSON,9,0.001081081081081081,0.012058727667521302,163.1970346503108,3.293373732051113e-5
王人麟,PERSON,14,0.0016816816816816818,0.017996658012081015,1114.7986053649581,3.3360021350413664e-5
王仲寛,PERSON,7,8.408408408408409e-4,0.02368849417460933,929.0681891487944,3.4020548411240386e-5
王仲寬,PERSON,9,0.001081081081081081,0.012058727667521302,163.1970346503108,3.293373732051113e-5
王伯元,PERSON,3,3.6036036036036037e-4,0.008042392983777388,158.98413549945283,3.355254328278084e-5
王伯天,PERSON,9,0.001081081081081081,0.009767562622242496,359.3553772832108,3.258602711157456e-5
王伯登,PERSON,3,3.6036036036036037e-4,0.0069151819709998225,104.55167668063402,3.273751063969096e-5
王伯衡,PERSON,1,1.2012012012012012e-4,3.03401692839681e-4,0,3.168567807351077e-5
王位,PERSON,8,9.609609609609609e-4,0.021782513054374647,532.5523691977385,3.4489894460922946e-5
王佩珍,PERSON,18,0.002162162162162162,0.0599852029054196,6773.149630945264,3.759681179036018e-5
王俠民,PERSON,7,8.408408408408409e-4,0.01515410001993978,454.7070059528673,3.340236488743403e-5
王修範,PERSON,3,3.6036036036036037e-4,0.01522254617624752,317.8175412682892,3.3795201081446433e-5
王傑捕,PERSON,2,2.4024024024024023e-4,0.0033864248276347674,9.047984526590414,3.2160545442850713e-5
王傚言,PERSON,7,8.408408408408409e-4,0.01466855959048505,876.1411339420099,3.4385530568736674e-5
王儒堂,PERSON,6,7.207207207207207e-4,0.0036156852192290668,37.63324498685252,3.1671628555140305e-5
王允康,PERSON,3,3.6036036036036037e-4,0.0039622903197266595,78.29264215453013,3.221857078420001e-5
王元,PERSON,2,2.4024024024024023e-4,0.0024351374211466713,2.0304168970839447,3.209654641160611e-5
王兆槐,PERSON,6,7.207207207207207e-4,0.0198109497553671,688.4983050572263,3.4746351633078526e-5
王兆祉,PERSON,4,4.8048048048048047e-4,0.0034233277737512995,1.5278830362062124,3.183496752833312e-5
王兆祗,PERSON,9,0.001081081081081081,0.012058727667521302,163.1970346503108,3.293373732051113e-5
王兆荃,PERSON,10,0.0012012012012012011,0.00395752146681991,15.928045064627232,3.170376006594382e-5
王先,PERSON,32,0.0038438438438438438,0.060660258634487575,20710.706091275424,3.759398496240601e-5
王先靑,PERSON,10,0.0012012012012012011,0.015301768944532576,1127.2326333989847,3.309723969020984e-5
王先青,PERSON,34,0.004084084084084084,0.05486350012732371,12177.750381028683,3.632664922987504e-5
王光漢,PERSON,2,2.4024024024024023e-4,0.0013359026660494258,0.4162703256742152,3.1709791983764585e-5
王兩,PERSON,4,4.8048048048048047e-4,0.003993569765499822,43.55237240426918,3.230808994572241e-5
王冠靑,PERSON,9,0.001081081081081081,0.016840520297682,1898.3310697649094,3.4743937182961575e-5
王冠青,PERSON,3,3.6036036036036037e-4,0.004978650309673925,6.494225787961368,3.2113037893384715e-5
王剛,PERSON,6,7.207207207207207e-4,0.005418347936242184,0.49999999999999994,3.168367023636018e-5
王劍偉,PERSON,2,2.4024024024024023e-4,0.0024351374211466713,2.0304168970839447,3.209654641160611e-5
王劍平,PERSON,3,3.6036036036036037e-4,0.006915181970999825,104.55167668063402,3.273751063969096e-5
王劍鍔,PERSON,43,0.005165165165165165,0.0767095161140518,44073.02247921418,4.1003772347055926e-5
王劍鐸,PERSON,7,8.408408408408409e-4,0.01864092061756341,521.7971177393985,3.43878954607978e-5
王効蓀,PERSON,9,0.001081081081081081,0.012058727667521304,163.1970346503108,3.293373732051113e-5
王勤,PERSON,4,4.8048048048048047e-4,0.011527446887860069,46.1487429685942,3.279118572927597e-5
王勲,PERSON,5,6.006006006006006e-4,0.01080236735782021,93.96841260415628,3.346496218459273e-5
王卓然,PERSON,12,0.0014414414414414415,0.027377350148472125,1455.1212660391411,3.4255960537133464e-5
王叔榮,PERSON,9,0.001081081081081081,0.012058727667521297,163.1970346503108,3.293373732051113e-5
王叔英,PERSON,5,6.006006006006006e-4,0.012502109341978462,1917.2606556437984,3.3939723051859896e-5
王吉拍,PERSON,4,4.8048048048048047e-4,0.0011594270820940308,0.8571428571428571,3.1633556877135266e-5
王吉甫,PERSON,1,1.2012012012012012e-4,0.008664365789620142,0,3.400435255712731e-5
王名善,PERSON,7,8.408408408408409e-4,0.0063969874575325325,208.0892555014702,3.245910153206959e-5
王吟靑,PERSON,2,2.4024024024024023e-4,0.0028357523065035816,2.1236965299172272,3.189182293659906e-5
王含,PERSON,1,1.2012012012012012e-4,0.008664365789620139,0,3.400435255712731e-5
王含韋,PERSON,1,1.2012012012012012e-4,0.008664365789620137,0,3.400435255712731e-5
王品,PERSON,7,8.408408408408409e-4,0.015154100019939788,454.7070059528673,3.340236488743403e-5
王啓宇,PERSON,20,0.0024024024024024023,0.0406994332916717,7576.796055786094,3.563283922462942e-5
王啓梅,PERSON,7,8.408408408408409e-4,0.011359972633530259,790.6473321794142,3.407619437061269e-5
王善祥,PERSON,6,7.207207207207207e-4,0.021120442387131916,1051.680939539417,3.494304284017052e-5
王嘵籟,PERSON,4,4.8048048048048047e-4,0.010099899713335683,367.85096518933176,3.320935175345377e-5
王國源,PERSON,3,3.6036036036036037e-4,0.0012282960871250765,3.8818038503306744,3.170778108947936e-5
王培元,PERSON,4,4.8048048048048047e-4,0.011060730322090035,603.7355239679507,3.4059945504087195e-5
王培基,PERSON,12,0.0014414414414414415,0.02193194506446186,3838.437578687186,3.5300762496469926e-5
王培源,PERSON,2,2.4024024024024023e-4,0.009592995499271853,16.10224503881566,3.400666530640005e-5
王培蓀,PERSON,16,0.0019219219219219219,0.029729130637689245,1146.1427101124061,3.434537711224069e-5
王報吿,PERSON,2,2.4024024024024023e-4,0.009069702448310365,54.373300114906755,3.400666530640005e-5
王天福,PERSON,17,0.002042042042042042,0.013513809307985562,26.71664589579696,3.181673560292714e-5
王委,PERSON,1,1.2012012012012012e-4,7.500878468123806e-4,0,3.164356686285678e-5
王子,PERSON,24,0.002882882882882883,0.05692098007293126,18642.46794282699,3.797660641045116e-5
王子平,PERSON,9,0.001081081081081081,0.027113772111367264,2690.443770024964,3.5642999714856005e-5
王子揚,PERSON,4,4.8048048048048047e-4,0.0016319870171358417,3.004631250901446,3.170577045022194e-5
王孝英,PERSON,4,4.8048048048048047e-4,0.01352959172678907,715.2816505038129,3.445899379738111e-5
王完白,PERSON,1,1.2012012012012012e-4,0.007287514023917682,0,3.309723969020984e-5
王宜,PERSON,4,4.8048048048048047e-4,0.0038740660517186704,19.07718454390562,3.199181009661527e-5
王宜聲,PERSON,4,4.8048048048048047e-4,0.012173807195320697,461.65212375700884,3.4253613756251286e-5
王家,PERSON,2,2.4024024024024023e-4,0.003958807621168855,6.721109675552256,3.2216494845360825e-5
王家仁,PERSON,7,8.408408408408409e-4,0.023688494174609342,929.0681891487944,3.4020548411240386e-5
王家楨,PERSON,3,3.6036036036036037e-4,0.0056793074750177055,50.8155508556313,3.242962770787391e-5
王家沙,PERSON,6,7.207207207207207e-4,0.01743515909946234,1789.719228902623,3.507049168829347e-5
王家蓀,PERSON,9,0.001081081081081081,0.013647842328834153,576.9625899623856,3.301419610432486e-5
王寄一,PERSON,5,6.006006006006006e-4,0.007101203938386286,18.87665414648633,3.2127481847972756e-5
王富英,PERSON,9,0.001081081081081081,0.027113772111367274,2690.443770024964,3.5642999714856005e-5
王寵惠,PERSON,15,0.0018018018018018018,0.02683048254793059,12998.277281437233,3.6611261624075566e-5
王小二,PERSON,4,4.8048048048048047e-4,0.0015365652320974326,2.086846584705914,3.172790151659369e-5
王小逸,PERSON,3,3.6036036036036037e-4,0.0016032386528296418,1.0942282987102634,3.1762164909160206e-5
王少,PERSON,2,2.4024024024024023e-4,0.0017468999148220934,4.837797910604474,3.185930929017459e-5
王少樓,PERSON,2,2.4024024024024023e-4,0.0017468999148220934,4.837797910604474,3.185930929017459e-5
王山寳,PERSON,4,4.8048048048048047e-4,0.010414963878348055,244.49920581835897,3.34941050375134e-5
王崇植,PERSON,1,1.2012012012012012e-4,0.002418733847053929,0,3.202049311559398e-5
王崑倫,PERSON,3,3.6036036036036037e-4,0.007149375812880616,64.5461251024404,3.2713949227950796e-5
王嵩觀堂,PERSON,3,3.6036036036036037e-4,0.0010616436936611337,0.2841238564773236,3.1709791983764585e-5
王巖雲,PERSON,10,0.0012012012012012011,0.014655002050514714,1664.7092969684538,3.4551862345380415e-5
王左袁,PERSON,2,2.4024024024024023e-4,0.0022777870118303296,3.501056180548725,3.209654641160611e-5
王巨川,PERSON,5,6.006006006006006e-4,0.004080904430377634,18.919364027845845,3.2100667693888034e-5
王平陵,PERSON,2,2.4024024024024023e-4,0.001412539203187515,2.7298770435449624,3.178437480134766e-5
王幹侯,PERSON,1,1.2012012012012012e-4,0.0027873098307605853,0,3.228722717293039e-5
王庭長,PERSON,7,8.408408408408409e-4,0.008627685238770054,137.31732410819095,3.2356176794150005e-5
王延康,PERSON,6,7.207207207207207e-4,0.010892416593343527,366.7125957675009,3.355704697986577e-5
王延松,PERSON,45,0.005405405405405406,0.0927259439624977,57990.67169565782,4.0551500405515004e-5
王彬彥,PERSON,8,9.609609609609609e-4,0.004823959793510297,111.74610995601742,3.189385724309498e-5
王復初,PERSON,1,1.2012012012012012e-4,6.579306877011919e-4,0,3.1750063500127e-5
王復旦,PERSON,2,2.4024024024024023e-4,9.188256686464866e-4,1.5039057813604082,3.173394262503174e-5
王微,PERSON,8,9.609609609609609e-4,0.022676670064343676,2157.161476794024,3.50754121360926e-5
王徵,PERSON,18,0.002162162162162162,0.05998520290541962,6773.149630945264,3.759681179036018e-5
王德洪,PERSON,5,6.006006006006006e-4,0.00633664830915261,78.80545529604122,3.244014792707455e-5
王德溥,PERSON,1,1.2012012012012012e-4,0.0012674058119779815,0,3.181876034109711e-5
王德與,PERSON,5,6.006006006006006e-4,0.015759795439924628,996.9127785918146,3.463323405139572e-5
王德輿,PERSON,2,2.4024024024024023e-4,0.0014777779754580006,41.80429871306145,3.1790437436419124e-5
王志幸,PERSON,3,3.6036036036036037e-4,0.005423061913486291,6.081767134281239,3.2133676092544985e-5
王志成,PERSON,3,3.6036036036036037e-4,0.0032049150093768474,2.4817835973184477,3.197748784855462e-5
王志祥,PERSON,6,7.207207207207207e-4,0.0022984585655197575,1.6813576810374764,3.1729914963827895e-5
王志聖,PERSON,10,0.0012012012012012011,0.023052220328804256,753.0651082247564,3.392590582168544e-5
王志莘,PERSON,22,0.002642642642642643,0.04061422340939639,6771.653150794243,3.5529027215234845e-5
王志華,PERSON,9,0.001081081081081081,0.014607065646061203,759.4619678605234,3.295110056675893e-5
王志萃,PERSON,2,2.4024024024024023e-4,0.00336672547691613,96.58502210542807,3.207801372938988e-5
王念忱,PERSON,2,2.4024024024024023e-4,0.001335902666049426,0.4162703256742152,3.1709791983764585e-5
王恒銘,PERSON,7,8.408408408408409e-4,0.01515410001993979,454.7070059528673,3.340236488743403e-5
王惠本,PERSON,6,7.207207207207207e-4,0.003707160382985391,2.7082164108705853,3.172387538861747e-5
王惠道,PERSON,6,7.207207207207207e-4,0.003707160382985393,2.7082164108705853,3.172387538861747e-5
王慶勳,PERSON,1,1.2012012012012012e-4,2.701456998835666e-4,0,3.1633556877135266e-5
王慶善,PERSON,1,1.2012012012012012e-4,2.701456998835667e-4,0,3.1633556877135266e-5
王慶瑞,PERSON,1,1.2012012012012012e-4,2.701456998835665e-4,0,3.1633556877135266e-5
王應麒,PERSON,2,2.4024024024024023e-4,0.0024351374211466718,2.0304168970839447,3.209654641160611e-5
王戎,PERSON,1,1.2012012012012012e-4,0.0010238773972413948,0,3.176620076238882e-5
王振先,PERSON,3,3.6036036036036037e-4,0.011891099204577923,127.22990949590022,3.306878306878307e-5
王振宇,PERSON,2,2.4024024024024023e-4,0.0038111872280019816,94.22554149470282,3.237084034701541e-5
王撫洲,PERSON,2,2.4024024024024023e-4,0.003432159912693471,28.888209647156057,3.2041012495994874e-5
王效文,PERSON,20,0.0024024024024024023,0.03351365897225044,8412.747015139057,3.614544928793465e-5
王敬,PERSON,8,9.609609609609609e-4,0.010964947868916537,801.6398186571895,3.321817698644698e-5
王文初,PERSON,9,0.001081081081081081,0.012058727667521297,163.1970346503108,3.293373732051113e-5
王文卿,PERSON,7,8.408408408408409e-4,0.015154100019939784,454.7070059528673,3.340236488743403e-5
王文娟,PERSON,9,0.001081081081081081,0.019053790414778178,3462.5873579291147,3.4950370473927024e-5
王文山,PERSON,10,0.0012012012012012011,0.023052220328804256,753.0651082247564,3.392590582168544e-5
王文榮,PERSON,2,2.4024024024024023e-4,0.011519252717289213,166.19785782117216,3.3763252076440005e-5
王文龍,PERSON,2,2.4024024024024023e-4,0.0024351374211466713,2.0304168970839447,3.209654641160611e-5
王新衡,PERSON,26,0.003123123123123123,0.05776575365243117,15909.261378911231,3.7344088430801405e-5
王昌夫,PERSON,3,3.6036036036036037e-4,0.0031828631115406766,51.53375337654831,3.2160545442850713e-5
王明楓,PERSON,11,0.0013213213213213214,0.028240455610817995,2121.196729252374,3.493327744008943e-5
王明衣,PERSON,11,0.0013213213213213214,0.011540486026563405,839.0520211275652,3.323584153150758e-5
王明選,PERSON,8,9.609609609609609e-4,0.015609128736287203,291.0896421783415,3.4115720524017465e-5
王星舟,PERSON,1,1.2012012012012012e-4,0.008664365789620137,0,3.400435255712731e-5
王星齋,PERSON,4,4.8048048048048047e-4,0.001443564473636095,0.2608695652173913,3.166561114629513e-5
王晉琦,PERSON,1,1.2012012012012012e-4,0.0013881408023677954,0,3.174200101574403e-5
王晓籟,PERSON,2,2.4024024024024023e-4,0.0016987991618605484,133.17381171781415,3.1820785336982115e-5
王景,PERSON,4,4.8048048048048047e-4,0.014359650835732238,673.6735852641114,3.419271011420365e-5
王景虎,PERSON,4,4.8048048048048047e-4,0.014359650835732233,673.6735852641114,3.419271011420365e-5
王景賢,PERSON,5,6.006006006006006e-4,0.002608913600130311,6.733121545357587,3.182483610209407e-5
王曉,PERSON,23,0.002762762762762763,0.03559843259463015,9875.16512670693,3.5668426309031246e-5
王曉範,PERSON,2,2.4024024024024023e-4,0.003931569119925996,10.913884209394915,3.233107015842224e-5
王曉籁,PERSON,1,1.2012012012012012e-4,0.003259903321987142,0,3.2214419174022295e-5
王曉籍,PERSON,23,0.002762762762762763,0.035234715338676344,6806.829905611837,3.528830545557202e-5
王曉籟,PERSON,1675,0.2012012012012012,1,14403286.788640404,6.674676278200507e-5
王曉籲,PERSON,4,4.8048048048048047e-4,0.009770143025983821,215.69612140413477,3.401129174886062e-5
王曉繼,PERSON,2,2.4024024024024023e-4,0.0036425599819561727,19.558288007323434,3.2264309221139574e-5
王曉續,PERSON,5,6.006006006006006e-4,0.008098027441746706,76.71006892147572,3.2920726889649725e-5
王曉賴,PERSON,6,7.207207207207207e-4,0.022109434416480236,1324.148449461815,3.5208788113513136e-5
王書,PERSON,1,1.2012012012012012e-4,2.796505887626999e-4,0,3.162355322244007e-5
王書章,PERSON,1,1.2012012012012012e-4,3.789807969594066e-4,0,3.165959602355474e-5
王書麟,PERSON,15,0.0018018018018018018,0.010073075782113345,222.9046313491959,3.248229714805431e-5
王本,PERSON,2,2.4024024024024023e-4,0.0024351374211466718,2.0304168970839447,3.209654641160611e-5
王本善,PERSON,19,0.0022822822822822822,0.025738941216028485,3070.7525747611135,3.4312379906670324e-5
王杏林,PERSON,5,6.006006006006006e-4,0.007154840492146821,58.10820386381375,3.288608260983952e-5
王東原,PERSON,7,8.408408408408409e-4,0.005151357536331922,79.95900768741475,3.210685160213189e-5
王松谷,PERSON,3,3.6036036036036037e-4,0.015222546176247529,317.8175412682892,3.3795201081446433e-5
王桐坡,PERSON,7,8.408408408408409e-4,0.01515410001993978,454.7070059528673,3.340236488743403e-5
王棟,PERSON,5,6.006006006006006e-4,0.004673525183078837,96.06375948260704,3.2156408772268315e-5
王棟彬,PERSON,5,6.006006006006006e-4,0.004673525183078838,96.06375948260704,3.2156408772268315e-5
王槐安,PERSON,6,7.207207207207207e-4,0.022874900499598717,354.44088573884153,3.3763252076440005e-5
王正剛,PERSON,9,0.001081081081081081,0.012058727667521299,163.1970346503108,3.293373732051113e-5
王正延,PERSON,3,3.6036036036036037e-4,0.010002217362508326,135.27609714198354,3.316529583443884e-5
王正廷,PERSON,62,0.007447447447447447,0.0984790478638317,48803.52696352807,3.986922892911251e-5
王氏用,PERSON,2,2.4024024024024023e-4,0.009069702448310363,54.373300114906755,3.400666530640005e-5
王民,PERSON,3,3.6036036036036037e-4,0.007164031891446344,214.16093135313199,3.27890353465801e-5
王民寗,PERSON,6,7.207207207207207e-4,0.015820483738001368,1025.2535560947676,3.471981112422748e-5
王永年,PERSON,3,3.6036036036036037e-4,0.008394630905946953,15.873785038424115,3.3101621979477e-5
王永昌,PERSON,18,0.002162162162162162,0.05998520290541964,6773.149630945264,3.759681179036018e-5
王永興,PERSON,9,0.001081081081081081,0.021573660654306666,967.9523097490462,3.473669584549118e-5
王永齡,PERSON,9,0.001081081081081081,0.01743693774595482,122.44182752488796,3.404371212637026e-5
王治平,PERSON,15,0.0018018018018018018,0.02093212632384621,2933.0505020156693,3.4298257648511456e-5
王泉奎,PERSON,7,8.408408408408409e-4,0.023688494174609345,929.0681891487944,3.4020548411240386e-5
王洪甦,PERSON,7,8.408408408408409e-4,0.023688494174609335,929.0681891487944,3.4020548411240386e-5
王洽民,PERSON,1,1.2012012012012012e-4,0.0010238773972413955,0,3.176620076238882e-5
王海帆,PERSON,12,0.0014414414414414415,0.025487357749950916,4020.6674386776867,3.4406826314340766e-5
王淦,PERSON,18,0.002162162162162162,0.014788737677293384,201.67545512535725,3.249496328069149e-5
王湘秋,PERSON,9,0.001081081081081081,0.012058727667521299,163.1970346503108,3.293373732051113e-5
王湧海,PERSON,1,1.2012012012012012e-4,4.3076664423586107e-4,0,3.1671628555140305e-5
王準臣,PERSON,16,0.0019219219219219219,0.027212827687461087,2929.003665607546,3.409943394939644e-5
王漢生,PERSON,3,3.6036036036036037e-4,0.001061643693661134,0.2841238564773236,3.1709791983764585e-5
王潞,PERSON,9,0.001081081081081081,0.011146657979520322,865.0163393453738,3.272893892779996e-5
王潤生,PERSON,9,0.001081081081081081,0.012058727667521297,163.1970346503108,3.293373732051113e-5
王澤齋,PERSON,2,2.4024024024024023e-4,0.009587794476595314,106.7149017249399,3.408548639989093e-5
王炳魁,PERSON,3,3.6036036036036037e-4,0.015222546176247515,317.8175412682892,3.3795201081446433e-5
王熙春,PERSON,22,0.002642642642642643,0.03868458549936423,5348.20759502869,3.486264119369684e-5
王熙雲,PERSON,11,0.0013213213213213214,0.0038133961276483512,54.100590510048,3.1719850282306667e-5
王爕元,PERSON,1,1.2012012012012012e-4,0.007287514023917677,0,3.309723969020984e-5
王爾藩,PERSON,2,2.4024024024024023e-4,0.0024351374211466718,2.0304168970839447,3.209654641160611e-5
王琥,PERSON,5,6.006006006006006e-4,0.015097467801323806,124.28719872113183,3.3377837116154874e-5
王瑋,PERSON,3,3.6036036036036037e-4,0.00472745520657673,96.23275575979261,3.226014581585909e-5
王瑞林,PERSON,1,1.2012012012012012e-4,0.007287514023917678,0,3.309723969020984e-5
王瑞興,PERSON,3,3.6036036036036037e-4,0.008984615214494436,116.28256708398199,3.354128932716174e-5
王璉卿,PERSON,8,9.609609609609609e-4,0.006302475436465851,126.23522581003662,3.244225279003374e-5
王璐,PERSON,1,1.2012012012012012e-4,0.0011862283096443704,0,3.182686187141948e-5
王知本,PERSON,1,1.2012012012012012e-4,3.8916307814442657e-4,0,3.1695721077654516e-5
王祖廉,PERSON,3,3.6036036036036037e-4,0.005423061913486289,6.081767134281239,3.2133676092544985e-5
王福,PERSON,1,1.2012012012012012e-4,6.579306877011924e-4,0,3.1750063500127e-5
王禮,PERSON,1,1.2012012012012012e-4,3.323539038810934e-4,0,3.1671628555140305e-5
王禹卿,PERSON,2,2.4024024024024023e-4,0.008766472903240109,79.54108101827777,3.3018556428712935e-5
王秀鶴,PERSON,1,1.2012012012012012e-4,2.7014569988356664e-4,0,3.1633556877135266e-5
王秉鈞,PERSON,9,0.001081081081081081,0.01836660727729061,3074.459065500549,3.503608716978488e-5
王秋田,PERSON,3,3.6036036036036037e-4,0.008394630905946953,15.873785038424115,3.3101621979477e-5
王稼瑞,PERSON,5,6.006006006006006e-4,0.00783456140377943,680.6319750860526,3.354128932716174e-5
王立,PERSON,2,2.4024024024024023e-4,0.010036837140034048,11.770881107718926,3.400666530640005e-5
王立文,PERSON,17,0.002042042042042042,0.011954316444097314,383.70147413741887,3.248651809499058e-5
王立鐸,PERSON,6,7.207207207207207e-4,0.0037071603829853922,2.7082164108705853,3.172387538861747e-5
王竹林,PERSON,7,8.408408408408409e-4,0.01515410001993978,454.7070059528673,3.340236488743403e-5
王筱,PERSON,3,3.6036036036036037e-4,0.008984615214494437,116.28256708398199,3.354128932716174e-5
王筱甫,PERSON,2,2.4024024024024023e-4,7.255159986256989e-4,0.034482758620689655,3.167564143173899e-5
王紀華,PERSON,3,3.6036036036036037e-4,0.007149375812880612,64.5461251024404,3.2713949227950796e-5
王紹鍪,PERSON,3,3.6036036036036037e-4,0.0032049150093768474,2.4817835973184477,3.197748784855462e-5
王綏,PERSON,2,2.4024024024024023e-4,0.002435137421146673,2.0304168970839447,3.209654641160611e-5
王維駰,PERSON,6,7.207207207207207e-4,0.022874900499598717,354.44088573884153,3.3763252076440005e-5
王維骃,PERSON,7,8.408408408408409e-4,0.018640920617563415,521.7971177393985,3.43878954607978e-5
王綺格,PERSON,5,6.006006006006006e-4,0.003709617770387473,56.52644576572049,3.205333675235592e-5
王綺雲,PERSON,2,2.4024024024024023e-4,7.750665576789088e-4,0.7352342292962631,3.171180313312615e-5
王繹齊,PERSON,11,0.0013213213213213214,0.012582657830935009,980.7180622787682,3.30338266384778e-5
王繹齋,PERSON,33,0.003963963963963964,0.06994785763133395,20145.934340796946,3.8414259373079284e-5
王繼善,PERSON,16,0.0019219219219219219,0.02972913063768924,1146.1427101124061,3.434537711224069e-5
王續緒,PERSON,5,6.006006006006006e-4,0.0023714300468630446,11.810714078938775,3.1719850282306667e-5
王署,PERSON,1,1.2012012012012012e-4,0.0014147683594056078,0,3.1762164909160206e-5
王羅達,PERSON,18,0.002162162162162162,0.01478873767729338,201.67545512535725,3.249496328069149e-5
王美云,PERSON,2,2.4024024024024023e-4,7.056684629986544e-4,0.030303030303030304,3.168367023636018e-5
王美玉,PERSON,3,3.6036036036036037e-4,0.0016032386528296424,1.0942282987102634,3.1762164909160206e-5
王義德,PERSON,9,0.001081081081081081,0.021573660654306666,967.9523097490462,3.473669584549118e-5
王義榮,PERSON,2,2.4024024024024023e-4,0.0015459143952658936,0.2997876643819991,3.171180313312615e-5
王翔,PERSON,10,0.0012012012012012011,0.023052220328804256,753.0651082247564,3.392590582168544e-5
王耀武,PERSON,3,3.6036036036036037e-4,0.001882369681289253,13.081522526007891,3.182281059063136e-5
王者,PERSON,9,0.001081081081081081,0.01701681126779322,498.2935689795516,3.2985882042485813e-5
王耕弘,PERSON,1,1.2012012012012012e-4,3.318698861865308e-4,0,3.1629554655870446e-5
王致雲,PERSON,6,7.207207207207207e-4,0.0042911245716606185,41.87340493461373,3.184307731499172e-5
王艮仲,PERSON,26,0.003123123123123123,0.026804432863636467,2708.580572171199,3.358635050715389e-5
王良,PERSON,11,0.0013213213213213214,0.022232631601176608,2746.576367193579,3.4865072170699395e-5
王艷震,PERSON,4,4.8048048048048047e-4,0.010555981330179333,318.08474722567826,3.371544167228591e-5
王芝顏,PERSON,2,2.4024024024024023e-4,0.006711802367600248,10.062345019626324,3.340236488743403e-5
王芸生,PERSON,17,0.002042042042042042,0.033812631732483125,4743.174832892494,3.52410487736115e-5
王萍,PERSON,9,0.001081081081081081,0.012058727667521299,163.1970346503108,3.293373732051113e-5
王𫊞,PERSON,1,1.2012012012012012e-4,6.579306877011924e-4,0,3.1750063500127e-5
王蟯籟,PERSON,5,6.006006006006006e-4,0.008098027441746706,76.71006892147572,3.2920726889649725e-5
王衛民,PERSON,12,0.0014414414414414415,0.021950941646328905,1391.1190503008233,3.357732858773756e-5
王謝,PERSON,4,4.8048048048048047e-4,0.005665268229381879,65.9745187566222,3.24380433372259e-5
王貴榮,PERSON,7,8.408408408408409e-4,0.01515410001993978,454.7070059528673,3.340236488743403e-5
王趾賁,PERSON,4,4.8048048048048047e-4,0.0023946441124781137,3.323940258103555,3.1719850282306667e-5
王輔宜,PERSON,10,0.0012012012012012011,0.023052220328804256,753.0651082247564,3.392590582168544e-5
王道平,PERSON,2,2.4024024024024023e-4,0.0018418778694907917,2.8315810897782505,3.185727938834024e-5
王達民,PERSON,10,0.0012012012012012011,0.0129686848828625,839.3829092741145,3.3617965440731524e-5
王遜志,PERSON,1,1.2012012012012012e-4,0.008664365789620137,0,3.400435255712731e-5
王選靑,PERSON,1,1.2012012012012012e-4,2.9030437878763403e-4,0,3.162355322244007e-5
王選青,PERSON,18,0.002162162162162162,0.05998520290541962,6773.149630945264,3.759681179036018e-5
王邈達,PERSON,12,0.0014414414414414415,0.021428816162089893,4933.283005346068,3.570153516601214e-5
王部,PERSON,3,3.6036036036036037e-4,0.00549522420333923,170.19904303818808,3.245488770608854e-5
王金石,PERSON,1,1.2012012012012012e-4,0.008664365789620137,0,3.400435255712731e-5
王金財,PERSON,5,6.006006006006006e-4,0.010106088921800638,118.14803519999626,3.3025099075297225e-5
王錦堃,PERSON,2,2.4024024024024023e-4,0.002277787011830329,3.501056180548725,3.209654641160611e-5
王錦文,PERSON,3,3.6036036036036037e-4,0.001061643693661134,0.2841238564773236,3.1709791983764585e-5
王錦湖,PERSON,7,8.408408408408409e-4,0.005901204383500433,36.199420026929104,3.217917363882096e-5
王錫年,PERSON,9,0.001081081081081081,0.021573660654306666,967.9523097490462,3.473669584549118e-5
王錫禎,PERSON,2,2.4024024024024023e-4,0.006345737002595774,18.57962516909915,3.340236488743403e-5
王鍾麟,PERSON,1,1.2012012012012012e-4,7.732780585623033e-4,0,3.171180313312615e-5
王鎭冰,PERSON,5,6.006006006006006e-4,0.015600085532933176,149.90229652275153,3.3413525795241913e-5
王鏤冰,PERSON,5,6.006006006006006e-4,0.007452134795871071,51.27465028605978,3.228931223764934e-5
王鐵民,PERSON,10,0.0012012012012012011,0.02305222032880425,753.0651082247564,3.392590582168544e-5
王開照,PERSON,6,7.207207207207207e-4,0.007392233652634118,1329.3297614207193,3.349186147766093e-5
王闌芳,PERSON,2,2.4024024024024023e-4,6.269218673298667e-4,0.047619047619047616,3.165759149043941e-5
王關秀,PERSON,2,2.4024024024024023e-4,0.00643408393789296,16.62449614338071,3.340236488743403e-5
王陵基,PERSON,4,4.8048048048048047e-4,0.011864305202467356,303.32107076697275,3.413202266366305e-5
王隢籟,PERSON,4,4.8048048048048047e-4,0.0038740660517186717,19.07718454390562,3.199181009661527e-5
王雅,PERSON,9,0.001081081081081081,0.012058727667521293,163.1970346503108,3.293373732051113e-5
王雪塵,PERSON,11,0.0013213213213213214,0.02133402955475346,5150.900777356907,3.4952813701502974e-5
王雪壞,PERSON,9,0.001081081081081081,0.012058727667521302,163.1970346503108,3.293373732051113e-5
王雪琴,PERSON,2,2.4024024024024023e-4,0.0017468999148220936,4.837797910604474,3.185930929017459e-5
王雲,PERSON,7,8.408408408408409e-4,0.01083557946170543,156.62163591963042,3.2679738562091506e-5
王雲五,PERSON,13,0.0015615615615615615,0.027978055527952267,5957.584725660648,3.5914380117799164e-5
王雲甫,PERSON,6,7.207207207207207e-4,0.016417024132482406,927.5212789738429,3.4279446044151926e-5
王雲程,PERSON,4,4.8048048048048047e-4,0.0138698621349177,64.58532128018153,3.332666799973339e-5
王震南,PERSON,14,0.0016816816816816818,0.026106167174784242,1555.0326371509018,3.3907500339075e-5
王震歐,PERSON,9,0.001081081081081081,0.012058727667521297,163.1970346503108,3.293373732051113e-5
王震百,PERSON,14,0.0016816816816816818,0.04057368767001903,4607.443252454358,3.6702635249210895e-5
王震鄉,PERSON,3,3.6036036036036037e-4,0.0011541878809954926,0.15789473684210525,3.166160081053698e-5
王靖時,PERSON,9,0.001081081081081081,0.012058727667521299,163.1970346503108,3.293373732051113e-5
王靜齋,PERSON,1,1.2012012012012012e-4,0.0010238773972413952,0,3.176620076238882e-5
王面,PERSON,2,2.4024024024024023e-4,6.606230903498302e-4,0.05555555555555555,3.165157941381275e-5
王韻梅,PERSON,14,0.0016816816816816818,0.031027850324292193,5739.0717013090725,3.5584655896377484e-5
王韻海,PERSON,1,1.2012012012012012e-4,0.0031311950065727677,0,3.210891343436938e-5
王頴甫,PERSON,3,3.6036036036036037e-4,0.008394630905946953,15.873785038424115,3.3101621979477e-5
王顯廷,PERSON,3,3.6036036036036037e-4,0.010629738730158862,21.45554897877954,3.4008978370289756e-5
王顯猷,PERSON,1,1.2012012012012012e-4,3.034016928396808e-4,0,3.168567807351077e-5
王馥蓀,PERSON,3,3.6036036036036037e-4,0.003204915009376847,2.4817835973184477,3.197748784855462e-5
王鴻文,PERSON,2,2.4024024024024023e-4,0.013244642168602732,700.3298298644016,3.468368479467259e-5
玲娥,PERSON,5,6.006006006006006e-4,0.002260020860158816,2.678688658930617,3.17017499365965e-5
玲靜,PERSON,4,4.8048048048048047e-4,0.008366771104785547,52.9343858105446,3.3103813559322034e-5
珂女,PERSON,5,6.006006006006006e-4,0.0088963094242781645,648.6603531364918,3.358183894150044e-5
珊長,PERSON,1,1.2012012012012012e-4,3.323539038810937e-4,0,3.1671628555140305e-5
珍係,PERSON,1,1.2012012012012012e-4,6.579306877011921e-4,0,3.1750063500127e-5
珍妮,PERSON,5,6.006006006006006e-4,0.007685892930559607,45.732157310507276,3.2836409010310635e-5
珍尼,PERSON,9,0.001081081081081081,0.006392699524589511,1.2948917180374984,3.1746031746031745e-5
珍得,PERSON,2,2.4024024024024023e-4,7.750665576789091e-4,0.7352342292962631,3.171180313312615e-5
珍滬,PERSON,6,7.207207207207207e-4,0.0051888864609529895,38.82898733835354,3.201024327784891e-5
珍爲,PERSON,7,8.408408408408409e-4,0.012834018966379578,1105.1541259752728,3.410641200545703e-5
珍產,PERSON,4,4.8048048048048047e-4,0.012670906611790048,285.68269213796316,3.37997701615629e-5
珍訂,PERSON,5,6.006006006006006e-4,0.004823651277713829,148.08245019116586,3.238971302714258e-5
珏趙,PERSON,17,0.002042042042042042,0.013513809307985564,26.71664589579696,3.181673560292714e-5
珠應,PERSON,1,1.2012012012012012e-4,4.1833047371100555e-4,0,3.164356686285678e-5
珠玉業,ORG,6,7.207207207207207e-4,0.019301933756466483,1356.141733152012,4.292950974499871e-5
珠玲,PERSON,1,1.2012012012012012e-4,4.485561346253969e-4,0,3.165959602355474e-5
珠童,PERSON,6,7.207207207207207e-4,0.00797503281386332,208.7751025884347,3.295544423938835e-5
珠蘭于,PERSON,5,6.006006006006006e-4,0.007834561403779436,680.6319750860526,3.354128932716174e-5
珠訂,PERSON,3,3.6036036036036037e-4,0.00455666463035959,82.82966821872313,3.240650722665111e-5
班世,PERSON,5,6.006006006006006e-4,0.014355267748131397,543.6306676668611,3.3879929529746575e-5
班斧,PERSON,8,9.609609609609609e-4,0.011719447223610348,503.60558464521904,3.292289458089155e-5
班沈,PERSON,7,8.408408408408409e-4,0.014593309803199549,1115.6998550596402,3.449941350997033e-5
班路,PERSON,9,0.001081081081081081,0.01283697210329848,678.8636578707531,3.3375609104866166e-5
珮珩,PERSON,1,1.2012012012012012e-4,3.891630781444269e-4,0,3.1695721077654516e-5
現代經濟研究所,ORG,5,6.006006006006006e-4,0.016616303769398724,5418.073604533023,4.292213923941969e-5
現金,PERSON,4,4.8048048048048047e-4,0.010099899713335686,367.85096518933176,3.320935175345377e-5
琅報,PERSON,4,4.8048048048048047e-4,0.0013432273323401988,0.5454545454545454,3.164156435894191e-5
理事江,PERSON,11,0.0013213213213213214,0.01589746827148652,788.9861504349398,3.3348896151537383e-05
理事馮,PERSON,11,0.0013213213213213214,0.015897468271486515,788.9861504349398,3.3348896151537383e-05
理徐,PERSON,3,3.6036036036036037e-4,0.003505018620759139,25.880068645314193,3.197544285988361e-5
理監事,ORG,3,3.6036036036036037e-4,0.028746264280292227,17.347709504102394,4.291477126426916e-5
理盧,PERSON,7,8.408408408408409e-4,0.006634577952433318,381.72002560457827,3.241491085899514e-5
理處,ORG,3,3.6036036036036037e-4,0.022680472594733783,123.99052167096303,4.291477126426916e-5
理費,PERSON,8,9.609609609609609e-4,0.003454230896817708,11.917367657986436,3.174401625293632e-5
琇得,PERSON,2,2.4024024024024023e-4,7.750665576789087e-4,0.7352342292962631,3.171180313312615e-5
琇爲,PERSON,1,1.2012012012012012e-4,9.357195256186335e-4,0,3.166761669516752e-5
琇諸,PERSON,2,2.4024024024024023e-4,9.188256686464869e-4,1.5039057813604082,3.173394262503174e-5
琍兩,PERSON,8,9.609609609609609e-4,0.014001032946953072,698.8105776339785,3.408083975189148e-5
琛侯,PERSON,8,9.609609609609609e-4,0.013607640583828469,865.4911893050856,3.3783783783783784e-5
琛章,PERSON,3,3.6036036036036037e-4,0.0032049150093768444,2.4817835973184477,3.197748784855462e-5
琦朱,PERSON,5,6.006006006006006e-4,0.003052354235044303,8.251485943736157,3.1861339450710506e-5
琦童,PERSON,13,0.0015615615615615615,0.00521678525032408,3.5454545454545467,3.1681662653656065e-5
琦結,PERSON,6,7.207207207207207e-4,0.010811012398490546,310.5468774896433,3.368818218568926e-5
琪孫,PERSON,9,0.001081081081081081,0.006392699524589512,1.2948917180374984,3.1746031746031745e-5
琪芳,PERSON,1,1.2012012012012012e-4,7.070203701573331e-4,0,3.1758130081300816e-5
琪陸,PERSON,1,1.2012012012012012e-4,0.007287514023917678,0,3.309723969020984e-5
琳曹,PERSON,4,4.8048048048048047e-4,0.0024945081279082147,33.4304618472328,3.193867773874162e-5
琴于,PERSON,6,7.207207207207207e-4,0.016417024132482406,927.5212789738429,3.4279446044151926e-5
瑛同,PERSON,7,8.408408408408409e-4,0.019671034594503044,1206.342382844766,3.4770514603616136e-5
瑜卿,PERSON,9,0.001081081081081081,0.014268751363602446,3608.9322467295706,3.397662408263115e-5
瑞和洋行,ORG,30,0.0036036036036036037,0.023475691283155475,62964.004995557916,4.301445285615967e-5
瑞安商輪公司,ORG,11,0.0013213213213213214,0.0335113887177181,1349.3982712639852,4.294794708812919e-5
瑞宏爲,PERSON,6,7.207207207207207e-4,0.010811012398490546,310.5468774896433,3.368818218568926e-5
瑞庭,PERSON,3,3.6036036036036037e-4,0.008394630905946953,15.873785038424115,3.3101621979477e-5
瑞張,PERSON,5,6.006006006006006e-4,0.008896309424278168,648.6603531364918,3.358183894150044e-5
瑞昌橡膠厰,ORG,30,0.0036036036036036037,0.027369659505731864,20164.879267193875,4.301445285615967e-5
瑞珍,PERSON,5,6.006006006006006e-4,0.006604500402039296,45.62477476780193,3.23185314459311e-5
瑞甫,PERSON,1,1.2012012012012012e-4,0.005957128144685054,0,3.34001336005344e-5
瑞莘,PERSON,4,4.8048048048048047e-4,0.010414963878348057,244.49920581835897,3.34941050375134e-5
瑞華,PERSON,2,2.4024024024024023e-4,0.010036837140034048,11.770881107718926,3.400666530640005e-5
瑞雲,PERSON,1,1.2012012012012012e-4,0.008664365789620137,0,3.400435255712731e-5
瑞靈,PERSON,6,7.207207207207207e-4,0.016084135890712177,946.8420505518003,3.433830094086945e-5
瑩大,PERSON,7,8.408408408408409e-4,0.02767865500269451,480.29727571669935,3.3847820200379094e-5
瑪婷,PERSON,2,2.4024024024024023e-4,5.679995347648306e-4,0.05,3.165558721114277e-5
瑾若,PERSON,2,2.4024024024024023e-4,6.775332869662117e-4,0.05,3.165558721114277e-5
璇石揮,PERSON,3,3.6036036036036037e-4,0.0016032386528296414,1.0942282987102634,3.1762164909160206e-5
璋豫,PERSON,6,7.207207207207207e-4,0.01720892542385406,555.0915408844061,3.4270047978067166e-5
環二,PERSON,2,2.4024024024024023e-4,0.0011402012284938135,1.2730753878422225,3.1709791983764585e-5
璿熙,PERSON,17,0.002042042042042042,0.022402325284175944,1178.7157605231384,3.3763252076440005e-5
瓊王,PERSON,1,1.2012012012012012e-4,0.007287514023917674,0,3.309723969020984e-5
瓊空軍分,ORG,4,4.8048048048048047e-4,0.01653295470792171,2999.3657428353695,4.291845493562232e-5
瓊遜,PERSON,2,2.4024024024024023e-4,0.001261954825393358,2.1683427447535637,3.174401625293632e-5
甘一棠,PERSON,4,4.8048048048048047e-4,0.01207521015386041,443.03735759894954,3.427474636687688e-5
甘乃,PERSON,1,1.2012012012012012e-4,0.008664365789620132,0,3.400435255712731e-5
甘來,PERSON,9,0.001081081081081081,0.016083458145752627,1960.7021241236728,3.4882098507046184e-5
甘文,PERSON,2,2.4024024024024023e-4,0.011519252717289215,166.19785782117216,3.3763252076440005e-5
甘曉,PERSON,5,6.006006006006006e-4,0.00244645118621128,5.917931977948675,3.175409627841992e-5
甘默,PERSON,5,6.006006006006006e-4,0.0036454819129655767,21.30282521385167,3.193867773874162e-5
生偉,PERSON,1,1.2012012012012012e-4,0.00866436578962014,0,3.400435255712731e-5
生化藥廠,ORG,67,0.008048048048048049,0.047748396200383084,35002.42863073886,4.3151808060757745e-5
生吕,PERSON,7,8.408408408408409e-4,0.023688494174609342,929.0681891487944,3.4020548411240386e-5
生楊,PERSON,9,0.001081081081081081,0.01743693774595482,122.44182752488796,3.404371212637026e-5
生葉,PERSON,2,2.4024024024024023e-4,0.005321565564838399,72.31499807868863,3.2469640885771804e-5
生達機製信封,ORG,4,4.8048048048048047e-4,0.018058328851200397,499.15975562028694,4.292213923941969e-5
生達機製信封廠厦,ORG,8,9.609609609609609e-4,0.029683188518295982,697.6724956564543,4.2936882782310004e-5
產產,ORG,11,0.0013213213213213214,0.02484655773422403,11577.848829350345,4.294425835265825e-5
産黨,ORG,44,0.005285285285285286,0.04158202884708889,58862.04957757961,4.3070031871823586e-5
甦鳳,PERSON,1,1.2012012012012012e-4,3.4263422401875686e-4,0,3.163956210846042e-5
甫爲,PERSON,1,1.2012012012012012e-4,3.8916307814442673e-4,0,3.1695721077654516e-5
甫竺,PERSON,3,3.6036036036036037e-4,0.001223883554091389,3.235518080957076,3.1719850282306667e-5
甯結,PERSON,6,7.207207207207207e-4,0.010413158600293225,485.3035219474548,3.363832077502691e-5
田事,PERSON,5,6.006006006006006e-4,0.0026089136001303096,6.733121545357587,3.182483610209407e-5
田代,PERSON,1,1.2012012012012012e-4,0.001414768359405608,0,3.1762164909160206e-5
田信,PERSON,3,3.6036036036036037e-4,0.003204915009376847,2.4817835973184477,3.197748784855462e-5
田和卿,PERSON,9,0.001081081081081081,0.016879550326207374,1383.5501496080403,3.400204012240735e-5
田報,PERSON,8,9.609609609609609e-4,0.01868005640958921,1921.639490810231,3.487236713628121e-5
田子,PERSON,1,1.2012012012012012e-4,8.41506808595011e-4,0,3.176821907363873e-5
田安,PERSON,10,0.0012012012012012011,0.023052220328804256,753.0651082247564,3.392590582168544e-5
田崑山,PERSON,1,1.2012012012012012e-4,0.008664365789620137,0,3.400435255712731e-5
田律,PERSON,2,2.4024024024024023e-4,0.006235020022145419,75.82813921485136,3.340236488743403e-5
田永源,PERSON,3,3.6036036036036037e-4,0.008394630905946958,15.873785038424115,3.3101621979477e-5
田永識,PERSON,5,6.006006006006006e-4,0.009664079289121757,57.71799115042281,3.234780358413664e-5
田淑,PERSON,65,0.0078078078078078076,0.1382906941611807,89360.35668950481,4.234775980350639e-5
田清泉,PERSON,3,3.6036036036036037e-4,0.01062973873015886,21.45554897877954,3.4008978370289756e-5
田禮謙,PERSON,1,1.2012012012012012e-4,7.572224998241355e-4,0,3.1645569620253167e-5
田菊,PERSON,6,7.207207207207207e-4,0.006009345206287233,373.98718026010954,3.238132245320899e-5
田金,PERSON,1,1.2012012012012012e-4,3.493230066744233e-4,0,3.166360585143436e-5
由睦,PERSON,1,1.2012012012012012e-4,3.668602582378981e-4,0,3.162755392497944e-5
申卅申經秘電開,PERSON,5,6.006006006006006e-4,0.008962501522335185,195.26954394134353,3.2801941874959e-5
申吳,PERSON,1,1.2012012012012012e-4,0.007287514023917678,0,3.309723969020984e-5
申報,ORG,13,0.0015615615615615615,0.023134304033678537,3343.7114623643915,4.29553264604811e-5
申子,PERSON,4,4.8048048048048047e-4,0.0020093200647406753,15.423830762040794,3.1832940727064365e-5
申新公司,ORG,123,0.014774774774774775,0.08618886229054032,105208.09486758398,4.336137368831845e-5
申謝,PERSON,3,3.6036036036036037e-4,0.006643166885240421,42.05641769540766,3.294241665568586e-5
男世,PERSON,2,2.4024024024024023e-4,0.001436096931431214,0.5752070517687443,3.174804749507905e-5
男伯羣,PERSON,4,4.8048048048048047e-4,0.01037681841579133,1252.1030831279033,3.411339291805963e-5
男保,PERSON,3,3.6036036036036037e-4,0.006643166885240419,42.05641769540766,3.294241665568586e-5
男傅,PERSON,6,7.207207207207207e-4,0.014411723880959883,250.80825175331708,3.381348481774532e-5
男功,PERSON,1,1.2012012012012012e-4,7.46966757408105e-4,0,3.1713814537612584e-5
男國,PERSON,8,9.609609609609609e-4,0.02051254140309806,2686.308660622691,3.4882098507046184e-5
男威,PERSON,4,4.8048048048048047e-4,0.010414963878348057,244.49920581835897,3.34941050375134e-5
男安,PERSON,2,2.4024024024024023e-4,0.006819722814982091,39.53145604216699,3.3471682956219036e-5
男幼,PERSON,1,1.2012012012012012e-4,3.543333180082461e-4,0,3.167965532535006e-5
男張,PERSON,2,2.4024024024024023e-4,0.00643408393789296,16.62449614338071,3.340236488743403e-5
男志生,PERSON,1,1.2012012012012012e-4,4.36658331171848e-4,0,3.1671628555140305e-5
男惟,PERSON,7,8.408408408408409e-4,0.017960409819503344,1207.208225295111,3.45447008428907e-5
男振,PERSON,4,4.8048048048048047e-4,0.005266515502311284,280.26610737084036,3.249285157265401e-5
男文,PERSON,1,1.2012012012012012e-4,0.0059571281446850494,0,3.34001336005344e-5
男永,PERSON,7,8.408408408408409e-4,0.017960409819503347,1207.208225295111,3.45447008428907e-5
男濟,PERSON,7,8.408408408408409e-4,0.005901204383500432,36.199420026929104,3.217917363882096e-5
男熾,PERSON,2,2.4024024024024023e-4,0.006345737002595776,18.57962516909915,3.340236488743403e-5
男萬雄,PERSON,9,0.001081081081081081,0.014268751363602443,3608.9322467295706,3.397662408263115e-5
男竣,PERSON,6,7.207207207207207e-4,0.012176088278678394,382.2442872706947,3.402517863218782e-5
男維,PERSON,14,0.0016816816816816818,0.030008776426630638,4154.148220097428,3.558212354113294e-5
男迪,PERSON,1,1.2012012012012012e-4,8.415068085950114e-4,0,3.176821907363873e-5
男連,PERSON,2,2.4024024024024023e-4,0.005761146179090608,16.827041338636686,3.28709486555782e-5
男達,PERSON,2,2.4024024024024023e-4,6.775332869662111e-4,0.05,3.165558721114277e-5
男關,PERSON,1,1.2012012012012012e-4,3.891630781444266e-4,0,3.1695721077654516e-5
男雲,PERSON,7,8.408408408408409e-4,0.017960409819503347,1207.208225295111,3.45447008428907e-5
男鴻,PERSON,4,4.8048048048048047e-4,0.007006360092945604,623.4779752957115,3.343139876972452e-5
男鶴,PERSON,2,2.4024024024024023e-4,0.0014360969314312143,0.5752070517687443,3.174804749507905e-5
畏國,PERSON,2,2.4024024024024023e-4,0.0020729282638330547,0.863011355089435,3.17218627077782e-5
畏柏,PERSON,3,3.6036036036036037e-4,0.004047783743359782,12.33641349067866,3.198157861072023e-5
畏途汽車業聯,ORG,4,4.8048048048048047e-4,0.01743423905573751,1048.2722379960896,4.291845493562232e-5
畢範宇,PERSON,2,2.4024024024024023e-4,0.001436096931431214,0.5752070517687443,3.174804749507905e-5
畢連路,PERSON,2,2.4024024024024023e-4,5.679995347648314e-4,0.05,3.165558721114277e-5
畬陳,PERSON,5,6.006006006006006e-4,0.00677585216003782,45.03960850031755,3.2404406999351915e-5
畹雲,PERSON,1,1.2012012012012012e-4,4.183304737110057e-4,0,3.164356686285678e-5
瘦青,PERSON,4,4.8048048048048047e-4,0.0045932973299939546,44.99434718100529,3.217917363882096e-5
瘦鵑,PERSON,4,4.8048048048048047e-4,0.006422685959868413,55.40107853797565,3.2539372640895484e-5
登瀛,PERSON,1,1.2012012012012012e-4,0.0010396489255900595,0,3.173394262503174e-5
發爲,PERSON,2,2.4024024024024023e-4,0.0014168712421090291,28.842206849033754,3.18451054072989e-5
發行局,ORG,27,0.003243243243243243,0.04662752286071633,12027.495443987389,4.300335426163241e-5
白光仁,PERSON,3,3.6036036036036037e-4,0.012049056922188871,12.27847436442589,3.4008978370289756e-5
白克,PERSON,7,8.408408408408409e-4,0.014832070674627218,727.8509889492835,3.457814661134163e-5
白克路永年里,ORG,8,9.609609609609609e-4,0.018358390232946557,3479.8977389704664,4.2936882782310004e-5
白吉爾,PERSON,4,4.8048048048048047e-4,0.0073403564553852696,125.03804856422717,3.247174957786725e-5
白喪,PERSON,10,0.0012012012012012011,0.008210692360061654,66.51134436439983,3.193459794341189e-5
白崇禧,PERSON,10,0.0012012012012012011,0.017802244345320434,1386.9666110469466,3.455902681780481e-5
白市黨部,ORG,15,0.0018018018018018018,0.045692025577471394,42555.56076425989,4.2959017097688804e-5
白康,PERSON,3,3.6036036036036037e-4,0.001603238652829642,1.0942282987102634,3.1762164909160206e-5
白影,PERSON,5,6.006006006006006e-4,0.0076858929305596065,45.732157310507276,3.2836409010310635e-5
白清,PERSON,5,6.006006006006006e-4,0.012372925535878865,708.283500144123,3.442340791738382e-5
白濁,PERSON,4,4.8048048048048047e-4,0.0038551531410494387,33.498113525917994,3.203280158882696e-5
白爲,PERSON,1,1.2012012012012012e-4,4.2927864787443575e-4,0,3.165759149043941e-5
白特丹,PERSON,4,4.8048048048048047e-4,0.010555981330179333,318.08474722567826,3.371544167228591e-5
白玉薇,PERSON,2,2.4024024024024023e-4,0.005799792210387897,34.377279673523134,3.26477309826967e-5
白相相,PERSON,3,3.6036036036036037e-4,0.0029844514940606135,47.949843227077366,3.204511952829584e-5
白石,PERSON,1,1.2012012012012012e-4,7.543663085058473e-4,0,3.17017499365965e-5
白祟,PERSON,3,3.6036036036036037e-4,0.016789235131714132,990.3245349750619,3.533069530808366e-5
白部,PERSON,8,9.609609609609609e-4,0.00801832154226971,473.0314844011496,3.262217002675018e-5
白鐵,PERSON,3,3.6036036036036037e-4,0.0016032386528296424,1.0942282987102634,3.1762164909160206e-5
白雪牙膏,ORG,10,0.0012012012012012011,0.023428582319299514,3392.030612180745,4.294057025077293e-5
白雲,PERSON,6,7.207207207207207e-4,0.010644558116615868,1158.4122367890589,3.357281944537702e-5
白露,PERSON,6,7.207207207207207e-4,0.010644558116615872,1158.4122367890589,3.357281944537702e-5
白馮,PERSON,3,3.6036036036036037e-4,0.015275997019294137,420.14624893103274,3.45972875726543e-5
百忍堂,ORG,46,0.005525525525525526,0.04949016530600341,10897.508978719043,4.3077453260963214e-5
百昌行,ORG,32,0.0038438438438438438,0.04981696322615298,24329.68887199146,4.302185510239202e-5
百樂商,ORG,11,0.0013213213213213214,0.025998260633571108,1817.484669402929,4.294425835265825e-5
百樂門,ORG,11,0.0013213213213213214,0.025998260633571118,1817.484669402929,4.294425835265825e-5
百達,PERSON,6,7.207207207207207e-4,0.002298458565519758,1.6813576810374764,3.1729914963827895e-5
百韜夫人,PERSON,4,4.8048048048048047e-4,0.007352731978671454,59.746961717430565,3.236874474007898e-5
皇后無線電公司,ORG,1,1.2012012012012012e-4,0.016416165344663874,0,4.290740581824423e-5
皇家海軍,ORG,4,4.8048048048048047e-4,0.021025747810400282,8415.911513471176,4.292950974499871e-5
皋喬,PERSON,4,4.8048048048048047e-4,0.0064226859598684105,55.40107853797565,3.2539372640895484e-5
皋方,PERSON,5,6.006006006006006e-4,0.019000027015712354,326.847626021409,3.383178834833209e-5
皮作,PERSON,2,2.4024024024024023e-4,0.0011402012284938137,1.2730753878422225,3.1709791983764585e-5
皮應長,PERSON,2,2.4024024024024023e-4,5.39271626390563e-4,0.5,3.161955353190413e-5
皮革製品公司,ORG,6,7.207207207207207e-4,0.019932689812603925,1875.0476098733743,4.292582417582418e-5
益世報,ORG,18,0.002162162162162162,0.024631024607761086,6303.993115945577,4.2970092815400483e-5
益于,PERSON,14,0.0016816816816816818,0.02261679666503829,566.6897537742332,3.34851326011251e-5
盛任,PERSON,4,4.8048048048048047e-4,0.007352731978671454,59.746961717430565,3.236874474007898e-5
盛宣懷,PERSON,6,7.207207207207207e-4,0.010811012398490543,310.5468774896433,3.368818218568926e-5
盛岫,PERSON,7,8.408408408408409e-4,0.015154100019939783,454.7070059528673,3.340236488743403e-5
盛振,PERSON,1,1.2012012012012012e-4,7.732780585623033e-4,0,3.171180313312615e-5
盛振翼,PERSON,12,0.0014414414414414415,0.03330995994223473,2163.8012678752525,3.5303254960107325e-5
盛春,PERSON,7,8.408408408408409e-4,0.023688494174609342,929.0681891487944,3.4020548411240386e-5
盛昶,PERSON,4,4.8048048048048047e-4,0.011437519780461211,27.767186568712685,3.34627225271048e-5
盛武,PERSON,10,0.0012012012012012011,0.04336949953593713,7817.180167543459,3.793626707132018e-5
盛沛,PERSON,1,1.2012012012012012e-4,0.0013881408023677956,0,3.174200101574403e-5
盛為,PERSON,5,6.006006006006006e-4,0.009664079289121757,57.71799115042281,3.234780358413664e-5
盛翔,PERSON,27,0.003243243243243243,0.04063849572201287,18014.352545945654,3.802281368821293e-5
盛老,PERSON,4,4.8048048048048047e-4,0.011269647772469464,63.78114990571053,3.402286336418073e-5
盛章,PERSON,9,0.001081081081081081,0.028878937664183046,4881.246442875757,3.548364204101909e-5
盛頓,PERSON,7,8.408408408408409e-4,0.00504561604287259,166.17103942015106,3.23185314459311e-5
盟會,ORG,3,3.6036036036036037e-4,0.01865031137858923,2793.8921993332665,4.291477126426916e-5
盟軍,ORG,20,0.0024024024024024023,0.027305539586603235,8701.771219578404,4.298117424568039e-5
監察院,ORG,11,0.0013213213213213214,0.027169925875791718,17972.97537327548,4.294425835265825e-5
監核委,ORG,19,0.0022822822822822822,0.04704942924596844,5679.018575231344,4.298486932599725e-5
監理委員會,ORG,19,0.0022822822822822822,0.04440988412560818,2969.0753525297014,4.2973785990545764e-5
盧作,PERSON,1,1.2012012012012012e-4,0.002418733847053928,0,3.202049311559398e-5
盧俊卿,PERSON,1,1.2012012012012012e-4,0.0010238773972413955,0,3.176620076238882e-5
盧傑,PERSON,6,7.207207207207207e-4,0.009230969562999163,239.1377818693228,3.274608684262231e-5
盧冠六,PERSON,7,8.408408408408409e-4,0.008415306994095208,241.12944237297341,3.266479388515058e-5
盧培仁,PERSON,2,2.4024024024024023e-4,0.00876647290324011,79.54108101827777,3.3018556428712935e-5
盧家灣,PERSON,3,3.6036036036036037e-4,0.0020889509684572454,4.136456793321131,3.171783811215428e-5
盧廣,PERSON,6,7.207207207207207e-4,0.004189178195666427,123.88405725176109,3.194888178913738e-5
盧廣聲,PERSON,7,8.408408408408409e-4,0.017647932332197625,2000.7685765381236,3.548364204101909e-5
盧村禾,PERSON,11,0.0013213213213213214,0.01796420342438742,2920.1078833086335,3.4818941504178274e-5
盧耿臣,PERSON,5,6.006006006006006e-4,0.019000027015712354,326.847626021409,3.383178834833209e-5
盧蔚,PERSON,5,6.006006006006006e-4,0.015097467801323806,124.28719872113183,3.3377837116154874e-5
目大統織染廠股分有限公司,ORG,38,0.0045645645645645645,0.02753287123946296,15464.847254132523,4.304407713498623e-5
盲童學校,ORG,8,9.609609609609609e-4,0.018835564139408758,6933.427794814352,4.29331959471063e-5
相何,PERSON,1,1.2012012012012012e-4,0.00103964892559006,0,3.173394262503174e-5
相壽,PERSON,1,1.2012012012012012e-4,3.0340169283968094e-4,0,3.168567807351077e-5
相子,PERSON,6,7.207207207207207e-4,0.010811012398490544,310.5468774896433,3.368818218568926e-5
盼楊,PERSON,5,6.006006006006006e-4,0.01556649746328079,2123.869853110591,3.5780735651925e-5
省參議,ORG,13,0.0015615615615615615,0.026363188078955997,23788.38808879758,4.2951636457349025e-5
省商會,ORG,9,0.001081081081081081,0.018220758570139113,2886.844357747171,4.2936882782310004e-5
省政府,ORG,48,0.005765765765765766,0.027736012663049113,88719.64370092547,4.308116491469929e-5
省時大來集團,ORG,12,0.0014414414414414415,0.020871757613609352,34644.805416976196,4.2951636457349025e-5
省選,ORG,23,0.002762762762762763,0.019477605219451615,55722.3616220397,4.2988565041698905e-5
眉莊,PERSON,4,4.8048048048048047e-4,0.013979822452623969,1176.3750743909916,3.437607425232039e-5
眞傅,PERSON,4,4.8048048048048047e-4,0.002599769415730887,0.15789473684210525,3.1695721077654516e-5
眞夫,PERSON,8,9.609609609609609e-4,0.010042460247284434,72.32870814931653,3.230808994572241e-5
眞奚,PERSON,7,8.408408408408409e-4,0.018640920617563415,521.7971177393985,3.43878954607978e-5
眞如,PERSON,5,6.006006006006006e-4,0.019000027015712354,326.847626021409,3.383178834833209e-5
眞張,PERSON,3,3.6036036036036037e-4,0.015275997019294133,420.14624893103274,3.45972875726543e-5
眞楊,PERSON,2,2.4024024024024023e-4,0.004658251992983911,2.8611597954819303,3.222687721559781e-5
眞趙,PERSON,17,0.002042042042042042,0.013513809307985562,26.71664589579696,3.181673560292714e-5
眭光,PERSON,8,9.609609609609609e-4,0.021782513054374647,532.5523691977385,3.4489894460922946e-5
瞻謹,PERSON,5,6.006006006006006e-4,0.002446451186211281,5.917931977948675,3.175409627841992e-5
瞿堯,PERSON,6,7.207207207207207e-4,0.003707160382985391,2.7082164108705853,3.172387538861747e-5
瞿振,PERSON,5,6.006006006006006e-4,0.006775852160037823,45.03960850031755,3.2404406999351915e-5
瞿振華,PERSON,3,3.6036036036036037e-4,0.0027674131928352905,1.8662938674195404,3.1750063500127e-5
瞿旭,PERSON,4,4.8048048048048047e-4,0.004593297329993953,44.99434718100529,3.217917363882096e-5
瞿溫,PERSON,3,3.6036036036036037e-4,0.005423061913486288,6.081767134281239,3.2133676092544985e-5
瞿炳麟,PERSON,5,6.006006006006006e-4,0.019000027015712358,326.847626021409,3.383178834833209e-5
瞿矅,PERSON,2,2.4024024024024023e-4,0.0057611461790906095,16.827041338636686,3.28709486555782e-5
瞿鉞,PERSON,3,3.6036036036036037e-4,0.010002217362508328,135.27609714198354,3.316529583443884e-5
瞿鑠,PERSON,1,1.2012012012012012e-4,4.460259955792568e-4,0,3.163555836760519e-5
矜蘋,PERSON,2,2.4024024024024023e-4,0.004658251992983912,2.8611597954819303,3.222687721559781e-5
矜蘋當,PERSON,3,3.6036036036036037e-4,8.624218137755434e-4,1.0788168828908768,3.163956210846042e-5
矢口謝,PERSON,3,3.6036036036036037e-4,0.013985931354458527,829.7363171722034,3.4678873630184493e-5
知馮,PERSON,4,4.8048048048048047e-4,0.002599769415730885,0.15789473684210525,3.1695721077654516e-5
石堅,PERSON,17,0.002042042042042042,0.01195431644409732,383.70147413741887,3.248651809499058e-5
石子,PERSON,5,6.006006006006006e-4,0.0021437196863860523,1.7403021595343997,3.170376006594382e-5
石孝,PERSON,10,0.0012012012012012011,0.023052220328804256,753.0651082247564,3.392590582168544e-5
石德,PERSON,9,0.001081081081081081,0.006392699524589506,1.2948917180374984,3.1746031746031745e-5
石德康,PERSON,7,8.408408408408409e-4,0.01722246427467758,1721.9076050594535,3.447800303406427e-5
石志仁,PERSON,10,0.0012012012012012011,0.023052220328804256,753.0651082247564,3.392590582168544e-5
石志泉,PERSON,3,3.6036036036036037e-4,0.0010679870628493198,0.08823529411764705,3.168567807351077e-5
石振江,PERSON,10,0.0012012012012012011,0.023052220328804256,753.0651082247564,3.392590582168544e-5
石揮,PERSON,3,3.6036036036036037e-4,0.0016032386528296418,1.0942282987102634,3.1762164909160206e-5
石浩光,PERSON,2,2.4024024024024023e-4,0.0024351374211466726,2.0304168970839447,3.209654641160611e-5
石磯,PERSON,2,2.4024024024024023e-4,0.0017468999148220936,4.837797910604474,3.185930929017459e-5
石結,PERSON,5,6.006006006006006e-4,0.01567202299930433,1737.1969415396725,3.464523281596452e-5
石美玉,PERSON,7,8.408408408408409e-4,0.005045616042872592,166.17103942015106,3.23185314459311e-5
石芝坤,PERSON,2,2.4024024024024023e-4,0.004658251992983911,2.8611597954819303,3.222687721559781e-5
石道,PERSON,10,0.0012012012012012011,0.02305222032880426,753.0651082247564,3.392590582168544e-5
石邦,PERSON,5,6.006006006006006e-4,0.010927143529118676,456.56530399904364,3.3191715347849174e-5
石麒,PERSON,2,2.4024024024024023e-4,7.25515998625699e-4,0.034482758620689655,3.167564143173899e-5
砥礪,PERSON,7,8.408408408408409e-4,0.010148845038567665,219.32075045778464,3.277399056109072e-5
硯秋,PERSON,26,0.003123123123123123,0.05303638873259767,19129.74819981987,3.6121947695419734e-5
硯請,PERSON,4,4.8048048048048047e-4,0.011437519780461211,27.767186568712685,3.34627225271048e-5
碩彥,PERSON,37,0.0044444444444444444,0.019534755865303406,3506.095047258792,3.2836409010310635e-5
碩彦,PERSON,7,8.408408408408409e-4,0.007710606228028211,959.4192606991513,3.24485690181063e-5
碩攝,PERSON,1,1.2012012012012012e-4,0.0031311950065727673,0,3.210891343436938e-5
磐隊,ORG,10,0.0012012012012012011,0.016713033318382073,11092.560623924654,4.294057025077293e-5
礦務局,ORG,9,0.001081081081081081,0.03275476568241578,1307.0504896589923,4.2936882782310004e-5
礦業工會,ORG,120,0.014414414414414415,0.10309018767494747,73568.17761831117,4.335385415763461e-5
社偉,PERSON,1,1.2012012012012012e-4,6.169032346224964e-4,0,3.165759149043941e-5
社敎學院,ORG,58,0.006966966966966967,0.07367778334884616,17012.242145234275,4.3118316660917556e-5
社會局,ORG,306,0.036756756756756756,0.18833643058092583,634386.7044670052,4.4080049369655294e-5
社會教育學院,ORG,5,6.006006006006006e-4,0.021225163148515212,310.3248313017177,4.292582417582418e-5
社會教育警察衛生四局,ORG,10,0.0012012012012012011,0.0392955236912318,1306.6532293653418,4.2951636457349025e-5
社會部,ORG,113,0.013573573573573574,0.09299129326140826,119324.37561426591,4.332380209687202e-5
社月,PERSON,12,0.0014414414414414415,0.01974493115050043,2772.8192614210816,3.405762550234998e-5
社黨,ORG,40,0.004804804804804805,0.0502602037012393,13572.87677061149,4.30551967622492e-5
祁芸,PERSON,8,9.609609609609609e-4,0.02178251305437464,532.5523691977385,3.4489894460922946e-5
祈鑒,PERSON,2,2.4024024024024023e-4,6.606230903498302e-4,0.05555555555555555,3.165157941381275e-5
祖伍,PERSON,9,0.001081081081081081,0.012058727667521293,163.1970346503108,3.293373732051113e-5
祖允,PERSON,3,3.6036036036036037e-4,0.006643166885240419,42.05641769540766,3.294241665568586e-5
祖吳,PERSON,5,6.006006006006006e-4,0.019000027015712354,326.847626021409,3.383178834833209e-5
祖婉婷,PERSON,3,3.6036036036036037e-4,0.013922992504560399,312.97427616471094,3.4169343265222444e-5
祖庭,PERSON,11,0.0013213213213213214,0.012176911742520957,467.4992491046057,3.290123050602092e-5
祖康,PERSON,28,0.0033633633633633636,0.02839780758127582,1871.9818485171293,3.2985882042485813e-5
祖望,PERSON,1,1.2012012012012012e-4,0.007287514023917677,0,3.309723969020984e-5
祖淝,PERSON,4,4.8048048048048047e-4,0.004700450151931145,37.63387724947352,3.225390272222939e-5
祖興,PERSON,4,4.8048048048048047e-4,0.0025997694157308873,0.15789473684210525,3.1695721077654516e-5
祖蔭,PERSON,2,2.4024024024024023e-4,0.006967976565524212,24.082354120731317,3.269042170644001e-5
祖訂,PERSON,5,6.006006006006006e-4,0.007154840492146821,58.10820386381375,3.288608260983952e-5
祖詒,PERSON,21,0.0025225225225225223,0.06508880508282461,9460.644343539258,3.802281368821293e-5
祝仰,PERSON,2,2.4024024024024023e-4,0.0014360969314312138,0.5752070517687443,3.174804749507905e-5
祝匡,PERSON,2,2.4024024024024023e-4,0.009592995499271851,16.10224503881566,3.400666530640005e-5
祝同,PERSON,1,1.2012012012012012e-4,0.0010396489255900597,0,3.173394262503174e-5
祝平,PERSON,18,0.002162162162162162,0.03994577412518312,5224.304789553675,3.6405999708752e-5
祝文豪,PERSON,7,8.408408408408409e-4,0.015154100019939783,454.7070059528673,3.340236488743403e-5
祝百,PERSON,4,4.8048048048048047e-4,0.007347220778178678,123.83525735212622,3.2575412078962796e-5
祝華平,PERSON,2,2.4024024024024023e-4,6.269218673298666e-4,0.047619047619047616,3.165759149043941e-5
祝蔣,PERSON,24,0.002882882882882883,0.030682622767619225,4813.25157769811,3.4908887802834604e-5
祝鳳凰綢緞公司,ORG,33,0.003963963963963964,0.04650139747766432,9308.896194993033,4.302555718096549e-5
神州電訊社,ORG,22,0.002642642642642643,0.03292689568952299,11428.145715635925,4.298486932599725e-5
祥塈,PERSON,4,4.8048048048048047e-4,0.00399356976549982,43.55237240426918,3.230808994572241e-5
祥律,PERSON,8,9.609609609609609e-4,0.013895910536161073,2022.1007481122103,3.4343018064427503e-5
祥曹,PERSON,5,6.006006006006006e-4,0.019000027015712354,326.847626021409,3.383178834833209e-5
祥熙,PERSON,15,0.0018018018018018018,0.01911377850835964,1353.1624684796036,3.2998944033790916e-5
祥生交通公司,ORG,6,7.207207207207207e-4,0.02025824827435169,3607.7896730815155,4.292582417582418e-5
祥胞,PERSON,6,7.207207207207207e-4,0.010811012398490546,310.5468774896433,3.368818218568926e-5
祥著,PERSON,1,1.2012012012012012e-4,4.4855613462539733e-4,0,3.165959602355474e-5
祥雲,PERSON,16,0.0019219219219219219,0.020544864267527514,1440.6689235440947,3.360215053763441e-5
祺王,PERSON,4,4.8048048048048047e-4,0.010414963878348053,244.49920581835897,3.34941050375134e-5
祺石德,PERSON,9,0.001081081081081081,0.012058727667521293,163.1970346503108,3.293373732051113e-5
祿華,PERSON,1,1.2012012012012012e-4,3.891630781444266e-4,0,3.1695721077654516e-5
禎何,PERSON,11,0.0013213213213213214,0.022232631601176608,2746.576367193579,3.4865072170699395e-5
福利多,ORG,17,0.002042042042042042,0.04041031393827713,7125.76918245331,4.296640027498496e-5
福利西藥行,ORG,32,0.0038438438438438438,0.028440536537909684,6511.170458815163,4.302185510239202e-5
福利農場,ORG,17,0.002042042042042042,0.04041031393827714,7125.76918245331,4.296640027498496e-5
福台企業股份有限公司,ORG,24,0.002882882882882883,0.0257422694574362,11600.36313252898,4.299226139294927e-5
福啞學校,ORG,58,0.006966966966966967,0.059031841436404275,10109.46989315635,4.3118316660917556e-5
福州路信孚實業公司,ORG,30,0.0036036036036036037,0.03606437390738774,29472.745436661007,4.301445285615967e-5
福康,ORG,128,0.015375375375375375,0.11325270073414372,163850.4881662588,4.3383947939262474e-5
福成,ORG,26,0.003123123123123123,0.054934060270578663,7639.833496201805,4.299965600275198e-5
福拉塞,PERSON,1,1.2012012012012012e-4,3.45162152550734e-4,0,3.162755392497944e-5
福楣率,PERSON,5,6.006006006006006e-4,0.0037096177703874736,56.52644576572049,3.205333675235592e-5
福泰,PERSON,6,7.207207207207207e-4,0.026379160552445328,4253.231249322085,3.7020583444395086e-5
福源錢莊,ORG,27,0.003243243243243243,0.044430140422801516,7915.582443559922,4.300335426163241e-5
福特,ORG,159,0.0190990990990991,0.11030147466401449,165074.12354184737,4.351231398485771e-5
福田,PERSON,17,0.002042042042042042,0.043193646678111694,12717.049462483552,3.795066413662239e-5
福申輪船股份有限公司,ORG,11,0.0013213213213213214,0.018915793921956983,2442.785655245014,4.294425835265825e-5
福繆,PERSON,4,4.8048048048048047e-4,0.014359650835732233,673.6735852641114,3.419271011420365e-5
福良,PERSON,3,3.6036036036036037e-4,0.00621370722878342,218.53725737555138,3.2473858543872184e-5
福芝,PERSON,4,4.8048048048048047e-4,0.0015365652320974326,2.086846584705914,3.172790151659369e-5
福莊,PERSON,4,4.8048048048048047e-4,0.014669959261968499,897.6047969249222,3.4253613756251286e-5
福華行,ORG,25,0.003003003003003003,0.0364947853216278,15039.883258243988,4.2995958379912286e-5
福鄭,PERSON,11,0.0013213213213213214,0.02824045561081801,2121.196729252374,3.493327744008943e-5
禮俞,PERSON,1,1.2012012012012012e-4,7.098508719516962e-4,0,3.173394262503174e-5
禮堂麗都花園,ORG,5,6.006006006006006e-4,0.02806530924115187,188.49747500276717,4.292213923941969e-5
禮明,PERSON,8,9.609609609609609e-4,0.003454230896817708,11.917367657986436,3.174401625293632e-5
禮鑅,PERSON,7,8.408408408408409e-4,0.023688494174609342,929.0681891487944,3.4020548411240386e-5
禮鑒,PERSON,4,4.8048048048048047e-4,0.007352731978671453,59.746961717430565,3.236874474007898e-5
萬仞,PERSON,7,8.408408408408409e-4,0.017647932332197632,2000.7685765381236,3.548364204101909e-5
萬安,PERSON,4,4.8048048048048047e-4,0.0015365652320974328,2.086846584705914,3.172790151659369e-5
萬德,PERSON,7,8.408408408408409e-4,0.023688494174609363,929.0681891487944,3.4020548411240386e-5
萬福麟,PERSON,1,1.2012012012012012e-4,3.8572068695709655e-4,0,3.163555836760519e-5
萬竹小學,ORG,3,3.6036036036036037e-4,0.023015775347931474,86.37928330613475,4.291477126426916e-5
萬緒,PERSON,4,4.8048048048048047e-4,0.011639092416129277,401.10307059525803,3.325131342688036e-5
萬耀,PERSON,3,3.6036036036036037e-4,0.0010679870628493191,0.08823529411764705,3.168567807351077e-5
萬舖,PERSON,1,1.2012012012012012e-4,3.5729113340095926e-4,0,3.170577045022194e-5
萬萍,PERSON,3,3.6036036036036037e-4,0.007757580882090792,84.46012077456552,3.3521051220166265e-5
萬鉅,PERSON,1,1.2012012012012012e-4,6.266117199596771e-5,0,2.5042572373034157e-5
萬順,PERSON,1,1.2012012012012012e-4,0.007287514023917678,0,3.309723969020984e-5
萬鴻,PERSON,2,2.4024024024024023e-4,8.700739452890435e-4,0.3849408814655566,3.169170311212524e-5
萬墨,PERSON,5,6.006006006006006e-4,0.01900002701571235,326.847626021409,3.383178834833209e-5
萬墨林,PERSON,26,0.003123123123123123,0.05038743870174772,17978.589977927943,3.808073115003808e-5
禾子,PERSON,4,4.8048048048048047e-4,0.0064226859598684105,55.40107853797565,3.2539372640895484e-5
秀珍,PERSON,8,9.609609609609609e-4,0.012945596926493302,1631.457036626685,3.418803418803419e-5
秀結,PERSON,2,2.4024024024024023e-4,0.005321565564838399,72.31499807868863,3.2469640885771804e-5
秀訂,PERSON,4,4.8048048048048047e-4,0.011060730322090035,603.7355239679507,3.4059945504087195e-5
秀貞,PERSON,3,3.6036036036036037e-4,0.01005460665408924,21.81379750771509,3.3460483169376966e-5
私立醫藥專校,ORG,6,7.207207207207207e-4,0.02175719133256072,6281.29466913962,4.292582417582418e-5
秉彝,PERSON,14,0.0016816816816816818,0.020963862499251053,2388.8309949075,3.457097421005324e-5
秉文,PERSON,2,2.4024024024024023e-4,8.700739452890435e-4,0.3849408814655566,3.169170311212524e-5
秉義,PERSON,9,0.001081081081081081,0.013647842328834148,576.9625899623856,3.301419610432486e-5
秋演,PERSON,7,8.408408408408409e-4,0.027678655002694535,480.29727571669935,3.3847820200379094e-5
秋舫,PERSON,5,6.006006006006006e-4,0.007040452362103542,125.09531262320075,3.288175720110483e-5
秋陳,PERSON,4,4.8048048048048047e-4,0.005665268229381877,65.9745187566222,3.24380433372259e-5
秋霞,PERSON,9,0.001081081081081081,0.0029090119462142077,123.19186236018565,3.1709791983764585e-5
秋霞蘇,PERSON,2,2.4024024024024023e-4,7.056684629986542e-4,0.030303030303030304,3.168367023636018e-5
科丁,PERSON,4,4.8048048048048047e-4,0.012670906611790054,285.68269213796316,3.37997701615629e-5
科劉,PERSON,3,3.6036036036036037e-4,0.008166484072258123,145.71102886183576,3.302073702285035e-5
科李,PERSON,11,0.0013213213213213214,0.03309504748547856,4795.329265013895,3.6360991927859794e-5
秦傑,PERSON,5,6.006006006006006e-4,0.020220547440451542,227.69041462481698,3.363605785401951e-5
秦國,PERSON,7,8.408408408408409e-4,0.017960409819503347,1207.208225295111,3.45447008428907e-5
秦庭,PERSON,13,0.0015615615615615615,0.01875153470840156,1492.2465937039783,3.461405330564209e-5
秦德,PERSON,3,3.6036036036036037e-4,0.001067987062849319,0.08823529411764705,3.168567807351077e-5
秦潤,PERSON,11,0.0013213213213213214,0.023710273979206963,2449.6566234870065,3.441866868589523e-5
秦潤卿,PERSON,102,0.012252252252252252,0.13725119402157845,108826.82394416363,4.1421588932151434e-5
秦潤鄉,PERSON,8,9.609609609609609e-4,0.010744991659524026,637.4526568434475,3.290123050602092e-5
秦澗卿,PERSON,11,0.0013213213213213214,0.008668940896065664,65.8169152778398,3.192236480878503e-5
秦磐石,PERSON,6,7.207207207207207e-4,0.0022984585655197584,1.6813576810374764,3.1729914963827895e-5
秦秋,PERSON,6,7.207207207207207e-4,0.0022984585655197575,1.6813576810374764,3.1729914963827895e-5
秦聯,PERSON,5,6.006006006006006e-4,0.01888232004571539,642.6239619817983,3.4743937182961575e-5
秦香,PERSON,7,8.408408408408409e-4,0.028368573353433457,1897.1943503961495,3.542581833640357e-5
秦鶴金,PERSON,11,0.0013213213213213214,0.028240455610817998,2121.196729252374,3.493327744008943e-5
程三,PERSON,1,1.2012012012012012e-4,0.00866436578962014,0,3.400435255712731e-5
程中行,PERSON,45,0.005405405405405406,0.07484229435046269,24644.40160046973,3.759963904346518e-5
程仲,PERSON,4,4.8048048048048047e-4,0.01350675565508293,117.44453779971819,3.343139876972452e-5
程仲藩,PERSON,2,2.4024024024024023e-4,0.008766472903240109,79.54108101827777,3.3018556428712935e-5
程俊,PERSON,6,7.207207207207207e-4,0.012899190188329596,869.6289034323534,3.3507572711432785e-5
程備索總社,ORG,24,0.002882882882882883,0.02728099460455052,9476.843639695582,4.299226139294927e-5
程備索總社貝勒路九〇一分社,ORG,12,0.0014414414414414415,0.023379014467609874,5458.205194265658,4.294794708812919e-5
程元,PERSON,1,1.2012012012012012e-4,0.008664365789620135,0,3.400435255712731e-5
程叔度,PERSON,8,9.609609609609609e-4,0.014538835498256127,1378.5976042061152,3.368818218568926e-5
程壯,PERSON,25,0.003003003003003003,0.04138577588967044,11774.301374925102,3.694399290675336e-5
程天,PERSON,6,7.207207207207207e-4,0.01582048373800137,1025.2535560947676,3.471981112422748e-5
程子,PERSON,5,6.006006006006006e-4,0.013996363006405438,622.1748406491267,3.419504855696895e-5
程孟,PERSON,6,7.207207207207207e-4,0.022874900499598717,354.44088573884153,3.3763252076440005e-5
程少,PERSON,8,9.609609609609609e-4,0.030410999565957834,1211.1368630802024,3.464043231259526e-5
程局,PERSON,1,1.2012012012012012e-4,4.3560420064257365e-4,0,3.1629554655870446e-5
程念,PERSON,7,8.408408408408409e-4,0.015154100019939788,454.7070059528673,3.340236488743403e-5
程文,PERSON,1,1.2012012012012012e-4,0.0024187338470539276,0,3.202049311559398e-5
程春榮,PERSON,5,6.006006006006006e-4,0.003709617770387472,56.52644576572049,3.205333675235592e-5
程樂,PERSON,3,3.6036036036036037e-4,0.015222546176247525,317.8175412682892,3.3795201081446433e-5
程樊,PERSON,1,1.2012012012012012e-4,2.701456998835666e-4,0,3.1633556877135266e-5
程沙,PERSON,1,1.2012012012012012e-4,8.178035052895658e-4,0,3.1677648251393816e-05
程海,PERSON,1,1.2012012012012012e-4,0.0024187338470539276,0,3.202049311559398e-5
程滄,PERSON,2,2.4024024024024023e-4,0.003662090671698449,174.325195445606,3.2241423781274184e-5
程滄波,PERSON,48,0.005765765765765766,0.09550061971025722,34291.31988693782,3.994248282473238e-5
程潛,PERSON,3,3.6036036036036037e-4,0.01678923513171414,990.3245349750619,3.533069530808366e-5
程炳,PERSON,6,7.207207207207207e-4,0.022874900499598713,354.44088573884153,3.3763252076440005e-5
程監,PERSON,4,4.8048048048048047e-4,0.013386311214997882,771.5181642440666,3.44542447629548e-5
程硯,PERSON,4,4.8048048048048047e-4,0.005665268229381879,65.9745187566222,3.24380433372259e-5
程硯秋,PERSON,25,0.003003003003003003,0.025766241595361093,4127.086827643072,3.493327744008943e-5
程經,PERSON,3,3.6036036036036037e-4,0.001061643693661134,0.2841238564773236,3.1709791983764585e-5
程艶秋,PERSON,7,8.408408408408409e-4,0.009250912160524385,20.94006638093603,3.2268473701193935e-5
程遠,PERSON,2,2.4024024024024023e-4,0.0026909410896577245,5.046483801701634,3.189182293659906e-5
程遠帆,PERSON,4,4.8048048048048047e-4,0.0073527319786714515,59.746961717430565,3.236874474007898e-5
稚柳,PERSON,4,4.8048048048048047e-4,0.014708787125415628,126.53679438754482,3.340906053721769e-5
稚蓮,PERSON,8,9.609609609609609e-4,0.021782513054374644,532.5523691977385,3.4489894460922946e-5
稼譯,PERSON,2,2.4024024024024023e-4,0.0014125392031875148,2.7298770435449624,3.178437480134766e-5
穆一龍,PERSON,6,7.207207207207207e-4,0.00329165185369693,68.05759301221232,3.196113525952442e-5
穆士海,PERSON,9,0.001081081081081081,0.01743693774595482,122.44182752488796,3.404371212637026e-5
穆將,PERSON,3,3.6036036036036037e-4,0.0016032386528296418,1.0942282987102634,3.1762164909160206e-5
穆慶,PERSON,1,1.2012012012012012e-4,3.034016928396808e-4,0,3.168567807351077e-5
穆提義,PERSON,1,1.2012012012012012e-4,0.008664365789620142,0,3.400435255712731e-5
穆華,PERSON,4,4.8048048048048047e-4,0.013398981704597301,1364.9406876651205,3.469812630117974e-5
空城,PERSON,8,9.609609609609609e-4,0.03041099956595784,1211.1368630802024,3.464043231259526e-5
空城計芙,PERSON,6,7.207207207207207e-4,0.02287490049959871,354.44088573884153,3.3763252076440005e-5
空軍,ORG,33,0.003963963963963964,0.04977371502176573,18823.548889598005,4.302925989672978e-5
空軍供應司令部,ORG,29,0.0034834834834834836,0.032769641029125954,16403.96997206928,4.301075268817204e-5
空軍總司令部上海區廢車處置委員會,ORG,17,0.002042042042042042,0.020321983206722658,6787.728800039555,4.296640027498496e-5
空運,ORG,25,0.003003003003003003,0.02114366060832519,15447.725774374278,4.299965600275198e-5
窮三毛,PERSON,2,2.4024024024024023e-4,0.003386424827634769,9.047984526590414,3.2160545442850713e-5
竇耀庭,PERSON,3,3.6036036036036037e-4,0.00396229031972666,78.29264215453013,3.221857078420001e-5
立夫,PERSON,4,4.8048048048048047e-4,0.005528325938272957,509.74008219836827,3.2301828283480846e-5
立志,PERSON,4,4.8048048048048047e-4,0.004593297329993952,44.99434718100529,3.217917363882096e-5
立武,PERSON,1,1.2012012012012012e-4,0.0022232811309239138,0,3.1776294884016526e-5
立民,PERSON,2,2.4024024024024023e-4,0.0016415096478265949,0.9783356359291872,3.172790151659369e-5
立法委,ORG,17,0.002042042042042042,0.035954351500557064,4822.1796637493135,4.296640027498496e-5
立法院,ORG,104,0.012492492492492492,0.09317984652571695,128246.12382915428,4.3301290378453275e-5
童子軍,ORG,90,0.010810810810810811,0.09897909863838962,74553.38019383079,4.325259515570934e-5
童季,PERSON,10,0.0012012012012012011,0.021031451005701765,1368.9878531276274,3.3896007050369466e-5
童星,PERSON,1,1.2012012012012012e-4,8.415068085950114e-4,0,3.176821907363873e-5
童沐,PERSON,4,4.8048048048048047e-4,0.007352731978671454,59.746961717430565,3.236874474007898e-5
童芷,PERSON,5,6.006006006006006e-4,0.004744925400120989,29.575974419923707,3.200819409768901e-5
童芷苓,PERSON,15,0.0018018018018018018,0.024558627453741384,3208.5165439241423,3.52013517319065e-5
童行,PERSON,8,9.609609609609609e-4,0.012032069240639959,206.99866850373732,3.268187463232891e-5
童行白,PERSON,21,0.0025225225225225223,0.0525315884875622,14038.170137503434,3.817085273685014e-5
童襄,PERSON,4,4.8048048048048047e-4,0.01048807595789768,857.7180695004049,3.3340001333600056e-5
童開,PERSON,3,3.6036036036036037e-4,0.00714937581288061,64.5461251024404,3.2713949227950796e-5
童雙揚,PERSON,8,9.609609609609609e-4,0.008379447894005961,138.4899870340173,3.2892572857048876e-5
端木,PERSON,32,0.0038438438438438438,0.047560366538346596,16965.12299778824,3.729395092116059e-5
端木愷,PERSON,1,1.2012012012012012e-4,5.376658901269857e-4,0,3.163155563990637e-5
竹結,PERSON,1,1.2012012012012012e-4,3.493230066744229e-4,0,3.166360585143436e-5
竹胡,PERSON,8,9.609609609609609e-4,0.012223290480536131,33.418706651519976,3.2851511169513796e-5
竹軒,PERSON,5,6.006006006006006e-4,0.012543363871727779,499.0501310209396,3.426300280956623e-5
竺培珠,PERSON,8,9.609609609609609e-4,0.014001032946953072,698.8105776339785,3.408083975189148e-5
竺水,PERSON,12,0.0014414414414414415,0.013759736382527367,2634.5030224021807,3.34851326011251e-5
竺烈,PERSON,4,4.8048048048048047e-4,0.0022861623092194994,10.216291185068014,3.176821907363873e-5
竺達,PERSON,3,3.6036036036036037e-4,0.001223883554091389,3.235518080957076,3.1719850282306667e-5
竺錫,PERSON,3,3.6036036036036037e-4,0.0012238835540913887,3.235518080957076,3.1719850282306667e-5
竺鳴,PERSON,9,0.001081081081081081,0.01608345814575262,1960.7021241236728,3.4882098507046184e-5
竺鳴濤,PERSON,1,1.2012012012012012e-4,6.169032346224962e-4,0,3.165759149043941e-5
笑亭,PERSON,7,8.408408408408409e-4,0.021029308388823532,997.1563241841075,3.433830094086945e-5
笑峯,PERSON,6,7.207207207207207e-4,0.0051888864609529895,38.82898733835354,3.201024327784891e-5
笑峰,PERSON,8,9.609609609609609e-4,0.012223290480536142,33.418706651519976,3.2851511169513796e-5
笑飛,PERSON,8,9.609609609609609e-4,0.012223290480536136,33.418706651519976,3.2851511169513796e-5
笙任,PERSON,1,1.2012012012012012e-4,6.225211412554051e-4,0,3.164356686285678e-5
笙余,PERSON,2,2.4024024024024023e-4,0.004658251992983911,2.8611597954819303,3.222687721559781e-5
笙徐,PERSON,8,9.609609609609609e-4,0.012223290480536131,33.418706651519976,3.2851511169513796e-5
笙爲,PERSON,19,0.0022822822822822822,0.016845334702670033,1136.1959547286026,3.2643468042044783e-5
笙甘,PERSON,9,0.001081081081081081,0.01743693774595482,122.44182752488796,3.404371212637026e-5
笙程,PERSON,2,2.4024024024024023e-4,0.001545914395265894,0.2997876643819991,3.171180313312615e-5
笙致,PERSON,3,3.6036036036036037e-4,0.003145947683775037,8.92648584527881,3.1912177687005363e-5
笙謹,PERSON,5,6.006006006006006e-4,0.015566497463280787,2123.869853110591,3.5780735651925e-5
笙谷,PERSON,3,3.6036036036036037e-4,0.015275997019294128,420.14624893103274,3.45972875726543e-5
笙黃,PERSON,4,4.8048048048048047e-4,0.012670906611790045,285.68269213796316,3.37997701615629e-5
笙黃金,PERSON,1,1.2012012012012012e-4,4.245060025948119e-4,0,3.164356686285678e-5
笛王,PERSON,10,0.0012012012012012011,0.03784536543555877,1800.9700697346723,3.4989503149055284e-5
笡榮卿,PERSON,7,8.408408408408409e-4,0.02368849417460933,929.0681891487944,3.4020548411240386e-5
笪禮,PERSON,16,0.0019219219219219219,0.029729130637689224,1146.1427101124061,3.434537711224069e-5
第一綏靖區司令部,ORG,4,4.8048048048048047e-4,0.01657362271716439,2268.079999440053,4.291845493562232e-5
第三方面軍京滬衛戍區綏靖工作督導團,ORG,6,7.207207207207207e-4,0.024713788846226385,238.78837384890753,4.292582417582418e-5
第三方面軍蘇浙皖敵僞産業處理局淞滬警備司令部,ORG,63,0.0075675675675675675,0.0845593823662976,124812.53295781778,4.3140638481449525e-5
第三面軍新聞室,ORG,4,4.8048048048048047e-4,0.018953547860817793,523.952610627392,4.291845493562232e-5
筠獨,PERSON,1,1.2012012012012012e-4,2.7014569988356664e-4,0,3.1633556877135266e-5
筱丹,PERSON,26,0.003123123123123123,0.04325186849819492,11208.566974056626,3.714710252600297e-5
筱文,PERSON,9,0.001081081081081081,0.01422330039969276,2144.8882802140442,3.36337952374546e-5
筱昌順,PERSON,7,8.408408408408409e-4,0.028368573353433443,1897.1943503961495,3.542581833640357e-5
筱月,PERSON,7,8.408408408408409e-4,0.028368573353433443,1897.1943503961495,3.542581833640357e-5
筱芳,PERSON,7,8.408408408408409e-4,0.027678655002694525,480.29727571669935,3.3847820200379094e-5
筱香,PERSON,1,1.2012012012012012e-4,3.572911334009595e-4,0,3.170577045022194e-5
節約運動委員會,ORG,12,0.0014414414414414415,0.032359856185719245,26271.66307907991,4.2959017097688804e-5
管北,PERSON,8,9.609609609609609e-4,0.0062556184258891505,18.44163515034567,3.17017499365965e-5
管善,PERSON,3,3.6036036036036037e-4,0.012355454468624823,410.7043676647166,3.4258307639602604e-5
管會輸出推廣,ORG,7,8.408408408408409e-4,0.017006880370980283,6477.491669496366,4.292950974499871e-5
箴英,PERSON,2,2.4024024024024023e-4,0.00643408393789296,16.62449614338071,3.340236488743403e-5
範兩,PERSON,5,6.006006006006006e-4,0.012543363871727773,499.0501310209396,3.426300280956623e-5
範江,PERSON,2,2.4024024024024023e-4,0.004658251992983912,2.8611597954819303,3.222687721559781e-5
篆夫,PERSON,5,6.006006006006006e-4,0.011714893835698393,1161.1421841368808,3.403907686023555e-5
篤環,PERSON,11,0.0013213213213213214,0.014394196262449031,72.08630625498091,3.237503237503238e-5
簡貫,PERSON,5,6.006006006006006e-4,0.004495335790144204,212.139432625566,3.209242618741977e-5
簧延芳,PERSON,6,7.207207207207207e-4,0.010811012398490541,310.5468774896433,3.368818218568926e-5
籌景,PERSON,15,0.0018018018018018018,0.010073075782113345,222.9046313491959,3.248229714805431e-5
籟假,PERSON,4,4.8048048048048047e-4,0.006323864733362803,200.97795128887054,3.24380433372259e-5
籟吳,PERSON,1,1.2012012012012012e-4,5.167234597276001e-4,0,3.163756011136421e-5
籟尙,PERSON,1,1.2012012012012012e-4,0.001426927935329314,0,3.176620076238882e-5
籟面,PERSON,1,1.2012012012012012e-4,0.002787309830760585,0,3.228722717293039e-5
米克尼將軍,PERSON,3,3.6036036036036037e-4,0.006571215423757701,25.713226424077614,3.266906239790918e-5
米勒,PERSON,5,6.006006006006006e-4,0.0033169119762026605,0.5882352941176471,3.165558721114277e-5
米星,PERSON,3,3.6036036036036037e-4,0.009745432517471552,61.7832209617977,3.4008978370289756e-5
米特林現,PERSON,7,8.408408408408409e-4,0.01478853764824589,390.5896411099448,3.33555703802535e-5
米老鼠,PERSON,6,7.207207207207207e-4,0.010644558116615872,1158.4122367890589,3.357281944537702e-5
米許林,PERSON,7,8.408408408408409e-4,0.003999935163291977,25.87873395987465,3.1867431485022305e-5
米高梅,ORG,454,0.05453453453453454,0.26276681647697814,764751.7015175587,4.465880671668453e-5
粉榮公會,ORG,10,0.0012012012012012011,0.03170298938611548,1005.5742865235866,4.2951636457349025e-5
粟宗,PERSON,7,8.408408408408409e-4,0.019671034594503044,1206.342382844766,3.4770514603616136e-5
精武體育,ORG,30,0.0036036036036036037,0.03606437390738774,29472.745436661007,4.301445285615967e-5
精華鞋帽商店,ORG,4,4.8048048048048047e-4,0.01923503591940039,1048.3124427118219,4.291845493562232e-5
糧政局,ORG,11,0.0013213213213213214,0.01736645482154971,5108.728879629356,4.294425835265825e-5
糧政特派,ORG,18,0.002162162162162162,0.04979958555934379,3540.4798115213775,4.2970092815400483e-5
糧政當局,ORG,27,0.003243243243243243,0.03000608710705205,12948.760761967269,4.300335426163241e-5
糧政處,ORG,25,0.003003003003003003,0.04038714073793943,11466.754001163292,4.2995958379912286e-5
糧政部,ORG,12,0.0014414414414414415,0.04199587589536443,1326.3947334638863,4.294794708812919e-5
糧部,ORG,21,0.0025225225225225223,0.04508442388008095,14824.7722075307,4.298117424568039e-5
紀念,PERSON,8,9.609609609609609e-4,0.006305818172552534,4.87739165774387,3.1758130081300816e-5
紀炳,PERSON,7,8.408408408408409e-4,0.005901204383500432,36.199420026929104,3.217917363882096e-5
紀玉,PERSON,8,9.609609609609609e-4,0.030410999565957834,1211.1368630802024,3.464043231259526e-5
紀玉良,PERSON,10,0.0012012012012012011,0.03784536543555877,1800.9700697346723,3.4989503149055284e-5
紀金,PERSON,7,8.408408408408409e-4,0.023688494174609352,929.0681891487944,3.4020548411240386e-5
約翰,PERSON,12,0.0014414414414414415,0.022743476522950782,2611.282312303231,3.471740036106096e-5
紅十字會,ORG,11,0.0013213213213213214,0.02902763832444219,2770.249597512253,4.294425835265825e-5
紅寳,PERSON,5,6.006006006006006e-4,0.008388932296133706,173.52543655094541,3.3548040794417606e-5
紅軍,ORG,157,0.018858858858858858,0.09357532652661062,212746.01402614152,4.349338900487126e-5
納司,PERSON,5,6.006006006006006e-4,0.00523318752528375,223.05625409020251,3.241070849808777e-5
納德,PERSON,3,3.6036036036036037e-4,0.005311511086825472,100.35353733984705,3.240860772621208e-5
紐奥利斯棉市,ORG,5,6.006006006006006e-4,0.01788805128207401,1029.4360381920121,4.292213923941969e-5
紐約大通銀行,ORG,23,0.002762762762762763,0.05151250664652201,5113.813727187324,4.2988565041698905e-5
純甫無,PERSON,6,7.207207207207207e-4,0.02637916055244532,4253.231249322085,3.7020583444395086e-5
純粹甘油,PERSON,4,4.8048048048048047e-4,0.001690474275019959,3.3585560100381042,3.169974006213149e-5
純良,PERSON,6,7.207207207207207e-4,0.016417024132482406,927.5212789738429,3.4279446044151926e-5
紡織事業管理委員會,ORG,5,6.006006006006006e-4,0.018491274071428483,2023.7950373291428,4.292213923941969e-5
紡織公司,ORG,2,2.4024024024024023e-4,0.018165979056864876,26.642082283423093,4.2911088225197394e-5
索章,PERSON,40,0.004804804804804805,0.054056467714490526,22445.398965100725,3.721068690928034e-5
紫棟,PERSON,1,1.2012012012012012e-4,3.543333180082461e-4,0,3.167965532535006e-5
紫荷,PERSON,2,2.4024024024024023e-4,0.001841877869490791,2.8315810897782505,3.185727938834024e-5
紫萍,PERSON,2,2.4024024024024023e-4,0.002277787011830329,3.501056180548725,3.209654641160611e-5
紫蓮,PERSON,2,2.4024024024024023e-4,0.002277787011830329,3.501056180548725,3.209654641160611e-5
累諾,PERSON,2,2.4024024024024023e-4,0.0011226778838420248,1.900025780466493,3.171180313312615e-5
紳碩,PERSON,4,4.8048048048048047e-4,0.001304842217366481,11.067428514733692,3.171582619727244e-5
紹文,PERSON,6,7.207207207207207e-4,0.015820483738001375,1025.2535560947676,3.471981112422748e-5
紹林,PERSON,3,3.6036036036036037e-4,0.008704046433780113,129.52438013015993,3.354128932716174e-5
紹榮,PERSON,2,2.4024024024024023e-4,0.006967976565524217,24.082354120731317,3.269042170644001e-5
紹樵,PERSON,2,2.4024024024024023e-4,0.006345737002595778,18.57962516909915,3.340236488743403e-5
紹澍,PERSON,45,0.005405405405405406,0.06982917252453565,27871.22585664687,3.8109756097560976e-5
紹竑,PERSON,1,1.2012012012012012e-4,0.0032599033219871416,0,3.2214419174022295e-5
紹興七縣同鄉會,ORG,7,8.408408408408409e-4,0.01879040448437903,3688.139163102109,4.292950974499871e-5
紹興中學,ORG,7,8.408408408408409e-4,0.018790404484379037,3688.139163102109,4.292950974499871e-5
紹章,PERSON,5,6.006006006006006e-4,0.003709617770387472,56.52644576572049,3.205333675235592e-5
紹韻,PERSON,10,0.0012012012012012011,0.00793129248651693,615.2596789780334,3.2364554340086736e-5
組織廣州分公司籌備,ORG,15,0.0018018018018018018,0.02290670957603175,3276.0163189221757,4.2959017097688804e-5
組織編輯委會,ORG,15,0.0018018018018018018,0.02290670957603175,3276.0163189221757,4.2959017097688804e-5
組織部,ORG,7,8.408408408408409e-4,0.02194937848318817,1768.7646136147928,4.292950974499871e-5
統光,PERSON,5,6.006006006006006e-4,0.008898943083553925,155.88176483167697,3.283209665769256e-5
統杜,PERSON,2,2.4024024024024023e-4,0.0013913105826181705,0.045454545454545456,3.166160081053698e-5
統華,PERSON,7,8.408408408408409e-4,0.005045616042872591,166.17103942015106,3.23185314459311e-5
統諒,PERSON,2,2.4024024024024023e-4,0.0026909410896577253,5.046483801701634,3.189182293659906e-5
統頂好良緣集團,ORG,45,0.005405405405405406,0.04298144026089193,34962.78629794534,4.3073742246726395e-5
經丁,PERSON,5,6.006006006006006e-4,0.002260020860158816,2.678688658930617,3.17017499365965e-5
經合分署,ORG,12,0.0014414414414414415,0.034275020906543656,13036.234032823919,4.294794708812919e-5
經啓,PERSON,11,0.0013213213213213214,0.015226628903963995,543.0098288490186,3.347840642785403e-5
經國,PERSON,14,0.0016816816816816818,0.017195685146828104,2045.592335302548,3.322038402763936e-5
經徐,PERSON,3,3.6036036036036037e-4,9.519950075643976e-4,6.4312302006998925,3.165558721114277e-5
經濟部,ORG,200,0.024024024024024024,0.14733854077804734,521699.816743204,4.3656683838295645e-5
經濟部上海工商轉導,ORG,20,0.0024024024024024023,0.03527062669189547,3277.995878270636,4.298117424568039e-5
經濟部計劃委員會,ORG,8,9.609609609609609e-4,0.019706396230858028,5082.764244408329,4.29331959471063e-5
經濟部計畫委,ORG,2,2.4024024024024023e-4,0.016613205814257806,398.38969465924555,4.2911088225197394e-5
經熊,PERSON,3,3.6036036036036037e-4,0.005064984341726624,52.756094829240666,3.227263925643839e-5
經爲,PERSON,2,2.4024024024024023e-4,0.001436096931431214,0.5752070517687443,3.174804749507905e-5
經王,PERSON,3,3.6036036036036037e-4,8.624218137755434e-4,1.0788168828908768,3.163956210846042e-5
經秋良,PERSON,7,8.408408408408409e-4,0.023688494174609356,929.0681891487944,3.4020548411240386e-5
經齊,PERSON,9,0.001081081081081081,0.01743693774595482,122.44182752488796,3.404371212637026e-5
綢布公司,ORG,11,0.0013213213213213214,0.025998260633571118,1817.484669402929,4.294425835265825e-5
綫電學校,ORG,13,0.0015615615615615615,0.02542253796270822,4141.7870095204,4.29553264604811e-5
維也納大學心臟病院,ORG,7,8.408408408408409e-4,0.017852632200278013,2150.423477716527,4.292950974499871e-5
維喬,PERSON,1,1.2012012012012012e-4,2.9745613105304177e-4,0,3.163956210846042e-5
維報,PERSON,3,3.6036036036036037e-4,0.002641628453734489,3.1293896390817593,3.175207976122436e-5
維士,PERSON,8,9.609609609609609e-4,0.003454230896817709,11.917367657986436,3.174401625293632e-5
維寜,PERSON,6,7.207207207207207e-4,0.010413158600293225,485.3035219474548,3.363832077502691e-5
維寧,PERSON,8,9.609609609609609e-4,0.0195956178263374,565.9296272282239,3.385698808234019e-5
維新,PERSON,6,7.207207207207207e-4,0.0044379884696140685,102.94635602988035,3.196317841846193e-5
維昌,PERSON,5,6.006006006006006e-4,0.019000027015712354,326.847626021409,3.383178834833209e-5
維熾,PERSON,14,0.0016816816816816818,0.01580217358737613,1660.352324604541,3.326458652118954e-5
維琛,PERSON,4,4.8048048048048047e-4,0.016870806665024215,910.9591606364799,3.4746351633078526e-5
維矜,PERSON,3,3.6036036036036037e-4,0.005064984341726625,52.756094829240666,3.227263925643839e-5
維翰,PERSON,14,0.0016816816816816818,0.03000877642663065,4154.148220097428,3.558212354113294e-5
維鈞,PERSON,8,9.609609609609609e-4,0.006302475436465849,126.23522581003662,3.244225279003374e-5
維雅,ORG,9,0.001081081081081081,0.021715866175420113,2107.7698630676296,4.2936882782310004e-5
綱王,PERSON,1,1.2012012012012012e-4,7.098508719516962e-4,0,3.173394262503174e-5
網麟,PERSON,5,6.006006006006006e-4,0.010106088921800637,118.14803519999626,3.3025099075297225e-5
綺華,PERSON,8,9.609609609609609e-4,0.012223290480536135,33.418706651519976,3.2851511169513796e-5
綿仲,PERSON,12,0.0014414414414414415,0.015312028344477042,973.1364402486665,3.327122704285334e-5
緒章,PERSON,7,8.408408408408409e-4,0.0070766215325847705,53.84965423098826,3.2354083085285365e-5
線電製造有限公司,ORG,11,0.0013213213213213214,0.029030542902129936,13204.924568215918,4.294425835265825e-5
緣卜,PERSON,7,8.408408408408409e-4,0.023688494174609356,929.0681891487944,3.4020548411240386e-5
緣集團,ORG,20,0.0024024024024024023,0.05033652306088679,2846.8529331978184,4.298117424568039e-5
編輯部,ORG,58,0.006966966966966967,0.07367778334884617,17012.242145234275,4.3118316660917556e-5
緬僑協會,ORG,14,0.0016816816816816818,0.022246927809408932,2905.359077379309,4.29553264604811e-5
緯國,PERSON,3,3.6036036036036037e-4,0.0033691560134623236,7.39018334825761,3.191421459117891e-5
緯成股份有限公司,ORG,5,6.006006006006006e-4,0.017312346289736054,1071.3270958443588,4.292213923941969e-5
總工會,ORG,73,0.008768768768768769,0.08778161617978386,27678.834401433334,4.3189081800120926e-5
總店,ORG,3,3.6036036036036037e-4,0.0187747129252639,96.96247107890748,4.291477126426916e-5
總滬分署,ORG,13,0.0015615615615615615,0.04138457668012619,4502.065610818183,4.296270836913559e-5
總經售,ORG,28,0.0033633633633633636,0.025872067716945592,15747.507221685113,4.30070531567177e-5
總調,ORG,66,0.007927927927927928,0.10086077398690661,27028.862933452187,4.3159257660768235e-5
總駐華辦,ORG,9,0.001081081081081081,0.01747818945568329,5160.047735550414,4.2936882782310004e-5
繁枬,PERSON,15,0.0018018018018018018,0.010073075782113342,222.9046313491959,3.248229714805431e-5
繆吟,PERSON,8,9.609609609609609e-4,0.021782513054374654,532.5523691977385,3.4489894460922946e-5
繆趙,PERSON,9,0.001081081081081081,0.017436937745954815,122.44182752488796,3.404371212637026e-5
織國,ORG,4,4.8048048048048047e-4,0.01895354786081779,523.952610627392,4.291845493562232e-5
繩善,PERSON,5,6.006006006006006e-4,0.008896309424278166,648.6603531364918,3.358183894150044e-5
繩為長,PERSON,1,1.2012012012012012e-4,4.3519131007354933e-4,0,3.1677648251393816e-05
繪盧,PERSON,4,4.8048048048048047e-4,0.011269647772469468,63.78114990571053,3.402286336418073e-5
繼影,PERSON,3,3.6036036036036037e-4,0.00396229031972666,78.29264215453013,3.221857078420001e-5
繼新,PERSON,9,0.001081081081081081,0.012058727667521293,163.1970346503108,3.293373732051113e-5
繼章,PERSON,6,7.207207207207207e-4,0.021092658417688998,1618.3706783649957,3.529827038475115e-5
羅亮,PERSON,7,8.408408408408409e-4,0.023688494174609345,929.0681891487944,3.4020548411240386e-5
羅以林,PERSON,2,2.4024024024024023e-4,9.249261666103477e-4,0.06666666666666667,3.1645569620253167e-5
羅北,PERSON,15,0.0018018018018018018,0.029500612964084422,1959.8798991950107,3.5018910211514215e-5
羅友,PERSON,3,3.6036036036036037e-4,0.0033691560134623227,7.39018334825761,3.191421459117891e-5
羅哲民,PERSON,5,6.006006006006006e-4,0.0076858929305596065,45.732157310507276,3.2836409010310635e-5
羅嘉鴻,PERSON,7,8.408408408408409e-4,0.023688494174609352,929.0681891487944,3.4020548411240386e-5
羅孝斌,PERSON,7,8.408408408408409e-4,0.019671034594503044,1206.342382844766,3.4770514603616136e-5
羅孫,PERSON,8,9.609609609609609e-4,0.014001032946953073,698.8105776339785,3.408083975189148e-5
羅學,PERSON,1,1.2012012012012012e-4,6.896996953853928e-4,0,3.1669622498099825e-5
羅家,PERSON,2,2.4024024024024023e-4,0.003837914070351483,16.514917093148522,3.232897969740075e-5
羅尼,PERSON,3,3.6036036036036037e-4,0.006571215423757699,25.713226424077614,3.266906239790918e-5
羅德,PERSON,4,4.8048048048048047e-4,0.00521459531806078,445.9203829148891,3.252455603981006e-5
羅志,PERSON,5,6.006006006006006e-4,0.01900002701571235,326.847626021409,3.383178834833209e-5
羅思,PERSON,5,6.006006006006006e-4,0.00783456140377943,680.6319750860526,3.354128932716174e-5
羅懋利,PERSON,4,4.8048048048048047e-4,0.004036434302380934,57.316832214928546,3.2312265736073417e-5
羅敦,PERSON,15,0.0018018018018018018,0.025041153284363647,5516.182459406736,3.536818278276862e-5
羅斯福,PERSON,118,0.014174174174174175,0.14948736614350694,188934.34453219068,4.37177581533619e-5
羅春基,PERSON,15,0.0018018018018018018,0.010073075782113349,222.9046313491959,3.248229714805431e-5
羅瑞芝,PERSON,7,8.408408408408409e-4,0.023688494174609345,929.0681891487944,3.4020548411240386e-5
羅立,PERSON,5,6.006006006006006e-4,0.01567202299930433,1737.1969415396725,3.464523281596452e-5
羅綺,PERSON,7,8.408408408408409e-4,0.023688494174609342,929.0681891487944,3.4020548411240386e-5
羅衡,PERSON,2,2.4024024024024023e-4,0.010194021556976716,181.42887022500375,3.4111065629690273e-05
羅賓,PERSON,12,0.0014414414414414415,0.033794949861435476,3100.1896946023726,3.435481654527965e-5
羅郁,PERSON,1,1.2012012012012012e-4,3.572911334009595e-4,0,3.170577045022194e-5
羅鑫泉,PERSON,7,8.408408408408409e-4,0.027678655002694535,480.29727571669935,3.3847820200379094e-5
羅隆,PERSON,5,6.006006006006006e-4,0.010775578415577787,918.1719298925964,3.407619437061269e-5
美亞綢廠,ORG,330,0.03963963963963964,0.24683010811958123,413021.2034853294,4.4173513561268665e-5
美商大通銀行,ORG,9,0.001081081081081081,0.021715866175420113,2107.7698630676296,4.2936882782310004e-5
美商德士古煤油公司,ORG,22,0.002642642642642643,0.02172043375319316,24301.854595980407,4.298486932599725e-5
美商福來輪船公司,ORG,3,3.6036036036036037e-4,0.02268047259473378,123.99052167096303,4.291477126426916e-5
美四華星烟草公司,ORG,15,0.0018018018018018018,0.020540106777184444,10373.574091376013,4.2959017097688804e-5
美國公斷協會,ORG,4,4.8048048048048047e-4,0.017696093555043296,1353.53726613398,4.291845493562232e-5
美國博登公司,ORG,7,8.408408408408409e-4,0.01850406264417292,2595.027681327622,4.292950974499871e-5
美國國外剩餘物資清理局上海辦事處,ORG,9,0.001081081081081081,0.02304942558962691,3428.266393876649,4.2936882782310004e-5
美國大使館新,ORG,5,6.006006006006006e-4,0.019259518794525126,4983.732911178231,4.292213923941969e-5
美國戰時船舶,ORG,3,3.6036036036036037e-4,0.02268047259473378,123.99052167096303,4.291477126426916e-5
美國援華會,ORG,4,4.8048048048048047e-4,0.016754032957758833,3832.166092840948,4.291845493562232e-5
美國敎會,ORG,46,0.005525525525525526,0.04710467044690555,173918.8531674877,4.308487720809996e-5
美國柏德醫院,ORG,31,0.0037237237237237237,0.02768984515284229,19205.616378943316,4.301815366084488e-5
美國滬商,ORG,14,0.0016816816816816818,0.035739998408352465,1667.7430254212159,4.29553264604811e-5
美國聖,ORG,11,0.0013213213213213214,0.029027638324442207,2770.249597512253,4.294425835265825e-5
美國郵船公司,ORG,3,3.6036036036036037e-4,0.022680472594733776,123.99052167096303,4.291477126426916e-5
美國霍普金斯醫院,ORG,34,0.004084084084084084,0.04735601847607557,11248.145812436207,4.303296324984939e-5
美國麥克生大藥廠,ORG,13,0.0015615615615615615,0.03523602607846883,3575.914863676881,4.2951636457349025e-5
美子,PERSON,3,3.6036036036036037e-4,0.0016032386528296414,1.0942282987102634,3.1762164909160206e-5
美憲兵,ORG,25,0.003003003003003003,0.02857885182353886,17996.75246446137,4.2995958379912286e-5
美敦,PERSON,3,3.6036036036036037e-4,0.0030020954205059185,23.768865266919708,3.198362438431523e-5
美敦洋行,ORG,3,3.6036036036036037e-4,0.022680472594733773,123.99052167096303,4.291477126426916e-5
美棣,PERSON,3,3.6036036036036037e-4,0.0010616436936611339,0.2841238564773236,3.1709791983764585e-5
美猶,PERSON,6,7.207207207207207e-4,0.014411723880959883,250.80825175331708,3.381348481774532e-5
美珍,PERSON,2,2.4024024024024023e-4,7.056684629986544e-4,0.030303030303030304,3.168367023636018e-5
美琪,ORG,581,0.0697897897897898,0.3371119523160034,1080284.8796052,4.517119884361731e-5
美甜糖果食品公司,ORG,17,0.002042042042042042,0.04041031393827713,7125.76918245331,4.296640027498496e-5
美紅十字會,ORG,15,0.0018018018018018018,0.019352410661006677,5447.36377376765,4.2959017097688804e-5
美總,PERSON,1,1.2012012012012012e-4,0.0031311950065727677,0,3.210891343436938e-5
美芳,PERSON,3,3.6036036036036037e-4,0.013922992504560399,312.97427616471094,3.4169343265222444e-5
美華兒童福利協,ORG,13,0.0015615615615615615,0.0357945323582921,4830.092192967895,4.2951636457349025e-5
美豪,PERSON,3,3.6036036036036037e-4,0.0030674689716283453,0.9487453334324024,3.183091418385536e-5
美貞,PERSON,3,3.6036036036036037e-4,0.006643166885240418,42.05641769540766,3.294241665568586e-5
美軍,ORG,41,0.004924924924924925,0.032187851299761,54358.85679904273,4.30551967622492e-5
美軍司令部,ORG,15,0.0018018018018018018,0.01935241066100667,5447.36377376765,4.2959017097688804e-5
美軍懷念部,ORG,15,0.0018018018018018018,0.019352410661006673,5447.36377376765,4.2959017097688804e-5
美陸海軍,ORG,8,9.609609609609609e-4,0.02278774893974629,11002.867685423835,4.294425835265825e-5
羣力足球,ORG,10,0.0012012012012012011,0.016713033318382073,11092.560623924654,4.294057025077293e-5
羣謹,PERSON,3,3.6036036036036037e-4,0.005679307475017705,50.8155508556313,3.242962770787391e-5
義祥,PERSON,6,7.207207207207207e-4,0.003371719730179142,28.478568813996905,3.188368830506313e-5
義豐染織廠股份有限公司,ORG,11,0.0013213213213213214,0.01891579392195698,2442.785655245014,4.294425835265825e-5
義門,PERSON,5,6.006006006006006e-4,0.01556649746328079,2123.869853110591,3.5780735651925e-5
義鳳,PERSON,6,7.207207207207207e-4,0.01918898821301715,1731.3529437659622,3.515679932498945e-5
羲務稽查總隊,ORG,9,0.001081081081081081,0.0014296256644642854,511.20026330830876,2.8851702250432774e-5
羽卿,PERSON,2,2.4024024024024023e-4,0.005513421202363539,1.582834490083944,3.2258064516129034e-5
翁仲,PERSON,4,4.8048048048048047e-4,0.01043337002523678,231.41589999720793,3.32491022742386e-5
翁姑,PERSON,1,1.2012012012012012e-4,2.935086659849216e-4,0,3.162555344718533e-5
翁文,PERSON,6,7.207207207207207e-4,0.0036310565894425075,331.53421854857675,3.197544285988361e-5
翁院,PERSON,2,2.4024024024024023e-4,0.0026909410896577245,5.046483801701634,3.189182293659906e-5
翁麗生,PERSON,4,4.8048048048048047e-4,0.013869862134917687,64.58532128018153,3.332666799973339e-5
翔廷,PERSON,2,2.4024024024024023e-4,0.005321565564838399,72.31499807868863,3.2469640885771804e-5
翔徐,PERSON,3,3.6036036036036037e-4,0.003002095420505918,23.768865266919708,3.198362438431523e-5
翟毅夫,PERSON,5,6.006006006006006e-4,0.005741380585764297,67.05612075524249,3.224974200206398e-5
翟溫,PERSON,8,9.609609609609609e-4,0.007380023225424449,493.2009283786026,3.240860772621208e-5
翟溫橋,PERSON,1,1.2012012012012012e-4,5.208650992502815e-4,0,3.162355322244007e-5
翠蘭,PERSON,5,6.006006006006006e-4,0.006604500402039296,45.62477476780193,3.23185314459311e-5
翠貞,PERSON,5,6.006006006006006e-4,0.01583133858742383,508.1961196048012,3.4267699266671235e-5
翠陳,PERSON,5,6.006006006006006e-4,0.004080904430377633,18.919364027845845,3.2100667693888034e-5
翠鳳,PERSON,4,4.8048048048048047e-4,0.011437519780461208,27.767186568712685,3.34627225271048e-5
翰三,PERSON,4,4.8048048048048047e-4,0.0038834893452171326,46.826692364723115,3.232688950669167e-5
翰庭,PERSON,7,8.408408408408409e-4,0.00945411041965207,256.84528564261694,3.2564803959880164e-5
翰維,PERSON,14,0.0016816816816816818,0.03000877642663064,4154.148220097428,3.558212354113294e-5
翰臣,PERSON,4,4.8048048048048047e-4,0.013979822452623976,1176.3750743909916,3.437607425232039e-5
耀任,PERSON,4,4.8048048048048047e-4,0.012262490915419116,482.0682132597925,3.427239701144698e-5
耀庭,PERSON,9,0.001081081081081081,0.015338968041294108,2538.925283860391,3.4008978370289756e-5
耀楠,PERSON,4,4.8048048048048047e-4,0.012262490915419113,482.0682132597925,3.427239701144698e-5
耀祖,PERSON,18,0.002162162162162162,0.03442203678109667,5796.411901624025,3.5837155963302754e-5
老乙,PERSON,1,1.2012012012012012e-4,0.00728751402391768,0,3.309723969020984e-5
老同盛祥,ORG,17,0.002042042042042042,0.036172392730973446,3560.69781140607,4.296640027498496e-5
老同盛祥電,ORG,15,0.0018018018018018018,0.024574161857636428,4470.4066552303675,4.2959017097688804e-5
老舍,PERSON,7,8.408408408408409e-4,0.005045616042872592,166.17103942015106,3.23185314459311e-5
耕莘,PERSON,8,9.609609609609609e-4,0.006095881223208392,201.06743575875512,3.172387538861747e-5
耿家,PERSON,6,7.207207207207207e-4,0.02287490049959871,354.44088573884153,3.3763252076440005e-5
聖曹,PERSON,5,6.006006006006006e-4,0.007834561403779429,680.6319750860526,3.354128932716174e-5
聖棟,PERSON,4,4.8048048048048047e-4,0.003993569765499821,43.55237240426918,3.230808994572241e-5
聖約翰大學,ORG,345,0.04144144144144144,0.20965886380968402,680277.4754020037,4.422821760283061e-5
聖芳濟,PERSON,8,9.609609609609609e-4,0.01771506184099145,1695.4878577379848,3.4482758620689657e-5
聖蘇家,PERSON,9,0.001081081081081081,0.00639269952458951,1.2948917180374984,3.1746031746031745e-5
聘吳,PERSON,3,3.6036036036036037e-4,0.004865225937168933,9.346624363754536,3.216261417728033e-5
聘孔,PERSON,1,1.2012012012012012e-4,5.312247496743097e-4,0,3.164356686285678e-5
聘陳,PERSON,2,2.4024024024024023e-4,8.700739452890442e-4,0.3849408814655566,3.169170311212524e-5
聚興誠,PERSON,4,4.8048048048048047e-4,0.013979822452623976,1176.3750743909916,3.437607425232039e-5
聞兄,PERSON,1,1.2012012012012012e-4,0.0056747109183998175,0,3.266479388515058e-5
聞園,PERSON,3,3.6036036036036037e-4,0.005679307475017703,50.8155508556313,3.242962770787391e-5
聞天,PERSON,4,4.8048048048048047e-4,0.011669387655748934,763.1010049610277,3.409478349812479e-5
聞杜月,PERSON,2,2.4024024024024023e-4,0.0015002205459598882,0.06666666666666667,3.1645569620253167e-5
聞洗,PERSON,4,4.8048048048048047e-4,0.001631987017135842,3.004631250901446,3.170577045022194e-5
聞蘭亭,PERSON,47,0.005645645645645646,0.05821223901725339,28064.641777223485,3.8532675709001234e-5
聞諸,PERSON,8,9.609609609609609e-4,0.015014924173734382,500.6499842766021,3.3337778370449396e-5
聞鳴,PERSON,4,4.8048048048048047e-4,0.0034218520798971856,4.4938255338808855,3.183496752833312e-5
聯勤總部汽車兵團第二團第三營第九連,ORG,24,0.002882882882882883,0.04239460888782069,11044.89698958431,4.299226139294927e-5
聯合,ORG,37,0.0044444444444444444,0.06663360188951234,33187.596157791355,4.3040371868812945e-5
聯合勤務總司令部第一補給區司令部,ORG,53,0.006366366366366366,0.05887254046433138,17544.519329210612,4.3107164410725064e-5
聯合國,ORG,14,0.0016816816816816818,0.022246927809408932,2905.359077379309,4.29553264604811e-5
聯合國亞洲及遠東經委,ORG,8,9.609609609609609e-4,0.02278774893974629,11002.867685423835,4.294425835265825e-5
聯合國國際難民機構,ORG,12,0.0014414414414414415,0.023228244232178334,6957.58483777023,4.294794708812919e-5
聯合國安全理事會,ORG,7,8.408408408408409e-4,0.01835167826783334,1528.9718948442953,4.292950974499871e-5
聯合國特別大會五十八國政治委員會,ORG,1,1.2012012012012012e-4,0.01641616534466388,0,4.290740581824423e-5
聯合國託管理事會,ORG,23,0.002762762762762763,0.02345182666137192,8866.816317366063,4.2988565041698905e-5
聯合救濟會遠東辦事處,ORG,46,0.005525525525525526,0.03310035739161168,16865.577494335656,4.3073742246726395e-5
聯合社,ORG,4,4.8048048048048047e-4,0.01918451969483972,604.6450086873326,4.291845493562232e-5
聯合電業公司,ORG,1,1.2012012012012012e-4,0.016416165344663884,0,4.290740581824423e-5
聯會,ORG,19,0.0022822822822822822,0.044158997074292466,10114.82659034017,4.298486932599725e-5
聯民,ORG,8,9.609609609609609e-4,0.018958047039041682,2317.7865514487994,4.29331959471063e-5
聯益貿易公司,ORG,1,1.2012012012012012e-4,0.016416165344663874,0,4.290740581824423e-5
聯美運輸報,ORG,25,0.003003003003003003,0.03649478532162781,15039.883258243988,4.2995958379912286e-5
聯誼社,ORG,9,0.001081081081081081,0.019024336156276706,15810.653729255118,4.2936882782310004e-5
聯青,ORG,33,0.003963963963963964,0.02158441454315788,204674.3952706478,4.302555718096549e-5
聲包家,PERSON,9,0.001081081081081081,0.012058727667521292,163.1970346503108,3.293373732051113e-5
聲張,PERSON,2,2.4024024024024023e-4,0.006345737002595778,18.57962516909915,3.340236488743403e-5
聲泉,PERSON,6,7.207207207207207e-4,0.002298458565519757,1.6813576810374764,3.1729914963827895e-5
聲爲,PERSON,5,6.006006006006006e-4,0.006604500402039294,45.62477476780193,3.23185314459311e-5
聲鄧,PERSON,7,8.408408408408409e-4,0.01483207067462722,727.8509889492835,3.457814661134163e-5
聶中丞,PERSON,4,4.8048048048048047e-4,0.007091203405983101,120.70830412122038,3.2473858543872184e-5
聶聲,PERSON,7,8.408408408408409e-4,0.023688494174609345,929.0681891487944,3.4020548411240386e-5
職工福利委會,ORG,15,0.0018018018018018018,0.022906709576031754,3276.0163189221757,4.2959017097688804e-5
職民,PERSON,9,0.001081081081081081,0.01245300082037378,798.974278933212,3.314770617873243e-5
聽譚,PERSON,2,2.4024024024024023e-4,0.005799792210387897,34.377279673523134,3.26477309826967e-5
聿震,PERSON,1,1.2012012012012012e-4,2.9350866598492167e-4,0,3.162555344718533e-5
肅峻,PERSON,3,3.6036036036036037e-4,0.004556664630359589,82.82966821872313,3.240650722665111e-5
肇元,PERSON,1,1.2012012012012012e-4,9.363627831873448e-4,0,3.177831447820008e-5
肇光中學,ORG,62,0.007447447447447447,0.06577744100389771,11540.35284644594,4.313691657320335e-5
肇嘉,PERSON,7,8.408408408408409e-4,0.00504561604287259,166.17103942015106,3.23185314459311e-5
肖蝶包,PERSON,9,0.001081081081081081,0.012058727667521297,163.1970346503108,3.293373732051113e-5
肥皂,ORG,30,0.0036036036036036037,0.05501028835989642,22963.305187108752,4.301445285615967e-5
育局,ORG,3,3.6036036036036037e-4,0.017475266720024616,252.49456408984966,4.291477126426916e-5
育才,PERSON,1,1.2012012012012012e-4,3.543333180082459e-4,0,3.167965532535006e-5
育才學校,ORG,2,2.4024024024024023e-4,0.01661395478006669,327.0046622118681,4.2911088225197394e-5
肺科,ORG,34,0.004084084084084084,0.04502614830298764,22626.577040027245,4.303296324984939e-5
胡三,PERSON,7,8.408408408408409e-4,0.015154100019939777,454.7070059528673,3.340236488743403e-5
胡伯翔,PERSON,38,0.0045645645645645645,0.06283306157501267,19898.993736835844,3.770739064856712e-5
胡伯翰,PERSON,1,1.2012012012012012e-4,0.008664365789620142,0,3.400435255712731e-5
胡佩,PERSON,5,6.006006006006006e-4,0.01010608892180064,118.14803519999626,3.3025099075297225e-5
胡佳訂,PERSON,2,2.4024024024024023e-4,7.25515998625699e-4,0.034482758620689655,3.167564143173899e-5
胡健,PERSON,34,0.004084084084084084,0.06164738209631145,24304.003470715743,3.866676977805274e-5
胡兆,PERSON,3,3.6036036036036037e-4,0.005679307475017703,50.8155508556313,3.242962770787391e-5
胡公愷,PERSON,5,6.006006006006006e-4,0.010802367357820211,93.96841260415628,3.346496218459273e-5
胡厚甫,PERSON,2,2.4024024024024023e-4,6.269218673298667e-4,0.047619047619047616,3.165759149043941e-5
胡厥文,PERSON,3,3.6036036036036037e-4,0.003065740764800374,22.707641647122816,3.2024594888874656e-5
胡國城,PERSON,3,3.6036036036036037e-4,0.003204915009376847,2.4817835973184477,3.197748784855462e-5
胡夢麟,PERSON,12,0.0014414414414414415,0.024641129625935038,3010.8089336644994,3.493327744008943e-5
胡大林,PERSON,2,2.4024024024024023e-4,0.003386424827634768,9.047984526590414,3.2160545442850713e-5
胡大砲,PERSON,6,7.207207207207207e-4,0.015111088505380595,571.8748691543087,3.388222538456326e-5
胡天炮,PERSON,4,4.8048048048048047e-4,0.0036199725882840052,3.8065488913942205,3.183496752833312e-5
胡子,PERSON,1,1.2012012012012012e-4,0.0024187338470539285,0,3.202049311559398e-5
胡定,PERSON,4,4.8048048048048047e-4,0.011527446887860069,46.1487429685942,3.279118572927597e-5
胡定安,PERSON,8,9.609609609609609e-4,0.015609128736287212,291.0896421783415,3.4115720524017465e-5
胡定德,PERSON,6,7.207207207207207e-4,0.0037071603829853922,2.7082164108705853,3.172387538861747e-5
胡少堂,PERSON,6,7.207207207207207e-4,0.014411723880959876,250.80825175331708,3.381348481774532e-5
胡庶華,PERSON,5,6.006006006006006e-4,0.010654304170531592,128.8504303824068,3.4036759700476515e-5
胡忠甫,PERSON,3,3.6036036036036037e-4,0.0010616436936611337,0.2841238564773236,3.1709791983764585e-5
胡忠彪,PERSON,11,0.0013213213213213214,0.015226628903963998,543.0098288490186,3.347840642785403e-5
胡振祥,PERSON,3,3.6036036036036037e-4,0.010629738730158864,21.45554897877954,3.4008978370289756e-5
胡政,PERSON,4,4.8048048048048047e-4,0.010217954256095261,25.829009320718736,3.248651809499058e-5
胡敦復,PERSON,8,9.609609609609609e-4,0.009120356830945907,245.56883357046792,3.236874474007898e-5
胡文,PERSON,3,3.6036036036036037e-4,0.0048652259371689335,9.346624363754536,3.216261417728033e-5
胡文耀,PERSON,8,9.609609609609609e-4,0.009691169598715946,242.9187549371852,3.25055259394097e-5
胡映,PERSON,5,6.006006006006006e-4,0.01900002701571235,326.847626021409,3.383178834833209e-5
胡曲,PERSON,2,2.4024024024024023e-4,0.0033864248276347653,9.047984526590414,3.2160545442850713e-5
胡本,PERSON,2,2.4024024024024023e-4,0.011519252717289217,166.19785782117216,3.3763252076440005e-5
胡森,PERSON,1,1.2012012012012012e-4,3.789807969594066e-4,0,3.165959602355474e-5
胡榮生,PERSON,8,9.609609609609609e-4,0.006302475436465855,126.23522581003662,3.244225279003374e-5
胡樸,PERSON,2,2.4024024024024023e-4,0.00465825199298391,2.8611597954819303,3.222687721559781e-5
胡樸安,PERSON,27,0.003243243243243243,0.053353953099257015,15909.359992321546,3.779289493575208e-5
胡永年,PERSON,6,7.207207207207207e-4,0.012632979728475411,663.6410378135404,3.33022512321833e-5
胡渠澄,PERSON,3,3.6036036036036037e-4,0.006643166885240421,42.05641769540766,3.294241665568586e-5
胡爾,PERSON,2,2.4024024024024023e-4,0.011519252717289215,166.19785782117216,3.3763252076440005e-5
胡玉英二,PERSON,5,6.006006006006006e-4,0.00838893229613371,173.52543655094541,3.3548040794417606e-5
胡琦,PERSON,14,0.0016816816816816818,0.04465741355397333,6481.314744486593,3.6429872495446266e-5
胡生,PERSON,2,2.4024024024024023e-4,0.001261954825393358,2.1683427447535637,3.174401625293632e-5
胡益卿,PERSON,2,2.4024024024024023e-4,0.011519252717289217,166.19785782117216,3.3763252076440005e-5
胡祖蔭,PERSON,10,0.0012012012012012011,0.011620222003472052,1100.4488382982508,3.2998944033790916e-5
胡秋,PERSON,5,6.006006006006006e-4,0.0129987184614652,183.31460662748728,3.415533847940433e-5
胡秋原,PERSON,7,8.408408408408409e-4,0.010504879173538671,757.5099495372408,3.301419610432486e-5
胡積安,PERSON,10,0.0012012012012012011,0.009389002544196917,1076.960545422615,3.2611531437516305e-5
胡立富,PERSON,5,6.006006006006006e-4,0.006336648309152612,78.80545529604122,3.244014792707455e-5
胡紹彝,PERSON,4,4.8048048048048047e-4,0.011437519780461213,27.767186568712685,3.34627225271048e-5
胡興,PERSON,6,7.207207207207207e-4,0.003291651853696932,68.05759301221232,3.196113525952442e-5
胡良,PERSON,3,3.6036036036036037e-4,0.001061643693661134,0.2841238564773236,3.1709791983764585e-5
胡芸蓀,PERSON,7,8.408408408408409e-4,0.023688494174609345,929.0681891487944,3.4020548411240386e-5
胡菊生,PERSON,2,2.4024024024024023e-4,0.0017468999148220943,4.837797910604474,3.185930929017459e-5
胡萝麟,PERSON,5,6.006006006006006e-4,0.019000027015712347,326.847626021409,3.383178834833209e-5
胡蝶,PERSON,14,0.0016816816816816818,0.031045164407404034,6291.763782116834,3.5607463324312774e-5
胡西,PERSON,4,4.8048048048048047e-4,0.012210229486038567,651.1427410238471,3.338452293516726e-5
胡西國,PERSON,2,2.4024024024024023e-4,0.0012065035502636082,11.984054054506608,3.178033432911714e-5
胡西園,PERSON,90,0.010810810810810811,0.12767411217041327,102680.87474460923,4.205568172260072e-5
胡西閱,PERSON,2,2.4024024024024023e-4,5.618724285565979e-4,0.08333333333333333,3.163956210846042e-5
胡識昌,PERSON,7,8.408408408408409e-4,0.023688494174609352,929.0681891487944,3.4020548411240386e-5
胡起,PERSON,7,8.408408408408409e-4,0.023688494174609356,929.0681891487944,3.4020548411240386e-5
胡蹶文,PERSON,1,1.2012012012012012e-4,0.0024187338470539285,0,3.202049311559398e-5
胡適,PERSON,12,0.0014414414414414415,0.017599067117198674,528.6416796538152,3.414834039065701e-5
胡遵理,PERSON,7,8.408408408408409e-4,0.005045616042872591,166.17103942015106,3.23185314459311e-5
胡鑑遠,PERSON,3,3.6036036036036037e-4,0.004556664630359591,82.82966821872313,3.240650722665111e-5
胡階森,PERSON,9,0.001081081081081081,0.02182450252969104,1256.6181197464418,3.506803198204517e-5
胡霖,PERSON,11,0.0013213213213213214,0.021982285004042697,2615.979854853119,3.563791874554526e-5
胡靖安,PERSON,3,3.6036036036036037e-4,0.010632644424861904,700.2576775323182,3.4092458748124914e-5
胡靜如,PERSON,3,3.6036036036036037e-4,0.005816661398394869,11.932893772899112,3.237712879621835e-5
胡章,PERSON,3,3.6036036036036037e-4,0.008394630905946955,15.873785038424115,3.3101621979477e-5
胡鳳子,PERSON,14,0.0016816816816816818,0.026106167174784242,1555.0326371509018,3.3907500339075e-5
胥日,PERSON,2,2.4024024024024023e-4,0.0018418778694907914,2.8315810897782505,3.185727938834024e-5
胥漢臣,PERSON,4,4.8048048048048047e-4,0.0034218520798971856,4.4938255338808855,3.183496752833312e-5
能仁寺,ORG,94,0.011291291291291292,0.09769398495470871,35667.54489784809,4.326756663205262e-5
膠濟,PERSON,7,8.408408408408409e-4,0.019671034594503038,1206.342382844766,3.4770514603616136e-5
膽為,PERSON,6,7.207207207207207e-4,0.014411723880959886,250.80825175331708,3.381348481774532e-5
臨厚,PERSON,6,7.207207207207207e-4,0.00326180526742981,6.5446831154118295,3.17218627077782e-5
臨時軍事聯絡,ORG,56,0.006726726726726727,0.10506803890083208,6946.079521944563,4.311088118641145e-5
自力晚報,ORG,7,8.408408408408409e-4,0.020235914095696545,3273.674427776125,4.292950974499871e-5
自吳,PERSON,1,1.2012012012012012e-4,5.312247496743097e-4,0,3.164356686285678e-5
自周,PERSON,3,3.6036036036036037e-4,0.004865225937168934,9.346624363754536,3.216261417728033e-5
致富,PERSON,14,0.0016816816816816818,0.022079615688888797,2701.346698798977,3.430531732418525e-5
致訓,PERSON,1,1.2012012012012012e-4,0.0027873098307605866,0,3.228722717293039e-5
致遠,PERSON,5,6.006006006006006e-4,0.019000027015712358,326.847626021409,3.383178834833209e-5
致黃,PERSON,4,4.8048048048048047e-4,0.0015365652320974334,2.086846584705914,3.172790151659369e-5
臺北晚報,ORG,7,8.408408408408409e-4,0.020235914095696545,3273.674427776125,4.292950974499871e-5
臺灣中央日報,ORG,7,8.408408408408409e-4,0.02023591409569654,3273.674427776125,4.292950974499871e-5
臺灣慰勞,ORG,7,8.408408408408409e-4,0.020235914095696545,3273.674427776125,4.292950974499871e-5
臺糖公司,ORG,4,4.8048048048048047e-4,0.022225578294099487,369.33757126221076,4.291845493562232e-5
與于,PERSON,3,3.6036036036036037e-4,0.0018473653155018641,14.458125945622319,3.182281059063136e-5
與俞,PERSON,4,4.8048048048048047e-4,0.0014435644736360954,0.2608695652173913,3.166561114629513e-5
與嚴,PERSON,14,0.0016816816816816818,0.030008776426630652,4154.148220097428,3.558212354113294e-5
與奚,PERSON,6,7.207207207207207e-4,0.003707160382985391,2.7082164108705853,3.172387538861747e-5
與姚,PERSON,6,7.207207207207207e-4,0.026379160552445317,4253.231249322085,3.7020583444395086e-5
與張,PERSON,4,4.8048048048048047e-4,0.006422685959868413,55.40107853797565,3.2539372640895484e-5
與徐,PERSON,4,4.8048048048048047e-4,0.0034218520798971856,4.4938255338808855,3.183496752833312e-5
與李,PERSON,6,7.207207207207207e-4,0.012176088278678386,382.2442872706947,3.402517863218782e-5
與杜,PERSON,5,6.006006006006006e-4,0.013558332387649367,592.6887210067786,3.441156228492774e-5
與杜魯,PERSON,1,1.2012012012012012e-4,2.7726789169643223e-4,0,3.163555836760519e-5
與林,PERSON,9,0.001081081081081081,0.02084045756296344,1410.618038237952,3.529827038475115e-5
與格,PERSON,5,6.006006006006006e-4,0.00523318752528375,223.05625409020251,3.241070849808777e-5
與王,PERSON,12,0.0014414414414414415,0.022599538570583843,3173.3712087182003,3.468368479467259e-5
與石,PERSON,3,3.6036036036036037e-4,0.0016032386528296418,1.0942282987102634,3.1762164909160206e-5
與許,PERSON,7,8.408408408408409e-4,0.014251484833915976,1176.5779416997414,3.43218012081274e-5
與郭,PERSON,10,0.0012012012012012011,0.011840826065626045,570.6809819731094,3.358409457281032e-5
與長僊,PERSON,2,2.4024024024024023e-4,0.002435137421146672,2.0304168970839447,3.209654641160611e-5
與陳,PERSON,20,0.0024024024024024023,0.04141358838982893,12351.219874552697,3.72300819061802e-5
與顧,PERSON,7,8.408408408408409e-4,0.005901204383500435,36.199420026929104,3.217917363882096e-5
興中學會,ORG,15,0.0018018018018018018,0.036414697695685,30310.115943303386,4.2959017097688804e-5
興亞藥房,ORG,2,2.4024024024024023e-4,0.01750325975090341,40.7064533722221,4.2911088225197394e-5
興冒,PERSON,3,3.6036036036036037e-4,0.004556664630359593,82.82966821872313,3.240650722665111e-5
興園,ORG,19,0.0022822822822822822,0.023436002597904078,35889.08060693405,4.298486932599725e-5
興華實業公司,ORG,32,0.0038438438438438438,0.028440536537909684,6511.170458815163,4.302185510239202e-5
舉吳,PERSON,1,1.2012012012012012e-4,9.47991629862202e-4,0,3.169170311212524e-5
舉潘,PERSON,5,6.006006006006006e-4,0.008098027441746706,76.71006892147572,3.2920726889649725e-5
舉陳,PERSON,9,0.001081081081081081,0.013647842328834148,576.9625899623856,3.301419610432486e-5
舒文,PERSON,2,2.4024024024024023e-4,0.005290200751899169,13.874347490521853,3.257328990228013e-5
舒新城,PERSON,3,3.6036036036036037e-4,0.007149375812880612,64.5461251024404,3.2713949227950796e-5
舒賓於,PERSON,6,7.207207207207207e-4,0.01641702413248241,927.5212789738429,3.4279446044151926e-5
舖張,PERSON,17,0.002042042042042042,0.029236635968583013,6902.421212928161,3.634249164122692e-5
舘劉,PERSON,6,7.207207207207207e-4,0.0231974736661056,3338.3207238685204,3.621351488375462e-5
舘錢,PERSON,2,2.4024024024024023e-4,6.775332869662114e-4,0.05,3.165558721114277e-5
舟顏,PERSON,16,0.0019219219219219219,0.02972913063768925,1146.1427101124061,3.434537711224069e-5
航利輪,ORG,5,6.006006006006006e-4,0.023480876908069947,143.48333447470077,4.292213923941969e-5
般若,PERSON,2,2.4024024024024023e-4,6.269218673298669e-4,0.047619047619047616,3.165759149043941e-5
般若波羅密,PERSON,2,2.4024024024024023e-4,6.269218673298669e-4,0.047619047619047616,3.165759149043941e-5
船局,ORG,8,9.609609609609609e-4,0.02968318851829597,697.6724956564543,4.2936882782310004e-5
船聯,ORG,14,0.0016816816816816818,0.021172504832387386,3552.738291259507,4.29553264604811e-5
良作,PERSON,4,4.8048048048048047e-4,0.0015365652320974328,2.086846584705914,3.172790151659369e-5
良兩,PERSON,6,7.207207207207207e-4,0.014411723880959886,250.80825175331708,3.381348481774532e-5
良友,PERSON,2,2.4024024024024023e-4,6.775332869662116e-4,0.05,3.165558721114277e-5
良友影迷社,ORG,7,8.408408408408409e-4,0.01728994766913958,2584.735015688038,4.292950974499871e-5
良天,PERSON,4,4.8048048048048047e-4,0.0036199725882840057,3.8065488913942205,3.183496752833312e-5
良寗,PERSON,4,4.8048048048048047e-4,0.011269647772469462,63.78114990571053,3.402286336418073e-5
良徐,PERSON,4,4.8048048048048047e-4,0.01350675565508293,117.44453779971819,3.343139876972452e-5
良所,PERSON,1,1.2012012012012012e-4,2.7965058876269956e-4,0,3.162355322244007e-5
良樊,PERSON,4,4.8048048048048047e-4,0.0045932973299939546,44.99434718100529,3.217917363882096e-5
良為,PERSON,4,4.8048048048048047e-4,0.01397982245262397,1176.3750743909916,3.437607425232039e-5
良緣集團,ORG,101,0.012132132132132132,0.06227587796646003,68565.372607517493,4.327880204275946e-5
良舍,PERSON,4,4.8048048048048047e-4,0.010414963878348055,244.49920581835897,3.34941050375134e-5
良葉,PERSON,5,6.006006006006006e-4,0.010106088921800633,118.14803519999626,3.3025099075297225e-5
良謹,PERSON,5,6.006006006006006e-4,0.004080904430377631,18.919364027845845,3.2100667693888034e-5
良證,PERSON,8,9.609609609609609e-4,0.013607640583828469,865.4911893050856,3.3783783783783784e-5
良谷,PERSON,2,2.4024024024024023e-4,0.006434083937892961,16.62449614338071,3.340236488743403e-5
良雄,PERSON,2,2.4024024024024023e-4,0.0012619548253933583,2.1683427447535637,3.174401625293632e-5
艷雪,PERSON,4,4.8048048048048047e-4,0.008366771104785545,52.9343858105446,3.3103813559322034e-5
艾古,PERSON,3,3.6036036036036037e-4,0.012049056922188871,12.27847436442589,3.4008978370289756e-5
艾格,PERSON,9,0.001081081081081081,0.016083458145752617,1960.7021241236728,3.4882098507046184e-5
艾沙率,PERSON,9,0.001081081081081081,0.020840457562963446,1410.618038237952,3.529827038475115e-5
艾祖年,PERSON,9,0.001081081081081081,0.012058727667521297,163.1970346503108,3.293373732051113e-5
艾羅,PERSON,3,3.6036036036036037e-4,0.004479299169714803,47.83057902440342,3.226014581585909e-5
芙蓉草,PERSON,10,0.0012012012012012011,0.03784536543555877,1800.9700697346723,3.4989503149055284e-5
芙飛,PERSON,3,3.6036036036036037e-4,0.0016032386528296414,1.0942282987102634,3.1762164909160206e-5
芝爲,PERSON,2,2.4024024024024023e-4,0.006967976565524212,24.082354120731317,3.269042170644001e-5
芝紫萍,PERSON,4,4.8048048048048047e-4,0.008366771104785545,52.9343858105446,3.3103813559322034e-5
芝罘路口分社麥其路二二一號,ORG,4,4.8048048048048047e-4,0.018058328851200397,499.15975562028694,4.292213923941969e-5
芝蘭,PERSON,3,3.6036036036036037e-4,0.008166484072258128,145.71102886183576,3.302073702285035e-5
芝雪,PERSON,2,2.4024024024024023e-4,0.0022777870118303287,3.501056180548725,3.209654641160611e-5
芬結,PERSON,1,1.2012012012012012e-4,4.351913100735495e-4,0,3.1677648251393816e-05
花旗銀行,ORG,18,0.002162162162162162,0.03561800040769736,2843.929924696181,4.2970092815400483e-5
花華,PERSON,3,3.6036036036036037e-4,0.0016032386528296418,1.0942282987102634,3.1762164909160206e-5
花雨,PERSON,4,4.8048048048048047e-4,0.0013048422173664817,11.067428514733692,3.171582619727244e-5
芳兩,PERSON,5,6.006006006006006e-4,0.0066045004020392935,45.62477476780193,3.23185314459311e-5
芳劉,PERSON,9,0.001081081081081081,0.027113772111367264,2690.443770024964,3.5642999714856005e-5
芳娟,PERSON,5,6.006006006006006e-4,0.010654304170531597,128.8504303824068,3.4036759700476515e-5
芳曁,PERSON,1,1.2012012012012012e-4,9.357195256186339e-4,0,3.166761669516752e-5
芳替,PERSON,4,4.8048048048048047e-4,0.0015365652320974326,2.086846584705914,3.172790151659369e-5
芳次,PERSON,1,1.2012012012012012e-4,3.5433331800824606e-4,0,3.167965532535006e-5
芳毛,PERSON,9,0.001081081081081081,0.012058727667521302,163.1970346503108,3.293373732051113e-5
芳當,PERSON,2,2.4024024024024023e-4,8.140020979143629e-4,0.06666666666666667,3.1645569620253167e-5
芳程,PERSON,11,0.0013213213213213214,0.02212190727467053,2632.159271256669,3.4428148454176133e-5
芳童,PERSON,3,3.6036036036036037e-4,0.015275997019294128,420.14624893103274,3.45972875726543e-5
芳結,PERSON,8,9.609609609609609e-4,0.011405965035138283,1326.3472080375984,3.303164431525401e-5
芳致,PERSON,1,1.2012012012012012e-4,8.178035052895654e-4,0,3.1677648251393816e-05
芳華劇團,ORG,32,0.0038438438438438438,0.026387484267928307,14415.430633770296,4.302185510239202e-5
芳訂,PERSON,4,4.8048048048048047e-4,0.00786092743487536,52.307729725569054,3.340682835571591e-5
芳黃,PERSON,3,3.6036036036036037e-4,0.012355454468624827,410.7043676647166,3.4258307639602604e-5
芷江華通,ORG,15,0.0018018018018018018,0.02204921492467873,20668.64110615118,4.2959017097688804e-5
芷江越劇院,ORG,10,0.0012012012012012011,0.024315342632504507,1963.6877846724085,4.294057025077293e-5
芷生,PERSON,3,3.6036036036036037e-4,0.004556664630359589,82.82966821872313,3.240650722665111e-5
芷苓,PERSON,19,0.0022822822822822822,0.0174805679592783,2597.921037877699,3.414600833162603e-5
芸于,PERSON,1,1.2012012012012012e-4,3.323539038810936e-4,0,3.1671628555140305e-5
芾南,PERSON,4,4.8048048048048047e-4,0.004700450151931145,37.63387724947352,3.225390272222939e-5
苓將,PERSON,6,7.207207207207207e-4,0.00797503281386332,208.7751025884347,3.295544423938835e-5
苓鄭,PERSON,5,6.006006006006006e-4,0.004744925400120989,29.575974419923707,3.200819409768901e-5
若望,PERSON,7,8.408408408408409e-4,0.004511033445264438,289.81321722732764,3.187962254526906e-5
苦幹劇團,ORG,29,0.0034834834834834836,0.022218311304005253,43148.09790633622,4.301075268817204e-5
英兩,PERSON,3,3.6036036036036037e-4,0.0010616436936611334,0.2841238564773236,3.1709791983764585e-5
英千,PERSON,3,3.6036036036036037e-4,0.0035606057889580453,16.246700138563867,3.2127481847972756e-5
英國商會,ORG,7,8.408408408408409e-4,0.01835167826783335,1528.9718948442953,4.292950974499871e-5
英國格理奥文道小兒科醫院,ORG,22,0.002642642642642643,0.04059235671835994,4547.684986101042,4.298486932599725e-5
英國海外航空公司,ORG,8,9.609609609609609e-4,0.024048054387383527,3788.7286702215356,4.29331959471063e-5
英國滬商,ORG,14,0.0016816816816816818,0.03573999840835246,1667.7430254212159,4.29553264604811e-5
英國皇家醫學院,ORG,34,0.004084084084084084,0.04735601847607557,11248.145812436207,4.303296324984939e-5
英影,PERSON,6,7.207207207207207e-4,0.012176088278678393,382.2442872706947,3.402517863218782e-5
英柳,PERSON,1,1.2012012012012012e-4,0.008664365789620137,0,3.400435255712731e-5
英楊,PERSON,17,0.002042042042042042,0.02240232528417594,1178.7157605231384,3.3763252076440005e-5
英江,PERSON,3,3.6036036036036037e-4,0.015222546176247524,317.8175412682892,3.3795201081446433e-5
英海軍,ORG,13,0.0015615615615615615,0.031098808006261348,6636.322096521132,4.2951636457349025e-5
英演,PERSON,7,8.408408408408409e-4,0.021029308388823522,997.1563241841075,3.433830094086945e-5
英皇,PERSON,10,0.0012012012012012011,0.01099784589626402,2050.4595810935048,3.3754134881522986e-5
英結,PERSON,10,0.0012012012012012011,0.01585528835459597,1784.9376456554694,3.386616093199675e-5
英總,PERSON,1,1.2012012012012012e-4,0.003131195006572766,0,3.210891343436938e-5
英耕,PERSON,16,0.0019219219219219219,0.01836720166607404,1426.0768065611842,3.318951211417192e-5
英英,PERSON,8,9.609609609609609e-4,0.012223290480536135,33.418706651519976,3.2851511169513796e-5
英訂,PERSON,13,0.0015615615615615615,0.021144152542501196,4755.715809176905,3.474876641879213e-5
英邵,PERSON,9,0.001081081081081081,0.01743693774595482,122.44182752488796,3.404371212637026e-5
英醫,PERSON,17,0.002042042042042042,0.02240232528417594,1178.7157605231384,3.3763252076440005e-5
英雪,PERSON,2,2.4024024024024023e-4,0.0022777870118303296,3.501056180548725,3.209654641160611e-5
英雲,PERSON,4,4.8048048048048047e-4,0.008366771104785545,52.9343858105446,3.3103813559322034e-5
茂元,PERSON,1,1.2012012012012012e-4,0.0010928743420800387,0,3.172387538861747e-5
茂利輪,ORG,7,8.408408408408409e-4,0.02745206140838214,958.2904679006489,4.292950974499871e-5
茂昌眼鏡公司,ORG,4,4.8048048048048047e-4,0.017545590374515477,631.6748245164149,4.292213923941969e-5
茂枝,PERSON,1,1.2012012012012012e-4,6.579306877011924e-4,0,3.1750063500127e-5
茂鑫,PERSON,2,2.4024024024024023e-4,0.00576114617909061,16.827041338636686,3.28709486555782e-5
范世,PERSON,1,1.2012012012012012e-4,4.2450600259481174e-4,0,3.164356686285678e-5
范再生,PERSON,7,8.408408408408409e-4,0.0034774880944748953,55.85648395923423,3.185119123455217e-5
范守,PERSON,5,6.006006006006006e-4,0.01959521286178018,1557.1708567050346,3.546853940554728e-5
范守淵,PERSON,1,1.2012012012012012e-4,0.008664365789620137,0,3.400435255712731e-5
范實,PERSON,1,1.2012012012012012e-4,3.034016928396807e-4,0,3.168567807351077e-5
范才,PERSON,18,0.002162162162162162,0.053992667891143535,9425.010671465034,3.8057543005023594e-5
范烟,PERSON,4,4.8048048048048047e-4,0.0045932973299939546,44.99434718100529,3.217917363882096e-5
范煙橋,PERSON,5,6.006006006006006e-4,0.0027726954509751057,14.987026472481146,3.176821907363873e-5
范爭,PERSON,5,6.006006006006006e-4,0.003052354235044303,8.251485943736157,3.1861339450710506e-5
范瑞娟,PERSON,2,2.4024024024024023e-4,6.269218673298666e-4,0.047619047619047616,3.165759149043941e-5
范石人,PERSON,8,9.609609609609609e-4,0.022441614043857465,1827.0683637261625,3.470294280955025e-5
范紹,PERSON,35,0.004204204204204204,0.05244902225424927,14265.441142012287,3.565570847892748e-5
范衆,PERSON,9,0.001081081081081081,0.010796826555790279,157.31362262514577,3.2324799586242565e-5
范行,PERSON,18,0.002162162162162162,0.059985202905419636,6773.149630945264,3.759681179036018e-5
范金,PERSON,6,7.207207207207207e-4,0.003371719730179142,28.478568813996905,3.188368830506313e-5
范長江,PERSON,4,4.8048048048048047e-4,0.0100858787201924,195.67242653811266,3.403212632725293e-5
范雪,PERSON,8,9.609609609609609e-4,0.012223290480536136,33.418706651519976,3.2851511169513796e-5
范騰,PERSON,8,9.609609609609609e-4,0.015609128736287206,291.0896421783415,3.4115720524017465e-5
茅以,PERSON,2,2.4024024024024023e-4,0.0011402012284938143,1.2730753878422225,3.1709791983764585e-5
茅盾,PERSON,33,0.003963963963963964,0.055138620766965796,26152.401497438,3.793626707132018e-5
茲將,PERSON,2,2.4024024024024023e-4,0.0012619548253933583,2.1683427447535637,3.174401625293632e-5
茲詹,PERSON,5,6.006006006006006e-4,0.002101495161337286,45.8727773074986,3.1782354436816676e-5
荀慧,PERSON,4,4.8048048048048047e-4,0.011269647772469464,63.78114990571053,3.402286336418073e-5
荃照,PERSON,3,3.6036036036036037e-4,0.00455666463035959,82.82966821872313,3.240650722665111e-5
草蓉,PERSON,8,9.609609609609609e-4,0.03041099956595783,1211.1368630802024,3.464043231259526e-5
莉平,PERSON,7,8.408408408408409e-4,0.01796040981950334,1207.208225295111,3.45447008428907e-5
莉芳,PERSON,7,8.408408408408409e-4,0.011359972633530254,790.6473321794142,3.407619437061269e-5
莉菁,PERSON,1,1.2012012012012012e-4,3.8916307814442673e-4,0,3.1695721077654516e-5
莉萍,PERSON,4,4.8048048048048047e-4,0.008366771104785545,52.9343858105446,3.3103813559322034e-5
莊仁煥,PERSON,5,6.006006006006006e-4,0.01583133858742383,508.1961196048012,3.4267699266671235e-5
莊信良,PERSON,7,8.408408408408409e-4,0.023688494174609335,929.0681891487944,3.4020548411240386e-5
莊友仁,PERSON,1,1.2012012012012012e-4,3.5729113340095926e-4,0,3.170577045022194e-5
莊叔,PERSON,18,0.002162162162162162,0.014788737677293376,201.67545512535725,3.249496328069149e-5
莊叔遐,PERSON,7,8.408408408408409e-4,0.010835579461705432,156.62163591963042,3.2679738562091506e-5
莊嚴,PERSON,3,3.6036036036036037e-4,0.0016032386528296424,1.0942282987102634,3.1762164909160206e-5
莊繼,PERSON,7,8.408408408408409e-4,0.023688494174609345,929.0681891487944,3.4020548411240386e-5
莊蒞,PERSON,2,2.4024024024024023e-4,0.005761146179090611,16.827041338636686,3.28709486555782e-5
莊靜,PERSON,15,0.0018018018018018018,0.010073075782113347,222.9046313491959,3.248229714805431e-5
莊鶴,PERSON,12,0.0014414414414414415,0.027539863701117342,2128.8372392629085,3.5263417730446436e-5
莘謝,PERSON,5,6.006006006006006e-4,0.002143719686386053,1.7403021595343997,3.170376006594382e-5
莘謝家,PERSON,8,9.609609609609609e-4,0.00837944789400596,138.4899870340173,3.2892572857048876e-5
莫于,PERSON,3,3.6036036036036037e-4,0.0019077861132578346,0.8433397683397684,3.1671628555140305e-5
莫以銓,PERSON,3,3.6036036036036037e-4,0.008394630905946953,15.873785038424115,3.3101621979477e-5
莫德惠,PERSON,16,0.0019219219219219219,0.03656665213417286,7482.14895233692,3.7232854270608387e-5
莫志祥,PERSON,2,2.4024024024024023e-4,0.002972465753627994,10.514416703126289,3.206361421059382e-5
莫愁,PERSON,2,2.4024024024024023e-4,5.679995347648313e-4,0.05,3.165558721114277e-5
莫應溎,PERSON,1,1.2012012012012012e-4,0.0010238773972413955,0,3.176620076238882e-5
莫竹庵,PERSON,7,8.408408408408409e-4,0.015154100019939784,454.7070059528673,3.340236488743403e-5
莫若强,PERSON,3,3.6036036036036037e-4,0.002266908040259106,17.260862523748948,3.193663771078181e-5
莫銘唯,PERSON,2,2.4024024024024023e-4,9.531403846534448e-4,0.09090909090909091,3.163756011136421e-5
菊潭,PERSON,1,1.2012012012012012e-4,3.3235390388109364e-4,0,3.1671628555140305e-5
菊芳,PERSON,3,3.6036036036036037e-4,0.006442677807301544,84.66299489774543,3.270538984824699e-5
菜館業公會,ORG,5,6.006006006006006e-4,0.01817914234051747,991.866493908984,4.292213923941969e-5
華一保險公司,ORG,25,0.003003003003003003,0.026055739831488192,9636.794544309292,4.2995958379912286e-5
華上,PERSON,5,6.006006006006006e-4,0.010654304170531592,128.8504303824068,3.4036759700476515e-5
華久,ORG,15,0.0018018018018018018,0.02457416185763643,4470.4066552303675,4.2959017097688804e-5
華亭,PERSON,4,4.8048048048048047e-4,0.006422685959868413,55.40107853797565,3.2539372640895484e-5
華伯良,PERSON,5,6.006006006006006e-4,0.006336648309152615,78.80545529604122,3.244014792707455e-5
華僑互濟社,ORG,27,0.003243243243243243,0.03842140298527312,21236.50081994612,4.301445285615967e-5
華僑聯合會,ORG,14,0.0016816816816816818,0.035739998408352465,1667.7430254212159,4.29553264604811e-5
華兩,PERSON,7,8.408408408408409e-4,0.01967103459450304,1206.342382844766,3.4770514603616136e-5
華嘉洋行,ORG,76,0.009129129129129129,0.09258265095857497,36273.250258409826,4.3189081800120926e-5
華國產廠商聯,ORG,8,9.609609609609609e-4,0.019517995547456552,4678.195547361,4.29331959471063e-5
華女中小學幼稚,ORG,21,0.0025225225225225223,0.024341327930495545,51405.967472868026,4.298486932599725e-5
華容道,PERSON,8,9.609609609609609e-4,0.030410999565957834,1211.1368630802024,3.464043231259526e-5
華少,PERSON,2,2.4024024024024023e-4,0.00876647290324011,79.54108101827777,3.3018556428712935e-5
華府商店,ORG,9,0.001081081081081081,0.0283464852640818,2992.892302462425,4.2936882782310004e-5
華庵,PERSON,1,1.2012012012012012e-4,6.579306877011919e-4,0,3.1750063500127e-5
華張,PERSON,5,6.006006006006006e-4,0.00677585216003782,45.03960850031755,3.2404406999351915e-5
華微,PERSON,4,4.8048048048048047e-4,0.008366771104785542,52.9343858105446,3.3103813559322034e-5
華德大藥房,ORG,3,3.6036036036036037e-4,0.02316109710753749,61.32639615786111,4.291477126426916e-5
華德藥房,ORG,67,0.008048048048048049,0.04774839620038304,35002.42863073886,4.3151808060757745e-5
華志城,PERSON,2,2.4024024024024023e-4,0.005513421202363539,1.582834490083944,3.2258064516129034e-5
華成烟公司,ORG,18,0.002162162162162162,0.04340910166607097,25617.207280965507,4.2970092815400483e-5
華控,PERSON,6,7.207207207207207e-4,0.010892416593343527,366.7125957675009,3.355704697986577e-5
華新絲業股份有限公司,ORG,4,4.8048048048048047e-4,0.01833710389978056,1468.234728642877,4.291845493562232e-5
華昇軍服,ORG,9,0.001081081081081081,0.03228859994886706,911.2318436347515,4.2936882782310004e-5
華明烟公司,ORG,6,7.207207207207207e-4,0.02164880832269844,858.7777060932606,4.292582417582418e-5
華星烟公司,ORG,6,7.207207207207207e-4,0.021648808322698443,858.7777060932606,4.292582417582418e-5
華東工業,ORG,5,6.006006006006006e-4,0.028065309241151866,188.49747500276717,4.292213923941969e-5
華柳,PERSON,8,9.609609609609609e-4,0.021782513054374654,532.5523691977385,3.4489894460922946e-5
華泰華行,ORG,1,1.2012012012012012e-4,0.016416165344663884,0,4.290740581824423e-5
華洋雜貨商業同業公會,ORG,27,0.003243243243243243,0.03842140298527311,21236.50081994612,4.301445285615967e-5
華淑,PERSON,4,4.8048048048048047e-4,0.011492178309741268,148.63766808899715,3.408781019907281e-5
華爲,PERSON,10,0.0012012012012012011,0.026542524502837114,4342.827914263667,3.603603603603604e-5
華爾,PERSON,5,6.006006006006006e-4,0.006336648309152615,78.80545529604122,3.244014792707455e-5
華珍,PERSON,8,9.609609609609609e-4,0.012223290480536131,33.418706651519976,3.2851511169513796e-5
華瑞德,PERSON,10,0.0012012012012012011,0.00793129248651693,615.2596789780334,3.2364554340086736e-5
華生,PERSON,8,9.609609609609609e-4,0.012223290480536136,33.418706651519976,3.2851511169513796e-5
華盛頓鐘錶總行,ORG,34,0.004084084084084084,0.04502614830298766,22626.577040027245,4.303296324984939e-5
華結,PERSON,3,3.6036036036036037e-4,0.008704046433780109,129.52438013015993,3.354128932716174e-5
華美烟公司,ORG,6,7.207207207207207e-4,0.021648808322698446,858.7777060932606,4.292582417582418e-5
華聯,ORG,59,0.007087087087087087,0.03694652151340557,168004.19756242563,4.3122035360069e-5
華聯再保險公司,ORG,27,0.003243243243243243,0.030006087107052055,12948.760761967269,4.300335426163241e-5
華聯同,ORG,25,0.003003003003003003,0.02857885182353886,17996.75246446137,4.2995958379912286e-5
華聲無線電行,ORG,1,1.2012012012012012e-4,0.01641616534466388,0,4.290740581824423e-5
華胡,PERSON,3,3.6036036036036037e-4,0.015275997019294132,420.14624893103274,3.45972875726543e-5
華與,PERSON,5,6.006006006006006e-4,0.004673525183078839,96.06375948260704,3.2156408772268315e-5
華葉,PERSON,8,9.609609609609609e-4,0.012223290480536135,33.418706651519976,3.2851511169513796e-5
華葛,PERSON,5,6.006006006006006e-4,0.008388932296133708,173.52543655094541,3.3548040794417606e-5
華蕾斯皮萊,PERSON,10,0.0012012012012012011,0.03784536543555877,1800.9700697346723,3.4989503149055284e-5
華許,PERSON,3,3.6036036036036037e-4,0.001061643693661134,0.2841238564773236,3.1709791983764585e-5
華諸,PERSON,5,6.006006006006006e-4,0.019000027015712354,326.847626021409,3.383178834833209e-5
華謝,PERSON,8,9.609609609609609e-4,0.014001032946953077,698.8105776339785,3.408083975189148e-5
華豐原料公司,ORG,41,0.004924924924924925,0.027994122416221644,24418.3950312686,4.30551967622492e-5
華豐晉豐印刷鑄字造紙所廠常年會計顧,ORG,28,0.0033633633633633636,0.03199425847141289,11230.61772138786,4.301075268817204e-5
華貴傢具設廠,ORG,3,3.6036036036036037e-4,0.017113819237867412,699.5221432262313,4.291477126426916e-5
華貿公司,ORG,12,0.0014414414414414415,0.024086650008257254,2659.676134246474,4.294794708812919e-5
華起,PERSON,9,0.001081081081081081,0.021358383145889757,636.9047426044352,3.463563313937379e-5
華阿興五百十五元,PERSON,10,0.0012012012012012011,0.01599255803378117,1029.859879762347,3.374046831770025e-5
華陳,PERSON,2,2.4024024024024023e-4,7.056684629986544e-4,0.030303030303030304,3.168367023636018e-5
華震,PERSON,7,8.408408408408409e-4,0.023688494174609352,929.0681891487944,3.4020548411240386e-5
華香,PERSON,18,0.002162162162162162,0.03092118591176811,6522.5288936726365,3.454708768050853e-5
華香琳,PERSON,7,8.408408408408409e-4,0.014788537648245887,390.5896411099448,3.33555703802535e-5
華麗,PERSON,2,2.4024024024024023e-4,0.00227778701183033,3.501056180548725,3.209654641160611e-5
華鼎烟公司,ORG,2,2.4024024024024023e-4,0.01741015540882079,52.84792781122693,4.2911088225197394e-5
菲如,PERSON,4,4.8048048048048047e-4,0.0034218520798971843,4.4938255338808855,3.183496752833312e-5
菲康瑛,PERSON,2,2.4024024024024023e-4,0.002277787011830329,3.501056180548725,3.209654641160611e-5
菲律濱支社,ORG,27,0.003243243243243243,0.03842140298527312,21236.50081994612,4.301445285615967e-5
萍余,PERSON,4,4.8048048048048047e-4,0.013979822452623976,1176.3750743909916,3.437607425232039e-5
萍啓,PERSON,3,3.6036036036036037e-4,0.007757580882090797,84.46012077456552,3.3521051220166265e-5
萍富德樂,ORG,38,0.0045645645645645645,0.02753287123946296,15464.847254132523,4.304407713498623e-5
萍情,PERSON,5,6.006006006006006e-4,0.010654304170531592,128.8504303824068,3.4036759700476515e-5
萍惠,PERSON,2,2.4024024024024023e-4,0.0022777870118303296,3.501056180548725,3.209654641160611e-5
萍韋,PERSON,2,2.4024024024024023e-4,0.002277787011830329,3.501056180548725,3.209654641160611e-5
著林,PERSON,1,1.2012012012012012e-4,4.485561346253972e-4,0,3.165959602355474e-5
葆介,PERSON,1,1.2012012012012012e-4,3.857206869570966e-4,0,3.163555836760519e-5
葆兩,PERSON,5,6.006006006006006e-4,0.010011597431053149,240.65928237132593,3.365643511039311e-5
葆硯,PERSON,3,3.6036036036036037e-4,0.0015461492854395025,46.08794509614989,3.174804749507905e-5
葆翔,PERSON,5,6.006006006006006e-4,0.006604500402039296,45.62477476780193,3.23185314459311e-5
葉光,PERSON,1,1.2012012012012012e-4,6.579306877011919e-4,0,3.1750063500127e-5
葉劍英,PERSON,6,7.207207207207207e-4,0.004888838255508241,617.743916189655,3.245278120334913e-5
葉友,PERSON,4,4.8048048048048047e-4,0.011060730322090036,603.7355239679507,3.4059945504087195e-5
葉叔,PERSON,3,3.6036036036036037e-4,0.013922992504560396,312.97427616471094,3.4169343265222444e-5
葉善祥,PERSON,6,7.207207207207207e-4,0.0037071603829853896,2.7082164108705853,3.172387538861747e-5
葉大昌,PERSON,24,0.002882882882882883,0.04305490611205335,12875.952536496725,3.793914561044085e-5
葉天,PERSON,2,2.4024024024024023e-4,7.991825280313974e-4,0.047619047619047616,3.165959602355474e-5
葉宅,PERSON,2,2.4024024024024023e-4,0.005321565564838399,72.31499807868863,3.2469640885771804e-5
葉宏甫,PERSON,7,8.408408408408409e-4,0.005901204383500433,36.199420026929104,3.217917363882096e-5
葉實,PERSON,6,7.207207207207207e-4,0.013954185271406308,1083.4212547675984,3.4428148454176133e-5
葉實夫,PERSON,4,4.8048048048048047e-4,0.008597606572782208,711.8597403451547,3.316749585406302e-5
葉恭,PERSON,21,0.0025225225225225223,0.03842853145579063,3985.9566984699363,3.4940600978336826e-5
葉昌玉,PERSON,5,6.006006006006006e-4,0.010802367357820211,93.96841260415628,3.346496218459273e-5
葉春,PERSON,3,3.6036036036036037e-4,0.010629738730158862,21.45554897877954,3.4008978370289756e-5
葉春年,PERSON,4,4.8048048048048047e-4,0.005405919404448131,10.001208699415605,3.197953309881676e-5
葉晋,PERSON,2,2.4024024024024023e-4,0.008766472903240114,79.54108101827777,3.3018556428712935e-5
葉景,PERSON,3,3.6036036036036037e-4,0.009539750961802415,639.2419197001716,3.309504898067249e-5
葉楚,PERSON,7,8.408408408408409e-4,0.021305172940717643,1754.8975422531018,3.5236081747709655e-5
葉楚傖,PERSON,4,4.8048048048048047e-4,0.013386311214997877,771.5181642440666,3.44542447629548e-5
葉樂,PERSON,3,3.6036036036036037e-4,0.005679307475017704,50.8155508556313,3.242962770787391e-5
葉溯,PERSON,5,6.006006006006006e-4,0.007630458294067904,332.7576180922174,3.242121644404098e-5
葉玉,PERSON,3,3.6036036036036037e-4,0.008704046433780114,129.52438013015993,3.354128932716174e-5
葉盛,PERSON,3,3.6036036036036037e-4,0.015275997019294142,420.14624893103274,3.45972875726543e-5
葉秀,PERSON,2,2.4024024024024023e-4,0.011083099636674072,618.0134071905923,3.4335942864991075e-5
葉美,PERSON,4,4.8048048048048047e-4,0.016734315957207233,2285.415313394421,3.5960874568469505e-5
葉翔,PERSON,23,0.002762762762762763,0.06528910683346256,16688.037004944854,3.891050583657588e-5
葉蕙,PERSON,7,8.408408408408409e-4,0.019671034594503038,1206.342382844766,3.4770514603616136e-5
葉起,PERSON,3,3.6036036036036037e-4,0.008704046433780107,129.52438013015993,3.354128932716174e-5
葉道,PERSON,1,1.2012012012012012e-4,0.002600149751992032,0,3.2028697713150986e-5
葉道淵,PERSON,3,3.6036036036036037e-4,0.0012282960871250763,3.8818038503306744,3.170778108947936e-5
葉鈕,PERSON,1,1.2012012012012012e-4,0.002931138333168817,0,3.191828917969997e-5
葉震,PERSON,8,9.609609609609609e-4,0.010964947868916539,801.6398186571895,3.321817698644698e-5
葉靑,PERSON,5,6.006006006006006e-4,0.007685892930559605,45.732157310507276,3.2836409010310635e-5
葉風,PERSON,3,3.6036036036036037e-4,0.010002217362508323,135.27609714198354,3.316529583443884e-5
葛久,PERSON,6,7.207207207207207e-4,0.0022984585655197575,1.6813576810374764,3.1729914963827895e-5
葛克信,PERSON,32,0.0038438438438438438,0.07136292057283876,16487.55956066037,3.8028597505324e-5
葛凌白,PERSON,4,4.8048048048048047e-4,0.008674383372766986,75.85545599489328,3.277828766225252e-5
葛帮辦,PERSON,1,1.2012012012012012e-4,0.0014147683594056073,0,3.1762164909160206e-5
葛建時,PERSON,2,2.4024024024024023e-4,9.249261666103469e-4,0.06666666666666667,3.1645569620253167e-5
葛敬,PERSON,4,4.8048048048048047e-4,0.006039965148108788,97.17821026158524,3.216261417728033e-5
葛福,PERSON,6,7.207207207207207e-4,0.015269722334995616,1074.3540195400196,3.46716593856182e-5
葛福田,PERSON,67,0.008048048048048049,0.12173264074083168,114531.48963020975,4.335385415763461e-5
葛肇基,PERSON,2,2.4024024024024023e-4,0.0013296435122047104,0.8192992485995741,3.171783811215428e-5
葛興楣,PERSON,2,2.4024024024024023e-4,7.25515998625699e-4,0.034482758620689655,3.167564143173899e-5
葛萊,PERSON,8,9.609609609609609e-4,0.003454230896817709,11.917367657986436,3.174401625293632e-5
董久峯,PERSON,2,2.4024024024024023e-4,7.056684629986541e-4,0.030303030303030304,3.168367023636018e-5
董仁貴,PERSON,11,0.0013213213213213214,0.03970237945932616,4313.27311948591,3.695764653706852e-5
董任,PERSON,4,4.8048048048048047e-4,0.015995824234809834,1293.830005513066,3.38684549210865e-5
董伯舒,PERSON,3,3.6036036036036037e-4,0.008394630905946953,15.873785038424115,3.3101621979477e-5
董克仁,PERSON,2,2.4024024024024023e-4,0.0016415096478265944,0.9783356359291872,3.172790151659369e-5
董和甫,PERSON,6,7.207207207207207e-4,0.006534884158777783,65.99356561984139,3.227263925643839e-5
董和甫爲,PERSON,11,0.0013213213213213214,0.008668940896065664,65.8169152778398,3.192236480878503e-5
董士,PERSON,4,4.8048048048048047e-4,0.010376818415791326,1252.1030831279033,3.411339291805963e-5
董少,PERSON,2,2.4024024024024023e-4,0.0017468999148220934,4.837797910604474,3.185930929017459e-5
董希錦,PERSON,2,2.4024024024024023e-4,0.002690941089657724,5.046483801701634,3.189182293659906e-5
董振遠,PERSON,2,2.4024024024024023e-4,0.011519252717289215,166.19785782117216,3.3763252076440005e-5
董斌,PERSON,6,7.207207207207207e-4,0.0018364069757380442,5.588790481302558,3.165959602355474e-5
董斌院,PERSON,8,9.609609609609609e-4,0.004143616781737379,66.70413790255344,3.193663771078181e-5
董時進,PERSON,1,1.2012012012012012e-4,9.479916298622025e-4,0,3.169170311212524e-5
董沐,PERSON,5,6.006006006006006e-4,0.009664079289121757,57.71799115042281,3.234780358413664e-5
董洗凡,PERSON,2,2.4024024024024023e-4,0.005513421202363539,1.582834490083944,3.2258064516129034e-5
董漢,PERSON,5,6.006006006006006e-4,0.0030523542350443045,8.251485943736157,3.1861339450710506e-5
董熾,PERSON,5,6.006006006006006e-4,0.004673525183078838,96.06375948260704,3.2156408772268315e-5
董璇笙,PERSON,7,8.408408408408409e-4,0.017838478069056984,1046.919990671501,3.4324157341937255e-5
董育華,PERSON,1,1.2012012012012012e-4,0.0010238773972413952,0,3.176620076238882e-5
董芝,PERSON,10,0.0012012012012012011,0.03625497154522654,4151.997997994558,3.6148062463851935e-5
董謨海,PERSON,2,2.4024024024024023e-4,0.0030664975909275105,21.62480588072452,3.228931223764934e-5
董贊堯,PERSON,6,7.207207207207207e-4,0.005777647691192492,274.21185775289007,3.2530904359141185e-5
董陳,PERSON,7,8.408408408408409e-4,0.00841530699409521,241.12944237297341,3.266479388515058e-5
董顯光,PERSON,1,1.2012012012012012e-4,0.0012674058119779808,0,3.181876034109711e-5
董顯光夫,PERSON,1,1.2012012012012012e-4,0.0031311950065727673,0,3.210891343436938e-5
蒙孔,PERSON,3,3.6036036036036037e-4,0.007757580882090792,84.46012077456552,3.3521051220166265e-5
蒙杜月笙,PERSON,1,1.2012012012012012e-4,6.169652765680901e-4,0,3.164156435894191e-5
蒙派,PERSON,6,7.207207207207207e-4,0.012176088278678387,382.2442872706947,3.402517863218782e-5
蒙社,ORG,27,0.003243243243243243,0.037194694192840515,3960.359156689279,4.300335426163241e-5
蒲樂,PERSON,6,7.207207207207207e-4,0.010849477069202593,157.03946343916186,3.297065611605671e-5
蓀袁,PERSON,2,2.4024024024024023e-4,0.0024351374211466726,2.0304168970839447,3.209654641160611e-5
蓀陸,PERSON,5,6.006006006006006e-4,0.0024464511862112804,5.917931977948675,3.175409627841992e-5
蓉生,PERSON,5,6.006006006006006e-4,0.006775852160037822,45.03960850031755,3.2404406999351915e-5
蓉草,PERSON,6,7.207207207207207e-4,0.022874900499598717,354.44088573884153,3.3763252076440005e-5
蓉華,PERSON,5,6.006006006006006e-4,0.007834561403779434,680.6319750860526,3.354128932716174e-5
蓋慶,PERSON,4,4.8048048048048047e-4,0.011527446887860072,46.1487429685942,3.279118572927597e-5
蓬路,ORG,22,0.002642642642642643,0.02444487885426268,6428.943318254794,4.298486932599725e-5
蓮囡,PERSON,6,7.207207207207207e-4,0.013290911257456345,200.34676375923544,3.362700921380053e-5
蓮馥,PERSON,5,6.006006006006006e-4,0.012543363871727772,499.0501310209396,3.426300280956623e-5
蔡仁抱,PERSON,5,6.006006006006006e-4,0.008604265412333998,1414.7702395950027,3.357732858773756e-5
蔡仲定,PERSON,3,3.6036036036036037e-4,0.008394630905946955,15.873785038424115,3.3101621979477e-5
蔡叔厚,PERSON,1,1.2012012012012012e-4,0.002418733847053929,0,3.202049311559398e-5
蔡司,PERSON,8,9.609609609609609e-4,0.01869566328180709,1476.321812728354,3.448751551938198e-5
蔡孑民,PERSON,3,3.6036036036036037e-4,0.0016529606355705647,2.1621741038938,3.169974006213149e-5
蔡實生,PERSON,10,0.0012012012012012011,0.012211951849870896,191.03031928419833,3.2404406999351915e-5
蔡屏藩,PERSON,25,0.003003003003003003,0.02229040430873498,1749.8653323538506,3.316749585406302e-5
蔡屛藩,PERSON,3,3.6036036036036037e-4,0.004047783743359782,12.33641349067866,3.198157861072023e-5
蔡念妙,PERSON,1,1.2012012012012012e-4,4.4855613462539717e-4,0,3.165959602355474e-5
蔡振華,PERSON,3,3.6036036036036037e-4,0.01062973873015886,21.45554897877954,3.4008978370289756e-5
蔡明芝,PERSON,3,3.6036036036036037e-4,0.0010616436936611339,0.2841238564773236,3.1709791983764585e-5
蔡昕淌,PERSON,3,3.6036036036036037e-4,0.005423061913486291,6.081767134281239,3.2133676092544985e-5
蔡昕濤,PERSON,17,0.002042042042042042,0.05420152029121148,8457.805183543745,3.7653437758867384e-5
蔡春芳,PERSON,3,3.6036036036036037e-4,0.015222546176247529,317.8175412682892,3.3795201081446433e-5
蔡殿榮,PERSON,6,7.207207207207207e-4,0.006534884158777788,65.99356561984139,3.227263925643839e-5
蔡無忌,PERSON,8,9.609609609609609e-4,0.018722729646178982,819.0913050450076,3.3679105482958374e-5
蔡福棠,PERSON,3,3.6036036036036037e-4,0.015222546176247529,317.8175412682892,3.3795201081446433e-5
蔡秀娛,PERSON,5,6.006006006006006e-4,0.005233187525283748,223.05625409020251,3.241070849808777e-5
蔡葵,PERSON,3,3.6036036036036037e-4,0.007149375812880613,64.5461251024404,3.2713949227950796e-5
蔡蔭恩,PERSON,13,0.0015615615615615615,0.026736252960885394,4664.234553760967,3.570663429265157e-5
蔡變昌,PERSON,7,8.408408408408409e-4,0.007076621532584772,53.84965423098826,3.2354083085285365e-5
蔡金瑛,PERSON,4,4.8048048048048047e-4,0.011211645117251347,79.43174901274396,3.401129174886062e-5
蔡銘楚,PERSON,6,7.207207207207207e-4,0.003371719730179143,28.478568813996905,3.188368830506313e-5
蔡鍔號,PERSON,9,0.001081081081081081,0.00755231168955752,244.31210778049677,3.2324799586242565e-5
蔡隆仁,PERSON,9,0.001081081081081081,0.01701681126779321,498.2935689795516,3.2985882042485813e-5
蔡霖,PERSON,1,1.2012012012012012e-4,3.323539038810935e-4,0,3.1671628555140305e-5
蔣主席精闢訓詞每日,PERSON,1,1.2012012012012012e-4,4.245060025948118e-4,0,3.164356686285678e-5
蔣仲,PERSON,4,4.8048048048048047e-4,0.00399356976549982,43.55237240426918,3.230808994572241e-5
蔣伯,PERSON,3,3.6036036036036037e-4,0.015275997019294132,420.14624893103274,3.45972875726543e-5
蔣伯誠,PERSON,10,0.0012012012012012011,0.024538712009092554,1084.1920244942694,3.417868617130358e-5
蔣偉,PERSON,11,0.0013213213213213214,0.017932333029774702,590.014065551399,3.2994588887422464e-5
蔣勻,PERSON,3,3.6036036036036037e-4,0.01678923513171413,990.3245349750619,3.533069530808366e-5
蔣叔,PERSON,4,4.8048048048048047e-4,0.004593297329993952,44.99434718100529,3.217917363882096e-5
蔣吟,PERSON,4,4.8048048048048047e-4,0.002009320064740675,15.423830762040794,3.1832940727064365e-5
蔣培英,PERSON,1,1.2012012012012012e-4,0.008664365789620135,0,3.400435255712731e-5
蔣士,PERSON,6,7.207207207207207e-4,0.014411723880959878,250.80825175331708,3.381348481774532e-5
蔣夢,PERSON,3,3.6036036036036037e-4,0.0010679870628493191,0.08823529411764705,3.168567807351077e-5
蔣夫人,PERSON,9,0.001081081081081081,0.017463655281686606,787.2142285059772,3.3889114816320995e-5
蔣孟,PERSON,3,3.6036036036036037e-4,0.012049056922188873,12.27847436442589,3.4008978370289756e-5
蔣宇,PERSON,18,0.002162162162162162,0.05998520290541966,6773.149630945264,3.759681179036018e-5
蔣廷,PERSON,12,0.0014414414414414415,0.012243381639878304,477.38951638668186,3.277828766225252e-5
蔣建,PERSON,16,0.0019219219219219219,0.025981851087643542,8716.484909260238,3.5026269702276706e-5
蔣建白,PERSON,4,4.8048048048048047e-4,0.005650392340963532,48.6094521463145,3.232897969740075e-5
蔣復,PERSON,2,2.4024024024024023e-4,0.0013359026660494256,0.4162703256742152,3.1709791983764585e-5
蔣忠良,PERSON,3,3.6036036036036037e-4,0.008394630905946953,15.873785038424115,3.3101621979477e-5
蔣文錦,PERSON,6,7.207207207207207e-4,0.014411723880959878,250.80825175331708,3.381348481774532e-5
蔣樹淦,PERSON,1,1.2012012012012012e-4,8.415068085950117e-4,0,3.176821907363873e-5
蔣督,PERSON,2,2.4024024024024023e-4,0.008274860670391855,91.27230749702466,3.293590672551215e-5
蔣竹,PERSON,2,2.4024024024024023e-4,0.0013359026660494258,0.4162703256742152,3.1709791983764585e-5
蔣紀,PERSON,9,0.001081081081081081,0.01973819365364718,4355.969727468822,3.465243606625546e-5
蔣經,PERSON,4,4.8048048048048047e-4,0.01145741399289784,399.2677588518286,3.323142363418849e-5
蔣維,PERSON,1,1.2012012012012012e-4,7.73278058562303e-4,0,3.171180313312615e-5
蔣緯,PERSON,1,1.2012012012012012e-4,0.0031311950065727673,0,3.210891343436938e-5
蔣緯國夫,PERSON,1,1.2012012012012012e-4,0.0031311950065727673,0,3.210891343436938e-5
蔣總,PERSON,3,3.6036036036036037e-4,0.0019298328171724664,9.879551879212032,3.1677648251393816e-05
蔣繼,PERSON,3,3.6036036036036037e-4,0.007757580882090797,84.46012077456552,3.3521051220166265e-5
蔣近,PERSON,3,3.6036036036036037e-4,0.010629738730158862,21.45554897877954,3.4008978370289756e-5
蔣鐘瀾,PERSON,4,4.8048048048048047e-4,0.002286162309219499,10.216291185068014,3.176821907363873e-5
蔣鑫,PERSON,4,4.8048048048048047e-4,0.010414963878348057,244.49920581835897,3.34941050375134e-5
蔣鼎,PERSON,3,3.6036036036036037e-4,0.009745432517471548,61.7832209617977,3.4008978370289756e-5
蔣鼎文,PERSON,1,1.2012012012012012e-4,0.0010396489255900597,0,3.173394262503174e-5
蔭黄其煊,PERSON,3,3.6036036036036037e-4,0.005438038597406122,49.609644708344774,3.243593902043464e-5
蕁鮮,PERSON,5,6.006006006006006e-4,0.0022600208601588167,2.678688658930617,3.17017499365965e-5
蕙恩,PERSON,5,6.006006006006006e-4,0.014355267748131386,543.6306676668611,3.3879929529746575e-5
蕙陳,PERSON,6,7.207207207207207e-4,0.012176088278678377,382.2442872706947,3.402517863218782e-5
蕭同,PERSON,4,4.8048048048048047e-4,0.0014101398966428944,40.47481873768619,3.170376006594382e-5
蕭宗俊,PERSON,7,8.408408408408409e-4,0.02073722086728597,1384.5032442116928,3.422079255355554e-5
蕭岫,PERSON,3,3.6036036036036037e-4,0.01062973873015886,21.45554897877954,3.4008978370289756e-5
蕭恩,PERSON,6,7.207207207207207e-4,0.010519050848564145,239.8710714277096,3.3027280533720854e-5
蕭明,PERSON,5,6.006006006006006e-4,0.008249536292786068,76.17045742426517,3.340906053721769e-5
蕭浦松,PERSON,9,0.001081081081081081,0.021573660654306666,967.9523097490462,3.473669584549118e-5
蕭錚,PERSON,3,3.6036036036036037e-4,0.001806436728476389,253.24394439662507,3.1855249745158005e-5
薄利大王,ORG,3,3.6036036036036037e-4,0.0187747129252639,96.96247107890748,4.291477126426916e-5
薇影,PERSON,3,3.6036036036036037e-4,0.00898461521449444,116.28256708398199,3.354128932716174e-5
薛介,PERSON,4,4.8048048048048047e-4,0.013979822452623976,1176.3750743909916,3.437607425232039e-5
薛品,PERSON,9,0.001081081081081081,0.00639269952458951,1.2948917180374984,3.1746031746031745e-5
薛宜珙,PERSON,1,1.2012012012012012e-4,8.415068085950115e-4,0,3.176821907363873e-5
薛岳,PERSON,1,1.2012012012012012e-4,0.008664365789620142,0,3.400435255712731e-5
薛平貴,PERSON,6,7.207207207207207e-4,0.015111088505380581,571.8748691543087,3.388222538456326e-5
薛文尼,PERSON,5,6.006006006006006e-4,0.0024464511862112804,5.917931977948675,3.175409627841992e-5
薛明劍,PERSON,8,9.609609609609609e-4,0.008650282116463029,868.1667753995422,3.279333639404473e-5
薛沛,PERSON,4,4.8048048048048047e-4,0.009213025685857964,76.62484877807492,3.3200531208499335e-5
薛濟明,PERSON,1,1.2012012012012012e-4,0.002418733847053928,0,3.202049311559398e-5
薛石生,PERSON,3,3.6036036036036037e-4,0.01062973873015886,21.45554897877954,3.4008978370289756e-5
薛篤弼,PERSON,10,0.0012012012012012011,0.023987823235559626,6146.468297279147,3.6111512350137224e-5
薛芬士,PERSON,1,1.2012012012012012e-4,0.0027873098307605853,0,3.228722717293039e-5
薛葆康,PERSON,20,0.0024024024024024023,0.016630615546784182,734.7882043070141,3.270325070311989e-5
薛覺民,PERSON,1,1.2012012012012012e-4,0.0010396489255900603,0,3.173394262503174e-5
薦水,PERSON,5,6.006006006006006e-4,0.012543363871727773,499.0501310209396,3.426300280956623e-5
藍伯華,PERSON,4,4.8048048048048047e-4,0.012914976601819304,464.63646302270104,3.318730917297226e-5
藍姆,PERSON,4,4.8048048048048047e-4,0.007340356455385274,125.03804856422717,3.247174957786725e-5
藍察,PERSON,3,3.6036036036036037e-4,0.0018482281052370536,23.591477360902896,3.181876034109711e-5
藍志,PERSON,9,0.001081081081081081,0.0075523116895575195,244.31210778049677,3.2324799586242565e-5
藍馬,PERSON,7,8.408408408408409e-4,0.02767865500269452,480.29727571669935,3.3847820200379094e-5
藝昌棉織廠,ORG,9,0.001081081081081081,0.01790216546649604,6354.327025987945,4.2936882782310004e-5
藝聲劇團,ORG,43,0.005165165165165165,0.029185545543027075,76404.01615341961,4.306261303935923e-5
藥孔,PERSON,2,2.4024024024024023e-4,0.0012619548253933574,2.1683427447535637,3.174401625293632e-5
藥房公司,ORG,1,1.2012012012012012e-4,0.01641616534466388,0,4.290740581824423e-5
藩何,PERSON,2,2.4024024024024023e-4,0.002435137421146672,2.0304168970839447,3.209654641160611e-5
藩張,PERSON,3,3.6036036036036037e-4,0.015275997019294132,420.14624893103274,3.45972875726543e-5
藩方,PERSON,7,8.408408408408409e-4,0.009250912160524384,20.94006638093603,3.2268473701193935e-5
藩理,PERSON,7,8.408408408408409e-4,0.01181404749179259,177.1688545013561,3.3198326804329064e-5
藩程,PERSON,5,6.006006006006006e-4,0.004744925400120989,29.575974419923707,3.200819409768901e-5
藩華,PERSON,5,6.006006006006006e-4,0.010106088921800637,118.14803519999626,3.3025099075297225e-5
藩許,PERSON,2,2.4024024024024023e-4,0.00465825199298391,2.8611597954819303,3.222687721559781e-5
藩諸,PERSON,2,2.4024024024024023e-4,6.359032229647644e-4,0.06666666666666667,3.1645569620253167e-5
藴玉,PERSON,6,7.207207207207207e-4,0.014411723880959881,250.80825175331708,3.381348481774532e-5
藴琦,PERSON,9,0.001081081081081081,0.020536102564904284,4922.347434869865,3.61794500723589e-5
藹士,PERSON,8,9.609609609609609e-4,0.005168964132965634,880.4228929330558,3.19959045242209e-5
蘅芬,PERSON,2,2.4024024024024023e-4,7.991825280313971e-4,0.047619047619047616,3.165959602355474e-5
蘇北難民救濟協會上海市籌募委員會,ORG,33,0.003963963963963964,0.04657741111282388,25363.888381559515,4.302555718096549e-5
蘇印,ORG,11,0.0013213213213213214,0.027241242369634506,6751.428623495054,4.294794708812919e-5
蘇家,PERSON,6,7.207207207207207e-4,0.009934950250759902,658.8240963028113,3.321817698644698e-5
蘇家錕,PERSON,1,1.2012012012012012e-4,0.007287514023917678,0,3.309723969020984e-5
蘇州抗戰遺族學校,ORG,2,2.4024024024024023e-4,0.01661350653970759,277.8344344050492,4.2911088225197394e-5
蘇州旅滬同,ORG,56,0.006726726726726727,0.10506803890083212,6946.079521944563,4.311088118641145e-5
蘇志堅,PERSON,2,2.4024024024024023e-4,0.00876647290324011,79.54108101827777,3.3018556428712935e-5
蘇汰,PERSON,8,9.609609609609609e-4,0.015609128736287206,291.0896421783415,3.4115720524017465e-5
蘇浙皖先遺軍第三縱隊敎導總隊第二大隊,ORG,5,6.006006006006006e-4,0.017723051911976425,1115.863675878623,4.292213923941969e-5
蘇浙皖區敵僞產業處理局,ORG,102,0.012252252252252252,0.08435646697903641,71137.06976272413,4.3286295558826076e-5
蘇浙皖機器棉紡織業同業公會,ORG,11,0.0013213213213213214,0.04395887081797595,1225.5934429083431,4.294425835265825e-5
蘇珊,PERSON,2,2.4024024024024023e-4,0.0022777870118303304,3.501056180548725,3.209654641160611e-5
蘇琴,PERSON,5,6.006006006006006e-4,0.020220547440451535,227.69041462481698,3.363605785401951e-5
蘇省建設應長,ORG,9,0.001081081081081081,0.018220758570139127,2886.844357747171,4.2936882782310004e-5
蘇聨,PERSON,2,2.4024024024024023e-4,0.001412539203187515,2.7298770435449624,3.178437480134766e-5
蘇聯,ORG,69,0.008288288288288289,0.059860902326302985,49393.634915826726,4.316298342541436e-5
蘇聯政府,ORG,4,4.8048048048048047e-4,0.017069875442000924,1707.8270782878221,4.291845493562232e-5
蘇護,PERSON,2,2.4024024024024023e-4,0.001746899914822094,4.837797910604474,3.185930929017459e-5
蘇軍,ORG,16,0.0019219219219219219,0.03941868889700069,25061.399878293185,4.296270836913559e-5
蘊初,PERSON,6,7.207207207207207e-4,0.013815323825440325,754.6315232824564,3.340236488743403e-5
蘊山,PERSON,3,3.6036036036036037e-4,0.011891099204577925,127.22990949590022,3.306878306878307e-5
蘋主,PERSON,6,7.207207207207207e-4,0.022874900499598713,354.44088573884153,3.3763252076440005e-5
蘋吳,PERSON,1,1.2012012012012012e-4,0.0013881408023677958,0,3.174200101574403e-5
蘋臣,PERSON,4,4.8048048048048047e-4,0.010476227109108296,242.3346722419097,3.411339291805963e-5
蘭兒,PERSON,7,8.408408408408409e-4,0.02767865500269451,480.29727571669935,3.3847820200379094e-5
蘭友,PERSON,20,0.0024024024024024023,0.04584468081933448,11785.91123291487,3.7180249851279e-5
蘭堂,ORG,4,4.8048048048048047e-4,0.021794898206450704,117.13828721016345,4.291845493562232e-5
蘭張,PERSON,1,1.2012012012012012e-4,0.0072875140239176805,0,3.309723969020984e-5
蘭結,PERSON,2,2.4024024024024023e-4,6.775332869662114e-4,0.05,3.165558721114277e-5
蘭芳,PERSON,13,0.0015615615615615615,0.02977592453313096,5733.493190423918,3.5788418867654425e-5
蘭西銀行,ORG,14,0.0016816816816816818,0.02490398562799805,5409.366899881636,4.29553264604811e-5
蘭谿,PERSON,6,7.207207207207207e-4,0.01641702413248241,927.5212789738429,3.4279446044151926e-5
蘭馨,PERSON,4,4.8048048048048047e-4,0.012262490915419116,482.0682132597925,3.427239701144698e-5
蘿蔓,PERSON,5,6.006006006006006e-4,0.007685892930559605,45.732157310507276,3.2836409010310635e-5
虎常,PERSON,7,8.408408408408409e-4,0.011814047491792585,177.1688545013561,3.3198326804329064e-5
虎楊,PERSON,2,2.4024024024024023e-4,0.004658251992983911,2.8611597954819303,3.222687721559781e-5
虎況,PERSON,5,6.006006006006006e-4,0.015566497463280793,2123.869853110591,3.5780735651925e-5
虎爲,PERSON,6,7.207207207207207e-4,0.004437988469614068,102.94635602988035,3.196317841846193e-5
虎陳立夫,PERSON,9,0.001081081081081081,0.017436937745954822,122.44182752488796,3.404371212637026e-5
彪三,PERSON,7,8.408408408408409e-4,0.019671034594503044,1206.342382844766,3.4770514603616136e-5
處戴,PERSON,8,9.609609609609609e-4,0.0034542308968177073,11.917367657986436,3.174401625293632e-5
處文,PERSON,5,6.006006006006006e-4,0.007685892930559605,45.732157310507276,3.2836409010310635e-5
處榮,ORG,36,0.004324324324324324,0.02618556085758218,18306.22629194858,4.3036667240488894e-5
處榮孚顏料行,ORG,21,0.0025225225225225223,0.0248658842498239,10205.390339991525,4.298117424568039e-5
處洽,PERSON,4,4.8048048048048047e-4,0.0017425129520226162,4.878855396103052,3.166160081053698e-5
處洽卿,PERSON,5,6.006006006006006e-4,0.011037139236848832,125.03645811581943,3.277399056109072e-5
處理局,ORG,3,3.6036036036036037e-4,0.01763694711644216,4208.889666481367,4.291477126426916e-5
處謝,PERSON,4,4.8048048048048047e-4,0.0013048422173664817,11.067428514733692,3.171582619727244e-5
處陳,PERSON,3,3.6036036036036037e-4,0.002338218171139533,21.359341567111105,3.184307731499172e-5
虛冠六,PERSON,1,1.2012012012012012e-4,2.701456998835664e-4,0,3.1633556877135266e-5
虛白,PERSON,6,7.207207207207207e-4,0.008187814689623953,352.00677074676764,3.280839895013123e-5
虞如品,PERSON,10,0.0012012012012012011,0.028643137980071745,2490.7740062634007,3.5783296357260434e-5
虞山,PERSON,4,4.8048048048048047e-4,0.004593297329993952,44.99434718100529,3.217917363882096e-5
虞文,PERSON,12,0.0014414414414414415,0.025092818813897307,8847.688513323712,3.6395399621487844e-5
虞舜,PERSON,31,0.0037237237237237237,0.06849427148663066,32654.93759846828,4.036164029706167e-5
虞蔭生,PERSON,9,0.001081081081081081,0.02280639045161602,1216.6184440839816,3.4592500345925e-5
虞順,PERSON,25,0.003003003003003003,0.024120514853356135,3887.4707845549638,3.351880404907153e-5
號任,PERSON,3,3.6036036036036037e-4,0.006915181970999825,104.55167668063402,3.273751063969096e-5
號何,PERSON,4,4.8048048048048047e-4,0.011269647772469468,63.78114990571053,3.402286336418073e-5
號呂,PERSON,1,1.2012012012012012e-4,3.493230066744233e-4,0,3.166360585143436e-5
號唐,PERSON,4,4.8048048048048047e-4,0.004593297329993952,44.99434718100529,3.217917363882096e-5
號寧社集團,ORG,6,7.207207207207207e-4,0.02053316064348731,548.0181235559398,4.292582417582418e-5
號廖,PERSON,9,0.001081081081081081,0.02084045756296344,1410.618038237952,3.529827038475115e-5
號朱,PERSON,5,6.006006006006006e-4,0.007154840492146818,58.10820386381375,3.288608260983952e-5
號楊,PERSON,1,1.2012012012012012e-4,4.3519131007354933e-4,0,3.1677648251393816e-05
號波,PERSON,5,6.006006006006006e-4,0.0048236512777138285,148.08245019116586,3.238971302714258e-5
號華府,ORG,12,0.0014414414414414415,0.02347818763970567,6566.087993081717,4.294794708812919e-5
號董,PERSON,4,4.8048048048048047e-4,0.0067184257285835365,74.02559637436211,3.287959492339054e-5
號陳,PERSON,6,7.207207207207207e-4,0.014411723880959878,250.80825175331708,3.381348481774532e-5
號電,ORG,3,3.6036036036036037e-4,0.018658015302930712,212.33747243349669,4.291477126426916e-5
號章,PERSON,2,2.4024024024024023e-4,6.606230903498302e-4,0.05555555555555555,3.165157941381275e-5
虹口分所,ORG,18,0.002162162162162162,0.020121114659842596,35903.759574865304,4.2970092815400483e-5
蚌庫斯啓稅務專門學校,ORG,9,0.001081081081081081,0.0236256121379939,2037.2150810903995,4.294057025077293e-5
蜜豐廠,ORG,8,9.609609609609609e-4,0.017768254068570747,3816.197996068333,4.29331959471063e-5
蝶包,PERSON,4,4.8048048048048047e-4,0.003423327773751298,1.5278830362062124,3.183496752833312e-5
衆航輪船公司,ORG,5,6.006006006006006e-4,0.023480876908069947,143.48333447470077,4.292213923941969e-5
行動委員會,ORG,4,4.8048048048048047e-4,0.016701070807727852,9190.231094031233,4.291845493562232e-5
行孫,PERSON,1,1.2012012012012012e-4,0.007287514023917675,0,3.309723969020984e-5
行局,ORG,16,0.0019219219219219219,0.051871192130846185,2777.7027715772197,4.296270836913559e-5
行彬,PERSON,3,3.6036036036036037e-4,0.015222546176247529,317.8175412682892,3.3795201081446433e-5
行政院,ORG,232,0.02786786786786787,0.1660392565062164,420063.777541932,4.3790506218251886e-5
行政院長,PERSON,55,0.006606606606606606,0.06616550742119778,56248.36258365746,3.9363879703983625e-5
行知,PERSON,4,4.8048048048048047e-4,0.0010826300745486938,1.2000000000000002,3.1629554655870446e-5
行簡,PERSON,8,9.609609609609609e-4,0.017302843330661195,1239.2065710310208,3.469812630117974e-5
行雷,PERSON,2,2.4024024024024023e-4,0.004658251992983912,2.8611597954819303,3.222687721559781e-5
衍明,PERSON,5,6.006006006006006e-4,0.0037096177703874744,56.52644576572049,3.205333675235592e-5
衍爲,PERSON,5,6.006006006006006e-4,0.010106088921800635,118.14803519999626,3.3025099075297225e-5
衛持,PERSON,2,2.4024024024024023e-4,0.0015459143952658934,0.2997876643819991,3.171180313312615e-5
衛持平,PERSON,7,8.408408408408409e-4,0.009250912160524384,20.94006638093603,3.2268473701193935e-5
衛生,ORG,8,9.609609609609609e-4,0.017023622935572986,15843.2389240568,4.29331959471063e-5
衛生四局,ORG,10,0.0012012012012012011,0.039295523691231786,1306.6532293653418,4.2951636457349025e-5
衛生局,ORG,67,0.008048048048048049,0.0850684409203815,66456.90868286297,4.3151808060757745e-5
衛生局健康敎育委員會促進兒童及靑年健康運動委員會,ORG,10,0.0012012012012012011,0.0392955236912318,1306.6532293653418,4.2951636457349025e-5
衛生局長張維,ORG,14,0.0016816816816816818,0.025471135550242788,3538.6499330750516,4.29553264604811e-5
衛禹平,PERSON,2,2.4024024024024023e-4,5.679995347648314e-4,0.05,3.165558721114277e-5
衡律,PERSON,2,2.4024024024024023e-4,0.0038379140703514855,16.514917093148522,3.232897969740075e-5
表宗,PERSON,2,2.4024024024024023e-4,0.006235020022145421,75.82813921485136,3.340236488743403e-5
袁世,PERSON,4,4.8048048048048047e-4,0.0036199725882840052,3.8065488913942205,3.183496752833312e-5
袁世海,PERSON,12,0.0014414414414414415,0.03273965230098075,5985.72109729497,3.678634490876986e-5
袁仲濂,PERSON,4,4.8048048048048047e-4,0.0054059194044481325,10.001208699415605,3.197953309881676e-5
袁仲齊,PERSON,6,7.207207207207207e-4,0.012632979728475411,663.6410378135404,3.33022512321833e-5
袁光,PERSON,3,3.6036036036036037e-4,0.010629738730158864,21.45554897877954,3.4008978370289756e-5
袁召年,PERSON,2,2.4024024024024023e-4,0.005265715598921222,25.469776933603082,3.241070849808777e-5
袁履,PERSON,7,8.408408408408409e-4,0.027678655002694532,480.29727571669935,3.3847820200379094e-5
袁希洛,PERSON,56,0.006726726726726727,0.06622097081843156,50147.984096840366,3.925571170605323e-5
袁文彰,PERSON,7,8.408408408408409e-4,0.008627685238770059,137.31732410819095,3.2356176794150005e-5
袁殊,PERSON,4,4.8048048048048047e-4,0.011269647772469466,63.78114990571053,3.402286336418073e-5
袁洪英,PERSON,1,1.2012012012012012e-4,0.0010238773972413955,0,3.176620076238882e-5
袁焯生,PERSON,8,9.609609609609609e-4,0.021782513054374647,532.5523691977385,3.4489894460922946e-5
袁福記,PERSON,7,8.408408408408409e-4,0.01783847806905699,1046.919990671501,3.4324157341937255e-5
袁良,PERSON,1,1.2012012012012012e-4,7.732780585623035e-4,0,3.171180313312615e-5
袁道,PERSON,1,1.2012012012012012e-4,4.351913100735495e-4,0,3.1677648251393816e-05
袁雪芬,PERSON,11,0.0013213213213213214,0.028240455610818005,2121.196729252374,3.493327744008943e-5
裁鴻,PERSON,3,3.6036036036036037e-4,0.00404778374335978,12.33641349067866,3.198157861072023e-5
裂富貝康無限公司,ORG,69,0.008288288288288289,0.05986090232630299,49393.634915826726,4.316298342541436e-5
裕仁,PERSON,3,3.6036036036036037e-4,0.0033585257927222735,11.463261142128841,3.194479938665985e-5
裕昌,ORG,14,0.0016816816816816818,0.024683924552728928,5042.9052809777,4.2959017097688804e-5
裕民官鹽公司,ORG,5,6.006006006006006e-4,0.017312346289736054,1071.3270958443588,4.292213923941969e-5
裕生,ORG,47,0.005645645645645646,0.053596430000626666,24119.492511093882,4.308116491469929e-5
裕祺,PERSON,8,9.609609609609609e-4,0.006302475436465851,126.23522581003662,3.244225279003374e-5
裕籌,PERSON,7,8.408408408408409e-4,0.00590120438350043,36.199420026929104,3.217917363882096e-5
裕華烟公司,ORG,23,0.002762762762762763,0.027324050727303546,82173.9326915035,4.2988565041698905e-5
裕豐,ORG,51,0.006126126126126126,0.04302328303296576,27847.46614132079,4.309601792794346e-5
裘允,PERSON,6,7.207207207207207e-4,0.009230969562999163,239.1377818693228,3.274608684262231e-5
裘嘉,PERSON,3,3.6036036036036037e-4,0.011635889676002258,437.26031781721406,3.4258307639602604e-5
裘天,PERSON,13,0.0015615615615615615,0.00521678525032408,3.5454545454545467,3.1681662653656065e-5
裘天寳德,PERSON,9,0.001081081081081081,0.027113772111367253,2690.443770024964,3.5642999714856005e-5
裘愛花,PERSON,51,0.006126126126126126,0.10746495717430773,39424.2836203345,3.995205753096284e-5
補張,PERSON,4,4.8048048048048047e-4,0.010414963878348055,244.49920581835897,3.34941050375134e-5
補習學校,ORG,5,6.006006006006006e-4,0.018520207397256096,740.0558127962041,4.292213923941969e-5
裴嗚,PERSON,3,3.6036036036036037e-4,0.001223655600032272,0.2727272727272727,3.163956210846042e-5
裴存,PERSON,1,1.2012012012012012e-4,0.008664365789620137,0,3.400435255712731e-5
裴揚斯,PERSON,1,1.2012012012012012e-4,6.896996953853928e-4,0,3.1669622498099825e-5
裴裴,PERSON,3,3.6036036036036037e-4,0.00370869475865765,36.922015107539174,3.225182222795588e-5
裴雪卿,PERSON,1,1.2012012012012012e-4,6.579306877011924e-4,0,3.1750063500127e-5
裴雯,PERSON,5,6.006006006006006e-4,0.0076858929305596065,45.732157310507276,3.2836409010310635e-5
裴雲卿,PERSON,8,9.609609609609609e-4,0.017952859806358225,2824.3855580494783,3.367683707146225e-5
褚世昌,PERSON,3,3.6036036036036037e-4,0.012049056922188866,12.27847436442589,3.4008978370289756e-5
褚保,PERSON,3,3.6036036036036037e-4,0.0013965072765440064,0.3333333333333333,3.163555836760519e-5
褚輔,PERSON,8,9.609609609609609e-4,0.01792845443465419,3608.2345022037453,3.478260869565217e-5
褚鳳,PERSON,1,1.2012012012012012e-4,7.732780585623029e-4,0,3.171180313312615e-5
西北影業公司,ORG,6,7.207207207207207e-4,0.02616365738602522,1775.6786016076142,4.292582417582418e-5
西北航空公司,ORG,15,0.0018018018018018018,0.03792122753306441,61661.449528256686,4.2959017097688804e-5
西區小學,ORG,62,0.007447447447447447,0.06577744100389772,11540.35284644594,4.313691657320335e-5
西山大新義務小學,ORG,37,0.0044444444444444444,0.020088186511204795,38873.13219056339,4.3040371868812945e-5
西泠印社,ORG,7,8.408408408408409e-4,0.01765678917322356,7370.876824965605,4.292950974499871e-5
西納,PERSON,6,7.207207207207207e-4,0.0054494078497954596,453.9636033347688,3.233107015842224e-5
西聯,ORG,25,0.003003003003003003,0.02857885182353886,17996.75246446137,4.2995958379912286e-5
西藏國大,ORG,19,0.0022822822822822822,0.03759876591116839,2938.1755067887834,4.2973785990545764e-5
西醫公會,ORG,19,0.0022822822822822822,0.049892125115200865,2978.8188364572175,4.298486932599725e-5
西雲禮服,ORG,3,3.6036036036036037e-4,0.018610558963115673,117.96216978427002,4.291477126426916e-5
覃勸,PERSON,19,0.0022822822822822822,0.013947141833832026,933.8894184153459,3.2735367290821005e-5
覃振,PERSON,3,3.6036036036036037e-4,0.013922992504560404,312.97427616471094,3.4169343265222444e-5
覃連芳,PERSON,1,1.2012012012012012e-4,0.008664365789620137,0,3.400435255712731e-5
覇王,PERSON,6,7.207207207207207e-4,0.008187814689623957,352.00677074676764,3.280839895013123e-5
見報,PERSON,5,6.006006006006006e-4,0.008968368696879921,211.19800998597955,3.3413525795241913e-5
見杜月,PERSON,3,3.6036036036036037e-4,0.003902817230378974,5.230139389952133,3.192644147883277e-5
見錢市,PERSON,4,4.8048048048048047e-4,0.009369402860768978,399.769071765052,3.306878306878307e-5
親愛集團,ORG,12,0.0014414414414414415,0.020581873375029834,4889.41889704152,4.294794708812919e-5
覺民小,ORG,10,0.0012012012012012011,0.020718844392378376,2089.6602718924714,4.294057025077293e-5
覺羣,PERSON,8,9.609609609609609e-4,0.006618643655615415,109.69997971874918,3.2316442605997934e-5
覽揆,PERSON,2,2.4024024024024023e-4,0.005321565564838399,72.31499807868863,3.2469640885771804e-5
解俊,PERSON,3,3.6036036036036037e-4,0.012049056922188873,12.27847436442589,3.4008978370289756e-5
解俊峰,PERSON,8,9.609609609609609e-4,0.02178251305437465,532.5523691977385,3.4489894460922946e-5
解士,PERSON,3,3.6036036036036037e-4,0.0010616436936611339,0.2841238564773236,3.1709791983764585e-5
解溫,PERSON,5,6.006006006006006e-4,0.019000027015712354,326.847626021409,3.383178834833209e-5
言報,ORG,4,4.8048048048048047e-4,0.021794898206450707,117.13828721016345,4.291845493562232e-5
言律,PERSON,3,3.6036036036036037e-4,0.001154187880995493,0.15789473684210525,3.166160081053698e-5
言慧,PERSON,11,0.0013213213213213214,0.009929928519671758,1568.7159280376122,3.309504898067249e-5
言慧珠,PERSON,16,0.0019219219219219219,0.03160988662980273,6318.239908946408,3.652034183039953e-5
計吳,PERSON,4,4.8048048048048047e-4,0.013386311214997873,771.5181642440666,3.44542447629548e-5
計師公會,ORG,18,0.002162162162162162,0.05184987648619674,2163.1424388461996,4.2970092815400483e-5
計杜月笙,PERSON,6,7.207207207207207e-4,0.009179942879839469,129.61451491601088,3.2558442404115385e-5
訓念,PERSON,9,0.001081081081081081,0.00836433645965761,649.3278687685519,3.2716089772950334e-5
託潘,PERSON,1,1.2012012012012012e-4,0.0027257278885111052,0,3.209242618741977e-5
記淪,PERSON,7,8.408408408408409e-4,0.02767865500269452,480.29727571669935,3.3847820200379094e-5
記者公會,ORG,19,0.0022822822822822822,0.04989212511520086,2978.8188364572175,4.298486932599725e-5
記馮,PERSON,7,8.408408408408409e-4,0.027678655002694515,480.29727571669935,3.3847820200379094e-5
記體育用品社,ORG,25,0.003003003003003003,0.0211436606083252,15447.725774374278,4.299965600275198e-5
許世,PERSON,14,0.0016816816816816818,0.02453814168434112,933.2853000967466,3.4489894460922946e-5
許亞軒,PERSON,15,0.0018018018018018018,0.009978561566701422,762.4038738107215,3.241280954233113e-5
許仁,PERSON,2,2.4024024024024023e-4,0.005265715598921222,25.469776933603082,3.241070849808777e-5
許伯康,PERSON,6,7.207207207207207e-4,0.002234047023782148,6.391664780934227,3.168969451134491e-5
許伯遒,PERSON,10,0.0012012012012012011,0.03784536543555877,1800.9700697346723,3.4989503149055284e-5
許寶,PERSON,1,1.2012012012012012e-4,2.926726141056739e-4,0,3.163956210846042e-5
許少,PERSON,2,2.4024024024024023e-4,0.008766472903240114,79.54108101827777,3.3018556428712935e-5
許幹芳,PERSON,1,1.2012012012012012e-4,0.008664365789620142,0,3.400435255712731e-5
許復,PERSON,3,3.6036036036036037e-4,0.0012779918797512382,0.5216514751398471,3.1645569620253167e-5
許惠東,PERSON,1,1.2012012012012012e-4,0.008664365789620142,0,3.400435255712731e-5
許晓初,PERSON,5,6.006006006006006e-4,0.007101203938386286,18.87665414648633,3.2127481847972756e-5
許曉,PERSON,15,0.0018018018018018018,0.02820336802063309,6278.906018723728,3.571428571428572e-5
許林,PERSON,34,0.004084084084084084,0.05083580736526898,20363.029411629726,3.729116945107399e-5
許榮,PERSON,6,7.207207207207207e-4,0.014411723880959886,250.80825175331708,3.381348481774532e-5
許淑,PERSON,1,1.2012012012012012e-4,0.007287514023917677,0,3.309723969020984e-5
許炳,PERSON,3,3.6036036036036037e-4,0.006038993657483524,387.5103307452484,3.249918752031199e-5
許獻,PERSON,7,8.408408408408409e-4,0.014832070674627213,727.8509889492835,3.457814661134163e-5
許王,PERSON,2,2.4024024024024023e-4,0.00906970244831036,54.373300114906755,3.400666530640005e-5
許禮,PERSON,1,1.2012012012012012e-4,0.0016753301905717303,0,3.181876034109711e-5
許紹生,PERSON,7,8.408408408408409e-4,0.011111469173580904,933.2271883101185,3.320714617785747e-5
許維城,PERSON,1,1.2012012012012012e-4,3.7898079695940684e-4,0,3.165959602355474e-5
許聞,PERSON,7,8.408408408408409e-4,0.011111469173580904,933.2271883101185,3.320714617785747e-5
許行,PERSON,14,0.0016816816816816818,0.015802670456594226,2170.2700437276135,3.34851326011251e-5
許鎭堡,PERSON,5,6.006006006006006e-4,0.01900002701571235,326.847626021409,3.383178834833209e-5
許震,PERSON,6,7.207207207207207e-4,0.010811012398490548,310.5468774896433,3.368818218568926e-5
詎姚,PERSON,2,2.4024024024024023e-4,0.006434083937892962,16.62449614338071,3.340236488743403e-5
詞黄,PERSON,8,9.609609609609609e-4,0.012223290480536131,33.418706651519976,3.2851511169513796e-5
詠溪,PERSON,6,7.207207207207207e-4,0.012176088278678387,382.2442872706947,3.402517863218782e-5
詧慶華銀,ORG,6,7.207207207207207e-4,0.018160271364012125,2480.3464836830353,4.292950974499871e-5
詹于,PERSON,4,4.8048048048048047e-4,0.0016644571478452905,5.029852644933816,3.171180313312615e-5
詹北,PERSON,3,3.6036036036036037e-4,0.004556664630359593,82.82966821872313,3.240650722665111e-5
詹文,PERSON,52,0.006246246246246246,0.1257108176165009,66876.82925361721,4.253147329023477e-5
詹文滸,PERSON,127,0.015255255255255255,0.20842911931795996,279639.8990327657,4.5578851412944395e-5
詹於,PERSON,73,0.008768768768768769,0.08479667371347702,112458.92346559219,3.89377774316642e-5
詹榮,PERSON,3,3.6036036036036037e-4,0.008042392983777388,158.98413549945283,3.355254328278084e-5
誠劉,PERSON,3,3.6036036036036037e-4,0.015275997019294137,420.14624893103274,3.45972875726543e-5
誠會計專科補習學校外,ORG,5,6.006006006006006e-4,0.017518913625211494,2365.401552096339,4.292213923941969e-5
誠陳,PERSON,2,2.4024024024024023e-4,0.00465825199298391,2.8611597954819303,3.222687721559781e-5
誌盛,PERSON,1,1.2012012012012012e-4,9.363627831873448e-4,0,3.177831447820008e-5
誦盤,PERSON,15,0.0018018018018018018,0.010073075782113345,222.9046313491959,3.248229714805431e-5
誼哀,PERSON,3,3.6036036036036037e-4,0.0011541878809954924,0.15789473684210525,3.166160081053698e-5
誼社,ORG,6,7.207207207207207e-4,0.01897078033666389,1868.6550650145432,4.292582417582418e-5
調味,ORG,30,0.0036036036036036037,0.055010288359896464,22963.305187108752,4.301445285615967e-5
談峻,PERSON,8,9.609609609609609e-4,0.007380023225424451,493.2009283786026,3.240860772621208e-5
談益,PERSON,8,9.609609609609609e-4,0.012223290480536135,33.418706651519976,3.2851511169513796e-5
請傅,PERSON,10,0.0012012012012012011,0.01465500205051472,1664.7092969684538,3.4551862345380415e-5
請吳,PERSON,14,0.0016816816816816818,0.021003480119603467,1634.798358207146,3.3772374197906115e-5
請孔,PERSON,4,4.8048048048048047e-4,0.010414963878348055,244.49920581835897,3.34941050375134e-5
請孫,PERSON,5,6.006006006006006e-4,0.0032386684109284294,36.18432504704629,3.1930519190242035e-5
請徐,PERSON,11,0.0013213213213213214,0.02223263160117661,2746.576367193579,3.4865072170699395e-5
請成,PERSON,7,8.408408408408409e-4,0.023663741774706187,2010.4984920240943,3.5529027215234845e-5
請施,PERSON,7,8.408408408408409e-4,0.005901204383500432,36.199420026929104,3.217917363882096e-5
請楊,PERSON,7,8.408408408408409e-4,0.00841530699409521,241.12944237297341,3.266479388515058e-5
請汪其俊,PERSON,2,2.4024024024024023e-4,0.0017468999148220943,4.837797910604474,3.185930929017459e-5
請潘,PERSON,3,3.6036036036036037e-4,0.006605117127675945,108.85316930822785,3.340459647247461e-5
請葉,PERSON,6,7.207207207207207e-4,0.01608413589071218,946.8420505518003,3.433830094086945e-5
請金,PERSON,11,0.0013213213213213214,0.007001269624084405,604.8762453548351,3.229974160206718e-5
請陳,PERSON,17,0.002042042042042042,0.026332211635235907,5698.177595341982,3.533319200056533e-5
請黃,PERSON,6,7.207207207207207e-4,0.012073423003425976,871.364171430774,3.349186147766093e-5
諒鑒,PERSON,7,8.408408408408409e-4,0.013038682948975418,434.7189183778522,3.403212632725293e-5
論政院,ORG,11,0.0013213213213213214,0.020455863232043157,8735.140888567234,4.294425835265825e-5
諸尚,PERSON,4,4.8048048048048047e-4,0.01386986213491769,64.58532128018153,3.332666799973339e-5
諸文,PERSON,3,3.6036036036036037e-4,0.010002217362508323,135.27609714198354,3.316529583443884e-5
諸文綺,PERSON,31,0.0037237237237237237,0.06662986044316604,19127.101337356733,3.767329716696805e-5
諸春山,PERSON,3,3.6036036036036037e-4,0.001061643693661134,0.2841238564773236,3.1709791983764585e-5
諸維,PERSON,88,0.010570570570570571,0.1190924148117235,118950.5522621531,4.2151407857022424e-5
諾谷洛夫,PERSON,5,6.006006006006006e-4,0.005233187525283752,223.05625409020251,3.241070849808777e-5
謀報,PERSON,2,2.4024024024024023e-4,0.0050437051537294275,4.557339455092895,3.2258064516129034e-5
謀徐,PERSON,18,0.002162162162162162,0.059985202905419636,6773.149630945264,3.759681179036018e-5
謀為,PERSON,2,2.4024024024024023e-4,0.005513421202363539,1.582834490083944,3.2258064516129034e-5
謁于,PERSON,3,3.6036036036036037e-4,0.0018823696812892527,13.081522526007891,3.182281059063136e-5
謁蔣,PERSON,11,0.0013213213213213214,0.008124794765695028,232.3694810543737,3.201844262295082e-5
謂聖約翰大,ORG,6,7.207207207207207e-4,0.03239721603812512,2491.7092007337883,4.292582417582418e-5
謙兩,PERSON,2,2.4024024024024023e-4,0.006345737002595777,18.57962516909915,3.340236488743403e-5
謙爲,PERSON,3,3.6036036036036037e-4,0.0139229925045604,312.97427616471094,3.4169343265222444e-5
謙禮洋行,ORG,48,0.005765765765765766,0.054293946777727885,20274.00182400776,4.3088590141330577e-5
謝仁,PERSON,46,0.005525525525525526,0.057345578242876415,23135.553883997003,3.6845983787767136e-5
謝仁劉,PERSON,1,1.2012012012012012e-4,4.5595339063072464e-4,0,3.165358318561661e-5
謝伏,PERSON,3,3.6036036036036037e-4,0.002984451494060611,47.949843227077366,3.204511952829584e-5
謝免,PERSON,5,6.006006006006006e-4,0.01237292553587886,708.283500144123,3.442340791738382e-5
謝冠生,PERSON,3,3.6036036036036037e-4,0.0010679870628493193,0.08823529411764705,3.168567807351077e-5
謝冰,PERSON,2,2.4024024024024023e-4,0.00529020075189917,13.874347490521853,3.257328990228013e-5
謝啓,PERSON,35,0.004204204204204204,0.042248853478284616,21766.856601303134,3.632137149498765e-5
謝啓日,PERSON,28,0.0033633633633633636,0.012538805178968453,908.125608591767,3.196317841846193e-5
謝堂,PERSON,3,3.6036036036036037e-4,0.01522254617624752,317.8175412682892,3.3795201081446433e-5
謝大,PERSON,1,1.2012012012012012e-4,7.500878468123803e-4,0,3.164356686285678e-5
謝大荒,PERSON,21,0.0025225225225225223,0.06514861674943506,10537.542653271512,3.7962189659099535e-5
謝天,PERSON,3,3.6036036036036037e-4,0.003439780195559411,13.88369416638451,3.2024594888874656e-5
謝姚,PERSON,8,9.609609609609609e-4,0.02178251305437464,532.5523691977385,3.4489894460922946e-5
謝宅,PERSON,8,9.609609609609609e-4,0.00837944789400596,138.4899870340173,3.2892572857048876e-5
謝家,PERSON,22,0.002642642642642643,0.04027278309904579,11281.205429969885,3.7588332581566684e-5
謝家驊,PERSON,2,2.4024024024024023e-4,0.005799792210387894,34.377279673523134,3.26477309826967e-5
謝富,PERSON,2,2.4024024024024023e-4,0.006967976565524217,24.082354120731317,3.269042170644001e-5
謝居,PERSON,6,7.207207207207207e-4,0.022874900499598717,354.44088573884153,3.3763252076440005e-5
謝廷,PERSON,4,4.8048048048048047e-4,0.010476227109108296,242.3346722419097,3.411339291805963e-5
謝忱,PERSON,3,3.6036036036036037e-4,0.0030020954205059185,23.768865266919708,3.198362438431523e-5
謝恩,PERSON,2,2.4024024024024023e-4,0.005513421202363541,1.582834490083944,3.2258064516129034e-5
謝啟,PERSON,16,0.0019219219219219219,0.008509111205714976,862.5910576333694,3.222480020623872e-5
謝啟日,PERSON,3,3.6036036036036037e-4,0.0030020954205059185,23.768865266919708,3.198362438431523e-5
謝明霄,PERSON,3,3.6036036036036037e-4,0.001228296087125077,3.8818038503306744,3.170778108947936e-5
謝春,PERSON,3,3.6036036036036037e-4,0.008042392983777387,158.98413549945283,3.355254328278084e-5
謝春生,PERSON,6,7.207207207207207e-4,0.0033717197301791407,28.478568813996905,3.188368830506313e-5
謝桂林,PERSON,7,8.408408408408409e-4,0.015154100019939788,454.7070059528673,3.340236488743403e-5
謝楚,PERSON,6,7.207207207207207e-4,0.002298458565519757,1.6813576810374764,3.1729914963827895e-5
謝榮,PERSON,2,2.4024024024024023e-4,0.005321565564838399,72.31499807868863,3.2469640885771804e-5
謝氷,PERSON,7,8.408408408408409e-4,0.027678655002694515,480.29727571669935,3.3847820200379094e-5
謝灝,PERSON,15,0.0018018018018018018,0.02293199494369074,1315.9383634858818,3.3500837520938026e-5
謝無量,PERSON,2,2.4024024024024023e-4,0.001335902666049426,0.4162703256742152,3.1709791983764585e-5
謝蘅,PERSON,1,1.2012012012012012e-4,9.363627831873444e-4,0,3.177831447820008e-5
謝蘭,PERSON,2,2.4024024024024023e-4,0.001746899914822094,4.837797910604474,3.185930929017459e-5
謝誠,PERSON,2,2.4024024024024023e-4,0.006345737002595776,18.57962516909915,3.340236488743403e-5
謹叩,PERSON,10,0.0012012012012012011,0.003957521466819911,15.928045064627232,3.170376006594382e-5
謹啓,PERSON,22,0.002642642642642643,0.028229908715983885,11923.62337683282,3.604902667627974e-5
謹希,PERSON,3,3.6036036036036037e-4,0.004863724936250967,35.121911875047346,3.2387614976033165e-5
謹詹,PERSON,139,0.016696696696696697,0.1444912442618072,468891.53087167337,4.4976162633804086e-5
謹詹于,PERSON,6,7.207207207207207e-4,0.016533983651228653,1998.2923329599694,3.479713271626418e-5
謹賀,PERSON,4,4.8048048048048047e-4,0.0024175952404093173,3.670510104749541,3.171582619727244e-5
證券業同業公會,ORG,3,3.6036036036036037e-4,0.017291787522076753,405.66079368450636,4.291477126426916e-5
譚光,PERSON,5,6.006006006006006e-4,0.012998718461465202,183.31460662748728,3.415533847940433e-5
譚富英,PERSON,3,3.6036036036036037e-4,0.015275997019294133,420.14624893103274,3.45972875726543e-5
譚志清,PERSON,1,1.2012012012012012e-4,3.0340169283968094e-4,0,3.168567807351077e-5
譚毅,PERSON,2,2.4024024024024023e-4,0.011519252717289217,166.19785782117216,3.3763252076440005e-5
譚毅公,PERSON,5,6.006006006006006e-4,0.0015188287595737972,1.4285714285714284,3.163555836760519e-5
譚澹,PERSON,5,6.006006006006006e-4,0.0030523542350443036,8.251485943736157,3.1861339450710506e-5
譚熙,PERSON,1,1.2012012012012012e-4,0.002418733847053929,0,3.202049311559398e-5
警備司令部,ORG,37,0.0044444444444444444,0.05275502342590511,27566.673927275988,4.305148958153952e-5
警備部稽查處,ORG,15,0.0018018018018018018,0.041863889851062853,17949.03613887471,4.296270836913559e-5
警察局,ORG,142,0.017057057057057057,0.14776616253928626,125166.9750669615,4.344426101312017e-5
警政機關市商會,ORG,35,0.004204204204204204,0.027201155902018215,15098.917078857321,4.303296324984939e-5
譪萍,PERSON,1,1.2012012012012012e-4,0.007287514023917677,0,3.309723969020984e-5
議會,ORG,73,0.008768768768768769,0.08692212251584945,67974.00341705578,4.318535152876144e-5
議長潘,PERSON,22,0.002642642642642643,0.02871399639967677,5301.009551124733,3.5102499297950014e-5
護工總隊,ORG,44,0.005285285285285286,0.06502766603684201,18498.55857292781,4.3077453260963214e-5
護聯,ORG,17,0.002042042042042042,0.04702662912796694,21211.810581923193,4.2977479800584495e-5
讀蔣,PERSON,2,2.4024024024024023e-4,9.629383620174634e-4,0.09090909090909091,3.163756011136421e-5
讓奚,PERSON,4,4.8048048048048047e-4,0.0025997694157308873,0.15789473684210525,3.1695721077654516e-5
谷兩,PERSON,3,3.6036036036036037e-4,0.010054606654089245,21.81379750771509,3.3460483169376966e-5
谷子,PERSON,2,2.4024024024024023e-4,0.001841877869490791,2.8315810897782505,3.185727938834024e-5
谷春,PERSON,8,9.609609609609609e-4,0.018912675059531054,464.27033142334255,3.3694992924051485e-5
谷正,PERSON,5,6.006006006006006e-4,0.006781001085677974,421.8702483164751,3.2427524482780983e-5
谷正綱,PERSON,1,1.2012012012012012e-4,0.002787309830760586,0,3.228722717293039e-5
谷羅,PERSON,4,4.8048048048048047e-4,0.013506755655082919,117.44453779971819,3.343139876972452e-5
谷部,PERSON,16,0.0019219219219219219,0.03493678749599149,9455.982881550315,3.67403923873907e-5
豆米業公會,ORG,38,0.0045645645645645645,0.05505658082795805,36756.06264960283,4.304407713498623e-5
豐子,PERSON,2,2.4024024024024023e-4,0.003837914070351484,16.514917093148522,3.232897969740075e-5
豐律,PERSON,1,1.2012012012012012e-4,0.008664365789620139,0,3.400435255712731e-5
豪兩,PERSON,6,7.207207207207207e-4,0.014411723880959878,250.80825175331708,3.381348481774532e-5
豪廿,PERSON,3,3.6036036036036037e-4,0.01189109920457792,127.22990949590022,3.306878306878307e-5
豪良,PERSON,3,3.6036036036036037e-4,0.008394630905946955,15.873785038424115,3.3101621979477e-5
豫祖,PERSON,11,0.0013213213213213214,0.014394196262449031,72.08630625498091,3.237503237503238e-5
貝克,PERSON,9,0.001081081081081081,0.012684578712589194,1146.1689353706615,3.383865728207905e-5
貝勒路,PERSON,3,3.6036036036036037e-4,0.007407153222461047,20.326688866658497,3.340459647247461e-5
貝淞,PERSON,1,1.2012012012012012e-4,0.001541476581664624,0,3.1820785336982115e-5
貝淞孫,PERSON,19,0.0022822822822822822,0.03705241210986326,10309.065007191592,3.7591158559506806e-5
貝爾,PERSON,10,0.0012012012012012011,0.014085063273687625,762.5213050107134,3.3257948649727285e-5
貝祖詒,PERSON,13,0.0015615615615615615,0.030006152794325943,2397.1250195654984,3.496014543420501e-5
貝祖貽,PERSON,4,4.8048048048048047e-4,0.013506755655082928,117.44453779971819,3.343139876972452e-5
貝錦,PERSON,1,1.2012012012012012e-4,7.070203701573328e-4,0,3.1758130081300816e-5
貞亮,PERSON,3,3.6036036036036037e-4,0.001113681641155412,3.9151778876113776,3.166360585143436e-5
負程,PERSON,6,7.207207207207207e-4,0.008299859016097774,98.08898999903656,3.247807729782397e-5
負韓,PERSON,7,8.408408408408409e-4,0.018640920617563415,521.7971177393985,3.43878954607978e-5
財政,ORG,12,0.0014414414414414415,0.03642601156531635,1695.8479189244274,4.294794708812919e-5
財政局,ORG,35,0.004204204204204204,0.05843040322467994,8932.383077532208,4.303296324984939e-5
財政評論社,ORG,12,0.0014414414414414415,0.029245952838087143,9203.002893524452,4.294794708812919e-5
財政部,ORG,145,0.017417417417417418,0.12289054787960102,225188.13193412905,4.344803614876608e-5
貧兒工藝院,ORG,4,4.8048048048048047e-4,0.01843844542340364,1775.7333476735473,4.291845493562232e-5
貫盛吉,PERSON,17,0.002042042042042042,0.022264506141356395,3572.7557576741433,3.441156228492774e-5
責速達,ORG,26,0.003123123123123123,0.02488319427731037,6895.163665341476,4.299965600275198e-5
貲任,PERSON,2,2.4024024024024023e-4,0.0033864248276347687,9.047984526590414,3.2160545442850713e-5
貴報,ORG,6,7.207207207207207e-4,0.017879246451445435,25140.394145454822,4.292582417582418e-5
貴定,PERSON,3,3.6036036036036037e-4,0.0032049150093768457,2.4817835973184477,3.197748784855462e-5
貴州路湖社,ORG,8,9.609609609609609e-4,0.018984556225403255,2299.1947209223076,4.29331959471063e-5
貴立,PERSON,5,6.006006006006006e-4,0.0037096177703874736,56.52644576572049,3.205333675235592e-5
費元,PERSON,6,7.207207207207207e-4,0.0022984585655197566,1.6813576810374764,3.1729914963827895e-5
費同,PERSON,3,3.6036036036036037e-4,0.0031160399334348014,3.002944278426817,3.178033432911714e-5
費彝民,PERSON,9,0.001081081081081081,0.00836433645965761,649.3278687685519,3.2716089772950334e-5
費曉樓,PERSON,11,0.0013213213213213214,0.02257184927674822,791.3764491786967,3.367003367003367e-5
費穆,PERSON,4,4.8048048048048047e-4,0.0071656674047417945,428.22510305532865,3.2735367290821005e-5
費遇,PERSON,5,6.006006006006006e-4,0.015097467801323811,124.28719872113183,3.3377837116154874e-5
費鐸,PERSON,6,7.207207207207207e-4,0.01582048373800137,1025.2535560947676,3.471981112422748e-5
費雲卿,PERSON,3,3.6036036036036037e-4,0.002641628453734489,3.1293896390817593,3.175207976122436e-5
賀呂,PERSON,8,9.609609609609609e-4,0.014001032946953073,698.8105776339785,3.408083975189148e-5
賀客中,PERSON,4,4.8048048048048047e-4,0.010905242158832302,249.63856853891502,3.3360021350413664e-5
賀玉,PERSON,8,9.609609609609609e-4,0.030410999565957823,1211.1368630802024,3.464043231259526e-5
賀玉欽,PERSON,10,0.0012012012012012011,0.03784536543555878,1800.9700697346723,3.4989503149055284e-5
賀笑,PERSON,3,3.6036036036036037e-4,0.012375104307355902,845.7243301211546,3.462843687235958e-5
賀耀,PERSON,15,0.0018018018018018018,0.017909541745396503,758.5396860961885,3.305129561078794e-5
賀耀組,PERSON,1,1.2012012012012012e-4,5.977896983483147e-4,0,3.164356686285678e-5
賀蔣,PERSON,6,7.207207207207207e-4,0.0032916518536969313,68.05759301221232,3.196113525952442e-5
賀處,PERSON,2,2.4024024024024023e-4,5.618724285565979e-4,0.08333333333333333,3.163956210846042e-5
賀衡夫,PERSON,8,9.609609609609609e-4,0.015609128736287206,291.0896421783415,3.4115720524017465e-5
賀衷,PERSON,2,2.4024024024024023e-4,0.01108309963667407,618.0134071905923,3.4335942864991075e-5
賁臨,PERSON,7,8.408408408408409e-4,0.014062825742595948,2121.780356598023,3.43713480442703e-5
資瓊英,PERSON,1,1.2012012012012012e-4,3.8916307814442657e-4,0,3.1695721077654516e-5
賈〇,PERSON,4,4.8048048048048047e-4,0.010555981330179334,318.08474722567826,3.371544167228591e-5
賈德,PERSON,4,4.8048048048048047e-4,0.01386986213491769,64.58532128018153,3.332666799973339e-5
賈景德,PERSON,1,1.2012012012012012e-4,0.008664365789620137,0,3.400435255712731e-5
賈月,PERSON,7,8.408408408408409e-4,0.015154100019939777,454.7070059528673,3.340236488743403e-5
賈桂,PERSON,3,3.6036036036036037e-4,0.015275997019294133,420.14624893103274,3.45972875726543e-5
賈華,PERSON,3,3.6036036036036037e-4,0.015275997019294133,420.14624893103274,3.45972875726543e-5
賡堂,ORG,7,8.408408408408409e-4,0.01923498767898716,3135.617288166661,4.292950974499871e-5
賡昌,PERSON,3,3.6036036036036037e-4,0.009745432517471547,61.7832209617977,3.4008978370289756e-5
賡葆,PERSON,5,6.006006006006006e-4,0.010106088921800637,118.14803519999626,3.3025099075297225e-5
賢丁,PERSON,1,1.2012012012012012e-4,3.4263422401875713e-4,0,3.163956210846042e-5
賢于,PERSON,6,7.207207207207207e-4,0.014411723880959886,250.80825175331708,3.381348481774532e-5
賢兩,PERSON,5,6.006006006006006e-4,0.008896309424278168,648.6603531364918,3.358183894150044e-5
賢明,PERSON,5,6.006006006006006e-4,0.01664158774262331,238.6651746231742,3.3451528734863186e-5
賢為,PERSON,3,3.6036036036036037e-4,0.008984615214494437,116.28256708398199,3.354128932716174e-5
賢道,PERSON,2,2.4024024024024023e-4,0.001841877869490791,2.8315810897782505,3.185727938834024e-5
賢達,PERSON,7,8.408408408408409e-4,0.020806162839561583,3786.8661823333578,3.641395382710655e-5
賢陳,PERSON,4,4.8048048048048047e-4,0.014359650835732237,673.6735852641114,3.419271011420365e-5
賢黄克武,PERSON,5,6.006006006006006e-4,0.010106088921800635,118.14803519999626,3.3025099075297225e-5
賴璉,PERSON,2,2.4024024024024023e-4,0.002872324415896633,16.20499783239982,3.2030749519538757e-5
賴遜,PERSON,8,9.609609609609609e-4,0.006302475436465854,126.23522581003662,3.244225279003374e-5
賽上,PERSON,4,4.8048048048048047e-4,0.007340356455385271,125.03804856422717,3.247174957786725e-5
賽娥,PERSON,1,1.2012012012012012e-4,3.493230066744232e-4,0,3.166360585143436e-5
贊史,PERSON,8,9.609609609609609e-4,0.003454230896817708,11.917367657986436,3.174401625293632e-5
贊湯姆,PERSON,9,0.001081081081081081,0.021824502529691037,1256.6181197464418,3.506803198204517e-5
贛光,PERSON,5,6.006006006006006e-4,0.005233187525283748,223.05625409020251,3.241070849808777e-5
赫特生,PERSON,6,7.207207207207207e-4,0.008106236441989994,840.5119929315598,3.354353951428955e-5
走漢,PERSON,4,4.8048048048048047e-4,0.006422685959868411,55.40107853797565,3.2539372640895484e-5
超俊,PERSON,11,0.0013213213213213214,0.01822403740797165,2260.03353796469,3.474876641879213e-5
超及,PERSON,1,1.2012012012012012e-4,5.376658901269859e-4,0,3.163155563990637e-5
超張,PERSON,2,2.4024024024024023e-4,6.359032229647639e-4,0.06666666666666667,3.1645569620253167e-5
超海,PERSON,3,3.6036036036036037e-4,0.0013965072765440073,0.3333333333333333,3.163555836760519e-5
超烜,PERSON,4,4.8048048048048047e-4,0.005197425458404817,57.52869613489803,3.229348317509527e-5
超金,PERSON,3,3.6036036036036037e-4,0.013922992504560404,312.97427616471094,3.4169343265222444e-5
超高,PERSON,5,6.006006006006006e-4,0.014355267748131388,543.6306676668611,3.3879929529746575e-5
趙丕,PERSON,1,1.2012012012012012e-4,4.292786478744357e-4,0,3.165759149043941e-5
趙主,PERSON,18,0.002162162162162162,0.01478873767729338,201.67545512535725,3.249496328069149e-5
趙仰,PERSON,17,0.002042042042042042,0.013513809307985562,26.71664589579696,3.181673560292714e-5
趙仰雄,PERSON,6,7.207207207207207e-4,0.011622165253500676,573.1258927166475,3.3255736614566014e-5
趙作,PERSON,2,2.4024024024024023e-4,9.249261666103479e-4,0.06666666666666667,3.1645569620253167e-5
趙南,PERSON,14,0.0016816816816816818,0.018809472299744653,734.9184259729625,3.355704697986577e-5
趙南石,PERSON,86,0.01033033033033033,0.1335872985783737,121066.98928004163,4.327880204275946e-5
趙和康,PERSON,1,1.2012012012012012e-4,6.896996953853929e-4,0,3.1669622498099825e-5
趙增,PERSON,1,1.2012012012012012e-4,0.0010396489255900597,0,3.173394262503174e-5
趙如泉,PERSON,9,0.001081081081081081,0.035292896529051536,6921.368774325951,3.635834787667248e-5
趙子,PERSON,15,0.0018018018018018018,0.017471143802502916,6293.142430691316,3.4804399276068494e-5
趙學,PERSON,3,3.6036036036036037e-4,0.012049056922188868,12.27847436442589,3.4008978370289756e-5
趙學敏,PERSON,8,9.609609609609609e-4,0.02178251305437465,532.5523691977385,3.4489894460922946e-5
趙家,PERSON,1,1.2012012012012012e-4,2.7443391431816825e-4,0,3.162755392497944e-5
趙家樓,PERSON,8,9.609609609609609e-4,0.03041099956595784,1211.1368630802024,3.464043231259526e-5
趙富,PERSON,8,9.609609609609609e-4,0.014001032946953079,698.8105776339785,3.408083975189148e-5
趙局,PERSON,1,1.2012012012012012e-4,3.3560486483431845e-4,0,3.162355322244007e-5
趙廉,PERSON,3,3.6036036036036037e-4,0.015275997019294133,420.14624893103274,3.45972875726543e-5
趙志,PERSON,4,4.8048048048048047e-4,0.010217954256095261,25.829009320718736,3.248651809499058e-5
趙恩榮,PERSON,1,1.2012012012012012e-4,4.569071601622738e-4,0,3.1647572631179186e-5
趙懷,PERSON,5,6.006006006006006e-4,0.005233187525283748,223.05625409020251,3.241070849808777e-5
趙振,PERSON,2,2.4024024024024023e-4,0.0069679765655242115,24.082354120731317,3.269042170644001e-5
趙敏恒,PERSON,11,0.0013213213213213214,0.025249428797957486,2897.670859510906,3.486750348675035e-5
趙文,PERSON,8,9.609609609609609e-4,0.015515940241967448,1172.2623682391506,3.3779219024456154e-5
趙星,PERSON,7,8.408408408408409e-4,0.01515410001993978,454.7070059528673,3.340236488743403e-5
趙時,PERSON,7,8.408408408408409e-4,0.023688494174609345,929.0681891487944,3.4020548411240386e-5
趙晉卿,PERSON,8,9.609609609609609e-4,0.011346332991853093,430.55838432504453,3.291422552827332e-5
趙晋卿,PERSON,3,3.6036036036036037e-4,0.005474471797965287,130.8008504520447,3.229765519023319e-5
趙會,PERSON,5,6.006006006006006e-4,0.006340092036348925,276.92990701477765,3.237293622531564e-5
趙東,PERSON,1,1.2012012012012012e-4,0.007287514023917678,0,3.309723969020984e-5
趙松,PERSON,2,2.4024024024024023e-4,0.0017468999148220936,4.837797910604474,3.185930929017459e-5
趙桂德,PERSON,1,1.2012012012012012e-4,3.572911334009593e-4,0,3.170577045022194e-5
趙梅福,PERSON,7,8.408408408408409e-4,0.023688494174609356,929.0681891487944,3.4020548411240386e-5
趙棣,PERSON,59,0.007087087087087087,0.09321729627261315,47313.63515416966,3.944773175542406e-5
趙樂,PERSON,3,3.6036036036036037e-4,0.01062973873015886,21.45554897877954,3.4008978370289756e-5
趙樸,PERSON,11,0.0013213213213213214,0.008668940896065664,65.8169152778398,3.192236480878503e-5
趙汝,PERSON,3,3.6036036036036037e-4,0.010629738730158862,21.45554897877954,3.4008978370289756e-5
趙淑靜,PERSON,2,2.4024024024024023e-4,0.008766472903240112,79.54108101827777,3.3018556428712935e-5
趙炳生,PERSON,3,3.6036036036036037e-4,0.0011541878809954926,0.15789473684210525,3.166160081053698e-5
趙琛,PERSON,7,8.408408408408409e-4,0.010835579461705429,156.62163591963042,3.2679738562091506e-5
趙益,PERSON,8,9.609609609609609e-4,0.011328916448754209,1490.4667038367415,3.4153005464480874e-5
趙祖康,PERSON,23,0.002762762762762763,0.041516638817053114,5080.198841926513,3.514444366345681e-5
趙祖慰,PERSON,16,0.0019219219219219219,0.03757041293003923,8122.442827120567,3.606202668589975e-5
趙肇,PERSON,3,3.6036036036036037e-4,0.0035606057889580453,16.246700138563867,3.2127481847972756e-5
趙興,PERSON,9,0.001081081081081081,0.021358383145889757,636.9047426044352,3.463563313937379e-5
趙遂,PERSON,3,3.6036036036036037e-4,0.012049056922188866,12.27847436442589,3.4008978370289756e-5
趙雪,PERSON,2,2.4024024024024023e-4,0.00906970244831036,54.373300114906755,3.400666530640005e-5
趙雲,PERSON,3,3.6036036036036037e-4,0.015275997019294128,420.14624893103274,3.45972875726543e-5
趙顯,PERSON,5,6.006006006006006e-4,0.019000027015712347,326.847626021409,3.383178834833209e-5
足委,ORG,10,0.0012012012012012011,0.016713033318382066,11092.560623924654,4.294057025077293e-5
路口中國標準紙品公司,ORG,27,0.003243243243243243,0.021914518569723738,12526.779008363332,4.300335426163241e-5
路局,ORG,5,6.006006006006006e-4,0.025921438451861255,739.5736451257391,4.292213923941969e-5
路式,PERSON,9,0.001081081081081081,0.020192565031427988,1244.263122423113,3.4463744141163496e-5
路德曼,PERSON,7,8.408408408408409e-4,0.02767865500269451,480.29727571669935,3.3847820200379094e-5
路湖社,ORG,56,0.006726726726726727,0.06101151709013049,18677.639693089248,4.3118316660917556e-5
路聚興誠銀行,ORG,8,9.609609609609609e-4,0.01835839023294656,3479.8977389704664,4.2936882782310004e-5
路鵬,PERSON,1,1.2012012012012012e-4,6.872445377658425e-4,0,3.1645569620253167e-5
躬生化藥廠,ORG,7,8.408408408408409e-4,0.018256859243678057,8621.73349029976,4.292950974499871e-5
車力大來集團,ORG,2,2.4024024024024023e-4,0.016549238662418534,470.0069069805411,4.2911088225197394e-5
軍之友社,ORG,8,9.609609609609609e-4,0.023622595600050592,13296.794750312103,4.29331959471063e-5
軍之友社總,ORG,27,0.003243243243243243,0.058894177549992106,8177.207103621984,4.300335426163241e-5
軍之友社總社,ORG,4,4.8048048048048047e-4,0.025739420649564304,1393.0641856930804,4.291845493562232e-5
軍事委員會戰地服務,ORG,7,8.408408408408409e-4,0.01923498767898716,3135.617288166661,4.292950974499871e-5
軍光小,ORG,10,0.0012012012012012011,0.04124837382129727,873.1045367730821,4.294057025077293e-5
軍友棋會,ORG,3,3.6036036036036037e-4,0.02502470953029946,1212.7493002110436,4.291477126426916e-5
軍子,PERSON,4,4.8048048048048047e-4,0.006422685959868411,55.40107853797565,3.2539372640895484e-5
軍政部軍醫署美國醫藥助華會怡和洋行,ORG,6,7.207207207207207e-4,0.01945411528126361,5090.775329558474,4.292582417582418e-5
軍柯克,PERSON,2,2.4024024024024023e-4,0.0011226778838420255,1.900025780466493,3.171180313312615e-5
軍栖,PERSON,6,7.207207207207207e-4,0.023197473666105597,3338.3207238685204,3.621351488375462e-5
軍法處,ORG,8,9.609609609609609e-4,0.02362259560005061,13296.794750312103,4.29331959471063e-5
軍湯,PERSON,2,2.4024024024024023e-4,0.0013359026660494256,0.4162703256742152,3.1709791983764585e-5
軍羅,PERSON,3,3.6036036036036037e-4,0.002081453284887942,9.928565480807828,3.176014736708378e-5
軍興,PERSON,1,1.2012012012012012e-4,0.001388140802367796,0,3.174200101574403e-5
軍訓,ORG,4,4.8048048048048047e-4,0.016573622717164387,2268.079999440053,4.291845493562232e-5
軍麥克,PERSON,2,2.4024024024024023e-4,0.001122677883842025,1.900025780466493,3.171180313312615e-5
軒三,PERSON,3,3.6036036036036037e-4,0.0012238835540913887,3.235518080957076,3.1719850282306667e-5
軒主,PERSON,8,9.609609609609609e-4,0.012223290480536135,33.418706651519976,3.2851511169513796e-5
載明珠,PERSON,5,6.006006006006006e-4,0.00523318752528375,223.05625409020251,3.241070849808777e-5
載經,PERSON,9,0.001081081081081081,0.026820433307556454,2332.7050142324247,3.5408257205580345e-5
載院,PERSON,5,6.006006006006006e-4,0.005741380585764298,67.05612075524249,3.224974200206398e-5
輔成,PERSON,6,7.207207207207207e-4,0.004888838255508242,617.743916189655,3.245278120334913e-5
輝生,PERSON,1,1.2012012012012012e-4,0.0059571281446850486,0,3.34001336005344e-5
輝甫,PERSON,2,2.4024024024024023e-4,7.99182528031397e-4,0.047619047619047616,3.165959602355474e-5
輪船,ORG,30,0.0036036036036036037,0.05501028835989643,22963.305187108752,4.301445285615967e-5
輪船業公會,ORG,10,0.0012012012012012011,0.0317029893861155,1005.5742865235866,4.2951636457349025e-5
輪船股份有限公司,ORG,9,0.001081081081081081,0.03358000406018246,826.9591959445133,4.2936882782310004e-5
輯趙,PERSON,13,0.0015615615615615615,0.015252088295765888,1794.3214660110268,3.357732858773756e-5
輯陳,PERSON,9,0.001081081081081081,0.008364336459657612,649.3278687685519,3.2716089772950334e-5
輯陸,PERSON,9,0.001081081081081081,0.00836433645965761,649.3278687685519,3.2716089772950334e-5
輸出業同業公會,ORG,1,1.2012012012012012e-4,0.01641616534466388,0,4.290740581824423e-5
輿章,PERSON,2,2.4024024024024023e-4,7.255159986256996e-4,0.034482758620689655,3.167564143173899e-5
轉亨利洋服專家首創禮服公司,ORG,20,0.0024024024024024023,0.02432474743990706,4534.642111553881,4.2977479800584495e-5
轉寧社集團,ORG,12,0.0014414414414414415,0.030286922055184635,1194.2898995474156,4.2951636457349025e-5
轉志俊,PERSON,6,7.207207207207207e-4,0.010811012398490544,310.5468774896433,3.368818218568926e-5
轉景福衫襪織造廠,ORG,8,9.609609609609609e-4,0.02173827504614423,1514.6216086078618,4.29331959471063e-5
轉杜仁,PERSON,5,6.006006006006006e-4,0.006604500402039297,45.62477476780193,3.23185314459311e-5
轉王,PERSON,11,0.0013213213213213214,0.024913590122022284,4172.552472084869,3.535817834665158e-5
轉葉,PERSON,3,3.6036036036036037e-4,0.007757580882090792,84.46012077456552,3.3521051220166265e-5
轉蔣,PERSON,9,0.001081081081081081,0.027113772111367278,2690.443770024964,3.5642999714856005e-5
轉蘇州福和酒坊,ORG,27,0.003243243243243243,0.031183788007817438,15752.086242664203,4.30070531567177e-5
轉鄒,PERSON,1,1.2012012012012012e-4,0.005957128144685052,0,3.34001336005344e-5
轉錢,PERSON,2,2.4024024024024023e-4,0.00643408393789296,16.62449614338071,3.340236488743403e-5
轉陳,PERSON,9,0.001081081081081081,0.01809430294583755,4426.030032004327,3.5847433323774016e-5
辛張明,PERSON,2,2.4024024024024023e-4,0.0022777870118303296,3.501056180548725,3.209654641160611e-5
辛德培,PERSON,3,3.6036036036036037e-4,0.00714937581288061,64.5461251024404,3.2713949227950796e-5
辛濟,PERSON,2,2.4024024024024023e-4,0.00643408393789296,16.62449614338071,3.340236488743403e-5
辛生,ORG,22,0.002642642642642643,0.024444878854262695,6428.943318254794,4.298486932599725e-5
辛詠,PERSON,8,9.609609609609609e-4,0.014001032946953072,698.8105776339785,3.408083975189148e-5
辦勞,PERSON,7,8.408408408408409e-4,0.014902604122646983,490.4097682436593,3.3182904167772766e-5
農商銀行,ORG,12,0.0014414414414414415,0.04001593409173388,856.2077951165118,4.294794708812919e-5
農女,PERSON,1,1.2012012012012012e-4,3.493230066744232e-4,0,3.166360585143436e-5
農山,PERSON,9,0.001081081081081081,0.006392699524589509,1.2948917180374984,3.1746031746031745e-5
農會,ORG,120,0.014414414414414415,0.11570648947968253,70757.9096869514,4.335385415763461e-5
農村復興委員會,ORG,23,0.002762762762762763,0.023451826661371918,8866.816317366063,4.2988565041698905e-5
農林部,ORG,52,0.006246246246246246,0.0718274735133347,96676.80382297783,4.311088118641145e-5
農爲,PERSON,1,1.2012012012012012e-4,3.493230066744232e-4,0,3.166360585143436e-5
農趙,PERSON,9,0.001081081081081081,0.017463655281686617,787.2142285059772,3.3889114816320995e-5
農部,ORG,11,0.0013213213213213214,0.020455863232043157,8735.140888567234,4.294425835265825e-5
迅賜,PERSON,6,7.207207207207207e-4,0.009230969562999167,239.1377818693228,3.274608684262231e-5
迎于,PERSON,3,3.6036036036036037e-4,0.0033585257927222713,11.463261142128841,3.194479938665985e-5
迎陳,PERSON,2,2.4024024024024023e-4,5.74487080100318e-4,0.14285714285714285,3.1629554655870446e-5
迫團,ORG,11,0.0013213213213213214,0.017366454821549724,5108.728879629356,4.294425835265825e-5
追唐,PERSON,4,4.8048048048048047e-4,0.004593297329993952,44.99434718100529,3.217917363882096e-5
這邱,PERSON,4,4.8048048048048047e-4,0.010476227109108293,242.3346722419097,3.411339291805963e-5
通仁記航業公司,ORG,7,8.408408408408409e-4,0.029158566477526165,1329.307966556292,4.292950974499871e-5
通元,PERSON,7,8.408408408408409e-4,0.015154100019939777,454.7070059528673,3.340236488743403e-5
通告事務,ORG,27,0.003243243243243243,0.02174594350114341,23086.08568215209,4.300335426163241e-5
通易信托公司,ORG,34,0.004084084084084084,0.031155175249696243,7392.96322707378,4.302925989672978e-5
通源,PERSON,3,3.6036036036036037e-4,0.003204915009376847,2.4817835973184477,3.197748784855462e-5
通用商行,ORG,1,1.2012012012012012e-4,0.01641616534466388,0,4.290740581824423e-5
通甫,PERSON,3,3.6036036036036037e-4,0.0012238835540913887,3.235518080957076,3.1719850282306667e-5
通益企業公司,ORG,32,0.0038438438438438438,0.028440536537909674,6511.170458815163,4.302185510239202e-5
通訊社,ORG,12,0.0014414414414414415,0.018284586523968353,7778.700827219631,4.294794708812919e-5
連山,PERSON,2,2.4024024024024023e-4,0.006967976565524214,24.082354120731317,3.269042170644001e-5
連良,PERSON,31,0.0037237237237237237,0.05135323047118992,12553.624699249187,3.582688449412439e-5
連財局,ORG,23,0.002762762762762763,0.03452447388476303,6560.5672743098385,4.2988565041698905e-5
連長,PERSON,5,6.006006006006006e-4,0.0037096177703874736,56.52644576572049,3.205333675235592e-5
週康,PERSON,2,2.4024024024024023e-4,0.011519252717289213,166.19785782117216,3.3763252076440005e-5
週波,PERSON,10,0.0012012012012012011,0.023548730925886725,2404.548446959963,3.470776065528252e-5
週良,PERSON,4,4.8048048048048047e-4,0.0023946441124781137,3.323940258103555,3.1719850282306667e-5
進修業餘補習學校,ORG,7,8.408408408408409e-4,0.018264279573051788,5557.26367671156,4.292950974499871e-5
進出口商公會,ORG,10,0.0012012012012012011,0.03170298938611549,1005.5742865235866,4.2951636457349025e-5
進出口貿易協會總,ORG,7,8.408408408408409e-4,0.018351678267833346,1528.9718948442953,4.292950974499871e-5
進譯,PERSON,4,4.8048048048048047e-4,0.008674383372766986,75.85545599489328,3.277828766225252e-5
逹廖,PERSON,3,3.6036036036036037e-4,0.0030020954205059185,23.768865266919708,3.198362438431523e-5
逾伍,PERSON,1,1.2012012012012012e-4,0.00866436578962014,0,3.400435255712731e-5
遇道,PERSON,5,6.006006006006006e-4,0.010106088921800638,118.14803519999626,3.3025099075297225e-5
遊藝隊十二隊,ORG,10,0.0012012012012012011,0.027884763060061782,1549.6559581712654,4.294057025077293e-5
運炎,PERSON,5,6.006006006006006e-4,0.007785727202895046,53.53623823156518,3.246753246753247e-5
運肇基,PERSON,4,4.8048048048048047e-4,0.008593025661254838,589.7083542804517,3.3027280533720854e-5
運輸汽車,ORG,4,4.8048048048048047e-4,0.017461903884251697,626.9950536728614,4.291845493562232e-5
運通,PERSON,5,6.006006006006006e-4,0.006336648309152618,78.80545529604122,3.244014792707455e-5
運銓,PERSON,5,6.006006006006006e-4,0.009664079289121755,57.71799115042281,3.234780358413664e-5
過福,PERSON,8,9.609609609609609e-4,0.0073800232254244485,493.2009283786026,3.240860772621208e-5
過顏,PERSON,3,3.6036036036036037e-4,0.004978650309673926,6.494225787961368,3.2113037893384715e-5
遒敬,PERSON,8,9.609609609609609e-4,0.014001032946953068,698.8105776339785,3.408083975189148e-5
道賢,PERSON,2,2.4024024024024023e-4,0.005513421202363539,1.582834490083944,3.2258064516129034e-5
達仝,PERSON,6,7.207207207207207e-4,0.010763246917591245,89.86710460263824,3.266906239790918e-5
達兩,PERSON,4,4.8048048048048047e-4,0.014359650835732237,673.6735852641114,3.419271011420365e-5
達式,PERSON,5,6.006006006006006e-4,0.019000027015712354,326.847626021409,3.383178834833209e-5
達浦生,PERSON,9,0.001081081081081081,0.015906584867340264,1636.6964646804217,3.4141345168999655e-5
達言,PERSON,1,1.2012012012012012e-4,3.543333180082459e-4,0,3.167965532535006e-5
達電業製造廠有限公司出品總廠,ORG,14,0.0016816816816816818,0.03913336867962776,2100.0348486848748,4.29553264604811e-5
遠帆,PERSON,1,1.2012012012012012e-4,4.3560420064257355e-4,0,3.1629554655870446e-5
遠征軍,ORG,9,0.001081081081081081,0.022709083028946954,2626.40496691996,4.2936882782310004e-5
遠施,PERSON,3,3.6036036036036037e-4,0.0010616436936611334,0.2841238564773236,3.1709791983764585e-5
遠江,PERSON,1,1.2012012012012012e-4,3.5433331800824574e-4,0,3.167965532535006e-5
遠爲,PERSON,2,2.4024024024024023e-4,0.0016415096478265949,0.9783356359291872,3.172790151659369e-5
遵仲,PERSON,5,6.006006006006006e-4,0.00260891360013031,6.733121545357587,3.182483610209407e-5
遵松,PERSON,4,4.8048048048048047e-4,0.010476227109108295,242.3346722419097,3.411339291805963e-5
遵虹,PERSON,3,3.6036036036036037e-4,0.001603238652829643,1.0942282987102634,3.1762164909160206e-5
遵銓,PERSON,13,0.0015615615615615615,0.019109568033181402,859.8988762545158,3.304474258145529e-5
選青,PERSON,7,8.408408408408409e-4,0.017960409819503344,1207.208225295111,3.45447008428907e-5
邀樊,PERSON,2,2.4024024024024023e-4,0.011519252717289213,166.19785782117216,3.3763252076440005e-5
邢培傑,PERSON,1,1.2012012012012012e-4,0.0059571281446850494,0,3.34001336005344e-5
邦啓,PERSON,6,7.207207207207207e-4,0.02637916055244532,4253.231249322085,3.7020583444395086e-5
邦暹爲,PERSON,7,8.408408408408409e-4,0.014832070674627214,727.8509889492835,3.457814661134163e-5
邦達多吉啓英商美靈登有限公司,ORG,25,0.003003003003003003,0.026055739831488196,9636.794544309292,4.2995958379912286e-5
邱國隆,PERSON,1,1.2012012012012012e-4,2.772678916964321e-4,0,3.163555836760519e-5
邱希聖,PERSON,2,2.4024024024024023e-4,0.009592995499271853,16.10224503881566,3.400666530640005e-5
邱念屺,PERSON,2,2.4024024024024023e-4,0.008766472903240109,79.54108101827777,3.3018556428712935e-5
邱慶,PERSON,6,7.207207207207207e-4,0.019188988213017146,1731.3529437659622,3.515679932498945e-5
邱玉成,PERSON,1,1.2012012012012012e-4,0.007287514023917675,0,3.309723969020984e-5
邱百,PERSON,8,9.609609609609609e-4,0.021782513054374647,532.5523691977385,3.4489894460922946e-5
邱直,PERSON,1,1.2012012012012012e-4,0.008664365789620133,0,3.400435255712731e-5
邱紹,PERSON,8,9.609609609609609e-4,0.013607640583828465,865.4911893050856,3.3783783783783784e-5
邱良榮,PERSON,13,0.0015615615615615615,0.018339490555296347,479.98280679612776,3.2851511169513796e-5
邱茂林,PERSON,8,9.609609609609609e-4,0.013607640583828469,865.4911893050856,3.3783783783783784e-5
邵任,PERSON,2,2.4024024024024023e-4,0.0013359026660494254,0.4162703256742152,3.1709791983764585e-5
邵伯褧,PERSON,9,0.001081081081081081,0.010796826555790279,157.31362262514577,3.2324799586242565e-5
邵傳,PERSON,2,2.4024024024024023e-4,0.0014360969314312143,0.5752070517687443,3.174804749507905e-5
邵刀子,PERSON,7,8.408408408408409e-4,0.027678655002694515,480.29727571669935,3.3847820200379094e-5
邵力子,PERSON,109,0.013093093093093092,0.1347019015208543,125316.62167045964,4.2179854901299136e-5
邵協,PERSON,18,0.002162162162162162,0.059985202905419616,6773.149630945264,3.759681179036018e-5
邵啓,PERSON,6,7.207207207207207e-4,0.02287490049959872,354.44088573884153,3.3763252076440005e-5
邵啓羣,PERSON,4,4.8048048048048047e-4,0.008674383372766988,75.85545599489328,3.277828766225252e-5
邵子,PERSON,5,6.006006006006006e-4,0.019000027015712354,326.847626021409,3.383178834833209e-5
邵從恩,PERSON,3,3.6036036036036037e-4,0.0012282960871250765,3.8818038503306744,3.170778108947936e-5
邵心石,PERSON,9,0.001081081081081081,0.02157366065430667,967.9523097490462,3.473669584549118e-5
邵景,PERSON,2,2.4024024024024023e-4,0.002435137421146672,2.0304168970839447,3.209654641160611e-5
邵杏波,PERSON,6,7.207207207207207e-4,0.026379160552445317,4253.231249322085,3.7020583444395086e-5
邵永生,PERSON,1,1.2012012012012012e-4,9.363627831873448e-4,0,3.177831447820008e-5
邵汝,PERSON,5,6.006006006006006e-4,0.005897475978320413,391.7460504070942,3.222895449271625e-5
邵百,PERSON,9,0.001081081081081081,0.017016811267793218,498.2935689795516,3.2985882042485813e-5
邵翼,PERSON,3,3.6036036036036037e-4,0.001067987062849319,0.08823529411764705,3.168567807351077e-5
邵葆,PERSON,5,6.006006006006006e-4,0.003052354235044302,8.251485943736157,3.1861339450710506e-5
邵西平,PERSON,2,2.4024024024024023e-4,0.0024351374211466713,2.0304168970839447,3.209654641160611e-5
邵達人,PERSON,2,2.4024024024024023e-4,0.0024351374211466713,2.0304168970839447,3.209654641160611e-5
郁景,PERSON,4,4.8048048048048047e-4,0.004593297329993952,44.99434718100529,3.217917363882096e-5
郁維,PERSON,6,7.207207207207207e-4,0.003707160382985392,2.7082164108705853,3.172387538861747e-5
郎靜,PERSON,2,2.4024024024024023e-4,0.001412539203187515,2.7298770435449624,3.178437480134766e-5
郎音,PERSON,2,2.4024024024024023e-4,0.002277787011830329,3.501056180548725,3.209654641160611e-5
郝伯陽,PERSON,1,1.2012012012012012e-4,3.572911334009591e-4,0,3.170577045022194e-5
郝大明,PERSON,7,8.408408408408409e-4,0.015154100019939777,454.7070059528673,3.340236488743403e-5
郝玲,PERSON,3,3.6036036036036037e-4,0.007149375812880615,64.5461251024404,3.2713949227950796e-5
郭今吾,PERSON,7,8.408408408408409e-4,0.011111469173580902,933.2271883101185,3.320714617785747e-5
郭其遜,PERSON,4,4.8048048048048047e-4,0.013869862134917692,64.58532128018153,3.332666799973339e-5
郭子,PERSON,13,0.0015615615615615615,0.024834867289418947,4403.1204323346,3.471498993265292e-5
郭子淸,PERSON,2,2.4024024024024023e-4,7.750665576789087e-4,0.7352342292962631,3.171180313312615e-5
郭存今,PERSON,3,3.6036036036036037e-4,0.012049056922188866,12.27847436442589,3.4008978370289756e-5
郭宗泰,PERSON,3,3.6036036036036037e-4,0.01162463250471212,449.0017248223924,3.4258307639602604e-5
郭寳樹,PERSON,7,8.408408408408409e-4,0.017838478069056987,1046.919990671501,3.4324157341937255e-5
郭小楓,PERSON,4,4.8048048048048047e-4,0.004593297329993953,44.99434718100529,3.217917363882096e-5
郭彬,PERSON,1,1.2012012012012012e-4,3.034016928396807e-4,0,3.168567807351077e-5
郭彬卿,PERSON,6,7.207207207207207e-4,0.0051888864609529895,38.82898733835354,3.201024327784891e-5
郭志成,PERSON,11,0.0013213213213213214,0.012176911742520951,467.4992491046057,3.290123050602092e-5
郭永熙,PERSON,5,6.006006006006006e-4,0.006336648309152618,78.80545529604122,3.244014792707455e-5
郭琳焯,PERSON,3,3.6036036036036037e-4,0.008394630905946951,15.873785038424115,3.3101621979477e-5
郭琳爽,PERSON,7,8.408408408408409e-4,0.01864092061756342,521.7971177393985,3.43878954607978e-5
郭登鰲,PERSON,4,4.8048048048048047e-4,0.011864305202467357,303.32107076697275,3.413202266366305e-5
郭福,PERSON,5,6.006006006006006e-4,0.012372925535878865,708.283500144123,3.442340791738382e-5
郭紹裘,PERSON,4,4.8048048048048047e-4,0.0038740660517186704,19.07718454390562,3.199181009661527e-5
郭維屏,PERSON,3,3.6036036036036037e-4,0.0012236556000322723,0.2727272727272727,3.163956210846042e-5
郭英殊,PERSON,3,3.6036036036036037e-4,0.011762894055185527,766.3390538767304,3.454708768050853e-5
郭茂誰,PERSON,7,8.408408408408409e-4,0.014832070674627213,727.8509889492835,3.457814661134163e-5
郭茂謙,PERSON,5,6.006006006006006e-4,0.003052354235044303,8.251485943736157,3.1861339450710506e-5
郭衛,PERSON,7,8.408408408408409e-4,0.010835579461705427,156.62163591963042,3.2679738562091506e-5
郭金光,PERSON,10,0.0012012012012012011,0.03784536543555877,1800.9700697346723,3.4989503149055284e-5
郭錫惠二,PERSON,1,1.2012012012012012e-4,8.415068085950114e-4,0,3.176821907363873e-5
郭雨東,PERSON,8,9.609609609609609e-4,0.007380023225424451,493.2009283786026,3.240860772621208e-5
郭雲觀,PERSON,8,9.609609609609609e-4,0.0157278293154435,296.61562573373425,3.291422552827332e-5
郵務工會,ORG,23,0.002762762762762763,0.03446625244344428,8540.00845104406,4.2988565041698905e-5
郵政儲金匯業局,ORG,4,4.8048048048048047e-4,0.017545590374515484,631.6748245164149,4.292213923941969e-5
郵政儲金匯業局僑匯,ORG,23,0.002762762762762763,0.05151250664652206,5113.813727187324,4.2988565041698905e-5
郵政局,ORG,21,0.0025225225225225223,0.028695221225679322,6917.680552773858,4.298117424568039e-5
郵政管理局,ORG,4,4.8048048048048047e-4,0.018953547860817793,523.952610627392,4.291845493562232e-5
郵政總局,ORG,10,0.0012012012012012011,0.024315342632504504,1963.6877846724085,4.294057025077293e-5
都筑段工程,ORG,28,0.0033633633633633636,0.04433781477522658,11790.389500471285,4.301075268817204e-5
鄂北王徐會,PERSON,7,8.408408408408409e-4,0.02767865500269452,480.29727571669935,3.3847820200379094e-5
鄂地政局,ORG,10,0.0012012012012012011,0.02350984685872401,2421.702963811396,4.294057025077293e-5
鄉會,ORG,56,0.006726726726726727,0.10506803890083209,6946.079521944563,4.311088118641145e-5
鄒介民,PERSON,4,4.8048048048048047e-4,0.0073403564553852765,125.03804856422717,3.247174957786725e-5
鄒任,PERSON,3,3.6036036036036037e-4,0.01392299250456039,312.97427616471094,3.4169343265222444e-5
鄒伏,PERSON,4,4.8048048048048047e-4,0.01143751978046121,27.767186568712685,3.34627225271048e-5
鄒作,PERSON,1,1.2012012012012012e-4,0.001267405811977981,0,3.181876034109711e-5
鄒同,PERSON,7,8.408408408408409e-4,0.015154100019939783,454.7070059528673,3.340236488743403e-5
鄒安,PERSON,3,3.6036036036036037e-4,0.012049056922188871,12.27847436442589,3.4008978370289756e-5
鄒樹人,PERSON,8,9.609609609609609e-4,0.015609128736287203,291.0896421783415,3.4115720524017465e-5
鄒玉,PERSON,3,3.6036036036036037e-4,0.00974543251747155,61.7832209617977,3.4008978370289756e-5
鄒福,PERSON,6,7.207207207207207e-4,0.010811012398490546,310.5468774896433,3.368818218568926e-5
鄒莉,PERSON,8,9.609609609609609e-4,0.012223290480536136,33.418706651519976,3.2851511169513796e-5
鄒莉華,PERSON,5,6.006006006006006e-4,0.00768589293055961,45.732157310507276,3.2836409010310635e-5
鄔伯翔,PERSON,3,3.6036036036036037e-4,0.013922992504560399,312.97427616471094,3.4169343265222444e-5
鄔慶,PERSON,5,6.006006006006006e-4,0.006336648309152614,78.80545529604122,3.244014792707455e-5
鄔文,PERSON,5,6.006006006006006e-4,0.019000027015712344,326.847626021409,3.383178834833209e-5
鄧偉,PERSON,6,7.207207207207207e-4,0.017208925423854066,555.0915408844061,3.4270047978067166e-5
鄧公玄,PERSON,3,3.6036036036036037e-4,0.0036252618448551596,7.9041666931138055,3.203280158882696e-5
鄧劍,PERSON,1,1.2012012012012012e-4,3.572911334009592e-4,0,3.170577045022194e-5
鄧季,PERSON,3,3.6036036036036037e-4,0.007149375812880613,64.5461251024404,3.2713949227950796e-5
鄧川山,PERSON,7,8.408408408408409e-4,0.014495161219053837,1785.0008306943125,3.470535156521136e-5
鄧本,PERSON,5,6.006006006006006e-4,0.0030523542350443023,8.251485943736157,3.1861339450710506e-5
鄧燕,PERSON,7,8.408408408408409e-4,0.011359972633530254,790.6473321794142,3.407619437061269e-5
鄧琴,PERSON,1,1.2012012012012012e-4,0.007287514023917678,0,3.309723969020984e-5
鄧翰,PERSON,1,1.2012012012012012e-4,0.0024187338470539285,0,3.202049311559398e-5
鄧肯,PERSON,4,4.8048048048048047e-4,0.004036434302380934,57.316832214928546,3.2312265736073417e-5
鄧莘,PERSON,3,3.6036036036036037e-4,0.0030674689716283466,0.9487453334324024,3.183091418385536e-5
鄧蔭,PERSON,4,4.8048048048048047e-4,0.004593297329993952,44.99434718100529,3.217917363882096e-5
鄧賢,PERSON,1,1.2012012012012012e-4,3.0340169283968094e-4,0,3.168567807351077e-5
鄧鑑,PERSON,9,0.001081081081081081,0.0075523116895575195,244.31210778049677,3.2324799586242565e-5
鄧靑山,PERSON,3,3.6036036036036037e-4,0.0039622903197266595,78.29264215453013,3.221857078420001e-5
鄧飛,PERSON,2,2.4024024024024023e-4,8.70073945289043e-4,0.3849408814655566,3.169170311212524e-5
鄭偉,PERSON,18,0.002162162162162162,0.014788737677293386,201.67545512535725,3.249496328069149e-5
鄭傑,PERSON,4,4.8048048048048047e-4,0.00992674719956663,235.27496798978507,3.290123050602092e-5
鄭冰,PERSON,27,0.003243243243243243,0.026402144818325826,5372.324246779369,3.496259002866932e-5
鄭初,PERSON,16,0.0019219219219219219,0.029729130637689245,1146.1427101124061,3.434537711224069e-5
鄭劍,PERSON,2,2.4024024024024023e-4,0.0011110680598688035,0.5334939054786282,3.166561114629513e-5
鄭劍波,PERSON,1,1.2012012012012012e-4,2.7928696585463613e-4,0,3.162555344718533e-5
鄭午,PERSON,1,1.2012012012012012e-4,3.543333180082461e-4,0,3.167965532535006e-5
鄭午昌,PERSON,10,0.0012012012012012011,0.015992558033781166,1029.859879762347,3.374046831770025e-5
鄭天,PERSON,3,3.6036036036036037e-4,0.004978650309673925,6.494225787961368,3.2113037893384715e-5
鄭子,PERSON,1,1.2012012012012012e-4,2.7965058876269983e-4,0,3.162355322244007e-5
鄭子良,PERSON,8,9.609609609609609e-4,0.003621137126303593,103.90911418057327,3.184307731499172e-5
鄭學,PERSON,2,2.4024024024024023e-4,0.001412539203187515,2.7298770435449624,3.178437480134766e-5
鄭崇,PERSON,4,4.8048048048048047e-4,0.010414963878348053,244.49920581835897,3.34941050375134e-5
鄭州華美醫院,ORG,27,0.003243243243243243,0.020637836446789893,17068.336673238795,4.300335426163241e-5
鄭希,PERSON,4,4.8048048048048047e-4,0.012075210153860401,443.03735759894954,3.427474636687688e-5
鄭彥,PERSON,3,3.6036036036036037e-4,0.0010679870628493193,0.08823529411764705,3.168567807351077e-5
鄭志芳,PERSON,2,2.4024024024024023e-4,9.188256686464863e-4,1.5039057813604082,3.173394262503174e-5
鄭振鐸,PERSON,2,2.4024024024024023e-4,0.0013359026660494258,0.4162703256742152,3.1709791983764585e-5
鄭揆,PERSON,11,0.0013213213213213214,0.021982285004042704,2615.979854853119,3.563791874554526e-5
鄭樂,PERSON,5,6.006006006006006e-4,0.006336648309152612,78.80545529604122,3.244014792707455e-5
鄭毓秀,PERSON,4,4.8048048048048047e-4,0.0056503923409635315,48.6094521463145,3.232897969740075e-5
鄭洞,PERSON,7,8.408408408408409e-4,0.014902604122646986,490.4097682436593,3.3182904167772766e-5
鄭淑貞,PERSON,7,8.408408408408409e-4,0.017960409819503344,1207.208225295111,3.45447008428907e-5
鄭煒顯,PERSON,6,7.207207207207207e-4,0.02727569901135341,1720.9932620605616,3.535067873303168e-5
鄭瑞璋,PERSON,1,1.2012012012012012e-4,0.008664365789620142,0,3.400435255712731e-5
鄭福,ORG,4,4.8048048048048047e-4,0.021794898206450707,117.13828721016345,4.291845493562232e-5
鄭福蘭,PERSON,9,0.001081081081081081,0.026047073893215228,3901.5188028844345,3.5775615340583855e-5
鄭福蘭堂,ORG,217,0.026066066066066065,0.1616914183926633,293431.66413090733,4.3733053441791306e-5
鄭繼,PERSON,4,4.8048048048048047e-4,0.0047004501519311475,37.63387724947352,3.225390272222939e-5
鄭萃,PERSON,3,3.6036036036036037e-4,0.001223655600032272,0.2727272727272727,3.163956210846042e-5
鄭裕,PERSON,6,7.207207207207207e-4,0.010288865322749582,1546.9466331943756,3.3679105482958374e-5
鄭誦,PERSON,2,2.4024024024024023e-4,0.008766472903240114,79.54108101827777,3.3018556428712935e-5
鄭通,PERSON,6,7.207207207207207e-4,0.021330531551876954,3421.4347965317056,3.517163759144626e-5
鄭重為,PERSON,4,4.8048048048048047e-4,0.0031395921680092043,40.06555137265292,3.188775510204082e-5
鄭鉅,PERSON,3,3.6036036036036037e-4,0.00714937581288061,64.5461251024404,3.2713949227950796e-5
鄭雲,PERSON,21,0.0025225225225225223,0.020767797386803285,995.1996041779066,3.2968482131082684e-5
鄭章,PERSON,5,6.006006006006006e-4,0.006336648309152615,78.80545529604122,3.244014792707455e-5
鄭頌,PERSON,3,3.6036036036036037e-4,0.015222546176247524,317.8175412682892,3.3795201081446433e-5
鄭鶴,PERSON,1,1.2012012012012012e-4,3.0340169283968094e-4,0,3.168567807351077e-5
鄭鼎,PERSON,5,6.006006006006006e-4,0.010011597431053145,240.65928237132593,3.365643511039311e-5
酉生,PERSON,6,7.207207207207207e-4,0.010892416593343533,366.7125957675009,3.355704697986577e-5
配夏,PERSON,1,1.2012012012012012e-4,7.46966757408105e-4,0,3.1713814537612584e-5
酒襟,PERSON,3,3.6036036036036037e-4,0.0016032386528296414,1.0942282987102634,3.1762164909160206e-5
醫院,ORG,19,0.0022822822822822822,0.03169906114311733,6725.117442505546,4.2973785990545764e-5
采丞,PERSON,11,0.0013213213213213214,0.01522662890396399,543.0098288490186,3.347840642785403e-5
采亮,PERSON,8,9.609609609609609e-4,0.014001032946953072,698.8105776339785,3.408083975189148e-5
里烈,PERSON,8,9.609609609609609e-4,0.006302475436465854,126.23522581003662,3.244225279003374e-5
重光,PERSON,1,1.2012012012012012e-4,3.493230066744232e-4,0,3.166360585143436e-5
重慶中央醫院,ORG,34,0.004084084084084084,0.04735601847607557,11248.145812436207,4.303296324984939e-5
重慶嬰兒保育院,ORG,34,0.004084084084084084,0.047356018476075575,11248.145812436207,4.303296324984939e-5
重慶市總工會,ORG,9,0.001081081081081081,0.022112859452355076,1422.8386396348274,4.2936882782310004e-5
重慶電,ORG,10,0.0012012012012012011,0.03476415527710246,3543.4744882878254,4.294057025077293e-5
野馬,PERSON,4,4.8048048048048047e-4,0.0064226859598684105,55.40107853797565,3.2539372640895484e-5
金九林,PERSON,18,0.002162162162162162,0.05525810870924522,11806.18144598346,3.812719231355803e-5
金仲,PERSON,3,3.6036036036036037e-4,0.003204915009376846,2.4817835973184477,3.197748784855462e-5
金信,PERSON,9,0.001081081081081081,0.00639269952458951,1.2948917180374984,3.1746031746031745e-5
金冬日,PERSON,2,2.4024024024024023e-4,0.003642559981956173,19.558288007323434,3.2264309221139574e-5
金剛公司,ORG,22,0.002642642642642643,0.024444878854262702,6428.943318254794,4.298486932599725e-5
金善揚,PERSON,7,8.408408408408409e-4,0.023688494174609345,929.0681891487944,3.4020548411240386e-5
金城銀行,ORG,33,0.003963963963963964,0.029019856207145606,6703.617318921528,4.302555718096549e-5
金堃,PERSON,2,2.4024024024024023e-4,0.0012619548253933583,2.1683427447535637,3.174401625293632e-5
金大校,ORG,11,0.0013213213213213214,0.024691311897755953,5932.634494670032,4.294425835265825e-5
金奎,PERSON,1,1.2012012012012012e-4,0.007287514023917678,0,3.309723969020984e-5
金妮,PERSON,6,7.207207207207207e-4,0.01743515909946234,1789.719228902623,3.507049168829347e-5
金子明,PERSON,4,4.8048048048048047e-4,0.013869862134917692,64.58532128018153,3.332666799973339e-5
金季,PERSON,2,2.4024024024024023e-4,0.00876647290324011,79.54108101827777,3.3018556428712935e-5
金安,PERSON,1,1.2012012012012012e-4,3.789807969594067e-4,0,3.165959602355474e-5
金安保險公司,ORG,25,0.003003003003003003,0.023024840058231875,11506.274846434253,4.2995958379912286e-5
金安公司,ORG,3,3.6036036036036037e-4,0.017137463435550858,418.42385960113006,4.291477126426916e-5
金宗城,PERSON,10,0.0012012012012012011,0.011396884893760511,698.8433202630086,3.3158697526361164e-5
金宜,PERSON,5,6.006006006006006e-4,0.010802367357820211,93.96841260415628,3.346496218459273e-5
金寳,PERSON,1,1.2012012012012012e-4,0.005957128144685051,0,3.34001336005344e-5
金延,PERSON,3,3.6036036036036037e-4,0.010002217362508326,135.27609714198354,3.316529583443884e-5
金廷,PERSON,4,4.8048048048048047e-4,0.0068196708539140114,445.583010875314,3.2362459546925564e-5
金廷蓀,PERSON,32,0.0038438438438438438,0.060443977423241174,17190.10723052392,3.7855844942459115e-5
金彩,PERSON,13,0.0015615615615615615,0.015921086806759736,3672.8552636268614,3.409478349812479e-5
金彩香,PERSON,2,2.4024024024024023e-4,0.0017468999148220936,4.837797910604474,3.185930929017459e-5
金德,PERSON,6,7.207207207207207e-4,0.022874900499598717,354.44088573884153,3.3763252076440005e-5
金德寰,PERSON,4,4.8048048048048047e-4,0.013869862134917695,64.58532128018153,3.332666799973339e-5
金德福,ORG,12,0.0014414414414414415,0.041995875895364444,1326.3947334638863,4.294794708812919e-5
金恩祺,PERSON,1,1.2012012012012012e-4,0.002787309830760587,0,3.228722717293039e-5
金慧,PERSON,3,3.6036036036036037e-4,0.01555538624526027,422.21281141076645,3.465243606625546e-5
金振玉,PERSON,13,0.0015615615615615615,0.018552487703485887,2545.6950171682984,3.443051921222972e-5
金文,PERSON,12,0.0014414414414414415,0.030539905723628927,3205.12283340869,3.473910928923782e-5
金時,PERSON,8,9.609609609609609e-4,0.021782513054374647,532.5523691977385,3.4489894460922946e-5
金時春,PERSON,8,9.609609609609609e-4,0.021782513054374647,532.5523691977385,3.4489894460922946e-5
金月樓,PERSON,11,0.0013213213213213214,0.022146267976888297,1952.9749498836386,3.452323413657391e-5
金望,PERSON,9,0.001081081081081081,0.020840457562963436,1410.618038237952,3.529827038475115e-5
金杏,PERSON,2,2.4024024024024023e-4,0.0017468999148220932,4.837797910604474,3.185930929017459e-5
金榜樂,PERSON,4,4.8048048048048047e-4,0.006105943930753036,19.69319972914603,3.2127481847972756e-5
金榮,PERSON,26,0.003123123123123123,0.04105223415906817,19606.463651730737,3.731621762818121e-5
金樹,PERSON,5,6.006006006006006e-4,0.019000027015712354,326.847626021409,3.383178834833209e-5
金橋,PERSON,6,7.207207207207207e-4,0.015139896722029573,1306.12215996645,3.4475625732607044e-5
金毓戰,PERSON,7,8.408408408408409e-4,0.008415306994095212,241.12944237297341,3.266479388515058e-5
金波,PERSON,5,6.006006006006006e-4,0.008098027441746706,76.71006892147572,3.2920726889649725e-5
金泰安,PERSON,5,6.006006006006006e-4,0.0030523542350443036,8.251485943736157,3.1861339450710506e-5
金湯,PERSON,18,0.002162162162162162,0.014788737677293384,201.67545512535725,3.249496328069149e-5
金潤,PERSON,13,0.0015615615615615615,0.018153369001032014,2903.844995822302,3.360666756284447e-5
金潤庠,PERSON,144,0.017297297297297298,0.22948041000728642,323483.33628616564,4.6913116907487336e-5
金潤泉,PERSON,18,0.002162162162162162,0.03544855652932868,5056.685413026972,3.591180061768297e-5
金玉,PERSON,1,1.2012012012012012e-4,3.891630781444268e-4,0,3.1695721077654516e-5
金瑛,PERSON,7,8.408408408408409e-4,0.023688494174609335,929.0681891487944,3.4020548411240386e-5
金瑞林,PERSON,2,2.4024024024024023e-4,7.750665576789092e-4,0.7352342292962631,3.171180313312615e-5
金瑞琪,PERSON,1,1.2012012012012012e-4,3.034016928396808e-4,0,3.168567807351077e-5
金瑞麒,PERSON,7,8.408408408408409e-4,0.007076621532584773,53.84965423098826,3.2354083085285365e-5
金程,PERSON,2,2.4024024024024023e-4,0.0057611461790906095,16.827041338636686,3.28709486555782e-5
金管局,ORG,15,0.0018018018018018018,0.02834792737565052,3287.7594589689897,4.2959017097688804e-5
金肇芳,PERSON,3,3.6036036036036037e-4,0.01062973873015886,21.45554897877954,3.4008978370289756e-5
金茂德,PERSON,7,8.408408408408409e-4,0.023688494174609335,929.0681891487944,3.4020548411240386e-5
金荷,PERSON,4,4.8048048048048047e-4,0.011060730322090038,603.7355239679507,3.4059945504087195e-5
金華,PERSON,14,0.0016816816816816818,0.021106251850248725,4317.065482242642,3.521870817778404e-5
金葉,PERSON,2,2.4024024024024023e-4,0.0022777870118303287,3.501056180548725,3.209654641160611e-5
金蓮,PERSON,16,0.0019219219219219219,0.03020898284095236,5698.121914047257,3.575003575003575e-5
金誦,PERSON,3,3.6036036036036037e-4,0.0030674689716283466,0.9487453334324024,3.183091418385536e-5
金鋼,PERSON,4,4.8048048048048047e-4,0.011060730322090033,603.7355239679507,3.4059945504087195e-5
金錢,PERSON,8,9.609609609609609e-4,0.030410999565957823,1211.1368630802024,3.464043231259526e-5
金錢豹,PERSON,6,7.207207207207207e-4,0.02287490049959871,354.44088573884153,3.3763252076440005e-5
金錫章,PERSON,16,0.0019219219219219219,0.02972913063768922,1146.1427101124061,3.434537711224069e-5
金門大飯店,ORG,20,0.0024024024024024023,0.02432474743990708,4534.642111553881,4.2977479800584495e-5
金門影院,ORG,28,0.0033633633633633636,0.03263066576114711,9143.829230940144,4.30070531567177e-5
金陵,ORG,41,0.004924924924924925,0.023706089088029705,233807.9911505905,4.30551967622492e-5
金雪,PERSON,3,3.6036036036036037e-4,0.01062973873015886,21.45554897877954,3.4008978370289756e-5
金章,PERSON,7,8.408408408408409e-4,0.015154100019939788,454.7070059528673,3.340236488743403e-5
金鳳公司,ORG,5,6.006006006006006e-4,0.01945968248055737,2627.471841892127,4.292213923941969e-5
金鴻,PERSON,10,0.0012012012012012011,0.028643137980071773,2490.7740062634007,3.5783296357260434e-5
金鷄,PERSON,14,0.0016816816816816818,0.023773234714039825,1267.7335360883271,3.3779219024456154e-5
金鼎,PERSON,3,3.6036036036036037e-4,0.008689061501470238,45.817151624209004,3.345600535296086e-5
金龍章,PERSON,11,0.0013213213213213214,0.017932333029774695,590.014065551399,3.2994588887422464e-5
釗任,PERSON,4,4.8048048048048047e-4,0.007352731978671453,59.746961717430565,3.236874474007898e-5
釗啓,PERSON,7,8.408408408408409e-4,0.009250912160524385,20.94006638093603,3.2268473701193935e-5
釗潘,PERSON,4,4.8048048048048047e-4,0.002599769415730886,0.15789473684210525,3.1695721077654516e-5
釗競選,PERSON,2,2.4024024024024023e-4,0.0014125392031875152,2.7298770435449624,3.178437480134766e-5
釗適,PERSON,3,3.6036036036036037e-4,9.184997859611564e-4,1,3.162355322244007e-5
鈔徐,PERSON,4,4.8048048048048047e-4,0.006422685959868413,55.40107853797565,3.2539372640895484e-5
鈕永,PERSON,23,0.002762762762762763,0.046860582283770366,9989.586745192108,3.7163668797383674e-5
鈕永建,PERSON,47,0.005645645645645646,0.07870237299282205,33173.540587632204,3.934219844204894e-5
鈞仁,PERSON,1,1.2012012012012012e-4,3.323539038810938e-4,0,3.1671628555140305e-5
鈞俞,PERSON,2,2.4024024024024023e-4,0.004658251992983912,2.8611597954819303,3.222687721559781e-5
鈞爲,PERSON,2,2.4024024024024023e-4,0.0068197228149820925,39.53145604216699,3.3471682956219036e-5
鈞蔣,PERSON,8,9.609609609609609e-4,0.012223290480536135,33.418706651519976,3.2851511169513796e-5
鈞鑒,PERSON,5,6.006006006006006e-4,0.012998718461465211,183.31460662748728,3.415533847940433e-5
鈞顧,PERSON,17,0.002042042042042042,0.013513809307985559,26.71664589579696,3.181673560292714e-5
鈺如,PERSON,6,7.207207207207207e-4,0.002298458565519757,1.6813576810374764,3.1729914963827895e-5
鈺菊,PERSON,2,2.4024024024024023e-4,0.01151925271728922,166.19785782117216,3.3763252076440005e-5
鉅龍,PERSON,6,7.207207207207207e-4,0.016084135890712184,946.8420505518003,3.433830094086945e-5
銀河奶府上海,PERSON,4,4.8048048048048047e-4,0.009664216075091252,273.60239175783624,3.3660966742964855e-5
銀浪,PERSON,2,2.4024024024024023e-4,0.006434083937892962,16.62449614338071,3.340236488743403e-5
銀行,ORG,4,4.8048048048048047e-4,0.017530167164427367,470.20563358320015,4.291845493562232e-5
銀行公會,ORG,56,0.006726726726726727,0.0869607817470946,19484.233355686185,4.3122035360069e-5
銀錢業同業公會,ORG,9,0.001081081081081081,0.03228859994886706,911.2318436347515,4.2936882782310004e-5
銓謝啓,PERSON,1,1.2012012012012012e-4,0.0059571281446850486,0,3.34001336005344e-5
銘勳,PERSON,1,1.2012012012012012e-4,8.415068085950114e-4,0,3.176821907363873e-5
銘報,ORG,27,0.003243243243243243,0.05889417754999214,8177.207103621984,4.300335426163241e-5
銘少,PERSON,2,2.4024024024024023e-4,6.734270445297529e-4,0.1,3.163555836760519e-5
銘爲,PERSON,2,2.4024024024024023e-4,0.01151925271728922,166.19785782117216,3.3763252076440005e-5
銘禮,PERSON,9,0.001081081081081081,0.021824502529691037,1256.6181197464418,3.506803198204517e-5
銜雲,PERSON,4,4.8048048048048047e-4,0.01055598133017933,318.08474722567826,3.371544167228591e-5
銳與,PERSON,2,2.4024024024024023e-4,0.005799792210387894,34.377279673523134,3.26477309826967e-5
銳遠,PERSON,1,1.2012012012012012e-4,2.9350866598492156e-4,0,3.162555344718533e-5
鋼筆公司,ORG,16,0.0019219219219219219,0.035379877698972446,5856.178794351625,4.296270836913559e-5
錕龐,PERSON,9,0.001081081081081081,0.006392699524589512,1.2948917180374984,3.1746031746031745e-5
錢乃,PERSON,7,8.408408408408409e-4,0.011187774136498142,205.30922357438467,3.297283038776049e-5
錢偉,PERSON,5,6.006006006006006e-4,0.010802367357820216,93.96841260415628,3.346496218459273e-5
錢劍秋,PERSON,2,2.4024024024024023e-4,0.0011226778838420248,1.900025780466493,3.171180313312615e-5
錢善珠,PERSON,7,8.408408408408409e-4,0.021029308388823522,997.1563241841075,3.433830094086945e-5
錢團,PERSON,1,1.2012012012012012e-4,7.73278058562303e-4,0,3.171180313312615e-5
錢大,PERSON,39,0.0046846846846846845,0.07707253168619879,25964.391878458267,3.86010962711341e-5
錢天,PERSON,2,2.4024024024024023e-4,0.009592995499271846,16.10224503881566,3.400666530640005e-5
錢妙,PERSON,4,4.8048048048048047e-4,0.010555981330179336,318.08474722567826,3.371544167228591e-5
錢市,PERSON,38,0.0045645645645645645,0.0819668183057055,26707.765802098063,3.873866893933525e-5
錢旭滄,PERSON,2,2.4024024024024023e-4,9.188256686464863e-4,1.5039057813604082,3.173394262503174e-5
錢明康,PERSON,6,7.207207207207207e-4,0.0023381711592200174,61.60383863078567,3.179852454846095e-5
錢業同業公會,ORG,33,0.003963963963963964,0.05374179532284316,7296.002187683136,4.3036667240488894e-5
錢毓,PERSON,1,1.2012012012012012e-4,0.008664365789620137,0,3.400435255712731e-5
錢永銘,PERSON,26,0.003123123123123123,0.05076603814453038,13754.833083552321,3.7422348626599806e-5
錢祖蔭,PERSON,3,3.6036036036036037e-4,0.01062973873015886,21.45554897877954,3.4008978370289756e-5
錢福,PERSON,7,8.408408408408409e-4,0.023688494174609345,929.0681891487944,3.4020548411240386e-5
錢程,PERSON,6,7.207207207207207e-4,0.010892416593343527,366.7125957675009,3.355704697986577e-5
錢紉,PERSON,5,6.006006006006006e-4,0.009648216995931512,344.5150585139114,3.322921512593873e-5
錢長,PERSON,6,7.207207207207207e-4,0.014411723880959878,250.80825175331708,3.381348481774532e-5
錦弟,PERSON,2,2.4024024024024023e-4,0.006967976565524212,24.082354120731317,3.269042170644001e-5
錦昌,PERSON,5,6.006006006006006e-4,0.006604500402039296,45.62477476780193,3.23185314459311e-5
錦榮,PERSON,10,0.0012012012012012011,0.013680213548507191,684.4692919702788,3.320714617785747e-5
錦湖,PERSON,7,8.408408408408409e-4,0.005901204383500436,36.199420026929104,3.217917363882096e-5
錦秋,PERSON,8,9.609609609609609e-4,0.013607640583828474,865.4911893050856,3.3783783783783784e-5
錦華,PERSON,9,0.001081081081081081,0.02084045756296344,1410.618038237952,3.529827038475115e-5
錦香,PERSON,4,4.8048048048048047e-4,0.012262490915419111,482.0682132597925,3.427239701144698e-5
錫厚,PERSON,6,7.207207207207207e-4,0.009251347740305898,347.6859105541581,3.357281944537702e-5
錫宏,PERSON,1,1.2012012012012012e-4,3.572911334009593e-4,0,3.170577045022194e-5
錫志,PERSON,10,0.0012012012012012011,0.012211951849870896,191.03031928419833,3.2404406999351915e-5
錫榮,PERSON,1,1.2012012012012012e-4,0.005957128144685052,0,3.34001336005344e-5
錫潮,PERSON,5,6.006006006006006e-4,0.006775852160037822,45.03960850031755,3.2404406999351915e-5
錫生,PERSON,1,1.2012012012012012e-4,3.3235390388109364e-4,0,3.1671628555140305e-5
錫菁,PERSON,9,0.001081081081081081,0.021824502529691033,1256.6181197464418,3.506803198204517e-5
錫隆,PERSON,3,3.6036036036036037e-4,0.0029844514940606122,47.949843227077366,3.204511952829584e-5
錫鵬,PERSON,4,4.8048048048048047e-4,0.010414963878348053,244.49920581835897,3.34941050375134e-5
錫齡,PERSON,3,3.6036036036036037e-4,0.008984615214494437,116.28256708398199,3.354128932716174e-5
鍵爲長,PERSON,3,3.6036036036036037e-4,0.013922992504560396,312.97427616471094,3.4169343265222444e-5
鍾其舫,PERSON,3,3.6036036036036037e-4,0.005064984341726626,52.756094829240666,3.227263925643839e-5
鍾南,PERSON,1,1.2012012012012012e-4,0.007287514023917678,0,3.309723969020984e-5
鍾可託,PERSON,9,0.001081081081081081,0.017436937745954822,122.44182752488796,3.404371212637026e-5
鍾天,PERSON,4,4.8048048048048047e-4,0.008041761717504078,339.8107648869465,3.271180896303566e-5
鍾天心,PERSON,4,4.8048048048048047e-4,0.007129144551065533,188.6986298217545,3.2716089772950334e-5
鍾宅,PERSON,3,3.6036036036036037e-4,0.005064984341726626,52.756094829240666,3.227263925643839e-5
鍾浩,PERSON,2,2.4024024024024023e-4,0.001412539203187515,2.7298770435449624,3.178437480134766e-5
鍾玉良,PERSON,7,8.408408408408409e-4,0.023872079497426046,1110.9653038090846,3.465003465003465e-5
鏞爲,PERSON,6,7.207207207207207e-4,0.010413158600293225,485.3035219474548,3.363832077502691e-5
鏞聲,PERSON,6,7.207207207207207e-4,0.0022984585655197575,1.6813576810374764,3.1729914963827895e-5
鏡淸,PERSON,6,7.207207207207207e-4,0.005418347936242186,0.49999999999999994,3.168367023636018e-5
鐘瑞,PERSON,5,6.006006006006006e-4,0.0074521347958710705,51.27465028605978,3.228931223764934e-5
鐵伏尼,PERSON,5,6.006006006006006e-4,0.005233187525283748,223.05625409020251,3.241070849808777e-5
鐵吾,PERSON,17,0.002042042042042042,0.03615187579284838,2483.604949537873,3.4525618008562354e-5
鐵城,PERSON,4,4.8048048048048047e-4,0.008917229804101241,161.05134485503967,3.2804093950925076e-5
鐵珊,PERSON,4,4.8048048048048047e-4,0.006422685959868413,55.40107853797565,3.2539372640895484e-5
鐵馬,PERSON,1,1.2012012012012012e-4,3.5433331800824606e-4,0,3.167965532535006e-5
鑑爲,PERSON,2,2.4024024024024023e-4,0.0014360969314312134,0.5752070517687443,3.174804749507905e-5
鑒亮,PERSON,5,6.006006006006006e-4,0.016813514994719458,491.9463947325982,3.4267699266671235e-5
鑒張,PERSON,5,6.006006006006006e-4,0.006604500402039294,45.62477476780193,3.23185314459311e-5
鑒東南校,ORG,3,3.6036036036036037e-4,0.017475266720024616,252.49456408984966,4.291477126426916e-5
鑒核,PERSON,6,7.207207207207207e-4,0.009230969562999163,239.1377818693228,3.274608684262231e-5
鑒汝,PERSON,5,6.006006006006006e-4,0.00260891360013031,6.733121545357587,3.182483610209407e-5
鑒津,PERSON,6,7.207207207207207e-4,0.012176088278678393,382.2442872706947,3.402517863218782e-5
鑒諒,PERSON,1,1.2012012012012012e-4,4.5690716016227363e-4,0,3.1647572631179186e-5
鑫兩,PERSON,5,6.006006006006006e-4,0.015672022999304338,1737.1969415396725,3.464523281596452e-5
鑫家,PERSON,7,8.408408408408409e-4,0.015154100019939777,454.7070059528673,3.340236488743403e-5
鑫華商行,ORG,5,6.006006006006006e-4,0.02321634541476972,166.56596976549406,4.292213923941969e-5
長于,PERSON,10,0.0012012012012012011,0.012021150548892492,1174.8113885170571,3.323142363418849e-5
長仁,PERSON,1,1.2012012012012012e-4,0.001223119251364339,0,3.1739986034406146e-5
長何,PERSON,18,0.002162162162162162,0.0399052505619478,4475.2393791842715,3.5513885929398395e-5
長傳,PERSON,5,6.006006006006006e-4,0.005741380585764299,67.05612075524249,3.224974200206398e-5
長元,PERSON,6,7.207207207207207e-4,0.014411723880959886,250.80825175331708,3.381348481774532e-5
長劉,PERSON,60,0.007207207207207207,0.08686478793811947,46975.31668553171,3.966994604887337e-5
長吳,PERSON,33,0.003963963963963964,0.05852695071947311,25858.41208947084,3.845858010922237e-5
長嚴,PERSON,4,4.8048048048048047e-4,0.008674383372766988,75.85545599489328,3.277828766225252e-5
長國,PERSON,29,0.0034834834834834836,0.05801713647955116,12620.992966978285,3.700962250185048e-5
長國楨,PERSON,6,7.207207207207207e-4,0.004437988469614069,102.94635602988035,3.196317841846193e-5
長國楨夫,PERSON,2,2.4024024024024023e-4,7.481749088551248e-4,0.125,3.163756011136421e-5
長壽,PERSON,20,0.0024024024024024023,0.03047765440820165,4208.296078640795,3.5526502771067216e-5
長大,PERSON,2,2.4024024024024023e-4,0.0013359026660494254,0.4162703256742152,3.1709791983764585e-5
長大鈞,PERSON,2,2.4024024024024023e-4,0.00132964351220471,0.8192992485995741,3.171783811215428e-5
長子,PERSON,7,8.408408408408409e-4,0.005151357536331921,79.95900768741475,3.210685160213189e-5
長孔,PERSON,5,6.006006006006006e-4,0.007785727202895043,53.53623823156518,3.246753246753247e-5
長孫,PERSON,19,0.0022822822822822822,0.028835322781933695,4558.15509193969,3.536568114301882e-5
長孫科,PERSON,5,6.006006006006006e-4,0.005741380585764299,67.05612075524249,3.224974200206398e-5
長宣,PERSON,2,2.4024024024024023e-4,0.004413325997203086,24.289490232376544,3.234152652005175e-5
長家,PERSON,8,9.609609609609609e-4,0.013607640583828474,865.4911893050856,3.3783783783783784e-5
長容,PERSON,7,8.408408408408409e-4,0.013171495005520022,500.6108901864138,3.314990386527879e-5
長龐,PERSON,17,0.002042042042042042,0.03649375953912229,5021.221849865095,3.6621987841500034e-5
長張,PERSON,16,0.0019219219219219219,0.011807231978394277,1421.7218841717263,3.243173120581177e-5
長張羣,PERSON,1,1.2012012012012012e-4,5.134796624715705e-4,0,3.168969451134491e-5
長徐,PERSON,21,0.0025225225225225223,0.02680137644399932,2065.4647039412625,3.363832077502691e-5
長德奎,PERSON,19,0.0022822822822822822,0.03686220919885068,8952.891977496436,3.6132389073565546e-5
長戴,PERSON,9,0.001081081081081081,0.021824502529691033,1256.6181197464418,3.506803198204517e-5
長方,PERSON,6,7.207207207207207e-4,0.003371719730179139,28.478568813996905,3.188368830506313e-5
長春帆,PERSON,3,3.6036036036036037e-4,0.00276741319283529,1.8662938674195404,3.1750063500127e-5
長曹,PERSON,7,8.408408408408409e-4,0.013870536774883835,1551.5641702732419,3.37609723160027e-5
長月,PERSON,7,8.408408408408409e-4,0.011111469173580907,933.2271883101185,3.320714617785747e-5
長杜月,PERSON,8,9.609609609609609e-4,0.012198914073524114,413.67995784217646,3.286230693394676e-5
長杜月笙,PERSON,2,2.4024024024024023e-4,0.0017468999148220934,4.837797910604474,3.185930929017459e-5
長杭,PERSON,1,1.2012012012012012e-4,0.002223281130923913,0,3.1776294884016526e-5
長板,ORG,56,0.006726726726726727,0.07769389330411214,14787.590416743471,4.312575470070726e-5
長柏,PERSON,3,3.6036036036036037e-4,0.004047783743359781,12.33641349067866,3.198157861072023e-5
長桑,PERSON,9,0.001081081081081081,0.02182450252969104,1256.6181197464418,3.506803198204517e-5
長楊,PERSON,16,0.0019219219219219219,0.025411928057812724,4223.01347570055,3.476084538375973e-5
長榮,PERSON,2,2.4024024024024023e-4,0.005761146179090611,16.827041338636686,3.28709486555782e-5
長歐,PERSON,16,0.0019219219219219219,0.026257545667820993,4226.6412284070575,3.5473572188719404e-5
長正綱,PERSON,5,6.006006006006006e-4,0.01253413182171331,560.1907750004293,3.4255960537133464e-5
長毛,PERSON,8,9.609609609609609e-4,0.010964947868916537,801.6398186571895,3.321817698644698e-5
長毛森,PERSON,2,2.4024024024024023e-4,0.0033864248276347674,9.047984526590414,3.2160545442850713e-5
長水,PERSON,13,0.0015615615615615615,0.012838989383352496,712.7970762170243,3.28558286239979e-5
長洪,PERSON,5,6.006006006006006e-4,0.012300541193937805,468.37489767512307,3.322038402763936e-5
長浦,PERSON,9,0.001081081081081081,0.021824502529691033,1256.6181197464418,3.506803198204517e-5
長潘,PERSON,48,0.005765765765765766,0.07337999984357685,28713.097511361117,3.864286266326609e-5
長熊,PERSON,13,0.0015615615615615615,0.01875153470840156,1492.2465937039783,3.461405330564209e-5
長熙,PERSON,3,3.6036036036036037e-4,0.006240194932663954,7.5554906989913135,3.226014581585909e-5
長熙謀,PERSON,3,3.6036036036036037e-4,0.015656449314278988,327.48891143417774,3.3767812521104886e-5
長王,PERSON,3,3.6036036036036037e-4,0.006571215423757702,25.713226424077614,3.266906239790918e-5
長畢,PERSON,10,0.0012012012012012011,0.025072221027398266,2355.135370929851,3.504345388281469e-5
長皮,PERSON,1,1.2012012012012012e-4,4.6607430436930295e-4,0,3.164356686285678e-5
長萬,PERSON,3,3.6036036036036037e-4,0.00276741319283529,1.8662938674195404,3.1750063500127e-5
長程,PERSON,16,0.0019219219219219219,0.018441956917772902,1153.26618588118,3.335779571685903e-5
長立夫,PERSON,4,4.8048048048048047e-4,0.003758693673336175,52.617579980371175,3.200204813108039e-5
長羅,PERSON,18,0.002162162162162162,0.016346276212129068,3054.4133415817732,3.297717979158422e-5
長耀,PERSON,6,7.207207207207207e-4,0.005777647691192492,274.21185775289007,3.2530904359141185e-5
長胡,PERSON,6,7.207207207207207e-4,0.008299859016097776,98.08898999903656,3.247807729782397e-5
長興煤礦,ORG,1,1.2012012012012012e-4,0.01641616534466388,0,4.290740581824423e-5
長興煤礦復興公司,ORG,1,1.2012012012012012e-4,0.016416165344663877,0,4.290740581824423e-5
長興煤礦股份有限公司,ORG,1,1.2012012012012012e-4,0.016416165344663877,0,4.290740581824423e-5
長范,PERSON,4,4.8048048048048047e-4,0.004036434302380932,57.316832214928546,3.2312265736073417e-5
長莊,PERSON,9,0.001081081081081081,0.008340564409499334,222.70963661145313,3.2511866831393456e-5
長葉,PERSON,3,3.6036036036036037e-4,0.015275997019294137,420.14624893103274,3.45972875726543e-5
長蔡,PERSON,5,6.006006006006006e-4,0.014966642918712997,545.9883301305605,3.38684549210865e-5
長蔣,PERSON,1,1.2012012012012012e-4,0.001267405811977981,0,3.181876034109711e-5
長蕭,PERSON,2,2.4024024024024023e-4,0.011924269111607284,432.687508239035,3.44044588178628e-5
長薛,PERSON,2,2.4024024024024023e-4,0.003078120005865093,26.08781946703058,3.228931223764934e-5
長褚,PERSON,6,7.207207207207207e-4,0.00488883825550824,617.743916189655,3.245278120334913e-5
長谷,PERSON,13,0.0015615615615615615,0.030327208055275202,3187.7919832553052,3.493083694285315e-5
長趙,PERSON,12,0.0014414414414414415,0.017975760258130538,1073.0953781258986,3.3333333333333335e-5
長邵,PERSON,4,4.8048048048048047e-4,0.003609951638759806,39.65668346656179,3.207184092366902e-5
長鄧,PERSON,5,6.006006006006006e-4,0.002371430046863046,11.810714078938775,3.1719850282306667e-5
長鄭,PERSON,5,6.006006006006006e-4,0.010711520468386363,308.7422521491845,3.325131342688036e-5
長錢,PERSON,21,0.0025225225225225223,0.034508767152791164,5467.264087768599,3.476084538375973e-5
長錦堂,PERSON,4,4.8048048048048047e-4,0.007347220778178681,123.83525735212622,3.2575412078962796e-5
長鍾,PERSON,9,0.001081081081081081,0.01743693774595482,122.44182752488796,3.404371212637026e-5
長鐵,PERSON,3,3.6036036036036037e-4,0.008042392983777388,158.98413549945283,3.355254328278084e-5
長陳,PERSON,22,0.002642642642642643,0.03093267444217736,8680.052644381378,3.5986756873470565e-5
長陳立,PERSON,4,4.8048048048048047e-4,0.011639092416129277,401.10307059525803,3.325131342688036e-5
長陳立夫,PERSON,4,4.8048048048048047e-4,0.01163909241612927,401.10307059525803,3.325131342688036e-5
長陳良,PERSON,6,7.207207207207207e-4,0.013439770130647958,577.3724474875783,3.370635027639207e-5
長陳鐵夫,PERSON,11,0.0013213213213213214,0.009854451837376063,268.9121129298632,3.254572674607824e-5
長陶,PERSON,3,3.6036036036036037e-4,0.006088656187774818,96.9743569342842,3.247807729782397e-5
長陸,PERSON,8,9.609609609609609e-4,0.0065768302192238904,894.7039303167704,3.257116800208455e-5
長章,PERSON,6,7.207207207207207e-4,0.005418347936242186,0.49999999999999994,3.168367023636018e-5
長項,PERSON,6,7.207207207207207e-4,0.004108000693332817,102.25587530872491,3.195500734965169e-5
長顧,PERSON,2,2.4024024024024023e-4,0.0050437051537294275,4.557339455092895,3.2258064516129034e-5
長馬,PERSON,5,6.006006006006006e-4,0.009942270631260118,545.2869863406648,3.405762550234998e-5
長駱,PERSON,8,9.609609609609609e-4,0.014981951625724885,1325.5871938908674,3.457097421005324e-5
長魏,PERSON,9,0.001081081081081081,0.01186058066997272,959.9728558866593,3.316089667064597e-5
長鴻兩,PERSON,4,4.8048048048048047e-4,0.010414963878348055,244.49920581835897,3.34941050375134e-5
門總,PERSON,3,3.6036036036036037e-4,0.0016685784743146028,35.933164368176584,3.1681662653656065e-5
開元,PERSON,1,1.2012012012012012e-4,0.00094799162986220235,0,3.169170311212524e-5
開先,PERSON,38,0.0045645645645645645,0.07023052781398624,29704.773012606558,3.881384878124515e-5
開利公司,ORG,16,0.0019219219219219219,0.033966086191321986,4503.002649751963,4.2973785990545764e-5
開利綢緞,ORG,22,0.002642642642642643,0.02444487885426268,6428.943318254794,4.298486932599725e-5
開富,PERSON,8,9.609609609609609e-4,0.00630247543646585,126.23522581003662,3.244225279003374e-5
開明商行,ORG,1,1.2012012012012012e-4,0.016416165344663877,0,4.290740581824423e-5
開民,ORG,40,0.004804804804804805,0.05026020370123928,13572.87677061149,4.30551967622492e-5
開源,PERSON,4,4.8048048048048047e-4,0.011639092416129272,401.10307059525803,3.325131342688036e-5
開源銀行,ORG,13,0.0015615615615615615,0.021445245835629914,6658.844920643753,4.2951636457349025e-5
開羅埃陸軍司令部,ORG,5,6.006006006006006e-4,0.020265574138679722,8532.523532012261,4.292213923941969e-5
閏韓,PERSON,6,7.207207207207207e-4,0.016084135890712184,946.8420505518003,3.433830094086945e-5
間幽,PERSON,8,9.609609609609609e-4,0.00630247543646585,126.23522581003662,3.244225279003374e-5
閘北分局,ORG,16,0.0019219219219219219,0.01771648405728777,15946.336360404219,4.296270836913559e-5
閘警局,ORG,15,0.0018018018018018018,0.019909712295621516,4943.880035831077,4.2959017097688804e-5
閩江平水下游三公司海運聯營處,ORG,53,0.006366366366366366,0.05887254046433138,17544.519329210612,4.3107164410725064e-5
閻肅,PERSON,4,4.8048048048048047e-4,0.013072934319430273,463.4901399701762,3.411339291805963e-5
闌友,PERSON,4,4.8048048048048047e-4,0.013386311214997887,771.5181642440666,3.44542447629548e-5
闌爲,PERSON,3,3.6036036036036037e-4,0.0033691560134623253,7.39018334825761,3.191421459117891e-5
闌葉,PERSON,1,1.2012012012012012e-4,6.579306877011926e-4,0,3.1750063500127e-5
關俱樂部,ORG,58,0.006966966966966967,0.033720325629796016,37177.98825789037,4.3118316660917556e-5
關勒銘,PERSON,5,6.006006006006006e-4,0.0022600208601588167,2.678688658930617,3.17017499365965e-5
關秀,PERSON,2,2.4024024024024023e-4,0.006434083937892956,16.62449614338071,3.340236488743403e-5
關章,PERSON,2,2.4024024024024023e-4,0.003945294292847336,32.99948645428036,3.216882197773918e-5
阜平共軍實業公司,ORG,11,0.0013213213213213214,0.02228557805496232,4194.137575965185,4.294794708812919e-5
阮光銘,PERSON,2,2.4024024024024023e-4,0.0024351374211466718,2.0304168970839447,3.209654641160611e-5
阮叔穎,PERSON,6,7.207207207207207e-4,0.002234047023782147,6.391664780934227,3.168969451134491e-5
阮毅,PERSON,6,7.207207207207207e-4,0.01346479276583452,649.822896064556,3.41740140796938e-5
阮達祖,PERSON,2,2.4024024024024023e-4,0.008766472903240114,79.54108101827777,3.3018556428712935e-5
阮鴻,PERSON,8,9.609609609609609e-4,0.021782513054374647,532.5523691977385,3.4489894460922946e-5
防會,ORG,27,0.003243243243243243,0.02760846903250214,12794.468904181542,4.300335426163241e-5
阿五二,PERSON,6,7.207207207207207e-4,0.012176088278678386,382.2442872706947,3.402517863218782e-5
阿凱第總,ORG,46,0.005525525525525526,0.033100357391611664,16865.577494335656,4.3073742246726395e-5
阿刺伯,PERSON,11,0.0013213213213213214,0.0168517435886758,937.9485432785402,3.381348481774532e-5
阿古連,PERSON,18,0.002162162162162162,0.01478873767729339,201.67545512535725,3.249496328069149e-5
阿妹,PERSON,4,4.8048048048048047e-4,0.010900009319166756,425.214662870842,3.3852403520649966e-5
附屬師範續招社師科一年,ORG,5,6.006006006006006e-4,0.021225163148515216,310.3248313017177,4.292582417582418e-5
陔南,PERSON,8,9.609609609609609e-4,0.01222329048053613,33.418706651519976,3.2851511169513796e-5
除潘,PERSON,2,2.4024024024024023e-4,9.188256686464867e-4,1.5039057813604082,3.173394262503174e-5
除谷,PERSON,2,2.4024024024024023e-4,0.010194021556976714,181.42887022500375,3.4111065629690273e-05
陰炳,PERSON,1,1.2012012012012012e-4,0.0010396489255900597,0,3.173394262503174e-5
陰田,PERSON,2,2.4024024024024023e-4,6.35903222964764e-4,0.06666666666666667,3.1645569620253167e-5
陳乃乾,PERSON,16,0.0019219219219219219,0.029729130637689245,1146.1427101124061,3.434537711224069e-5
陳亮,PERSON,5,6.006006006006006e-4,0.004793973230476347,315.9668289906525,3.232270993600103e-5
陳令,PERSON,3,3.6036036036036037e-4,0.0035623763884394936,541.4009086404361,3.238341968911917e-5
陳以德,PERSON,1,1.2012012012012012e-4,0.0012231192513643392,0,3.1739986034406146e-5
陳仲明,PERSON,1,1.2012012012012012e-4,9.479916298622018e-4,0,3.169170311212524e-5
陳伯,PERSON,3,3.6036036036036037e-4,0.0030674689716283458,0.9487453334324024,3.183091418385536e-5
陳伯民,PERSON,3,3.6036036036036037e-4,0.010629738730158862,21.45554897877954,3.4008978370289756e-5
陳伯良,PERSON,14,0.0016816816816816818,0.040342350920055114,6939.3293495669195,3.709749220952664e-5
陳伯莊,PERSON,9,0.001081081081081081,0.026984613233165342,1252.599234755822,3.462843687235958e-5
陳佑,PERSON,7,8.408408408408409e-4,0.015154100019939784,454.7070059528673,3.340236488743403e-5
陳佩芳,PERSON,7,8.408408408408409e-4,0.015154100019939783,454.7070059528673,3.340236488743403e-5
陳保泰,PERSON,7,8.408408408408409e-4,0.013296919825270844,863.7844416336,3.2946758039008963e-5
陳信昌,PERSON,1,1.2012012012012012e-4,3.572911334009595e-4,0,3.170577045022194e-5
陳光,PERSON,1,1.2012012012012012e-4,2.744339143181683e-4,0,3.162755392497944e-5
陳光甫,PERSON,32,0.0038438438438438438,0.052294305419445734,11269.608218291645,3.5755148741418764e-5
陳克,PERSON,1,1.2012012012012012e-4,0.008664365789620137,0,3.400435255712731e-5
陳克昌二,PERSON,2,2.4024024024024023e-4,0.0017258083018153816,1.5277695033446725,3.174200101574403e-5
陳其美,PERSON,1,1.2012012012012012e-4,3.314225867612905e-4,0,3.161955353190413e-5
陳勤士,PERSON,7,8.408408408408409e-4,0.020271847101879254,2517.7794432667924,3.524850193866761e-5
陳友,PERSON,3,3.6036036036036037e-4,0.012049056922188871,12.27847436442589,3.4008978370289756e-5
陳啓,PERSON,1,1.2012012012012012e-4,0.001023877397241395,0,3.176620076238882e-5
陳啓天,PERSON,32,0.0038438438438438438,0.04926707728188423,14881.103414875335,3.6875875802050296e-5
陳嘉庚,PERSON,7,8.408408408408409e-4,0.002908080870196124,322.8590488717097,3.186336986999745e-5
陳嚴松,PERSON,1,1.2012012012012012e-4,9.479916298622015e-4,0,3.169170311212524e-5
陳國,PERSON,7,8.408408408408409e-4,0.004164526701161024,373.25847540766927,3.1788416301099876e-5
陳國廉,PERSON,7,8.408408408408409e-4,0.014902604122646983,490.4097682436593,3.3182904167772766e-5
陳培德,PERSON,19,0.0022822822822822822,0.04542007761716768,5124.921507509188,3.6597862684819206e-5
陳夔,PERSON,1,1.2012012012012012e-4,7.73278058562303e-4,0,3.171180313312615e-5
陳夢,PERSON,5,6.006006006006006e-4,0.01900002701571235,326.847626021409,3.383178834833209e-5
陳夢祥,PERSON,4,4.8048048048048047e-4,0.013869862134917687,64.58532128018153,3.332666799973339e-5
陳大,PERSON,10,0.0012012012012012011,0.017668917898759066,608.472326959083,3.2994588887422464e-5
陳大慶,PERSON,13,0.0015615615615615615,0.02337693551031156,2197.7186329458495,3.456858407079646e-5
陳大慶特,PERSON,4,4.8048048048048047e-4,0.008593025661254838,589.7083542804517,3.3027280533720854e-5
陳奮克,PERSON,21,0.0025225225225225223,0.06603159570077131,11549.281254658277,3.8156288156288156e-5
陳娟娟,PERSON,11,0.0013213213213213214,0.007906199492626859,493.3893141111711,3.231435403606282e-5
陳子,PERSON,18,0.002162162162162162,0.0373867316211164,8248.96584945245,3.5770496494491345e-5
陳存,PERSON,2,2.4024024024024023e-4,0.004658251992983912,2.8611597954819303,3.222687721559781e-5
陳存仁,PERSON,16,0.0019219219219219219,0.04117786274818653,4586.655912428039,3.626341746446185e-5
陳孝威,PERSON,5,6.006006006006006e-4,0.012998718461465206,183.31460662748728,3.415533847940433e-5
陳學,PERSON,5,6.006006006006006e-4,0.004793973230476346,315.9668289906525,3.232270993600103e-5
陳守,PERSON,8,9.609609609609609e-4,0.004733595986666431,1820.8598569381782,3.22102686336404e-5
陳宗,PERSON,4,4.8048048048048047e-4,0.0016905082041047228,100.40618468937089,3.1713814537612584e-5
陳定,PERSON,10,0.0012012012012012011,0.01599255803378117,1029.859879762347,3.374046831770025e-5
陳家康,PERSON,4,4.8048048048048047e-4,0.010085878720192403,195.67242653811266,3.403212632725293e-5
陳寮,PERSON,1,1.2012012012012012e-4,0.002787309830760587,0,3.228722717293039e-5
陳寳,PERSON,1,1.2012012012012012e-4,0.0013881408023677958,0,3.174200101574403e-5
陳寶,PERSON,1,1.2012012012012012e-4,0.001223119251364339,0,3.1739986034406146e-5
陳少,PERSON,3,3.6036036036036037e-4,0.0027674131928352905,1.8662938674195404,3.1750063500127e-5
陳己,PERSON,7,8.408408408408409e-4,0.007076621532584773,53.84965423098826,3.2354083085285365e-5
陳市,PERSON,9,0.001081081081081081,0.013474040246638074,1381.4046375488226,3.353903944191038e-5
陳布,PERSON,1,1.2012012012012012e-4,9.36362783187345e-4,0,3.177831447820008e-5
陳幽,PERSON,3,3.6036036036036037e-4,0.01522254617624752,317.8175412682892,3.3795201081446433e-5
陳庭,PERSON,6,7.207207207207207e-4,0.012176088278678387,382.2442872706947,3.402517863218782e-5
陳庭芳,PERSON,6,7.207207207207207e-4,0.004437988469614071,102.94635602988035,3.196317841846193e-5
陳康,PERSON,1,1.2012012012012012e-4,0.008664365789620137,0,3.400435255712731e-5
陳廷,PERSON,7,8.408408408408409e-4,0.007978157956979218,386.0099451616154,3.252878797735996e-5
陳建,PERSON,2,2.4024024024024023e-4,0.001206503550263607,11.984054054506608,3.178033432911714e-5
陳建廷,PERSON,15,0.0018018018018018018,0.017263915650645032,4158.726751520638,3.471498993265292e-5
陳式,PERSON,1,1.2012012012012012e-4,0.00866436578962014,0,3.400435255712731e-5
陳德,PERSON,15,0.0018018018018018018,0.03990984326656692,8490.647735315832,3.714434291657381e-5
陳德明,PERSON,16,0.0019219219219219219,0.02972913063768924,1146.1427101124061,3.434537711224069e-5
陳心,PERSON,2,2.4024024024024023e-4,0.006235020022145421,75.82813921485136,3.340236488743403e-5
陳志,PERSON,2,2.4024024024024023e-4,0.008766472903240112,79.54108101827777,3.3018556428712935e-5
陳志競,PERSON,2,2.4024024024024023e-4,9.249261666103472e-4,0.06666666666666667,3.1645569620253167e-5
陳慕,PERSON,8,9.609609609609609e-4,0.021782513054374647,532.5523691977385,3.4489894460922946e-5
陳慧明,PERSON,4,4.8048048048048047e-4,0.011060730322090033,603.7355239679507,3.4059945504087195e-5
陳慰,PERSON,3,3.6036036036036037e-4,0.015222546176247529,317.8175412682892,3.3795201081446433e-5
陳慶,PERSON,4,4.8048048048048047e-4,0.009732352852469454,1505.712027338346,3.406922867266285e-5
陳成,PERSON,1,1.2012012012012012e-4,4.660743043693033e-4,0,3.164356686285678e-5
陳文,PERSON,3,3.6036036036036037e-4,0.002615155928053093,231.95152511451124,3.1950923381685733e-5
陳文斌,PERSON,11,0.0013213213213213214,0.00871381072418928,273.2683333293679,3.226014581585909e-5
陳文琴,PERSON,3,3.6036036036036037e-4,0.003002095420505919,23.768865266919708,3.198362438431523e-5
陳方,PERSON,3,3.6036036036036037e-4,0.0012993525931634796,57.759616961464566,3.173192866662436e-5
陳明,PERSON,26,0.003123123123123123,0.04398561886980349,15505.007431313175,3.6816140195861865e-5
陳星,PERSON,6,7.207207207207207e-4,0.025852284906406377,2592.328145508135,3.598416696653473e-5
陳昭,PERSON,16,0.0019219219219219219,0.02972913063768925,1146.1427101124061,3.434537711224069e-5
陳景,PERSON,26,0.003123123123123123,0.046006009636816995,10400.85392697546,3.603603603603604e-5
陳望,PERSON,6,7.207207207207207e-4,0.016894808330352153,1561.5044787486736,3.502381619501261e-5
陳本端,PERSON,2,2.4024024024024023e-4,0.0033864248276347687,9.047984526590414,3.2160545442850713e-5
陳朶,PERSON,2,2.4024024024024023e-4,0.005513421202363539,1.582834490083944,3.2258064516129034e-5
陳果,PERSON,2,2.4024024024024023e-4,0.004658251992983911,2.8611597954819303,3.222687721559781e-5
陳果夫,PERSON,6,7.207207207207207e-4,0.004152812325069535,611.8759679945249,3.203485392106612e-5
陳梅芳,PERSON,7,8.408408408408409e-4,0.011359972633530257,790.6473321794142,3.407619437061269e-5
陳棟,PERSON,2,2.4024024024024023e-4,0.001436096931431214,0.5752070517687443,3.174804749507905e-5
陳植,PERSON,3,3.6036036036036037e-4,0.01189109920457792,127.22990949590022,3.306878306878307e-5
陳楚,PERSON,1,1.2012012012012012e-4,0.008664365789620139,0,3.400435255712731e-5
陳樹,PERSON,4,4.8048048048048047e-4,0.0047004501519311475,37.63387724947352,3.225390272222939e-5
陳權,PERSON,9,0.001081081081081081,0.02013305799713458,3488.4143788034403,3.544088460447973e-5
陳正,PERSON,6,7.207207207207207e-4,0.012632979728475413,663.6410378135404,3.33022512321833e-5
陳正陽,PERSON,7,8.408408408408409e-4,0.014593309803199554,1115.6998550596402,3.449941350997033e-5
陳氏光遠堂,PERSON,12,0.0014414414414414415,0.017352194845781897,540.5730734464871,3.34851326011251e-5
陳永年,PERSON,3,3.6036036036036037e-4,0.00804239298377739,158.98413549945283,3.355254328278084e-5
陳汝惠,PERSON,2,2.4024024024024023e-4,0.010036837140034052,11.770881107718926,3.400666530640005e-5
陳沖,PERSON,2,2.4024024024024023e-4,0.0016987991618605497,133.17381171781415,3.1820785336982115e-5
陳治,PERSON,5,6.006006006006006e-4,0.010106088921800638,118.14803519999626,3.3025099075297225e-5
陳泮,PERSON,3,3.6036036036036037e-4,0.008042392983777388,158.98413549945283,3.355254328278084e-5
陳浩聲,PERSON,1,1.2012012012012012e-4,3.5729113340095926e-4,0,3.170577045022194e-5
陳滋堂,PERSON,22,0.002642642642642643,0.017206171792165836,862.9892996757385,3.27075292732387e-5
陳滌,PERSON,4,4.8048048048048047e-4,0.004593297329993952,44.99434718100529,3.217917363882096e-5
陳漢明,PERSON,6,7.207207207207207e-4,0.010946442304255986,753.7978000688933,3.413435281267067e-5
陳潔,PERSON,5,6.006006006006006e-4,0.01900002701571235,326.847626021409,3.383178834833209e-5
陳濟,PERSON,16,0.0019219219219219219,0.02648464446824803,5951.706829303734,3.571428571428572e-5
陳煥,PERSON,8,9.609609609609609e-4,0.021782513054374647,532.5523691977385,3.4489894460922946e-5
陳玉珍,PERSON,8,9.609609609609609e-4,0.021782513054374644,532.5523691977385,3.4489894460922946e-5
陳玉麟,PERSON,5,6.006006006006006e-4,0.019000027015712347,326.847626021409,3.383178834833209e-5
陳琦,PERSON,15,0.0018018018018018018,0.006210920186808832,25.217116275973208,3.174200101574403e-5
陳瑞,PERSON,3,3.6036036036036037e-4,0.01163588967600225,437.26031781721406,3.4258307639602604e-5
陳眞,PERSON,3,3.6036036036036037e-4,0.007149375812880616,64.5461251024404,3.2713949227950796e-5
陳石,PERSON,2,2.4024024024024023e-4,7.750665576789092e-4,0.7352342292962631,3.171180313312615e-5
陳石泉,PERSON,2,2.4024024024024023e-4,9.629383620174631e-4,0.09090909090909091,3.163756011136421e-5
陳石珍,PERSON,3,3.6036036036036037e-4,0.011891099204577923,127.22990949590022,3.306878306878307e-5
陳祚良,PERSON,2,2.4024024024024023e-4,0.001261954825393358,2.1683427447535637,3.174401625293632e-5
陳福,PERSON,2,2.4024024024024023e-4,0.0052657155989212215,25.469776933603082,3.241070849808777e-5
陳福康,PERSON,8,9.609609609609609e-4,0.006618643655615415,109.69997971874918,3.2316442605997934e-5
陳福珍,PERSON,7,8.408408408408409e-4,0.022457630442570736,2277.178154562376,3.5390713476783694e-5
陳禹山,PERSON,1,1.2012012012012012e-4,0.0010396489255900595,0,3.173394262503174e-5
陳萬,PERSON,4,4.8048048048048047e-4,0.0038551531410494382,33.498113525917994,3.203280158882696e-5
陳秉,PERSON,4,4.8048048048048047e-4,0.01386986213491769,64.58532128018153,3.332666799973339e-5
陳秋,PERSON,5,6.006006006006006e-4,0.010654304170531596,128.8504303824068,3.4036759700476515e-5
陳積,PERSON,2,2.4024024024024023e-4,0.002435137421146671,2.0304168970839447,3.209654641160611e-5
陳立,PERSON,10,0.0012012012012012011,0.018679535223620647,1834.7501158338098,3.399279352777211e-5
陳立夫,PERSON,31,0.0037237237237237237,0.05035523151248637,27215.565963326568,3.8308305240576155e-5
陳竹,PERSON,6,7.207207207207207e-4,0.01641702413248241,927.5212789738429,3.4279446044151926e-5
陳策,PERSON,4,4.8048048048048047e-4,0.0022861623092194994,10.216291185068014,3.176821907363873e-5
陳紀,PERSON,7,8.408408408408409e-4,0.0059012043835004295,36.199420026929104,3.217917363882096e-5
陳納德,PERSON,3,3.6036036036036037e-4,0.0014378746042405177,22.22478003890474,3.168969451134491e-5
陳絅,PERSON,2,2.4024024024024023e-4,0.0024351374211466713,2.0304168970839447,3.209654641160611e-5
陳總,PERSON,2,2.4024024024024023e-4,0.003727245400450135,26.891797234081697,3.232897969740075e-5
陳翊廷,PERSON,1,1.2012012012012012e-4,3.5729113340095953e-4,0,3.170577045022194e-5
陳翊忠,PERSON,8,9.609609609609609e-4,0.015609128736287208,291.0896421783415,3.4115720524017465e-5
陳耀,PERSON,1,1.2012012012012012e-4,0.0026001497519920333,0,3.2028697713150986e-5
陳聯芬,PERSON,1,1.2012012012012012e-4,0.008664365789620137,0,3.400435255712731e-5
陳肅,PERSON,9,0.001081081081081081,0.013035197294051795,438.44801501658054,3.3112582781456954e-5
陳致平,PERSON,5,6.006006006006006e-4,0.0030523542350443023,8.251485943736157,3.1861339450710506e-5
陳良,PERSON,1,1.2012012012012012e-4,6.521066309658561e-4,0,3.164156435894191e-5
陳芸,PERSON,3,3.6036036036036037e-4,0.004825102433999203,62.27350316966019,3.212954633080581e-5
陳藴珍堂,PERSON,16,0.0019219219219219219,0.028638005953685743,5420.884907375237,3.564554074285307e-5
陳藹士,PERSON,2,2.4024024024024023e-4,0.006345737002595776,18.57962516909915,3.340236488743403e-5
陳蘊珍堂,PERSON,5,6.006006006006006e-4,0.014511311363859806,1550.7490417540664,3.466204506065858e-5
陳行,PERSON,63,0.0075675675675675675,0.10399946055687108,57046.90105426955,4.128819157720892e-5
陳裕,PERSON,11,0.0013213213213213214,0.014635522937189109,6281.194531448707,3.439026067817594e-5
陳見石,PERSON,3,3.6036036036036037e-4,0.01062973873015886,21.45554897877954,3.4008978370289756e-5
陳訓,PERSON,36,0.004324324324324324,0.06110293486308939,25113.915001211128,3.773869726017058e-5
陳訓志,PERSON,5,6.006006006006006e-4,0.013558332387649356,592.6887210067786,3.441156228492774e-5
陳訓悆三,PERSON,2,2.4024024024024023e-4,9.188256686464866e-4,1.5039057813604082,3.173394262503174e-5
陳誠,PERSON,5,6.006006006006006e-4,0.012657788574837263,352.45830410352477,3.409943394939644e-5
陳調余,PERSON,1,1.2012012012012012e-4,5.911391877955823e-4,0,3.163555836760519e-5
陳謂,PERSON,1,1.2012012012012012e-4,0.008664365789620137,0,3.400435255712731e-5
陳謙,PERSON,9,0.001081081081081081,0.017016811267793214,498.2935689795516,3.2985882042485813e-5
陳警,PERSON,2,2.4024024024024023e-4,0.0020729282638330547,0.863011355089435,3.17218627077782e-5
陳譯,PERSON,5,6.006006006006006e-4,0.009648216995931514,344.5150585139114,3.322921512593873e-5
陳豐鎬,PERSON,2,2.4024024024024023e-4,0.00876647290324011,79.54108101827777,3.3018556428712935e-5
陳貴生,PERSON,8,9.609609609609609e-4,0.02932724525199661,1134.9556744109432,3.4865072170699395e-5
陳貽,PERSON,8,9.609609609609609e-4,0.013607640583828474,865.4911893050856,3.3783783783783784e-5
陳賡雅,PERSON,3,3.6036036036036037e-4,0.0012282960871250767,3.8818038503306744,3.170778108947936e-5
陳賤,PERSON,9,0.001081081081081081,0.01608345814575263,1960.7021241236728,3.4882098507046184e-5
陳跂,PERSON,4,4.8048048048048047e-4,0.010376818415791328,1252.1030831279033,3.411339291805963e-5
陳逸,PERSON,4,4.8048048048048047e-4,0.013529591726789072,715.2816505038129,3.445899379738111e-5
陳道,PERSON,6,7.207207207207207e-4,0.0033717197301791407,28.478568813996905,3.188368830506313e-5
陳選,PERSON,4,4.8048048048048047e-4,0.006670961576899812,162.40559850965735,3.229974160206718e-5
陳郁,PERSON,3,3.6036036036036037e-4,0.0036252618448551614,7.9041666931138055,3.203280158882696e-5
陳部,PERSON,5,6.006006006006006e-4,0.006059886424068452,469.7945049503645,3.2539372640895484e-5
陳金,PERSON,11,0.0013213213213213214,0.028240455610817998,2121.196729252374,3.493327744008943e-5
陳銓,PERSON,2,2.4024024024024023e-4,0.0014125392031875154,2.7298770435449624,3.178437480134766e-5
陳銘德,PERSON,5,6.006006006006006e-4,0.00858547274431182,829.5064740076654,3.284287966368891e-5
陳錚,PERSON,3,3.6036036036036037e-4,0.003560605788958046,16.246700138563867,3.2127481847972756e-5
陳錦,PERSON,6,7.207207207207207e-4,0.0029662047335312683,649.4010866177077,3.191421459117891e-5
陳鏞,PERSON,1,1.2012012012012012e-4,0.002787309830760587,0,3.228722717293039e-5
陳長桐,PERSON,12,0.0014414414414414415,0.019118878607335552,1892.6195951999612,3.3781501249915544e-5
陳陳,PERSON,1,1.2012012012012012e-4,9.363627831873448e-4,0,3.177831447820008e-5
陳雜,PERSON,6,7.207207207207207e-4,0.0038990336268999487,29.66124267171742,3.186540054808489e-5
陳雪,PERSON,17,0.002042042042042042,0.013513809307985564,26.71664589579696,3.181673560292714e-5
陳雲,PERSON,10,0.0012012012012012011,0.011074094447486712,565.3283799902586,3.234571095872687e-5
陳雲福,PERSON,1,1.2012012012012012e-4,2.772678916964321e-4,0,3.163555836760519e-5
陳霆,PERSON,30,0.0036036036036036037,0.05732401861309608,18995.250540354806,3.845858010922237e-5
陳霆銳,PERSON,14,0.0016816816816816818,0.02180334890601038,861.8564020637072,3.368818218568926e-5
陳霆銳陶百,PERSON,2,2.4024024024024023e-4,5.790620800772123e-4,0.3333333333333333,3.162155325069567e-5
陳震,PERSON,47,0.005645645645645646,0.054814808899543224,25885.572463786088,3.703429375601807e-5
陳霖,PERSON,1,1.2012012012012012e-4,3.789807969594066e-4,0,3.165959602355474e-5
陳青,PERSON,3,3.6036036036036037e-4,0.01062973873015886,21.45554897877954,3.4008978370289756e-5
陳魁堂,PERSON,5,6.006006006006006e-4,0.001546038676362772,1.25,3.163756011136421e-5
陳鴻,PERSON,7,8.408408408408409e-4,0.014832070674627218,727.8509889492835,3.457814661134163e-5
陳鶴,PERSON,2,2.4024024024024023e-4,0.006345737002595776,18.57962516909915,3.340236488743403e-5
陳鶴琴,PERSON,15,0.0018018018018018018,0.0288958290056934,7024.593522938841,3.530574777573789e-5
陳鹤,PERSON,7,8.408408408408409e-4,0.028368573353433447,1897.1943503961495,3.542581833640357e-5
陳鹿,PERSON,8,9.609609609609609e-4,0.00837944789400596,138.4899870340173,3.2892572857048876e-5
陳麟生,PERSON,7,8.408408408408409e-4,0.018640920617563415,521.7971177393985,3.43878954607978e-5
陶一,PERSON,4,4.8048048048048047e-4,0.012210229486038567,651.1427410238471,3.338452293516726e-5
陶一珊,PERSON,3,3.6036036036036037e-4,0.0023860436996263924,219.31006139134647,3.1832940727064365e-5
陶仁,PERSON,5,6.006006006006006e-4,0.00964821699593152,344.5150585139114,3.322921512593873e-5
陶增,PERSON,7,8.408408408408409e-4,0.023688494174609345,929.0681891487944,3.4020548411240386e-5
陶增堂,PERSON,7,8.408408408408409e-4,0.015154100019939783,454.7070059528673,3.340236488743403e-5
陶孔,PERSON,2,2.4024024024024023e-4,0.0015459143952658936,0.2997876643819991,3.171180313312615e-5
陶希,PERSON,1,1.2012012012012012e-4,9.363627831873451e-4,0,3.177831447820008e-5
陶廣,PERSON,2,2.4024024024024023e-4,0.010036837140034052,11.770881107718926,3.400666530640005e-5
陶建,PERSON,24,0.002882882882882883,0.07087761949876312,12845.811165406687,3.8429021597110135e-5
陶明,PERSON,7,8.408408408408409e-4,0.023688494174609352,929.0681891487944,3.4020548411240386e-5
陶樂,PERSON,2,2.4024024024024023e-4,0.0031360129197839995,14.705547825017394,3.228931223764934e-5
陶樂勤,PERSON,6,7.207207207207207e-4,0.01924357899531576,1285.924326072137,3.400204012240735e-5
陶百,PERSON,25,0.003003003003003003,0.054191033026446754,20414.494606234006,3.816502557056713e-5
陶聨,PERSON,2,2.4024024024024023e-4,0.006967976565524212,24.082354120731317,3.269042170644001e-5
陶聽,PERSON,8,9.609609609609609e-4,0.007380023225424454,493.2009283786026,3.240860772621208e-5
陶與,PERSON,1,1.2012012012012012e-4,0.0014269279353293141,0,3.176620076238882e-5
陶行知,PERSON,9,0.001081081081081081,0.012836972103298474,678.8636578707531,3.3375609104866166e-5
陶遺,PERSON,5,6.006006006006006e-4,0.009093483548140217,1212.4676546677604,3.361344537815126e-5
陶門,ORG,57,0.006846846846846847,0.057298419651806126,75768.84572328119,4.3118316660917556e-5
陶阿,PERSON,4,4.8048048048048047e-4,0.005026862025977054,16.556145673492605,3.214813862277374e-5
陶雲山,PERSON,5,6.006006006006006e-4,0.019000027015712354,326.847626021409,3.383178834833209e-5
陸京,PERSON,13,0.0015615615615615615,0.03703623266474893,14018.32541640068,3.804595951909907e-5
陸任,PERSON,3,3.6036036036036037e-4,0.001061643693661134,0.2841238564773236,3.1709791983764585e-5
陸伯偉,PERSON,1,1.2012012012012012e-4,3.572911334009593e-4,0,3.170577045022194e-5
陸佩,PERSON,4,4.8048048048048047e-4,0.00786092743487536,52.307729725569054,3.340682835571591e-5
陸兆,PERSON,2,2.4024024024024023e-4,0.002277787011830329,3.501056180548725,3.209654641160611e-5
陸克,PERSON,3,3.6036036036036037e-4,0.006046392795351709,58.27149397711755,3.2285142377477883e-5
陸克明,PERSON,30,0.0036036036036036037,0.0714081899493927,16388.63584656629,3.862196817549822e-5
陸史,PERSON,5,6.006006006006006e-4,0.019000027015712354,326.847626021409,3.383178834833209e-5
陸司,PERSON,1,1.2012012012012012e-4,3.66860258237898e-4,0,3.162755392497944e-5
陸品,PERSON,4,4.8048048048048047e-4,0.007860927434875356,52.307729725569054,3.340682835571591e-5
陸天,PERSON,3,3.6036036036036037e-4,0.0030020954205059185,23.768865266919708,3.198362438431523e-5
陸奎,PERSON,3,3.6036036036036037e-4,0.011624632504712113,449.0017248223924,3.4258307639602604e-5
陸子,PERSON,8,9.609609609609609e-4,0.021782513054374647,532.5523691977385,3.4489894460922946e-5
陸孟,PERSON,1,1.2012012012012012e-4,3.323539038810935e-4,0,3.1671628555140305e-5
陸守,PERSON,3,3.6036036036036037e-4,0.010629738730158858,21.45554897877954,3.4008978370289756e-5
陸宗,PERSON,1,1.2012012012012012e-4,0.002418733847053929,0,3.202049311559398e-5
陸宗藩,PERSON,6,7.207207207207207e-4,0.0164170241324824,927.5212789738429,3.4279446044151926e-5
陸小波,PERSON,3,3.6036036036036037e-4,0.006146256424976557,121.46506006893804,3.252878797735996e-5
陸少,PERSON,5,6.006006006006006e-4,0.010106088921800638,118.14803519999626,3.3025099075297225e-5
陸幹臣,PERSON,14,0.0016816816816816818,0.03757219317227796,5632.383960545529,3.5203830176723225e-5
陸志,PERSON,5,6.006006006006006e-4,0.008218218568276321,4277.486435862268,3.350532734704818e-5
陸惠民,PERSON,9,0.001081081081081081,0.022451621936666454,1402.3793193578877,3.479229002852968e-5
陸意斯,PERSON,3,3.6036036036036037e-4,0.0012923694001124107,4.0660398686304955,3.1681662653656065e-5
陸敏,PERSON,5,6.006006006006006e-4,0.002446451186211281,5.917931977948675,3.175409627841992e-5
陸星莊,PERSON,4,4.8048048048048047e-4,0.010217954256095263,25.829009320718736,3.248651809499058e-5
陸東生,PERSON,3,3.6036036036036037e-4,0.010629738730158858,21.45554897877954,3.4008978370289756e-5
陸松,PERSON,4,4.8048048048048047e-4,0.011060730322090033,603.7355239679507,3.4059945504087195e-5
陸根記,PERSON,10,0.0012012012012012011,0.012968684882862503,839.3829092741145,3.3617965440731524e-5
陸梅,PERSON,19,0.0022822822822822822,0.04035886936784809,5781.2538752917235,3.660054168801698e-5
陸梅僧,PERSON,6,7.207207207207207e-4,0.00829985901609777,98.08898999903656,3.247807729782397e-5
陸榮,PERSON,2,2.4024024024024023e-4,0.005513421202363539,1.582834490083944,3.2258064516129034e-5
陸樹,PERSON,4,4.8048048048048047e-4,0.011060730322090035,603.7355239679507,3.4059945504087195e-5
陸民,PERSON,1,1.2012012012012012e-4,0.008664365789620137,0,3.400435255712731e-5
陸汝,PERSON,16,0.0019219219219219219,0.02972913063768923,1146.1427101124061,3.434537711224069e-5
陸泉,PERSON,3,3.6036036036036037e-4,0.015222546176247529,317.8175412682892,3.3795201081446433e-5
陸翔,PERSON,2,2.4024024024024023e-4,9.18825668646486e-4,1.5039057813604082,3.173394262503174e-5
陸芳,PERSON,4,4.8048048048048047e-4,0.002009320064740675,15.423830762040794,3.1832940727064365e-5
陸蔭,PERSON,13,0.0015615615615615615,0.0493662997545389,7761.407644915863,3.8328861632809504e-5
陸詠,PERSON,2,2.4024024024024023e-4,0.008766472903240112,79.54108101827777,3.3018556428712935e-5
陸軍,ORG,29,0.0034834834834834836,0.036200707189445284,49025.40821233427,4.301075268817204e-5
陸醫,PERSON,3,3.6036036036036037e-4,0.005013069588672996,4.556345747173272,3.2028697713150986e-5
陸錦,PERSON,22,0.002642642642642643,0.030454155747280116,11895.2871475878,3.522863383357994e-5
陸錦文,PERSON,6,7.207207207207207e-4,0.0231974736661056,3338.3207238685204,3.621351488375462e-5
陸錦榮,PERSON,3,3.6036036036036037e-4,0.003962290319726661,78.29264215453013,3.221857078420001e-5
陸錫,PERSON,5,6.006006006006006e-4,0.0030523542350443023,8.251485943736157,3.1861339450710506e-5
陸鏗,PERSON,6,7.207207207207207e-4,0.008187814689623957,352.00677074676764,3.280839895013123e-5
陽侖,PERSON,12,0.0014414414414414415,0.015312028344477044,973.1364402486665,3.327122704285334e-5
陽崙,PERSON,4,4.8048048048048047e-4,0.010945517323343949,100.90395291264159,3.401823377330249e-5
隆儀,PERSON,5,6.006006006006006e-4,0.005282180628985288,683.5747209344437,3.2461208855417776e-5
隆吳,PERSON,6,7.207207207207207e-4,0.002298458565519758,1.6813576810374764,3.1729914963827895e-5
隆問,PERSON,2,2.4024024024024023e-4,0.0017258083018153812,1.5277695033446725,3.174200101574403e-5
隆情,PERSON,6,7.207207207207207e-4,0.0092513477403059,347.6859105541581,3.357281944537702e-5
隊急,ORG,10,0.0012012012012012011,0.017161859286910115,5272.358627574194,4.294057025077293e-5
隊葉,PERSON,6,7.207207207207207e-4,0.0037071603829853905,2.7082164108705853,3.172387538861747e-5
隊衛,ORG,51,0.006126126126126126,0.04302328303296575,27847.46614132079,4.309601792794346e-5
際昌,PERSON,2,2.4024024024024023e-4,0.011519252717289217,166.19785782117216,3.3763252076440005e-5
隨沈,PERSON,2,2.4024024024024023e-4,9.930037927329176e-4,0.468772998094661,3.1647572631179186e-5
隻方,PERSON,6,7.207207207207207e-4,0.010946442304255987,753.7978000688933,3.413435281267067e-5
雁棆,PERSON,5,6.006006006006006e-4,0.0066045004020392935,45.62477476780193,3.23185314459311e-5
雄定,PERSON,8,9.609609609609609e-4,0.008280044262631774,307.26919844181987,3.262217002675018e-5
雄潘,PERSON,17,0.002042042042042042,0.013513809307985559,26.71664589579696,3.181673560292714e-5
雄錢,PERSON,4,4.8048048048048047e-4,0.0025997694157308873,0.15789473684210525,3.1695721077654516e-5
雅意,PERSON,2,2.4024024024024023e-4,6.38723946182749e-4,0.16666666666666666,3.162755392497944e-5
集團,ORG,32,0.0038438438438438438,0.024844394373786653,23131.213499154474,4.302185510239202e-5
集張莘夫,PERSON,8,9.609609609609609e-4,0.014538835498256124,1378.5976042061152,3.368818218568926e-5
雙龍商標,PERSON,6,7.207207207207207e-4,0.004427461863543295,58.581897124257026,3.207184092366902e-5
雛燕,PERSON,7,8.408408408408409e-4,0.027678655002694532,480.29727571669935,3.3847820200379094e-5
難民救濟協會,ORG,4,4.8048048048048047e-4,0.01843844542340364,1775.7333476735473,4.291845493562232e-5
雨亭,PERSON,4,4.8048048048048047e-4,0.013869862134917687,64.58532128018153,3.332666799973339e-5
雨田,PERSON,3,3.6036036036036037e-4,0.012049056922188873,12.27847436442589,3.4008978370289756e-5
雪梅,PERSON,8,9.609609609609609e-4,0.014001032946953068,698.8105776339785,3.408083975189148e-5
雪樵,PERSON,5,6.006006006006006e-4,0.014355267748131386,543.6306676668611,3.3879929529746575e-5
雪泥,PERSON,10,0.0012012012012012011,0.015992558033781166,1029.859879762347,3.374046831770025e-5
雪畊,PERSON,3,3.6036036036036037e-4,0.0020178772604590315,3.185132669229457,3.182281059063136e-5
雪聲劇團,ORG,33,0.003963963963963964,0.04650139747766428,9308.896194993033,4.302555718096549e-5
雪艶,PERSON,7,8.408408408408409e-4,0.011359972633530255,790.6473321794142,3.407619437061269e-5
雪芬,PERSON,2,2.4024024024024023e-4,6.269218673298665e-4,0.047619047619047616,3.165759149043941e-5
雪雄,PERSON,1,1.2012012012012012e-4,4.3665833117184784e-4,0,3.1671628555140305e-5
雯華,PERSON,3,3.6036036036036037e-4,0.003002095420505918,23.768865266919708,3.198362438431523e-5
雯黃,PERSON,7,8.408408408408409e-4,0.011359972633530254,790.6473321794142,3.407619437061269e-5
雲五,PERSON,5,6.006006006006006e-4,0.012002831687972311,1151.4263867214695,3.4343018064427503e-5
雲出,PERSON,7,8.408408408408409e-4,0.02767865500269452,480.29727571669935,3.3847820200379094e-5
雲初,PERSON,1,1.2012012012012012e-4,3.493230066744232e-4,0,3.166360585143436e-5
雲南省記者公會,ORG,34,0.004084084084084084,0.021685678728385758,55547.02330992532,4.302925989672978e-5
雲卿,PERSON,3,3.6036036036036037e-4,0.003708694758657649,36.922015107539174,3.225182222795588e-5
雲古,PERSON,3,3.6036036036036037e-4,0.0032049150093768457,2.4817835973184477,3.197748784855462e-5
雲團,PERSON,4,4.8048048048048047e-4,0.008674383372766988,75.85545599489328,3.277828766225252e-5
雲坡,PERSON,4,4.8048048048048047e-4,0.0024175952404093164,3.670510104749541,3.171582619727244e-5
雲天,PERSON,2,2.4024024024024023e-4,9.531403846534455e-4,0.09090909090909091,3.163756011136421e-5
雲天福,PERSON,4,4.8048048048048047e-4,0.008674383372766983,75.85545599489328,3.277828766225252e-5
雲岫,PERSON,3,3.6036036036036037e-4,0.006643166885240421,42.05641769540766,3.294241665568586e-5
雲彩,PERSON,2,2.4024024024024023e-4,5.67999534764831e-4,0.05,3.165558721114277e-5
雲情,PERSON,7,8.408408408408409e-4,0.0035770672712660883,145.09554568761402,3.179650238473768e-5
雲桂英,PERSON,4,4.8048048048048047e-4,0.0036199725882840065,3.8065488913942205,3.183496752833312e-5
雲波,PERSON,6,7.207207207207207e-4,0.0022340470237821475,6.391664780934227,3.168969451134491e-5
雲為,PERSON,4,4.8048048048048047e-4,0.005650392340963535,48.6094521463145,3.232897969740075e-5
雲爲,PERSON,11,0.0013213213213213214,0.009323056463397622,559.6527815254592,3.239390994493035e-5
雲珍,PERSON,3,3.6036036036036037e-4,0.003002095420505918,23.768865266919708,3.198362438431523e-5
雲珠,PERSON,6,7.207207207207207e-4,0.0032916518536969313,68.05759301221232,3.196113525952442e-5
雲瘰,PERSON,8,9.609609609609609e-4,0.004143616781737377,66.70413790255344,3.193663771078181e-5
雲結,PERSON,7,8.408408408408409e-4,0.011165345716498788,2305.201141237716,3.3754134881522986e-5
雲致,PERSON,11,0.0013213213213213214,0.015387418729916433,1428.184612416095,3.3852403520649966e-5
雲謹,PERSON,3,3.6036036036036037e-4,0.007870887217268974,88.00567442978584,3.3101621979477e-5
雲賀,PERSON,8,9.609609609609609e-4,0.030410999565957823,1211.1368630802024,3.464043231259526e-5
雲章,PERSON,39,0.0046846846846846845,0.051635967960339604,17791.410153496152,3.619254433586681e-5
雲駒,PERSON,3,3.6036036036036037e-4,0.01522254617624752,317.8175412682892,3.3795201081446433e-5
零星物資處理事務,ORG,6,7.207207207207207e-4,0.01889745930070498,1302.0671494319681,4.292950974499871e-5
雷參,PERSON,4,4.8048048048048047e-4,0.011269647772469471,63.78114990571053,3.402286336418073e-5
雷委,PERSON,9,0.001081081081081081,0.013474040246638074,1381.4046375488226,3.353903944191038e-5
雷法章,PERSON,2,2.4024024024024023e-4,0.0037272454004501337,26.891797234081697,3.232897969740075e-5
雷煥欽,PERSON,8,9.609609609609609e-4,0.014001032946953072,698.8105776339785,3.408083975189148e-5
雷諾,PERSON,8,9.609609609609609e-4,0.00630247543646585,126.23522581003662,3.244225279003374e-5
雷達電校,ORG,5,6.006006006006006e-4,0.01772305191197642,1115.863675878623,4.292213923941969e-5
雷雨,PERSON,2,2.4024024024024023e-4,0.002277787011830331,3.501056180548725,3.209654641160611e-5
雷電無綫電學校,ORG,4,4.8048048048048047e-4,0.020917192614785887,265.54394394029947,4.291845493562232e-5
電于,PERSON,7,8.408408408408409e-4,0.005151357536331921,79.95900768741475,3.210685160213189e-5
電信局,ORG,51,0.006126126126126126,0.04302328303296576,27847.46614132079,4.309601792794346e-5
電信系無線電工程系,ORG,28,0.0033633633633633636,0.0326306657611471,9143.829230940144,4.30070531567177e-5
電影業公會,ORG,4,4.8048048048048047e-4,0.01828946666010706,1193.2573108406386,4.291845493562232e-5
電機五金行社會部全國合作社物品供銷處,ORG,21,0.0025225225225225223,0.024341327930495524,51405.967472868026,4.298486932599725e-5
電蔣,PERSON,6,7.207207207207207e-4,0.014457748551530652,919.124392926025,3.456858407079646e-5
霆銳,PERSON,2,2.4024024024024023e-4,0.005799792210387894,34.377279673523134,3.26477309826967e-5
震南,PERSON,7,8.408408408408409e-4,0.008627685238770057,137.31732410819095,3.2356176794150005e-5
震新,PERSON,5,6.006006006006006e-4,0.008388932296133706,173.52543655094541,3.3548040794417606e-5
震旦大學,ORG,11,0.0013213213213213214,0.02902763832444218,2770.249597512253,4.294425835265825e-5
震春,PERSON,2,2.4024024024024023e-4,0.01003683714003405,11.770881107718926,3.400666530640005e-5
震東,PERSON,5,6.006006006006006e-4,0.008388932296133708,173.52543655094541,3.3548040794417606e-5
震諸,PERSON,4,4.8048048048048047e-4,0.0056652682293818766,65.9745187566222,3.24380433372259e-5
震馮,PERSON,2,2.4024024024024023e-4,0.004658251992983912,2.8611597954819303,3.222687721559781e-5
霍寳,PERSON,1,1.2012012012012012e-4,0.0012674058119779813,0,3.181876034109711e-5
霍寳樹,PERSON,4,4.8048048048048047e-4,0.0013432273323401994,0.5454545454545454,3.164156435894191e-5
霍寶,PERSON,11,0.0013213213213213214,0.014221272114250382,403.8183114872382,3.2860147213459515e-5
霍賓,PERSON,11,0.0013213213213213214,0.01683163305460776,2621.229394870289,3.4894270360806756e-5
霍錫,PERSON,10,0.0012012012012012011,0.012968684882862505,839.3829092741145,3.3617965440731524e-5
霖爲,PERSON,1,1.2012012012012012e-4,3.5433331800824585e-4,0,3.167965532535006e-5
霖結,PERSON,1,1.2012012012012012e-4,3.8916307814442657e-4,0,3.1695721077654516e-5
霞劉,PERSON,5,6.006006006006006e-4,0.010654304170531597,128.8504303824068,3.4036759700476515e-5
霞天,PERSON,3,3.6036036036036037e-4,0.006419593175495024,343.1831755206364,3.275681341719078e-5
霞省,PERSON,3,3.6036036036036037e-4,0.015376168157220375,1931.1080619778577,3.5775615340583855e-5
霞童,PERSON,2,2.4024024024024023e-4,9.941349364847524e-4,0.13222289093169362,3.169773044250032e-5
霞陳,PERSON,21,0.0025225225225225223,0.008282688637580327,238.38164102884113,3.180256964762753e-5
霞飛路兄弟商店,ORG,22,0.002642642642642643,0.02444487885426269,6428.943318254794,4.298486932599725e-5
露露,PERSON,8,9.609609609609609e-4,0.012223290480536136,33.418706651519976,3.2851511169513796e-5
靄士,PERSON,3,3.6036036036036037e-4,0.0011913903147228143,29.787138699845165,3.1671628555140305e-5
靈珠,PERSON,2,2.4024024024024023e-4,0.0017468999148220943,4.837797910604474,3.185930929017459e-5
靑嚴,PERSON,7,8.408408408408409e-4,0.011359972633530254,790.6473321794142,3.407619437061269e-5
靑士,PERSON,12,0.0014414414414414415,0.01797188731029949,3269.060559544632,3.397662408263115e-5
靑孫,PERSON,3,3.6036036036036037e-4,0.015275997019294133,420.14624893103274,3.45972875726543e-5
靑島共軍,ORG,11,0.0013213213213213214,0.02228557805496232,4194.137575965185,4.294794708812919e-5
靑島分局,ORG,5,6.006006006006006e-4,0.018179142340517478,991.866493908984,4.292213923941969e-5
靑島啤酒廠,ORG,9,0.001081081081081081,0.02835634362479074,14072.739397218154,4.2936882782310004e-5
靑島啤酒爲,ORG,9,0.001081081081081081,0.02835634362479074,14072.739397218154,4.2936882782310004e-5
靑年文化電台,ORG,10,0.0012012012012012011,0.020133404766114266,11814.562205166198,4.294057025077293e-5
靑年觀光團,ORG,23,0.002762762762762763,0.039613720993471685,5055.86433478676,4.2988565041698905e-5
靑年軍,ORG,8,9.609609609609609e-4,0.022125004653480232,5220.373315697826,4.29331959471063e-5
靑年軍二〇七師,ORG,9,0.001081081081081081,0.02270908302894695,2626.40496691996,4.2936882782310004e-5
靑廉,PERSON,4,4.8048048048048047e-4,0.002417595240409317,3.670510104749541,3.171582619727244e-5
靑徐,PERSON,3,3.6036036036036037e-4,0.015275997019294132,420.14624893103274,3.45972875726543e-5
靑萍,PERSON,9,0.001081081081081081,0.012058727667521297,163.1970346503108,3.293373732051113e-5
靑葉,PERSON,9,0.001081081081081081,0.006392699524589509,1.2948917180374984,3.1746031746031745e-5
青士,PERSON,1,1.2012012012012012e-4,0.007287514023917677,0,3.309723969020984e-5
青年會,ORG,33,0.003963963963963964,0.05100797297028341,19159.62341720771,4.302925989672978e-5
青年會全國協會,ORG,8,9.609609609609609e-4,0.028651849221742572,5370.938980391916,4.29331959471063e-5
青年舘集團,ORG,9,0.001081081081081081,0.029108546272477026,1831.0410369938304,4.294794708812919e-5
青年館,ORG,8,9.609609609609609e-4,0.022663122704966458,1070.3506197280924,4.29331959471063e-5
青文,PERSON,2,2.4024024024024023e-4,0.001725808301815381,1.5277695033446725,3.174200101574403e-5
青滬長途汽車股份有限公司,ORG,35,0.004204204204204204,0.027201155902018215,15098.917078857321,4.303296324984939e-5
青爲,PERSON,1,1.2012012012012012e-4,0.003259903321987143,0,3.2214419174022295e-5
青王,PERSON,2,2.4024024024024023e-4,0.004658251992983912,2.8611597954819303,3.222687721559781e-5
青飛寧,PERSON,4,4.8048048048048047e-4,0.010217954256095263,25.829009320718736,3.248651809499058e-5
靜山,PERSON,11,0.0013213213213213214,0.012566087674254846,952.7772687388087,3.321376378371197e-5
靜帆,PERSON,4,4.8048048048048047e-4,0.010414963878348055,244.49920581835897,3.34941050375134e-5
靜杰,PERSON,2,2.4024024024024023e-4,0.00227778701183033,3.501056180548725,3.209654641160611e-5
靜波,PERSON,8,9.609609609609609e-4,0.006618643655615414,109.69997971874918,3.2316442605997934e-5
靜生,PERSON,11,0.0013213213213213214,0.023349676459857294,2132.8319199439643,3.3951246010728594e-5
靜結,PERSON,3,3.6036036036036037e-4,0.0030020954205059185,23.768865266919708,3.198362438431523e-5
非回敎聯盟,ORG,7,8.408408408408409e-4,0.017852632200278013,2150.423477716527,4.292950974499871e-5
靳鞏,PERSON,1,1.2012012012012012e-4,0.0059571281446850494,0,3.34001336005344e-5
韋伯祥,PERSON,7,8.408408408408409e-4,0.017838478069056984,1046.919990671501,3.4324157341937255e-5
韋作民,PERSON,10,0.0012012012012012011,0.023052220328804256,753.0651082247564,3.392590582168544e-5
韋千,PERSON,1,1.2012012012012012e-4,3.7898079695940635e-4,0,3.165959602355474e-5
韋富民,PERSON,3,3.6036036036036037e-4,0.008394630905946958,15.873785038424115,3.3101621979477e-5
韋憲,PERSON,2,2.4024024024024023e-4,0.006967976565524215,24.082354120731317,3.269042170644001e-5
韋瓊,PERSON,8,9.609609609609609e-4,0.021782513054374647,532.5523691977385,3.4489894460922946e-5
韋雲,PERSON,3,3.6036036036036037e-4,0.010002217362508323,135.27609714198354,3.316529583443884e-5
韓仁,PERSON,8,9.609609609609609e-4,0.004991977276991837,110.80709870966913,3.195909236177693e-5
韓光琦,PERSON,5,6.006006006006006e-4,0.014436809111707525,1075.270378442942,3.46476335666274e-5
韓國光復,ORG,15,0.0018018018018018018,0.02912561855147212,5763.041342817066,4.2959017097688804e-5
韓城,PERSON,2,2.4024024024024023e-4,0.001698799161860549,133.17381171781415,3.1820785336982115e-5
韓奇逢藥廠,ORG,13,0.0015615615615615615,0.035236026078468825,3575.914863676881,4.2951636457349025e-5
韓尼,PERSON,4,4.8048048048048047e-4,0.002009320064740675,15.423830762040794,3.1832940727064365e-5
韓尼波,PERSON,5,6.006006006006006e-4,0.00523318752528375,223.05625409020251,3.241070849808777e-5
韓岡,PERSON,1,1.2012012012012012e-4,0.0027873098307605857,0,3.228722717293039e-5
韓德勤,PERSON,1,1.2012012012012012e-4,0.008664365789620137,0,3.400435255712731e-5
韓無,PERSON,4,4.8048048048048047e-4,0.002009320064740675,15.423830762040794,3.1832940727064365e-5
韓金,PERSON,3,3.6036036036036037e-4,0.015275997019294133,420.14624893103274,3.45972875726543e-5
韓非,PERSON,3,3.6036036036036037e-4,0.0016032386528296411,1.0942282987102634,3.1762164909160206e-5
韞懷,ORG,6,7.207207207207207e-4,0.01930193375646648,1356.141733152012,4.292950974499871e-5
音主,PERSON,7,8.408408408408409e-4,0.021029308388823532,997.1563241841075,3.433830094086945e-5
音樂專科學校,ORG,10,0.0012012012012012011,0.016456078152951803,74880,4.294057025077293e-5
音金,PERSON,4,4.8048048048048047e-4,0.008366771104785545,52.9343858105446,3.3103813559322034e-5
章乃器,PERSON,2,2.4024024024024023e-4,0.003945294292847332,32.99948645428036,3.216882197773918e-5
章伯鈞,PERSON,5,6.006006006006006e-4,0.003052354235044305,8.251485943736157,3.1861339450710506e-5
章信,PERSON,3,3.6036036036036037e-4,0.01522254617624752,317.8175412682892,3.3795201081446433e-5
章元善,PERSON,1,1.2012012012012012e-4,9.479916298622018e-4,0,3.169170311212524e-5
章兩,PERSON,7,8.408408408408409e-4,0.014832070674627218,727.8509889492835,3.457814661134163e-5
章力,PERSON,1,1.2012012012012012e-4,0.008664365789620139,0,3.400435255712731e-5
章吉甫,PERSON,3,3.6036036036036037e-4,0.008394630905946953,15.873785038424115,3.3101621979477e-5
章嘉,PERSON,1,1.2012012012012012e-4,4.292786478744357e-4,0,3.165759149043941e-5
章士,PERSON,39,0.0046846846846846845,0.07378555024853274,41485.96775567521,3.961965134706815e-5
章士釗,PERSON,1,1.2012012012012012e-4,3.8572068695709645e-4,0,3.163555836760519e-5
章子,PERSON,8,9.609609609609609e-4,0.016115192668123817,726.3109103674902,3.362474781439139e-5
章孔,PERSON,7,8.408408408408409e-4,0.009250912160524384,20.94006638093603,3.2268473701193935e-5
章榮,PERSON,4,4.8048048048048047e-4,0.006422685959868414,55.40107853797565,3.2539372640895484e-5
章爲,PERSON,2,2.4024024024024023e-4,0.0069679765655242115,24.082354120731317,3.269042170644001e-5
章瑞宰,PERSON,7,8.408408408408409e-4,0.02123762450598772,1565.7309293503668,3.5095107741980765e-5
章益,PERSON,39,0.0046846846846846845,0.0760417461371566,34978.68186434607,3.89377774316642e-5
章祖,PERSON,3,3.6036036036036037e-4,0.005438038597406124,49.609644708344774,3.243593902043464e-5
章祖蔭,PERSON,4,4.8048048048048047e-4,0.0022907878201077303,200.5130446941011,3.1788416301099876e-5
章祝,PERSON,12,0.0014414414414414415,0.04462979799095183,6238.839970223974,3.744757339724386e-5
章程備索總社,ORG,16,0.0019219219219219219,0.019108613494663803,7445.230522194706,4.296270836913559e-5
章艶秋,PERSON,7,8.408408408408409e-4,0.028368573353433447,1897.1943503961495,3.542581833640357e-5
章莘瑞,PERSON,10,0.0012012012012012011,0.03220140175866721,5641.905744984973,3.652300949598247e-5
章華,PERSON,44,0.005285285285285286,0.06632992623772518,26082.93416091501,3.8337678270203954e-5
章逸,PERSON,16,0.0019219219219219219,0.04514231028438115,5864.273509260929,3.5693889206167905e-5
章錫,PERSON,3,3.6036036036036037e-4,0.0032049150093768457,2.4817835973184477,3.197748784855462e-5
章飛,PERSON,3,3.6036036036036037e-4,0.007870887217268979,88.00567442978584,3.3101621979477e-5
韶陸,PERSON,4,4.8048048048048047e-4,0.009213025685857966,76.62484877807492,3.3200531208499335e-5
韻琴,PERSON,1,1.2012012012012012e-4,0.007287514023917675,0,3.309723969020984e-5
韻芳,PERSON,9,0.001081081081081081,0.02711377211136726,2690.443770024964,3.5642999714856005e-5
頂好茂緣集團,ORG,16,0.0019219219219219219,0.025098635534071857,2404.3880834097044,4.296640027498496e-5
項利康,PERSON,5,6.006006006006006e-4,0.0030523542350443036,8.251485943736157,3.1861339450710506e-5
項康,PERSON,4,4.8048048048048047e-4,0.006422685959868409,55.40107853797565,3.2539372640895484e-5
項建,PERSON,5,6.006006006006006e-4,0.006336648309152613,78.80545529604122,3.244014792707455e-5
項昌,PERSON,6,7.207207207207207e-4,0.009179942879839465,129.61451491601088,3.2558442404115385e-5
項昌權,PERSON,5,6.006006006006006e-4,0.008538960288315823,270.2116132586386,3.2533021016331574e-5
項本,PERSON,1,1.2012012012012012e-4,2.7928696585463565e-4,0,3.162555344718533e-5
順劉,PERSON,5,6.006006006006006e-4,0.015831338587423836,508.1961196048012,3.4267699266671235e-5
順慰,PERSON,18,0.002162162162162162,0.014788737677293384,201.67545512535725,3.249496328069149e-5
順懋,PERSON,2,2.4024024024024023e-4,0.004658251992983912,2.8611597954819303,3.222687721559781e-5
順銓,PERSON,1,1.2012012012012012e-4,0.005957128144685051,0,3.34001336005344e-5
頌平,PERSON,1,1.2012012012012012e-4,2.926726141056738e-4,0,3.163956210846042e-5
頌斌,PERSON,4,4.8048048048048047e-4,0.004700450151931147,37.63387724947352,3.225390272222939e-5
頌爾,PERSON,4,4.8048048048048047e-4,0.012695912274313569,484.6470389848895,3.4260655063724815e-5
頌良,PERSON,2,2.4024024024024023e-4,9.188256686464867e-4,1.5039057813604082,3.173394262503174e-5
領帖,PERSON,3,3.6036036036036037e-4,0.0011541878809954921,0.15789473684210525,3.166160081053698e-5
頤中烟草公司,ORG,14,0.0016816816816816818,0.018973706014411267,7839.67088630699,4.29553264604811e-5
頤年,PERSON,4,4.8048048048048047e-4,0.013979822452623981,1176.3750743909916,3.437607425232039e-5
顏惠,PERSON,2,2.4024024024024023e-4,0.007143765851772599,130.65812266574886,3.287743293003682e-5
顏惠慶,PERSON,71,0.008528528528528529,0.12576432297645684,83854.86501135967,4.1356492969396195e-5
顏文,PERSON,7,8.408408408408409e-4,0.015223036060152824,1820.505040878212,3.443526170798898e-5
顏福,PERSON,5,6.006006006006006e-4,0.014280033713645227,655.3641485867049,3.350532734704818e-5
顏禧,PERSON,5,6.006006006006006e-4,0.007785727202895043,53.53623823156518,3.246753246753247e-5
顏耀秋,PERSON,3,3.6036036036036037e-4,0.004727455206576729,96.23275575979261,3.226014581585909e-5
顔惠,PERSON,1,1.2012012012012012e-4,4.2450600259481147e-4,0,3.164356686285678e-5
顔惠慶,PERSON,16,0.0019219219219219219,0.02393952439206469,1856.7184297849917,3.423719528896193e-5
顔文,PERSON,11,0.0013213213213213214,0.022571849276748223,791.3764491786967,3.367003367003367e-5
願毓,PERSON,2,2.4024024024024023e-4,7.750665576789088e-4,0.7352342292962631,3.171180313312615e-5
顧今,PERSON,5,6.006006006006006e-4,0.010106088921800638,118.14803519999626,3.3025099075297225e-5
顧仲,PERSON,2,2.4024024024024023e-4,8.140020979143629e-4,0.06666666666666667,3.1645569620253167e-5
顧任,PERSON,3,3.6036036036036037e-4,0.006915181970999823,104.55167668063402,3.273751063969096e-5
顧克明,PERSON,1,1.2012012012012012e-4,6.447707875682823e-4,0,3.171180313312615e-5
顧克民,PERSON,25,0.003003003003003003,0.05508894633414743,23777.871468205256,3.87086784857165e-5
顧兵,PERSON,4,4.8048048048048047e-4,0.005026862025977053,16.556145673492605,3.214813862277374e-5
顧凌,PERSON,3,3.6036036036036037e-4,0.0030674689716283453,0.9487453334324024,3.183091418385536e-5
顧善昌,PERSON,10,0.0012012012012012011,0.012679795532585745,254.1776651754642,3.269042170644001e-5
顧嘉,PERSON,2,2.4024024024024023e-4,0.0015459143952658942,0.2997876643819991,3.171180313312615e-5
顧嘉堂,PERSON,1,1.2012012012012012e-4,0.0010396489255900595,0,3.173394262503174e-5
顧嘉棠,PERSON,15,0.0018018018018018018,0.02588331751336286,1255.8933370249472,3.367003367003367e-5
顧天德,PERSON,2,2.4024024024024023e-4,0.006711802367600248,10.062345019626324,3.340236488743403e-5
顧季,PERSON,6,7.207207207207207e-4,0.01436513662474437,746.831791868526,3.391440005426304e-5
顧守,PERSON,2,2.4024024024024023e-4,0.008766472903240109,79.54108101827777,3.3018556428712935e-5
顧局,PERSON,6,7.207207207207207e-4,0.016262105231659708,2897.5457949566135,3.4331227684702005e-5
顧廷,PERSON,3,3.6036036036036037e-4,0.010629738730158864,21.45554897877954,3.4008978370289756e-5
顧彥,PERSON,2,2.4024024024024023e-4,9.531403846534456e-4,0.09090909090909091,3.163756011136421e-5
顧復會,ORG,17,0.002042042042042042,0.024027259445862176,14853.953230194596,4.296640027498496e-5
顧悅會,ORG,17,0.002042042042042042,0.024027259445862176,14853.953230194596,4.296640027498496e-5
顧惠人,PERSON,3,3.6036036036036037e-4,0.008394630905946955,15.873785038424115,3.3101621979477e-5
顧文生,PERSON,2,2.4024024024024023e-4,0.0030664975909275097,21.62480588072452,3.228931223764934e-5
顧景,PERSON,2,2.4024024024024023e-4,0.006434083937892965,16.62449614338071,3.340236488743403e-5
顧書,PERSON,3,3.6036036036036037e-4,0.006643166885240421,42.05641769540766,3.294241665568586e-5
顧根生,PERSON,3,3.6036036036036037e-4,0.006915181970999828,104.55167668063402,3.273751063969096e-5
顧榮,PERSON,3,3.6036036036036037e-4,0.00644267780730154,84.66299489774543,3.270538984824699e-5
顧樹森,PERSON,5,6.006006006006006e-4,0.020789418221657686,1054.5205099081081,3.497237182625726e-5
顧正秋,PERSON,5,6.006006006006006e-4,0.010020888021367502,155.23587701730528,3.3025099075297225e-5
顧毓,PERSON,45,0.005405405405405406,0.08908522536294311,61596.48598385045,3.9707750952986025e-5
顧毓琇,PERSON,12,0.0014414414414414415,0.028488227969768676,5919.347325855998,3.661662394727206e-5
顧毓琦,PERSON,2,2.4024024024024023e-4,0.001261954825393358,2.1683427447535637,3.174401625293632e-5
顧毓瑔,PERSON,1,1.2012012012012012e-4,0.0024187338470539285,0,3.202049311559398e-5
顧玉,PERSON,4,4.8048048048048047e-4,0.001443564473636096,0.2608695652173913,3.166561114629513e-5
顧益生,PERSON,5,6.006006006006006e-4,0.006775852160037825,45.03960850031755,3.2404406999351915e-5
顧祖繩,PERSON,2,2.4024024024024023e-4,0.0032917889439126723,7.341001726473569,3.1957049725169375e-5
顧祝,PERSON,3,3.6036036036036037e-4,0.0010679870628493196,0.08823529411764705,3.168567807351077e-5
顧竹,PERSON,12,0.0014414414414414415,0.01114467118967168,1699.7017082349284,3.262855651265988e-5
顧維,PERSON,7,8.408408408408409e-4,0.004738183609250557,73.1496233072154,3.2012292720404635e-5
顧翔,PERSON,4,4.8048048048048047e-4,0.007347220778178681,123.83525735212622,3.2575412078962796e-5
顧若峰,PERSON,9,0.001081081081081081,0.021573660654306666,967.9523097490462,3.473669584549118e-5
顧莉,PERSON,7,8.408408408408409e-4,0.011359972633530255,790.6473321794142,3.407619437061269e-5
顧葆,PERSON,10,0.0012012012012012011,0.021031451005701775,1368.9878531276274,3.3896007050369466e-5
顧蓀,PERSON,1,1.2012012012012012e-4,3.5433331800824606e-4,0,3.167965532535006e-5
顧蘭,PERSON,7,8.408408408408409e-4,0.021029308388823525,997.1563241841075,3.433830094086945e-5
顧裕昌,PERSON,8,9.609609609609609e-4,0.00630247543646585,126.23522581003662,3.244225279003374e-5
顧象,PERSON,3,3.6036036036036037e-4,0.007757580882090796,84.46012077456552,3.3521051220166265e-5
顧速,PERSON,7,8.408408408408409e-4,0.0033223359627611543,390.812378742474,3.18775900541919e-5
顧達,PERSON,2,2.4024024024024023e-4,9.930037927329172e-4,0.468772998094661,3.1647572631179186e-5
顧金,PERSON,2,2.4024024024024023e-4,0.0014360969314312143,0.5752070517687443,3.174804749507905e-5
顧錦,PERSON,4,4.8048048048048047e-4,0.013869862134917695,64.58532128018153,3.332666799973339e-5
顧陶,PERSON,5,6.006006006006006e-4,0.0022600208601588154,2.678688658930617,3.17017499365965e-5
顧靑,PERSON,5,6.006006006006006e-4,0.004080904430377632,18.919364027845845,3.2100667693888034e-5
顧黛芬,PERSON,1,1.2012012012012012e-4,8.415068085950117e-4,0,3.176821907363873e-5
顯庭,PERSON,6,7.207207207207207e-4,0.005222792269835878,549.186073311351,3.217710277366626e-5
顯羣,PERSON,6,7.207207207207207e-4,0.013954185271406308,1083.4212547675984,3.4428148454176133e-5
風簫,PERSON,4,4.8048048048048047e-4,0.010555981330179333,318.08474722567826,3.371544167228591e-5
風華,PERSON,4,4.8048048048048047e-4,0.010555981330179336,318.08474722567826,3.371544167228591e-5
飛利浦,ORG,36,0.004324324324324324,0.034810077741720846,15387.919613431506,4.3040371868812945e-5
飛呂,PERSON,6,7.207207207207207e-4,0.0051888864609529895,38.82898733835354,3.201024327784891e-5
飛平,PERSON,3,3.6036036036036037e-4,0.0018473653155018648,14.458125945622319,3.182281059063136e-5
飛徐,PERSON,2,2.4024024024024023e-4,0.001500220545959888,0.06666666666666667,3.1645569620253167e-5
飛黃,PERSON,8,9.609609609609609e-4,0.03041099956595783,1211.1368630802024,3.464043231259526e-5
食部,ORG,19,0.0022822822822822822,0.02892101278089083,7353.739405995457,4.2973785990545764e-5
養源,PERSON,2,2.4024024024024023e-4,0.011519252717289217,166.19785782117216,3.3763252076440005e-5
餘崔,PERSON,8,9.609609609609609e-4,0.03041099956595784,1211.1368630802024,3.464043231259526e-5
餘慶堂,ORG,33,0.003963963963963964,0.037564646100431004,47174.77499375957,4.302555718096549e-5
餘波,PERSON,7,8.408408408408409e-4,0.02767865500269452,480.29727571669935,3.3847820200379094e-5
餘講,PERSON,6,7.207207207207207e-4,0.010892416593343527,366.7125957675009,3.355704697986577e-5
館股份有限公司,ORG,4,4.8048048048048047e-4,0.026772788823698122,71.65843837058448,4.291845493562232e-5
饒輝,PERSON,8,9.609609609609609e-4,0.006302475436465852,126.23522581003662,3.244225279003374e-5
香全,PERSON,4,4.8048048048048047e-4,0.010555981330179334,318.08474722567826,3.371544167228591e-5
香港信行,ORG,23,0.002762762762762763,0.05151250664652207,5113.813727187324,4.2988565041698905e-5
香港華僑銀行,ORG,23,0.002762762762762763,0.05151250664652204,5113.813727187324,4.2988565041698905e-5
香港路銀行公會,ORG,28,0.0033633633633633636,0.025890240676406027,20265.473497303155,4.301075268817204e-5
香琳,PERSON,3,3.6036036036036037e-4,0.0016032386528296414,1.0942282987102634,3.1762164909160206e-5
香蘭化學廠,ORG,5,6.006006006006006e-4,0.016616303769398714,5418.073604533023,4.292213923941969e-5
香蘭化學廠發行,ORG,6,7.207207207207207e-4,0.01751246214310639,7300.207930896451,4.292582417582418e-5
香賢,PERSON,11,0.0013213213213213214,0.028240455610818005,2121.196729252374,3.493327744008943e-5
馥南,PERSON,1,1.2012012012012012e-4,4.366583311718477e-4,0,3.1671628555140305e-5
馥謝,PERSON,4,4.8048048048048047e-4,0.01106073032209003,603.7355239679507,3.4059945504087195e-5
馬世,PERSON,3,3.6036036036036037e-4,0.015275997019294137,420.14624893103274,3.45972875726543e-5
馬乘,PERSON,7,8.408408408408409e-4,0.01764793233219763,2000.7685765381236,3.548364204101909e-5
馬伯聲,PERSON,8,9.609609609609609e-4,0.021782513054374647,532.5523691977385,3.4489894460922946e-5
馬千,PERSON,3,3.6036036036036037e-4,0.015222546176247524,317.8175412682892,3.3795201081446433e-5
馬夷,PERSON,3,3.6036036036036037e-4,0.003204915009376846,2.4817835973184477,3.197748784855462e-5
馬寅,PERSON,3,3.6036036036036037e-4,0.01522254617624752,317.8175412682892,3.3795201081446433e-5
馬富,PERSON,14,0.0016816816816816818,0.05228678932176987,12407.456763684395,3.867275117951891e-5
馬富祿,PERSON,4,4.8048048048048047e-4,0.003619972588284004,3.8065488913942205,3.183496752833312e-5
馬少,PERSON,13,0.0015615615615615615,0.030952004893760463,3952.361822418443,3.587315253264457e-5
馬崇淦,PERSON,18,0.002162162162162162,0.059985202905419616,6773.149630945264,3.759681179036018e-5
馬帥,PERSON,1,1.2012012012012012e-4,0.0027873098307605857,0,3.228722717293039e-5
馬彥,PERSON,1,1.2012012012012012e-4,4.485561346253972e-4,0,3.165959602355474e-5
馬惠琳,PERSON,1,1.2012012012012012e-4,3.572911334009594e-4,0,3.170577045022194e-5
馬文車,PERSON,2,2.4024024024024023e-4,0.0011402012284938137,1.2730753878422225,3.1709791983764585e-5
馬木,PERSON,3,3.6036036036036037e-4,0.0035606057889580474,16.246700138563867,3.2127481847972756e-5
馬樹,PERSON,5,6.006006006006006e-4,0.009664079289121757,57.71799115042281,3.234780358413664e-5
馬歇,PERSON,22,0.002642642642642643,0.033087887482109564,4765.263403471507,3.45972875726543e-5
馬歇爾,PERSON,7,8.408408408408409e-4,0.014902604122646981,490.4097682436593,3.3182904167772766e-5
馬永,PERSON,1,1.2012012012012012e-4,3.8916307814442657e-4,0,3.1695721077654516e-5
馬永昌,PERSON,6,7.207207207207207e-4,0.016084135890712177,946.8420505518003,3.433830094086945e-5
馬浪,PERSON,3,3.6036036036036037e-4,9.775144055702827e-4,0.7352631578947368,3.163555836760519e-5
馬爾康,PERSON,10,0.0012012012012012011,0.008893931471610652,59.15243476863569,3.197748784855462e-5
馬盛,PERSON,6,7.207207207207207e-4,0.015111088505380585,571.8748691543087,3.388222538456326e-5
馬盛龍,PERSON,4,4.8048048048048047e-4,0.0036199725882840044,3.8065488913942205,3.183496752833312e-5
馬碧,PERSON,5,6.006006006006006e-4,0.00408090443037763,18.919364027845845,3.2100667693888034e-5
馬祥生,PERSON,5,6.006006006006006e-4,0.010826493083985226,820.6235022353418,3.3697263782180885e-5
馬空,PERSON,1,1.2012012012012012e-4,0.008664365789620137,0,3.400435255712731e-5
馬立,PERSON,2,2.4024024024024023e-4,0.008944587687288839,123.59449759217797,3.400666530640005e-5
馬立斯,PERSON,22,0.002642642642642643,0.042919603496427317,6913.06209503146,3.543586109142452e-5
馬紹,PERSON,1,1.2012012012012012e-4,0.008664365789620139,0,3.400435255712731e-5
馬繼耿二,PERSON,5,6.006006006006006e-4,0.008388932296133711,173.52543655094541,3.3548040794417606e-5
馬續,PERSON,1,1.2012012012012012e-4,0.008664365789620137,0,3.400435255712731e-5
馬連,PERSON,8,9.609609609609609e-4,0.014889620360753478,1245.0274706673251,3.421845058855735e-5
馬連良,PERSON,89,0.010690690690690691,0.16208861622190804,199980.14202761865,4.485914229319936e-5
馬部,PERSON,10,0.0012012012012012011,0.0129686848828625,839.3829092741145,3.3617965440731524e-5
馬金,PERSON,5,6.006006006006006e-4,0.008388932296133704,173.52543655094541,3.3548040794417606e-5
馬銘勛,PERSON,2,2.4024024024024023e-4,0.00551342120236354,1.582834490083944,3.2258064516129034e-5
馬靜,PERSON,1,1.2012012012012012e-4,4.307666442358611e-4,0,3.1671628555140305e-5
馬鳴鋆,PERSON,7,8.408408408408409e-4,0.0070766215325847705,53.84965423098826,3.2354083085285365e-5
馬鴻,PERSON,4,4.8048048048048047e-4,0.009732352852469452,1505.712027338346,3.406922867266285e-5
馮世,PERSON,8,9.609609609609609e-4,0.021782513054374647,532.5523691977385,3.4489894460922946e-5
馮今白,PERSON,7,8.408408408408409e-4,0.017647932332197632,2000.7685765381236,3.548364204101909e-5
馮仲,PERSON,8,9.609609609609609e-4,0.023708874424673808,637.8588778280179,3.378834977699689e-5
馮佐,PERSON,7,8.408408408408409e-4,0.007076621532584773,53.84965423098826,3.2354083085285365e-5
馮俊英,PERSON,17,0.002042042042042042,0.02161515189470384,4882.361125647572,3.4041394335511986e-5
馮喆,PERSON,2,2.4024024024024023e-4,5.679995347648311e-4,0.05,3.165558721114277e-5
馮季,PERSON,1,1.2012012012012012e-4,3.891630781444266e-4,0,3.1695721077654516e-5
馮宅,PERSON,1,1.2012012012012012e-4,3.493230066744231e-4,0,3.166360585143436e-5
馮家,PERSON,6,7.207207207207207e-4,0.02287490049959871,354.44088573884153,3.3763252076440005e-5
馮少山,PERSON,3,3.6036036036036037e-4,0.003204915009376846,2.4817835973184477,3.197748784855462e-5
馮憶,PERSON,3,3.6036036036036037e-4,0.008061832985384404,64.5873729361295,3.299241174529858e-5
馮有眞,PERSON,11,0.0013213213213213214,0.012046110114504719,1252.7867224244083,3.312794010468429e-5
馮松,PERSON,2,2.4024024024024023e-4,0.0052657155989212215,25.469776933603082,3.241070849808777e-5
馮玉祥,PERSON,21,0.0025225225225225223,0.054716868493339156,9021.684728424569,3.728560775540641e-5
馮秀山,PERSON,7,8.408408408408409e-4,0.02638318613994506,2137.963163367269,3.598416696653473e-5
馮立,PERSON,2,2.4024024024024023e-4,0.0016415096478265949,0.9783356359291872,3.172790151659369e-5
馮蘅,PERSON,14,0.0016816816816816818,0.030818458887621587,6795.187822966919,3.40901343151292e-5
馮進,PERSON,5,6.006006006006006e-4,0.019000027015712354,326.847626021409,3.383178834833209e-5
馮雨,PERSON,3,3.6036036036036037e-4,0.01005460665408924,21.81379750771509,3.3460483169376966e-5
駐滬辦事,ORG,23,0.002762762762762763,0.0237245084570409,15294.317598592354,4.2988565041698905e-5
駐英巾華總,ORG,4,4.8048048048048047e-4,0.01744835088208683,777.6299295020727,4.291845493562232e-5
駐華海軍陸戰隊第一師組織軍事法庭,ORG,17,0.002042042042042042,0.022775133170001682,6445.8943633399085,4.296640027498496e-5
駐華陸軍,ORG,3,3.6036036036036037e-4,0.018658015302930712,212.33747243349669,4.291477126426916e-5
駕東,PERSON,2,2.4024024024024023e-4,0.00465825199298391,2.8611597954819303,3.222687721559781e-5
駱宏,PERSON,5,6.006006006006006e-4,0.010106088921800638,118.14803519999626,3.3025099075297225e-5
駱德,PERSON,8,9.609609609609609e-4,0.02178251305437464,532.5523691977385,3.4489894460922946e-5
駱淸,PERSON,48,0.005765765765765766,0.09390685431020405,40928.130111721526,4.009301579664822e-5
駱淸華,PERSON,8,9.609609609609609e-4,0.027504937525544292,4093.681330089498,3.610108303249098e-5
駱美,PERSON,2,2.4024024024024023e-4,0.0026909410896577253,5.046483801701634,3.189182293659906e-5
駿侍,PERSON,3,3.6036036036036037e-4,0.0011541878809954924,0.15789473684210525,3.166160081053698e-5
駿泣,PERSON,3,3.6036036036036037e-4,0.0011541878809954926,0.15789473684210525,3.166160081053698e-5
騷馬,PERSON,7,8.408408408408409e-4,0.02767865500269452,480.29727571669935,3.3847820200379094e-5
驊同,PERSON,8,9.609609609609609e-4,0.008379447894005958,138.4899870340173,3.2892572857048876e-5
驊管,PERSON,9,0.001081081081081081,0.020840457562963436,1410.618038237952,3.529827038475115e-5
驥德,PERSON,2,2.4024024024024023e-4,6.587809966341869e-4,0.2847992014371325,3.1645569620253167e-5
驥昌,PERSON,7,8.408408408408409e-4,0.014668559590485044,876.1411339420099,3.4385530568736674e-5
體育,ORG,8,9.609609609609609e-4,0.01937801476787706,6473.195635666718,4.2936882782310004e-5
高丙炎,PERSON,3,3.6036036036036037e-4,0.0010616436936611334,0.2841238564773236,3.1709791983764585e-5
高中部,ORG,4,4.8048048048048047e-4,0.01657362271716439,2268.079999440053,4.291845493562232e-5
高光達,PERSON,6,7.207207207207207e-4,0.01687415935618808,775.8967028659663,3.429355281207133e-5
高兩,PERSON,4,4.8048048048048047e-4,0.011060730322090033,603.7355239679507,3.4059945504087195e-5
高博,PERSON,2,2.4024024024024023e-4,5.679995347648312e-4,0.05,3.165558721114277e-5
高叔安,PERSON,3,3.6036036036036037e-4,0.010002217362508323,135.27609714198354,3.316529583443884e-5
高叔康,PERSON,5,6.006006006006006e-4,0.004272268762601612,39.00834064906958,3.2036906516306786e-5
高吹萬,PERSON,16,0.0019219219219219219,0.029729130637689234,1146.1427101124061,3.434537711224069e-5
高堂,PERSON,3,3.6036036036036037e-4,0.010054606654089245,21.81379750771509,3.3460483169376966e-5
高奎,PERSON,4,4.8048048048048047e-4,0.011632450896750302,291.13651510072094,3.3178500331785e-5
高尙,PERSON,14,0.0016816816816816818,0.039367305149823985,9962.299305381634,3.728560775540641e-5
高尙德,PERSON,5,6.006006006006006e-4,0.010106088921800638,118.14803519999626,3.3025099075297225e-5
高巍,PERSON,1,1.2012012012012012e-4,0.00866436578962014,0,3.400435255712731e-5
高建,PERSON,5,6.006006006006006e-4,0.002260020860158816,2.678688658930617,3.17017499365965e-5
高成,PERSON,1,1.2012012012012012e-4,2.7928696585463586e-4,0,3.162555344718533e-5
高方,PERSON,7,8.408408408408409e-4,0.007076621532584773,53.84965423098826,3.2354083085285365e-5
高景,PERSON,2,2.4024024024024023e-4,0.006967976565524215,24.082354120731317,3.269042170644001e-5
高橋公共汽車,ORG,15,0.0018018018018018018,0.019352410661006667,5447.36377376765,4.2959017097688804e-5
高永强,PERSON,2,2.4024024024024023e-4,0.009592995499271855,16.10224503881566,3.400666530640005e-5
高永泉,PERSON,3,3.6036036036036037e-4,0.013922992504560399,312.97427616471094,3.4169343265222444e-5
高淸,PERSON,5,6.006006006006006e-4,0.008388932296133706,173.52543655094541,3.3548040794417606e-5
高盛,PERSON,14,0.0016816816816816818,0.04901347590846239,9919.467366998993,3.7893141341417206e-5
高盛麟,PERSON,99,0.011891891891891892,0.1535986619406894,176403.4822680723,4.406451044328897e-5
高碩德,ORG,14,0.0016816816816816818,0.020024502733350144,16623.370275326175,4.29553264604811e-5
高维廉,PERSON,6,7.207207207207207e-4,0.0272756990113534,1720.9932620605616,3.535067873303168e-5
高茂萊,PERSON,11,0.0013213213213213214,0.03884694058803916,1970.678483665212,3.500910236661532e-5
高華,PERSON,10,0.0012012012012012011,0.03784536543555878,1800.9700697346723,3.4989503149055284e-5
高蔭,PERSON,1,1.2012012012012012e-4,3.5729113340095953e-4,0,3.170577045022194e-5
高觀,PERSON,1,1.2012012012012012e-4,3.8916307814442646e-4,0,3.1695721077654516e-5
高誼,PERSON,13,0.0015615615615615615,0.012828415011571984,2961.9497133704376,3.370635027639207e-5
高軒,PERSON,39,0.0046846846846846845,0.03925447189275228,22140.236014102007,3.614022406938923e-5
高軒賁,PERSON,6,7.207207207207207e-4,0.0032618052674298088,6.5446831154118295,3.17218627077782e-5
高逸,PERSON,3,3.6036036036036037e-4,0.0021459478033829097,127.43232132863255,3.186540054808489e-5
高逸鴻,PERSON,4,4.8048048048048047e-4,0.003021117227505042,3.0086207841277735,3.176014736708378e-5
高院,ORG,21,0.0025225225225225223,0.04293901224024522,6891.21761483437,4.298117424568039e-5
高陽共軍,ORG,11,0.0013213213213213214,0.022285578054962316,4194.137575965185,4.294794708812919e-5
高雪,PERSON,3,3.6036036036036037e-4,0.008166484072258126,145.71102886183576,3.302073702285035e-5
髙永泉,PERSON,7,8.408408408408409e-4,0.01483207067462722,727.8509889492835,3.457814661134163e-5
魁劉,PERSON,3,3.6036036036036037e-4,0.003560605788958046,16.246700138563867,3.2127481847972756e-5
魏伯楨,PERSON,10,0.0012012012012012011,0.006129787251175365,567.3674677750367,3.196522183863956e-5
魏俊臣,PERSON,1,1.2012012012012012e-4,0.0010396489255900595,0,3.173394262503174e-5
魏元,PERSON,1,1.2012012012012012e-4,0.008664365789620137,0,3.400435255712731e-5
魏國珍,PERSON,3,3.6036036036036037e-4,0.008394630905946951,15.873785038424115,3.3101621979477e-5
魏廷,PERSON,1,1.2012012012012012e-4,0.0010396489255900597,0,3.173394262503174e-5
魏德邁,PERSON,10,0.0012012012012012011,0.021473819546404684,1261.668089626234,3.391440005426304e-5
魏斅,PERSON,5,6.006006006006006e-4,0.0040809044303776335,18.919364027845845,3.2100667693888034e-5
魏文翰,PERSON,23,0.002762762762762763,0.03704152827737673,6733.580464432211,3.520630897056752e-5
魏景蒙,PERSON,9,0.001081081081081081,0.008364336459657612,649.3278687685519,3.2716089772950334e-5
魏汝,PERSON,4,4.8048048048048047e-4,0.007352731978671451,59.746961717430565,3.236874474007898e-5
魏蓮芳,PERSON,6,7.207207207207207e-4,0.027275699011353412,1720.9932620605616,3.535067873303168e-5
魏蘭芳,PERSON,3,3.6036036036036037e-4,0.008394630905946953,15.873785038424115,3.3101621979477e-5
魏金,PERSON,7,8.408408408408409e-4,0.027678655002694515,480.29727571669935,3.3847820200379094e-5
魏鳳娟,PERSON,6,7.207207207207207e-4,0.011182903197509203,1407.27582278481,3.375185635209936e-5
魯克斯,PERSON,2,2.4024024024024023e-4,0.001122677883842025,1.900025780466493,3.171180313312615e-5
魯兩,PERSON,3,3.6036036036036037e-4,0.004556664630359589,82.82966821872313,3.240650722665111e-5
魯指,PERSON,6,7.207207207207207e-4,0.010892416593343527,366.7125957675009,3.355704697986577e-5
魯文,PERSON,13,0.0015615615615615615,0.018751534708401553,1492.2465937039783,3.461405330564209e-5
魯繼,PERSON,3,3.6036036036036037e-4,0.006286699260925847,190.8921735777437,3.233525189161224e-5
魯肅,PERSON,3,3.6036036036036037e-4,0.015275997019294128,420.14624893103274,3.45972875726543e-5
魯覺,PERSON,3,3.6036036036036037e-4,0.015275997019294132,420.14624893103274,3.45972875726543e-5
魯迅,PERSON,39,0.0046846846846846845,0.07946632383741634,30778.92651907597,3.87807337314822e-5
魯錦臣,PERSON,7,8.408408408408409e-4,0.023688494174609352,929.0681891487944,3.4020548411240386e-5
魯門,PERSON,2,2.4024024024024023e-4,0.0013913105826181718,0.045454545454545456,3.166160081053698e-5
魯鴻,PERSON,3,3.6036036036036037e-4,0.004825102433999202,62.27350316966019,3.212954633080581e-5
鮑亞,PERSON,5,6.006006006006006e-4,0.004080904430377633,18.919364027845845,3.2100667693888034e-5
鮑哲,PERSON,3,3.6036036036036037e-4,0.008042392983777392,158.98413549945283,3.355254328278084e-5
鮑國芳,PERSON,5,6.006006006006006e-4,0.00633664830915262,78.80545529604122,3.244014792707455e-5
鮑樂,PERSON,27,0.003243243243243243,0.03380737916249636,5866.404493602905,3.5124692658939236e-5
鮑正,PERSON,3,3.6036036036036037e-4,0.005438038597406124,49.609644708344774,3.243593902043464e-5
鮑萊,PERSON,17,0.002042042042042042,0.038586527673110015,13268.150645098074,3.701784260013326e-5
鯉庭,PERSON,2,2.4024024024024023e-4,0.005513421202363542,1.582834490083944,3.2258064516129034e-5
鯨身,PERSON,2,2.4024024024024023e-4,0.00958779447659531,106.7149017249399,3.408548639989093e-5
鳳丹,PERSON,2,2.4024024024024023e-4,0.006967976565524215,24.082354120731317,3.269042170644001e-5
鳳姜,PERSON,5,6.006006006006006e-4,0.010106088921800637,118.14803519999626,3.3025099075297225e-5
鳳娟,PERSON,3,3.6036036036036037e-4,0.011624632504712115,449.0017248223924,3.4258307639602604e-5
鳳恩,PERSON,5,6.006006006006006e-4,0.01583133858742383,508.1961196048012,3.4267699266671235e-5
鳳爲,PERSON,3,3.6036036036036037e-4,0.008704046433780109,129.52438013015993,3.354128932716174e-5
鳳訂,PERSON,5,6.006006006006006e-4,0.008388932296133706,173.52543655094541,3.3548040794417606e-5
鳴劉,PERSON,9,0.001081081081081081,0.006392699524589512,1.2948917180374984,3.1746031746031745e-5
鳴史,PERSON,9,0.001081081081081081,0.012058727667521297,163.1970346503108,3.293373732051113e-5
鳴孫,PERSON,1,1.2012012012012012e-4,0.007287514023917678,0,3.309723969020984e-5
鴻信,PERSON,1,1.2012012012012012e-4,0.005957128144685048,0,3.34001336005344e-5
鴻元,PERSON,15,0.0018018018018018018,0.03147027983013143,9377.001907684085,3.675659780930677e-5
鴻大,ORG,7,8.408408408408409e-4,0.02139084196696675,1502.1601244749888,4.292950974499871e-5
鴻律,PERSON,2,2.4024024024024023e-4,9.18825668646487e-4,1.5039057813604082,3.173394262503174e-5
鴻文,PERSON,3,3.6036036036036037e-4,0.006046392795351701,58.27149397711755,3.2285142377477883e-5
鴻根,PERSON,1,1.2012012012012012e-4,0.007287514023917677,0,3.309723969020984e-5
鴻欽,PERSON,5,6.006006006006006e-4,0.00482365127771383,148.08245019116586,3.238971302714258e-5
鴻烈,PERSON,20,0.0024024024024024023,0.01317797204412959,676.8144121365216,3.249918752031199e-5
鴻生,PERSON,46,0.005525525525525526,0.06778847938335128,39877.251640542185,3.9178812098417176e-5
鴻福,PERSON,8,9.609609609609609e-4,0.013607640583828469,865.4911893050856,3.3783783783783784e-5
鴻程,PERSON,9,0.001081081081081081,0.02157366065430667,967.9523097490462,3.473669584549118e-5
鴻翥,PERSON,3,3.6036036036036037e-4,0.0032049150093768457,2.4817835973184477,3.197748784855462e-5
鴻運,PERSON,5,6.006006006006006e-4,0.005591014732576228,242.75953163437097,3.2356176794150005e-5
鴻韶,PERSON,2,2.4024024024024023e-4,0.011924269111607278,432.687508239035,3.44044588178628e-5
鵬仲,PERSON,4,4.8048048048048047e-4,0.010555981330179336,318.08474722567826,3.371544167228591e-5
鵬叔,PERSON,4,4.8048048048048047e-4,0.009213025685857966,76.62484877807492,3.3200531208499335e-5
鵬年,PERSON,2,2.4024024024024023e-4,0.006967976565524214,24.082354120731317,3.269042170644001e-5
鵬飛,PERSON,6,7.207207207207207e-4,0.002298458565519758,1.6813576810374764,3.1729914963827895e-5
鶯音,PERSON,6,7.207207207207207e-4,0.01743515909946234,1789.719228902623,3.507049168829347e-5
鶴僕,PERSON,3,3.6036036036036037e-4,0.003145947683775037,8.92648584527881,3.1912177687005363e-5
鶴爲,PERSON,4,4.8048048048048047e-4,0.0014435644736360965,0.2608695652173913,3.166561114629513e-5
鶴礽,PERSON,18,0.002162162162162162,0.0599852029054196,6773.149630945264,3.759681179036018e-5
鶴袁,PERSON,9,0.001081081081081081,0.006392699524589513,1.2948917180374984,3.1746031746031745e-5
鸞結,PERSON,2,2.4024024024024023e-4,0.0014360969314312143,0.5752070517687443,3.174804749507905e-5
鹽業工會,ORG,79,0.009489489489489489,0.08339048963798269,28518.828844166703,4.3196544276457885e-5
麒兩,PERSON,4,4.8048048048048047e-4,0.00786092743487536,52.307729725569054,3.340682835571591e-5
麗安百貨公司,ORG,34,0.004084084084084084,0.04777635903180308,11576.611280024998,4.303296324984939e-5
麗琴,PERSON,2,2.4024024024024023e-4,7.255159986256992e-4,0.034482758620689655,3.167564143173899e-5
麗華,PERSON,2,2.4024024024024023e-4,0.002277787011830329,3.501056180548725,3.209654641160611e-5
麗都花園,ORG,52,0.006246246246246246,0.04597140727267944,37786.90381500837,4.309973278165675e-5
麗雪,PERSON,4,4.8048048048048047e-4,0.008366771104785545,52.9343858105446,3.3103813559322034e-5
麟兩,PERSON,1,1.2012012012012012e-4,3.891630781444268e-4,0,3.1695721077654516e-5
麟史,PERSON,9,0.001081081081081081,0.027113772111367264,2690.443770024964,3.5642999714856005e-5
麟方,PERSON,4,4.8048048048048047e-4,0.012670906611790045,285.68269213796316,3.37997701615629e-5
麟江,PERSON,3,3.6036036036036037e-4,0.003002095420505917,23.768865266919708,3.198362438431523e-5
麟白,PERSON,9,0.001081081081081081,0.020840457562963446,1410.618038237952,3.529827038475115e-5
麟舍,PERSON,6,7.207207207207207e-4,0.014411723880959886,250.80825175331708,3.381348481774532e-5
麥令斯,PERSON,7,8.408408408408409e-4,0.013167368684964029,1366.022189017613,3.34001336005344e-5
麥克茂萊,PERSON,17,0.002042042042042042,0.04404565414031008,4872.140619235168,3.56531660011409e-5
麥其路,PERSON,24,0.002882882882882883,0.05747756903036705,20390.9186410101,3.98851308232291e-5
麥加利,ORG,6,7.207207207207207e-4,0.02055547355433582,1004.1282242231841,4.292582417582418e-5
麥城,PERSON,2,2.4024024024024023e-4,0.0017468999148220936,4.837797910604474,3.185930929017459e-5
麥律希,PERSON,5,6.006006006006006e-4,0.005233187525283748,223.05625409020251,3.241070849808777e-5
麥特,PERSON,3,3.6036036036036037e-4,0.006571215423757702,25.713226424077614,3.266906239790918e-5
黃乃人,PERSON,1,1.2012012012012012e-4,0.007287514023917678,0,3.309723969020984e-5
黃九,PERSON,3,3.6036036036036037e-4,0.003204915009376847,2.4817835973184477,3.197748784855462e-5
黃亮,PERSON,5,6.006006006006006e-4,0.011037139236848832,125.03645811581943,3.277399056109072e-5
黃仁,PERSON,11,0.0013213213213213214,0.01742372635522527,1510.2849565073018,3.380205516495403e-5
黃伯樵,PERSON,5,6.006006006006006e-4,0.012217639402331674,622.3090832554306,3.408083975189148e-5
黃佳,PERSON,3,3.6036036036036037e-4,0.001911807023148324,1.2877866712209431,3.174401625293632e-5
黃元,PERSON,3,3.6036036036036037e-4,0.00328880779234297,153.54193977737557,3.208007185936096e-5
黃克勤,PERSON,7,8.408408408408409e-4,0.011111469173580907,933.2271883101185,3.320714617785747e-5
黃卷,PERSON,2,2.4024024024024023e-4,7.750665576789088e-4,0.7352342292962631,3.171180313312615e-5
黃及時,PERSON,6,7.207207207207207e-4,0.01582048373800138,1025.2535560947676,3.471981112422748e-5
黃嘉德,PERSON,4,4.8048048048048047e-4,0.0016319870171358412,3.004631250901446,3.170577045022194e-5
黃子,PERSON,3,3.6036036036036037e-4,0.003204915009376846,2.4817835973184477,3.197748784855462e-5
黃孟,PERSON,2,2.4024024024024023e-4,0.009592995499271848,16.10224503881566,3.400666530640005e-5
黃季,PERSON,1,1.2012012012012012e-4,0.00866436578962014,0,3.400435255712731e-5
黃宇人,PERSON,2,2.4024024024024023e-4,0.009069702448310363,54.373300114906755,3.400666530640005e-5
黃家,PERSON,4,4.8048048048048047e-4,0.004700450151931147,37.63387724947352,3.225390272222939e-5
黃將,PERSON,4,4.8048048048048047e-4,0.007352731978671457,59.746961717430565,3.236874474007898e-5
黃少,PERSON,7,8.408408408408409e-4,0.016622795588517734,306.9212772793944,3.355029188753942e-5
黃式,PERSON,4,4.8048048048048047e-4,0.003978193067939153,327.69818261211157,3.206155819172812e-5
黃律,PERSON,6,7.207207207207207e-4,0.013290911257456345,200.34676375923544,3.362700921380053e-5
黃德華,PERSON,6,7.207207207207207e-4,0.013290911257456331,200.34676375923544,3.362700921380053e-5
黃志剛,PERSON,6,7.207207207207207e-4,0.026379160552445307,4253.231249322085,3.7020583444395086e-5
黃慶,PERSON,2,2.4024024024024023e-4,6.269218673298666e-4,0.047619047619047616,3.165759149043941e-5
黃振世,PERSON,14,0.0016816816816816818,0.022840740802230062,5854.347353323927,3.53431823001343e-5
黃振寰,PERSON,4,4.8048048048048047e-4,0.013869862134917697,64.58532128018153,3.332666799973339e-5
黃振東,PERSON,5,6.006006006006006e-4,0.008896309424278163,648.6603531364918,3.358183894150044e-5
黃故,PERSON,1,1.2012012012012012e-4,2.741675398125984e-4,0,3.162155325069567e-5
黃旭,PERSON,2,2.4024024024024023e-4,0.0040319002413540285,27.430405048986493,3.222687721559781e-5
黃月,PERSON,6,7.207207207207207e-4,0.012176088278678393,382.2442872706947,3.402517863218782e-5
黃朝琴,PERSON,9,0.001081081081081081,0.016083458145752624,1960.7021241236728,3.4882098507046184e-5
黃桂,PERSON,7,8.408408408408409e-4,0.02767865500269451,480.29727571669935,3.3847820200379094e-5
黃桐生,PERSON,4,4.8048048048048047e-4,0.015308960244176007,531.8404200235626,3.440919413667332e-5
黃次,PERSON,4,4.8048048048048047e-4,0.0015365652320974332,2.086846584705914,3.172790151659369e-5
黃浦分局,ORG,3,3.6036036036036037e-4,0.01865031137858923,2793.8921993332665,4.291477126426916e-5
黃浴,PERSON,5,6.006006006006006e-4,0.007101203938386286,18.87665414648633,3.2127481847972756e-5
黃涵,PERSON,6,7.207207207207207e-4,0.006534884158777786,65.99356561984139,3.227263925643839e-5
黃漢,PERSON,1,1.2012012012012012e-4,3.034016928396809e-4,0,3.168567807351077e-5
黃炎,PERSON,7,8.408408408408409e-4,0.017647932332197636,2000.7685765381236,3.548364204101909e-5
黃炎培,PERSON,7,8.408408408408409e-4,0.015815197841811998,648.7752802955406,3.342245989304813e-5
黃炳,PERSON,3,3.6036036036036037e-4,0.010002217362508326,135.27609714198354,3.316529583443884e-5
黃燕堂,PERSON,4,4.8048048048048047e-4,0.01386986213491769,64.58532128018153,3.332666799973339e-5
黃琳,PERSON,3,3.6036036036036037e-4,0.012049056922188871,12.27847436442589,3.4008978370289756e-5
黃百,PERSON,5,6.006006006006006e-4,0.00762689951848405,160.41698049139092,3.237503237503238e-5
黃祥,PERSON,6,7.207207207207207e-4,0.0037071603829853905,2.7082164108705853,3.172387538861747e-5
黃立生,PERSON,1,1.2012012012012012e-4,0.008664365789620139,0,3.400435255712731e-5
黃紹,PERSON,13,0.0015615615615615615,0.03202284686114219,8878.057151644629,3.6560397777127814e-5
黃紹慈,PERSON,9,0.001081081081081081,0.021824502529691037,1256.6181197464418,3.506803198204517e-5
黃紹竑,PERSON,12,0.0014414414414414415,0.02592188839725043,721.5934125965243,3.367683707146225e-5
黃統,PERSON,3,3.6036036036036037e-4,0.0030674689716283458,0.9487453334324024,3.183091418385536e-5
黃警,PERSON,1,1.2012012012012012e-4,2.701456998835664e-4,0,3.1633556877135266e-5
黃財,PERSON,8,9.609609609609609e-4,0.0034542308968177077,11.917367657986436,3.174401625293632e-5
黃賓虹,PERSON,9,0.001081081081081081,0.010796826555790283,157.31362262514577,3.2324799586242565e-5
黃逸,PERSON,4,4.8048048048048047e-4,0.013869862134917687,64.58532128018153,3.332666799973339e-5
黃道會,ORG,10,0.0012012012012012011,0.033912541355534995,4067.4953302773715,4.294057025077293e-5
黃郛,PERSON,1,1.2012012012012012e-4,7.732780585623032e-4,0,3.171180313312615e-5
黃金,PERSON,83,0.00996996996996997,0.11146726065463652,82457.29643484765,4.064710186163727e-5
黃香,PERSON,5,6.006006006006006e-4,0.01171489383569839,1161.1421841368808,3.403907686023555e-5
黄伯樵,PERSON,17,0.002042042042042042,0.022402325284175944,1178.7157605231384,3.3763252076440005e-5
黄佳馥,PERSON,3,3.6036036036036037e-4,0.005438038597406122,49.609644708344774,3.243593902043464e-5
黄元彬,PERSON,4,4.8048048048048047e-4,0.0013432273323401992,0.5454545454545454,3.164156435894191e-5
黄元珍,PERSON,3,3.6036036036036037e-4,0.006643166885240421,42.05641769540766,3.294241665568586e-5
黄光祿,PERSON,5,6.006006006006006e-4,0.003052354235044303,8.251485943736157,3.1861339450710506e-5
黄如,PERSON,1,1.2012012012012012e-4,6.579306877011923e-4,0,3.1750063500127e-5
黄子,PERSON,3,3.6036036036036037e-4,0.013922992504560394,312.97427616471094,3.4169343265222444e-5
黄宇人,PERSON,1,1.2012012012012012e-4,0.0026001497519920333,0,3.2028697713150986e-5
黄家,PERSON,40,0.004804804804804805,0.06054946714337291,32704.828113653617,3.9541320680110714e-5
黄慶,PERSON,2,2.4024024024024023e-4,0.00465825199298391,2.8611597954819303,3.222687721559781e-5
黄振世,PERSON,19,0.0022822822822822822,0.03245212212600973,4282.182292912527,3.5169163677287755e-5
黄桐生,PERSON,8,9.609609609609609e-4,0.021782513054374647,532.5523691977385,3.4489894460922946e-5
黄欽,PERSON,5,6.006006006006006e-4,0.010011597431053145,240.65928237132593,3.365643511039311e-5
黄涵之,PERSON,4,4.8048048048048047e-4,0.008188050335937808,87.41071771461829,3.2994588887422464e-5
黄燕堂,PERSON,18,0.002162162162162162,0.01478873767729338,201.67545512535725,3.249496328069149e-5
黄琪翔,PERSON,3,3.6036036036036037e-4,0.007149375812880612,64.5461251024404,3.2713949227950796e-5
黄益壽,PERSON,8,9.609609609609609e-4,0.006479214062143881,815.6408661716661,3.2362459546925564e-5
黄祖培,PERSON,3,3.6036036036036037e-4,0.005679307475017705,50.8155508556313,3.242962770787391e-5
黄秉鈞,PERSON,6,7.207207207207207e-4,0.003371719730179142,28.478568813996905,3.188368830506313e-5
黄立,PERSON,7,8.408408408408409e-4,0.023688494174609345,929.0681891487944,3.4020548411240386e-5
黄紹竑,PERSON,2,2.4024024024024023e-4,0.0014689275734644962,78.85575142302831,3.177427554651754e-5
黄維永,PERSON,3,3.6036036036036037e-4,0.008394630905946956,15.873785038424115,3.3101621979477e-5
黄金榮,PERSON,17,0.002042042042042042,0.01797127799724824,4797.287915853149,3.3795201081446433e-5
黎照寰,PERSON,2,2.4024024024024023e-4,0.011519252717289213,166.19785782117216,3.3763252076440005e-5
黎連城,PERSON,1,1.2012012012012012e-4,0.008664365789620139,0,3.400435255712731e-5
黎離,PERSON,9,0.001081081081081081,0.01743693774595482,122.44182752488796,3.404371212637026e-5
黎頻,PERSON,2,2.4024024024024023e-4,5.679995347648311e-4,0.05,3.165558721114277e-5
默如,PERSON,2,2.4024024024024023e-4,0.006345737002595774,18.57962516909915,3.340236488743403e-5
默庵,PERSON,4,4.8048048048048047e-4,0.0017682022100377808,184.584516514748,3.180459258316901e-5
點潘,PERSON,1,1.2012012012012012e-4,7.070203701573331e-4,0,3.1758130081300816e-5
黨參,ORG,18,0.002162162162162162,0.025634481559191177,3697.396633082342,4.2970092815400483e-5
黨吳,PERSON,4,4.8048048048048047e-4,0.007352731978671454,59.746961717430565,3.236874474007898e-5
黨常,ORG,12,0.0014414414414414415,0.018284586523968353,7778.700827219631,4.294794708812919e-5
黨蔣,PERSON,5,6.006006006006006e-4,0.010654304170531596,128.8504303824068,3.4036759700476515e-5
黨謝,PERSON,4,4.8048048048048047e-4,0.009770143025983821,215.69612140413477,3.401129174886062e-5
鼎盛,PERSON,4,4.8048048048048047e-4,0.010476227109108295,242.3346722419097,3.411339291805963e-5
鼓王,PERSON,7,8.408408408408409e-4,0.011359972633530254,790.6473321794142,3.407619437061269e-5
齊廉,PERSON,1,1.2012012012012012e-4,0.002787309830760586,0,3.228722717293039e-5
齊植,PERSON,5,6.006006006006006e-4,0.015097467801323806,124.28719872113183,3.3377837116154874e-5
齊白石,PERSON,8,9.609609609609609e-4,0.010042460247284434,72.32870814931653,3.230808994572241e-5
齊致,PERSON,2,2.4024024024024023e-4,0.008766472903240112,79.54108101827777,3.3018556428712935e-5
齊醫,PERSON,1,1.2012012012012012e-4,6.447707875682825e-4,0,3.171180313312615e-5
齊魯企業公司,ORG,9,0.001081081081081081,0.028356343624790736,14072.739397218154,4.2936882782310004e-5
齊魯企業股份有限公司上海辦事,ORG,16,0.0019219219219219219,0.023986359046244965,5093.754338975723,4.296270836913559e-5
齊魯公司,ORG,1,1.2012012012012012e-4,0.01641616534466388,0,4.290740581824423e-5
齋文,PERSON,3,3.6036036036036037e-4,0.002017877260459032,3.185132669229457,3.182281059063136e-5
齡報,PERSON,1,1.2012012012012012e-4,0.0012674058119779806,0,3.181876034109711e-5
齡姪,PERSON,3,3.6036036036036037e-4,0.008984615214494437,116.28256708398199,3.354128932716174e-5
齡結,PERSON,1,1.2012012012012012e-4,7.098508719516959e-4,0,3.173394262503174e-5
齡談,PERSON,3,3.6036036036036037e-4,0.010002217362508323,135.27609714198354,3.316529583443884e-5
齡鄧,PERSON,2,2.4024024024024023e-4,0.0014360969314312143,0.5752070517687443,3.174804749507905e-5
龍兩,PERSON,4,4.8048048048048047e-4,0.004700450151931145,37.63387724947352,3.225390272222939e-5
龍沛,PERSON,30,0.0036036036036036037,0.09134153575840535,22952.85421461959,4.065701740120345e-5
龍泉,PERSON,4,4.8048048048048047e-4,0.002009320064740676,15.423830762040794,3.1832940727064365e-5
龍潭,PERSON,4,4.8048048048048047e-4,0.012262490915419122,482.0682132597925,3.427239701144698e-5
龍育,PERSON,6,7.207207207207207e-4,0.014411723880959881,250.80825175331708,3.381348481774532e-5
龍章,PERSON,8,9.609609609609609e-4,0.02442081489486461,1662.8735586446578,3.3850111705368625e-5
龔兆,PERSON,4,4.8048048048048047e-4,0.008188050335937813,87.41071771461829,3.2994588887422464e-5
龔厂,PERSON,3,3.6036036036036037e-4,0.010629738730158862,21.45554897877954,3.4008978370289756e-5
龔志,PERSON,6,7.207207207207207e-4,0.003707160382985389,2.7082164108705853,3.172387538861747e-5
龔秋,PERSON,23,0.002762762762762763,0.009276823574065077,329.9241751799904,3.1812686899535535e-5
龔秋霞,PERSON,21,0.0025225225225225223,0.010856076702691826,363.03590013814824,3.205539171688678e-5
龔賜福,PERSON,5,6.006006006006006e-4,0.006336648309152618,78.80545529604122,3.244014792707455e-5
龔遂,PERSON,5,6.006006006006006e-4,0.00838893229613371,173.52543655094541,3.3548040794417606e-5
龔邦,PERSON,3,3.6036036036036037e-4,0.008394630905946953,15.873785038424115,3.3101621979477e-5
龔醒,PERSON,1,1.2012012012012012e-4,6.447707875682823e-4,0,3.171180313312615e-5
龔雨,PERSON,15,0.0018018018018018018,0.04194615902043294,4707.480471997511,3.670532961385993e-5
