"SUID","AverageShortestPathLength","BetweennessCentrality","ClosenessCentrality","ClusteringCoefficient","Degree","Eccentricity","IsSingleNode","name","NeighborhoodConnectivity","NumberOfDirectedEdges","NumberOfUndirectedEdges","PartnerOfMultiEdgedNodePairs","Radiality","selected","SelfLoops","shared name","Stress","TopologicalCoefficient","Type"
"72","3.44448336","2.569E-5","0.2903193","0.0","5","4","false","龔燕","141.4","5","0","0","0.51110333","false","0","龔燕","50606","0.24290657","PERSON"
"73","3.38353765","2.4991E-4","0.29554865","0.0","9","4","false","龍章","109.11111111","9","0","0","0.52329247","false","0","龍章","168128","0.1635569","PERSON"
"74","3.74500876","0.0","0.26702207","0.0","1","5","false","龍游","157.0","1","0","0","0.45099825","false","0","龍游","0","0.0","PERSON"
"75","3.74500876","0.0","0.26702207","0.0","1","5","false","龍泉","157.0","1","0","0","0.45099825","false","0","龍泉","0","0.0","PERSON"
"76","3.82837128","0.0","0.26120769","0.0","1","5","false","龍任","38.0","1","0","0","0.43432574","false","0","龍任","0","0.0","PERSON"
"77","3.67425569","0.0","0.27216397","0.0","1","5","false","齋陸","258.0","1","0","0","0.46514886","false","0","齋陸","0","0.0","PERSON"
"78","3.80525394","1.0E-8","0.26279455","0.0","3","5","false","齋王","69.0","3","0","0","0.43894921","false","0","齋王","6","1.0","PERSON"
"79","3.72189142","1.61E-6","0.26868059","0.0","5","4","false","齋徐","96.0","5","0","0","0.45562172","false","0","齋徐","2072","0.52197802","PERSON"
"80","3.79404553","3.68E-6","0.2635709","0.0","15","4","false","齋常","38.6","15","0","0","0.44119089","false","0","齋常","3374","0.54492754","PERSON"
"81","3.44028021","0.0","0.290674","0.0","1","4","false","齋何","589.0","1","0","0","0.51194396","false","0","齋何","0","0.0","PERSON"
"82","3.09281961","0.00157733","0.32332956","0.0","17","4","false","齊燮元","120.0","17","0","0","0.58143608","false","0","齊燮元","2771230","0.11142322","PERSON"
"83","3.43957968","1.99E-6","0.2907332","0.0","2","4","false","齊燮","315.0","2","0","0","0.51208406","false","0","齊燮","1098","0.53401361","PERSON"
"84","3.43957968","1.99E-6","0.2907332","0.0","2","4","false","齊求","315.0","2","0","0","0.51208406","false","0","齊求","1098","0.53401361","PERSON"
"85","3.43957968","1.99E-6","0.2907332","0.0","2","4","false","齊孫","315.0","2","0","0","0.51208406","false","0","齊孫","1098","0.53401361","PERSON"
"86","3.67425569","0.0","0.27216397","0.0","1","5","false","鼎元","258.0","1","0","0","0.46514886","false","0","鼎元","0","0.0","PERSON"
"87","3.17267951","1.7636E-4","0.31519099","0.0","4","4","false","黄首民","355.75","4","0","0","0.5654641","false","0","黄首民","410018","0.36685626","PERSON"
"88","3.83747811","1.2E-7","0.26058781","0.0","5","5","false","黄頃蓀","21.0","5","0","0","0.43250438","false","0","黄頃蓀","20","1.0","PERSON"
"89","3.73870403","2.34E-6","0.26747236","0.0","6","4","false","黄錦帆","67.16666667","6","0","0","0.45225919","false","0","黄錦帆","1150","0.42144374","PERSON"
"90","3.74430823","3.19E-6","0.26707203","0.0","4","4","false","黄胤","63.25","4","0","0","0.45113835","false","0","黄胤","3288","0.41225166","PERSON"
"91","3.80105079","2.89E-6","0.26308515","0.0","2","4","false","黄筱彤","38.0","2","0","0","0.43978984","false","0","黄筱彤","148","0.51388889","PERSON"
"92","3.84448336","0.0","0.26011297","0.0","1","5","false","黄盛興","15.0","1","0","0","0.43110333","false","0","黄盛興","0","0.0","PERSON"
"93","3.39684764","9.228E-5","0.2943906","0.0","9","4","false","黄申甫","95.22222222","9","0","0","0.52063047","false","0","黄申甫","121202","0.14676359","PERSON"
"94","3.21821366","5.9776E-4","0.31073139","0.0","12","4","false","黄涵之","101.66666667","12","0","0","0.55635727","false","0","黄涵之","413780","0.11260254","PERSON"
"95","3.47250438","2.486E-5","0.2879766","0.0","6","4","false","黄涵","109.5","6","0","0","0.50549912","false","0","黄涵","11594","0.20204842","PERSON"
"96","3.61471103","2.422E-5","0.27664729","0.0","3","5","false","黄楚九","135.66666667","3","0","0","0.47705779","false","0","黄楚九","29634","0.39607843","PERSON"
"97","3.84448336","0.0","0.26011297","0.0","1","5","false","黄成孚","15.0","1","0","0","0.43110333","false","0","黄成孚","0","0.0","PERSON"
"98","3.84448336","0.0","0.26011297","0.0","1","5","false","黄愼康","15.0","1","0","0","0.43110333","false","0","黄愼康","0","0.0","PERSON"
"99","3.83747811","1.2E-7","0.26058781","0.0","5","5","false","黄塵","21.0","5","0","0","0.43250438","false","0","黄塵","20","1.0","PERSON"
"100","3.82416813","3.0E-8","0.26149478","0.0","2","5","false","黄吉文","40.0","2","0","0","0.43516637","false","0","黄吉文","14","0.92857143","PERSON"
"101","3.15936953","3.9641E-4","0.31651885","0.0","7","4","false","黄伯雨","214.85714286","7","0","0","0.56812609","false","0","黄伯雨","550406","0.21755559","PERSON"
"102","3.73870403","2.34E-6","0.26747236","0.0","6","4","false","黄伯惠","67.16666667","6","0","0","0.45225919","false","0","黄伯惠","1150","0.42144374","PERSON"
"103","3.17267951","1.7636E-4","0.31519099","0.0","4","4","false","黄伯兩","355.75","4","0","0","0.5654641","false","0","黄伯兩","410018","0.36685626","PERSON"
"104","3.58949212","2.5577E-4","0.27859094","0.0","8","4","false","黃金","92.375","8","0","0","0.48210158","false","0","黃金","204594","0.24830163","PERSON"
"105","3.84658494","0.0","0.25997086","0.0","1","5","false","黃道","12.0","1","0","0","0.43068301","false","0","黃道","0","0.0","PERSON"
"106","3.81155867","1.5E-7","0.26235986","0.0","2","5","false","黃虨廷","46.0","2","0","0","0.43768827","false","0","黃虨廷","62","0.75","PERSON"
"107","3.30087566","1.9428E-4","0.30294992","0.0","9","4","false","黃素","126.88888889","9","0","0","0.53982487","false","0","黃素","353218","0.16160319","PERSON"
"108","3.79754816","3.49E-6","0.2633278","0.0","7","4","false","黃筱","26.71428571","7","0","0","0.44049037","false","0","黃筱","690","0.35714286","PERSON"
"109","3.81225919","0.0","0.26231165","0.0","1","5","false","黃立","61.0","1","0","0","0.43754816","false","0","黃立","0","0.0","PERSON"
"110","3.41155867","1.0973E-4","0.29312115","0.0","8","4","false","黃申甫","110.0","8","0","0","0.51768827","false","0","黃申甫","83294","0.17524116","PERSON"
"111","3.82206655","0.0","0.26163856","0.0","1","5","false","黃璋","47.0","1","0","0","0.43558669","false","0","黃璋","0","0.0","PERSON"
"112","3.1502627","0.0013929","0.31743384","0.0","19","4","false","黃楚","102.26315789","19","0","0","0.56994746","false","0","黃楚","1633034","0.10290971","PERSON"
"113","3.80175131","0.0","0.26303667","0.0","1","4","false","黃晦","73.0","1","0","0","0.43964974","false","0","黃晦","0","0.0","PERSON"
"114","3.71208406","6.32E-6","0.26939045","0.0","6","4","false","黃念","91.83333333","6","0","0","0.45758319","false","0","黃念","7580","0.46581197","PERSON"
"115","3.81225919","0.0","0.26231165","0.0","1","5","false","黃德堅","61.0","1","0","0","0.43754816","false","0","黃德堅","0","0.0","PERSON"
"116","3.19089317","7.431E-4","0.31339188","0.0","10","4","false","黃宗","137.8","10","0","0","0.56182137","false","0","黃宗","528162","0.14631016","PERSON"
"117","3.70507881","7.44E-5","0.26989979","0.0","9","5","false","黃伯雨","53.22222222","9","0","0","0.45898424","false","0","黃伯雨","42748","0.25474255","PERSON"
"118","3.69316988","1.877E-5","0.27077011","0.0","10","5","false","黃任","56.7","10","0","0","0.46136602","false","0","黃任","28546","0.2520362","PERSON"
"119","3.81225919","0.0","0.26231165","0.0","1","5","false","黃仲","61.0","1","0","0","0.43754816","false","0","黃仲","0","0.0","PERSON"
"120","3.83117338","1.0E-8","0.26101664","0.0","2","5","false","黃以霖","33.0","2","0","0","0.43376532","false","0","黃以霖","2","1.0","PERSON"
"121","3.32469352","3.1927E-4","0.3007796","0.0","8","4","false","麻克類","130.0","8","0","0","0.5350613","false","0","麻克類","350398","0.17292225","PERSON"
"122","3.82837128","1.2E-7","0.26120769","0.0","2","5","false","麟諸","27.5","2","0","0","0.43432574","false","0","麟諸","40","0.73611111","PERSON"
"123","3.83047285","0.0","0.26106437","0.0","1","5","false","麟致","35.0","1","0","0","0.43390543","false","0","麟致","0","0.0","PERSON"
"124","3.80525394","1.0E-8","0.26279455","0.0","3","5","false","麟丁","69.0","3","0","0","0.43894921","false","0","麟丁","6","1.0","PERSON"
"125","3.81225919","0.0","0.26231165","0.0","1","5","false","鶴年","61.0","1","0","0","0.43754816","false","0","鶴年","0","0.0","PERSON"
"126","3.67425569","0.0","0.27216397","0.0","1","5","false","鴻笙","258.0","1","0","0","0.46514886","false","0","鴻笙","0","0.0","PERSON"
"127","3.73870403","2.34E-6","0.26747236","0.0","6","4","false","鴻盛二十","67.16666667","6","0","0","0.45225919","false","0","鴻盛二十","1150","0.42144374","PERSON"
"128","3.80595447","1.0E-8","0.26274618","0.0","3","5","false","鳴沈","68.0","3","0","0","0.43880911","false","0","鳴沈","6","1.0","PERSON"
"129","3.43187391","4.759E-5","0.291386","0.0","5","4","false","鳳竹","139.0","5","0","0","0.51362522","false","0","鳳竹","32168","0.23154362","PERSON"
"130","3.7267951","2.35E-6","0.26832707","0.0","5","5","false","鳳祥","73.2","5","0","0","0.45464098","false","0","鳳祥","3284","0.40561798","PERSON"
"131","3.73870403","2.34E-6","0.26747236","0.0","6","4","false","鳳奎","67.16666667","6","0","0","0.45225919","false","0","鳳奎","1150","0.42144374","PERSON"
"132","3.74500876","0.0","0.26702207","0.0","1","5","false","鳳元","157.0","1","0","0","0.45099825","false","0","鳳元","0","0.0","PERSON"
"133","3.82837128","0.0","0.26120769","0.0","1","5","false","鮑和卿","38.0","1","0","0","0.43432574","false","0","鮑和卿","0","0.0","PERSON"
"134","3.25043783","8.771E-5","0.30765086","0.0","5","4","false","魯斯","235.6","5","0","0","0.54991243","false","0","魯斯","172520","0.27438596","PERSON"
"135","3.39544658","4.369E-5","0.29451207","0.0","4","4","false","魯廷","216.5","4","0","0","0.52091068","false","0","魯廷","86760","0.33204931","PERSON"
"136","3.67425569","0.0","0.27216397","0.0","1","5","false","魯卿","258.0","1","0","0","0.46514886","false","0","魯卿","0","0.0","PERSON"
"137","3.39684764","9.228E-5","0.2943906","0.0","9","4","false","魏鴻文","95.22222222","9","0","0","0.52063047","false","0","魏鴻文","121202","0.14676359","PERSON"
"138","3.72539405","3.01E-6","0.26842798","0.0","7","5","false","魏蘭","59.0","7","0","0","0.45492119","false","0","魏蘭","1722","0.3258427","PERSON"
"139","3.80525394","1.0E-8","0.26279455","0.0","3","5","false","魏淸","69.0","3","0","0","0.43894921","false","0","魏淸","6","1.0","PERSON"
"140","3.80525394","0.0","0.26279455","0.0","1","5","false","魏晋三","71.0","1","0","0","0.43894921","false","0","魏晋三","0","0.0","PERSON"
"141","3.72189142","1.61E-6","0.26868059","0.0","5","4","false","魏晋","96.0","5","0","0","0.45562172","false","0","魏晋","2072","0.52197802","PERSON"
"142","3.43257443","1.423E-5","0.29132653","0.0","6","4","false","魏子","131.33333333","6","0","0","0.51348511","false","0","魏子","11754","0.21941639","PERSON"
"143","3.48021016","1.632E-5","0.28733897","0.0","5","4","false","魏作","123.2","5","0","0","0.50395797","false","0","魏作","4212","0.23187856","PERSON"
"144","3.72539405","3.01E-6","0.26842798","0.0","7","5","false","魏伯楨","59.0","7","0","0","0.45492119","false","0","魏伯楨","1722","0.3258427","PERSON"
"145","3.74500876","0.0","0.26702207","0.0","1","5","false","魁候","157.0","1","0","0","0.45099825","false","0","魁候","0","0.0","PERSON"
"146","3.42556918","1.958E-5","0.29192229","0.0","5","4","false","高麗","159.6","5","0","0","0.51488616","false","0","高麗","20154","0.26214876","PERSON"
"147","3.11103327","3.3575E-4","0.32143661","0.0","5","4","false","高鳳池","336.2","5","0","0","0.57779335","false","0","高鳳池","691930","0.31802657","PERSON"
"148","3.44028021","0.0","0.290674","0.0","1","4","false","高金","589.0","1","0","0","0.51194396","false","0","高金","0","0.0","PERSON"
"149","3.24553415","6.693E-5","0.30811569","0.0","5","4","false","高踐四","245.4","5","0","0","0.55089317","false","0","高踐四","186596","0.28352668","PERSON"
"150","3.83117338","1.0E-8","0.26101664","0.0","2","5","false","高白叔","33.0","2","0","0","0.43376532","false","0","高白叔","2","1.0","PERSON"
"151","3.83117338","1.0E-8","0.26101664","0.0","2","5","false","高白","33.0","2","0","0","0.43376532","false","0","高白","2","1.0","PERSON"
"152","3.48161121","4.11E-6","0.28722334","0.0","3","4","false","高楚秋","196.66666667","3","0","0","0.50367776","false","0","高楚秋","2066","0.371284","PERSON"
"153","3.79404553","3.68E-6","0.2635709","0.0","15","4","false","高懿","38.6","15","0","0","0.44119089","false","0","高懿","3374","0.54492754","PERSON"
"154","3.82206655","0.0","0.26163856","0.0","1","5","false","高德","47.0","1","0","0","0.43558669","false","0","高德","0","0.0","PERSON"
"155","3.81155867","1.5E-7","0.26235986","0.0","2","5","false","高子谷","46.0","2","0","0","0.43768827","false","0","高子谷","62","0.75","PERSON"
"156","3.25183888","5.187E-5","0.30751831","0.0","3","4","false","驥良","379.0","3","0","0","0.54963222","false","0","驥良","169962","0.44210526","PERSON"
"157","3.48231173","2.3E-6","0.28716556","0.0","2","4","false","駿生","278.5","2","0","0","0.50353765","false","0","駿生","1036","0.52656546","PERSON"
"158","3.2441331","6.816E-5","0.30824876","0.0","5","4","false","駕介","251.0","5","0","0","0.55117338","false","0","駕介","191564","0.28935185","PERSON"
"159","3.17267951","1.7636E-4","0.31519099","0.0","4","4","false","馮詠","355.75","4","0","0","0.5654641","false","0","馮詠","410018","0.36685626","PERSON"
"160","3.82486865","7.0E-8","0.26144689","0.0","2","5","false","馮經","32.0","2","0","0","0.43502627","false","0","馮經","42","0.75609756","PERSON"
"161","3.72399299","3.196E-5","0.26852897","0.0","5","5","false","馮紹","59.0","5","0","0","0.4552014","false","0","馮紹","8196","0.31868132","PERSON"
"162","3.83817863","0.0","0.26054024","0.0","1","5","false","馮松","24.0","1","0","0","0.43236427","false","0","馮松","0","0.0","PERSON"
"163","3.38073555","1.415E-4","0.29579362","0.0","6","4","false","馮成","152.16666667","6","0","0","0.52385289","false","0","馮成","142014","0.22629741","PERSON"
"164","3.82416813","3.0E-8","0.26149478","0.0","2","5","false","馮懋","40.0","2","0","0","0.43516637","false","0","馮懋","14","0.92857143","PERSON"
"165","2.83292469","0.00608827","0.35299209","0.0","59","4","false","馮少山","65.77966102","59","0","0","0.63341506","false","0","馮少山","6126958","0.04637055","PERSON"
"166","3.05499124","0.00143079","0.32733318","0.0","22","4","false","馮少","105.68181818","22","0","0","0.58900175","false","0","馮少","1549680","0.09371694","PERSON"
"167","3.17267951","1.7636E-4","0.31519099","0.0","4","4","false","馮夢","355.75","4","0","0","0.5654641","false","0","馮夢","410018","0.36685626","PERSON"
"168","3.81366025","0.0","0.26221528","0.0","1","5","false","馮仲清","59.0","1","0","0","0.43726795","false","0","馮仲清","0","0.0","PERSON"
"169","3.65394046","1.4293E-4","0.27367715","0.0","14","5","false","馬連良","50.0","14","0","0","0.46921191","false","0","馬連良","96154","0.17948718","PERSON"
"170","3.1614711","0.00141932","0.31630844","0.0","15","4","false","馬聯甲","99.33333333","15","0","0","0.56770578","false","0","馬聯甲","1780486","0.10116598","PERSON"
"171","3.7267951","2.35E-6","0.26832707","0.0","5","5","false","馬祥","73.2","5","0","0","0.45464098","false","0","馬祥","3284","0.40561798","PERSON"
"172","3.68756567","9.97E-6","0.27118161","0.0","3","4","false","馬濟","124.33333333","3","0","0","0.46248687","false","0","馬濟","12266","0.52932761","PERSON"
"173","3.80525394","1.0E-8","0.26279455","0.0","3","5","false","馬文顯二","69.0","3","0","0","0.43894921","false","0","馬文顯二","6","1.0","PERSON"
"174","3.68756567","9.97E-6","0.27118161","0.0","3","4","false","馬振憲","124.33333333","3","0","0","0.46248687","false","0","馬振憲","12266","0.52932761","PERSON"
"175","3.64343257","1.276E-5","0.27446645","0.0","3","4","false","馬志","133.0","3","0","0","0.47131349","false","0","馬志","18476","0.44594595","PERSON"
"176","3.24553415","6.693E-5","0.30811569","0.0","5","4","false","馬崇","245.4","5","0","0","0.55089317","false","0","馬崇","186596","0.28352668","PERSON"
"177","3.80525394","0.0","0.26279455","0.0","1","5","false","馬少","71.0","1","0","0","0.43894921","false","0","馬少","0","0.0","PERSON"
"178","3.43537653","2.689E-5","0.29108891","0.0","3","4","false","馬寅","208.33333333","3","0","0","0.51292469","false","0","馬寅","8168","0.34963463","PERSON"
"179","3.67425569","0.0","0.27216397","0.0","1","5","false","馥淸","258.0","1","0","0","0.46514886","false","0","馥淸","0","0.0","PERSON"
"180","3.67425569","0.0","0.27216397","0.0","1","5","false","香伯","258.0","1","0","0","0.46514886","false","0","香伯","0","0.0","PERSON"
"181","3.43957968","2.65E-6","0.2907332","0.0","2","4","false","首民","313.0","2","0","0","0.51208406","false","0","首民","1142","0.53061224","PERSON"
"182","3.21821366","5.9776E-4","0.31073139","0.0","12","4","false","首山","101.66666667","12","0","0","0.55635727","false","0","首山","413780","0.11260254","PERSON"
"183","3.81225919","0.0","0.26231165","0.0","1","5","false","館鈞","61.0","1","0","0","0.43754816","false","0","館鈞","0","0.0","PERSON"
"184","3.82837128","0.0","0.26120769","0.0","1","5","false","館袁","38.0","1","0","0","0.43432574","false","0","館袁","0","0.0","PERSON"
"185","3.73870403","2.34E-6","0.26747236","0.0","6","4","false","餘順","67.16666667","6","0","0","0.45225919","false","0","餘順","1150","0.42144374","PERSON"
"186","3.81155867","1.5E-7","0.26235986","0.0","2","5","false","餘姚","46.0","2","0","0","0.43768827","false","0","餘姚","62","0.75","PERSON"
"187","3.45078809","2.018E-5","0.28978888","0.0","3","4","false","餘仲","228.0","3","0","0","0.50984238","false","0","餘仲","33398","0.39754816","PERSON"
"188","3.43257443","1.423E-5","0.29132653","0.0","6","4","false","飭姚","131.33333333","6","0","0","0.51348511","false","0","飭姚","11754","0.21941639","PERSON"
"189","3.84098074","1.0E-8","0.26035017","0.0","2","5","false","顯華","19.0","2","0","0","0.43180385","false","0","顯華","2","1.0","PERSON"
"190","3.83117338","0.0","0.26101664","0.0","1","5","false","顧韾","34.0","1","0","0","0.43376532","false","0","顧韾","0","0.0","PERSON"
"191","3.44028021","0.0","0.290674","0.0","1","4","false","顧鏧","589.0","1","0","0","0.51194396","false","0","顧鏧","0","0.0","PERSON"
"192","3.81295972","7.4E-7","0.26226346","0.0","6","5","false","顧肇","35.83333333","6","0","0","0.43740806","false","0","顧肇","260","0.64506173","PERSON"
"193","3.22802102","1.4177E-4","0.30978733","0.0","6","4","false","顧維鈞","223.33333333","6","0","0","0.5543958","false","0","顧維鈞","305554","0.25094056","PERSON"
"194","3.83117338","1.0E-8","0.26101664","0.0","2","5","false","顧竹溪","33.0","2","0","0","0.43376532","false","0","顧竹溪","2","1.0","PERSON"
"195","3.80945709","8.8E-7","0.2625046","0.0","3","5","false","顧竹","30.33333333","3","0","0","0.43810858","false","0","顧竹","202","0.47311828","PERSON"
"196","3.81295972","7.4E-7","0.26226346","0.0","6","5","false","顧啟","35.83333333","6","0","0","0.43740806","false","0","顧啟","260","0.64506173","PERSON"
"197","3.82486865","7.0E-8","0.26144689","0.0","2","5","false","顧惠民","32.0","2","0","0","0.43502627","false","0","顧惠民","42","0.75609756","PERSON"
"198","3.81366025","0.0","0.26221528","0.0","1","5","false","顧履","59.0","1","0","0","0.43726795","false","0","顧履","0","0.0","PERSON"
"199","3.81366025","0.0","0.26221528","0.0","1","5","false","顧家","59.0","1","0","0","0.43726795","false","0","顧家","0","0.0","PERSON"
"200","2.83082312","0.006516","0.35325415","0.0","57","4","false","顧子","67.52631579","57","0","0","0.63383538","false","0","顧子","5460052","0.04745101","PERSON"
"201","3.75691769","0.0","0.26617565","0.0","1","4","false","顧劍","137.0","1","0","0","0.44861646","false","0","顧劍","0","0.0","PERSON"
"202","3.38914186","4.749E-5","0.29505994","0.0","4","4","false","顔蔡","214.75","4","0","0","0.52217163","false","0","顔蔡","88330","0.32484802","PERSON"
"203","3.39544658","4.369E-5","0.29451207","0.0","4","4","false","顏芹","216.5","4","0","0","0.52091068","false","0","顏芹","86760","0.33204931","PERSON"
"204","3.7267951","2.35E-6","0.26832707","0.0","5","5","false","順銓","73.2","5","0","0","0.45464098","false","0","順銓","3284","0.40561798","PERSON"
"205","3.83257443","2.0E-8","0.26092122","0.0","3","5","false","項松茂","30.0","3","0","0","0.43348511","false","0","項松茂","6","1.0","PERSON"
"206","3.13555166","8.4346E-4","0.31892315","0.0","21","4","false","項松","93.57142857","21","0","0","0.57288967","false","0","項松","836844","0.09229454","PERSON"
"207","3.06970228","7.6575E-4","0.32576449","0.0","16","4","false","項如松","126.0625","16","0","0","0.58605954","false","0","項如松","1167068","0.11348684","PERSON"
"208","3.44028021","0.0","0.290674","0.0","1","4","false","項如","589.0","1","0","0","0.51194396","false","0","項如","0","0.0","PERSON"
"209","3.41926445","4.23E-5","0.29246056","0.0","3","4","false","項公茂","227.0","3","0","0","0.51614711","false","0","項公茂","32168","0.36688312","PERSON"
"210","3.31068301","0.00289436","0.30205248","0.0","4","4","false","項仲","209.5","4","0","0","0.5378634","false","0","項仲","246128","0.27077922","PERSON"
"211","3.81366025","0.0","0.26221528","0.0","1","5","false","項世","59.0","1","0","0","0.43726795","false","0","項世","0","0.0","PERSON"
"212","3.44728546","3.5769E-4","0.29008332","0.0","11","4","false","章炳麟","73.63636364","11","0","0","0.51054291","false","0","章炳麟","97640","0.12788092","PERSON"
"213","3.46900175","1.936E-5","0.28826737","0.0","5","4","false","章方","142.4","5","0","0","0.50619965","false","0","章方","31204","0.26040516","PERSON"
"214","3.71208406","6.32E-6","0.26939045","0.0","6","4","false","章仲","91.83333333","6","0","0","0.45758319","false","0","章仲","7580","0.46581197","PERSON"
"215","3.44448336","9.192E-5","0.2903193","0.0","4","4","false","韓省","158.5","4","0","0","0.51110333","false","0","韓省","53320","0.27202073","PERSON"
"216","3.67425569","0.0","0.27216397","0.0","1","5","false","韓玉","258.0","1","0","0","0.46514886","false","0","韓玉","0","0.0","PERSON"
"217","3.4676007","2.406E-5","0.28838384","0.0","7","4","false","韓濟","110.57142857","7","0","0","0.50647986","false","0","韓濟","33902","0.201789","PERSON"
"218","3.81225919","0.0","0.26231165","0.0","1","5","false","韓毅","61.0","1","0","0","0.43754816","false","0","韓毅","0","0.0","PERSON"
"219","3.79754816","3.49E-6","0.2633278","0.0","7","4","false","靳雲","26.71428571","7","0","0","0.44049037","false","0","靳雲","690","0.35714286","PERSON"
"220","3.83257443","2.0E-8","0.26092122","0.0","3","5","false","靜菴","30.0","3","0","0","0.43348511","false","0","靜菴","6","1.0","PERSON"
"221","3.83397548","3.0E-8","0.26082587","0.0","3","5","false","靖仕","28.0","3","0","0","0.4332049","false","0","靖仕","6","1.0","PERSON"
"222","3.36462347","7.851E-5","0.29721008","0.0","5","4","false","霖陳","183.6","5","0","0","0.52707531","false","0","霖陳","158692","0.26387283","PERSON"
"223","3.41926445","4.23E-5","0.29246056","0.0","3","4","false","霖謂","227.0","3","0","0","0.51614711","false","0","霖謂","32168","0.36688312","PERSON"
"224","3.82276708","0.0","0.26159062","0.0","1","5","false","霖聯","46.0","1","0","0","0.43544658","false","0","霖聯","0","0.0","PERSON"
"225","3.4676007","2.406E-5","0.28838384","0.0","7","4","false","霖生","110.57142857","7","0","0","0.50647986","false","0","霖生","33902","0.201789","PERSON"
"226","3.23502627","9.053E-5","0.3091165","0.0","5","4","false","霍謂","266.8","5","0","0","0.55299475","false","0","霍謂","256412","0.30307868","PERSON"
"227","3.23432574","1.0559E-4","0.30918345","0.0","6","4","false","霍守華","228.5","6","0","0","0.55313485","false","0","霍守華","275842","0.25940707","PERSON"
"228","3.03607706","0.00259262","0.3293724","0.0","28","4","false","霍守","91.78571429","28","0","0","0.59278459","false","0","霍守","1910384","0.07977655","PERSON"
"229","3.84728546","8.0E-8","0.25992353","0.0","3","5","false","震靑","9.0","3","0","0","0.43054291","false","0","震靑","6","1.0","PERSON"
"230","3.68896673","1.801E-5","0.27107862","0.0","8","5","false","電孫","46.75","8","0","0","0.46220665","false","0","電孫","18364","0.19978166","PERSON"
"231","3.82206655","0.0","0.26163856","0.0","1","5","false","雷華","47.0","1","0","0","0.43558669","false","0","雷華","0","0.0","PERSON"
"232","3.82206655","0.0","0.26163856","0.0","1","5","false","雲龍","47.0","1","0","0","0.43558669","false","0","雲龍","0","0.0","PERSON"
"233","3.83817863","0.0","0.26054024","0.0","1","5","false","雲衢","24.0","1","0","0","0.43236427","false","0","雲衢","0","0.0","PERSON"
"234","3.81225919","0.0","0.26231165","0.0","1","5","false","雲維","61.0","1","0","0","0.43754816","false","0","雲維","0","0.0","PERSON"
"235","3.80525394","1.0E-8","0.26279455","0.0","3","5","false","雲程","69.0","3","0","0","0.43894921","false","0","雲程","6","1.0","PERSON"
"236","3.82486865","9.4E-7","0.26144689","0.0","4","4","false","雲生","16.0","4","0","0","0.43502627","false","0","雲生","198","0.41666667","PERSON"
"237","3.80595447","1.0E-8","0.26274618","0.0","3","5","false","雲梅","68.0","3","0","0","0.43880911","false","0","雲梅","6","1.0","PERSON"
"238","3.72539405","3.01E-6","0.26842798","0.0","7","5","false","雲搏","59.0","7","0","0","0.45492119","false","0","雲搏","1722","0.3258427","PERSON"
"239","3.64343257","1.276E-5","0.27446645","0.0","3","4","false","雲張","133.0","3","0","0","0.47131349","false","0","雲張","18476","0.44594595","PERSON"
"240","3.44028021","0.0","0.290674","0.0","1","4","false","雲台","589.0","1","0","0","0.51194396","false","0","雲台","0","0.0","PERSON"
"241","3.39544658","4.3486E-4","0.29451207","0.0","6","4","false","雲卿","136.0","6","0","0","0.52091068","false","0","雲卿","223236","0.20865533","PERSON"
"242","3.35761821","5.439E-5","0.29783017","0.0","3","4","false","雲代","280.0","3","0","0","0.52847636","false","0","雲代","121450","0.39630682","PERSON"
"243","3.82837128","0.0","0.26120769","0.0","1","5","false","雁賓","38.0","1","0","0","0.43432574","false","0","雁賓","0","0.0","PERSON"
"244","3.73870403","2.34E-6","0.26747236","0.0","6","4","false","隠名氏二元","67.16666667","6","0","0","0.45225919","false","0","隠名氏二元","1150","0.42144374","PERSON"
"245","3.73870403","2.34E-6","0.26747236","0.0","6","4","false","隠名氏三","67.16666667","6","0","0","0.45225919","false","0","隠名氏三","1150","0.42144374","PERSON"
"246","3.73870403","2.34E-6","0.26747236","0.0","6","4","false","隠名","67.16666667","6","0","0","0.45225919","false","0","隠名","1150","0.42144374","PERSON"
"247","3.43957968","4.96E-6","0.2907332","0.0","2","4","false","際袁","302.5","2","0","0","0.51208406","false","0","際袁","1184","0.5127551","PERSON"
"248","3.84588441","7.0E-8","0.26001821","0.0","3","5","false","際安","11.0","3","0","0","0.43082312","false","0","際安","6","1.0","PERSON"
"249","3.76882662","6.8E-7","0.26533457","0.0","2","5","false","隊陸","69.5","2","0","0","0.44623468","false","0","隊陸","212","0.5661157","PERSON"
"250","3.37302977","4.582E-5","0.29646937","0.0","5","4","false","隆旣","180.2","5","0","0","0.52539405","false","0","隆旣","80676","0.26352941","PERSON"
"251","3.79754816","3.49E-6","0.2633278","0.0","7","4","false","陽養","26.71428571","7","0","0","0.44049037","false","0","陽養","690","0.35714286","PERSON"
"252","3.44448336","2.569E-5","0.2903193","0.0","5","4","false","陽孫","141.4","5","0","0","0.51110333","false","0","陽孫","50606","0.24290657","PERSON"
"253","3.74500876","0.0","0.26702207","0.0","1","5","false","陽吳","157.0","1","0","0","0.45099825","false","0","陽吳","0","0.0","PERSON"
"254","3.74500876","0.0","0.26702207","0.0","1","5","false","陽候","157.0","1","0","0","0.45099825","false","0","陽候","0","0.0","PERSON"
"255","3.83747811","3.0E-8","0.26058781","0.0","3","5","false","陸鳳","23.0","3","0","0","0.43250438","false","0","陸鳳","6","1.0","PERSON"
"256","3.68756567","9.97E-6","0.27118161","0.0","3","4","false","陸達","124.33333333","3","0","0","0.46248687","false","0","陸達","12266","0.52932761","PERSON"
"257","3.72119089","6.034E-5","0.26873117","0.0","16","4","false","陸費","35.5625","16","0","0","0.45576182","false","0","陸費","59862","0.20094477","PERSON"
"258","3.43257443","1.423E-5","0.29132653","0.0","6","4","false","陸覺","131.33333333","6","0","0","0.51348511","false","0","陸覺","11754","0.21941639","PERSON"
"259","2.99824869","0.00250166","0.33352804","0.0","18","4","false","陸維","128.0","18","0","0","0.60035026","false","0","陸維","2170026","0.10565724","PERSON"
"260","3.79754816","2.331E-5","0.2633278","0.0","5","5","false","陸端","25.8","5","0","0","0.44049037","false","0","陸端","4984","0.32207792","PERSON"
"261","3.70297723","1.08E-6","0.27005297","0.0","2","4","false","陸畊","122.5","2","0","0","0.45940455","false","0","陸畊","376","0.57311321","PERSON"
"262","3.76602452","4.899E-5","0.26553199","0.0","11","5","false","陸熙","30.0","11","0","0","0.4467951","false","0","陸熙","22398","0.25","PERSON"
"263","3.81295972","7.4E-7","0.26226346","0.0","6","5","false","陸榮","35.83333333","6","0","0","0.43740806","false","0","陸榮","260","0.64506173","PERSON"
"264","3.80945709","8.8E-7","0.2625046","0.0","3","5","false","陸景文","30.33333333","3","0","0","0.43810858","false","0","陸景文","202","0.47311828","PERSON"
"265","3.14886165","4.2285E-4","0.31757508","0.0","14","4","false","陸星莊","138.14285714","14","0","0","0.57022767","false","0","陸星莊","739800","0.13838835","PERSON"
"266","3.36742557","1.1447E-4","0.29696276","0.0","9","4","false","陸星","126.22222222","9","0","0","0.52651489","false","0","陸星","162824","0.18307342","PERSON"
"267","3.80665499","1.08E-5","0.26269783","0.0","5","4","false","陸文記","18.8","5","0","0","0.438669","false","0","陸文記","1914","0.29180328","PERSON"
"268","3.03117338","0.00179885","0.32990525","0.0","19","4","false","陸文","120.63157895","19","0","0","0.59376532","false","0","陸文","1441550","0.10366688","PERSON"
"269","3.40525394","5.28E-5","0.29366386","0.0","3","4","false","陸士","265.66666667","3","0","0","0.51894921","false","0","陸士","56630","0.41614256","PERSON"
"270","2.82802102","0.01164759","0.35360416","0.0","66","4","false","陸伯鴻","57.40909091","66","0","0","0.6343958","false","0","陸伯鴻","6315444","0.04037873","PERSON"
"271","3.76602452","0.0","0.26553199","0.0","1","4","false","陸伯","124.0","1","0","0","0.4467951","false","0","陸伯","0","0.0","PERSON"
"272","3.83397548","3.0E-8","0.26082587","0.0","3","5","false","陶魁","28.0","3","0","0","0.4332049","false","0","陶魁","6","1.0","PERSON"
"273","3.46900175","1.936E-5","0.28826737","0.0","5","4","false","陶雲","142.4","5","0","0","0.50619965","false","0","陶雲","31204","0.26040516","PERSON"
"274","3.36462347","7.851E-5","0.29721008","0.0","5","4","false","陶華","183.6","5","0","0","0.52707531","false","0","陶華","158692","0.26387283","PERSON"
"275","3.36462347","7.851E-5","0.29721008","0.0","5","4","false","陶朱","183.6","5","0","0","0.52707531","false","0","陶朱","158692","0.26387283","PERSON"
"276","3.69316988","1.877E-5","0.27077011","0.0","10","5","false","陶拙","56.7","10","0","0","0.46136602","false","0","陶拙","28546","0.2520362","PERSON"
"277","3.42556918","1.958E-5","0.29192229","0.0","5","4","false","陶恩","159.6","5","0","0","0.51488616","false","0","陶恩","20154","0.26214876","PERSON"
"278","3.68756567","9.97E-6","0.27118161","0.0","3","4","false","陶希泉","124.33333333","3","0","0","0.46248687","false","0","陶希泉","12266","0.52932761","PERSON"
"279","3.84098074","1.0E-8","0.26035017","0.0","2","5","false","陶子","19.0","2","0","0","0.43180385","false","0","陶子","2","1.0","PERSON"
"280","3.18248687","2.5673E-4","0.31421968","0.0","8","4","false","陶國","167.5","8","0","0","0.56350263","false","0","陶國","378846","0.17544784","PERSON"
"281","3.79824869","7.1E-7","0.26327923","0.0","3","5","false","陶元","36.66666667","3","0","0","0.44035026","false","0","陶元","274","0.45726496","PERSON"
"282","3.84098074","4.0E-8","0.26035017","0.0","3","5","false","陳鶴","18.0","3","0","0","0.43180385","false","0","陳鶴","6","1.0","PERSON"
"283","3.41926445","4.23E-5","0.29246056","0.0","3","4","false","陳順記","227.0","3","0","0","0.51614711","false","0","陳順記","32168","0.36688312","PERSON"
"284","3.79404553","3.68E-6","0.2635709","0.0","15","4","false","陳靜","38.6","15","0","0","0.44119089","false","0","陳靜","3374","0.54492754","PERSON"
"285","3.61681261","8.732E-5","0.27648654","0.0","5","5","false","陳雪","87.0","5","0","0","0.47663748","false","0","陳雪","61706","0.25671642","PERSON"
"286","3.82206655","1.698E-5","0.26163856","0.0","7","4","false","陳軍","14.28571429","7","0","0","0.43558669","false","0","陳軍","3316","0.35907336","PERSON"
"287","3.44238179","1.843E-5","0.29049654","0.0","3","4","false","陳蘭","230.33333333","3","0","0","0.51152364","false","0","陳蘭","37238","0.39336764","PERSON"
"288","3.38774081","3.6977E-4","0.29518197","0.0","8","4","false","陳蓉館","97.875","8","0","0","0.52245184","false","0","陳蓉館","103102","0.1476753","PERSON"
"289","3.82837128","0.0","0.26120769","0.0","1","5","false","陳蓉","38.0","1","0","0","0.43432574","false","0","陳蓉","0","0.0","PERSON"
"290","3.40525394","5.28E-5","0.29366386","0.0","3","4","false","陳芝","265.66666667","3","0","0","0.51894921","false","0","陳芝","56630","0.41614256","PERSON"
"291","2.80420315","0.00863811","0.35660754","0.0","66","4","false","陳良玉","62.86363636","66","0","0","0.63915937","false","0","陳良玉","6813168","0.04323105","PERSON"
"292","3.27075306","0.00100757","0.30573999","0.0","24","4","false","陳良","62.5","24","0","0","0.54584939","false","0","陳良","808112","0.07620818","PERSON"
"293","3.78774081","1.73E-6","0.26400962","0.0","4","5","false","陳聯","49.5","4","0","0","0.44245184","false","0","陳聯","1660","0.52717391","PERSON"
"294","3.00175131","0.00271676","0.33313886","0.0","34","4","false","陳翊廷","77.97058824","34","0","0","0.59964974","false","0","陳翊廷","2752964","0.06517408","PERSON"
"295","3.43957968","2.65E-6","0.2907332","0.0","2","4","false","陳翊","313.0","2","0","0","0.51208406","false","0","陳翊","1142","0.53061224","PERSON"
"296","3.70297723","1.08E-6","0.27005297","0.0","2","4","false","陳立昌","122.5","2","0","0","0.45940455","false","0","陳立昌","376","0.57311321","PERSON"
"297","3.42556918","1.958E-5","0.29192229","0.0","5","4","false","陳立夫","159.6","5","0","0","0.51488616","false","0","陳立夫","20154","0.26214876","PERSON"
"298","3.84448336","0.0","0.26011297","0.0","1","5","false","陳立","15.0","1","0","0","0.43110333","false","0","陳立","0","0.0","PERSON"
"299","3.80595447","1.0E-8","0.26274618","0.0","3","5","false","陳秉鈞","68.0","3","0","0","0.43880911","false","0","陳秉鈞","6","1.0","PERSON"
"300","3.70297723","1.08E-6","0.27005297","0.0","2","4","false","陳福","122.5","2","0","0","0.45940455","false","0","陳福","376","0.57311321","PERSON"
"301","3.64343257","1.276E-5","0.27446645","0.0","3","4","false","陳甘棠","133.0","3","0","0","0.47131349","false","0","陳甘棠","18476","0.44594595","PERSON"
"302","3.82837128","0.0","0.26120769","0.0","1","5","false","陳琴","38.0","1","0","0","0.43432574","false","0","陳琴","0","0.0","PERSON"
"303","3.71208406","6.32E-6","0.26939045","0.0","6","4","false","陳煥","91.83333333","6","0","0","0.45758319","false","0","陳煥","7580","0.46581197","PERSON"
"304","3.36602452","2.1993E-4","0.29708637","0.0","15","4","false","陳炳","82.2","15","0","0","0.5267951","false","0","陳炳","241128","0.11941176","PERSON"
"305","3.38003503","3.7732E-4","0.29585492","0.0","5","4","false","陳灝泉","175.4","5","0","0","0.52399299","false","0","陳灝泉","160374","0.26029851","PERSON"
"306","3.84588441","7.0E-8","0.26001821","0.0","3","5","false","陳澤","11.0","3","0","0","0.43082312","false","0","陳澤","6","1.0","PERSON"
"307","3.64343257","1.276E-5","0.27446645","0.0","3","4","false","陳潤","133.0","3","0","0","0.47131349","false","0","陳潤","18476","0.44594595","PERSON"
"308","3.80525394","1.0E-8","0.26279455","0.0","3","5","false","陳湘湄五","69.0","3","0","0","0.43894921","false","0","陳湘湄五","6","1.0","PERSON"
"309","3.84168126","1.6E-7","0.2603027","0.0","5","5","false","陳治","15.0","5","0","0","0.43166375","false","0","陳治","20","1.0","PERSON"
"310","3.73870403","2.34E-6","0.26747236","0.0","6","4","false","陳椒山","67.16666667","6","0","0","0.45225919","false","0","陳椒山","1150","0.42144374","PERSON"
"311","3.73870403","2.34E-6","0.26747236","0.0","6","4","false","陳查初十","67.16666667","6","0","0","0.45225919","false","0","陳查初十","1150","0.42144374","PERSON"
"312","3.81085814","0.0","0.26240809","0.0","1","5","false","陳景文","63.0","1","0","0","0.43782837","false","0","陳景文","0","0.0","PERSON"
"313","3.73870403","2.34E-6","0.26747236","0.0","6","4","false","陳景彰十五元","67.16666667","6","0","0","0.45225919","false","0","陳景彰十五元","1150","0.42144374","PERSON"
"314","3.68896673","1.801E-5","0.27107862","0.0","8","5","false","陳旡","46.75","8","0","0","0.46220665","false","0","陳旡","18364","0.19978166","PERSON"
"315","3.73940455","2.5312E-4","0.26742226","0.0","7","5","false","陳文","57.85714286","7","0","0","0.45211909","false","0","陳文","76006","0.35985533","PERSON"
"316","3.72189142","1.61E-6","0.26868059","0.0","5","4","false","陳掌","96.0","5","0","0","0.45562172","false","0","陳掌","2072","0.52197802","PERSON"
"317","3.81155867","1.5E-7","0.26235986","0.0","2","5","false","陳才","46.0","2","0","0","0.43768827","false","0","陳才","62","0.75","PERSON"
"318","3.44028021","0.0","0.290674","0.0","1","4","false","陳志","589.0","1","0","0","0.51194396","false","0","陳志","0","0.0","PERSON"
"319","3.84238179","6.2E-7","0.26025524","0.0","8","5","false","陳德恒","11.0","8","0","0","0.43152364","false","0","陳德恒","56","1.0","PERSON"
"320","3.39544658","4.369E-5","0.29451207","0.0","4","4","false","陳廣海","216.5","4","0","0","0.52091068","false","0","陳廣海","86760","0.33204931","PERSON"
"321","3.81295972","0.0","0.26226346","0.0","1","5","false","陳庚","60.0","1","0","0","0.43740806","false","0","陳庚","0","0.0","PERSON"
"322","3.43957968","1.99E-6","0.2907332","0.0","2","4","false","陳師","315.0","2","0","0","0.51208406","false","0","陳師","1098","0.53401361","PERSON"
"323","3.64343257","1.276E-5","0.27446645","0.0","3","4","false","陳少","133.0","3","0","0","0.47131349","false","0","陳少","18476","0.44594595","PERSON"
"324","3.20210158","2.604E-4","0.3122949","0.0","8","4","false","陳家","167.75","8","0","0","0.55957968","false","0","陳家","452700","0.1810532","PERSON"
"325","3.03327496","0.00761332","0.32967667","0.0","14","4","false","陳子","151.21428571","14","0","0","0.59334501","false","0","陳子","1862910","0.12994315","PERSON"
"326","3.84168126","1.0E-8","0.2603027","0.0","2","5","false","陳如","18.0","2","0","0","0.43166375","false","0","陳如","2","1.0","PERSON"
"327","3.78704028","2.598E-5","0.26405845","0.0","6","4","false","陳嘉庚","25.16666667","6","0","0","0.44259194","false","0","陳嘉庚","9450","0.27462121","PERSON"
"328","3.81295972","0.0","0.26226346","0.0","1","5","false","陳品","60.0","1","0","0","0.43740806","false","0","陳品","0","0.0","PERSON"
"329","3.48021016","1.632E-5","0.28733897","0.0","5","4","false","陳向","123.2","5","0","0","0.50395797","false","0","陳向","4212","0.23187856","PERSON"
"330","3.81225919","0.0","0.26231165","0.0","1","5","false","陳友琴","61.0","1","0","0","0.43754816","false","0","陳友琴","0","0.0","PERSON"
"331","3.71208406","6.32E-6","0.26939045","0.0","6","4","false","陳卓甫","91.83333333","6","0","0","0.45758319","false","0","陳卓甫","7580","0.46581197","PERSON"
"332","3.40525394","5.28E-5","0.29366386","0.0","3","4","false","陳勇","265.66666667","3","0","0","0.51894921","false","0","陳勇","56630","0.41614256","PERSON"
"333","3.80175131","0.0","0.26303667","0.0","1","4","false","陳其熊","73.0","1","0","0","0.43964974","false","0","陳其熊","0","0.0","PERSON"
"334","3.68756567","9.97E-6","0.27118161","0.0","3","4","false","陳光甫","124.33333333","3","0","0","0.46248687","false","0","陳光甫","12266","0.52932761","PERSON"
"335","3.47250438","2.486E-5","0.2879766","0.0","6","4","false","陳偉","109.5","6","0","0","0.50549912","false","0","陳偉","11594","0.20204842","PERSON"
"336","3.76602452","4.899E-5","0.26553199","0.0","11","5","false","陳俊","30.0","11","0","0","0.4467951","false","0","陳俊","22398","0.25","PERSON"
"337","3.45078809","2.018E-5","0.28978888","0.0","3","4","false","陳伯恩","228.0","3","0","0","0.50984238","false","0","陳伯恩","33398","0.39754816","PERSON"
"338","3.39544658","4.369E-5","0.29451207","0.0","4","4","false","陳伯","216.5","4","0","0","0.52091068","false","0","陳伯","86760","0.33204931","PERSON"
"339","3.72539405","1.246E-5","0.26842798","0.0","5","4","false","陳仕英","46.2","5","0","0","0.45492119","false","0","陳仕英","6664","0.25536723","PERSON"
"340","3.48091068","7.21E-6","0.28728114","0.0","3","4","false","陳介卿","196.33333333","3","0","0","0.50381786","false","0","陳介卿","4142","0.36994949","PERSON"
"341","3.74781086","4.12E-6","0.26682243","0.0","5","5","false","陞謝","71.2","5","0","0","0.45043783","false","0","陞謝","6936","0.47432432","PERSON"
"342","3.25043783","8.771E-5","0.30765086","0.0","5","4","false","陞同","235.6","5","0","0","0.54991243","false","0","陞同","172520","0.27438596","PERSON"
"343","3.81225919","0.0","0.26231165","0.0","1","5","false","陜西張","61.0","1","0","0","0.43754816","false","0","陜西張","0","0.0","PERSON"
"344","3.84098074","4.0E-8","0.26035017","0.0","3","5","false","阿迪士","18.0","3","0","0","0.43180385","false","0","阿迪士","6","1.0","PERSON"
"345","3.84658494","0.0","0.25997086","0.0","1","5","false","阿毛所","12.0","1","0","0","0.43068301","false","0","阿毛所","0","0.0","PERSON"
"346","3.72399299","3.196E-5","0.26852897","0.0","5","5","false","阿奎","59.0","5","0","0","0.4552014","false","0","阿奎","8196","0.31868132","PERSON"
"347","3.81155867","1.95E-6","0.26235986","0.0","4","5","false","阮荀","23.75","4","0","0","0.43768827","false","0","阮荀","294","0.39224138","PERSON"
"348","3.48021016","1.632E-5","0.28733897","0.0","5","4","false","闞蘭溪","123.2","5","0","0","0.50395797","false","0","闞蘭溪","4212","0.23187856","PERSON"
"349","3.82416813","3.0E-8","0.26149478","0.0","2","5","false","關伯平","40.0","2","0","0","0.43516637","false","0","關伯平","14","0.92857143","PERSON"
"350","3.42977233","2.871E-5","0.29156454","0.0","5","4","false","閻容德","139.0","5","0","0","0.51404553","false","0","閻容德","16472","0.23038397","PERSON"
"351","3.42556918","1.958E-5","0.29192229","0.0","5","4","false","間霍守","159.6","5","0","0","0.51488616","false","0","間霍守","20154","0.26214876","PERSON"
"352","3.39824869","4.464E-5","0.29426922","0.0","4","4","false","開籟","184.75","4","0","0","0.52035026","false","0","開籟","50380","0.28488372","PERSON"
"353","3.73870403","2.34E-6","0.26747236","0.0","6","4","false","開泰祥十元","67.16666667","6","0","0","0.45225919","false","0","開泰祥十元","1150","0.42144374","PERSON"
"354","3.67425569","0.0","0.27216397","0.0","1","5","false","開泰","258.0","1","0","0","0.46514886","false","0","開泰","0","0.0","PERSON"
"355","3.72749562","3.33E-6","0.26827664","0.0","4","5","false","門陳謨","56.0","4","0","0","0.45450088","false","0","門陳謨","996","0.30898876","PERSON"
"356","3.78563923","6.059E-5","0.26415618","0.0","10","4","false","長陳","24.1","10","0","0","0.44287215","false","0","長陳","17760","0.26860465","PERSON"
"357","3.84168126","1.6E-7","0.2603027","0.0","5","5","false","長金","15.0","5","0","0","0.43166375","false","0","長金","20","1.0","PERSON"
"358","3.81295972","7.4E-7","0.26226346","0.0","6","5","false","長豐","35.83333333","6","0","0","0.43740806","false","0","長豐","260","0.64506173","PERSON"
"359","3.83257443","2.0E-8","0.26092122","0.0","3","5","false","長諒","30.0","3","0","0","0.43348511","false","0","長諒","6","1.0","PERSON"
"360","3.00805604","0.00175444","0.33244061","0.0","25","4","false","長虞","97.08","25","0","0","0.59838879","false","0","長虞","1967444","0.08135478","PERSON"
"361","3.64343257","1.276E-5","0.27446645","0.0","3","4","false","長蔣","133.0","3","0","0","0.47131349","false","0","長蔣","18476","0.44594595","PERSON"
"362","3.3849387","7.707E-5","0.29542632","0.0","4","4","false","長葛","187.75","4","0","0","0.52301226","false","0","長葛","77082","0.28125","PERSON"
"363","3.61471103","2.422E-5","0.27664729","0.0","3","5","false","長盧","135.66666667","3","0","0","0.47705779","false","0","長盧","29634","0.39607843","PERSON"
"364","3.43957968","1.99E-6","0.2907332","0.0","2","4","false","長王","315.0","2","0","0","0.51208406","false","0","長王","1098","0.53401361","PERSON"
"365","3.76042032","0.0","0.26592772","0.0","1","5","false","長沈","135.0","1","0","0","0.44791594","false","0","長沈","0","0.0","PERSON"
"366","3.4704028","3.888E-5","0.28815099","0.0","9","4","false","長毛","80.44444444","9","0","0","0.50591944","false","0","長毛","16646","0.14794124","PERSON"
"367","3.76882662","6.8E-7","0.26533457","0.0","2","5","false","長楊","69.5","2","0","0","0.44623468","false","0","長楊","212","0.5661157","PERSON"
"368","3.83747811","1.2E-7","0.26058781","0.0","5","5","false","長林","21.0","5","0","0","0.43250438","false","0","長林","20","1.0","PERSON"
"369","3.66584939","1.63E-5","0.27278808","0.0","2","5","false","長方","138.0","2","0","0","0.46683012","false","0","長方","3876","0.51119403","PERSON"
"370","3.81225919","1.6E-7","0.26231165","0.0","2","5","false","長房","37.0","2","0","0","0.43754816","false","0","長房","150","0.61016949","PERSON"
"371","3.4704028","3.888E-5","0.28815099","0.0","9","4","false","長姚","80.44444444","9","0","0","0.50591944","false","0","長姚","16646","0.14794124","PERSON"
"372","3.43957968","1.99E-6","0.2907332","0.0","2","4","false","長吳","315.0","2","0","0","0.51208406","false","0","長吳","1098","0.53401361","PERSON"
"373","3.82837128","1.2E-7","0.26120769","0.0","2","5","false","長何","27.5","2","0","0","0.43432574","false","0","長何","40","0.73611111","PERSON"
"374","3.81225919","0.0","0.26231165","0.0","1","5","false","鑒銑","61.0","1","0","0","0.43754816","false","0","鑒銑","0","0.0","PERSON"
"375","3.18248687","2.5673E-4","0.31421968","0.0","8","4","false","鑒江","167.5","8","0","0","0.56350263","false","0","鑒江","378846","0.17544784","PERSON"
"376","3.80105079","2.89E-6","0.26308515","0.0","2","4","false","鑒東","38.0","2","0","0","0.43978984","false","0","鑒東","148","0.51388889","PERSON"
"377","3.80455342","1.4E-7","0.26284294","0.0","2","4","false","鑒删","46.0","2","0","0","0.43908932","false","0","鑒删","90","0.67164179","PERSON"
"378","3.81225919","0.0","0.26231165","0.0","1","5","false","鑒俊峯","61.0","1","0","0","0.43754816","false","0","鑒俊峯","0","0.0","PERSON"
"379","3.79404553","3.68E-6","0.2635709","0.0","15","4","false","鑑章","38.6","15","0","0","0.44119089","false","0","鑑章","3374","0.54492754","PERSON"
"380","3.80525394","1.0E-8","0.26279455","0.0","3","5","false","鑑鄭","69.0","3","0","0","0.43894921","false","0","鑑鄭","6","1.0","PERSON"
"381","3.78774081","1.73E-6","0.26400962","0.0","4","5","false","鑑洋","49.5","4","0","0","0.44245184","false","0","鑑洋","1660","0.52717391","PERSON"
"382","3.81155867","1.5E-7","0.26235986","0.0","2","5","false","鐘筱","46.0","2","0","0","0.43768827","false","0","鐘筱","62","0.75","PERSON"
"383","3.82486865","9.4E-7","0.26144689","0.0","4","4","false","鏱余子卿","16.0","4","0","0","0.43502627","false","0","鏱余子卿","198","0.41666667","PERSON"
"384","3.79824869","7.1E-7","0.26327923","0.0","3","5","false","鏞章","36.66666667","3","0","0","0.44035026","false","0","鏞章","274","0.45726496","PERSON"
"385","3.80525394","1.0E-8","0.26279455","0.0","3","5","false","鏞何","69.0","3","0","0","0.43894921","false","0","鏞何","6","1.0","PERSON"
"386","3.80595447","1.0E-8","0.26274618","0.0","3","5","false","鎭袁","68.0","3","0","0","0.43880911","false","0","鎭袁","6","1.0","PERSON"
"387","3.44448336","2.569E-5","0.2903193","0.0","5","4","false","鍾郭","141.4","5","0","0","0.51110333","false","0","鍾郭","50606","0.24290657","PERSON"
"388","3.43957968","4.21E-6","0.2907332","0.0","2","4","false","鍾紫","303.5","2","0","0","0.51208406","false","0","鍾紫","1180","0.51445578","PERSON"
"389","3.83747811","1.2E-7","0.26058781","0.0","5","5","false","鍾益","21.0","5","0","0","0.43250438","false","0","鍾益","20","1.0","PERSON"
"390","3.48021016","1.632E-5","0.28733897","0.0","5","4","false","鍾可託","123.2","5","0","0","0.50395797","false","0","鍾可託","4212","0.23187856","PERSON"
"391","3.73870403","2.34E-6","0.26747236","0.0","6","4","false","錫南","67.16666667","6","0","0","0.45225919","false","0","錫南","1150","0.42144374","PERSON"
"392","3.67425569","0.0","0.27216397","0.0","1","5","false","錫光","258.0","1","0","0","0.46514886","false","0","錫光","0","0.0","PERSON"
"393","3.80525394","1.0E-8","0.26279455","0.0","3","5","false","錦華","69.0","3","0","0","0.43894921","false","0","錦華","6","1.0","PERSON"
"394","3.43957968","2.65E-6","0.2907332","0.0","2","4","false","錦芳","313.0","2","0","0","0.51208406","false","0","錦芳","1142","0.53061224","PERSON"
"395","3.7267951","2.35E-6","0.26832707","0.0","5","5","false","錦榮","73.2","5","0","0","0.45464098","false","0","錦榮","3284","0.40561798","PERSON"
"396","3.80525394","1.0E-8","0.26279455","0.0","3","5","false","錦峯","69.0","3","0","0","0.43894921","false","0","錦峯","6","1.0","PERSON"
"397","3.81295972","0.0","0.26226346","0.0","1","5","false","錦如","60.0","1","0","0","0.43740806","false","0","錦如","0","0.0","PERSON"
"398","3.81295972","0.0","0.26226346","0.0","1","5","false","錦元","60.0","1","0","0","0.43740806","false","0","錦元","0","0.0","PERSON"
"399","3.46900175","1.936E-5","0.28826737","0.0","5","4","false","錢龍","142.4","5","0","0","0.50619965","false","0","錢龍","31204","0.26040516","PERSON"
"400","3.80595447","1.0E-8","0.26274618","0.0","3","5","false","錢韻","68.0","3","0","0","0.43880911","false","0","錢韻","6","1.0","PERSON"
"401","3.83257443","2.0E-8","0.26092122","0.0","3","5","false","錢靜","30.0","3","0","0","0.43348511","false","0","錢靜","6","1.0","PERSON"
"402","3.71208406","6.32E-6","0.26939045","0.0","6","4","false","錢雨","91.83333333","6","0","0","0.45758319","false","0","錢雨","7580","0.46581197","PERSON"
"403","3.80525394","1.0E-8","0.26279455","0.0","3","5","false","錢貴","69.0","3","0","0","0.43894921","false","0","錢貴","6","1.0","PERSON"
"404","3.74500876","0.0","0.26702207","0.0","1","5","false","錢紹","157.0","1","0","0","0.45099825","false","0","錢紹","0","0.0","PERSON"
"405","3.74500876","0.0","0.26702207","0.0","1","5","false","錢端","157.0","1","0","0","0.45099825","false","0","錢端","0","0.0","PERSON"
"406","3.80945709","8.8E-7","0.2625046","0.0","3","5","false","錢梅生","30.33333333","3","0","0","0.43810858","false","0","錢梅生","202","0.47311828","PERSON"
"407","3.83117338","1.0E-8","0.26101664","0.0","2","5","false","錢强","33.0","2","0","0","0.43376532","false","0","錢强","2","1.0","PERSON"
"408","3.17267951","1.7636E-4","0.31519099","0.0","4","4","false","錢庠","355.75","4","0","0","0.5654641","false","0","錢庠","410018","0.36685626","PERSON"
"409","3.40245184","1.5581E-4","0.2939057","0.0","7","4","false","錢健人","122.85714286","7","0","0","0.51950963","false","0","錢健人","130132","0.19159928","PERSON"
"410","3.43257443","1.423E-5","0.29132653","0.0","6","4","false","錄蘇","131.33333333","6","0","0","0.51348511","false","0","錄蘇","11754","0.21941639","PERSON"
"411","3.74500876","0.0","0.26702207","0.0","1","5","false","銜重","157.0","1","0","0","0.45099825","false","0","銜重","0","0.0","PERSON"
"412","3.48021016","1.632E-5","0.28733897","0.0","5","4","false","銘勛","123.2","5","0","0","0.50395797","false","0","銘勛","4212","0.23187856","PERSON"
"413","3.83117338","1.0E-8","0.26101664","0.0","2","5","false","銀漢","33.0","2","0","0","0.43376532","false","0","銀漢","2","1.0","PERSON"
"414","3.2441331","6.816E-5","0.30824876","0.0","5","4","false","鈴木","251.0","5","0","0","0.55117338","false","0","鈴木","191564","0.28935185","PERSON"
"415","3.43957968","2.65E-6","0.2907332","0.0","2","4","false","鈞黃","313.0","2","0","0","0.51208406","false","0","鈞黃","1142","0.53061224","PERSON"
"416","3.39754816","4.1191E-4","0.2943299","0.0","9","4","false","鈞鑒","90.77777778","9","0","0","0.52049037","false","0","鈞鑒","189238","0.14005894","PERSON"
"417","3.80035026","5.5E-7","0.26313364","0.0","3","4","false","鈞袁","45.66666667","3","0","0","0.43992995","false","0","鈞袁","182","0.62037037","PERSON"
"418","3.67425569","0.0","0.27216397","0.0","1","5","false","鈞徐","258.0","1","0","0","0.46514886","false","0","鈞徐","0","0.0","PERSON"
"419","3.35761821","5.439E-5","0.29783017","0.0","3","4","false","鈞代","280.0","3","0","0","0.52847636","false","0","鈞代","121450","0.39630682","PERSON"
"420","3.4704028","1.6444E-4","0.28815099","0.0","5","4","false","鈕立卿","125.0","5","0","0","0.50591944","false","0","鈕立卿","34680","0.22920518","PERSON"
"421","3.24063047","6.804E-5","0.30858193","0.0","3","4","false","金銘","418.0","3","0","0","0.55187391","false","0","金銘","224228","0.47876005","PERSON"
"422","3.2441331","6.816E-5","0.30824876","0.0","5","4","false","金邦平","251.0","5","0","0","0.55117338","false","0","金邦平","191564","0.28935185","PERSON"
"423","3.20210158","2.604E-4","0.3122949","0.0","8","4","false","金豹","167.75","8","0","0","0.55957968","false","0","金豹","452700","0.1810532","PERSON"
"424","3.37162872","8.087E-5","0.29659256","0.0","7","4","false","金衢嚴","122.42857143","7","0","0","0.52567426","false","0","金衢嚴","84178","0.17857143","PERSON"
"425","3.81155867","1.5E-7","0.26235986","0.0","2","5","false","金衢","46.0","2","0","0","0.43768827","false","0","金衢","62","0.75","PERSON"
"426","3.81295972","7.4E-7","0.26226346","0.0","6","5","false","金福堂","35.83333333","6","0","0","0.43740806","false","0","金福堂","260","0.64506173","PERSON"
"427","3.64343257","1.276E-5","0.27446645","0.0","3","4","false","金祿","133.0","3","0","0","0.47131349","false","0","金祿","18476","0.44594595","PERSON"
"428","3.44028021","0.0","0.290674","0.0","1","4","false","金石","589.0","1","0","0","0.51194396","false","0","金石","0","0.0","PERSON"
"429","3.47250438","2.486E-5","0.2879766","0.0","6","4","false","金百","109.5","6","0","0","0.50549912","false","0","金百","11594","0.20204842","PERSON"
"430","3.73870403","2.34E-6","0.26747236","0.0","6","4","false","金發十元","67.16666667","6","0","0","0.45225919","false","0","金發十元","1150","0.42144374","PERSON"
"431","3.81295972","0.0","0.26226346","0.0","1","5","false","金生","60.0","1","0","0","0.43740806","false","0","金生","0","0.0","PERSON"
"432","3.82276708","0.0","0.26159062","0.0","1","5","false","金瑞玉","46.0","1","0","0","0.43544658","false","0","金瑞玉","0","0.0","PERSON"
"433","3.70297723","1.08E-6","0.27005297","0.0","2","4","false","金珠","122.5","2","0","0","0.45940455","false","0","金珠","376","0.57311321","PERSON"
"434","3.83117338","1.0E-8","0.26101664","0.0","2","5","false","金潤泉","33.0","2","0","0","0.43376532","false","0","金潤泉","2","1.0","PERSON"
"435","3.36112084","1.447E-4","0.2975198","0.0","11","4","false","金潤庠","87.54545455","11","0","0","0.52777583","false","0","金潤庠","121328","0.12524668","PERSON"
"436","3.79404553","3.68E-6","0.2635709","0.0","15","4","false","金溶","38.6","15","0","0","0.44119089","false","0","金溶","3374","0.54492754","PERSON"
"437","3.82206655","0.0","0.26163856","0.0","1","5","false","金泰興","47.0","1","0","0","0.43558669","false","0","金泰興","0","0.0","PERSON"
"438","3.24063047","6.804E-5","0.30858193","0.0","3","4","false","金張","418.0","3","0","0","0.55187391","false","0","金張","224228","0.47876005","PERSON"
"439","3.74500876","0.0","0.26702207","0.0","1","5","false","金寳","157.0","1","0","0","0.45099825","false","0","金寳","0","0.0","PERSON"
"440","3.43257443","1.423E-5","0.29132653","0.0","6","4","false","金士明","131.33333333","6","0","0","0.51348511","false","0","金士明","11754","0.21941639","PERSON"
"441","3.68756567","9.97E-6","0.27118161","0.0","3","4","false","金伯屏","124.33333333","3","0","0","0.46248687","false","0","金伯屏","12266","0.52932761","PERSON"
"442","3.69737303","5.66E-6","0.2704623","0.0","4","5","false","金仲蓀","83.25","4","0","0","0.46052539","false","0","金仲蓀","10648","0.37217195","PERSON"
"443","3.2441331","6.816E-5","0.30824876","0.0","5","4","false","野田","251.0","5","0","0","0.55117338","false","0","野田","191564","0.28935185","PERSON"
"444","3.2497373","7.585E-5","0.30771718","0.0","6","4","false","重邇","196.16666667","6","0","0","0.55005254","false","0","重邇","174728","0.22826511","PERSON"
"445","3.81155867","1.5E-7","0.26235986","0.0","2","5","false","重民","46.0","2","0","0","0.43768827","false","0","重民","62","0.75","PERSON"
"446","3.2441331","6.816E-5","0.30824876","0.0","5","4","false","重政","251.0","5","0","0","0.55117338","false","0","重政","191564","0.28935185","PERSON"
"447","3.74500876","0.0","0.26702207","0.0","1","5","false","采長","157.0","1","0","0","0.45099825","false","0","采長","0","0.0","PERSON"
"448","3.47250438","2.486E-5","0.2879766","0.0","6","4","false","采臣","109.5","6","0","0","0.50549912","false","0","采臣","11594","0.20204842","PERSON"
"449","3.71208406","6.32E-6","0.26939045","0.0","6","4","false","采生","91.83333333","6","0","0","0.45758319","false","0","采生","7580","0.46581197","PERSON"
"450","3.84728546","8.0E-8","0.25992353","0.0","3","5","false","醫章","9.0","3","0","0","0.43054291","false","0","醫章","6","1.0","PERSON"
"451","3.43537653","5.524E-5","0.29108891","0.0","6","4","false","酉峯","133.5","6","0","0","0.51292469","false","0","酉峯","70680","0.22457627","PERSON"
"452","3.72399299","3.196E-5","0.26852897","0.0","5","5","false","鄭麗","59.0","5","0","0","0.4552014","false","0","鄭麗","8196","0.31868132","PERSON"
"453","3.39544658","4.369E-5","0.29451207","0.0","4","4","false","鄭鴻生","216.5","4","0","0","0.52091068","false","0","鄭鴻生","86760","0.33204931","PERSON"
"454","3.39684764","9.228E-5","0.2943906","0.0","9","4","false","鄭鑑源","95.22222222","9","0","0","0.52063047","false","0","鄭鑑源","121202","0.14676359","PERSON"
"455","3.74500876","0.0","0.26702207","0.0","1","5","false","鄭邁","157.0","1","0","0","0.45099825","false","0","鄭邁","0","0.0","PERSON"
"456","3.71208406","6.32E-6","0.26939045","0.0","6","4","false","鄭衡","91.83333333","6","0","0","0.45758319","false","0","鄭衡","7580","0.46581197","PERSON"
"457","3.71208406","6.32E-6","0.26939045","0.0","6","4","false","鄭翔","91.83333333","6","0","0","0.45758319","false","0","鄭翔","7580","0.46581197","PERSON"
"458","3.39964974","2.4442E-4","0.29414795","0.0","7","4","false","鄭緘","120.57142857","7","0","0","0.52007005","false","0","鄭緘","115692","0.18683036","PERSON"
"459","3.82486865","9.4E-7","0.26144689","0.0","4","4","false","鄭端","16.0","4","0","0","0.43502627","false","0","鄭端","198","0.41666667","PERSON"
"460","3.73870403","2.34E-6","0.26747236","0.0","6","4","false","鄭祥泰五","67.16666667","6","0","0","0.45225919","false","0","鄭祥泰五","1150","0.42144374","PERSON"
"461","3.43957968","1.99E-6","0.2907332","0.0","2","4","false","鄭祥泰","315.0","2","0","0","0.51208406","false","0","鄭祥泰","1098","0.53401361","PERSON"
"462","3.71208406","6.32E-6","0.26939045","0.0","6","4","false","鄭澤","91.83333333","6","0","0","0.45758319","false","0","鄭澤","7580","0.46581197","PERSON"
"463","3.74500876","0.0","0.26702207","0.0","1","5","false","鄭氷","157.0","1","0","0","0.45099825","false","0","鄭氷","0","0.0","PERSON"
"464","3.65604203","1.0236E-4","0.27351983","0.0","11","5","false","鄭文","54.36363636","11","0","0","0.46879159","false","0","鄭文","84402","0.1954712","PERSON"
"465","3.72399299","3.196E-5","0.26852897","0.0","5","5","false","鄭懋卿","59.0","5","0","0","0.4552014","false","0","鄭懋卿","8196","0.31868132","PERSON"
"466","3.72399299","3.196E-5","0.26852897","0.0","5","5","false","鄭式","59.0","5","0","0","0.4552014","false","0","鄭式","8196","0.31868132","PERSON"
"467","3.10262697","9.5045E-4","0.32230752","0.0","20","4","false","鄭子","104.05","20","0","0","0.57947461","false","0","鄭子","1202262","0.09804948","PERSON"
"468","3.67425569","0.0","0.27216397","0.0","1","5","false","鄭伯文","258.0","1","0","0","0.46514886","false","0","鄭伯文","0","0.0","PERSON"
"469","3.41646235","1.128E-5","0.29270043","0.0","2","4","false","鄧峙","324.5","2","0","0","0.51670753","false","0","鄧峙","29206","0.52093398","PERSON"
"470","3.83257443","3.0E-8","0.26092122","0.0","3","4","false","鄧孝","27.0","3","0","0","0.43348511","false","0","鄧孝","6","1.0","PERSON"
"471","3.83117338","1.0E-8","0.26101664","0.0","2","5","false","鄥志豪","33.0","2","0","0","0.43376532","false","0","鄥志豪","2","1.0","PERSON"
"472","3.58669002","6.89E-5","0.27880859","0.0","8","4","false","鄔志","72.5","8","0","0","0.482662","false","0","鄔志","101390","0.1922043","PERSON"
"473","3.84098074","4.0E-8","0.26035017","0.0","3","5","false","鄒裕","18.0","3","0","0","0.43180385","false","0","鄒裕","6","1.0","PERSON"
"474","3.48231173","2.3E-6","0.28716556","0.0","2","4","false","鄒古","278.5","2","0","0","0.50353765","false","0","鄒古","1036","0.52656546","PERSON"
"475","3.80525394","1.0E-8","0.26279455","0.0","3","5","false","鄉山","69.0","3","0","0","0.43894921","false","0","鄉山","6","1.0","PERSON"
"476","3.36042032","5.7811E-4","0.29758182","0.0","16","4","false","鄂芳","53.4375","16","0","0","0.52791594","false","0","鄂芳","222260","0.07632824","PERSON"
"477","3.68756567","9.97E-6","0.27118161","0.0","3","4","false","郭詩輝","124.33333333","3","0","0","0.46248687","false","0","郭詩輝","12266","0.52932761","PERSON"
"478","3.78774081","1.73E-6","0.26400962","0.0","4","5","false","郭竹樵","49.5","4","0","0","0.44245184","false","0","郭竹樵","1660","0.52717391","PERSON"
"479","3.81225919","0.0","0.26231165","0.0","1","5","false","郭漢","61.0","1","0","0","0.43754816","false","0","郭漢","0","0.0","PERSON"
"480","3.78563923","1.16E-6","0.26415618","0.0","4","5","false","郭標陳","44.25","4","0","0","0.44287215","false","0","郭標陳","426","0.45526316","PERSON"
"481","3.80595447","1.0E-8","0.26274618","0.0","3","5","false","郭楫臣","68.0","3","0","0","0.43880911","false","0","郭楫臣","6","1.0","PERSON"
"482","3.82837128","0.0","0.26120769","0.0","1","5","false","郭建侯","38.0","1","0","0","0.43432574","false","0","郭建侯","0","0.0","PERSON"
"483","3.43957968","2.65E-6","0.2907332","0.0","2","4","false","郭兆鯤","313.0","2","0","0","0.51208406","false","0","郭兆鯤","1142","0.53061224","PERSON"
"484","3.43257443","1.423E-5","0.29132653","0.0","6","4","false","郭作民","131.33333333","6","0","0","0.51348511","false","0","郭作民","11754","0.21941639","PERSON"
"485","3.38353765","9.681E-5","0.29554865","0.0","6","4","false","郝雲亭","129.5","6","0","0","0.52329247","false","0","郝雲亭","81128","0.1935241","PERSON"
"486","3.3849387","7.707E-5","0.29542632","0.0","4","4","false","郝營長","187.75","4","0","0","0.52301226","false","0","郝營長","77082","0.28125","PERSON"
"487","3.48091068","7.21E-6","0.28728114","0.0","3","4","false","郝伯陽","196.33333333","3","0","0","0.50381786","false","0","郝伯陽","4142","0.36994949","PERSON"
"488","3.81225919","0.0","0.26231165","0.0","1","5","false","郁文","61.0","1","0","0","0.43754816","false","0","郁文","0","0.0","PERSON"
"489","3.73870403","2.34E-6","0.26747236","0.0","6","4","false","邵萬生五","67.16666667","6","0","0","0.45225919","false","0","邵萬生五","1150","0.42144374","PERSON"
"490","3.22031524","1.4913E-4","0.31052861","0.0","6","4","false","邵萬生","225.83333333","6","0","0","0.55593695","false","0","邵萬生","303694","0.25065032","PERSON"
"491","3.48231173","1.69E-6","0.28716556","0.0","2","4","false","邵萬","282.5","2","0","0","0.50353765","false","0","邵萬","1020","0.5341556","PERSON"
"492","3.80525394","1.0E-8","0.26279455","0.0","3","5","false","邵爾","69.0","3","0","0","0.43894921","false","0","邵爾","6","1.0","PERSON"
"493","3.80525394","1.0E-8","0.26279455","0.0","3","5","false","邵潤生十","69.0","3","0","0","0.43894921","false","0","邵潤生十","6","1.0","PERSON"
"494","3.81295972","0.0","0.26226346","0.0","1","5","false","邵德銘","60.0","1","0","0","0.43740806","false","0","邵德銘","0","0.0","PERSON"
"495","3.67425569","0.0","0.27216397","0.0","1","5","false","邵彩","258.0","1","0","0","0.46514886","false","0","邵彩","0","0.0","PERSON"
"496","3.40805604","9.255E-5","0.2934224","0.0","9","4","false","邵力子","99.33333333","9","0","0","0.51838879","false","0","邵力子","64562","0.157082","PERSON"
"497","3.34711033","1.4094E-4","0.29876517","0.0","10","4","false","邵仲","97.9","10","0","0","0.53057793","false","0","邵仲","185052","0.13609551","PERSON"
"498","3.7793345","6.136E-5","0.26459685","0.0","5","5","false","邱墨韜","56.8","5","0","0","0.4441331","false","0","邱墨韜","24992","0.54174757","PERSON"
"499","3.80595447","1.0E-8","0.26274618","0.0","3","5","false","邱韻箎","68.0","3","0","0","0.43880911","false","0","邱韻箎","6","1.0","PERSON"
"500","3.83747811","1.2E-7","0.26058781","0.0","5","5","false","邱緯如","21.0","5","0","0","0.43250438","false","0","邱緯如","20","1.0","PERSON"
"501","3.72189142","1.61E-6","0.26868059","0.0","5","4","false","邱積卿","96.0","5","0","0","0.45562172","false","0","邱積卿","2072","0.52197802","PERSON"
"502","3.81225919","0.0","0.26231165","0.0","1","5","false","邱砥","61.0","1","0","0","0.43754816","false","0","邱砥","0","0.0","PERSON"
"503","3.76532399","1.112E-5","0.2655814","0.0","14","4","false","邱渭卿","34.07142857","14","0","0","0.4469352","false","0","邱渭卿","6532","0.2979408","PERSON"
"504","3.80875657","3.878E-5","0.26255288","0.0","7","5","false","邱毓庭","26.42857143","7","0","0","0.43824869","false","0","邱毓庭","13224","0.43099274","PERSON"
"505","3.82416813","3.0E-8","0.26149478","0.0","2","5","false","邱公鐸","40.0","2","0","0","0.43516637","false","0","邱公鐸","14","0.92857143","PERSON"
"506","3.82416813","3.0E-8","0.26149478","0.0","2","5","false","邱偉士","40.0","2","0","0","0.43516637","false","0","邱偉士","14","0.92857143","PERSON"
"507","3.81295972","7.4E-7","0.26226346","0.0","6","5","false","邁羅","35.83333333","6","0","0","0.43740806","false","0","邁羅","260","0.64506173","PERSON"
"508","3.81225919","0.0","0.26231165","0.0","1","5","false","邀鈞","61.0","1","0","0","0.43754816","false","0","邀鈞","0","0.0","PERSON"
"509","3.45008757","2.273E-5","0.28984772","0.0","4","4","false","遠甫","176.5","4","0","0","0.50998249","false","0","遠甫","34662","0.30735552","PERSON"
"510","3.44238179","1.843E-5","0.29049654","0.0","3","4","false","遜湖","230.33333333","3","0","0","0.51152364","false","0","遜湖","37238","0.39336764","PERSON"
"511","3.74500876","0.0","0.26702207","0.0","1","5","false","達餘","157.0","1","0","0","0.45099825","false","0","達餘","0","0.0","PERSON"
"512","3.36462347","7.851E-5","0.29721008","0.0","5","4","false","達權","183.6","5","0","0","0.52707531","false","0","達權","158692","0.26387283","PERSON"
"513","3.81716287","2.34E-6","0.26197467","0.0","13","5","false","道勝","25.38461538","13","0","0","0.43656743","false","0","道勝","588","0.59474672","PERSON"
"514","3.76882662","6.8E-7","0.26533457","0.0","2","5","false","道尹","69.5","2","0","0","0.44623468","false","0","道尹","212","0.5661157","PERSON"
"515","3.35761821","5.439E-5","0.29783017","0.0","3","4","false","運乾","280.0","3","0","0","0.52847636","false","0","運乾","121450","0.39630682","PERSON"
"516","3.74500876","0.0","0.26702207","0.0","1","5","false","遂昌","157.0","1","0","0","0.45099825","false","0","遂昌","0","0.0","PERSON"
"517","3.81295972","0.0","0.26226346","0.0","1","5","false","遂志","60.0","1","0","0","0.43740806","false","0","遂志","0","0.0","PERSON"
"518","3.74500876","0.0","0.26702207","0.0","1","5","false","遂安","157.0","1","0","0","0.45099825","false","0","遂安","0","0.0","PERSON"
"519","3.83747811","1.2E-7","0.26058781","0.0","5","5","false","逸雲","21.0","5","0","0","0.43250438","false","0","逸雲","20","1.0","PERSON"
"520","3.81225919","0.0","0.26231165","0.0","1","5","false","進業","61.0","1","0","0","0.43754816","false","0","進業","0","0.0","PERSON"
"521","3.43887916","1.83E-5","0.29079242","0.0","3","4","false","送章","203.0","3","0","0","0.51222417","false","0","送章","2394","0.34353741","PERSON"
"522","3.32609457","9.1457E-4","0.30065291","0.0","18","4","false","近初","68.72222222","18","0","0","0.53478109","false","0","近初","543394","0.09226461","PERSON"
"523","3.4704028","3.888E-5","0.28815099","0.0","9","4","false","辦鈞","80.44444444","9","0","0","0.50591944","false","0","辦鈞","16646","0.14794124","PERSON"
"524","3.4676007","2.406E-5","0.28838384","0.0","7","4","false","辦程","110.57142857","7","0","0","0.50647986","false","0","辦程","33902","0.201789","PERSON"
"525","3.80595447","1.0E-8","0.26274618","0.0","3","5","false","辦梅","68.0","3","0","0","0.43880911","false","0","辦梅","6","1.0","PERSON"
"526","3.25043783","8.771E-5","0.30765086","0.0","5","4","false","辦徐","235.6","5","0","0","0.54991243","false","0","辦徐","172520","0.27438596","PERSON"
"527","3.43257443","1.423E-5","0.29132653","0.0","6","4","false","輝銓","131.33333333","6","0","0","0.51348511","false","0","輝銓","11754","0.21941639","PERSON"
"528","3.2441331","6.816E-5","0.30824876","0.0","5","4","false","輝耀","251.0","5","0","0","0.55117338","false","0","輝耀","191564","0.28935185","PERSON"
"529","3.69737303","5.66E-6","0.2704623","0.0","4","5","false","輝受","83.25","4","0","0","0.46052539","false","0","輝受","10648","0.37217195","PERSON"
"530","3.78563923","1.16E-6","0.26415618","0.0","4","5","false","輔臣","44.25","4","0","0","0.44287215","false","0","輔臣","426","0.45526316","PERSON"
"531","3.42977233","2.871E-5","0.29156454","0.0","5","4","false","輔成","139.0","5","0","0","0.51404553","false","0","輔成","16472","0.23038397","PERSON"
"532","3.82416813","3.0E-8","0.26149478","0.0","2","5","false","輔卿","40.0","2","0","0","0.43516637","false","0","輔卿","14","0.92857143","PERSON"
"533","3.82837128","0.0","0.26120769","0.0","1","5","false","軒陳","38.0","1","0","0","0.43432574","false","0","軒陳","0","0.0","PERSON"
"534","3.81155867","1.5E-7","0.26235986","0.0","2","5","false","軒彭","46.0","2","0","0","0.43768827","false","0","軒彭","62","0.75","PERSON"
"535","3.70297723","1.08E-6","0.27005297","0.0","2","4","false","趙陳氏五","122.5","2","0","0","0.45940455","false","0","趙陳氏五","376","0.57311321","PERSON"
"536","3.80945709","8.8E-7","0.2625046","0.0","3","5","false","趙鏡","30.33333333","3","0","0","0.43810858","false","0","趙鏡","202","0.47311828","PERSON"
"537","3.70297723","1.08E-6","0.27005297","0.0","2","4","false","趙道","122.5","2","0","0","0.45940455","false","0","趙道","376","0.57311321","PERSON"
"538","3.71208406","6.32E-6","0.26939045","0.0","6","4","false","趙普卿","91.83333333","6","0","0","0.45758319","false","0","趙普卿","7580","0.46581197","PERSON"
"539","2.96882662","0.00176973","0.33683341","0.0","34","4","false","趙晋卿","81.41176471","34","0","0","0.60623468","false","0","趙晋卿","2084010","0.06548189","PERSON"
"540","3.74781086","4.12E-6","0.26682243","0.0","5","5","false","趙晉","71.2","5","0","0","0.45043783","false","0","趙晉","6936","0.47432432","PERSON"
"541","3.69737303","5.66E-6","0.2704623","0.0","4","5","false","趙恒","83.25","4","0","0","0.46052539","false","0","趙恒","10648","0.37217195","PERSON"
"542","3.73870403","2.34E-6","0.26747236","0.0","6","4","false","趙德記二","67.16666667","6","0","0","0.45225919","false","0","趙德記二","1150","0.42144374","PERSON"
"543","3.40525394","5.28E-5","0.29366386","0.0","3","4","false","趙士","265.66666667","3","0","0","0.51894921","false","0","趙士","56630","0.41614256","PERSON"
"544","3.68756567","9.97E-6","0.27118161","0.0","3","4","false","趙叔","124.33333333","3","0","0","0.46248687","false","0","趙叔","12266","0.52932761","PERSON"
"545","3.18248687","2.5553E-4","0.31421968","0.0","7","4","false","趙南","218.0","7","0","0","0.56350263","false","0","趙南","471980","0.22842105","PERSON"
"546","3.80175131","0.0","0.26303667","0.0","1","4","false","趙剛","73.0","1","0","0","0.43964974","false","0","趙剛","0","0.0","PERSON"
"547","3.74781086","4.12E-6","0.26682243","0.0","5","5","false","趙五娘","71.2","5","0","0","0.45043783","false","0","趙五娘","6936","0.47432432","PERSON"
"548","3.83397548","8.82E-6","0.26082587","0.0","5","5","false","越然","14.2","5","0","0","0.4332049","false","0","越然","1544","0.528","PERSON"
"549","3.48091068","7.21E-6","0.28728114","0.0","3","4","false","超然","196.33333333","3","0","0","0.50381786","false","0","超然","4142","0.36994949","PERSON"
"550","3.84028021","4.0E-8","0.26039767","0.0","3","5","false","賴康尼亞號之","19.0","3","0","0","0.43194396","false","0","賴康尼亞號之","6","1.0","PERSON"
"551","3.81295972","0.0","0.26226346","0.0","1","5","false","賡泉","60.0","1","0","0","0.43740806","false","0","賡泉","0","0.0","PERSON"
"552","3.74430823","3.19E-6","0.26707203","0.0","4","4","false","賀敬","63.25","4","0","0","0.45113835","false","0","賀敬","3288","0.41225166","PERSON"
"553","3.82206655","0.0","0.26163856","0.0","1","5","false","費裕","47.0","1","0","0","0.43558669","false","0","費裕","0","0.0","PERSON"
"554","3.67425569","0.0","0.27216397","0.0","1","5","false","費惠人","258.0","1","0","0","0.46514886","false","0","費惠人","0","0.0","PERSON"
"555","3.82206655","0.0","0.26163856","0.0","1","5","false","費德","47.0","1","0","0","0.43558669","false","0","費德","0","0.0","PERSON"
"556","3.80035026","5.5E-7","0.26313364","0.0","3","4","false","費伯鴻","45.66666667","3","0","0","0.43992995","false","0","費伯鴻","182","0.62037037","PERSON"
"557","3.82206655","0.0","0.26163856","0.0","1","5","false","貴元","47.0","1","0","0","0.43558669","false","0","貴元","0","0.0","PERSON"
"558","3.81085814","0.0","0.26240809","0.0","1","5","false","貴三","63.0","1","0","0","0.43782837","false","0","貴三","0","0.0","PERSON"
"559","3.68756567","9.97E-6","0.27118161","0.0","3","4","false","貞文","124.33333333","3","0","0","0.46248687","false","0","貞文","12266","0.52932761","PERSON"
"560","3.69737303","5.66E-6","0.2704623","0.0","4","5","false","豪毛","83.25","4","0","0","0.46052539","false","0","豪毛","10648","0.37217195","PERSON"
"561","3.79824869","7.1E-7","0.26327923","0.0","3","5","false","豪嚴","36.66666667","3","0","0","0.44035026","false","0","豪嚴","274","0.45726496","PERSON"
"562","3.74500876","0.0","0.26702207","0.0","1","5","false","象山","157.0","1","0","0","0.45099825","false","0","象山","0","0.0","PERSON"
"563","3.73870403","2.34E-6","0.26747236","0.0","6","4","false","豐興十","67.16666667","6","0","0","0.45225919","false","0","豐興十","1150","0.42144374","PERSON"
"564","3.7267951","2.35E-6","0.26832707","0.0","5","5","false","豐發","73.2","5","0","0","0.45464098","false","0","豐發","3284","0.40561798","PERSON"
"565","3.74500876","0.0","0.26702207","0.0","1","5","false","谿陳","157.0","1","0","0","0.45099825","false","0","谿陳","0","0.0","PERSON"
"566","3.37302977","4.582E-5","0.29646937","0.0","5","4","false","谷伯","180.2","5","0","0","0.52539405","false","0","谷伯","80676","0.26352941","PERSON"
"567","3.72749562","6.5E-7","0.26827664","0.0","4","5","false","變甫","101.0","4","0","0","0.45450088","false","0","變甫","636","0.56179775","PERSON"
"568","3.48301226","0.0","0.2871078","0.0","1","4","false","譚秋鳳","528.0","1","0","0","0.50339755","false","0","譚秋鳳","0","0.0","PERSON"
"569","3.38914186","4.749E-5","0.29505994","0.0","4","4","false","譚海","214.75","4","0","0","0.52217163","false","0","譚海","88330","0.32484802","PERSON"
"570","3.83747811","3.0E-8","0.26058781","0.0","3","5","false","譚植","23.0","3","0","0","0.43250438","false","0","譚植","6","1.0","PERSON"
"571","3.80035026","5.905E-5","0.26313364","0.0","7","4","false","謹啟","34.28571429","7","0","0","0.43992995","false","0","謹啟","25726","0.4894958","PERSON"
"572","3.68756567","9.97E-6","0.27118161","0.0","3","4","false","謹啓","124.33333333","3","0","0","0.46248687","false","0","謹啓","12266","0.52932761","PERSON"
"573","3.81085814","0.0","0.26240809","0.0","1","5","false","謬承","63.0","1","0","0","0.43782837","false","0","謬承","0","0.0","PERSON"
"574","3.43957968","1.99E-6","0.2907332","0.0","2","4","false","謝韜","315.0","2","0","0","0.51208406","false","0","謝韜","1098","0.53401361","PERSON"
"575","3.76602452","0.0","0.26553199","0.0","1","4","false","謝衡","124.0","1","0","0","0.4467951","false","0","謝衡","0","0.0","PERSON"
"576","2.91628722","0.0038077","0.34290175","0.0","20","4","false","謝蘅","131.65","20","0","0","0.61674256","false","0","謝蘅","3169524","0.09920273","PERSON"
"577","3.84098074","4.0E-8","0.26035017","0.0","3","5","false","謝芝琴","18.0","3","0","0","0.43180385","false","0","謝芝琴","6","1.0","PERSON"
"578","3.83747811","1.2E-7","0.26058781","0.0","5","5","false","謝芝","21.0","5","0","0","0.43250438","false","0","謝芝","20","1.0","PERSON"
"579","3.82416813","3.0E-8","0.26149478","0.0","2","5","false","謝渭","40.0","2","0","0","0.43516637","false","0","謝渭","14","0.92857143","PERSON"
"580","3.81366025","0.0","0.26221528","0.0","1","5","false","謝永鏞","59.0","1","0","0","0.43726795","false","0","謝永鏞","0","0.0","PERSON"
"581","3.81225919","0.0","0.26231165","0.0","1","5","false","謝桐森","61.0","1","0","0","0.43754816","false","0","謝桐森","0","0.0","PERSON"
"582","3.64343257","1.276E-5","0.27446645","0.0","3","4","false","謝日","133.0","3","0","0","0.47131349","false","0","謝日","18476","0.44594595","PERSON"
"583","3.81366025","0.0","0.26221528","0.0","1","5","false","謝志","59.0","1","0","0","0.43726795","false","0","謝志","0","0.0","PERSON"
"584","3.17127846","2.0799E-4","0.31533024","0.0","6","4","false","謝弢","239.83333333","6","0","0","0.56574431","false","0","謝弢","446386","0.2469838","PERSON"
"585","3.41155867","1.0246E-4","0.29312115","0.0","3","4","false","謝天","229.66666667","3","0","0","0.51768827","false","0","謝天","47392","0.36469963","PERSON"
"586","3.74500876","0.0","0.26702207","0.0","1","5","false","謝南坡","157.0","1","0","0","0.45099825","false","0","謝南坡","0","0.0","PERSON"
"587","3.73870403","2.34E-6","0.26747236","0.0","6","4","false","謝光甫","67.16666667","6","0","0","0.45225919","false","0","謝光甫","1150","0.42144374","PERSON"
"588","3.44238179","1.843E-5","0.29049654","0.0","3","4","false","謝俠","230.33333333","3","0","0","0.51152364","false","0","謝俠","37238","0.39336764","PERSON"
"589","3.37513135","2.6105E-4","0.29628477","0.0","15","4","false","謝仲笙","71.06666667","15","0","0","0.52497373","false","0","謝仲笙","345982","0.10504748","PERSON"
"590","3.0676007","7.5871E-4","0.32598767","0.0","12","4","false","謝仲","159.08333333","12","0","0","0.58647986","false","0","謝仲","1205808","0.14254584","PERSON"
"591","3.81085814","0.0","0.26240809","0.0","1","5","false","謝世","63.0","1","0","0","0.43782837","false","0","謝世","0","0.0","PERSON"
"592","3.23502627","9.053E-5","0.3091165","0.0","5","4","false","謂霍","266.8","5","0","0","0.55299475","false","0","謂霍","256412","0.30307868","PERSON"
"593","3.83117338","0.0","0.26101664","0.0","1","5","false","謂張","34.0","1","0","0","0.43376532","false","0","謂張","0","0.0","PERSON"
"594","3.82206655","0.0","0.26163856","0.0","1","5","false","謁根","47.0","1","0","0","0.43558669","false","0","謁根","0","0.0","PERSON"
"595","3.81155867","1.95E-6","0.26235986","0.0","4","5","false","謁張省","23.75","4","0","0","0.43768827","false","0","謁張省","294","0.39224138","PERSON"
"596","3.25113835","9.465E-5","0.30758457","0.0","4","4","false","謁唐","281.75","4","0","0","0.54977233","false","0","謁唐","170298","0.32836257","PERSON"
"597","3.36392294","9.461E-5","0.29727197","0.0","4","4","false","諸維","195.25","4","0","0","0.52721541","false","0","諸維","108782","0.27989914","PERSON"
"598","3.66514886","4.596E-5","0.27284021","0.0","5","5","false","諸文綺","62.8","5","0","0","0.46697023","false","0","諸文綺","15124","0.23233083","PERSON"
"599","3.67425569","0.0","0.27216397","0.0","1","5","false","諸文","258.0","1","0","0","0.46514886","false","0","諸文","0","0.0","PERSON"
"600","3.80455342","1.4E-7","0.26284294","0.0","2","4","false","諸公鈞","46.0","2","0","0","0.43908932","false","0","諸公鈞","90","0.67164179","PERSON"
"601","3.84238179","0.0","0.26025524","0.0","1","5","false","請馬","18.0","1","0","0","0.43152364","false","0","請馬","0","0.0","PERSON"
"602","3.35761821","5.439E-5","0.29783017","0.0","3","4","false","請道","280.0","3","0","0","0.52847636","false","0","請道","121450","0.39630682","PERSON"
"603","3.84028021","4.0E-8","0.26039767","0.0","3","5","false","請康","19.0","3","0","0","0.43194396","false","0","請康","6","1.0","PERSON"
"604","3.22101576","1.4146E-4","0.31046107","0.0","5","4","false","請孫","263.6","5","0","0","0.55579685","false","0","請孫","294570","0.29275362","PERSON"
"605","3.41926445","4.23E-5","0.29246056","0.0","3","4","false","請夏","227.0","3","0","0","0.51614711","false","0","請夏","32168","0.36688312","PERSON"
"606","3.72399299","3.196E-5","0.26852897","0.0","5","5","false","請劉","59.0","5","0","0","0.4552014","false","0","請劉","8196","0.31868132","PERSON"
"607","3.7267951","2.35E-6","0.26832707","0.0","5","5","false","詹潤","73.2","5","0","0","0.45464098","false","0","詹潤","3284","0.40561798","PERSON"
"608","3.17267951","1.7636E-4","0.31519099","0.0","4","4","false","詩聞","355.75","4","0","0","0.5654641","false","0","詩聞","410018","0.36685626","PERSON"
"609","3.80385289","4.11E-6","0.26289134","0.0","10","5","false","詠裳","27.1","10","0","0","0.43922942","false","0","詠裳","1260","0.41428571","PERSON"
"610","3.82206655","0.0","0.26163856","0.0","1","5","false","訴龔","47.0","1","0","0","0.43558669","false","0","訴龔","0","0.0","PERSON"
"611","3.82206655","0.0","0.26163856","0.0","1","5","false","訴黃","47.0","1","0","0","0.43558669","false","0","訴黃","0","0.0","PERSON"
"612","3.72399299","3.196E-5","0.26852897","0.0","5","5","false","訴陳","59.0","5","0","0","0.4552014","false","0","訴陳","8196","0.31868132","PERSON"
"613","3.82206655","0.0","0.26163856","0.0","1","5","false","訴邱","47.0","1","0","0","0.43558669","false","0","訴邱","0","0.0","PERSON"
"614","3.72399299","3.196E-5","0.26852897","0.0","5","5","false","訴榮","59.0","5","0","0","0.4552014","false","0","訴榮","8196","0.31868132","PERSON"
"615","3.72399299","3.196E-5","0.26852897","0.0","5","5","false","訴何","59.0","5","0","0","0.4552014","false","0","訴何","8196","0.31868132","PERSON"
"616","3.80525394","1.0E-8","0.26279455","0.0","3","5","false","許默","69.0","3","0","0","0.43894921","false","0","許默","6","1.0","PERSON"
"617","3.42977233","2.871E-5","0.29156454","0.0","5","4","false","許鎭","139.0","5","0","0","0.51404553","false","0","許鎭","16472","0.23038397","PERSON"
"618","3.68756567","9.97E-6","0.27118161","0.0","3","4","false","許葆","124.33333333","3","0","0","0.46248687","false","0","許葆","12266","0.52932761","PERSON"
"619","3.81295972","0.0","0.26226346","0.0","1","5","false","許菊","60.0","1","0","0","0.43740806","false","0","許菊","0","0.0","PERSON"
"620","3.78563923","1.16E-6","0.26415618","0.0","4","5","false","許秋颿","44.25","4","0","0","0.44287215","false","0","許秋颿","426","0.45526316","PERSON"
"621","3.68756567","9.97E-6","0.27118161","0.0","3","4","false","許秋","124.33333333","3","0","0","0.46248687","false","0","許秋","12266","0.52932761","PERSON"
"622","3.81225919","0.0","0.26231165","0.0","1","5","false","許琨","61.0","1","0","0","0.43754816","false","0","許琨","0","0.0","PERSON"
"623","3.83257443","2.0E-8","0.26092122","0.0","3","5","false","許沅","30.0","3","0","0","0.43348511","false","0","許沅","6","1.0","PERSON"
"624","2.99194396","0.00162806","0.33423086","0.0","21","4","false","許建","122.33333333","21","0","0","0.60161121","false","0","許建","2147166","0.1004415","PERSON"
"625","3.40525394","5.28E-5","0.29366386","0.0","3","4","false","許廷","265.66666667","3","0","0","0.51894921","false","0","許廷","56630","0.41614256","PERSON"
"626","3.46690018","1.2868E-4","0.28844211","0.0","8","4","false","許少","84.375","8","0","0","0.50661996","false","0","許少","29756","0.15354512","PERSON"
"627","3.83817863","0.0","0.26054024","0.0","1","5","false","許士","24.0","1","0","0","0.43236427","false","0","許士","0","0.0","PERSON"
"628","3.68756567","9.97E-6","0.27118161","0.0","3","4","false","許劍","124.33333333","3","0","0","0.46248687","false","0","許劍","12266","0.52932761","PERSON"
"629","3.44028021","0.0","0.290674","0.0","1","4","false","訪勞","589.0","1","0","0","0.51194396","false","0","訪勞","0","0.0","PERSON"
"630","3.73870403","2.34E-6","0.26747236","0.0","6","4","false","訥爾遜","67.16666667","6","0","0","0.45225919","false","0","訥爾遜","1150","0.42144374","PERSON"
"631","3.81295972","0.0","0.26226346","0.0","1","5","false","記黃性","60.0","1","0","0","0.43740806","false","0","記黃性","0","0.0","PERSON"
"632","3.74781086","4.12E-6","0.26682243","0.0","5","5","false","記魯","71.2","5","0","0","0.45043783","false","0","記魯","6936","0.47432432","PERSON"
"633","3.81295972","7.4E-7","0.26226346","0.0","6","5","false","記經","35.83333333","6","0","0","0.43740806","false","0","記經","260","0.64506173","PERSON"
"634","3.79614711","1.24E-6","0.26342499","0.0","4","5","false","記張","32.25","4","0","0","0.44077058","false","0","記張","402","0.390625","PERSON"
"635","3.82206655","9.0E-8","0.26163856","0.0","6","5","false","託余","42.0","6","0","0","0.43558669","false","0","託余","30","1.0","PERSON"
"636","3.76602452","0.0","0.26553199","0.0","1","4","false","計方","124.0","1","0","0","0.4467951","false","0","計方","0","0.0","PERSON"
"637","3.09492119","6.2708E-4","0.32311","0.0","11","4","false","觀瀾","166.90909091","11","0","0","0.58101576","false","0","觀瀾","1170606","0.15491045","PERSON"
"638","3.21821366","5.9776E-4","0.31073139","0.0","12","4","false","覓方","101.66666667","12","0","0","0.55635727","false","0","覓方","413780","0.11260254","PERSON"
"639","3.2028021","1.1485E-4","0.3122266","0.0","4","4","false","西田","344.25","4","0","0","0.55943958","false","0","西田","311930","0.37148268","PERSON"
"640","3.74500876","0.0","0.26702207","0.0","1","5","false","西海","157.0","1","0","0","0.45099825","false","0","西海","0","0.0","PERSON"
"641","3.79404553","3.68E-6","0.2635709","0.0","15","4","false","西吳","38.6","15","0","0","0.44119089","false","0","西吳","3374","0.54492754","PERSON"
"642","3.71138354","3.11E-5","0.2694413","0.0","4","4","false","褚輔","68.5","4","0","0","0.45772329","false","0","褚輔","21838","0.34090909","PERSON"
"643","3.43257443","1.423E-5","0.29132653","0.0","6","4","false","褒紀","131.33333333","6","0","0","0.51348511","false","0","褒紀","11754","0.21941639","PERSON"
"644","3.13625219","7.3144E-4","0.31885191","0.0","23","4","false","裴雲卿","85.56521739","23","0","0","0.57274956","false","0","裴雲卿","1182442","0.08456522","PERSON"
"645","3.64903678","3.39E-5","0.27404492","0.0","2","5","false","裴雲","152.0","2","0","0","0.47019264","false","0","裴雲","15212","0.51712329","PERSON"
"646","3.43957968","4.96E-6","0.2907332","0.0","2","4","false","裴德","302.5","2","0","0","0.51208406","false","0","裴德","1184","0.5127551","PERSON"
"647","3.43957968","2.65E-6","0.2907332","0.0","2","4","false","裳朱","313.0","2","0","0","0.51208406","false","0","裳朱","1142","0.53061224","PERSON"
"648","3.74500876","0.0","0.26702207","0.0","1","5","false","補馬","157.0","1","0","0","0.45099825","false","0","補馬","0","0.0","PERSON"
"649","3.74500876","0.0","0.26702207","0.0","1","5","false","補項","157.0","1","0","0","0.45099825","false","0","補項","0","0.0","PERSON"
"650","3.74500876","0.0","0.26702207","0.0","1","5","false","補陳","157.0","1","0","0","0.45099825","false","0","補陳","0","0.0","PERSON"
"651","3.74500876","0.0","0.26702207","0.0","1","5","false","補趙","157.0","1","0","0","0.45099825","false","0","補趙","0","0.0","PERSON"
"652","3.74500876","0.0","0.26702207","0.0","1","5","false","補謝德","157.0","1","0","0","0.45099825","false","0","補謝德","0","0.0","PERSON"
"653","3.74500876","0.0","0.26702207","0.0","1","5","false","補許","157.0","1","0","0","0.45099825","false","0","補許","0","0.0","PERSON"
"654","3.74500876","0.0","0.26702207","0.0","1","5","false","補蔡","157.0","1","0","0","0.45099825","false","0","補蔡","0","0.0","PERSON"
"655","3.74500876","0.0","0.26702207","0.0","1","5","false","補胡","157.0","1","0","0","0.45099825","false","0","補胡","0","0.0","PERSON"
"656","3.74500876","0.0","0.26702207","0.0","1","5","false","補童","157.0","1","0","0","0.45099825","false","0","補童","0","0.0","PERSON"
"657","3.74500876","0.0","0.26702207","0.0","1","5","false","補楊","157.0","1","0","0","0.45099825","false","0","補楊","0","0.0","PERSON"
"658","3.74500876","0.0","0.26702207","0.0","1","5","false","補徐","157.0","1","0","0","0.45099825","false","0","補徐","0","0.0","PERSON"
"659","3.74500876","0.0","0.26702207","0.0","1","5","false","補孫","157.0","1","0","0","0.45099825","false","0","補孫","0","0.0","PERSON"
"660","3.74500876","0.0","0.26702207","0.0","1","5","false","補吳","157.0","1","0","0","0.45099825","false","0","補吳","0","0.0","PERSON"
"661","3.74500876","0.0","0.26702207","0.0","1","5","false","補余","157.0","1","0","0","0.45099825","false","0","補余","0","0.0","PERSON"
"662","3.74500876","0.0","0.26702207","0.0","1","5","false","補丁","157.0","1","0","0","0.45099825","false","0","補丁","0","0.0","PERSON"
"663","3.78563923","1.16E-6","0.26415618","0.0","4","5","false","裘福","44.25","4","0","0","0.44287215","false","0","裘福","426","0.45526316","PERSON"
"664","3.71208406","6.32E-6","0.26939045","0.0","6","4","false","袁體仁","91.83333333","6","0","0","0.45758319","false","0","袁體仁","7580","0.46581197","PERSON"
"665","3.3295972","6.2346E-4","0.30033663","0.0","22","4","false","袁近","63.95454545","22","0","0","0.53408056","false","0","袁近","669982","0.08683386","PERSON"
"666","3.81716287","2.34E-6","0.26197467","0.0","13","5","false","袁覆登","25.38461538","13","0","0","0.43656743","false","0","袁覆登","588","0.59474672","PERSON"
"667","3.78774081","1.73E-6","0.26400962","0.0","4","5","false","袁祖懷","49.5","4","0","0","0.44245184","false","0","袁祖懷","1660","0.52717391","PERSON"
"668","3.82206655","9.0E-8","0.26163856","0.0","6","5","false","袁治齋","42.0","6","0","0","0.43558669","false","0","袁治齋","30","1.0","PERSON"
"669","3.23222417","1.0194E-4","0.30938448","0.0","4","4","false","袁治","318.25","4","0","0","0.55355517","false","0","袁治","260394","0.35969388","PERSON"
"670","3.74500876","0.0","0.26702207","0.0","1","5","false","袁止","157.0","1","0","0","0.45099825","false","0","袁止","0","0.0","PERSON"
"671","3.39544658","4.369E-5","0.29451207","0.0","4","4","false","袁明山","216.5","4","0","0","0.52091068","false","0","袁明山","86760","0.33204931","PERSON"
"672","3.21751313","5.0013E-4","0.31079904","0.0","6","4","false","袁希洛","223.0","6","0","0","0.55649737","false","0","袁希洛","373276","0.2463929","PERSON"
"673","3.17267951","1.7636E-4","0.31519099","0.0","4","4","false","袁希","355.75","4","0","0","0.5654641","false","0","袁希","410018","0.36685626","PERSON"
"674","2.72084063","0.01631442","0.36753347","0.0","81","4","false","袁履登","59.95061728","81","0","0","0.65583187","false","0","袁履登","10936160","0.03840431","PERSON"
"675","3.21611208","6.3378E-4","0.31093444","0.0","14","4","false","袁履","111.0","14","0","0","0.55677758","false","0","袁履","480372","0.12290503","PERSON"
"676","3.15656743","3.551E-4","0.31679982","0.0","7","4","false","袁孟德","237.57142857","7","0","0","0.56868651","false","0","袁孟德","621496","0.23968736","PERSON"
"677","3.17618214","2.4863E-4","0.31484341","0.0","8","4","false","袁叔峹","194.5","8","0","0","0.56476357","false","0","袁叔峹","470258","0.2019833","PERSON"
"678","3.80525394","1.0E-8","0.26279455","0.0","3","5","false","袁伯麟","69.0","3","0","0","0.43894921","false","0","袁伯麟","6","1.0","PERSON"
"679","3.80385289","4.11E-6","0.26289134","0.0","10","5","false","行馮","27.1","10","0","0","0.43922942","false","0","行馮","1260","0.41428571","PERSON"
"680","3.81295972","0.0","0.26226346","0.0","1","5","false","行森","60.0","1","0","0","0.43740806","false","0","行森","0","0.0","PERSON"
"681","3.83817863","0.0","0.26054024","0.0","1","5","false","行啓","24.0","1","0","0","0.43236427","false","0","行啓","0","0.0","PERSON"
"682","3.81155867","1.5E-7","0.26235986","0.0","2","5","false","蟾伯","46.0","2","0","0","0.43768827","false","0","蟾伯","62","0.75","PERSON"
"683","3.83397548","3.0E-8","0.26082587","0.0","3","5","false","蟇張","28.0","3","0","0","0.4332049","false","0","蟇張","6","1.0","PERSON"
"684","3.43257443","1.423E-5","0.29132653","0.0","6","4","false","虹爲","131.33333333","6","0","0","0.51348511","false","0","虹爲","11754","0.21941639","PERSON"
"685","3.81295972","0.0","0.26226346","0.0","1","5","false","號龔","60.0","1","0","0","0.43740806","false","0","號龔","0","0.0","PERSON"
"686","3.81295972","0.0","0.26226346","0.0","1","5","false","號陳","60.0","1","0","0","0.43740806","false","0","號陳","0","0.0","PERSON"
"687","3.76532399","1.112E-5","0.2655814","0.0","14","4","false","號趙","34.07142857","14","0","0","0.4469352","false","0","號趙","6532","0.2979408","PERSON"
"688","3.76532399","1.112E-5","0.2655814","0.0","14","4","false","號譚","34.07142857","14","0","0","0.4469352","false","0","號譚","6532","0.2979408","PERSON"
"689","3.81295972","0.0","0.26226346","0.0","1","5","false","號謝","60.0","1","0","0","0.43740806","false","0","號謝","0","0.0","PERSON"
"690","3.83397548","3.0E-8","0.26082587","0.0","3","5","false","號張","28.0","3","0","0","0.4332049","false","0","號張","6","1.0","PERSON"
"691","3.81295972","0.0","0.26226346","0.0","1","5","false","號宋","60.0","1","0","0","0.43740806","false","0","號宋","0","0.0","PERSON"
"692","3.81295972","0.0","0.26226346","0.0","1","5","false","號倪","60.0","1","0","0","0.43740806","false","0","號倪","0","0.0","PERSON"
"693","3.81295972","0.0","0.26226346","0.0","1","5","false","號丁","60.0","1","0","0","0.43740806","false","0","號丁","0","0.0","PERSON"
"694","3.74500876","0.0","0.26702207","0.0","1","5","false","虞黃","157.0","1","0","0","0.45099825","false","0","虞黃","0","0.0","PERSON"
"695","3.81716287","2.34E-6","0.26197467","0.0","13","5","false","虞金","25.38461538","13","0","0","0.43656743","false","0","虞金","588","0.59474672","PERSON"
"696","3.09422067","0.00230816","0.32318316","0.0","21","4","false","虞洽卿","98.71428571","21","0","0","0.58115587","false","0","虞洽卿","1233618","0.09200969","PERSON"
"697","3.29597198","5.9278E-4","0.30340064","0.0","11","4","false","虞洽","117.27272727","11","0","0","0.5408056","false","0","虞洽","584156","0.14830705","PERSON"
"698","3.40035026","0.0010005","0.29408735","0.0","13","4","false","虞永和","66.38461538","13","0","0","0.51992995","false","0","虞永和","246968","0.10329323","PERSON"
"699","3.22101576","1.4146E-4","0.31046107","0.0","5","4","false","虞會長","263.6","5","0","0","0.55579685","false","0","虞會長","294570","0.29275362","PERSON"
"700","3.17758319","2.0461E-4","0.31470459","0.0","8","4","false","虞會","203.25","8","0","0","0.56448336","false","0","虞會","499062","0.21155858","PERSON"
"701","3.37793345","1.0724E-4","0.29603899","0.0","7","4","false","虞方","127.0","7","0","0","0.52441331","false","0","虞方","111450","0.18777943","PERSON"
"702","3.40525394","5.28E-5","0.29366386","0.0","3","4","false","虞廷","265.66666667","3","0","0","0.51894921","false","0","虞廷","56630","0.41614256","PERSON"
"703","3.44238179","1.843E-5","0.29049654","0.0","3","4","false","處洽卿","230.33333333","3","0","0","0.51152364","false","0","處洽卿","37238","0.39336764","PERSON"
"704","3.76532399","1.112E-5","0.2655814","0.0","14","4","false","蘭芳","34.07142857","14","0","0","0.4469352","false","0","蘭芳","6532","0.2979408","PERSON"
"705","3.37302977","4.582E-5","0.29646937","0.0","5","4","false","蘭航","180.2","5","0","0","0.52539405","false","0","蘭航","80676","0.26352941","PERSON"
"706","3.42556918","1.958E-5","0.29192229","0.0","5","4","false","蘋鄔","159.6","5","0","0","0.51488616","false","0","蘋鄔","20154","0.26214876","PERSON"
"707","3.84798599","3.0E-8","0.25987621","0.0","2","5","false","蘇灘","9.0","2","0","0","0.4304028","false","0","蘇灘","2","1.0","PERSON"
"708","3.21330998","4.9921E-4","0.31120558","0.0","6","4","false","蘇民生","223.16666667","6","0","0","0.557338","false","0","蘇民生","394396","0.24494671","PERSON"
"709","3.83257443","3.0E-8","0.26092122","0.0","3","4","false","蘇方","27.0","3","0","0","0.43348511","false","0","蘇方","6","1.0","PERSON"
"710","3.72539405","3.01E-6","0.26842798","0.0","7","5","false","蘅卿","59.0","7","0","0","0.45492119","false","0","蘅卿","1722","0.3258427","PERSON"
"711","3.83117338","1.0E-8","0.26101664","0.0","2","5","false","藹士","33.0","2","0","0","0.43376532","false","0","藹士","2","1.0","PERSON"
"712","3.67425569","0.0","0.27216397","0.0","1","5","false","藕初","258.0","1","0","0","0.46514886","false","0","藕初","0","0.0","PERSON"
"713","3.43957968","2.65E-6","0.2907332","0.0","2","4","false","藍璧","313.0","2","0","0","0.51208406","false","0","藍璧","1142","0.53061224","PERSON"
"714","3.44238179","1.843E-5","0.29049654","0.0","3","4","false","薰毛","230.33333333","3","0","0","0.51152364","false","0","薰毛","37238","0.39336764","PERSON"
"715","3.36742557","1.1447E-4","0.29696276","0.0","9","4","false","薰家渡","126.22222222","9","0","0","0.52651489","false","0","薰家渡","162824","0.18307342","PERSON"
"716","3.67145359","4.7742E-4","0.27237168","0.0","13","5","false","薛邁羅","54.07692308","13","0","0","0.46570928","false","0","薛邁羅","240748","0.21316033","PERSON"
"717","3.17758319","1.5616E-4","0.31470459","0.0","5","4","false","薛文泰","281.0","5","0","0","0.56448336","false","0","薛文泰","417164","0.2919708","PERSON"
"718","3.68756567","9.97E-6","0.27118161","0.0","3","4","false","蕭鑑","124.33333333","3","0","0","0.46248687","false","0","蕭鑑","12266","0.52932761","PERSON"
"719","3.69737303","5.66E-6","0.2704623","0.0","4","5","false","蕭錦","83.25","4","0","0","0.46052539","false","0","蕭錦","10648","0.37217195","PERSON"
"720","3.74500876","0.0","0.26702207","0.0","1","5","false","蕭山","157.0","1","0","0","0.45099825","false","0","蕭山","0","0.0","PERSON"
"721","3.43957968","2.65E-6","0.2907332","0.0","2","4","false","蕭啓","313.0","2","0","0","0.51208406","false","0","蕭啓","1142","0.53061224","PERSON"
"722","3.40385289","8.251E-5","0.29378473","0.0","5","4","false","蔣石雅","166.4","5","0","0","0.51922942","false","0","蔣石雅","98722","0.26006289","PERSON"
"723","3.68966725","2.186E-5","0.27102715","0.0","9","5","false","蔣泉","56.22222222","9","0","0","0.46206655","false","0","蔣泉","27964","0.2432697","PERSON"
"724","3.72399299","3.196E-5","0.26852897","0.0","5","5","false","蔣永亮","59.0","5","0","0","0.4552014","false","0","蔣永亮","8196","0.31868132","PERSON"
"725","3.67425569","0.0","0.27216397","0.0","1","5","false","蔣桐","258.0","1","0","0","0.46514886","false","0","蔣桐","0","0.0","PERSON"
"726","3.83817863","0.0","0.26054024","0.0","1","5","false","蔣智","24.0","1","0","0","0.43236427","false","0","蔣智","0","0.0","PERSON"
"727","3.81295972","7.4E-7","0.26226346","0.0","6","5","false","蔣德春","35.83333333","6","0","0","0.43740806","false","0","蔣德春","260","0.64506173","PERSON"
"728","3.74500876","0.0","0.26702207","0.0","1","5","false","蔣尊","157.0","1","0","0","0.45099825","false","0","蔣尊","0","0.0","PERSON"
"729","3.83817863","0.0","0.26054024","0.0","1","5","false","蔣孟","24.0","1","0","0","0.43236427","false","0","蔣孟","0","0.0","PERSON"
"730","3.16637478","5.8156E-4","0.31581858","0.0","13","4","false","蔣夢芸","132.30769231","13","0","0","0.56672504","false","0","蔣夢芸","651732","0.13578872","PERSON"
"731","3.40525394","0.00117249","0.29366386","0.0","18","4","false","蔣夢","57.77777778","18","0","0","0.51894921","false","0","蔣夢","487912","0.09142959","PERSON"
"732","3.82206655","9.0E-8","0.26163856","0.0","6","5","false","蔣兩","42.0","6","0","0","0.43558669","false","0","蔣兩","30","1.0","PERSON"
"733","3.41926445","4.23E-5","0.29246056","0.0","3","4","false","蔣伯器","227.0","3","0","0","0.51614711","false","0","蔣伯器","32168","0.36688312","PERSON"
"734","3.84588441","7.0E-8","0.26001821","0.0","3","5","false","蔣介民","11.0","3","0","0","0.43082312","false","0","蔣介民","6","1.0","PERSON"
"735","3.45078809","2.018E-5","0.28978888","0.0","3","4","false","蔡輔卿","228.0","3","0","0","0.50984238","false","0","蔡輔卿","33398","0.39754816","PERSON"
"736","3.1145359","6.9266E-4","0.32107512","0.0","13","4","false","蔡華堂","144.07692308","13","0","0","0.57709282","false","0","蔡華堂","966320","0.13744181","PERSON"
"737","3.24553415","6.693E-5","0.30811569","0.0","5","4","false","蔡督辦","245.4","5","0","0","0.55089317","false","0","蔡督辦","186596","0.28352668","PERSON"
"738","3.70297723","1.08E-6","0.27005297","0.0","2","4","false","蔡滬生","122.5","2","0","0","0.45940455","false","0","蔡滬生","376","0.57311321","PERSON"
"739","3.7793345","6.136E-5","0.26459685","0.0","5","5","false","蔡止穆","56.8","5","0","0","0.4441331","false","0","蔡止穆","24992","0.54174757","PERSON"
"740","3.34711033","1.5624E-4","0.29876517","0.0","9","4","false","蔡春芳","119.11111111","9","0","0","0.53057793","false","0","蔡春芳","217984","0.16565373","PERSON"
"741","3.44028021","0.0","0.290674","0.0","1","4","false","蔡文惠","589.0","1","0","0","0.51194396","false","0","蔡文惠","0","0.0","PERSON"
"742","3.74500876","0.0","0.26702207","0.0","1","5","false","蔡元培","157.0","1","0","0","0.45099825","false","0","蔡元培","0","0.0","PERSON"
"743","3.44448336","2.569E-5","0.2903193","0.0","5","4","false","蔡佩瑛","141.4","5","0","0","0.51110333","false","0","蔡佩瑛","50606","0.24290657","PERSON"
"744","3.68966725","2.186E-5","0.27102715","0.0","9","5","false","蓮表","56.22222222","9","0","0","0.46206655","false","0","蓮表","27964","0.2432697","PERSON"
"745","3.64343257","1.276E-5","0.27446645","0.0","3","4","false","蓉齋","133.0","3","0","0","0.47131349","false","0","蓉齋","18476","0.44594595","PERSON"
"746","3.81295972","7.4E-7","0.26226346","0.0","6","5","false","蓉洲","35.83333333","6","0","0","0.43740806","false","0","蓉洲","260","0.64506173","PERSON"
"747","3.67425569","0.0","0.27216397","0.0","1","5","false","蓀趙","258.0","1","0","0","0.46514886","false","0","蓀趙","0","0.0","PERSON"
"748","3.80595447","1.0E-8","0.26274618","0.0","3","5","false","蓀華","68.0","3","0","0","0.43880911","false","0","蓀華","6","1.0","PERSON"
"749","3.79404553","3.68E-6","0.2635709","0.0","15","4","false","蒓芳","38.6","15","0","0","0.44119089","false","0","蒓芳","3374","0.54492754","PERSON"
"750","3.45639229","6.27E-5","0.28931901","0.0","2","4","false","董體芳","291.5","2","0","0","0.50872154","false","0","董體芳","36174","0.51507092","PERSON"
"751","3.43957968","2.65E-6","0.2907332","0.0","2","4","false","董體","313.0","2","0","0","0.51208406","false","0","董體","1142","0.53061224","PERSON"
"752","3.83747811","1.2E-7","0.26058781","0.0","5","5","false","董鄭","21.0","5","0","0","0.43250438","false","0","董鄭","20","1.0","PERSON"
"753","3.21401051","1.7777E-4","0.31113775","0.0","5","4","false","董聞","282.4","5","0","0","0.5571979","false","0","董聞","345534","0.31025358","PERSON"
"754","3.43887916","1.83E-5","0.29079242","0.0","3","4","false","董石","203.0","3","0","0","0.51222417","false","0","董石","2394","0.34353741","PERSON"
"755","3.4704028","3.888E-5","0.28815099","0.0","9","4","false","董田","80.44444444","9","0","0","0.50591944","false","0","董田","16646","0.14794124","PERSON"
"756","3.80525394","1.0E-8","0.26279455","0.0","3","5","false","董洪茂","69.0","3","0","0","0.43894921","false","0","董洪茂","6","1.0","PERSON"
"757","3.80385289","4.11E-6","0.26289134","0.0","10","5","false","董杳","27.1","10","0","0","0.43922942","false","0","董杳","1260","0.41428571","PERSON"
"758","3.81366025","0.0","0.26221528","0.0","1","5","false","董杏蓀","59.0","1","0","0","0.43726795","false","0","董杏蓀","0","0.0","PERSON"
"759","3.00735552","0.00209879","0.33251805","0.0","37","4","false","董杏生","79.64864865","37","0","0","0.5985289","false","0","董杏生","2217520","0.06722107","PERSON"
"760","3.42416813","3.588E-5","0.29204173","0.0","7","4","false","董杏","114.57142857","7","0","0","0.51516637","false","0","董杏","23336","0.18772137","PERSON"
"761","3.43957968","2.89E-6","0.2907332","0.0","2","4","false","董書春","310.0","2","0","0","0.51208406","false","0","董書春","1154","0.5255102","PERSON"
"762","3.35761821","5.439E-5","0.29783017","0.0","3","4","false","董方","280.0","3","0","0","0.52847636","false","0","董方","121450","0.39630682","PERSON"
"763","3.36742557","1.1447E-4","0.29696276","0.0","9","4","false","董家渡","126.22222222","9","0","0","0.52651489","false","0","董家渡","162824","0.18307342","PERSON"
"764","3.43957968","4.21E-6","0.2907332","0.0","2","4","false","董宋","303.5","2","0","0","0.51208406","false","0","董宋","1180","0.51445578","PERSON"
"765","3.76532399","1.112E-5","0.2655814","0.0","14","4","false","董呇生","34.07142857","14","0","0","0.4469352","false","0","董呇生","6532","0.2979408","PERSON"
"766","3.76602452","0.0","0.26553199","0.0","1","4","false","董勞敬","124.0","1","0","0","0.4467951","false","0","董勞敬","0","0.0","PERSON"
"767","3.82276708","0.0","0.26159062","0.0","1","5","false","董事胡","46.0","1","0","0","0.43544658","false","0","董事胡","0","0.0","PERSON"
"768","3.80595447","1.0E-8","0.26274618","0.0","3","5","false","葛稚梁","68.0","3","0","0","0.43880911","false","0","葛稚梁","6","1.0","PERSON"
"769","3.82416813","3.0E-8","0.26149478","0.0","2","5","false","葛稚","40.0","2","0","0","0.43516637","false","0","葛稚","14","0.92857143","PERSON"
"770","3.3849387","7.707E-5","0.29542632","0.0","4","4","false","葛參","187.75","4","0","0","0.52301226","false","0","葛參","77082","0.28125","PERSON"
"771","3.79544658","2.46E-6","0.26347361","0.0","13","4","false","葛來","39.15384615","13","0","0","0.44091068","false","0","葛來","1800","0.55295429","PERSON"
"772","3.84798599","3.0E-8","0.25987621","0.0","2","5","false","葉鴻英","9.0","2","0","0","0.4304028","false","0","葉鴻英","2","1.0","PERSON"
"773","3.44238179","1.1189E-4","0.29049654","0.0","4","4","false","葉鴻","165.5","4","0","0","0.51152364","false","0","葉鴻","64266","0.28264605","PERSON"
"774","3.80525394","0.0","0.26279455","0.0","1","5","false","葉湛","71.0","1","0","0","0.43894921","false","0","葉湛","0","0.0","PERSON"
"775","3.68756567","9.97E-6","0.27118161","0.0","3","4","false","葉楚","124.33333333","3","0","0","0.46248687","false","0","葉楚","12266","0.52932761","PERSON"
"776","3.48231173","2.3E-6","0.28716556","0.0","2","4","false","葉慎","278.5","2","0","0","0.50353765","false","0","葉慎","1036","0.52656546","PERSON"
"777","3.25043783","8.771E-5","0.30765086","0.0","5","4","false","葉愼齊","235.6","5","0","0","0.54991243","false","0","葉愼齊","172520","0.27438596","PERSON"
"778","2.9295972","0.0034876","0.34134385","0.0","42","4","false","葉惠鈞","76.0952381","42","0","0","0.61408056","false","0","葉惠鈞","3902256","0.05885207","PERSON"
"779","3.07810858","8.247E-4","0.32487483","0.0","10","4","false","葉惠","183.7","10","0","0","0.58437828","false","0","葉惠","1029100","0.16669708","PERSON"
"780","3.72399299","3.196E-5","0.26852897","0.0","5","5","false","葉山","59.0","5","0","0","0.4552014","false","0","葉山","8196","0.31868132","PERSON"
"781","3.74500876","0.0","0.26702207","0.0","1","5","false","葉亘","157.0","1","0","0","0.45099825","false","0","葉亘","0","0.0","PERSON"
"782","3.78774081","1.73E-6","0.26400962","0.0","4","5","false","葆洋十","49.5","4","0","0","0.44245184","false","0","葆洋十","1660","0.52717391","PERSON"
"783","3.67425569","0.0","0.27216397","0.0","1","5","false","葆元","258.0","1","0","0","0.46514886","false","0","葆元","0","0.0","PERSON"
"784","3.79404553","3.68E-6","0.2635709","0.0","15","4","false","萼銜","38.6","15","0","0","0.44119089","false","0","萼銜","3374","0.54492754","PERSON"
"785","3.67425569","0.0","0.27216397","0.0","1","5","false","菴袁","258.0","1","0","0","0.46514886","false","0","菴袁","0","0.0","PERSON"
"786","3.42556918","1.958E-5","0.29192229","0.0","5","4","false","華起","159.6","5","0","0","0.51488616","false","0","華起","20154","0.26214876","PERSON"
"787","3.2441331","6.816E-5","0.30824876","0.0","5","4","false","華謝振","251.0","5","0","0","0.55117338","false","0","華謝振","191564","0.28935185","PERSON"
"788","3.45008757","2.273E-5","0.28984772","0.0","4","4","false","華謝","176.5","4","0","0","0.50998249","false","0","華謝","34662","0.30735552","PERSON"
"789","3.80035026","5.5E-7","0.26313364","0.0","3","4","false","華葉","45.66666667","3","0","0","0.43992995","false","0","華葉","182","0.62037037","PERSON"
"790","3.76602452","0.0","0.26553199","0.0","1","4","false","華聞","124.0","1","0","0","0.4467951","false","0","華聞","0","0.0","PERSON"
"791","3.67425569","0.0","0.27216397","0.0","1","5","false","華穆","258.0","1","0","0","0.46514886","false","0","華穆","0","0.0","PERSON"
"792","3.80035026","5.5E-7","0.26313364","0.0","3","4","false","華尙","45.66666667","3","0","0","0.43992995","false","0","華尙","182","0.62037037","PERSON"
"793","3.68756567","9.97E-6","0.27118161","0.0","3","4","false","華兩","124.33333333","3","0","0","0.46248687","false","0","華兩","12266","0.52932761","PERSON"
"794","3.42556918","1.958E-5","0.29192229","0.0","5","4","false","華假","159.6","5","0","0","0.51488616","false","0","華假","20154","0.26214876","PERSON"
"795","3.83817863","0.0","0.26054024","0.0","1","5","false","華于","24.0","1","0","0","0.43236427","false","0","華于","0","0.0","PERSON"
"796","3.81295972","7.4E-7","0.26226346","0.0","6","5","false","菊甫","35.83333333","6","0","0","0.43740806","false","0","菊甫","260","0.64506173","PERSON"
"797","3.07810858","5.1267E-4","0.32487483","0.0","11","4","false","菊生","175.54545455","11","0","0","0.58437828","false","0","菊生","981486","0.15940224","PERSON"
"798","3.81366025","0.0","0.26221528","0.0","1","5","false","莫雪","59.0","1","0","0","0.43726795","false","0","莫雪","0","0.0","PERSON"
"799","3.82416813","3.0E-8","0.26149478","0.0","2","5","false","莫觴清","40.0","2","0","0","0.43516637","false","0","莫觴清","14","0.92857143","PERSON"
"800","3.80595447","1.0E-8","0.26274618","0.0","3","5","false","莫觴","68.0","3","0","0","0.43880911","false","0","莫觴","6","1.0","PERSON"
"801","3.74500876","0.0","0.26702207","0.0","1","5","false","莫永貞候","157.0","1","0","0","0.45099825","false","0","莫永貞候","0","0.0","PERSON"
"802","3.80595447","1.0E-8","0.26274618","0.0","3","5","false","莫梅卿","68.0","3","0","0","0.43880911","false","0","莫梅卿","6","1.0","PERSON"
"803","3.48091068","7.21E-6","0.28728114","0.0","3","4","false","莫子","196.33333333","3","0","0","0.50381786","false","0","莫子","4142","0.36994949","PERSON"
"804","3.24553415","6.693E-5","0.30811569","0.0","5","4","false","莘陳","245.4","5","0","0","0.55089317","false","0","莘陳","186596","0.28352668","PERSON"
"805","3.73870403","2.34E-6","0.26747236","0.0","6","4","false","莊經","67.16666667","6","0","0","0.45225919","false","0","莊經","1150","0.42144374","PERSON"
"806","3.40525394","5.28E-5","0.29366386","0.0","3","4","false","莊祖苓","265.66666667","3","0","0","0.51894921","false","0","莊祖苓","56630","0.41614256","PERSON"
"807","3.40385289","8.251E-5","0.29378473","0.0","5","4","false","莊百","166.4","5","0","0","0.51922942","false","0","莊百","98722","0.26006289","PERSON"
"808","3.81295972","7.4E-7","0.26226346","0.0","6","5","false","莊哲","35.83333333","6","0","0","0.43740806","false","0","莊哲","260","0.64506173","PERSON"
"809","3.72539405","3.01E-6","0.26842798","0.0","7","5","false","荀伯七","59.0","7","0","0","0.45492119","false","0","荀伯七","1722","0.3258427","PERSON"
"810","3.84098074","4.0E-8","0.26035017","0.0","3","5","false","范東生","18.0","3","0","0","0.43180385","false","0","范東生","6","1.0","PERSON"
"811","3.6910683","5.2835E-4","0.27092427","0.0","9","4","false","范春谷","67.44444444","9","0","0","0.46178634","false","0","范春谷","157978","0.2992993","PERSON"
"812","3.7267951","2.35E-6","0.26832707","0.0","5","5","false","范少山五","73.2","5","0","0","0.45464098","false","0","范少山五","3284","0.40561798","PERSON"
"813","3.20910683","0.00579868","0.31161318","0.0","25","4","false","范少","48.68","25","0","0","0.55817863","false","0","范少","824350","0.05333333","PERSON"
"814","3.81716287","2.34E-6","0.26197467","0.0","13","5","false","范大","25.38461538","13","0","0","0.43656743","false","0","范大","588","0.59474672","PERSON"
"815","3.71208406","6.32E-6","0.26939045","0.0","6","4","false","范回","91.83333333","6","0","0","0.45758319","false","0","范回","7580","0.46581197","PERSON"
"816","3.67425569","0.0","0.27216397","0.0","1","5","false","范伯森","258.0","1","0","0","0.46514886","false","0","范伯森","0","0.0","PERSON"
"817","3.44028021","0.0","0.290674","0.0","1","4","false","茂陸","589.0","1","0","0","0.51194396","false","0","茂陸","0","0.0","PERSON"
"818","3.78774081","1.73E-6","0.26400962","0.0","4","5","false","茂洋五十","49.5","4","0","0","0.44245184","false","0","茂洋五十","1660","0.52717391","PERSON"
"819","3.82837128","0.0","0.26120769","0.0","1","5","false","茂泉","38.0","1","0","0","0.43432574","false","0","茂泉","0","0.0","PERSON"
"820","3.82837128","1.2E-7","0.26120769","0.0","2","5","false","茂如","27.5","2","0","0","0.43432574","false","0","茂如","40","0.73611111","PERSON"
"821","3.67425569","0.0","0.27216397","0.0","1","5","false","茂卿","258.0","1","0","0","0.46514886","false","0","茂卿","0","0.0","PERSON"
"822","3.80525394","1.0E-8","0.26279455","0.0","3","5","false","英錢","69.0","3","0","0","0.43894921","false","0","英錢","6","1.0","PERSON"
"823","3.48231173","2.3E-6","0.28716556","0.0","2","4","false","英邀","278.5","2","0","0","0.50353765","false","0","英邀","1036","0.52656546","PERSON"
"824","3.43887916","1.83E-5","0.29079242","0.0","3","4","false","英與","203.0","3","0","0","0.51222417","false","0","英與","2394","0.34353741","PERSON"
"825","3.83187391","1.48E-6","0.26096892","0.0","4","4","false","英皇","11.25","4","0","0","0.43362522","false","0","英皇","156","0.39423077","PERSON"
"826","3.76882662","6.8E-7","0.26533457","0.0","2","5","false","英楊","69.5","2","0","0","0.44623468","false","0","英楊","212","0.5661157","PERSON"
"827","3.81225919","0.0","0.26231165","0.0","1","5","false","英劉","61.0","1","0","0","0.43754816","false","0","英劉","0","0.0","PERSON"
"828","3.81225919","0.0","0.26231165","0.0","1","5","false","苗淇","61.0","1","0","0","0.43754816","false","0","苗淇","0","0.0","PERSON"
"829","3.74500876","0.0","0.26702207","0.0","1","5","false","苑景","157.0","1","0","0","0.45099825","false","0","苑景","0","0.0","PERSON"
"830","3.80595447","1.0E-8","0.26274618","0.0","3","5","false","芸台","68.0","3","0","0","0.43880911","false","0","芸台","6","1.0","PERSON"
"831","3.44378284","1.1865E-4","0.29037836","0.0","5","4","false","芷颺","130.4","5","0","0","0.51124343","false","0","芷颺","65032","0.22348877","PERSON"
"832","3.67425569","0.0","0.27216397","0.0","1","5","false","芳黃","258.0","1","0","0","0.46514886","false","0","芳黃","0","0.0","PERSON"
"833","3.80595447","1.0E-8","0.26274618","0.0","3","5","false","芳錢","68.0","3","0","0","0.43880911","false","0","芳錢","6","1.0","PERSON"
"834","3.42416813","3.588E-5","0.29204173","0.0","7","4","false","芳近","114.57142857","7","0","0","0.51516637","false","0","芳近","23336","0.18772137","PERSON"
"835","3.65814361","6.93E-5","0.2733627","0.0","9","5","false","芳贊","46.77777778","9","0","0","0.46837128","false","0","芳贊","41032","0.16830065","PERSON"
"836","3.43957968","2.65E-6","0.2907332","0.0","2","4","false","芳石","313.0","2","0","0","0.51208406","false","0","芳石","1142","0.53061224","PERSON"
"837","3.64763573","6.61E-6","0.27415018","0.0","2","4","false","芳發","176.0","2","0","0","0.47047285","false","0","芳發","15252","0.60137457","PERSON"
"838","3.75621716","8.59E-6","0.26622529","0.0","2","4","false","芳澤","73.5","2","0","0","0.44875657","false","0","芳澤","6736","0.53308824","PERSON"
"839","3.74500876","0.0","0.26702207","0.0","1","5","false","芳淳","157.0","1","0","0","0.45099825","false","0","芳淳","0","0.0","PERSON"
"840","3.18248687","2.5673E-4","0.31421968","0.0","8","4","false","芳派","167.5","8","0","0","0.56350263","false","0","芳派","378846","0.17544784","PERSON"
"841","3.2028021","1.1485E-4","0.3122266","0.0","4","4","false","芳委","344.25","4","0","0","0.55943958","false","0","芳委","311930","0.37148268","PERSON"
"842","3.35761821","5.439E-5","0.29783017","0.0","3","4","false","芳代","280.0","3","0","0","0.52847636","false","0","芳代","121450","0.39630682","PERSON"
"843","3.76532399","1.112E-5","0.2655814","0.0","14","4","false","芝庭","34.07142857","14","0","0","0.4469352","false","0","芝庭","6532","0.2979408","PERSON"
"844","3.80595447","1.0E-8","0.26274618","0.0","3","5","false","艾戞","68.0","3","0","0","0.43880911","false","0","艾戞","6","1.0","PERSON"
"845","3.2385289","1.9774E-4","0.30878218","0.0","9","4","false","良玉","142.55555556","9","0","0","0.55229422","false","0","良玉","255808","0.16308244","PERSON"
"846","3.84168126","1.6E-7","0.2603027","0.0","5","5","false","良為","15.0","5","0","0","0.43166375","false","0","良為","20","1.0","PERSON"
"847","3.43957968","2.65E-6","0.2907332","0.0","2","4","false","良槐","313.0","2","0","0","0.51208406","false","0","良槐","1142","0.53061224","PERSON"
"848","3.80595447","1.0E-8","0.26274618","0.0","3","5","false","良吳","68.0","3","0","0","0.43880911","false","0","良吳","6","1.0","PERSON"
"849","3.80595447","1.0E-8","0.26274618","0.0","3","5","false","良卿","68.0","3","0","0","0.43880911","false","0","良卿","6","1.0","PERSON"
"850","3.24553415","6.693E-5","0.30811569","0.0","5","4","false","舫陸","245.4","5","0","0","0.55089317","false","0","舫陸","186596","0.28352668","PERSON"
"851","3.35761821","5.439E-5","0.29783017","0.0","3","4","false","舫石","280.0","3","0","0","0.52847636","false","0","舫石","121450","0.39630682","PERSON"
"852","3.74781086","4.12E-6","0.26682243","0.0","5","5","false","舫孫","71.2","5","0","0","0.45043783","false","0","舫孫","6936","0.47432432","PERSON"
"853","3.43887916","1.025E-5","0.29079242","0.0","3","4","false","舫勞","205.0","3","0","0","0.51222417","false","0","舫勞","2382","0.34693878","PERSON"
"854","3.64343257","1.276E-5","0.27446645","0.0","3","4","false","舟王","133.0","3","0","0","0.47131349","false","0","舟王","18476","0.44594595","PERSON"
"855","3.81295972","0.0","0.26226346","0.0","1","5","false","舜記","60.0","1","0","0","0.43740806","false","0","舜記","0","0.0","PERSON"
"856","3.64343257","1.276E-5","0.27446645","0.0","3","4","false","舜年","133.0","3","0","0","0.47131349","false","0","舜年","18476","0.44594595","PERSON"
"857","3.36742557","1.1447E-4","0.29696276","0.0","9","4","false","舒惠楨","126.22222222","9","0","0","0.52651489","false","0","舒惠楨","162824","0.18307342","PERSON"
"858","3.7793345","6.136E-5","0.26459685","0.0","5","5","false","舒卿","56.8","5","0","0","0.4441331","false","0","舒卿","24992","0.54174757","PERSON"
"859","3.74500876","0.0","0.26702207","0.0","1","5","false","興蔣","157.0","1","0","0","0.45099825","false","0","興蔣","0","0.0","PERSON"
"860","3.81225919","0.0","0.26231165","0.0","1","5","false","興漢","61.0","1","0","0","0.43754816","false","0","興漢","0","0.0","PERSON"
"861","3.83117338","1.0E-8","0.26101664","0.0","2","5","false","與齊","33.0","2","0","0","0.43376532","false","0","與齊","2","1.0","PERSON"
"862","3.48301226","0.0","0.2871078","0.0","1","4","false","與陳","528.0","1","0","0","0.50339755","false","0","與陳","0","0.0","PERSON"
"863","3.44448336","2.569E-5","0.2903193","0.0","5","4","false","與蕭山","141.4","5","0","0","0.51110333","false","0","與蕭山","50606","0.24290657","PERSON"
"864","3.44448336","2.569E-5","0.2903193","0.0","5","4","false","與壽","141.4","5","0","0","0.51110333","false","0","與壽","50606","0.24290657","PERSON"
"865","3.48301226","0.0","0.2871078","0.0","1","4","false","與吳","528.0","1","0","0","0.50339755","false","0","與吳","0","0.0","PERSON"
"866","3.2441331","6.816E-5","0.30824876","0.0","5","4","false","臼井哲夫","251.0","5","0","0","0.55117338","false","0","臼井哲夫","191564","0.28935185","PERSON"
"867","3.17618214","2.4863E-4","0.31484341","0.0","8","4","false","致果","194.5","8","0","0","0.56476357","false","0","致果","470258","0.2019833","PERSON"
"868","3.39684764","1.2371E-4","0.2943906","0.0","3","4","false","致怡","228.0","3","0","0","0.52063047","false","0","致怡","64996","0.35030864","PERSON"
"869","3.73870403","2.34E-6","0.26747236","0.0","6","4","false","致和","67.16666667","6","0","0","0.45225919","false","0","致和","1150","0.42144374","PERSON"
"870","3.80525394","0.0","0.26279455","0.0","1","5","false","膠濟","71.0","1","0","0","0.43894921","false","0","膠濟","0","0.0","PERSON"
"871","3.78774081","1.73E-6","0.26400962","0.0","4","5","false","胥春瑜","49.5","4","0","0","0.44245184","false","0","胥春瑜","1660","0.52717391","PERSON"
"872","3.72539405","3.01E-6","0.26842798","0.0","7","5","false","胡魯","59.0","7","0","0","0.45492119","false","0","胡魯","1722","0.3258427","PERSON"
"873","3.81225919","0.0","0.26231165","0.0","1","5","false","胡諸","61.0","1","0","0","0.43754816","false","0","胡諸","0","0.0","PERSON"
"874","3.40525394","5.28E-5","0.29366386","0.0","3","4","false","胡詠業","265.66666667","3","0","0","0.51894921","false","0","胡詠業","56630","0.41614256","PERSON"
"875","3.78563923","1.16E-6","0.26415618","0.0","4","5","false","胡耀庭","44.25","4","0","0","0.44287215","false","0","胡耀庭","426","0.45526316","PERSON"
"876","3.39544658","4.369E-5","0.29451207","0.0","4","4","false","胡石泉","216.5","4","0","0","0.52091068","false","0","胡石泉","86760","0.33204931","PERSON"
"877","3.1530648","4.1761E-4","0.31715174","0.0","6","4","false","胡甸","252.5","6","0","0","0.56938704","false","0","胡甸","560128","0.25327291","PERSON"
"878","3.26654991","0.00109003","0.30613339","0.0","26","4","false","胡熙生","70.96153846","26","0","0","0.54669002","false","0","胡熙生","1215568","0.08626577","PERSON"
"879","3.48021016","1.632E-5","0.28733897","0.0","5","4","false","胡炳旒","123.2","5","0","0","0.50395797","false","0","胡炳旒","4212","0.23187856","PERSON"
"880","3.74500876","0.0","0.26702207","0.0","1","5","false","胡炳","157.0","1","0","0","0.45099825","false","0","胡炳","0","0.0","PERSON"
"881","3.80525394","1.0E-8","0.26279455","0.0","3","5","false","胡渭卿","69.0","3","0","0","0.43894921","false","0","胡渭卿","6","1.0","PERSON"
"882","3.43957968","2.65E-6","0.2907332","0.0","2","4","false","胡沛然","313.0","2","0","0","0.51208406","false","0","胡沛然","1142","0.53061224","PERSON"
"883","3.74500876","0.0","0.26702207","0.0","1","5","false","胡江","157.0","1","0","0","0.45099825","false","0","胡江","0","0.0","PERSON"
"884","3.32539405","4.017E-4","0.30071624","0.0","17","4","false","胡格生","69.41176471","17","0","0","0.53492119","false","0","胡格生","437838","0.09295077","PERSON"
"885","3.44448336","9.192E-5","0.2903193","0.0","4","4","false","胡春泉","158.5","4","0","0","0.51110333","false","0","胡春泉","53320","0.27202073","PERSON"
"886","3.41155867","1.0973E-4","0.29312115","0.0","8","4","false","胡斯整","110.0","8","0","0","0.51768827","false","0","胡斯整","83294","0.17524116","PERSON"
"887","3.23222417","1.0194E-4","0.30938448","0.0","4","4","false","胡振緒","318.25","4","0","0","0.55355517","false","0","胡振緒","260394","0.35969388","PERSON"
"888","3.68966725","2.186E-5","0.27102715","0.0","9","5","false","胡愈","56.22222222","9","0","0","0.46206655","false","0","胡愈","27964","0.2432697","PERSON"
"889","3.71208406","6.32E-6","0.26939045","0.0","6","4","false","胡幼腴","91.83333333","6","0","0","0.45758319","false","0","胡幼腴","7580","0.46581197","PERSON"
"890","3.43957968","2.89E-6","0.2907332","0.0","2","4","false","胡宗銓","310.0","2","0","0","0.51208406","false","0","胡宗銓","1154","0.5255102","PERSON"
"891","3.81295972","0.0","0.26226346","0.0","1","5","false","胡啓慧","60.0","1","0","0","0.43740806","false","0","胡啓慧","0","0.0","PERSON"
"892","3.70507881","1.2532E-4","0.26989979","0.0","6","5","false","胡哲生","67.33333333","6","0","0","0.45898424","false","0","胡哲生","24332","0.31891026","PERSON"
"893","3.81295972","0.0","0.26226346","0.0","1","5","false","胡元記","60.0","1","0","0","0.43740806","false","0","胡元記","0","0.0","PERSON"
"894","3.81295972","0.0","0.26226346","0.0","1","5","false","胡一淸","60.0","1","0","0","0.43740806","false","0","胡一淸","0","0.0","PERSON"
"895","3.20210158","2.604E-4","0.3122949","0.0","8","4","false","股邵","167.75","8","0","0","0.55957968","false","0","股邵","452700","0.1810532","PERSON"
"896","3.20210158","2.604E-4","0.3122949","0.0","8","4","false","股連","167.75","8","0","0","0.55957968","false","0","股連","452700","0.1810532","PERSON"
"897","3.20210158","2.604E-4","0.3122949","0.0","8","4","false","股余","167.75","8","0","0","0.55957968","false","0","股余","452700","0.1810532","PERSON"
"898","3.81295972","7.4E-7","0.26226346","0.0","6","5","false","肇安","35.83333333","6","0","0","0.43740806","false","0","肇安","260","0.64506173","PERSON"
"899","3.2028021","1.1485E-4","0.3122266","0.0","4","4","false","聶雲台","344.25","4","0","0","0.55943958","false","0","聶雲台","311930","0.37148268","PERSON"
"900","3.67425569","0.0","0.27216397","0.0","1","5","false","聶德聲","258.0","1","0","0","0.46514886","false","0","聶德聲","0","0.0","PERSON"
"901","3.44028021","0.0","0.290674","0.0","1","4","false","聶其杰","589.0","1","0","0","0.51194396","false","0","聶其杰","0","0.0","PERSON"
"902","3.83117338","0.0","0.26101664","0.0","1","5","false","聶云台","34.0","1","0","0","0.43376532","false","0","聶云台","0","0.0","PERSON"
"903","3.82206655","9.0E-8","0.26163856","0.0","6","5","false","聲沈","42.0","6","0","0","0.43558669","false","0","聲沈","30","1.0","PERSON"
"904","3.72539405","3.01E-6","0.26842798","0.0","7","5","false","聲余","59.0","7","0","0","0.45492119","false","0","聲余","1722","0.3258427","PERSON"
"905","3.74781086","4.12E-6","0.26682243","0.0","5","5","false","聯芳","71.2","5","0","0","0.45043783","false","0","聯芳","6936","0.47432432","PERSON"
"906","3.67425569","0.0","0.27216397","0.0","1","5","false","聞項","258.0","1","0","0","0.46514886","false","0","聞項","0","0.0","PERSON"
"907","2.85814361","0.00811164","0.34987745","0.0","74","4","false","聞蘭亭","53.72972973","74","0","0","0.62837128","false","0","聞蘭亭","6942390","0.03917513","PERSON"
"908","3.84448336","2.0E-8","0.26011297","0.0","2","5","false","聞盛潘","14.0","2","0","0","0.43110333","false","0","聞盛潘","2","1.0","PERSON"
"909","3.76602452","0.0","0.26553199","0.0","1","4","false","聞王","124.0","1","0","0","0.4467951","false","0","聞王","0","0.0","PERSON"
"910","3.83747811","3.0E-8","0.26058781","0.0","3","5","false","聞巳","23.0","3","0","0","0.43250438","false","0","聞巳","6","1.0","PERSON"
"911","3.80595447","1.0E-8","0.26274618","0.0","3","5","false","聘三","68.0","3","0","0","0.43880911","false","0","聘三","6","1.0","PERSON"
"912","3.74500876","0.0","0.26702207","0.0","1","5","false","聖階","157.0","1","0","0","0.45099825","false","0","聖階","0","0.0","PERSON"
"913","3.84658494","0.0","0.25997086","0.0","1","5","false","耕棠","12.0","1","0","0","0.43068301","false","0","耕棠","0","0.0","PERSON"
"914","3.74781086","4.12E-6","0.26682243","0.0","5","5","false","考司","71.2","5","0","0","0.45043783","false","0","考司","6936","0.47432432","PERSON"
"915","3.46900175","1.936E-5","0.28826737","0.0","5","4","false","老介福","142.4","5","0","0","0.50619965","false","0","老介福","31204","0.26040516","PERSON"
"916","3.46900175","1.936E-5","0.28826737","0.0","5","4","false","老九","142.4","5","0","0","0.50619965","false","0","老九","31204","0.26040516","PERSON"
"917","3.62802102","2.6965E-4","0.27563236","0.0","4","5","false","耀庭","116.25","4","0","0","0.4743958","false","0","耀庭","92256","0.36015625","PERSON"
"918","3.83817863","0.0","0.26054024","0.0","1","5","false","翰鍾","24.0","1","0","0","0.43236427","false","0","翰鍾","0","0.0","PERSON"
"919","3.73870403","2.34E-6","0.26747236","0.0","6","4","false","翰臣","67.16666667","6","0","0","0.45225919","false","0","翰臣","1150","0.42144374","PERSON"
"920","3.81716287","2.34E-6","0.26197467","0.0","13","5","false","翊廷","25.38461538","13","0","0","0.43656743","false","0","翊廷","588","0.59474672","PERSON"
"921","3.03117338","0.00220059","0.32990525","0.0","25","4","false","翊庭","97.6","25","0","0","0.59376532","false","0","翊庭","1740458","0.08414634","PERSON"
"922","3.30647986","4.6594E-4","0.30243644","0.0","11","4","false","翁寅","117.27272727","11","0","0","0.53870403","false","0","翁寅","509192","0.15119991","PERSON"
"923","3.83817863","0.0","0.26054024","0.0","1","5","false","翁子","24.0","1","0","0","0.43236427","false","0","翁子","0","0.0","PERSON"
"924","3.12994746","5.3119E-4","0.31949418","0.0","12","4","false","翁國","161.08333333","12","0","0","0.57401051","false","0","翁國","819706","0.15694444","PERSON"
"925","3.81155867","1.95E-6","0.26235986","0.0","4","5","false","翁友","23.75","4","0","0","0.43768827","false","0","翁友","294","0.39224138","PERSON"
"926","3.74500876","0.0","0.26702207","0.0","1","5","false","義聲","157.0","1","0","0","0.45099825","false","0","義聲","0","0.0","PERSON"
"927","3.82206655","9.0E-8","0.26163856","0.0","6","5","false","義甫","42.0","6","0","0","0.43558669","false","0","義甫","30","1.0","PERSON"
"928","3.81295972","7.4E-7","0.26226346","0.0","6","5","false","義孫","35.83333333","6","0","0","0.43740806","false","0","義孫","260","0.64506173","PERSON"
"929","3.79544658","2.46E-6","0.26347361","0.0","13","4","false","美祥","39.15384615","13","0","0","0.44091068","false","0","美祥","1800","0.55295429","PERSON"
"930","3.81295972","0.0","0.26226346","0.0","1","5","false","美大號仁壽堂","60.0","1","0","0","0.43740806","false","0","美大號仁壽堂","0","0.0","PERSON"
"931","3.18248687","2.5673E-4","0.31421968","0.0","8","4","false","羅隆基","167.5","8","0","0","0.56350263","false","0","羅隆基","378846","0.17544784","PERSON"
"932","3.70297723","1.08E-6","0.27005297","0.0","2","4","false","羅滋琴","122.5","2","0","0","0.45940455","false","0","羅滋琴","376","0.57311321","PERSON"
"933","3.48021016","1.632E-5","0.28733897","0.0","5","4","false","羅正緯","123.2","5","0","0","0.50395797","false","0","羅正緯","4212","0.23187856","PERSON"
"934","3.81295972","0.0","0.26226346","0.0","1","5","false","羅松","60.0","1","0","0","0.43740806","false","0","羅松","0","0.0","PERSON"
"935","3.84028021","4.0E-8","0.26039767","0.0","3","5","false","羅平","19.0","3","0","0","0.43194396","false","0","羅平","6","1.0","PERSON"
"936","3.67425569","0.0","0.27216397","0.0","1","5","false","繼鏞","258.0","1","0","0","0.46514886","false","0","繼鏞","0","0.0","PERSON"
"937","3.81225919","0.0","0.26231165","0.0","1","5","false","繼宗","61.0","1","0","0","0.43754816","false","0","繼宗","0","0.0","PERSON"
"938","3.67425569","0.0","0.27216397","0.0","1","5","false","綺錢","258.0","1","0","0","0.46514886","false","0","綺錢","0","0.0","PERSON"
"939","3.18388792","2.5473E-4","0.31408141","0.0","10","4","false","維鏞","165.5","10","0","0","0.56322242","false","0","維鏞","484978","0.17407407","PERSON"
"940","3.22101576","1.4146E-4","0.31046107","0.0","5","4","false","經趙","263.6","5","0","0","0.55579685","false","0","經趙","294570","0.29275362","PERSON"
"941","3.4704028","3.888E-5","0.28815099","0.0","9","4","false","經疇","80.44444444","9","0","0","0.50591944","false","0","經疇","16646","0.14794124","PERSON"
"942","3.38844133","5.376E-5","0.29512094","0.0","4","4","false","經張","214.5","4","0","0","0.52231173","false","0","經張","99606","0.32397572","PERSON"
"943","3.39544658","4.369E-5","0.29451207","0.0","4","4","false","經仲","216.5","4","0","0","0.52091068","false","0","經仲","86760","0.33204931","PERSON"
"944","3.84448336","0.0","0.26011297","0.0","1","5","false","統希","15.0","1","0","0","0.43110333","false","0","統希","0","0.0","PERSON"
"945","3.79754816","3.49E-6","0.2633278","0.0","7","4","false","紹寛","26.71428571","7","0","0","0.44049037","false","0","紹寛","690","0.35714286","PERSON"
"946","3.82206655","9.0E-8","0.26163856","0.0","6","5","false","紹先","42.0","6","0","0","0.43558669","false","0","紹先","30","1.0","PERSON"
"947","3.79754816","3.49E-6","0.2633278","0.0","7","4","false","紳張","26.71428571","7","0","0","0.44049037","false","0","紳張","690","0.35714286","PERSON"
"948","3.80525394","1.0E-8","0.26279455","0.0","3","5","false","紫垣","69.0","3","0","0","0.43894921","false","0","紫垣","6","1.0","PERSON"
"949","3.85008757","4.0E-8","0.25973435","0.0","2","5","false","素持","6.0","2","0","0","0.42998249","false","0","素持","2","1.0","PERSON"
"950","3.24553415","6.693E-5","0.30811569","0.0","5","4","false","紅擴","245.4","5","0","0","0.55089317","false","0","紅擴","186596","0.28352668","PERSON"
"951","3.83257443","3.0E-8","0.26092122","0.0","3","4","false","紀顧","27.0","3","0","0","0.43348511","false","0","紀顧","6","1.0","PERSON"
"952","3.80525394","1.0E-8","0.26279455","0.0","3","5","false","紀望","69.0","3","0","0","0.43894921","false","0","紀望","6","1.0","PERSON"
"953","3.83397548","3.0E-8","0.26082587","0.0","3","5","false","糖行張","28.0","3","0","0","0.4332049","false","0","糖行張","6","1.0","PERSON"
"954","3.2441331","6.816E-5","0.30824876","0.0","5","4","false","米里紋吉","251.0","5","0","0","0.55117338","false","0","米里紋吉","191564","0.28935185","PERSON"
"955","3.18248687","2.5673E-4","0.31421968","0.0","8","4","false","籟江","167.5","8","0","0","0.56350263","false","0","籟江","378846","0.17544784","PERSON"
"956","3.13345009","3.3727E-4","0.31913704","0.0","9","4","false","簡玉","195.44444444","9","0","0","0.57330998","false","0","簡玉","676040","0.19100633","PERSON"
"957","3.42977233","2.871E-5","0.29156454","0.0","5","4","false","箴得","139.0","5","0","0","0.51404553","false","0","箴得","16472","0.23038397","PERSON"
"958","3.72539405","3.01E-6","0.26842798","0.0","7","5","false","箴七","59.0","7","0","0","0.45492119","false","0","箴七","1722","0.3258427","PERSON"
"959","3.2854641","3.4045E-4","0.304371","0.0","9","4","false","管趾卿","140.11111111","9","0","0","0.54290718","false","0","管趾卿","559894","0.1736718","PERSON"
"960","3.80525394","0.0","0.26279455","0.0","1","5","false","管趾","71.0","1","0","0","0.43894921","false","0","管趾","0","0.0","PERSON"
"961","3.38914186","4.749E-5","0.29505994","0.0","4","4","false","管見","214.75","4","0","0","0.52217163","false","0","管見","88330","0.32484802","PERSON"
"962","3.48231173","2.3E-6","0.28716556","0.0","2","4","false","管芷卿","278.5","2","0","0","0.50353765","false","0","管芷卿","1036","0.52656546","PERSON"
"963","3.39264448","9.382E-5","0.29475532","0.0","8","4","false","管懋","109.375","8","0","0","0.5214711","false","0","管懋","101522","0.16698767","PERSON"
"964","3.80595447","1.0E-8","0.26274618","0.0","3","5","false","箎馮","68.0","3","0","0","0.43880911","false","0","箎馮","6","1.0","PERSON"
"965","3.49352014","6.5232E-4","0.28624424","0.0","14","4","false","筱珊","64.42857143","14","0","0","0.50129597","false","0","筱珊","409376","0.12711137","PERSON"
"966","3.24553415","6.693E-5","0.30811569","0.0","5","4","false","筱庵","245.4","5","0","0","0.55089317","false","0","筱庵","186596","0.28352668","PERSON"
"967","3.80525394","1.0E-8","0.26279455","0.0","3","5","false","筠裴","69.0","3","0","0","0.43894921","false","0","筠裴","6","1.0","PERSON"
"968","3.74500876","0.0","0.26702207","0.0","1","5","false","笥陸","157.0","1","0","0","0.45099825","false","0","笥陸","0","0.0","PERSON"
"969","3.80175131","0.0","0.26303667","0.0","1","4","false","笛漁","73.0","1","0","0","0.43964974","false","0","笛漁","0","0.0","PERSON"
"970","3.80595447","1.0E-8","0.26274618","0.0","3","5","false","笙龔","68.0","3","0","0","0.43880911","false","0","笙龔","6","1.0","PERSON"
"971","3.81085814","0.0","0.26240809","0.0","1","5","false","笙陳","63.0","1","0","0","0.43782837","false","0","笙陳","0","0.0","PERSON"
"972","3.81085814","0.0","0.26240809","0.0","1","5","false","笙謂王","63.0","1","0","0","0.43782837","false","0","笙謂王","0","0.0","PERSON"
"973","3.84098074","1.0E-8","0.26035017","0.0","2","5","false","笙王","19.0","2","0","0","0.43180385","false","0","笙王","2","1.0","PERSON"
"974","3.17267951","1.7636E-4","0.31519099","0.0","4","4","false","笙朱","355.75","4","0","0","0.5654641","false","0","笙朱","410018","0.36685626","PERSON"
"975","3.72539405","3.01E-6","0.26842798","0.0","7","5","false","竺梅","59.0","7","0","0","0.45492119","false","0","竺梅","1722","0.3258427","PERSON"
"976","3.83117338","1.0E-8","0.26101664","0.0","2","5","false","竹齋","33.0","2","0","0","0.43376532","false","0","竹齋","2","1.0","PERSON"
"977","3.78563923","1.16E-6","0.26415618","0.0","4","5","false","竹馨","44.25","4","0","0","0.44287215","false","0","竹馨","426","0.45526316","PERSON"
"978","3.83677758","8.86E-6","0.26063538","0.0","4","5","false","竹軒","12.5","4","0","0","0.43264448","false","0","竹軒","676","0.52272727","PERSON"
"979","3.81155867","1.5E-7","0.26235986","0.0","2","5","false","竹筠","46.0","2","0","0","0.43768827","false","0","竹筠","62","0.75","PERSON"
"980","3.44028021","0.0","0.290674","0.0","1","4","false","竹書","589.0","1","0","0","0.51194396","false","0","竹書","0","0.0","PERSON"
"981","3.2441331","6.816E-5","0.30824876","0.0","5","4","false","竹平","251.0","5","0","0","0.55117338","false","0","竹平","191564","0.28935185","PERSON"
"982","3.20210158","2.604E-4","0.3122949","0.0","8","4","false","端木","167.75","8","0","0","0.55957968","false","0","端木","452700","0.1810532","PERSON"
"983","3.11103327","3.3575E-4","0.32143661","0.0","5","4","false","童詩","336.2","5","0","0","0.57779335","false","0","童詩","691930","0.31802657","PERSON"
"984","3.81225919","0.0","0.26231165","0.0","1","5","false","童蒙","61.0","1","0","0","0.43754816","false","0","童蒙","0","0.0","PERSON"
"985","3.81295972","0.0","0.26226346","0.0","1","5","false","立朝","60.0","1","0","0","0.43740806","false","0","立朝","0","0.0","PERSON"
"986","3.84448336","0.0","0.26011297","0.0","1","5","false","立明","15.0","1","0","0","0.43110333","false","0","立明","0","0.0","PERSON"
"987","3.80595447","1.0E-8","0.26274618","0.0","3","5","false","立侯","68.0","3","0","0","0.43880911","false","0","立侯","6","1.0","PERSON"
"988","3.83747811","1.2E-7","0.26058781","0.0","5","5","false","竇耀庭","21.0","5","0","0","0.43250438","false","0","竇耀庭","20","1.0","PERSON"
"989","3.43537653","5.638E-5","0.29108891","0.0","3","4","false","積璠","205.66666667","3","0","0","0.51292469","false","0","積璠","14378","0.34513772","PERSON"
"990","3.0178634","0.00110832","0.33136026","0.0","14","4","false","穆藕","161.5","14","0","0","0.59642732","false","0","穆藕","1836622","0.13624788","PERSON"
"991","3.81366025","0.0","0.26221528","0.0","1","5","false","穆湘瑶","59.0","1","0","0","0.43726795","false","0","穆湘瑶","0","0.0","PERSON"
"992","3.69737303","5.66E-6","0.2704623","0.0","4","5","false","穆杼齋","83.25","4","0","0","0.46052539","false","0","穆杼齋","10648","0.37217195","PERSON"
"993","3.83117338","1.0E-8","0.26101664","0.0","2","5","false","穆杼","33.0","2","0","0","0.43376532","false","0","穆杼","2","1.0","PERSON"
"994","3.72539405","3.01E-6","0.26842798","0.0","7","5","false","穆抒齋","59.0","7","0","0","0.45492119","false","0","穆抒齋","1722","0.3258427","PERSON"
"995","3.74220665","0.0","0.26722201","0.0","1","4","false","穆抒齊","158.0","1","0","0","0.45155867","false","0","穆抒齊","0","0.0","PERSON"
"996","3.3352014","6.277E-5","0.29983197","0.0","2","4","false","穆抒","423.5","2","0","0","0.53295972","false","0","穆抒","123200","0.57327001","PERSON"
"997","3.39124343","3.4972E-4","0.29487709","0.0","4","4","false","稻香村","205.25","4","0","0","0.52175131","false","0","稻香村","88412","0.31183206","PERSON"
"998","3.67425569","0.0","0.27216397","0.0","1","5","false","稷菴于","258.0","1","0","0","0.46514886","false","0","稷菴于","0","0.0","PERSON"
"999","3.71208406","6.32E-6","0.26939045","0.0","6","4","false","程霖生","91.83333333","6","0","0","0.45758319","false","0","程霖生","7580","0.46581197","PERSON"
"1000","3.40525394","5.28E-5","0.29366386","0.0","3","4","false","程蘭亭","265.66666667","3","0","0","0.51894921","false","0","程蘭亭","56630","0.41614256","PERSON"
"1001","3.80595447","1.0E-8","0.26274618","0.0","3","5","false","程炳","68.0","3","0","0","0.43880911","false","0","程炳","6","1.0","PERSON"
"1002","3.71208406","6.32E-6","0.26939045","0.0","6","4","false","程湘","91.83333333","6","0","0","0.45758319","false","0","程湘","7580","0.46581197","PERSON"
"1003","3.72399299","3.196E-5","0.26852897","0.0","5","5","false","移傅","59.0","5","0","0","0.4552014","false","0","移傅","8196","0.31868132","PERSON"
"1004","3.80665499","1.08E-5","0.26269783","0.0","5","4","false","秦鄂芳","18.8","5","0","0","0.438669","false","0","秦鄂芳","1914","0.29180328","PERSON"
"1005","3.17267951","1.7636E-4","0.31519099","0.0","4","4","false","秦聯","355.75","4","0","0","0.5654641","false","0","秦聯","410018","0.36685626","PERSON"
"1006","3.39544658","4.369E-5","0.29451207","0.0","4","4","false","秦然","216.5","4","0","0","0.52091068","false","0","秦然","86760","0.33204931","PERSON"
"1007","3.27355517","0.00145919","0.30547828","0.0","18","4","false","秦潤卿","86.77777778","18","0","0","0.54528897","false","0","秦潤卿","1101962","0.10602939","PERSON"
"1008","3.81716287","2.34E-6","0.26197467","0.0","13","5","false","科陳","25.38461538","13","0","0","0.43656743","false","0","科陳","588","0.59474672","PERSON"
"1009","3.81716287","2.34E-6","0.26197467","0.0","13","5","false","科蔣","25.38461538","13","0","0","0.43656743","false","0","科蔣","588","0.59474672","PERSON"
"1010","3.81716287","2.34E-6","0.26197467","0.0","13","5","false","科王","25.38461538","13","0","0","0.43656743","false","0","科王","588","0.59474672","PERSON"
"1011","3.79754816","3.49E-6","0.2633278","0.0","7","4","false","秋禧","26.71428571","7","0","0","0.44049037","false","0","秋禧","690","0.35714286","PERSON"
"1012","3.2441331","6.816E-5","0.30824876","0.0","5","4","false","秋山","251.0","5","0","0","0.55117338","false","0","秋山","191564","0.28935185","PERSON"
"1013","3.38914186","4.749E-5","0.29505994","0.0","4","4","false","秋孫","214.75","4","0","0","0.52217163","false","0","秋孫","88330","0.32484802","PERSON"
"1014","3.80525394","1.0E-8","0.26279455","0.0","3","5","false","秋士","69.0","3","0","0","0.43894921","false","0","秋士","6","1.0","PERSON"
"1015","3.83117338","0.0","0.26101664","0.0","1","5","false","秉文","34.0","1","0","0","0.43376532","false","0","秉文","0","0.0","PERSON"
"1016","3.72189142","1.61E-6","0.26868059","0.0","5","4","false","萬振聲","96.0","5","0","0","0.45562172","false","0","萬振聲","2072","0.52197802","PERSON"
"1017","3.82276708","0.0","0.26159062","0.0","1","5","false","萬印樓","46.0","1","0","0","0.43544658","false","0","萬印樓","0","0.0","PERSON"
"1018","3.83257443","2.0E-8","0.26092122","0.0","3","5","false","禱虞","30.0","3","0","0","0.43348511","false","0","禱虞","6","1.0","PERSON"
"1019","3.44448336","9.192E-5","0.2903193","0.0","4","4","false","禮敦","158.5","4","0","0","0.51110333","false","0","禮敦","53320","0.27202073","PERSON"
"1020","3.74500876","0.0","0.26702207","0.0","1","5","false","禧候","157.0","1","0","0","0.45099825","false","0","禧候","0","0.0","PERSON"
"1021","3.78563923","1.16E-6","0.26415618","0.0","4","5","false","福祺","44.25","4","0","0","0.44287215","false","0","福祺","426","0.45526316","PERSON"
"1022","3.74781086","4.12E-6","0.26682243","0.0","5","5","false","福生","71.2","5","0","0","0.45043783","false","0","福生","6936","0.47432432","PERSON"
"1023","3.73870403","2.34E-6","0.26747236","0.0","6","4","false","福源德記","67.16666667","6","0","0","0.45225919","false","0","福源德記","1150","0.42144374","PERSON"
"1024","3.7267951","2.35E-6","0.26832707","0.0","5","5","false","福泰二","73.2","5","0","0","0.45464098","false","0","福泰二","3284","0.40561798","PERSON"
"1025","3.48301226","0.0","0.2871078","0.0","1","4","false","福泉","528.0","1","0","0","0.50339755","false","0","福泉","0","0.0","PERSON"
"1026","3.79754816","3.49E-6","0.2633278","0.0","7","4","false","福民","26.71428571","7","0","0","0.44049037","false","0","福民","690","0.35714286","PERSON"
"1027","3.4704028","3.888E-5","0.28815099","0.0","9","4","false","福同","80.44444444","9","0","0","0.50591944","false","0","福同","16646","0.14794124","PERSON"
"1028","3.85008757","4.0E-8","0.25973435","0.0","2","5","false","禁陸","6.0","2","0","0","0.42998249","false","0","禁陸","2","1.0","PERSON"
"1029","3.72539405","3.01E-6","0.26842798","0.0","7","5","false","票方","59.0","7","0","0","0.45492119","false","0","票方","1722","0.3258427","PERSON"
"1030","3.43257443","1.423E-5","0.29132653","0.0","6","4","false","祥鄭","131.33333333","6","0","0","0.51348511","false","0","祥鄭","11754","0.21941639","PERSON"
"1031","3.79754816","3.49E-6","0.2633278","0.0","7","4","false","祥臻","26.71428571","7","0","0","0.44049037","false","0","祥臻","690","0.35714286","PERSON"
"1032","3.80525394","1.0E-8","0.26279455","0.0","3","5","false","祥生","69.0","3","0","0","0.43894921","false","0","祥生","6","1.0","PERSON"
"1033","3.70297723","1.08E-6","0.27005297","0.0","2","4","false","祥浩","122.5","2","0","0","0.45940455","false","0","祥浩","376","0.57311321","PERSON"
"1034","3.81295972","7.4E-7","0.26226346","0.0","6","5","false","祥定","35.83333333","6","0","0","0.43740806","false","0","祥定","260","0.64506173","PERSON"
"1035","3.23362522","1.7263E-4","0.30925043","0.0","13","4","false","祝蘭芳","113.92307692","13","0","0","0.55327496","false","0","祝蘭芳","291454","0.12964762","PERSON"
"1036","3.44028021","0.0","0.290674","0.0","1","4","false","祝蘭舫","589.0","1","0","0","0.51194396","false","0","祝蘭舫","0","0.0","PERSON"
"1037","2.92189142","0.00262339","0.34224407","0.0","35","4","false","祝蘭","93.94285714","35","0","0","0.61562172","false","0","祝蘭","3667878","0.07182601","PERSON"
"1038","3.83257443","3.0E-8","0.26092122","0.0","3","4","false","祝紹","27.0","3","0","0","0.43348511","false","0","祝紹","6","1.0","PERSON"
"1039","3.83117338","1.0E-8","0.26101664","0.0","2","5","false","祝星","33.0","2","0","0","0.43376532","false","0","祝星","2","1.0","PERSON"
"1040","3.43747811","4.197E-5","0.29091094","0.0","5","4","false","祝徐","122.6","5","0","0","0.51250438","false","0","祝徐","4828","0.20680272","PERSON"
"1041","3.79544658","2.46E-6","0.26347361","0.0","13","4","false","祝廷玉","39.15384615","13","0","0","0.44091068","false","0","祝廷玉","1800","0.55295429","PERSON"
"1042","3.36392294","9.461E-5","0.29727197","0.0","4","4","false","祝大椿","195.25","4","0","0","0.52721541","false","0","祝大椿","108782","0.27989914","PERSON"
"1043","3.81225919","0.0","0.26231165","0.0","1","5","false","祖陸","61.0","1","0","0","0.43754816","false","0","祖陸","0","0.0","PERSON"
"1044","3.74500876","0.0","0.26702207","0.0","1","5","false","祖謙","157.0","1","0","0","0.45099825","false","0","祖謙","0","0.0","PERSON"
"1045","3.74500876","0.0","0.26702207","0.0","1","5","false","祖衡","157.0","1","0","0","0.45099825","false","0","祖衡","0","0.0","PERSON"
"1046","3.84028021","4.0E-8","0.26039767","0.0","3","5","false","祖權","19.0","3","0","0","0.43194396","false","0","祖權","6","1.0","PERSON"
"1047","3.19369527","3.0392E-4","0.31311691","0.0","12","4","false","祈原","131.08333333","12","0","0","0.56126095","false","0","祈原","455104","0.14002512","PERSON"
"1048","3.79404553","3.68E-6","0.2635709","0.0","15","4","false","礪卿","38.6","15","0","0","0.44119089","false","0","礪卿","3374","0.54492754","PERSON"
"1049","3.2441331","6.816E-5","0.30824876","0.0","5","4","false","砂田","251.0","5","0","0","0.55117338","false","0","砂田","191564","0.28935185","PERSON"
"1050","3.0619965","0.00213284","0.32658431","0.0","21","4","false","石運","109.80952381","21","0","0","0.5876007","false","0","石運","2341158","0.09820354","PERSON"
"1051","3.71208406","6.32E-6","0.26939045","0.0","6","4","false","石補","91.83333333","6","0","0","0.45758319","false","0","石補","7580","0.46581197","PERSON"
"1052","3.79964974","0.0","0.26318215","0.0","1","4","false","石蓀","76.0","1","0","0","0.44007005","false","0","石蓀","0","0.0","PERSON"
"1053","2.98003503","0.00376169","0.33556653","0.0","46","4","false","石芝坤","67.95652174","46","0","0","0.60399299","false","0","石芝坤","3725886","0.0557971","PERSON"
"1054","3.45008757","2.273E-5","0.28984772","0.0","4","4","false","石芝","176.5","4","0","0","0.50998249","false","0","石芝","34662","0.30735552","PERSON"
"1055","3.82837128","1.2E-7","0.26120769","0.0","2","5","false","石石","27.5","2","0","0","0.43432574","false","0","石石","40","0.73611111","PERSON"
"1056","3.79964974","0.0","0.26318215","0.0","1","4","false","石劉","76.0","1","0","0","0.44007005","false","0","石劉","0","0.0","PERSON"
"1057","3.23292469","1.8991E-4","0.30931744","0.0","8","4","false","矢田","168.125","8","0","0","0.55341506","false","0","矢田","297014","0.19056442","PERSON"
"1058","3.82837128","0.0","0.26120769","0.0","1","5","false","矜蘋","38.0","1","0","0","0.43432574","false","0","矜蘋","0","0.0","PERSON"
"1059","3.72399299","3.196E-5","0.26852897","0.0","5","5","false","相律","59.0","5","0","0","0.4552014","false","0","相律","8196","0.31868132","PERSON"
"1060","3.67425569","0.0","0.27216397","0.0","1","5","false","直方","258.0","1","0","0","0.46514886","false","0","直方","0","0.0","PERSON"
"1061","3.81295972","1.448E-5","0.26226346","0.0","5","4","false","盧督","29.4","5","0","0","0.43740806","false","0","盧督","8048","0.54615385","PERSON"
"1062","3.39544658","4.369E-5","0.29451207","0.0","4","4","false","盧煒昌","216.5","4","0","0","0.52091068","false","0","盧煒昌","86760","0.33204931","PERSON"
"1063","3.07250438","8.9116E-4","0.3254674","0.0","18","4","false","盧信隆","123.5","18","0","0","0.58549912","false","0","盧信隆","1216370","0.11177007","PERSON"
"1064","3.8206655","6.0E-8","0.26173451","0.0","4","4","false","監察金","39.0","4","0","0","0.4358669","false","0","監察金","76","0.9047619","PERSON"
"1065","3.80385289","4.11E-6","0.26289134","0.0","10","5","false","盛鍾","27.1","10","0","0","0.43922942","false","0","盛鍾","1260","0.41428571","PERSON"
"1066","3.74500876","0.0","0.26702207","0.0","1","5","false","盛邦","157.0","1","0","0","0.45099825","false","0","盛邦","0","0.0","PERSON"
"1067","3.71208406","6.32E-6","0.26939045","0.0","6","4","false","盛筱","91.83333333","6","0","0","0.45758319","false","0","盛筱","7580","0.46581197","PERSON"
"1068","3.48231173","2.3E-6","0.28716556","0.0","2","4","false","盛竹書","278.5","2","0","0","0.50353765","false","0","盛竹書","1036","0.52656546","PERSON"
"1069","2.91768827","0.00408826","0.34273709","0.0","43","4","false","盛竹","81.18604651","43","0","0","0.61646235","false","0","盛竹","5139432","0.0620635","PERSON"
"1070","3.83257443","3.0E-8","0.26092122","0.0","3","4","false","盛炳","27.0","3","0","0","0.43348511","false","0","盛炳","6","1.0","PERSON"
"1071","3.41576182","1.1304E-4","0.29276046","0.0","7","4","false","盛灼","103.85714286","7","0","0","0.51684764","false","0","盛灼","48018","0.16670526","PERSON"
"1072","3.84448336","2.0E-8","0.26011297","0.0","2","5","false","盛潘","14.0","2","0","0","0.43110333","false","0","盛潘","2","1.0","PERSON"
"1073","3.74781086","4.12E-6","0.26682243","0.0","5","5","false","皮立","71.2","5","0","0","0.45043783","false","0","皮立","6936","0.47432432","PERSON"
"1074","3.82837128","0.0","0.26120769","0.0","1","5","false","百男陳勇","38.0","1","0","0","0.43432574","false","0","百男陳勇","0","0.0","PERSON"
"1075","3.83817863","0.0","0.26054024","0.0","1","5","false","百侯丁國","24.0","1","0","0","0.43236427","false","0","百侯丁國","0","0.0","PERSON"
"1076","3.2441331","6.816E-5","0.30824876","0.0","5","4","false","白譒","251.0","5","0","0","0.55117338","false","0","白譒","191564","0.28935185","PERSON"
"1077","3.37302977","4.582E-5","0.29646937","0.0","5","4","false","白爾錦","180.2","5","0","0","0.52539405","false","0","白爾錦","80676","0.26352941","PERSON"
"1078","3.39824869","4.464E-5","0.29426922","0.0","4","4","false","白憲","184.75","4","0","0","0.52035026","false","0","白憲","50380","0.28488372","PERSON"
"1079","3.2028021","1.1485E-4","0.3122266","0.0","4","4","false","白寶山","344.25","4","0","0","0.55943958","false","0","白寶山","311930","0.37148268","PERSON"
"1080","3.2028021","1.1485E-4","0.3122266","0.0","4","4","false","白寶","344.25","4","0","0","0.55943958","false","0","白寶","311930","0.37148268","PERSON"
"1081","3.81225919","0.0","0.26231165","0.0","1","5","false","發袁","61.0","1","0","0","0.43754816","false","0","發袁","0","0.0","PERSON"
"1082","3.79824869","7.1E-7","0.26327923","0.0","3","5","false","登毛","36.66666667","3","0","0","0.44035026","false","0","登毛","274","0.45726496","PERSON"
"1083","3.43257443","1.423E-5","0.29132653","0.0","6","4","false","登林炎夫","131.33333333","6","0","0","0.51348511","false","0","登林炎夫","11754","0.21941639","PERSON"
"1084","3.82837128","0.0","0.26120769","0.0","1","5","false","登孫梅堂","38.0","1","0","0","0.43432574","false","0","登孫梅堂","0","0.0","PERSON"
"1085","3.48231173","2.3E-6","0.28716556","0.0","2","4","false","登單","278.5","2","0","0","0.50353765","false","0","登單","1036","0.52656546","PERSON"
"1086","3.82837128","1.2E-7","0.26120769","0.0","2","5","false","當盧","27.5","2","0","0","0.43432574","false","0","當盧","40","0.73611111","PERSON"
"1087","3.83047285","0.0","0.26106437","0.0","1","5","false","略章","35.0","1","0","0","0.43390543","false","0","略章","0","0.0","PERSON"
"1088","3.44028021","0.0","0.290674","0.0","1","4","false","畊莘","589.0","1","0","0","0.51194396","false","0","畊莘","0","0.0","PERSON"
"1089","3.69737303","5.66E-6","0.2704623","0.0","4","5","false","申如","83.25","4","0","0","0.46052539","false","0","申如","10648","0.37217195","PERSON"
"1090","3.2441331","6.816E-5","0.30824876","0.0","5","4","false","田邊","251.0","5","0","0","0.55117338","false","0","田邊","191564","0.28935185","PERSON"
"1091","3.80525394","1.0E-8","0.26279455","0.0","3","5","false","田資民","69.0","3","0","0","0.43894921","false","0","田資民","6","1.0","PERSON"
"1092","3.83117338","1.0E-8","0.26101664","0.0","2","5","false","田莘","33.0","2","0","0","0.43376532","false","0","田莘","2","1.0","PERSON"
"1093","3.04798599","0.00246874","0.3280855","0.0","31","4","false","田祈","76.16129032","31","0","0","0.5904028","false","0","田祈","2099122","0.06722835","PERSON"
"1094","3.36462347","7.851E-5","0.29721008","0.0","5","4","false","田澍","183.6","5","0","0","0.52707531","false","0","田澍","158692","0.26387283","PERSON"
"1095","3.8206655","6.0E-8","0.26173451","0.0","4","4","false","田永祥","39.0","4","0","0","0.4358669","false","0","田永祥","76","0.9047619","PERSON"
"1096","3.82977233","2.75E-6","0.26111213","0.0","4","5","false","田時霖","24.75","4","0","0","0.43404553","false","0","田時霖","684","0.7421875","PERSON"
"1097","2.91488616","0.00711609","0.34306657","0.0","54","4","false","田時","63.33333333","54","0","0","0.61702277","false","0","田時","6056472","0.04850843","PERSON"
"1098","3.2441331","6.816E-5","0.30824876","0.0","5","4","false","田孜郎","251.0","5","0","0","0.55117338","false","0","田孜郎","191564","0.28935185","PERSON"
"1099","3.82276708","0.0","0.26159062","0.0","1","5","false","田子","46.0","1","0","0","0.43544658","false","0","田子","0","0.0","PERSON"
"1100","3.74430823","3.19E-6","0.26707203","0.0","4","4","false","田中","63.25","4","0","0","0.45113835","false","0","田中","3288","0.41225166","PERSON"
"1101","3.64343257","1.276E-5","0.27446645","0.0","3","4","false","甫陶","133.0","3","0","0","0.47131349","false","0","甫陶","18476","0.44594595","PERSON"
"1102","3.84098074","1.0E-8","0.26035017","0.0","2","5","false","甫議","19.0","2","0","0","0.43180385","false","0","甫議","2","1.0","PERSON"
"1103","3.24063047","6.804E-5","0.30858193","0.0","3","4","false","甫張","418.0","3","0","0","0.55187391","false","0","甫張","224228","0.47876005","PERSON"
"1104","3.7267951","2.35E-6","0.26832707","0.0","5","5","false","生金","73.2","5","0","0","0.45464098","false","0","生金","3284","0.40561798","PERSON"
"1105","3.82206655","0.0","0.26163856","0.0","1","5","false","生訴","47.0","1","0","0","0.43558669","false","0","生訴","0","0.0","PERSON"
"1106","3.68966725","2.186E-5","0.27102715","0.0","9","5","false","生蔣","56.22222222","9","0","0","0.46206655","false","0","生蔣","27964","0.2432697","PERSON"
"1107","3.67425569","0.0","0.27216397","0.0","1","5","false","生孟","258.0","1","0","0","0.46514886","false","0","生孟","0","0.0","PERSON"
"1108","3.7267951","2.35E-6","0.26832707","0.0","5","5","false","生其恕","73.2","5","0","0","0.45464098","false","0","生其恕","3284","0.40561798","PERSON"
"1109","3.83257443","3.0E-8","0.26092122","0.0","3","4","false","甘仲琴","27.0","3","0","0","0.43348511","false","0","甘仲琴","6","1.0","PERSON"
"1110","3.74500876","0.0","0.26702207","0.0","1","5","false","璋德","157.0","1","0","0","0.45099825","false","0","璋德","0","0.0","PERSON"
"1111","3.64343257","1.276E-5","0.27446645","0.0","3","4","false","瑤泉","133.0","3","0","0","0.47131349","false","0","瑤泉","18476","0.44594595","PERSON"
"1112","3.78774081","1.73E-6","0.26400962","0.0","4","5","false","瑞隆","49.5","4","0","0","0.44245184","false","0","瑞隆","1660","0.52717391","PERSON"
"1113","3.79544658","2.46E-6","0.26347361","0.0","13","4","false","瑞祥","39.15384615","13","0","0","0.44091068","false","0","瑞祥","1800","0.55295429","PERSON"
"1114","3.73870403","2.34E-6","0.26747236","0.0","6","4","false","瑞盛三元","67.16666667","6","0","0","0.45225919","false","0","瑞盛三元","1150","0.42144374","PERSON"
"1115","3.73870403","2.34E-6","0.26747236","0.0","6","4","false","瑞昌泰五元","67.16666667","6","0","0","0.45225919","false","0","瑞昌泰五元","1150","0.42144374","PERSON"
"1116","3.72539405","1.246E-5","0.26842798","0.0","5","4","false","琦來","46.2","5","0","0","0.45492119","false","0","琦來","6664","0.25536723","PERSON"
"1117","3.78563923","1.16E-6","0.26415618","0.0","4","5","false","理譚","44.25","4","0","0","0.44287215","false","0","理譚","426","0.45526316","PERSON"
"1118","3.82206655","0.0","0.26163856","0.0","1","5","false","珪欠","47.0","1","0","0","0.43558669","false","0","珪欠","0","0.0","PERSON"
"1119","3.64343257","1.276E-5","0.27446645","0.0","3","4","false","珏倪","133.0","3","0","0","0.47131349","false","0","珏倪","18476","0.44594595","PERSON"
"1120","3.78774081","1.73E-6","0.26400962","0.0","4","5","false","珊洋","49.5","4","0","0","0.44245184","false","0","珊洋","1660","0.52717391","PERSON"
"1121","3.39264448","9.382E-5","0.29475532","0.0","8","4","false","玠張","109.375","8","0","0","0.5214711","false","0","玠張","101522","0.16698767","PERSON"
"1122","3.81295972","0.0","0.26226346","0.0","1","5","false","王鶴記","60.0","1","0","0","0.43740806","false","0","王鶴記","0","0.0","PERSON"
"1123","3.5943958","5.418E-5","0.27821088","0.0","5","4","false","王駿生","107.6","5","0","0","0.48112084","false","0","王駿生","62674","0.29285714","PERSON"
"1124","3.43257443","1.423E-5","0.29132653","0.0","6","4","false","王餘卿","131.33333333","6","0","0","0.51348511","false","0","王餘卿","11754","0.21941639","PERSON"
"1125","3.84588441","7.0E-8","0.26001821","0.0","3","5","false","王顯華","11.0","3","0","0","0.43082312","false","0","王顯華","6","1.0","PERSON"
"1126","3.82767075","5.01E-6","0.26125549","0.0","5","5","false","王頌堅","21.6","5","0","0","0.43446585","false","0","王頌堅","1128","0.60588235","PERSON"
"1127","3.84028021","4.0E-8","0.26039767","0.0","3","5","false","王順興","19.0","3","0","0","0.43194396","false","0","王順興","6","1.0","PERSON"
"1128","3.43607706","0.00189252","0.29102956","0.0","21","4","false","王鞠如","61.38095238","21","0","0","0.51278459","false","0","王鞠如","903544","0.1051933","PERSON"
"1129","3.81295972","7.4E-7","0.26226346","0.0","6","5","false","王震","35.83333333","6","0","0","0.43740806","false","0","王震","260","0.64506173","PERSON"
"1130","3.17828371","3.3149E-4","0.31463522","0.0","9","4","false","王雲五","150.55555556","9","0","0","0.56434326","false","0","王雲五","395672","0.15676683","PERSON"
"1131","3.48301226","0.0","0.2871078","0.0","1","4","false","王雅亭","528.0","1","0","0","0.50339755","false","0","王雅亭","0","0.0","PERSON"
"1132","3.72189142","1.61E-6","0.26868059","0.0","5","4","false","王際亨","96.0","5","0","0","0.45562172","false","0","王際亨","2072","0.52197802","PERSON"
"1133","3.47250438","2.486E-5","0.2879766","0.0","6","4","false","王錫榮","109.5","6","0","0","0.50549912","false","0","王錫榮","11594","0.20204842","PERSON"
"1134","3.43887916","1.83E-5","0.29079242","0.0","3","4","false","王選廷","203.0","3","0","0","0.51222417","false","0","王選廷","2394","0.34353741","PERSON"
"1135","3.48231173","1.69E-6","0.28716556","0.0","2","4","false","王道尹","282.5","2","0","0","0.50353765","false","0","王道尹","1020","0.5341556","PERSON"
"1136","3.27005254","4.8191E-4","0.30580548","0.0","9","4","false","王道","119.22222222","9","0","0","0.54598949","false","0","王道","338280","0.1436479","PERSON"
"1137","3.4676007","2.406E-5","0.28838384","0.0","7","4","false","王逸公","110.57142857","7","0","0","0.50647986","false","0","王逸公","33902","0.201789","PERSON"
"1138","3.67425569","0.0","0.27216397","0.0","1","5","false","王迪民","258.0","1","0","0","0.46514886","false","0","王迪民","0","0.0","PERSON"
"1139","3.82206655","9.0E-8","0.26163856","0.0","6","5","false","王贊","42.0","6","0","0","0.43558669","false","0","王贊","30","1.0","PERSON"
"1140","3.48231173","1.69E-6","0.28716556","0.0","2","4","false","王賡廷","282.5","2","0","0","0.50353765","false","0","王賡廷","1020","0.5341556","PERSON"
"1141","3.79404553","3.68E-6","0.2635709","0.0","15","4","false","王調甫","38.6","15","0","0","0.44119089","false","0","王調甫","3374","0.54492754","PERSON"
"1142","3.80525394","1.0E-8","0.26279455","0.0","3","5","false","王角潘","69.0","3","0","0","0.43894921","false","0","王角潘","6","1.0","PERSON"
"1143","3.84238179","6.2E-7","0.26025524","0.0","8","5","false","王西神","11.0","8","0","0","0.43152364","false","0","王西神","56","1.0","PERSON"
"1144","3.76532399","1.112E-5","0.2655814","0.0","14","4","false","王董","34.07142857","14","0","0","0.4469352","false","0","王董","6532","0.2979408","PERSON"
"1145","3.81225919","0.0","0.26231165","0.0","1","5","false","王肇泰","61.0","1","0","0","0.43754816","false","0","王肇泰","0","0.0","PERSON"
"1146","3.39544658","4.369E-5","0.29451207","0.0","4","4","false","王肇成","216.5","4","0","0","0.52091068","false","0","王肇成","86760","0.33204931","PERSON"
"1147","3.81295972","0.0","0.26226346","0.0","1","5","false","王聯生","60.0","1","0","0","0.43740806","false","0","王聯生","0","0.0","PERSON"
"1148","3.84238179","6.2E-7","0.26025524","0.0","8","5","false","王耀三","11.0","8","0","0","0.43152364","false","0","王耀三","56","1.0","PERSON"
"1149","3.23222417","1.0194E-4","0.30938448","0.0","4","4","false","王義甫","318.25","4","0","0","0.55355517","false","0","王義甫","260394","0.35969388","PERSON"
"1150","3.80525394","1.0E-8","0.26279455","0.0","3","5","false","王範方","69.0","3","0","0","0.43894921","false","0","王範方","6","1.0","PERSON"
"1151","3.82416813","3.0E-8","0.26149478","0.0","2","5","false","王笙甫","40.0","2","0","0","0.43516637","false","0","王笙甫","14","0.92857143","PERSON"
"1152","3.83117338","1.0E-8","0.26101664","0.0","2","5","false","王竹齋","33.0","2","0","0","0.43376532","false","0","王竹齋","2","1.0","PERSON"
"1153","3.45078809","2.018E-5","0.28978888","0.0","3","4","false","王秀山","228.0","3","0","0","0.50984238","false","0","王秀山","33398","0.39754816","PERSON"
"1154","3.71208406","6.32E-6","0.26939045","0.0","6","4","false","王省","91.83333333","6","0","0","0.45758319","false","0","王省","7580","0.46581197","PERSON"
"1155","3.73870403","2.34E-6","0.26747236","0.0","6","4","false","王益齋","67.16666667","6","0","0","0.45225919","false","0","王益齋","1150","0.42144374","PERSON"
"1156","3.84238179","6.2E-7","0.26025524","0.0","8","5","false","王珪孫","11.0","8","0","0","0.43152364","false","0","王珪孫","56","1.0","PERSON"
"1157","3.80525394","1.0E-8","0.26279455","0.0","3","5","false","王煜麟五","69.0","3","0","0","0.43894921","false","0","王煜麟五","6","1.0","PERSON"
"1158","3.81716287","2.34E-6","0.26197467","0.0","13","5","false","王漢强","25.38461538","13","0","0","0.43656743","false","0","王漢强","588","0.59474672","PERSON"
"1159","3.83117338","1.0E-8","0.26101664","0.0","2","5","false","王湘爾","33.0","2","0","0","0.43376532","false","0","王湘爾","2","1.0","PERSON"
"1160","3.67425569","0.0","0.27216397","0.0","1","5","false","王渭選","258.0","1","0","0","0.46514886","false","0","王渭選","0","0.0","PERSON"
"1161","3.72189142","1.61E-6","0.26868059","0.0","5","4","false","王毅齋","96.0","5","0","0","0.45562172","false","0","王毅齋","2072","0.52197802","PERSON"
"1162","3.38914186","4.749E-5","0.29505994","0.0","4","4","false","王正廷","214.75","4","0","0","0.52217163","false","0","王正廷","88330","0.32484802","PERSON"
"1163","3.31908932","2.6432E-4","0.30128746","0.0","14","4","false","王東園","79.5","14","0","0","0.53618214","false","0","王東園","217324","0.10494652","PERSON"
"1164","3.37162872","8.087E-5","0.29659256","0.0","7","4","false","王東","122.42857143","7","0","0","0.52567426","false","0","王東","84178","0.17857143","PERSON"
"1165","3.82276708","0.0","0.26159062","0.0","1","5","false","王杏亭","46.0","1","0","0","0.43544658","false","0","王杏亭","0","0.0","PERSON"
"1166","3.42977233","2.871E-5","0.29156454","0.0","5","4","false","王有蘭","139.0","5","0","0","0.51404553","false","0","王有蘭","16472","0.23038397","PERSON"
"1167","3.81225919","0.0","0.26231165","0.0","1","5","false","王會卿","61.0","1","0","0","0.43754816","false","0","王會卿","0","0.0","PERSON"
"1168","2.85464098","0.0","0.35030675","0.0","1","4","false","嵊華洋義振支會","417.0","1","0","0","0.6290718","false","0","嵊華洋義振支會","0","0.0","ORG"
"1169","2.85464098","0.0","0.35030675","0.0","1","4","false","嵊縣華洋義振支會","417.0","1","0","0","0.6290718","false","0","嵊縣華洋義振支會","0","0.0","ORG"
"1170","2.85323993","1.292E-5","0.35047876","0.0","3","4","false","華愛國募","160.66666667","3","0","0","0.62935201","false","0","華愛國募","21956","0.3838141","ORG"
"1171","2.85323993","3.541E-4","0.35047876","0.0","3","4","false","杭州總商","140.33333333","3","0","0","0.62935201","false","0","杭州總商","49314","0.3349359","ORG"
"1172","3.7267951","2.35E-6","0.26832707","0.0","5","5","false","王春記","73.2","5","0","0","0.45464098","false","0","王春記","3284","0.40561798","PERSON"
"1173","3.84448336","0.0","0.26011297","0.0","1","5","false","王星","15.0","1","0","0","0.43110333","false","0","王星","0","0.0","PERSON"
"1174","3.85008757","1.5E-7","0.25973435","0.0","3","5","false","王昌","5.0","3","0","0","0.42998249","false","0","王昌","6","1.0","PERSON"
"1175","3.44448336","2.569E-5","0.2903193","0.0","5","4","false","王振漢","141.4","5","0","0","0.51110333","false","0","王振漢","50606","0.24290657","PERSON"
"1176","3.82206655","9.0E-8","0.26163856","0.0","6","5","false","王振卿","42.0","6","0","0","0.43558669","false","0","王振卿","30","1.0","PERSON"
"1177","3.71208406","6.32E-6","0.26939045","0.0","6","4","false","王憲臣","91.83333333","6","0","0","0.45758319","false","0","王憲臣","7580","0.46581197","PERSON"
"1178","3.80525394","0.0","0.26279455","0.0","1","5","false","王慈生","71.0","1","0","0","0.43894921","false","0","王慈生","0","0.0","PERSON"
"1179","3.81225919","0.0","0.26231165","0.0","1","5","false","王恩澍","61.0","1","0","0","0.43754816","false","0","王恩澍","0","0.0","PERSON"
"1180","3.39544658","4.369E-5","0.29451207","0.0","4","4","false","王恂如","216.5","4","0","0","0.52091068","false","0","王恂如","86760","0.33204931","PERSON"
"1181","3.29737303","7.0104E-4","0.30327172","0.0","10","4","false","王彬彦","124.3","10","0","0","0.54052539","false","0","王彬彦","511978","0.15747126","PERSON"
"1182","3.36042032","1.7599E-4","0.29758182","0.0","11","4","false","王彬彥","106.09090909","11","0","0","0.52791594","false","0","王彬彥","225052","0.15186548","PERSON"
"1183","3.81225919","0.0","0.26231165","0.0","1","5","false","王建中","61.0","1","0","0","0.43754816","false","0","王建中","0","0.0","PERSON"
"1184","3.74500876","0.0","0.26702207","0.0","1","5","false","王廷揚","157.0","1","0","0","0.45099825","false","0","王廷揚","0","0.0","PERSON"
"1185","3.4676007","2.406E-5","0.28838384","0.0","7","4","false","王廷傑","110.57142857","7","0","0","0.50647986","false","0","王廷傑","33902","0.201789","PERSON"
"1186","3.39544658","4.369E-5","0.29451207","0.0","4","4","false","王廉方","216.5","4","0","0","0.52091068","false","0","王廉方","86760","0.33204931","PERSON"
"1187","3.42977233","2.871E-5","0.29156454","0.0","5","4","false","王安富","139.0","5","0","0","0.51404553","false","0","王安富","16472","0.23038397","PERSON"
"1188","1.85499124","0.48300911","0.5390861","0.0","417","3","false","王曉籟","31.65227818","417","0","0","0.82900175","false","0","王曉籟","117025060","0.0125882","PERSON"
"1189","3.25043783","2.2867E-4","0.30765086","0.0","5","4","false","王孝籟","227.0","5","0","0","0.54991243","false","0","王孝籟","764234","0.26432749","PERSON"
"1190","3.71208406","6.32E-6","0.26939045","0.0","6","4","false","王子厚","91.83333333","6","0","0","0.45758319","false","0","王子厚","7580","0.46581197","PERSON"
"1191","3.76112084","1.9174E-4","0.26587819","0.0","6","5","false","王子佩","49.16666667","6","0","0","0.44777583","false","0","王子佩","34846","0.37630208","PERSON"
"1192","3.80175131","0.0","0.26303667","0.0","1","4","false","王奠世","73.0","1","0","0","0.43964974","false","0","王奠世","0","0.0","PERSON"
"1193","3.79754816","3.49E-6","0.2633278","0.0","7","4","false","王壽廷","26.71428571","7","0","0","0.44049037","false","0","王壽廷","690","0.35714286","PERSON"
"1194","3.80945709","8.8E-7","0.2625046","0.0","3","5","false","王堯臣","30.33333333","3","0","0","0.43810858","false","0","王堯臣","202","0.47311828","PERSON"
"1195","3.48091068","7.21E-6","0.28728114","0.0","3","4","false","王培孫","196.33333333","3","0","0","0.50381786","false","0","王培孫","4142","0.36994949","PERSON"
"1196","3.67425569","0.0","0.27216397","0.0","1","5","false","王國華","258.0","1","0","0","0.46514886","false","0","王國華","0","0.0","PERSON"
"1197","2.85394046","4.169E-5","0.35039273","0.0","2","4","false","紗業公所","211.0","2","0","0","0.62921191","false","0","紗業公所","15626","0.50480769","ORG"
"1198","2.85394046","4.169E-5","0.35039273","0.0","2","4","false","爲荷紗業公所","211.0","2","0","0","0.62921191","false","0","爲荷紗業公所","15626","0.50480769","ORG"
"1199","3.4178634","1.0222E-4","0.29258045","0.0","5","4","false","王嘵籟","137.0","5","0","0","0.51642732","false","0","王嘵籟","34954","0.22077922","PERSON"
"1200","3.7267951","2.35E-6","0.26832707","0.0","5","5","false","王嘉豐","73.2","5","0","0","0.45464098","false","0","王嘉豐","3284","0.40561798","PERSON"
"1201","3.67425569","0.0","0.27216397","0.0","1","5","false","王啓宇","258.0","1","0","0","0.46514886","false","0","王啓宇","0","0.0","PERSON"
"1202","3.80175131","0.0","0.26303667","0.0","1","4","false","王化民","73.0","1","0","0","0.43964974","false","0","王化民","0","0.0","PERSON"
"1203","3.44028021","0.0","0.290674","0.0","1","4","false","王勅","589.0","1","0","0","0.51194396","false","0","王勅","0","0.0","PERSON"
"1204","3.80525394","1.0E-8","0.26279455","0.0","3","5","false","王劍知","69.0","3","0","0","0.43894921","false","0","王劍知","6","1.0","PERSON"
"1205","3.0262697","0.00328108","0.33043981","0.0","36","4","false","王儒堂","72.25","36","0","0","0.59474606","false","0","王儒堂","2512924","0.06228147","PERSON"
"1206","3.36742557","1.1447E-4","0.29696276","0.0","9","4","false","王俠峰","126.22222222","9","0","0","0.52651489","false","0","王俠峰","162824","0.18307342","PERSON"
"1207","3.80665499","2.824E-5","0.26269783","0.0","18","5","false","王俠峯","22.5","18","0","0","0.438669","false","0","王俠峯","29248","0.42156863","PERSON"
"1208","3.7267951","2.35E-6","0.26832707","0.0","5","5","false","王佐卿","73.2","5","0","0","0.45464098","false","0","王佐卿","3284","0.40561798","PERSON"
"1209","3.7267951","2.35E-6","0.26832707","0.0","5","5","false","王仲卿","73.2","5","0","0","0.45464098","false","0","王仲卿","3284","0.40561798","PERSON"
"1210","3.08231173","0.00136898","0.32443182","0.0","28","4","false","王介安","85.64285714","28","0","0","0.58353765","false","0","王介安","1391512","0.07895789","PERSON"
"1211","3.80525394","1.0E-8","0.26279455","0.0","3","5","false","王亦梅","69.0","3","0","0","0.43894921","false","0","王亦梅","6","1.0","PERSON"
"1212","3.80175131","0.0","0.26303667","0.0","1","4","false","王亞樵","73.0","1","0","0","0.43964974","false","0","王亞樵","0","0.0","PERSON"
"1213","3.76602452","0.0","0.26553199","0.0","1","4","false","王二","124.0","1","0","0","0.4467951","false","0","王二","0","0.0","PERSON"
"1214","3.67425569","0.0","0.27216397","0.0","1","5","false","王一衡","258.0","1","0","0","0.46514886","false","0","王一衡","0","0.0","PERSON"
"1215","2.87005254","0.00647659","0.34842568","0.0","47","4","false","王一亭","75.31914894","47","0","0","0.62598949","false","0","王一亭","5582958","0.05480763","PERSON"
"1216","3.74500876","0.0","0.26702207","0.0","1","5","false","玉麟候","157.0","1","0","0","0.45099825","false","0","玉麟候","0","0.0","PERSON"
"1217","3.45008757","2.273E-5","0.28984772","0.0","4","4","false","玉麟","176.5","4","0","0","0.50998249","false","0","玉麟","34662","0.30735552","PERSON"
"1218","3.78774081","1.73E-6","0.26400962","0.0","4","5","false","玉雨君洋","49.5","4","0","0","0.44245184","false","0","玉雨君洋","1660","0.52717391","PERSON"
"1219","3.43257443","1.423E-5","0.29132653","0.0","6","4","false","玉袁","131.33333333","6","0","0","0.51348511","false","0","玉袁","11754","0.21941639","PERSON"
"1220","3.74500876","0.0","0.26702207","0.0","1","5","false","玉環","157.0","1","0","0","0.45099825","false","0","玉環","0","0.0","PERSON"
"1221","3.67425569","0.0","0.27216397","0.0","1","5","false","玉吳","258.0","1","0","0","0.46514886","false","0","玉吳","0","0.0","PERSON"
"1222","3.74500876","0.0","0.26702207","0.0","1","5","false","猷鎭","157.0","1","0","0","0.45099825","false","0","猷鎭","0","0.0","PERSON"
"1223","3.68756567","9.97E-6","0.27118161","0.0","3","4","false","狄楚","124.33333333","3","0","0","0.46248687","false","0","狄楚","12266","0.52932761","PERSON"
"1224","3.83257443","8.2E-7","0.26092122","0.0","3","4","false","牝額","13.66666667","3","0","0","0.43348511","false","0","牝額","98","0.48717949","PERSON"
"1225","3.15516637","3.7006E-4","0.3169405","0.0","11","4","false","牛惠生","157.63636364","11","0","0","0.56896673","false","0","牛惠生","625050","0.15902169","PERSON"
"1226","3.80035026","5.5E-7","0.26313364","0.0","3","4","false","牕陸","45.66666667","3","0","0","0.43992995","false","0","牕陸","182","0.62037037","PERSON"
"1227","3.67425569","0.0","0.27216397","0.0","1","5","false","牕盛","258.0","1","0","0","0.46514886","false","0","牕盛","0","0.0","PERSON"
"1228","3.80525394","1.0E-8","0.26279455","0.0","3","5","false","牕吕","69.0","3","0","0","0.43894921","false","0","牕吕","6","1.0","PERSON"
"1229","3.24553415","6.693E-5","0.30811569","0.0","5","4","false","爲顧","245.4","5","0","0","0.55089317","false","0","爲顧","186596","0.28352668","PERSON"
"1230","3.44028021","0.0","0.290674","0.0","1","4","false","爲聶","589.0","1","0","0","0.51194396","false","0","爲聶","0","0.0","PERSON"
"1231","3.24553415","6.693E-5","0.30811569","0.0","5","4","false","爲聞","245.4","5","0","0","0.55089317","false","0","爲聞","186596","0.28352668","PERSON"
"1232","3.4704028","3.888E-5","0.28815099","0.0","9","4","false","爲田","80.44444444","9","0","0","0.50591944","false","0","爲田","16646","0.14794124","PERSON"
"1233","3.24553415","6.693E-5","0.30811569","0.0","5","4","false","爲王","245.4","5","0","0","0.55089317","false","0","爲王","186596","0.28352668","PERSON"
"1234","3.24553415","6.693E-5","0.30811569","0.0","5","4","false","爲傳","245.4","5","0","0","0.55089317","false","0","爲傳","186596","0.28352668","PERSON"
"1235","3.17267951","1.7636E-4","0.31519099","0.0","4","4","false","爕臣","355.75","4","0","0","0.5654641","false","0","爕臣","410018","0.36685626","PERSON"
"1236","3.17267951","1.7636E-4","0.31519099","0.0","4","4","false","爕春","355.75","4","0","0","0.5654641","false","0","爕春","410018","0.36685626","PERSON"
"1237","3.83397548","3.0E-8","0.26082587","0.0","3","5","false","爕字","28.0","3","0","0","0.4332049","false","0","爕字","6","1.0","PERSON"
"1238","3.79964974","0.0","0.26318215","0.0","1","4","false","燮甫","76.0","1","0","0","0.44007005","false","0","燮甫","0","0.0","PERSON"
"1239","3.39754816","5.014E-5","0.2943299","0.0","5","4","false","燮元","156.0","5","0","0","0.52049037","false","0","燮元","54746","0.24031008","PERSON"
"1240","3.39264448","9.382E-5","0.29475532","0.0","8","4","false","熾章","109.375","8","0","0","0.5214711","false","0","熾章","101522","0.16698767","PERSON"
"1241","3.74781086","4.12E-6","0.26682243","0.0","5","5","false","熱司","71.2","5","0","0","0.45043783","false","0","熱司","6936","0.47432432","PERSON"
"1242","3.8150613","1.752E-5","0.26211899","0.0","2","5","false","熙生","29.0","2","0","0","0.43698774","false","0","熙生","958","0.50909091","PERSON"
"1243","3.64343257","1.276E-5","0.27446645","0.0","3","4","false","煥章","133.0","3","0","0","0.47131349","false","0","煥章","18476","0.44594595","PERSON"
"1244","3.82837128","0.0","0.26120769","0.0","1","5","false","煥草","38.0","1","0","0","0.43432574","false","0","煥草","0","0.0","PERSON"
"1245","3.67425569","0.0","0.27216397","0.0","1","5","false","煥南","258.0","1","0","0","0.46514886","false","0","煥南","0","0.0","PERSON"
"1246","3.56847636","9.194E-5","0.28023165","0.0","7","5","false","煒昌","76.57142857","7","0","0","0.48630473","false","0","煒昌","79968","0.18798863","PERSON"
"1247","3.83257443","2.0E-8","0.26092122","0.0","3","5","false","然光","30.0","3","0","0","0.43348511","false","0","然光","6","1.0","PERSON"
"1248","3.17828371","3.5551E-4","0.31463522","0.0","13","4","false","焦易堂","125.46153846","13","0","0","0.56434326","false","0","焦易堂","490928","0.13101215","PERSON"
"1249","3.82486865","7.0E-8","0.26144689","0.0","2","5","false","焦振山","32.0","2","0","0","0.43502627","false","0","焦振山","42","0.75609756","PERSON"
"1250","3.73870403","2.34E-6","0.26747236","0.0","6","4","false","無名氏十元","67.16666667","6","0","0","0.45225919","false","0","無名氏十元","1150","0.42144374","PERSON"
"1251","3.7267951","2.35E-6","0.26832707","0.0","5","5","false","無名氏三","73.2","5","0","0","0.45464098","false","0","無名氏三","3284","0.40561798","PERSON"
"1252","3.62381786","0.00103206","0.27595206","0.0","10","5","false","無名","62.4","10","0","0","0.47523643","false","0","無名","190886","0.191875","PERSON"
"1253","3.81295972","0.0","0.26226346","0.0","1","5","false","焜甫","60.0","1","0","0","0.43740806","false","0","焜甫","0","0.0","PERSON"
"1254","3.15936953","4.7051E-4","0.31651885","0.0","19","4","false","烏崖琴","105.78947368","19","0","0","0.56812609","false","0","烏崖琴","848740","0.10791913","PERSON"
"1255","3.43957968","4.96E-6","0.2907332","0.0","2","4","false","烏冶琴","302.5","2","0","0","0.51208406","false","0","烏冶琴","1184","0.5127551","PERSON"
"1256","3.84448336","0.0","0.26011297","0.0","1","5","false","炳生","15.0","1","0","0","0.43110333","false","0","炳生","0","0.0","PERSON"
"1257","3.7267951","2.35E-6","0.26832707","0.0","5","5","false","炳泉","73.2","5","0","0","0.45464098","false","0","炳泉","3284","0.40561798","PERSON"
"1258","3.78774081","1.73E-6","0.26400962","0.0","4","5","false","炯甫君洋十","49.5","4","0","0","0.44245184","false","0","炯甫君洋十","1660","0.52717391","PERSON"
"1259","3.41926445","4.23E-5","0.29246056","0.0","3","4","false","炎謂","227.0","3","0","0","0.51614711","false","0","炎謂","32168","0.36688312","PERSON"
"1260","3.44028021","0.0","0.290674","0.0","1","4","false","炎文","589.0","1","0","0","0.51194396","false","0","炎文","0","0.0","PERSON"
"1261","3.20210158","2.604E-4","0.3122949","0.0","8","4","false","炎川","167.75","8","0","0","0.55957968","false","0","炎川","452700","0.1810532","PERSON"
"1262","3.69737303","5.66E-6","0.2704623","0.0","4","5","false","瀾張","83.25","4","0","0","0.46052539","false","0","瀾張","10648","0.37217195","PERSON"
"1263","3.82486865","7.0E-8","0.26144689","0.0","2","5","false","瀛士","32.0","2","0","0","0.43502627","false","0","瀛士","42","0.75609756","PERSON"
"1264","3.17267951","1.7636E-4","0.31519099","0.0","4","4","false","濤謂","355.75","4","0","0","0.5654641","false","0","濤謂","410018","0.36685626","PERSON"
"1265","3.80525394","1.0E-8","0.26279455","0.0","3","5","false","濤樂","69.0","3","0","0","0.43894921","false","0","濤樂","6","1.0","PERSON"
"1266","3.78774081","1.73E-6","0.26400962","0.0","4","5","false","澹然","49.5","4","0","0","0.44245184","false","0","澹然","1660","0.52717391","PERSON"
"1267","3.36392294","9.461E-5","0.29727197","0.0","4","4","false","澳章","195.25","4","0","0","0.52721541","false","0","澳章","108782","0.27989914","PERSON"
"1268","3.84868651","0.0","0.2598289","0.0","1","5","false","澤上","9.0","1","0","0","0.4302627","false","0","澤上","0","0.0","PERSON"
"1269","3.74500876","0.0","0.26702207","0.0","1","5","false","澍候","157.0","1","0","0","0.45099825","false","0","澍候","0","0.0","PERSON"
"1270","3.78563923","1.16E-6","0.26415618","0.0","4","5","false","澄波","44.25","4","0","0","0.44287215","false","0","澄波","426","0.45526316","PERSON"
"1271","3.67425569","0.0","0.27216397","0.0","1","5","false","潮嚴","258.0","1","0","0","0.46514886","false","0","潮嚴","0","0.0","PERSON"
"1272","3.17478109","2.4866E-4","0.31498235","0.0","10","4","false","潤卿","166.5","10","0","0","0.56504378","false","0","潤卿","485034","0.17275574","PERSON"
"1273","3.20210158","2.604E-4","0.3122949","0.0","8","4","false","潘震亞","167.75","8","0","0","0.55957968","false","0","潘震亞","452700","0.1810532","PERSON"
"1274","3.43257443","1.423E-5","0.29132653","0.0","6","4","false","潘經芳","131.33333333","6","0","0","0.51348511","false","0","潘經芳","11754","0.21941639","PERSON"
"1275","3.72399299","3.196E-5","0.26852897","0.0","5","5","false","潘畹卿","59.0","5","0","0","0.4552014","false","0","潘畹卿","8196","0.31868132","PERSON"
"1276","3.82486865","7.0E-8","0.26144689","0.0","2","5","false","潘瀛士","32.0","2","0","0","0.43502627","false","0","潘瀛士","42","0.75609756","PERSON"
"1277","3.61050788","4.7606E-4","0.27696934","0.0","25","4","false","潘澄波","36.24","25","0","0","0.47789842","false","0","潘澄波","406238","0.10978193","PERSON"
"1278","3.80525394","1.0E-8","0.26279455","0.0","3","5","false","潘根生","69.0","3","0","0","0.43894921","false","0","潘根生","6","1.0","PERSON"
"1279","3.37302977","4.582E-5","0.29646937","0.0","5","4","false","潘根","180.2","5","0","0","0.52539405","false","0","潘根","80676","0.26352941","PERSON"
"1280","3.22311734","2.8097E-4","0.31025864","0.0","7","4","false","潘更生","188.42857143","7","0","0","0.55537653","false","0","潘更生","312232","0.21012172","PERSON"
"1281","3.36742557","1.1447E-4","0.29696276","0.0","9","4","false","潘旭昇","126.22222222","9","0","0","0.52651489","false","0","潘旭昇","162824","0.18307342","PERSON"
"1282","3.84308231","1.1E-7","0.2602078","0.0","4","5","false","潘忠甲","14.0","4","0","0","0.43138354","false","0","潘忠甲","12","1.0","PERSON"
"1283","3.68756567","9.97E-6","0.27118161","0.0","3","4","false","潘國","124.33333333","3","0","0","0.46248687","false","0","潘國","12266","0.52932761","PERSON"
"1284","3.39544658","4.369E-5","0.29451207","0.0","4","4","false","潘勛伯","216.5","4","0","0","0.52091068","false","0","潘勛伯","86760","0.33204931","PERSON"
"1285","3.39544658","4.369E-5","0.29451207","0.0","4","4","false","潘冬林","216.5","4","0","0","0.52091068","false","0","潘冬林","86760","0.33204931","PERSON"
"1286","3.68756567","9.97E-6","0.27118161","0.0","3","4","false","潘公弼","124.33333333","3","0","0","0.46248687","false","0","潘公弼","12266","0.52932761","PERSON"
"1287","3.80525394","1.0E-8","0.26279455","0.0","3","5","false","潘偉東十","69.0","3","0","0","0.43894921","false","0","潘偉東十","6","1.0","PERSON"
"1288","3.26164623","0.00197867","0.30659364","0.0","10","4","false","漢章","112.5","10","0","0","0.54767075","false","0","漢章","421738","0.13369305","PERSON"
"1289","3.84168126","1.0E-8","0.2603027","0.0","2","5","false","漢邵","18.0","2","0","0","0.43166375","false","0","漢邵","2","1.0","PERSON"
"1290","3.84028021","4.0E-8","0.26039767","0.0","3","5","false","漢明","19.0","3","0","0","0.43194396","false","0","漢明","6","1.0","PERSON"
"1291","3.80665499","2.824E-5","0.26269783","0.0","18","5","false","漢强","22.5","18","0","0","0.438669","false","0","漢强","29248","0.42156863","PERSON"
"1292","3.7267951","2.35E-6","0.26832707","0.0","5","5","false","漢吳","73.2","5","0","0","0.45464098","false","0","漢吳","3284","0.40561798","PERSON"
"1293","3.73870403","2.34E-6","0.26747236","0.0","6","4","false","源豐永十元","67.16666667","6","0","0","0.45225919","false","0","源豐永十元","1150","0.42144374","PERSON"
"1294","3.82837128","0.0","0.26120769","0.0","1","5","false","源林","38.0","1","0","0","0.43432574","false","0","源林","0","0.0","PERSON"
"1295","3.73870403","2.34E-6","0.26747236","0.0","6","4","false","源慶恒十元","67.16666667","6","0","0","0.45225919","false","0","源慶恒十元","1150","0.42144374","PERSON"
"1296","3.79404553","3.68E-6","0.2635709","0.0","15","4","false","滋青","38.6","15","0","0","0.44119089","false","0","滋青","3374","0.54492754","PERSON"
"1297","3.72539405","1.246E-5","0.26842798","0.0","5","4","false","滋范","46.2","5","0","0","0.45492119","false","0","滋范","6664","0.25536723","PERSON"
"1298","3.44028021","0.0","0.290674","0.0","1","4","false","湯節","589.0","1","0","0","0.51194396","false","0","湯節","0","0.0","PERSON"
"1299","3.38844133","5.376E-5","0.29512094","0.0","4","4","false","湯局","214.5","4","0","0","0.52231173","false","0","湯局","99606","0.32397572","PERSON"
"1300","3.48091068","7.21E-6","0.28728114","0.0","3","4","false","湯仁","196.33333333","3","0","0","0.50381786","false","0","湯仁","4142","0.36994949","PERSON"
"1301","3.72189142","1.61E-6","0.26868059","0.0","5","4","false","湛青","96.0","5","0","0","0.45562172","false","0","湛青","2072","0.52197802","PERSON"
"1302","3.82206655","9.0E-8","0.26163856","0.0","6","5","false","湘浦","42.0","6","0","0","0.43558669","false","0","湘浦","30","1.0","PERSON"
"1303","3.5943958","5.418E-5","0.27821088","0.0","5","4","false","湘泉","107.6","5","0","0","0.48112084","false","0","湘泉","62674","0.29285714","PERSON"
"1304","3.20210158","2.604E-4","0.3122949","0.0","8","4","false","温宗信","167.75","8","0","0","0.55957968","false","0","温宗信","452700","0.1810532","PERSON"
"1305","3.80595447","1.0E-8","0.26274618","0.0","3","5","false","清鄭","68.0","3","0","0","0.43880911","false","0","清鄭","6","1.0","PERSON"
"1306","3.48231173","2.3E-6","0.28716556","0.0","2","4","false","清王","278.5","2","0","0","0.50353765","false","0","清王","1036","0.52656546","PERSON"
"1307","3.2441331","6.816E-5","0.30824876","0.0","5","4","false","清水","251.0","5","0","0","0.55117338","false","0","清水","191564","0.28935185","PERSON"
"1308","3.83047285","0.0","0.26106437","0.0","1","5","false","清次","35.0","1","0","0","0.43390543","false","0","清次","0","0.0","PERSON"
"1309","3.74500876","0.0","0.26702207","0.0","1","5","false","淸馮","157.0","1","0","0","0.45099825","false","0","淸馮","0","0.0","PERSON"
"1310","3.82767075","5.01E-6","0.26125549","0.0","5","5","false","淸濤","21.6","5","0","0","0.43446585","false","0","淸濤","1128","0.60588235","PERSON"
"1311","3.82837128","0.0","0.26120769","0.0","1","5","false","淮許","38.0","1","0","0","0.43432574","false","0","淮許","0","0.0","PERSON"
"1312","3.82206655","9.0E-8","0.26163856","0.0","6","5","false","淑予","42.0","6","0","0","0.43558669","false","0","淑予","30","1.0","PERSON"
"1313","3.81155867","1.95E-6","0.26235986","0.0","4","5","false","淇誣","23.75","4","0","0","0.43768827","false","0","淇誣","294","0.39224138","PERSON"
"1314","3.74500876","0.0","0.26702207","0.0","1","5","false","海鹽","157.0","1","0","0","0.45099825","false","0","海鹽","0","0.0","PERSON"
"1315","3.81225919","0.0","0.26231165","0.0","1","5","false","海鳴","61.0","1","0","0","0.43754816","false","0","海鳴","0","0.0","PERSON"
"1316","3.74500876","0.0","0.26702207","0.0","1","5","false","海章","157.0","1","0","0","0.45099825","false","0","海章","0","0.0","PERSON"
"1317","3.74500876","0.0","0.26702207","0.0","1","5","false","海韓","157.0","1","0","0","0.45099825","false","0","海韓","0","0.0","PERSON"
"1318","3.78563923","1.16E-6","0.26415618","0.0","4","5","false","海陳","44.25","4","0","0","0.44287215","false","0","海陳","426","0.45526316","PERSON"
"1319","3.05078809","0.00197349","0.32778416","0.0","31","4","false","海秋","81.61290323","31","0","0","0.58984238","false","0","海秋","2437878","0.07236347","PERSON"
"1320","3.74500876","0.0","0.26702207","0.0","1","5","false","海施","157.0","1","0","0","0.45099825","false","0","海施","0","0.0","PERSON"
"1321","3.45078809","2.018E-5","0.28978888","0.0","3","4","false","海寗","228.0","3","0","0","0.50984238","false","0","海寗","33398","0.39754816","PERSON"
"1322","3.2028021","1.1485E-4","0.3122266","0.0","4","4","false","海升","344.25","4","0","0","0.55943958","false","0","海升","311930","0.37148268","PERSON"
"1323","3.74781086","4.12E-6","0.26682243","0.0","5","5","false","洽卿","71.2","5","0","0","0.45043783","false","0","洽卿","6936","0.47432432",""
"1324","2.95901926","0.00347943","0.33794981","0.0","31","4","false","洽卿","92.32258065","31","0","0","0.60819615","false","0","洽卿","2846760","0.07335147","PERSON"
"1325","3.83817863","0.0","0.26054024","0.0","1","5","false","洯錢","24.0","1","0","0","0.43236427","false","0","洯錢","0","0.0","PERSON"
"1326","3.17267951","1.7636E-4","0.31519099","0.0","4","4","false","洪雁","355.75","4","0","0","0.5654641","false","0","洪雁","410018","0.36685626","PERSON"
"1327","3.74500876","0.0","0.26702207","0.0","1","5","false","洪金華","157.0","1","0","0","0.45099825","false","0","洪金華","0","0.0","PERSON"
"1328","3.81295972","0.0","0.26226346","0.0","1","5","false","洪源","60.0","1","0","0","0.43740806","false","0","洪源","0","0.0","PERSON"
"1329","3.43957968","2.65E-6","0.2907332","0.0","2","4","false","洪少","313.0","2","0","0","0.51208406","false","0","洪少","1142","0.53061224","PERSON"
"1330","3.69737303","5.66E-6","0.2704623","0.0","4","5","false","洛吳","83.25","4","0","0","0.46052539","false","0","洛吳","10648","0.37217195","PERSON"
"1331","3.83397548","3.0E-8","0.26082587","0.0","3","5","false","泰齋","28.0","3","0","0","0.4332049","false","0","泰齋","6","1.0","PERSON"
"1332","3.73870403","2.34E-6","0.26747236","0.0","6","4","false","泰源永十元","67.16666667","6","0","0","0.45225919","false","0","泰源永十元","1150","0.42144374","PERSON"
"1333","3.76882662","6.8E-7","0.26533457","0.0","2","5","false","波黃","69.5","2","0","0","0.44623468","false","0","波黃","212","0.5661157","PERSON"
"1334","3.2441331","6.816E-5","0.30824876","0.0","5","4","false","波多","251.0","5","0","0","0.55117338","false","0","波多","191564","0.28935185","PERSON"
"1335","3.74781086","4.12E-6","0.26682243","0.0","5","5","false","法總","71.2","5","0","0","0.45043783","false","0","法總","6936","0.47432432","PERSON"
"1336","3.76882662","6.8E-7","0.26533457","0.0","2","5","false","泉王","69.5","2","0","0","0.44623468","false","0","泉王","212","0.5661157","PERSON"
"1337","3.7267951","2.35E-6","0.26832707","0.0","5","5","false","泉楊","73.2","5","0","0","0.45464098","false","0","泉楊","3284","0.40561798","PERSON"
"1338","3.81225919","0.0","0.26231165","0.0","1","5","false","河趙","61.0","1","0","0","0.43754816","false","0","河趙","0","0.0","PERSON"
"1339","3.81295972","7.4E-7","0.26226346","0.0","6","5","false","沐久","35.83333333","6","0","0","0.43740806","false","0","沐久","260","0.64506173","PERSON"
"1340","3.81295972","0.0","0.26226346","0.0","1","5","false","沈鼎","60.0","1","0","0","0.43740806","false","0","沈鼎","0","0.0","PERSON"
"1341","3.44448336","9.192E-5","0.2903193","0.0","4","4","false","沈韞石","158.5","4","0","0","0.51110333","false","0","沈韞石","53320","0.27202073","PERSON"
"1342","3.81366025","0.0","0.26221528","0.0","1","5","false","沈鏞","59.0","1","0","0","0.43726795","false","0","沈鏞","0","0.0","PERSON"
"1343","3.82767075","5.01E-6","0.26125549","0.0","5","5","false","沈銘昌","21.6","5","0","0","0.43446585","false","0","沈銘昌","1128","0.60588235","PERSON"
"1344","3.81295972","7.4E-7","0.26226346","0.0","6","5","false","沈詠棠","35.83333333","6","0","0","0.43740806","false","0","沈詠棠","260","0.64506173","PERSON"
"1345","3.68756567","9.97E-6","0.27118161","0.0","3","4","false","沈蘊石","124.33333333","3","0","0","0.46248687","false","0","沈蘊石","12266","0.52932761","PERSON"
"1346","3.79964974","0.0","0.26318215","0.0","1","4","false","沈蘊","76.0","1","0","0","0.44007005","false","0","沈蘊","0","0.0","PERSON"
"1347","3.74430823","3.19E-6","0.26707203","0.0","4","4","false","沈藴春","63.25","4","0","0","0.45113835","false","0","沈藴春","3288","0.41225166","PERSON"
"1348","3.04938704","0.00208292","0.32793476","0.0","22","4","false","沈聯芳","107.63636364","22","0","0","0.59012259","false","0","沈聯芳","2019674","0.09478788","PERSON"
"1349","3.35131349","8.511E-5","0.29839047","0.0","4","4","false","沈聯","218.5","4","0","0","0.5297373","false","0","沈聯","138174","0.30547753","PERSON"
"1350","3.2028021","1.1485E-4","0.3122266","0.0","4","4","false","沈聨芳","344.25","4","0","0","0.55943958","false","0","沈聨芳","311930","0.37148268","PERSON"
"1351","3.7380035","1.3803E-4","0.26752249","0.0","8","5","false","沈維挺","38.375","8","0","0","0.4523993","false","0","沈維挺","42644","0.23506289","PERSON"
"1352","3.75901926","3.063E-5","0.26602684","0.0","6","5","false","沈維","40.16666667","6","0","0","0.44819615","false","0","沈維","16514","0.29898219","PERSON"
"1353","3.74500876","0.0","0.26702207","0.0","1","5","false","沈秉義","157.0","1","0","0","0.45099825","false","0","沈秉義","0","0.0","PERSON"
"1354","3.82206655","9.0E-8","0.26163856","0.0","6","5","false","沈田華","42.0","6","0","0","0.43558669","false","0","沈田華","30","1.0","PERSON"
"1355","2.88686515","0.00530174","0.34639651","0.0","37","4","false","沈田莘","85.86486486","37","0","0","0.62262697","false","0","沈田莘","3936872","0.0632376","PERSON"
"1356","3.74500876","0.0","0.26702207","0.0","1","5","false","沈玉","157.0","1","0","0","0.45099825","false","0","沈玉","0","0.0","PERSON"
"1357","3.22241681","2.1388E-4","0.31032609","0.0","11","4","false","沈爕臣","136.36363636","11","0","0","0.55551664","false","0","沈爕臣","380688","0.15226506","PERSON"
"1358","3.05148862","0.00182624","0.32770891","0.0","30","4","false","沈燮臣","76.63333333","30","0","0","0.58970228","false","0","沈燮臣","1771482","0.06789348","PERSON"
"1359","3.48231173","1.69E-6","0.28716556","0.0","2","4","false","沈熒厓","282.5","2","0","0","0.50353765","false","0","沈熒厓","1020","0.5341556","PERSON"
"1360","3.73870403","2.34E-6","0.26747236","0.0","6","4","false","沈無名","67.16666667","6","0","0","0.45225919","false","0","沈無名","1150","0.42144374","PERSON"
"1361","3.67425569","0.0","0.27216397","0.0","1","5","false","沈潤挹","258.0","1","0","0","0.46514886","false","0","沈潤挹","0","0.0","PERSON"
"1362","3.43957968","2.65E-6","0.2907332","0.0","2","4","false","沈次","313.0","2","0","0","0.51208406","false","0","沈次","1142","0.53061224","PERSON"
"1363","3.82416813","3.0E-8","0.26149478","0.0","2","5","false","沈榕邨","40.0","2","0","0","0.43516637","false","0","沈榕邨","14","0.92857143","PERSON"
"1364","3.7267951","2.35E-6","0.26832707","0.0","5","5","false","沈杏山十","73.2","5","0","0","0.45464098","false","0","沈杏山十","3284","0.40561798","PERSON"
"1365","3.78563923","1.16E-6","0.26415618","0.0","4","5","false","沈易書","44.25","4","0","0","0.44287215","false","0","沈易書","426","0.45526316","PERSON"
"1366","3.80595447","1.0E-8","0.26274618","0.0","3","5","false","沈懋","68.0","3","0","0","0.43880911","false","0","沈懋","6","1.0","PERSON"
"1367","3.44028021","0.0","0.290674","0.0","1","4","false","沈夑臣","589.0","1","0","0","0.51194396","false","0","沈夑臣","0","0.0","PERSON"
"1368","3.2028021","1.1485E-4","0.3122266","0.0","4","4","false","沈四莘","344.25","4","0","0","0.55943958","false","0","沈四莘","311930","0.37148268","PERSON"
"1369","3.74500876","0.0","0.26702207","0.0","1","5","false","沈同","157.0","1","0","0","0.45099825","false","0","沈同","0","0.0","PERSON"
"1370","3.68756567","9.97E-6","0.27118161","0.0","3","4","false","沈卓吾","124.33333333","3","0","0","0.46248687","false","0","沈卓吾","12266","0.52932761","PERSON"
"1371","3.53695271","3.1141E-4","0.28272925","0.0","14","4","false","沈冕士","61.35714286","14","0","0","0.49260946","false","0","沈冕士","262466","0.13811703","PERSON"
"1372","3.66935201","1.2757E-4","0.27252768","0.0","14","4","false","沈信卿","47.35714286","14","0","0","0.4661296","false","0","沈信卿","107632","0.18692396","PERSON"
"1373","3.39544658","4.369E-5","0.29451207","0.0","4","4","false","沈佩蘭","216.5","4","0","0","0.52091068","false","0","沈佩蘭","86760","0.33204931","PERSON"
"1374","3.83257443","2.0E-8","0.26092122","0.0","3","5","false","沅致","30.0","3","0","0","0.43348511","false","0","沅致","6","1.0","PERSON"
"1375","3.79614711","1.24E-6","0.26342499","0.0","4","5","false","汪醒","32.25","4","0","0","0.44077058","false","0","汪醒","402","0.390625","PERSON"
"1376","3.64343257","1.276E-5","0.27446645","0.0","3","4","false","汪訪廬","133.0","3","0","0","0.47131349","false","0","汪訪廬","18476","0.44594595","PERSON"
"1377","3.81155867","1.5E-7","0.26235986","0.0","2","5","false","汪育","46.0","2","0","0","0.43768827","false","0","汪育","62","0.75","PERSON"
"1378","3.23222417","1.0194E-4","0.30938448","0.0","4","4","false","汪筠","318.25","4","0","0","0.55355517","false","0","汪筠","260394","0.35969388","PERSON"
"1379","3.82206655","9.0E-8","0.26163856","0.0","6","5","false","汪竹","42.0","6","0","0","0.43558669","false","0","汪竹","30","1.0","PERSON"
"1380","3.74500876","0.0","0.26702207","0.0","1","5","false","汪萬可候","157.0","1","0","0","0.45099825","false","0","汪萬可候","0","0.0","PERSON"
"1381","3.82206655","9.0E-8","0.26163856","0.0","6","5","false","汪潤","42.0","6","0","0","0.43558669","false","0","汪潤","30","1.0","PERSON"
"1382","3.56917688","2.0909E-4","0.28017664","0.0","9","4","false","汪漢溪","102.66666667","9","0","0","0.48616462","false","0","汪漢溪","285254","0.25673401","PERSON"
"1383","3.23222417","1.0194E-4","0.30938448","0.0","4","4","false","汪得","318.25","4","0","0","0.55355517","false","0","汪得","260394","0.35969388","PERSON"
"1384","3.34781086","2.3493E-4","0.29870266","0.0","9","4","false","汪幼","114.44444444","9","0","0","0.53043783","false","0","汪幼","296536","0.15933208","PERSON"
"1385","3.81295972","0.0","0.26226346","0.0","1","5","false","汪寳堂","60.0","1","0","0","0.43740806","false","0","汪寳堂","0","0.0","PERSON"
"1386","3.74500876","0.0","0.26702207","0.0","1","5","false","汪宅仁","157.0","1","0","0","0.45099825","false","0","汪宅仁","0","0.0","PERSON"
"1387","3.23222417","1.0194E-4","0.30938448","0.0","4","4","false","汪孝慈","318.25","4","0","0","0.55355517","false","0","汪孝慈","260394","0.35969388","PERSON"
"1388","3.81295972","0.0","0.26226346","0.0","1","5","false","汪吉記","60.0","1","0","0","0.43740806","false","0","汪吉記","0","0.0","PERSON"
"1389","3.40525394","5.28E-5","0.29366386","0.0","3","4","false","汪北平","265.66666667","3","0","0","0.51894921","false","0","汪北平","56630","0.41614256","PERSON"
"1390","3.43257443","1.423E-5","0.29132653","0.0","6","4","false","汪劍","131.33333333","6","0","0","0.51348511","false","0","汪劍","11754","0.21941639","PERSON"
"1391","3.4676007","2.406E-5","0.28838384","0.0","7","4","false","汪兆麟","110.57142857","7","0","0","0.50647986","false","0","汪兆麟","33902","0.201789","PERSON"
"1392","3.14395797","4.2084E-4","0.31807041","0.0","8","4","false","汪兆","203.5","8","0","0","0.57120841","false","0","汪兆","716484","0.20169323","PERSON"
"1393","3.2441331","6.816E-5","0.30824876","0.0","5","4","false","江鍊","251.0","5","0","0","0.55117338","false","0","江鍊","191564","0.28935185","PERSON"
"1394","3.117338","0.00229964","0.32078652","0.0","20","4","false","江逢治","91.6","20","0","0","0.5765324","false","0","江逢治","1037750","0.08796117","PERSON"
"1395","3.17618214","2.4863E-4","0.31484341","0.0","8","4","false","江逢","194.5","8","0","0","0.56476357","false","0","江逢","470258","0.2019833","PERSON"
"1396","3.39964974","8.7374E-4","0.29414795","0.0","2","4","false","江經","325.0","2","0","0","0.52007005","false","0","江經","70028","0.50232558","PERSON"
"1397","3.44028021","0.0","0.290674","0.0","1","4","false","江湛","589.0","1","0","0","0.51194396","false","0","江湛","0","0.0","PERSON"
"1398","3.80455342","1.4E-7","0.26284294","0.0","2","4","false","江東","46.0","2","0","0","0.43908932","false","0","江東","90","0.67164179","PERSON"
"1399","3.1145359","7.1763E-4","0.32107512","0.0","18","4","false","江政卿","121.05555556","18","0","0","0.57709282","false","0","江政卿","1077088","0.11588374","PERSON"
"1400","3.3352014","6.4326E-4","0.29983197","0.0","13","4","false","江岳巒","87.07692308","13","0","0","0.53295972","false","0","江岳巒","422652","0.11856325","PERSON"
"1401","3.67425569","0.0","0.27216397","0.0","1","5","false","江少","258.0","1","0","0","0.46514886","false","0","江少","0","0.0","PERSON"
"1402","2.85394046","8.058E-5","0.35039273","0.0","2","4","false","大銀行","209.5","2","0","0","0.62921191","false","0","大銀行","15838","0.50120192","ORG"
"1403","3.43957968","2.651E-5","0.2907332","0.0","2","4","false","江代","295.5","2","0","0","0.51208406","false","0","江代","1212","0.50085034","PERSON"
"1404","3.43957968","2.65E-6","0.2907332","0.0","2","4","false","江一南","313.0","2","0","0","0.51208406","false","0","江一南","1142","0.53061224","PERSON"
"1405","3.76602452","0.0","0.26553199","0.0","1","4","false","汝霖","124.0","1","0","0","0.4467951","false","0","汝霖","0","0.0","PERSON"
"1406","3.84028021","4.0E-8","0.26039767","0.0","3","5","false","汝耜","19.0","3","0","0","0.43194396","false","0","汝耜","6","1.0","PERSON"
"1407","3.63362522","3.0465E-4","0.27520725","0.0","21","4","false","永祥","42.04761905","21","0","0","0.47327496","false","0","永祥","355220","0.14057404","PERSON"
"1408","3.84658494","0.0","0.25997086","0.0","1","5","false","永昌","12.0","1","0","0","0.43068301","false","0","永昌","0","0.0","PERSON"
"1409","3.72399299","3.196E-5","0.26852897","0.0","5","5","false","水償","59.0","5","0","0","0.4552014","false","0","水償","8196","0.31868132","PERSON"
"1410","3.81295972","0.0","0.26226346","0.0","1","5","false","氏趙","60.0","1","0","0","0.43740806","false","0","氏趙","0","0.0","PERSON"
"1411","3.7267951","2.35E-6","0.26832707","0.0","5","5","false","氏傅","73.2","5","0","0","0.45464098","false","0","氏傅","3284","0.40561798","PERSON"
"1412","3.72539405","3.01E-6","0.26842798","0.0","7","5","false","毛酉峯","59.0","7","0","0","0.45492119","false","0","毛酉峯","1722","0.3258427","PERSON"
"1413","3.45078809","2.018E-5","0.28978888","0.0","3","4","false","毛酉","228.0","3","0","0","0.50984238","false","0","毛酉","33398","0.39754816","PERSON"
"1414","3.45078809","2.018E-5","0.28978888","0.0","3","4","false","毛安卿","228.0","3","0","0","0.50984238","false","0","毛安卿","33398","0.39754816","PERSON"
"1415","3.72539405","3.01E-6","0.26842798","0.0","7","5","false","毛子","59.0","7","0","0","0.45492119","false","0","毛子","1722","0.3258427","PERSON"
"1416","3.80595447","1.0E-8","0.26274618","0.0","3","5","false","毓庭","68.0","3","0","0","0.43880911","false","0","毓庭","6","1.0","PERSON"
"1417","3.84238179","6.2E-7","0.26025524","0.0","8","5","false","殷芝齡","11.0","8","0","0","0.43152364","false","0","殷芝齡","56","1.0","PERSON"
"1418","3.17618214","2.4863E-4","0.31484341","0.0","8","4","false","殷芝","194.5","8","0","0","0.56476357","false","0","殷芝","470258","0.2019833","PERSON"
"1419","3.68756567","9.97E-6","0.27118161","0.0","3","4","false","殷汝","124.33333333","3","0","0","0.46248687","false","0","殷汝","12266","0.52932761","PERSON"
"1420","3.84308231","1.9E-7","0.2602078","0.0","5","5","false","殷受","13.0","5","0","0","0.43138354","false","0","殷受","20","1.0","PERSON"
"1421","3.84448336","0.0","0.26011297","0.0","1","5","false","殷冠卿君五","15.0","1","0","0","0.43110333","false","0","殷冠卿君五","0","0.0","PERSON"
"1422","3.67425569","0.0","0.27216397","0.0","1","5","false","武野","258.0","1","0","0","0.46514886","false","0","武野","0","0.0","PERSON"
"1423","3.82837128","0.0","0.26120769","0.0","1","5","false","武衡","38.0","1","0","0","0.43432574","false","0","武衡","0","0.0","PERSON"
"1424","3.74500876","0.0","0.26702207","0.0","1","5","false","武康","157.0","1","0","0","0.45099825","false","0","武康","0","0.0","PERSON"
"1425","3.24553415","6.693E-5","0.30811569","0.0","5","4","false","正紅","245.4","5","0","0","0.55089317","false","0","正紅","186596","0.28352668","PERSON"
"1426","3.68966725","2.186E-5","0.27102715","0.0","9","5","false","正炳","56.22222222","9","0","0","0.46206655","false","0","正炳","27964","0.2432697","PERSON"
"1427","3.20490368","4.2919E-4","0.31202186","0.0","10","4","false","歐陽","141.6","10","0","0","0.55901926","false","0","歐陽","390774","0.1536612","PERSON"
"1428","3.80525394","1.0E-8","0.26279455","0.0","3","5","false","欽齋","69.0","3","0","0","0.43894921","false","0","欽齋","6","1.0","PERSON"
"1429","3.80595447","1.0E-8","0.26274618","0.0","3","5","false","欽璋","68.0","3","0","0","0.43880911","false","0","欽璋","6","1.0","PERSON"
"1430","3.43257443","1.423E-5","0.29132653","0.0","6","4","false","欽棠","131.33333333","6","0","0","0.51348511","false","0","欽棠","11754","0.21941639","PERSON"
"1431","3.39824869","4.464E-5","0.29426922","0.0","4","4","false","次齊","184.75","4","0","0","0.52035026","false","0","次齊","50380","0.28488372","PERSON"
"1432","3.67425569","0.0","0.27216397","0.0","1","5","false","樹雄","258.0","1","0","0","0.46514886","false","0","樹雄","0","0.0","PERSON"
"1433","3.80595447","1.0E-8","0.26274618","0.0","3","5","false","標邱","68.0","3","0","0","0.43880911","false","0","標邱","6","1.0","PERSON"
"1434","3.80665499","1.08E-5","0.26269783","0.0","5","4","false","樓暎","18.8","5","0","0","0.438669","false","0","樓暎","1914","0.29180328","PERSON"
"1435","3.82416813","3.0E-8","0.26149478","0.0","2","5","false","樓映","40.0","2","0","0","0.43516637","false","0","樓映","14","0.92857143","PERSON"
"1436","3.74500876","0.0","0.26702207","0.0","1","5","false","樂淸","157.0","1","0","0","0.45099825","false","0","樂淸","0","0.0","PERSON"
"1437","3.33029772","3.7736E-4","0.30027345","0.0","13","4","false","樂樹滋","96.61538462","13","0","0","0.53394046","false","0","樂樹滋","451412","0.13044391","PERSON"
"1438","3.72539405","1.246E-5","0.26842798","0.0","5","4","false","樂樹","46.2","5","0","0","0.45492119","false","0","樂樹","6664","0.25536723","PERSON"
"1439","3.48231173","1.69E-6","0.28716556","0.0","2","4","false","樂根","282.5","2","0","0","0.50353765","false","0","樂根","1020","0.5341556","PERSON"
"1440","3.33660245","2.9345E-4","0.29970607","0.0","9","4","false","樂振葆","138.44444444","9","0","0","0.53267951","false","0","樂振葆","454492","0.18879731","PERSON"
"1441","3.81366025","0.0","0.26221528","0.0","1","5","false","樂俊","59.0","1","0","0","0.43726795","false","0","樂俊","0","0.0","PERSON"
"1442","3.43397548","6.811E-5","0.29120767","0.0","5","4","false","槃顧","128.6","5","0","0","0.5132049","false","0","槃顧","17280","0.21517707","PERSON"
"1443","3.79124343","2.18E-5","0.26376571","0.0","7","4","false","槃趙","27.57142857","7","0","0","0.44175131","false","0","槃趙","8810","0.32804233","PERSON"
"1444","3.44028021","0.0","0.290674","0.0","1","4","false","槃袁","589.0","1","0","0","0.51194396","false","0","槃袁","0","0.0","PERSON"
"1445","3.24553415","6.693E-5","0.30811569","0.0","5","4","false","槃樂","245.4","5","0","0","0.55089317","false","0","槃樂","186596","0.28352668","PERSON"
"1446","3.74781086","4.12E-6","0.26682243","0.0","5","5","false","槃徐","71.2","5","0","0","0.45043783","false","0","槃徐","6936","0.47432432","PERSON"
"1447","3.67425569","0.0","0.27216397","0.0","1","5","false","槃嚴","258.0","1","0","0","0.46514886","false","0","槃嚴","0","0.0","PERSON"
"1448","3.45008757","2.273E-5","0.28984772","0.0","4","4","false","槃倪","176.5","4","0","0","0.50998249","false","0","槃倪","34662","0.30735552","PERSON"
"1449","3.37302977","4.582E-5","0.29646937","0.0","5","4","false","榮昌祥","180.2","5","0","0","0.52539405","false","0","榮昌祥","80676","0.26352941","PERSON"
"1450","3.08231173","0.00104177","0.32443182","0.0","19","4","false","榮宗敬","116.57894737","19","0","0","0.58353765","false","0","榮宗敬","1711762","0.10691855","PERSON"
"1451","3.81225919","0.0","0.26231165","0.0","1","5","false","業姜","61.0","1","0","0","0.43754816","false","0","業姜","0","0.0","PERSON"
"1452","3.74500876","0.0","0.26702207","0.0","1","5","false","楨候","157.0","1","0","0","0.45099825","false","0","楨候","0","0.0","PERSON"
"1453","3.68756567","9.97E-6","0.27118161","0.0","3","4","false","楝臣","124.33333333","3","0","0","0.46248687","false","0","楝臣","12266","0.52932761","PERSON"
"1454","3.72399299","3.196E-5","0.26852897","0.0","5","5","false","楚臣","59.0","5","0","0","0.4552014","false","0","楚臣","8196","0.31868132","PERSON"
"1455","3.67425569","0.0","0.27216397","0.0","1","5","false","楚卿","258.0","1","0","0","0.46514886","false","0","楚卿","0","0.0","PERSON"
"1456","3.35971979","2.5307E-4","0.29764387","0.0","12","4","false","楊雲","82.5","12","0","0","0.52805604","false","0","楊雲","236678","0.11777457","PERSON"
"1457","3.80595447","1.0E-8","0.26274618","0.0","3","5","false","楊譜","68.0","3","0","0","0.43880911","false","0","楊譜","6","1.0","PERSON"
"1458","3.81225919","0.0","0.26231165","0.0","1","5","false","楊紹","61.0","1","0","0","0.43754816","false","0","楊紹","0","0.0","PERSON"
"1459","3.80525394","0.0","0.26279455","0.0","1","5","false","楊漢","71.0","1","0","0","0.43894921","false","0","楊漢","0","0.0","PERSON"
"1460","3.44238179","1.843E-5","0.29049654","0.0","3","4","false","楊松","230.33333333","3","0","0","0.51152364","false","0","楊松","37238","0.39336764","PERSON"
"1461","3.48021016","1.632E-5","0.28733897","0.0","5","4","false","楊春","123.2","5","0","0","0.50395797","false","0","楊春","4212","0.23187856","PERSON"
"1462","3.48021016","1.632E-5","0.28733897","0.0","5","4","false","楊恕","123.2","5","0","0","0.50395797","false","0","楊恕","4212","0.23187856","PERSON"
"1463","3.74430823","3.19E-6","0.26707203","0.0","4","4","false","楊復","63.25","4","0","0","0.45113835","false","0","楊復","3288","0.41225166","PERSON"
"1464","3.37302977","4.582E-5","0.29646937","0.0","5","4","false","楊小堂","180.2","5","0","0","0.52539405","false","0","楊小堂","80676","0.26352941","PERSON"
"1465","3.67425569","0.0","0.27216397","0.0","1","5","false","楊家","258.0","1","0","0","0.46514886","false","0","楊家","0","0.0","PERSON"
"1466","3.81295972","0.0","0.26226346","0.0","1","5","false","楊定","60.0","1","0","0","0.43740806","false","0","楊定","0","0.0","PERSON"
"1467","3.80595447","1.0E-8","0.26274618","0.0","3","5","false","楊季","68.0","3","0","0","0.43880911","false","0","楊季","6","1.0","PERSON"
"1468","3.45078809","2.018E-5","0.28978888","0.0","3","4","false","楊子","228.0","3","0","0","0.50984238","false","0","楊子","33398","0.39754816","PERSON"
"1469","3.69527145","4.8954E-4","0.27061611","0.0","7","5","false","楊奎侯","53.57142857","7","0","0","0.46094571","false","0","楊奎侯","51360","0.23787977","PERSON"
"1470","2.8497373","3.9701E-4","0.35090954","0.0","8","4","false","遠東物品證劵交易所","67.0","8","0","0","0.63005254","false","0","遠東物品證劵交易所","169110","0.15865385","ORG"
"1471","2.8497373","3.9701E-4","0.35090954","0.0","8","4","false","佈華美遠東資利銀行","67.0","8","0","0","0.63005254","false","0","佈華美遠東資利銀行","169110","0.15865385","ORG"
"1472","2.8497373","3.9701E-4","0.35090954","0.0","8","4","false","上海聯益善會","67.0","8","0","0","0.63005254","false","0","上海聯益善會","169110","0.15865385","ORG"
"1473","3.27565674","0.00179419","0.30528229","0.0","23","4","false","楊奎","48.17391304","23","0","0","0.54486865","false","0","楊奎","493332","0.05889377","PERSON"
"1474","3.80525394","1.0E-8","0.26279455","0.0","3","5","false","楊叔","69.0","3","0","0","0.43894921","false","0","楊叔","6","1.0","PERSON"
"1475","3.81225919","1.6E-7","0.26231165","0.0","2","5","false","楊千","37.0","2","0","0","0.43754816","false","0","楊千","150","0.61016949","PERSON"
"1476","3.43257443","1.423E-5","0.29132653","0.0","6","4","false","楊劍","131.33333333","6","0","0","0.51348511","false","0","楊劍","11754","0.21941639","PERSON"
"1477","3.25674256","0.0030178","0.30705528","0.0","16","4","false","楊信","91.125","16","0","0","0.54865149","false","0","楊信","1100934","0.10793413","PERSON"
"1478","3.7267951","2.35E-6","0.26832707","0.0","5","5","false","楊俊","73.2","5","0","0","0.45464098","false","0","楊俊","3284","0.40561798","PERSON"
"1479","3.36742557","1.1447E-4","0.29696276","0.0","9","4","false","楊伯蘭","126.22222222","9","0","0","0.52651489","false","0","楊伯蘭","162824","0.18307342","PERSON"
"1480","3.84238179","0.0","0.26025524","0.0","1","5","false","椒伯請","18.0","1","0","0","0.43152364","false","0","椒伯請","0","0.0","PERSON"
"1481","3.80035026","5.5E-7","0.26313364","0.0","3","4","false","椒伯聞","45.66666667","3","0","0","0.43992995","false","0","椒伯聞","182","0.62037037","PERSON"
"1482","3.76602452","0.0","0.26553199","0.0","1","4","false","椒伯丁","124.0","1","0","0","0.4467951","false","0","椒伯丁","0","0.0","PERSON"
"1483","3.05359019","0.00140061","0.32748337","0.0","22","4","false","椒伯","112.09090909","22","0","0","0.58928196","false","0","椒伯","2371776","0.09927695","PERSON"
"1484","3.81295972","0.0","0.26226346","0.0","1","5","false","森盛恒","60.0","1","0","0","0.43740806","false","0","森盛恒","0","0.0","PERSON"
"1485","3.7267951","2.35E-6","0.26832707","0.0","5","5","false","棠陰","73.2","5","0","0","0.45464098","false","0","棠陰","3284","0.40561798","PERSON"
"1486","3.74500876","0.0","0.26702207","0.0","1","5","false","棠慈","157.0","1","0","0","0.45099825","false","0","棠慈","0","0.0","PERSON"
"1487","3.84098074","1.0E-8","0.26035017","0.0","2","5","false","棠丁","19.0","2","0","0","0.43180385","false","0","棠丁","2","1.0","PERSON"
"1488","3.74781086","4.12E-6","0.26682243","0.0","5","5","false","梅禮","71.2","5","0","0","0.45043783","false","0","梅禮","6936","0.47432432","PERSON"
"1489","3.7793345","6.136E-5","0.26459685","0.0","5","5","false","梅志方","56.8","5","0","0","0.4441331","false","0","梅志方","24992","0.54174757","PERSON"
"1490","3.74500876","0.0","0.26702207","0.0","1","5","false","梅崇德","157.0","1","0","0","0.45099825","false","0","梅崇德","0","0.0","PERSON"
"1491","3.34640981","2.0627E-4","0.29882772","0.0","10","4","false","梅堂","115.7","10","0","0","0.53071804","false","0","梅堂","342564","0.16086957","PERSON"
"1492","3.78563923","1.16E-6","0.26415618","0.0","4","5","false","梅南路","44.25","4","0","0","0.44287215","false","0","梅南路","426","0.45526316","PERSON"
"1493","3.67425569","0.0","0.27216397","0.0","1","5","false","梅南","258.0","1","0","0","0.46514886","false","0","梅南","0","0.0","PERSON"
"1494","3.80525394","1.0E-8","0.26279455","0.0","3","5","false","梅勞","69.0","3","0","0","0.43894921","false","0","梅勞","6","1.0","PERSON"
"1495","3.64343257","1.276E-5","0.27446645","0.0","3","4","false","梅伯謝","133.0","3","0","0","0.47131349","false","0","梅伯謝","18476","0.44594595","PERSON"
"1496","3.82416813","3.0E-8","0.26149478","0.0","2","5","false","梅仲","40.0","2","0","0","0.43516637","false","0","梅仲","14","0.92857143","PERSON"
"1497","3.20210158","2.604E-4","0.3122949","0.0","8","4","false","梁百","167.75","8","0","0","0.55957968","false","0","梁百","452700","0.1810532","PERSON"
"1498","3.33660245","5.8376E-4","0.29970607","0.0","22","4","false","梁新記","66.63636364","22","0","0","0.53267951","false","0","梁新記","671536","0.09179911","PERSON"
"1499","3.81225919","0.0","0.26231165","0.0","1","5","false","梁世發","61.0","1","0","0","0.43754816","false","0","梁世發","0","0.0","PERSON"
"1500","3.81295972","0.0","0.26226346","0.0","1","5","false","桂記","60.0","1","0","0","0.43740806","false","0","桂記","0","0.0","PERSON"
"1501","3.83397548","3.0E-8","0.26082587","0.0","3","5","false","桂榮","28.0","3","0","0","0.4332049","false","0","桂榮","6","1.0","PERSON"
"1502","3.81225919","1.6E-7","0.26231165","0.0","2","5","false","桂崇","37.0","2","0","0","0.43754816","false","0","桂崇","150","0.61016949","PERSON"
"1503","3.82837128","0.0","0.26120769","0.0","1","5","false","栻石運","38.0","1","0","0","0.43432574","false","0","栻石運","0","0.0","PERSON"
"1504","3.85008757","1.5E-7","0.25973435","0.0","3","5","false","根馮","5.0","3","0","0","0.42998249","false","0","根馮","6","1.0","PERSON"
"1505","3.79404553","3.68E-6","0.2635709","0.0","15","4","false","核楊","38.6","15","0","0","0.44119089","false","0","核楊","3374","0.54492754","PERSON"
"1506","3.45078809","2.018E-5","0.28978888","0.0","3","4","false","柴橋","228.0","3","0","0","0.50984238","false","0","柴橋","33398","0.39754816","PERSON"
"1507","3.68966725","2.186E-5","0.27102715","0.0","9","5","false","柴友","56.22222222","9","0","0","0.46206655","false","0","柴友","27964","0.2432697","PERSON"
"1508","3.80525394","1.0E-8","0.26279455","0.0","3","5","false","柳鈺棠十","69.0","3","0","0","0.43894921","false","0","柳鈺棠十","6","1.0","PERSON"
"1509","3.74500876","0.0","0.26702207","0.0","1","5","false","柱候","157.0","1","0","0","0.45099825","false","0","柱候","0","0.0","PERSON"
"1510","3.2441331","6.816E-5","0.30824876","0.0","5","4","false","林騤","251.0","5","0","0","0.55117338","false","0","林騤","191564","0.28935185","PERSON"
"1511","3.36742557","1.1447E-4","0.29696276","0.0","9","4","false","林鈞","126.22222222","9","0","0","0.52651489","false","0","林鈞","162824","0.18307342","PERSON"
"1512","3.84168126","1.0E-8","0.2603027","0.0","2","5","false","林賓逸","18.0","2","0","0","0.43166375","false","0","林賓逸","2","1.0","PERSON"
"1513","3.82486865","7.0E-8","0.26144689","0.0","2","5","false","林彪","32.0","2","0","0","0.43502627","false","0","林彪","42","0.75609756","PERSON"
"1514","3.47460595","5.924E-5","0.28780242","0.0","3","4","false","林肯","190.66666667","3","0","0","0.50507881","false","0","林肯","13158","0.35319677","PERSON"
"1515","3.71208406","6.32E-6","0.26939045","0.0","6","4","false","林聯琛","91.83333333","6","0","0","0.45758319","false","0","林聯琛","7580","0.46581197","PERSON"
"1516","3.48021016","1.632E-5","0.28733897","0.0","5","4","false","林紹馨","123.2","5","0","0","0.50395797","false","0","林紹馨","4212","0.23187856","PERSON"
"1517","3.61471103","2.422E-5","0.27664729","0.0","3","5","false","林福元","135.66666667","3","0","0","0.47705779","false","0","林福元","29634","0.39607843","PERSON"
"1518","3.68756567","9.97E-6","0.27118161","0.0","3","4","false","林石虎","124.33333333","3","0","0","0.46248687","false","0","林石虎","12266","0.52932761","PERSON"
"1519","2.93870403","0.00353028","0.34028605","0.0","34","4","false","林炎夫","83.26470588","34","0","0","0.61225919","false","0","林炎夫","2822370","0.06472439","PERSON"
"1520","3.25043783","8.771E-5","0.30765086","0.0","5","4","false","林植夫","235.6","5","0","0","0.54991243","false","0","林植夫","172520","0.27438596","PERSON"
"1521","3.84168126","1.0E-8","0.2603027","0.0","2","5","false","林校","18.0","2","0","0","0.43166375","false","0","林校","2","1.0","PERSON"
"1522","3.81295972","0.0","0.26226346","0.0","1","5","false","林林","60.0","1","0","0","0.43740806","false","0","林林","0","0.0","PERSON"
"1523","3.39124343","4.3504E-4","0.29487709","0.0","20","4","false","林文","56.85","20","0","0","0.52175131","false","0","林文","438380","0.08740219","PERSON"
"1524","3.84098074","4.0E-8","0.26035017","0.0","3","5","false","林德茂","18.0","3","0","0","0.43180385","false","0","林德茂","6","1.0","PERSON"
"1525","3.56917688","2.0909E-4","0.28017664","0.0","9","4","false","林康侯","102.66666667","9","0","0","0.48616462","false","0","林康侯","285254","0.25673401","PERSON"
"1526","3.19649737","3.2635E-4","0.31284243","0.0","9","4","false","林大松","152.88888889","9","0","0","0.56070053","false","0","林大松","483450","0.16367337","PERSON"
"1527","3.43957968","2.89E-6","0.2907332","0.0","2","4","false","林大勳","310.0","2","0","0","0.51208406","false","0","林大勳","1154","0.5255102","PERSON"
"1528","3.74500876","0.0","0.26702207","0.0","1","5","false","林士","157.0","1","0","0","0.45099825","false","0","林士","0","0.0","PERSON"
"1529","3.72399299","3.196E-5","0.26852897","0.0","5","5","false","林嘉祿","59.0","5","0","0","0.4552014","false","0","林嘉祿","8196","0.31868132","PERSON"
"1530","3.80525394","1.0E-8","0.26279455","0.0","3","5","false","林仲立","69.0","3","0","0","0.43894921","false","0","林仲立","6","1.0","PERSON"
"1531","3.81716287","2.34E-6","0.26197467","0.0","13","5","false","枓石","25.38461538","13","0","0","0.43656743","false","0","枓石","588","0.59474672","PERSON"
"1532","3.80525394","1.0E-8","0.26279455","0.0","3","5","false","松袁","69.0","3","0","0","0.43894921","false","0","松袁","6","1.0","PERSON"
"1533","3.282662","5.6194E-4","0.30463082","0.0","12","4","false","松茂","104.83333333","12","0","0","0.5434676","false","0","松茂","471138","0.129468","PERSON"
"1534","3.81155867","1.5E-7","0.26235986","0.0","2","5","false","松濤","46.0","2","0","0","0.43768827","false","0","松濤","62","0.75","PERSON"
"1535","3.78774081","1.73E-6","0.26400962","0.0","4","5","false","松泉君洋","49.5","4","0","0","0.44245184","false","0","松泉君洋","1660","0.52717391","PERSON"
"1536","3.44028021","0.0","0.290674","0.0","1","4","false","松戴","589.0","1","0","0","0.51194396","false","0","松戴","0","0.0","PERSON"
"1537","3.83257443","3.0E-8","0.26092122","0.0","3","4","false","杭來","27.0","3","0","0","0.43348511","false","0","杭來","6","1.0","PERSON"
"1538","3.80595447","1.0E-8","0.26274618","0.0","3","5","false","杜鳳","68.0","3","0","0","0.43880911","false","0","杜鳳","6","1.0","PERSON"
"1539","3.2441331","6.816E-5","0.30824876","0.0","5","4","false","杜長","251.0","5","0","0","0.55117338","false","0","杜長","191564","0.28935185","PERSON"
"1540","3.79754816","3.49E-6","0.2633278","0.0","7","4","false","杜總","26.71428571","7","0","0","0.44049037","false","0","杜總","690","0.35714286","PERSON"
"1541","3.81295972","0.0","0.26226346","0.0","1","5","false","杜炳榮","60.0","1","0","0","0.43740806","false","0","杜炳榮","0","0.0","PERSON"
"1542","3.7267951","2.35E-6","0.26832707","0.0","5","5","false","杜月","73.2","5","0","0","0.45464098","false","0","杜月","3284","0.40561798","PERSON"
"1543","3.83257443","1.0E-8","0.26092122","0.0","2","5","false","杜德","30.5","2","0","0","0.43348511","false","0","杜德","4","0.98333333","PERSON"
"1544","3.68966725","2.186E-5","0.27102715","0.0","9","5","false","杜家","56.22222222","9","0","0","0.46206655","false","0","杜家","27964","0.2432697","PERSON"
"1545","3.22802102","1.4177E-4","0.30978733","0.0","6","4","false","杏生","223.33333333","6","0","0","0.5543958","false","0","杏生","305554","0.25094056","PERSON"
"1546","3.76532399","1.112E-5","0.2655814","0.0","14","4","false","李馥蓀","34.07142857","14","0","0","0.4469352","false","0","李馥蓀","6532","0.2979408","PERSON"
"1547","3.74500876","0.0","0.26702207","0.0","1","5","false","李鍾秀","157.0","1","0","0","0.45099825","false","0","李鍾秀","0","0.0","PERSON"
"1548","3.70297723","1.08E-6","0.27005297","0.0","2","4","false","李錦泰","122.5","2","0","0","0.45940455","false","0","李錦泰","376","0.57311321","PERSON"
"1549","3.45078809","2.018E-5","0.28978888","0.0","3","4","false","李逢年","228.0","3","0","0","0.50984238","false","0","李逢年","33398","0.39754816","PERSON"
"1550","3.82206655","9.0E-8","0.26163856","0.0","6","5","false","李逢","42.0","6","0","0","0.43558669","false","0","李逢","30","1.0","PERSON"
"1551","3.17478109","2.1003E-4","0.31498235","0.0","8","4","false","李詠裳","188.375","8","0","0","0.56504378","false","0","李詠裳","482096","0.19518229","PERSON"
"1552","3.74500876","0.0","0.26702207","0.0","1","5","false","李華松","157.0","1","0","0","0.45099825","false","0","李華松","0","0.0","PERSON"
"1553","3.64483363","6.6244E-4","0.27436095","0.0","13","5","false","李菊亭","45.61538462","13","0","0","0.47103327","false","0","李菊亭","100100","0.1554543","PERSON"
"1554","3.36742557","1.1447E-4","0.29696276","0.0","9","4","false","李立三","126.22222222","9","0","0","0.52651489","false","0","李立三","162824","0.18307342","PERSON"
"1555","3.82206655","9.0E-8","0.26163856","0.0","6","5","false","李秀峰","42.0","6","0","0","0.43558669","false","0","李秀峰","30","1.0","PERSON"
"1556","3.82206655","9.0E-8","0.26163856","0.0","6","5","false","李秀峯","42.0","6","0","0","0.43558669","false","0","李秀峯","30","1.0","PERSON"
"1557","3.72399299","3.196E-5","0.26852897","0.0","5","5","false","李祥記","59.0","5","0","0","0.4552014","false","0","李祥記","8196","0.31868132","PERSON"
"1558","3.38844133","5.376E-5","0.29512094","0.0","4","4","false","李祖虁","214.5","4","0","0","0.52231173","false","0","李祖虁","99606","0.32397572","PERSON"
"1559","3.83257443","2.0E-8","0.26092122","0.0","3","5","false","李祖","30.0","3","0","0","0.43348511","false","0","李祖","6","1.0","PERSON"
"1560","3.43957968","4.96E-6","0.2907332","0.0","2","4","false","李登魁","302.5","2","0","0","0.51208406","false","0","李登魁","1184","0.5127551","PERSON"
"1561","3.39544658","4.369E-5","0.29451207","0.0","4","4","false","李玉書","216.5","4","0","0","0.52091068","false","0","李玉書","86760","0.33204931","PERSON"
"1562","3.4676007","2.406E-5","0.28838384","0.0","7","4","false","李泉深","110.57142857","7","0","0","0.50647986","false","0","李泉深","33902","0.201789","PERSON"
"1563","3.79754816","3.49E-6","0.2633278","0.0","7","4","false","李武","26.71428571","7","0","0","0.44049037","false","0","李武","690","0.35714286","PERSON"
"1564","3.45078809","2.018E-5","0.28978888","0.0","3","4","false","李次山","228.0","3","0","0","0.50984238","false","0","李次山","33398","0.39754816","PERSON"
"1565","3.84168126","1.6E-7","0.2603027","0.0","5","5","false","李次","15.0","5","0","0","0.43166375","false","0","李次","20","1.0","PERSON"
"1566","3.25043783","2.2867E-4","0.30765086","0.0","5","4","false","李權時","227.0","5","0","0","0.54991243","false","0","李權時","764234","0.26432749","PERSON"
"1567","3.83817863","0.0","0.26054024","0.0","1","5","false","李楚材","24.0","1","0","0","0.43236427","false","0","李楚材","0","0.0","PERSON"
"1568","3.82206655","9.0E-8","0.26163856","0.0","6","5","false","李梅軒","42.0","6","0","0","0.43558669","false","0","李梅軒","30","1.0","PERSON"
"1569","3.81225919","0.0","0.26231165","0.0","1","5","false","李東萊","61.0","1","0","0","0.43754816","false","0","李東萊","0","0.0","PERSON"
"1570","3.73870403","2.34E-6","0.26747236","0.0","6","4","false","李東甫","67.16666667","6","0","0","0.45225919","false","0","李東甫","1150","0.42144374","PERSON"
"1571","3.45078809","2.018E-5","0.28978888","0.0","3","4","false","李杰","228.0","3","0","0","0.50984238","false","0","李杰","33398","0.39754816","PERSON"
"1572","3.79404553","3.68E-6","0.2635709","0.0","15","4","false","李恢","38.6","15","0","0","0.44119089","false","0","李恢","3374","0.54492754","PERSON"
"1573","3.76952715","1.904E-5","0.26528526","0.0","6","5","false","李志雲","32.16666667","6","0","0","0.44609457","false","0","李志雲","11044","0.26867816","PERSON"
"1574","3.03957968","8.3139E-4","0.32899286","0.0","15","4","false","李徵五","136.53333333","15","0","0","0.59208406","false","0","李徵五","1332944","0.11826643","PERSON"
"1575","3.72539405","3.01E-6","0.26842798","0.0","7","5","false","李徵","59.0","7","0","0","0.45492119","false","0","李徵","1722","0.3258427","PERSON"
"1576","3.42697023","1.428E-5","0.29180294","0.0","3","4","false","李徴五","247.33333333","3","0","0","0.51460595","false","0","李徴五","17724","0.40716253","PERSON"
"1577","3.68756567","9.97E-6","0.27118161","0.0","3","4","false","李微五","124.33333333","3","0","0","0.46248687","false","0","李微五","12266","0.52932761","PERSON"
"1578","3.40245184","1.5581E-4","0.2939057","0.0","7","4","false","李廣珍","122.85714286","7","0","0","0.51950963","false","0","李廣珍","130132","0.19159928","PERSON"
"1579","3.48091068","7.21E-6","0.28728114","0.0","3","4","false","李平書","196.33333333","3","0","0","0.50381786","false","0","李平書","4142","0.36994949","PERSON"
"1580","3.44238179","1.843E-5","0.29049654","0.0","3","4","false","李宜孫","230.33333333","3","0","0","0.51152364","false","0","李宜孫","37238","0.39336764","PERSON"
"1581","3.80175131","0.0","0.26303667","0.0","1","4","false","李壽山","73.0","1","0","0","0.43964974","false","0","李壽山","0","0.0","PERSON"
"1582","3.71208406","6.32E-6","0.26939045","0.0","6","4","false","李培基","91.83333333","6","0","0","0.45758319","false","0","李培基","7580","0.46581197","PERSON"
"1583","3.20210158","2.604E-4","0.3122949","0.0","8","4","false","李國瑄","167.75","8","0","0","0.55957968","false","0","李國瑄","452700","0.1810532","PERSON"
"1584","3.80455342","1.4E-7","0.26284294","0.0","2","4","false","李啓昌","46.0","2","0","0","0.43908932","false","0","李啓昌","90","0.67164179","PERSON"
"1585","3.72539405","3.01E-6","0.26842798","0.0","7","5","false","李右","59.0","7","0","0","0.45492119","false","0","李右","1722","0.3258427","PERSON"
"1586","3.76602452","4.899E-5","0.26553199","0.0","11","5","false","李厚垣","30.0","11","0","0","0.4467951","false","0","李厚垣","22398","0.25","PERSON"
"1587","3.74430823","3.19E-6","0.26707203","0.0","4","4","false","李劍秋","63.25","4","0","0","0.45113835","false","0","李劍秋","3288","0.41225166","PERSON"
"1588","3.83817863","0.0","0.26054024","0.0","1","5","false","李六潤","24.0","1","0","0","0.43236427","false","0","李六潤","0","0.0","PERSON"
"1589","3.74500876","0.0","0.26702207","0.0","1","5","false","李傑候","157.0","1","0","0","0.45099825","false","0","李傑候","0","0.0","PERSON"
"1590","3.44448336","2.569E-5","0.2903193","0.0","5","4","false","李偉侯","141.4","5","0","0","0.51110333","false","0","李偉侯","50606","0.24290657","PERSON"
"1591","3.79894921","5.245E-5","0.26323068","0.0","9","5","false","李俊夫","18.88888889","9","0","0","0.44021016","false","0","李俊夫","11234","0.25195618","PERSON"
"1592","3.37302977","4.582E-5","0.29646937","0.0","5","4","false","李佛司","180.2","5","0","0","0.52539405","false","0","李佛司","80676","0.26352941","PERSON"
"1593","3.42136602","5.8945E-4","0.29228092","0.0","9","4","false","李伯衡","104.0","9","0","0","0.5157268","false","0","李伯衡","341624","0.16968699","PERSON"
"1594","3.48021016","1.632E-5","0.28733897","0.0","5","4","false","李世選","123.2","5","0","0","0.50395797","false","0","李世選","4212","0.23187856","PERSON"
"1595","3.64343257","1.276E-5","0.27446645","0.0","3","4","false","朱麗山","133.0","3","0","0","0.47131349","false","0","朱麗山","18476","0.44594595","PERSON"
"1596","3.73870403","2.34E-6","0.26747236","0.0","6","4","false","朱靜記","67.16666667","6","0","0","0.45225919","false","0","朱靜記","1150","0.42144374","PERSON"
"1597","3.82416813","3.0E-8","0.26149478","0.0","2","5","false","朱靜庵","40.0","2","0","0","0.43516637","false","0","朱靜庵","14","0.92857143","PERSON"
"1598","3.81155867","1.5E-7","0.26235986","0.0","2","5","false","朱雨春","46.0","2","0","0","0.43768827","false","0","朱雨春","62","0.75","PERSON"
"1599","3.80525394","1.0E-8","0.26279455","0.0","3","5","false","朱鑑堂","69.0","3","0","0","0.43894921","false","0","朱鑑堂","6","1.0","PERSON"
"1600","3.81295972","7.4E-7","0.26226346","0.0","6","5","false","朱道生","35.83333333","6","0","0","0.43740806","false","0","朱道生","260","0.64506173","PERSON"
"1601","3.84168126","1.0E-8","0.2603027","0.0","2","5","false","朱貢三","18.0","2","0","0","0.43166375","false","0","朱貢三","2","1.0","PERSON"
"1602","3.36392294","9.461E-5","0.29727197","0.0","4","4","false","朱謝","195.25","4","0","0","0.52721541","false","0","朱謝","108782","0.27989914","PERSON"
"1603","3.64343257","1.276E-5","0.27446645","0.0","3","4","false","朱裕生","133.0","3","0","0","0.47131349","false","0","朱裕生","18476","0.44594595","PERSON"
"1604","3.80525394","1.0E-8","0.26279455","0.0","3","5","false","朱蘅齋","69.0","3","0","0","0.43894921","false","0","朱蘅齋","6","1.0","PERSON"
"1605","3.39544658","4.369E-5","0.29451207","0.0","4","4","false","朱葭琯","216.5","4","0","0","0.52091068","false","0","朱葭琯","86760","0.33204931","PERSON"
"1606","2.98774081","0.00230376","0.33470106","0.0","21","4","false","朱葆三","108.33333333","21","0","0","0.60245184","false","0","朱葆三","2082116","0.08841296","PERSON"
"1607","3.39264448","9.382E-5","0.29475532","0.0","8","4","false","朱芭臣","109.375","8","0","0","0.5214711","false","0","朱芭臣","101522","0.16698767","PERSON"
"1608","3.48231173","2.3E-6","0.28716556","0.0","2","4","false","朱芑臣","278.5","2","0","0","0.50353765","false","0","朱芑臣","1036","0.52656546","PERSON"
"1609","3.43957968","2.65E-6","0.2907332","0.0","2","4","false","朱肖琴","313.0","2","0","0","0.51208406","false","0","朱肖琴","1142","0.53061224","PERSON"
"1610","3.83747811","1.2E-7","0.26058781","0.0","5","5","false","朱聯馥","21.0","5","0","0","0.43250438","false","0","朱聯馥","20","1.0","PERSON"
"1611","3.82837128","0.0","0.26120769","0.0","1","5","false","朱聯丞","38.0","1","0","0","0.43432574","false","0","朱聯丞","0","0.0","PERSON"
"1612","3.83747811","1.2E-7","0.26058781","0.0","5","5","false","朱聯","21.0","5","0","0","0.43250438","false","0","朱聯","20","1.0","PERSON"
"1613","3.80595447","1.0E-8","0.26274618","0.0","3","5","false","朱節香","68.0","3","0","0","0.43880911","false","0","朱節香","6","1.0","PERSON"
"1614","3.36392294","9.461E-5","0.29727197","0.0","4","4","false","朱等尙","195.25","4","0","0","0.52721541","false","0","朱等尙","108782","0.27989914","PERSON"
"1615","3.43257443","1.423E-5","0.29132653","0.0","6","4","false","朱穫","131.33333333","6","0","0","0.51348511","false","0","朱穫","11754","0.21941639","PERSON"
"1616","3.78774081","1.73E-6","0.26400962","0.0","4","5","false","朱祥壽","49.5","4","0","0","0.44245184","false","0","朱祥壽","1660","0.52717391","PERSON"
"1617","3.31698774","2.7755E-4","0.30147835","0.0","9","4","false","朱監督","134.88888889","9","0","0","0.53660245","false","0","朱監督","463558","0.1771017","PERSON"
"1618","3.82837128","0.0","0.26120769","0.0","1","5","false","朱獻","38.0","1","0","0","0.43432574","false","0","朱獻","0","0.0","PERSON"
"1619","3.67425569","0.0","0.27216397","0.0","1","5","false","朱燮臣","258.0","1","0","0","0.46514886","false","0","朱燮臣","0","0.0","PERSON"
"1620","3.83257443","3.0E-8","0.26092122","0.0","3","4","false","朱海幹","27.0","3","0","0","0.43348511","false","0","朱海幹","6","1.0","PERSON"
"1621","3.78774081","1.73E-6","0.26400962","0.0","4","5","false","朱榮勳","49.5","4","0","0","0.44245184","false","0","朱榮勳","1660","0.52717391","PERSON"
"1622","3.83257443","2.0E-8","0.26092122","0.0","3","5","false","朱有濟","30.0","3","0","0","0.43348511","false","0","朱有濟","6","1.0","PERSON"
"1623","3.40525394","5.28E-5","0.29366386","0.0","3","4","false","朱懋澄","265.66666667","3","0","0","0.51894921","false","0","朱懋澄","56630","0.41614256","PERSON"
"1624","3.84448336","0.0","0.26011297","0.0","1","5","false","朱恒記五","15.0","1","0","0","0.43110333","false","0","朱恒記五","0","0.0","PERSON"
"1625","3.78774081","1.73E-6","0.26400962","0.0","4","5","false","朱志堯","49.5","4","0","0","0.44245184","false","0","朱志堯","1660","0.52717391","PERSON"
"1626","3.67425569","0.0","0.27216397","0.0","1","5","false","朱德超","258.0","1","0","0","0.46514886","false","0","朱德超","0","0.0","PERSON"
"1627","3.22732049","7.1445E-4","0.30985457","0.0","11","4","false","朱少屏","138.72727273","11","0","0","0.5545359","false","0","朱少屏","909810","0.15615337","PERSON"
"1628","3.36742557","1.1447E-4","0.29696276","0.0","9","4","false","朱少圻","126.22222222","9","0","0","0.52651489","false","0","朱少圻","162824","0.18307342","PERSON"
"1629","3.13134851","4.0716E-4","0.31935123","0.0","12","4","false","朱少","137.66666667","12","0","0","0.5737303","false","0","朱少","612648","0.13425016","PERSON"
"1630","3.84448336","0.0","0.26011297","0.0","1","5","false","朱小春","15.0","1","0","0","0.43110333","false","0","朱小春","0","0.0","PERSON"
"1631","3.48091068","7.21E-6","0.28728114","0.0","3","4","false","朱季琳","196.33333333","3","0","0","0.50381786","false","0","朱季琳","4142","0.36994949","PERSON"
"1632","3.80175131","0.0","0.26303667","0.0","1","4","false","朱子","73.0","1","0","0","0.43964974","false","0","朱子","0","0.0","PERSON"
"1633","3.84588441","7.0E-8","0.26001821","0.0","3","5","false","朱壽丞","11.0","3","0","0","0.43082312","false","0","朱壽丞","6","1.0","PERSON"
"1634","3.70297723","1.08E-6","0.27005297","0.0","2","4","false","朱堯臣","122.5","2","0","0","0.45940455","false","0","朱堯臣","376","0.57311321","PERSON"
"1635","3.01436077","0.00274013","0.33174529","0.0","31","4","false","朱吟江","83.83870968","31","0","0","0.59712785","false","0","朱吟江","3120538","0.07104521","PERSON"
"1636","3.82276708","0.0","0.26159062","0.0","1","5","false","朱吟","46.0","1","0","0","0.43544658","false","0","朱吟","0","0.0","PERSON"
"1637","3.39544658","4.369E-5","0.29451207","0.0","4","4","false","朱保羅","216.5","4","0","0","0.52091068","false","0","朱保羅","86760","0.33204931","PERSON"
"1638","3.81295972","7.4E-7","0.26226346","0.0","6","5","false","朱佩珍","35.83333333","6","0","0","0.43740806","false","0","朱佩珍","260","0.64506173","PERSON"
"1639","3.78563923","1.16E-6","0.26415618","0.0","4","5","false","朱伯良","44.25","4","0","0","0.44287215","false","0","朱伯良","426","0.45526316","PERSON"
"1640","3.67425569","0.0","0.27216397","0.0","1","5","false","朱伯元","258.0","1","0","0","0.46514886","false","0","朱伯元","0","0.0","PERSON"
"1641","3.40385289","8.251E-5","0.29378473","0.0","5","4","false","朱仁芳","166.4","5","0","0","0.51922942","false","0","朱仁芳","98722","0.26006289","PERSON"
"1642","3.42977233","2.871E-5","0.29156454","0.0","5","4","false","朱之洪","139.0","5","0","0","0.51404553","false","0","朱之洪","16472","0.23038397","PERSON"
"1643","3.84028021","4.0E-8","0.26039767","0.0","3","5","false","本康","19.0","3","0","0","0.43194396","false","0","本康","6","1.0","PERSON"
"1644","3.39824869","4.464E-5","0.29426922","0.0","4","4","false","望月","184.75","4","0","0","0.52035026","false","0","望月","50380","0.28488372","PERSON"
"1645","3.83817863","0.0","0.26054024","0.0","1","5","false","朋陳","24.0","1","0","0","0.43236427","false","0","朋陳","0","0.0","PERSON"
"1646","3.79614711","1.24E-6","0.26342499","0.0","4","5","false","曹錕者","32.25","4","0","0","0.44077058","false","0","曹錕者","402","0.390625","PERSON"
"1647","3.70928196","9.346E-5","0.26959396","0.0","18","4","false","曹錕","33.66666667","18","0","0","0.45814361","false","0","曹錕","84556","0.17468806","PERSON"
"1648","3.43957968","2.65E-6","0.2907332","0.0","2","4","false","曹蘭彬","313.0","2","0","0","0.51208406","false","0","曹蘭彬","1142","0.53061224","PERSON"
"1649","3.71208406","6.32E-6","0.26939045","0.0","6","4","false","曹義榮","91.83333333","6","0","0","0.45758319","false","0","曹義榮","7580","0.46581197","PERSON"
"1650","3.80525394","1.0E-8","0.26279455","0.0","3","5","false","曹燕林二","69.0","3","0","0","0.43894921","false","0","曹燕林二","6","1.0","PERSON"
"1651","3.81295972","7.4E-7","0.26226346","0.0","6","5","false","曹松喬","35.83333333","6","0","0","0.43740806","false","0","曹松喬","260","0.64506173","PERSON"
"1652","2.91488616","0.01041434","0.34306657","0.0","92","4","false","曹慕管","43.57608696","92","0","0","0.61702277","false","0","曹慕管","6976544","0.03414281","PERSON"
"1653","3.84448336","0.0","0.26011297","0.0","1","5","false","曹叔榮君五","15.0","1","0","0","0.43110333","false","0","曹叔榮君五","0","0.0","PERSON"
"1654","3.20210158","1.283E-4","0.3122949","0.0","5","4","false","書陸","281.2","5","0","0","0.55957968","false","0","書陸","327516","0.30324675","PERSON"
"1655","3.39264448","9.382E-5","0.29475532","0.0","8","4","false","書葉","109.375","8","0","0","0.5214711","false","0","書葉","101522","0.16698767","PERSON"
"1656","3.83117338","1.0E-8","0.26101664","0.0","2","5","false","書白","33.0","2","0","0","0.43376532","false","0","書白","2","1.0","PERSON"
"1657","3.69737303","5.66E-6","0.2704623","0.0","4","5","false","書徐","83.25","4","0","0","0.46052539","false","0","書徐","10648","0.37217195","PERSON"
"1658","3.48021016","1.632E-5","0.28733897","0.0","5","4","false","書云","123.2","5","0","0","0.50395797","false","0","書云","4212","0.23187856","PERSON"
"1659","3.45078809","2.018E-5","0.28978888","0.0","3","4","false","更生","228.0","3","0","0","0.50984238","false","0","更生","33398","0.39754816","PERSON"
"1660","3.72189142","1.61E-6","0.26868059","0.0","5","4","false","曉霞","96.0","5","0","0","0.45562172","false","0","曉霞","2072","0.52197802","PERSON"
"1661","3.42977233","3.9531E-4","0.29156454","0.0","25","4","false","曉籟","44.92","25","0","0","0.51404553","false","0","曉籟","409308","0.07585492","PERSON"
"1662","3.80595447","1.0E-8","0.26274618","0.0","3","5","false","曉東","68.0","3","0","0","0.43880911","false","0","曉東","6","1.0","PERSON"
"1663","3.43957968","1.99E-6","0.2907332","0.0","2","4","false","曁徐","315.0","2","0","0","0.51208406","false","0","曁徐","1098","0.53401361","PERSON"
"1664","3.80385289","4.11E-6","0.26289134","0.0","10","5","false","暐籟","27.1","10","0","0","0.43922942","false","0","暐籟","1260","0.41428571","PERSON"
"1665","3.75691769","0.0","0.26617565","0.0","1","4","false","晋源","137.0","1","0","0","0.44861646","false","0","晋源","0","0.0","PERSON"
"1666","3.17898424","6.3748E-4","0.31456589","0.0","10","4","false","晋卿","148.3","10","0","0","0.56420315","false","0","晋卿","559930","0.15472689","PERSON"
"1667","3.44308231","9.162E-5","0.29043744","0.0","8","4","false","晉卿","95.25","8","0","0","0.51138354","false","0","晉卿","72866","0.16334489","PERSON"
"1668","3.39964974","9.2071E-4","0.29414795","0.0","19","4","false","時霖","61.57894737","19","0","0","0.52007005","false","0","時霖","519950","0.09646329","PERSON"
"1669","3.74220665","0.0","0.26722201","0.0","1","4","false","時宋","158.0","1","0","0","0.45155867","false","0","時宋","0","0.0","PERSON"
"1670","3.38914186","4.749E-5","0.29505994","0.0","4","4","false","時何","214.75","4","0","0","0.52217163","false","0","時何","88330","0.32484802","PERSON"
"1671","3.43957968","7.32E-6","0.2907332","0.0","2","4","false","昶莊","299.5","2","0","0","0.51208406","false","0","昶莊","1196","0.50765306","PERSON"
"1672","3.81295972","7.4E-7","0.26226346","0.0","6","5","false","昶祥","35.83333333","6","0","0","0.43740806","false","0","昶祥","260","0.64506173","PERSON"
"1673","3.81295972","0.0","0.26226346","0.0","1","5","false","昶潤","60.0","1","0","0","0.43740806","false","0","昶潤","0","0.0","PERSON"
"1674","3.2441331","6.816E-5","0.30824876","0.0","5","4","false","昱禧","251.0","5","0","0","0.55117338","false","0","昱禧","191564","0.28935185","PERSON"
"1675","3.72399299","3.196E-5","0.26852897","0.0","5","5","false","昭平","59.0","5","0","0","0.4552014","false","0","昭平","8196","0.31868132","PERSON"
"1676","3.64343257","1.276E-5","0.27446645","0.0","3","4","false","春謝","133.0","3","0","0","0.47131349","false","0","春謝","18476","0.44594595","PERSON"
"1677","3.81295972","7.4E-7","0.26226346","0.0","6","5","false","明莊","35.83333333","6","0","0","0.43740806","false","0","明莊","260","0.64506173","PERSON"
"1678","3.43957968","2.65E-6","0.2907332","0.0","2","4","false","明曹","313.0","2","0","0","0.51208406","false","0","明曹","1142","0.53061224","PERSON"
"1679","3.65744308","4.6118E-4","0.27341505","0.0","15","5","false","日章","50.53333333","15","0","0","0.46851138","false","0","日章","261694","0.1855181","PERSON"
"1680","3.81295972","0.0","0.26226346","0.0","1","5","false","日皇","60.0","1","0","0","0.43740806","false","0","日皇","0","0.0","PERSON"
"1681","3.70297723","1.08E-6","0.27005297","0.0","2","4","false","日暄","122.5","2","0","0","0.45940455","false","0","日暄","376","0.57311321","PERSON"
"1682","3.64343257","1.276E-5","0.27446645","0.0","3","4","false","施載","133.0","3","0","0","0.47131349","false","0","施載","18476","0.44594595","PERSON"
"1683","3.82486865","7.0E-8","0.26144689","0.0","2","5","false","施譜","32.0","2","0","0","0.43502627","false","0","施譜","42","0.75609756","PERSON"
"1684","3.43957968","2.89E-6","0.2907332","0.0","2","4","false","施維善","310.0","2","0","0","0.51208406","false","0","施維善","1154","0.5255102","PERSON"
"1685","3.80175131","0.0","0.26303667","0.0","1","4","false","施省","73.0","1","0","0","0.43964974","false","0","施省","0","0.0","PERSON"
"1686","3.72749562","3.33E-6","0.26827664","0.0","4","5","false","施恩","56.0","4","0","0","0.45450088","false","0","施恩","996","0.30898876","PERSON"
"1687","3.37302977","4.582E-5","0.29646937","0.0","5","4","false","施德隆","180.2","5","0","0","0.52539405","false","0","施德隆","80676","0.26352941","PERSON"
"1688","3.37302977","4.582E-5","0.29646937","0.0","5","4","false","施德","180.2","5","0","0","0.52539405","false","0","施德","80676","0.26352941","PERSON"
"1689","3.43957968","1.99E-6","0.2907332","0.0","2","4","false","施善畦","315.0","2","0","0","0.51208406","false","0","施善畦","1098","0.53401361","PERSON"
"1690","3.44028021","0.0","0.290674","0.0","1","4","false","施善","589.0","1","0","0","0.51194396","false","0","施善","0","0.0","PERSON"
"1691","3.81366025","0.0","0.26221528","0.0","1","5","false","施兆","59.0","1","0","0","0.43726795","false","0","施兆","0","0.0","PERSON"
"1692","3.43957968","4.21E-6","0.2907332","0.0","2","4","false","施伯安","303.5","2","0","0","0.51208406","false","0","施伯安","1180","0.51445578","PERSON"
"1693","3.80595447","1.0E-8","0.26274618","0.0","3","5","false","施仲","68.0","3","0","0","0.43880911","false","0","施仲","6","1.0","PERSON"
"1694","3.81155867","1.5E-7","0.26235986","0.0","2","5","false","方賡","46.0","2","0","0","0.43768827","false","0","方賡","62","0.75","PERSON"
"1695","3.79964974","0.0","0.26318215","0.0","1","4","false","方聲濤","76.0","1","0","0","0.44007005","false","0","方聲濤","0","0.0","PERSON"
"1696","3.81366025","0.0","0.26221528","0.0","1","5","false","方積","59.0","1","0","0","0.43726795","false","0","方積","0","0.0","PERSON"
"1697","3.67425569","0.0","0.27216397","0.0","1","5","false","方液","258.0","1","0","0","0.46514886","false","0","方液","0","0.0","PERSON"
"1698","2.62206655","0.02121369","0.38137857","0.0","108","4","false","方椒伯","55.76851852","108","0","0","0.67558669","false","0","方椒伯","17099476","0.03321317","PERSON"
"1699","2.82521891","0.00553354","0.35395487","0.0","51","4","false","方椒","76.52941176","51","0","0","0.63495622","false","0","方椒","5077192","0.05333998","PERSON"
"1700","3.74500876","0.0","0.26702207","0.0","1","5","false","方於","157.0","1","0","0","0.45099825","false","0","方於","0","0.0","PERSON"
"1701","3.74500876","0.0","0.26702207","0.0","1","5","false","方度","157.0","1","0","0","0.45099825","false","0","方度","0","0.0","PERSON"
"1702","3.34430823","1.516E-4","0.2990155","0.0","7","4","false","方子","143.57142857","7","0","0","0.53113835","false","0","方子","293320","0.19829128","PERSON"
"1703","3.2966725","0.00126808","0.30333617","0.0","20","4","false","斐雲卿","79.0","20","0","0","0.5406655","false","0","斐雲卿","1230590","0.10077519","PERSON"
"1704","3.79404553","3.68E-6","0.2635709","0.0","15","4","false","斐雲","38.6","15","0","0","0.44119089","false","0","斐雲","3374","0.54492754","PERSON"
"1705","3.38914186","5.5378E-4","0.29505994","0.0","16","4","false","文牘","60.8125","16","0","0","0.52217163","false","0","文牘","328622","0.09258901","PERSON"
"1706","3.81225919","0.0","0.26231165","0.0","1","5","false","文炳","61.0","1","0","0","0.43754816","false","0","文炳","0","0.0","PERSON"
"1707","3.80385289","4.11E-6","0.26289134","0.0","10","5","false","文成","27.1","10","0","0","0.43922942","false","0","文成","1260","0.41428571","PERSON"
"1708","3.7267951","2.35E-6","0.26832707","0.0","5","5","false","文孫","73.2","5","0","0","0.45464098","false","0","文孫","3284","0.40561798","PERSON"
"1709","3.72189142","1.61E-6","0.26868059","0.0","5","4","false","文呂","96.0","5","0","0","0.45562172","false","0","文呂","2072","0.52197802","PERSON"
"1710","3.43257443","1.423E-5","0.29132653","0.0","6","4","false","文同","131.33333333","6","0","0","0.51348511","false","0","文同","11754","0.21941639","PERSON"
"1711","3.83397548","0.0","0.26082587","0.0","1","4","false","文卿","27.0","1","0","0","0.4332049","false","0","文卿","0","0.0","PERSON"
"1712","3.44448336","2.569E-5","0.2903193","0.0","5","4","false","文元","141.4","5","0","0","0.51110333","false","0","文元","50606","0.24290657","PERSON"
"1713","3.4704028","3.888E-5","0.28815099","0.0","9","4","false","斅亮","80.44444444","9","0","0","0.50591944","false","0","斅亮","16646","0.14794124","PERSON"
"1714","2.85113835","0.00122635","0.3507371","0.0","6","4","false","農商部","72.33333333","6","0","0","0.62977233","false","0","農商部","128664","0.17147436","ORG"
"1715","2.85113835","0.00122635","0.3507371","0.0","6","4","false","共維大局","72.33333333","6","0","0","0.62977233","false","0","共維大局","128664","0.17147436","ORG"
"1716","3.85008757","4.0E-8","0.25973435","0.0","2","5","false","敬文","6.0","2","0","0","0.42998249","false","0","敬文","2","1.0","PERSON"
"1717","3.83047285","0.0","0.26106437","0.0","1","5","false","敬愼","35.0","1","0","0","0.43390543","false","0","敬愼","0","0.0","PERSON"
"1718","3.3849387","7.707E-5","0.29542632","0.0","4","4","false","敬恩","187.75","4","0","0","0.52301226","false","0","敬恩","77082","0.28125","PERSON"
"1719","3.48021016","1.632E-5","0.28733897","0.0","5","4","false","敬希","123.2","5","0","0","0.50395797","false","0","敬希","4212","0.23187856","PERSON"
"1720","3.83187391","1.11E-6","0.26096892","0.0","4","4","false","敬啓者","13.0","4","0","0","0.43362522","false","0","敬啓者","146","0.46153846","PERSON"
"1721","3.84448336","0.0","0.26011297","0.0","1","5","false","啟陳","15.0","1","0","0","0.43110333","false","0","啟陳","0","0.0","PERSON"
"1722","3.80035026","5.5E-7","0.26313364","0.0","3","4","false","政潮","45.66666667","3","0","0","0.43992995","false","0","政潮","182","0.62037037","PERSON"
"1723","3.69737303","5.66E-6","0.2704623","0.0","4","5","false","援趙","83.25","4","0","0","0.46052539","false","0","援趙","10648","0.37217195","PERSON"
"1724","3.72189142","1.61E-6","0.26868059","0.0","5","4","false","揚漢","96.0","5","0","0","0.45562172","false","0","揚漢","2072","0.52197802","PERSON"
"1725","3.80035026","5.5E-7","0.26313364","0.0","3","4","false","推馮","45.66666667","3","0","0","0.43992995","false","0","推馮","182","0.62037037","PERSON"
"1726","3.27915937","2.0518E-4","0.30495621","0.0","9","4","false","推陳","132.77777778","9","0","0","0.54416813","false","0","推陳","320870","0.16268861","PERSON"
"1727","3.84028021","4.0E-8","0.26039767","0.0","3","5","false","推袁","19.0","3","0","0","0.43194396","false","0","推袁","6","1.0","PERSON"
"1728","3.84028021","4.0E-8","0.26039767","0.0","3","5","false","推茅","19.0","3","0","0","0.43194396","false","0","推茅","6","1.0","PERSON"
"1729","3.84658494","0.0","0.25997086","0.0","1","5","false","推胡","12.0","1","0","0","0.43068301","false","0","推胡","0","0.0","PERSON"
"1730","3.4704028","3.888E-5","0.28815099","0.0","9","4","false","推田","80.44444444","9","0","0","0.50591944","false","0","推田","16646","0.14794124","PERSON"
"1731","3.4704028","3.888E-5","0.28815099","0.0","9","4","false","推王","80.44444444","9","0","0","0.50591944","false","0","推王","16646","0.14794124","PERSON"
"1732","3.62802102","6.003E-5","0.27563236","0.0","6","4","false","推宋","66.33333333","6","0","0","0.4743958","false","0","推宋","49780","0.20740741","PERSON"
"1733","3.68966725","2.186E-5","0.27102715","0.0","9","5","false","接余","56.22222222","9","0","0","0.46206655","false","0","接余","27964","0.2432697","PERSON"
"1734","3.80525394","0.0","0.26279455","0.0","1","5","false","掌文","71.0","1","0","0","0.43894921","false","0","掌文","0","0.0","PERSON"
"1735","3.79614711","1.24E-6","0.26342499","0.0","4","5","false","振遠","32.25","4","0","0","0.44077058","false","0","振遠","402","0.390625","PERSON"
"1736","3.24553415","6.693E-5","0.30811569","0.0","5","4","false","振葆","245.4","5","0","0","0.55089317","false","0","振葆","186596","0.28352668","PERSON"
"1737","3.83187391","1.11E-6","0.26096892","0.0","4","4","false","振寰","13.0","4","0","0","0.43362522","false","0","振寰","146","0.46153846","PERSON"
"1738","3.44028021","0.0","0.290674","0.0","1","4","false","振保","589.0","1","0","0","0.51194396","false","0","振保","0","0.0","PERSON"
"1739","3.76042032","0.0","0.26592772","0.0","1","5","false","指南","135.0","1","0","0","0.44791594","false","0","指南","0","0.0","PERSON"
"1740","3.74781086","4.12E-6","0.26682243","0.0","5","5","false","拉西特","71.2","5","0","0","0.45043783","false","0","拉西特","6936","0.47432432","PERSON"
"1741","3.39824869","4.464E-5","0.29426922","0.0","4","4","false","拉夫","184.75","4","0","0","0.52035026","false","0","拉夫","50380","0.28488372","PERSON"
"1742","3.80385289","4.11E-6","0.26289134","0.0","10","5","false","抒齊","27.1","10","0","0","0.43922942","false","0","抒齊","1260","0.41428571","PERSON"
"1743","3.82206655","9.8E-7","0.26163856","0.0","2","5","false","承祁","25.0","2","0","0","0.43558669","false","0","承祁","86","0.53333333","PERSON"
"1744","3.68756567","9.97E-6","0.27118161","0.0","3","4","false","承志","124.33333333","3","0","0","0.46248687","false","0","承志","12266","0.52932761","PERSON"
"1745","3.67425569","0.0","0.27216397","0.0","1","5","false","承德","258.0","1","0","0","0.46514886","false","0","承德","0","0.0","PERSON"
"1746","3.81295972","7.4E-7","0.26226346","0.0","6","5","false","承徐","35.83333333","6","0","0","0.43740806","false","0","承徐","260","0.64506173","PERSON"
"1747","3.82206655","9.0E-8","0.26163856","0.0","6","5","false","承基","42.0","6","0","0","0.43558669","false","0","承基","30","1.0","PERSON"
"1748","3.81155867","1.95E-6","0.26235986","0.0","4","5","false","承光","23.75","4","0","0","0.43768827","false","0","承光","294","0.39224138","PERSON"
"1749","3.78774081","1.73E-6","0.26400962","0.0","4","5","false","房顧","49.5","4","0","0","0.44245184","false","0","房顧","1660","0.52717391","PERSON"
"1750","3.81366025","0.0","0.26221528","0.0","1","5","false","戴芳逹","59.0","1","0","0","0.43726795","false","0","戴芳逹","0","0.0","PERSON"
"1751","2.9849387","8.7953E-4","0.33501525","0.0","14","4","false","戴耕莘","168.0","14","0","0","0.60301226","false","0","戴耕莘","1624710","0.13632653","PERSON"
"1752","3.24553415","6.693E-5","0.30811569","0.0","5","4","false","戴耕","245.4","5","0","0","0.55089317","false","0","戴耕","186596","0.28352668","PERSON"
"1753","3.76602452","7.757E-5","0.26553199","0.0","7","4","false","戴生昌","24.0","7","0","0","0.4467951","false","0","戴生昌","13392","0.1965812","PERSON"
"1754","3.83397548","0.0","0.26082587","0.0","1","4","false","戴承恩","27.0","1","0","0","0.4332049","false","0","戴承恩","0","0.0","PERSON"
"1755","3.64343257","1.276E-5","0.27446645","0.0","3","4","false","戚蒓芳","133.0","3","0","0","0.47131349","false","0","戚蒓芳","18476","0.44594595","PERSON"
"1756","3.64343257","1.276E-5","0.27446645","0.0","3","4","false","戚荇","133.0","3","0","0","0.47131349","false","0","戚荇","18476","0.44594595","PERSON"
"1757","3.79404553","3.68E-6","0.2635709","0.0","15","4","false","戚翰臣","38.6","15","0","0","0.44119089","false","0","戚翰臣","3374","0.54492754","PERSON"
"1758","3.67425569","0.0","0.27216397","0.0","1","5","false","成鄭","258.0","1","0","0","0.46514886","false","0","成鄭","0","0.0","PERSON"
"1759","3.72539405","1.246E-5","0.26842798","0.0","5","4","false","成蔣","46.2","5","0","0","0.45492119","false","0","成蔣","6664","0.25536723","PERSON"
"1760","3.68896673","1.801E-5","0.27107862","0.0","8","5","false","成盧","46.75","8","0","0","0.46220665","false","0","成盧","18364","0.19978166","PERSON"
"1761","3.82206655","9.0E-8","0.26163856","0.0","6","5","false","成田","42.0","6","0","0","0.43558669","false","0","成田","30","1.0","PERSON"
"1762","3.73870403","2.34E-6","0.26747236","0.0","6","4","false","成源新","67.16666667","6","0","0","0.45225919","false","0","成源新","1150","0.42144374","PERSON"
"1763","3.80455342","1.4E-7","0.26284294","0.0","2","4","false","成德應","46.0","2","0","0","0.43908932","false","0","成德應","90","0.67164179","PERSON"
"1764","3.80385289","4.11E-6","0.26289134","0.0","10","5","false","成德","27.1","10","0","0","0.43922942","false","0","成德","1260","0.41428571","PERSON"
"1765","3.67635727","9.446E-5","0.27200838","0.0","8","4","false","成報","47.125","8","0","0","0.46472855","false","0","成報","48434","0.18903689","PERSON"
"1766","3.2028021","1.1485E-4","0.3122266","0.0","4","4","false","戈登","344.25","4","0","0","0.55943958","false","0","戈登","311930","0.37148268","PERSON"
"1767","3.84098074","1.0E-8","0.26035017","0.0","2","5","false","懷素","19.0","2","0","0","0.43180385","false","0","懷素","2","1.0","PERSON"
"1768","3.73870403","2.34E-6","0.26747236","0.0","6","4","false","懋記","67.16666667","6","0","0","0.45225919","false","0","懋記","1150","0.42144374","PERSON"
"1769","3.82206655","9.0E-8","0.26163856","0.0","6","5","false","懋昭","42.0","6","0","0","0.43558669","false","0","懋昭","30","1.0","PERSON"
"1770","3.44028021","0.0","0.290674","0.0","1","4","false","應餘","589.0","1","0","0","0.51194396","false","0","應餘","0","0.0","PERSON"
"1771","3.38984238","1.0765E-4","0.29499897","0.0","10","4","false","應季","89.8","10","0","0","0.52203152","false","0","應季","139206","0.13640553","PERSON"
"1772","3.45078809","2.018E-5","0.28978888","0.0","3","4","false","應仲","228.0","3","0","0","0.50984238","false","0","應仲","33398","0.39754816","PERSON"
"1773","3.74500876","0.0","0.26702207","0.0","1","5","false","應仁","157.0","1","0","0","0.45099825","false","0","應仁","0","0.0","PERSON"
"1774","3.81225919","0.0","0.26231165","0.0","1","5","false","憲堂","61.0","1","0","0","0.43754816","false","0","憲堂","0","0.0","PERSON"
"1775","3.80595447","1.0E-8","0.26274618","0.0","3","5","false","憑懋","68.0","3","0","0","0.43880911","false","0","憑懋","6","1.0","PERSON"
"1776","3.44028021","0.0","0.290674","0.0","1","4","false","慶雲","589.0","1","0","0","0.51194396","false","0","慶雲","0","0.0","PERSON"
"1777","3.74500876","0.0","0.26702207","0.0","1","5","false","慶祥","157.0","1","0","0","0.45099825","false","0","慶祥","0","0.0","PERSON"
"1778","3.83397548","3.0E-8","0.26082587","0.0","3","5","false","慶安","28.0","3","0","0","0.4332049","false","0","慶安","6","1.0","PERSON"
"1779","3.47250438","2.486E-5","0.2879766","0.0","6","4","false","慰楊","109.5","6","0","0","0.50549912","false","0","慰楊","11594","0.20204842","PERSON"
"1780","3.20140105","2.8714E-4","0.31236324","0.0","9","4","false","慕管","153.22222222","9","0","0","0.55971979","false","0","慕管","477460","0.16527929","PERSON"
"1781","3.72189142","1.61E-6","0.26868059","0.0","5","4","false","慈生","96.0","5","0","0","0.45562172","false","0","慈生","2072","0.52197802","PERSON"
"1782","3.39264448","9.382E-5","0.29475532","0.0","8","4","false","愼齋","109.375","8","0","0","0.5214711","false","0","愼齋","101522","0.16698767","PERSON"
"1783","3.72539405","3.01E-6","0.26842798","0.0","7","5","false","愼欽","59.0","7","0","0","0.45492119","false","0","愼欽","1722","0.3258427","PERSON"
"1784","3.72539405","3.01E-6","0.26842798","0.0","7","5","false","愼予","59.0","7","0","0","0.45492119","false","0","愼予","1722","0.3258427","PERSON"
"1785","3.37302977","4.582E-5","0.29646937","0.0","5","4","false","愛士","180.2","5","0","0","0.52539405","false","0","愛士","80676","0.26352941","PERSON"
"1786","3.2441331","6.816E-5","0.30824876","0.0","5","4","false","惠然","251.0","5","0","0","0.55117338","false","0","惠然","191564","0.28935185","PERSON"
"1787","3.80455342","1.4E-7","0.26284294","0.0","2","4","false","惟成","46.0","2","0","0","0.43908932","false","0","惟成","90","0.67164179","PERSON"
"1788","3.69737303","5.66E-6","0.2704623","0.0","4","5","false","惕竊","83.25","4","0","0","0.46052539","false","0","惕竊","10648","0.37217195","PERSON"
"1789","3.84168126","1.6E-7","0.2603027","0.0","5","5","false","情諸","15.0","5","0","0","0.43166375","false","0","情諸","20","1.0","PERSON"
"1790","3.81295972","7.4E-7","0.26226346","0.0","6","5","false","恩慶堂洋","35.83333333","6","0","0","0.43740806","false","0","恩慶堂洋","260","0.64506173","PERSON"
"1791","3.84448336","0.0","0.26011297","0.0","1","5","false","恒隆十","15.0","1","0","0","0.43110333","false","0","恒隆十","0","0.0","PERSON"
"1792","3.37302977","4.582E-5","0.29646937","0.0","5","4","false","思多","180.2","5","0","0","0.52539405","false","0","思多","80676","0.26352941","PERSON"
"1793","3.42556918","1.958E-5","0.29192229","0.0","5","4","false","志豪","159.6","5","0","0","0.51488616","false","0","志豪","20154","0.26214876","PERSON"
"1794","2.85043783","1.8616E-4","0.3508233","0.0","7","4","false","中華學藝社","63.85714286","7","0","0","0.62991243","false","0","中華學藝社","75258","0.1510989","ORG"
"1795","2.85043783","1.8616E-4","0.3508233","0.0","7","4","false","中國醫生救護","63.85714286","7","0","0","0.62991243","false","0","中國醫生救護","75258","0.1510989","ORG"
"1796","3.25043783","8.771E-5","0.30765086","0.0","5","4","false","心南","235.6","5","0","0","0.54991243","false","0","心南","172520","0.27438596","PERSON"
"1797","3.64343257","1.276E-5","0.27446645","0.0","3","4","false","德錦","133.0","3","0","0","0.47131349","false","0","德錦","18476","0.44594595","PERSON"
"1798","3.80455342","1.4E-7","0.26284294","0.0","2","4","false","德謭","46.0","2","0","0","0.43908932","false","0","德謭","90","0.67164179","PERSON"
"1799","3.37302977","4.582E-5","0.29646937","0.0","5","4","false","德衛克","180.2","5","0","0","0.52539405","false","0","德衛克","80676","0.26352941","PERSON"
"1800","3.70297723","1.08E-6","0.27005297","0.0","2","4","false","德興號五","122.5","2","0","0","0.45940455","false","0","德興號五","376","0.57311321","PERSON"
"1801","3.73870403","2.34E-6","0.26747236","0.0","6","4","false","德盛祥五元","67.16666667","6","0","0","0.45225919","false","0","德盛祥五元","1150","0.42144374","PERSON"
"1802","3.80455342","1.4E-7","0.26284294","0.0","2","4","false","德嚴成德","46.0","2","0","0","0.43908932","false","0","德嚴成德","90","0.67164179","PERSON"
"1803","3.44238179","1.843E-5","0.29049654","0.0","3","4","false","從虞議","230.33333333","3","0","0","0.51152364","false","0","從虞議","37238","0.39336764","PERSON"
"1804","3.7267951","2.35E-6","0.26832707","0.0","5","5","false","得意樓劉","73.2","5","0","0","0.45464098","false","0","得意樓劉","3284","0.40561798","PERSON"
"1805","3.76532399","1.112E-5","0.2655814","0.0","14","4","false","徐靜仁","34.07142857","14","0","0","0.4469352","false","0","徐靜仁","6532","0.2979408","PERSON"
"1806","3.80175131","0.0","0.26303667","0.0","1","4","false","徐錫麟","73.0","1","0","0","0.43964974","false","0","徐錫麟","0","0.0","PERSON"
"1807","3.81295972","0.0","0.26226346","0.0","1","5","false","徐采丞","60.0","1","0","0","0.43740806","false","0","徐采丞","0","0.0","PERSON"
"1808","3.38914186","4.749E-5","0.29505994","0.0","4","4","false","徐造","214.75","4","0","0","0.52217163","false","0","徐造","88330","0.32484802","PERSON"
"1809","3.81295972","0.0","0.26226346","0.0","1","5","false","徐輔臣","60.0","1","0","0","0.43740806","false","0","徐輔臣","0","0.0","PERSON"
"1810","3.32119089","3.5161E-4","0.30109682","0.0","7","4","false","徐輔洲","143.85714286","7","0","0","0.53576182","false","0","徐輔洲","337476","0.1899696","PERSON"
"1811","3.74500876","0.0","0.26702207","0.0","1","5","false","徐赤","157.0","1","0","0","0.45099825","false","0","徐赤","0","0.0","PERSON"
"1812","3.37443082","4.0199E-4","0.29634627","0.0","16","4","false","徐賡華","70.4375","16","0","0","0.52511384","false","0","徐賡華","417078","0.1041042","PERSON"
"1813","3.82416813","3.0E-8","0.26149478","0.0","2","5","false","徐貫雲","40.0","2","0","0","0.43516637","false","0","徐貫雲","14","0.92857143","PERSON"
"1814","3.80595447","1.0E-8","0.26274618","0.0","3","5","false","徐貫","68.0","3","0","0","0.43880911","false","0","徐貫","6","1.0","PERSON"
"1815","3.84098074","1.0E-8","0.26035017","0.0","2","5","false","徐議","19.0","2","0","0","0.43180385","false","0","徐議","2","1.0","PERSON"
"1816","3.44028021","0.0","0.290674","0.0","1","4","false","徐補齋","589.0","1","0","0","0.51194396","false","0","徐補齋","0","0.0","PERSON"
"1817","3.38844133","5.376E-5","0.29512094","0.0","4","4","false","徐總","214.5","4","0","0","0.52231173","false","0","徐總","99606","0.32397572","PERSON"
"1818","3.81366025","0.0","0.26221528","0.0","1","5","false","徐維訓","59.0","1","0","0","0.43726795","false","0","徐維訓","0","0.0","PERSON"
"1819","3.75691769","0.0","0.26617565","0.0","1","4","false","徐範","137.0","1","0","0","0.44861646","false","0","徐範","0","0.0","PERSON"
"1820","3.82837128","1.2E-7","0.26120769","0.0","2","5","false","徐種洲","27.5","2","0","0","0.43432574","false","0","徐種洲","40","0.73611111","PERSON"
"1821","3.81225919","0.0","0.26231165","0.0","1","5","false","徐程","61.0","1","0","0","0.43754816","false","0","徐程","0","0.0","PERSON"
"1822","3.76532399","1.95E-6","0.2655814","0.0","2","4","false","徐秋生","65.0","2","0","0","0.4469352","false","0","徐秋生","244","0.5203252","PERSON"
"1823","3.81295972","0.0","0.26226346","0.0","1","5","false","徐秉彜","60.0","1","0","0","0.43740806","false","0","徐秉彜","0","0.0","PERSON"
"1824","3.7267951","2.35E-6","0.26832707","0.0","5","5","false","徐福生","73.2","5","0","0","0.45464098","false","0","徐福生","3284","0.40561798","PERSON"
"1825","3.7267951","2.35E-6","0.26832707","0.0","5","5","false","徐福","73.2","5","0","0","0.45464098","false","0","徐福","3284","0.40561798","PERSON"
"1826","3.82206655","9.0E-8","0.26163856","0.0","6","5","false","徐眉軒","42.0","6","0","0","0.43558669","false","0","徐眉軒","30","1.0","PERSON"
"1827","3.72539405","3.01E-6","0.26842798","0.0","7","5","false","徐申如","59.0","7","0","0","0.45492119","false","0","徐申如","1722","0.3258427","PERSON"
"1828","3.81295972","7.4E-7","0.26226346","0.0","6","5","false","徐瑤","35.83333333","6","0","0","0.43740806","false","0","徐瑤","260","0.64506173","PERSON"
"1829","3.80595447","1.0E-8","0.26274618","0.0","3","5","false","徐瑞林","68.0","3","0","0","0.43880911","false","0","徐瑞林","6","1.0","PERSON"
"1830","3.70297723","1.08E-6","0.27005297","0.0","2","4","false","徐炳榮","122.5","2","0","0","0.45940455","false","0","徐炳榮","376","0.57311321","PERSON"
"1831","3.48021016","1.632E-5","0.28733897","0.0","5","4","false","徐瀛","123.2","5","0","0","0.50395797","false","0","徐瀛","4212","0.23187856","PERSON"
"1832","3.43957968","4.21E-6","0.2907332","0.0","2","4","false","徐滄水","303.5","2","0","0","0.51208406","false","0","徐滄水","1180","0.51445578","PERSON"
"1833","3.80035026","5.5E-7","0.26313364","0.0","3","4","false","徐海","45.66666667","3","0","0","0.43992995","false","0","徐海","182","0.62037037","PERSON"
"1834","3.16847636","3.6671E-4","0.31560911","0.0","12","4","false","徐永昌","127.0","12","0","0","0.56630473","false","0","徐永昌","530868","0.13056995","PERSON"
"1835","3.78774081","1.73E-6","0.26400962","0.0","4","5","false","徐欽","49.5","4","0","0","0.44245184","false","0","徐欽","1660","0.52717391","PERSON"
"1836","3.80595447","1.0E-8","0.26274618","0.0","3","5","false","徐樂","68.0","3","0","0","0.43880911","false","0","徐樂","6","1.0","PERSON"
"1837","3.80385289","4.11E-6","0.26289134","0.0","10","5","false","徐棠","27.1","10","0","0","0.43922942","false","0","徐棠","1260","0.41428571","PERSON"
"1838","3.75691769","1.7429E-4","0.26617565","0.0","4","5","false","徐曉霞","68.75","4","0","0","0.44861646","false","0","徐曉霞","27618","0.49816176","PERSON"
"1839","3.81225919","0.0","0.26231165","0.0","1","5","false","徐景雲","61.0","1","0","0","0.43754816","false","0","徐景雲","0","0.0","PERSON"
"1840","3.02767075","0.00245541","0.3302869","0.0","18","4","false","徐春榮","119.77777778","18","0","0","0.59446585","false","0","徐春榮","1529734","0.10239464","PERSON"
"1841","3.38914186","4.749E-5","0.29505994","0.0","4","4","false","徐懷","214.75","4","0","0","0.52217163","false","0","徐懷","88330","0.32484802","PERSON"
"1842","3.77793345","7.92E-5","0.26469497","0.0","7","5","false","徐懋","39.14285714","7","0","0","0.44441331","false","0","徐懋","19920","0.370319","PERSON"
"1843","3.08301226","7.1161E-4","0.3243581","0.0","17","4","false","徐慶雲","126.58823529","17","0","0","0.58339755","false","0","徐慶雲","1170998","0.11607046","PERSON"
"1844","3.83117338","0.0","0.26101664","0.0","1","5","false","徐慶云","34.0","1","0","0","0.43376532","false","0","徐慶云","0","0.0","PERSON"
"1845","3.35761821","5.439E-5","0.29783017","0.0","3","4","false","徐慶","280.0","3","0","0","0.52847636","false","0","徐慶","121450","0.39630682","PERSON"
"1846","3.7267951","2.35E-6","0.26832707","0.0","5","5","false","徐怡鴻十","73.2","5","0","0","0.45464098","false","0","徐怡鴻十","3284","0.40561798","PERSON"
"1847","3.43957968","2.89E-6","0.2907332","0.0","2","4","false","徐思詠","310.0","2","0","0","0.51208406","false","0","徐思詠","1154","0.5255102","PERSON"
"1848","3.74500876","0.0","0.26702207","0.0","1","5","false","徐建候","157.0","1","0","0","0.45099825","false","0","徐建候","0","0.0","PERSON"
"1849","3.68476357","3.742E-5","0.27138783","0.0","10","5","false","徐建侯","52.3","10","0","0","0.46304729","false","0","徐建侯","47368","0.22017167","PERSON"
"1850","3.73870403","2.34E-6","0.26747236","0.0","6","4","false","徐幼臣","67.16666667","6","0","0","0.45225919","false","0","徐幼臣","1150","0.42144374","PERSON"
"1851","3.43957968","2.89E-6","0.2907332","0.0","2","4","false","徐尙武","310.0","2","0","0","0.51208406","false","0","徐尙武","1154","0.5255102","PERSON"
"1852","3.84098074","1.0E-8","0.26035017","0.0","2","5","false","徐少","19.0","2","0","0","0.43180385","false","0","徐少","2","1.0","PERSON"
"1853","3.64063047","1.3074E-4","0.2746777","0.0","4","4","false","徐寄傾","111.5","4","0","0","0.47187391","false","0","徐寄傾","55460","0.36956522","PERSON"
"1854","3.44028021","0.0","0.290674","0.0","1","4","false","徐宗彥","589.0","1","0","0","0.51194396","false","0","徐宗彥","0","0.0","PERSON"
"1855","3.7267951","2.35E-6","0.26832707","0.0","5","5","false","徐壽昌","73.2","5","0","0","0.45464098","false","0","徐壽昌","3284","0.40561798","PERSON"
"1856","2.98073555","0.00142588","0.33548766","0.0","26","4","false","徐可陞","109.19230769","26","0","0","0.60385289","false","0","徐可陞","2234580","0.08875497","PERSON"
"1857","3.42977233","2.871E-5","0.29156454","0.0","5","4","false","徐可亭","139.0","5","0","0","0.51404553","false","0","徐可亭","16472","0.23038397","PERSON"
"1858","3.83117338","1.0E-8","0.26101664","0.0","2","5","false","徐博泉","33.0","2","0","0","0.43376532","false","0","徐博泉","2","1.0","PERSON"
"1859","3.82416813","3.0E-8","0.26149478","0.0","2","5","false","徐凌雲","40.0","2","0","0","0.43516637","false","0","徐凌雲","14","0.92857143","PERSON"
"1860","3.22101576","0.00209098","0.31046107","0.0","18","4","false","徐冠南","92.55555556","18","0","0","0.55579685","false","0","徐冠南","1411406","0.10356963","PERSON"
"1861","3.67425569","0.0","0.27216397","0.0","1","5","false","徐冠","258.0","1","0","0","0.46514886","false","0","徐冠","0","0.0","PERSON"
"1862","3.20210158","2.604E-4","0.3122949","0.0","8","4","false","徐公博","167.75","8","0","0","0.55957968","false","0","徐公博","452700","0.1810532","PERSON"
"1863","3.71208406","6.32E-6","0.26939045","0.0","6","4","false","徐伯熊","91.83333333","6","0","0","0.45758319","false","0","徐伯熊","7580","0.46581197","PERSON"
"1864","3.42136602","5.8945E-4","0.29228092","0.0","9","4","false","徐仰仁","104.0","9","0","0","0.5157268","false","0","徐仰仁","341624","0.16968699","PERSON"
"1865","3.74500876","0.0","0.26702207","0.0","1","5","false","徐仁候","157.0","1","0","0","0.45099825","false","0","徐仁候","0","0.0","PERSON"
"1866","2.72714536","0.01257345","0.36668379","0.0","85","4","false","徐乾麟","56.32941176","85","0","0","0.65457093","false","0","徐乾麟","9488670","0.0363531","PERSON"
"1867","3.74781086","1.9033E-4","0.26682243","0.0","9","5","false","徐乾","39.0","9","0","0","0.45043783","false","0","徐乾","56836","0.26388889","PERSON"
"1868","3.43467601","2.5619E-4","0.29114828","0.0","4","4","false","後謝","175.75","4","0","0","0.5130648","false","0","後謝","52728","0.29468803","PERSON"
"1869","3.72749562","3.33E-6","0.26827664","0.0","4","5","false","彭暉","56.0","4","0","0","0.45450088","false","0","彭暉","996","0.30898876","PERSON"
"1870","3.84308231","1.9E-7","0.2602078","0.0","5","5","false","彭希文","13.0","5","0","0","0.43138354","false","0","彭希文","20","1.0","PERSON"
"1871","3.74500876","0.0","0.26702207","0.0","1","5","false","彭壽候","157.0","1","0","0","0.45099825","false","0","彭壽候","0","0.0","PERSON"
"1872","3.84028021","4.0E-8","0.26039767","0.0","3","5","false","彭允彝","19.0","3","0","0","0.43194396","false","0","彭允彝","6","1.0","PERSON"
"1873","3.42977233","2.871E-5","0.29156454","0.0","5","4","false","彭介石","139.0","5","0","0","0.51404553","false","0","彭介石","16472","0.23038397","PERSON"
"1874","3.79754816","3.49E-6","0.2633278","0.0","7","4","false","彩煥","26.71428571","7","0","0","0.44049037","false","0","彩煥","690","0.35714286","PERSON"
"1875","3.7267951","2.35E-6","0.26832707","0.0","5","5","false","彌月","73.2","5","0","0","0.45464098","false","0","彌月","3284","0.40561798","PERSON"
"1876","3.69316988","1.877E-5","0.27077011","0.0","10","5","false","强齋","56.7","10","0","0","0.46136602","false","0","强齋","28546","0.2520362","PERSON"
"1877","3.64343257","1.276E-5","0.27446645","0.0","3","4","false","强夫","133.0","3","0","0","0.47131349","false","0","强夫","18476","0.44594595","PERSON"
"1878","3.84028021","4.0E-8","0.26039767","0.0","3","5","false","張鳳九","19.0","3","0","0","0.43194396","false","0","張鳳九","6","1.0","PERSON"
"1879","3.82206655","9.0E-8","0.26163856","0.0","6","5","false","張餘","42.0","6","0","0","0.43558669","false","0","張餘","30","1.0","PERSON"
"1880","3.79614711","1.24E-6","0.26342499","0.0","4","5","false","張靜廬","32.25","4","0","0","0.44077058","false","0","張靜廬","402","0.390625","PERSON"
"1881","3.19299475","4.2245E-4","0.31318561","0.0","12","4","false","張靜","122.58333333","12","0","0","0.56140105","false","0","張靜","594834","0.13073477","PERSON"
"1882","3.70297723","1.08E-6","0.27005297","0.0","2","4","false","張雲堂","122.5","2","0","0","0.45940455","false","0","張雲堂","376","0.57311321","PERSON"
"1883","3.59369527","0.00116867","0.27826511","0.0","3","4","false","張錫","134.0","3","0","0","0.48126095","false","0","張錫","77114","0.36239782","PERSON"
"1884","3.43957968","2.65E-6","0.2907332","0.0","2","4","false","張金山","313.0","2","0","0","0.51208406","false","0","張金山","1142","0.53061224","PERSON"
"1885","3.48091068","7.21E-6","0.28728114","0.0","3","4","false","張逸","196.33333333","3","0","0","0.50381786","false","0","張逸","4142","0.36994949","PERSON"
"1886","3.44028021","0.0","0.290674","0.0","1","4","false","張迭生","589.0","1","0","0","0.51194396","false","0","張迭生","0","0.0","PERSON"
"1887","3.74430823","3.19E-6","0.26707203","0.0","4","4","false","張近芬","63.25","4","0","0","0.45113835","false","0","張近芬","3288","0.41225166","PERSON"
"1888","3.6882662","8.222E-4","0.2711301","0.0","8","4","false","張載","43.0","8","0","0","0.46234676","false","0","張載","63034","0.18502203","PERSON"
"1889","3.44448336","9.192E-5","0.2903193","0.0","4","4","false","張軼","158.5","4","0","0","0.51110333","false","0","張軼","53320","0.27202073","PERSON"
"1890","3.35761821","1.5694E-4","0.29783017","0.0","5","4","false","張賢","186.0","5","0","0","0.52847636","false","0","張賢","241892","0.26353276","PERSON"
"1891","3.21821366","5.9776E-4","0.31073139","0.0","12","4","false","張詠","101.66666667","12","0","0","0.55635727","false","0","張詠","413780","0.11260254","PERSON"
"1892","3.81295972","0.0","0.26226346","0.0","1","5","false","張裕","60.0","1","0","0","0.43740806","false","0","張裕","0","0.0","PERSON"
"1893","3.80175131","0.0","0.26303667","0.0","1","4","false","張蘭","73.0","1","0","0","0.43964974","false","0","張蘭","0","0.0","PERSON"
"1894","3.48091068","7.21E-6","0.28728114","0.0","3","4","false","張葆","196.33333333","3","0","0","0.50381786","false","0","張葆","4142","0.36994949","PERSON"
"1895","3.84798599","3.0E-8","0.25987621","0.0","2","5","false","張萍","9.0","2","0","0","0.4304028","false","0","張萍","2","1.0","PERSON"
"1896","3.80595447","1.0E-8","0.26274618","0.0","3","5","false","張茂森","68.0","3","0","0","0.43880911","false","0","張茂森","6","1.0","PERSON"
"1897","3.74500876","0.0","0.26702207","0.0","1","5","false","張翅","157.0","1","0","0","0.45099825","false","0","張翅","0","0.0","PERSON"
"1898","3.14395797","4.2084E-4","0.31807041","0.0","8","4","false","張繼","203.5","8","0","0","0.57120841","false","0","張繼","716484","0.20169323","PERSON"
"1899","3.74500876","0.0","0.26702207","0.0","1","5","false","張維","157.0","1","0","0","0.45099825","false","0","張維","0","0.0","PERSON"
"1900","3.83817863","0.0","0.26054024","0.0","1","5","false","張紹","24.0","1","0","0","0.43236427","false","0","張紹","0","0.0","PERSON"
"1901","3.39544658","4.369E-5","0.29451207","0.0","4","4","false","張秉鑫","216.5","4","0","0","0.52091068","false","0","張秉鑫","86760","0.33204931","PERSON"
"1902","3.71348511","1.5629E-4","0.26928881","0.0","15","5","false","張萬慶","33.4","15","0","0","0.45730298","false","0","張萬慶","66738","0.17326203","PERSON"
"1903","3.39824869","4.464E-5","0.29426922","0.0","4","4","false","張祺","184.75","4","0","0","0.52035026","false","0","張祺","50380","0.28488372","PERSON"
"1904","3.84028021","4.0E-8","0.26039767","0.0","3","5","false","張知","19.0","3","0","0","0.43194396","false","0","張知","6","1.0","PERSON"
"1905","3.4704028","3.888E-5","0.28815099","0.0","9","4","false","張督","80.44444444","9","0","0","0.50591944","false","0","張督","16646","0.14794124","PERSON"
"1906","3.79754816","3.49E-6","0.2633278","0.0","7","4","false","張省","26.71428571","7","0","0","0.44049037","false","0","張省","690","0.35714286","PERSON"
"1907","3.47250438","2.486E-5","0.2879766","0.0","6","4","false","張目","109.5","6","0","0","0.50549912","false","0","張目","11594","0.20204842","PERSON"
"1908","3.74430823","3.19E-6","0.26707203","0.0","4","4","false","張琴","63.25","4","0","0","0.45113835","false","0","張琴","3288","0.41225166","PERSON"
"1909","3.80175131","0.0","0.26303667","0.0","1","4","false","張炳","73.0","1","0","0","0.43964974","false","0","張炳","0","0.0","PERSON"
"1910","3.84588441","7.0E-8","0.26001821","0.0","3","5","false","張澤","11.0","3","0","0","0.43082312","false","0","張澤","6","1.0","PERSON"
"1911","3.84168126","1.0E-8","0.2603027","0.0","2","5","false","張溥泉","18.0","2","0","0","0.43166375","false","0","張溥泉","2","1.0","PERSON"
"1912","3.16287215","5.1597E-4","0.31616833","0.0","10","4","false","張樂","177.7","10","0","0","0.56742557","false","0","張樂","998944","0.18123077","PERSON"
"1913","3.36742557","1.1447E-4","0.29696276","0.0","9","4","false","張楷","126.22222222","9","0","0","0.52651489","false","0","張楷","162824","0.18307342","PERSON"
"1914","3.43887916","1.83E-5","0.29079242","0.0","3","4","false","張桂","203.0","3","0","0","0.51222417","false","0","張桂","2394","0.34353741","PERSON"
"1915","3.42977233","2.871E-5","0.29156454","0.0","5","4","false","張景","139.0","5","0","0","0.51404553","false","0","張景","16472","0.23038397","PERSON"
"1916","3.35131349","1.1813E-4","0.29839047","0.0","8","4","false","張晋峯","129.625","8","0","0","0.5297373","false","0","張晋峯","197646","0.18167373","PERSON"
"1917","3.48091068","7.21E-6","0.28728114","0.0","3","4","false","張文","196.33333333","3","0","0","0.50381786","false","0","張文","4142","0.36994949","PERSON"
"1918","3.16217163","5.0765E-4","0.31623837","0.0","9","4","false","張效","166.44444444","9","0","0","0.56756567","false","0","張效","567938","0.16933925","PERSON"
"1919","3.12294221","0.0012032","0.32021086","0.0","21","4","false","張振遠","95.61904762","21","0","0","0.57541156","false","0","張振遠","1401770","0.09267292","PERSON"
"1920","3.7267951","2.35E-6","0.26832707","0.0","5","5","false","張志","73.2","5","0","0","0.45464098","false","0","張志","3284","0.40561798","PERSON"
"1921","3.84098074","4.0E-8","0.26035017","0.0","3","5","false","張德升","18.0","3","0","0","0.43180385","false","0","張德升","6","1.0","PERSON"
"1922","3.83327496","3.3E-7","0.26087354","0.0","2","4","false","張復","17.5","2","0","0","0.43334501","false","0","張復","46","0.63461538","PERSON"
"1923","3.72469352","3.7015E-4","0.26847847","0.0","4","5","false","張廷","60.25","4","0","0","0.4550613","false","0","張廷","25158","0.32554945","PERSON"
"1924","3.84238179","6.2E-7","0.26025524","0.0","8","5","false","張延","11.0","8","0","0","0.43152364","false","0","張延","56","1.0","PERSON"
"1925","3.45078809","2.018E-5","0.28978888","0.0","3","4","false","張廉","228.0","3","0","0","0.50984238","false","0","張廉","33398","0.39754816","PERSON"
"1926","3.17267951","1.7636E-4","0.31519099","0.0","4","4","false","張將","355.75","4","0","0","0.5654641","false","0","張將","410018","0.36685626","PERSON"
"1927","3.76392294","4.5617E-4","0.26568025","0.0","4","5","false","張家","66.25","4","0","0","0.44721541","false","0","張家","24084","0.51785714","PERSON"
"1928","3.09141856","5.4971E-4","0.32347609","0.0","13","4","false","張宗昌","151.23076923","13","0","0","0.58171629","false","0","張宗昌","920770","0.13987967","PERSON"
"1929","3.74500876","0.0","0.26702207","0.0","1","5","false","張宗","157.0","1","0","0","0.45099825","false","0","張宗","0","0.0","PERSON"
"1930","3.68756567","9.97E-6","0.27118161","0.0","3","4","false","張季","124.33333333","3","0","0","0.46248687","false","0","張季","12266","0.52932761","PERSON"
"1931","3.80525394","1.0E-8","0.26279455","0.0","3","5","false","張孔","69.0","3","0","0","0.43894921","false","0","張孔","6","1.0","PERSON"
"1932","3.84658494","0.0","0.25997086","0.0","1","5","false","張子","12.0","1","0","0","0.43068301","false","0","張子","0","0.0","PERSON"
"1933","3.83257443","2.0E-8","0.26092122","0.0","3","5","false","張壽","30.0","3","0","0","0.43348511","false","0","張壽","6","1.0","PERSON"
"1934","3.81225919","0.0","0.26231165","0.0","1","5","false","張培榮","61.0","1","0","0","0.43754816","false","0","張培榮","0","0.0","PERSON"
"1935","3.80385289","4.11E-6","0.26289134","0.0","10","5","false","張嘉年","27.1","10","0","0","0.43922942","false","0","張嘉年","1260","0.41428571","PERSON"
"1936","3.82837128","1.2E-7","0.26120769","0.0","2","5","false","張嗣","27.5","2","0","0","0.43432574","false","0","張嗣","40","0.73611111","PERSON"
"1937","3.81225919","0.0","0.26231165","0.0","1","5","false","張俊","61.0","1","0","0","0.43754816","false","0","張俊","0","0.0","PERSON"
"1938","3.65744308","2.0429E-4","0.27341505","0.0","15","4","false","張仲仁","47.6","15","0","0","0.46851138","false","0","張仲仁","161614","0.17651515","PERSON"
"1939","3.80525394","1.0E-8","0.26279455","0.0","3","5","false","張仁山","69.0","3","0","0","0.43894921","false","0","張仁山","6","1.0","PERSON"
"1940","3.84098074","4.0E-8","0.26035017","0.0","3","5","false","張丹廷","18.0","3","0","0","0.43180385","false","0","張丹廷","6","1.0","PERSON"
"1941","3.08651489","0.0017679","0.32399001","0.0","20","4","false","張一鵬","113.4","20","0","0","0.58269702","false","0","張一鵬","1912518","0.10465549","PERSON"
"1942","3.85008757","1.5E-7","0.25973435","0.0","3","5","false","弟味","5.0","3","0","0","0.42998249","false","0","弟味","6","1.0","PERSON"
"1943","3.74500876","0.0","0.26702207","0.0","1","5","false","建藩","157.0","1","0","0","0.45099825","false","0","建藩","0","0.0","PERSON"
"1944","3.37302977","4.582E-5","0.29646937","0.0","5","4","false","建屏","180.2","5","0","0","0.52539405","false","0","建屏","80676","0.26352941","PERSON"
"1945","3.33099825","1.6959E-4","0.3002103","0.0","7","4","false","建侯","146.28571429","7","0","0","0.53380035","false","0","建侯","319962","0.19686411","PERSON"
"1946","3.43957968","2.65E-6","0.2907332","0.0","2","4","false","廷譚","313.0","2","0","0","0.51208406","false","0","廷譚","1142","0.53061224","PERSON"
"1947","3.70297723","1.08E-6","0.27005297","0.0","2","4","false","延陵","122.5","2","0","0","0.45940455","false","0","延陵","376","0.57311321","PERSON"
"1948","3.84238179","6.2E-7","0.26025524","0.0","8","5","false","延鍾","11.0","8","0","0","0.43152364","false","0","延鍾","56","1.0","PERSON"
"1949","3.82206655","0.0","0.26163856","0.0","1","5","false","延蔣","47.0","1","0","0","0.43558669","false","0","延蔣","0","0.0","PERSON"
"1950","3.81295972","1.448E-5","0.26226346","0.0","5","4","false","龐甸","29.4","5","0","0","0.43740806","false","0","龐甸","8048","0.54615385","PERSON"
"1951","3.73870403","2.34E-6","0.26747236","0.0","6","4","false","廣泰永五元","67.16666667","6","0","0","0.45225919","false","0","廣泰永五元","1150","0.42144374","PERSON"
"1952","3.7267951","2.35E-6","0.26832707","0.0","5","5","false","廠知","73.2","5","0","0","0.45464098","false","0","廠知","3284","0.40561798","PERSON"
"1953","3.81295972","0.0","0.26226346","0.0","1","5","false","廠無","60.0","1","0","0","0.43740806","false","0","廠無","0","0.0","PERSON"
"1954","3.74430823","3.19E-6","0.26707203","0.0","4","4","false","廖促愷","63.25","4","0","0","0.45113835","false","0","廖促愷","3288","0.41225166","PERSON"
"1955","3.80525394","1.0E-8","0.26279455","0.0","3","5","false","康鍾","69.0","3","0","0","0.43894921","false","0","康鍾","6","1.0","PERSON"
"1956","3.17267951","1.7636E-4","0.31519099","0.0","4","4","false","康通","355.75","4","0","0","0.5654641","false","0","康通","410018","0.36685626","PERSON"
"1957","3.74500876","0.0","0.26702207","0.0","1","5","false","康年","157.0","1","0","0","0.45099825","false","0","康年","0","0.0","PERSON"
"1958","3.72189142","1.61E-6","0.26868059","0.0","5","4","false","康少","96.0","5","0","0","0.45562172","false","0","康少","2072","0.52197802","PERSON"
"1959","3.74500876","0.0","0.26702207","0.0","1","5","false","康嘉善","157.0","1","0","0","0.45099825","false","0","康嘉善","0","0.0","PERSON"
"1960","3.45008757","2.273E-5","0.28984772","0.0","4","4","false","庵韓","176.5","4","0","0","0.50998249","false","0","庵韓","34662","0.30735552","PERSON"
"1961","3.36462347","7.851E-5","0.29721008","0.0","5","4","false","庵袁","183.6","5","0","0","0.52707531","false","0","庵袁","158692","0.26387283","PERSON"
"1962","3.44028021","0.0","0.290674","0.0","1","4","false","庵盛","589.0","1","0","0","0.51194396","false","0","庵盛","0","0.0","PERSON"
"1963","3.84168126","1.6E-7","0.2603027","0.0","5","5","false","庭土","15.0","5","0","0","0.43166375","false","0","庭土","20","1.0","PERSON"
"1964","3.67425569","0.0","0.27216397","0.0","1","5","false","庠元","258.0","1","0","0","0.46514886","false","0","庠元","0","0.0","PERSON"
"1965","3.82206655","9.0E-8","0.26163856","0.0","6","5","false","幼樵","42.0","6","0","0","0.43558669","false","0","幼樵","30","1.0","PERSON"
"1966","3.2441331","6.816E-5","0.30824876","0.0","5","4","false","幹雄","251.0","5","0","0","0.55117338","false","0","幹雄","191564","0.28935185","PERSON"
"1967","3.82206655","9.0E-8","0.26163856","0.0","6","5","false","年石","42.0","6","0","0","0.43558669","false","0","年石","30","1.0","PERSON"
"1968","3.72399299","3.196E-5","0.26852897","0.0","5","5","false","平律","59.0","5","0","0","0.4552014","false","0","平律","8196","0.31868132","PERSON"
"1969","3.74500876","0.0","0.26702207","0.0","1","5","false","常山","157.0","1","0","0","0.45099825","false","0","常山","0","0.0","PERSON"
"1970","3.82486865","7.0E-8","0.26144689","0.0","2","5","false","席雨","32.0","2","0","0","0.43502627","false","0","席雨","42","0.75609756","PERSON"
"1971","3.71208406","6.32E-6","0.26939045","0.0","6","4","false","席啟","91.83333333","6","0","0","0.45758319","false","0","席啟","7580","0.46581197","PERSON"
"1972","3.48091068","7.21E-6","0.28728114","0.0","3","4","false","席子","196.33333333","3","0","0","0.50381786","false","0","席子","4142","0.36994949","PERSON"
"1973","3.17267951","1.7636E-4","0.31519099","0.0","4","4","false","席嘉","355.75","4","0","0","0.5654641","false","0","席嘉","410018","0.36685626","PERSON"
"1974","3.8206655","6.0E-8","0.26173451","0.0","4","4","false","師賀","39.0","4","0","0","0.4358669","false","0","師賀","76","0.9047619","PERSON"
"1975","3.72539405","3.01E-6","0.26842798","0.0","7","5","false","師莊","59.0","7","0","0","0.45492119","false","0","師莊","1722","0.3258427","PERSON"
"1976","3.44238179","1.843E-5","0.29049654","0.0","3","4","false","帆金","230.33333333","3","0","0","0.51152364","false","0","帆金","37238","0.39336764","PERSON"
"1977","3.83257443","2.0E-8","0.26092122","0.0","3","5","false","差錢","30.0","3","0","0","0.43348511","false","0","差錢","6","1.0","PERSON"
"1978","3.24553415","6.693E-5","0.30811569","0.0","5","4","false","工顧","245.4","5","0","0","0.55089317","false","0","工顧","186596","0.28352668","PERSON"
"1979","3.80595447","1.0E-8","0.26274618","0.0","3","5","false","巖趙","68.0","3","0","0","0.43880911","false","0","巖趙","6","1.0","PERSON"
"1980","3.43257443","1.423E-5","0.29132653","0.0","6","4","false","嵩紀","131.33333333","6","0","0","0.51348511","false","0","嵩紀","11754","0.21941639","PERSON"
"1981","3.83817863","0.0","0.26054024","0.0","1","5","false","崖陸","24.0","1","0","0","0.43236427","false","0","崖陸","0","0.0","PERSON"
"1982","3.81225919","0.0","0.26231165","0.0","1","5","false","崔雲松","61.0","1","0","0","0.43754816","false","0","崔雲松","0","0.0","PERSON"
"1983","3.40525394","5.28E-5","0.29366386","0.0","3","4","false","崇淦","265.66666667","3","0","0","0.51894921","false","0","崇淦","56630","0.41614256","PERSON"
"1984","3.81225919","0.0","0.26231165","0.0","1","5","false","崇午","61.0","1","0","0","0.43754816","false","0","崇午","0","0.0","PERSON"
"1985","3.84168126","1.0E-8","0.2603027","0.0","2","5","false","峰于","18.0","2","0","0","0.43166375","false","0","峰于","2","1.0","PERSON"
"1986","3.69737303","5.66E-6","0.2704623","0.0","4","5","false","峯章","83.25","4","0","0","0.46052539","false","0","峯章","10648","0.37217195","PERSON"
"1987","3.67425569","0.0","0.27216397","0.0","1","5","false","峯席","258.0","1","0","0","0.46514886","false","0","峯席","0","0.0","PERSON"
"1988","3.81225919","0.0","0.26231165","0.0","1","5","false","峯叩","61.0","1","0","0","0.43754816","false","0","峯叩","0","0.0","PERSON"
"1989","3.78774081","1.73E-6","0.26400962","0.0","4","5","false","岷源","49.5","4","0","0","0.44245184","false","0","岷源","1660","0.52717391","PERSON"
"1990","3.74500876","0.0","0.26702207","0.0","1","5","false","岳候","157.0","1","0","0","0.45099825","false","0","岳候","0","0.0","PERSON"
"1991","3.82416813","3.0E-8","0.26149478","0.0","2","5","false","岩汪","40.0","2","0","0","0.43516637","false","0","岩汪","14","0.92857143","PERSON"
"1992","3.43957968","2.65E-6","0.2907332","0.0","2","4","false","山陳","313.0","2","0","0","0.51208406","false","0","山陳","1142","0.53061224","PERSON"
"1993","3.45008757","2.273E-5","0.28984772","0.0","4","4","false","山譚","176.5","4","0","0","0.50998249","false","0","山譚","34662","0.30735552","PERSON"
"1994","3.72049037","3.882E-5","0.26878177","0.0","4","4","false","山袁","65.25","4","0","0","0.45590193","false","0","山袁","20948","0.3472973","PERSON"
"1995","3.22802102","1.4177E-4","0.30978733","0.0","6","4","false","山董","223.33333333","6","0","0","0.5543958","false","0","山董","305554","0.25094056","PERSON"
"1996","3.67425569","0.0","0.27216397","0.0","1","5","false","山聞","258.0","1","0","0","0.46514886","false","0","山聞","0","0.0","PERSON"
"1997","3.09281961","4.1546E-4","0.32332956","0.0","7","4","false","山爲","254.85714286","7","0","0","0.58143608","false","0","山爲","821970","0.235489","PERSON"
"1998","3.78774081","1.73E-6","0.26400962","0.0","4","5","false","山洋五","49.5","4","0","0","0.44245184","false","0","山洋五","1660","0.52717391","PERSON"
"1999","3.69737303","5.66E-6","0.2704623","0.0","4","5","false","山方","83.25","4","0","0","0.46052539","false","0","山方","10648","0.37217195","PERSON"
"2000","3.78774081","1.73E-6","0.26400962","0.0","4","5","false","履安君洋","49.5","4","0","0","0.44245184","false","0","履安君洋","1660","0.52717391","PERSON"
"2001","3.68756567","9.97E-6","0.27118161","0.0","3","4","false","履安","124.33333333","3","0","0","0.46248687","false","0","履安","12266","0.52932761","PERSON"
"2002","3.83747811","3.0E-8","0.26058781","0.0","3","5","false","屏陸","23.0","3","0","0","0.43250438","false","0","屏陸","6","1.0","PERSON"
"2003","3.67425569","0.0","0.27216397","0.0","1","5","false","屏譚","258.0","1","0","0","0.46514886","false","0","屏譚","0","0.0","PERSON"
"2004","3.37302977","4.582E-5","0.29646937","0.0","5","4","false","屏許","180.2","5","0","0","0.52539405","false","0","屏許","80676","0.26352941","PERSON"
"2005","3.2028021","1.1485E-4","0.3122266","0.0","4","4","false","屏袁","344.25","4","0","0","0.55943958","false","0","屏袁","311930","0.37148268","PERSON"
"2006","3.45008757","2.273E-5","0.28984772","0.0","4","4","false","屏秦","176.5","4","0","0","0.50998249","false","0","屏秦","34662","0.30735552","PERSON"
"2007","2.84833625","4.2511E-4","0.35108214","0.0","10","4","false","救濟婦孺總會","48.3","10","0","0","0.63033275","false","0","救濟婦孺總會","156934","0.11370192","ORG"
"2008","2.84833625","4.2511E-4","0.35108214","0.0","10","4","false","南京路商界聯合會","48.3","10","0","0","0.63033275","false","0","南京路商界聯合會","156934","0.11370192","ORG"
"2009","3.08721541","6.6493E-4","0.3239165","0.0","15","4","false","屈臣","133.73333333","15","0","0","0.58255692","false","0","屈臣","1003350","0.12312925","PERSON"
"2010","3.81295972","7.4E-7","0.26226346","0.0","6","5","false","尤葛","35.83333333","6","0","0","0.43740806","false","0","尤葛","260","0.64506173","PERSON"
"2011","3.43187391","4.759E-5","0.291386","0.0","5","4","false","尤森庭","139.0","5","0","0","0.51362522","false","0","尤森庭","32168","0.23154362","PERSON"
"2012","3.83747811","3.0E-8","0.26058781","0.0","3","5","false","尤森","23.0","3","0","0","0.43250438","false","0","尤森","6","1.0","PERSON"
"2013","3.74500876","0.0","0.26702207","0.0","1","5","false","尤希度","157.0","1","0","0","0.45099825","false","0","尤希度","0","0.0","PERSON"
"2014","3.80595447","1.0E-8","0.26274618","0.0","3","5","false","少菊","68.0","3","0","0","0.43880911","false","0","少菊","6","1.0","PERSON"
"2015","3.80595447","1.0E-8","0.26274618","0.0","3","5","false","少卿","68.0","3","0","0","0.43880911","false","0","少卿","6","1.0","PERSON"
"2016","3.83397548","3.0E-8","0.26082587","0.0","3","5","false","小樵","28.0","3","0","0","0.4332049","false","0","小樵","6","1.0","PERSON"
"2017","3.2357268","1.7938E-4","0.30904958","0.0","10","4","false","小川","137.3","10","0","0","0.55285464","false","0","小川","304980","0.1564868","PERSON"
"2018","3.82206655","9.0E-8","0.26163856","0.0","6","5","false","小宋","42.0","6","0","0","0.43558669","false","0","小宋","30","1.0","PERSON"
"2019","3.39824869","4.464E-5","0.29426922","0.0","4","4","false","小太郎","184.75","4","0","0","0.52035026","false","0","小太郎","50380","0.28488372","PERSON"
"2020","3.36392294","9.461E-5","0.29727197","0.0","4","4","false","將韓省","195.25","4","0","0","0.52721541","false","0","將韓省","108782","0.27989914","PERSON"
"2021","3.35761821","5.439E-5","0.29783017","0.0","3","4","false","封道","280.0","3","0","0","0.52847636","false","0","封道","121450","0.39630682","PERSON"
"2022","3.81155867","1.5E-7","0.26235986","0.0","2","5","false","寳張","46.0","2","0","0","0.43768827","false","0","寳張","62","0.75","PERSON"
"2023","3.24063047","6.804E-5","0.30858193","0.0","3","4","false","寳士","418.0","3","0","0","0.55187391","false","0","寳士","224228","0.47876005","PERSON"
"2024","3.44238179","1.843E-5","0.29049654","0.0","3","4","false","審勵","230.33333333","3","0","0","0.51152364","false","0","審勵","37238","0.39336764","PERSON"
"2025","3.74500876","0.0","0.26702207","0.0","1","5","false","寗許","157.0","1","0","0","0.45099825","false","0","寗許","0","0.0","PERSON"
"2026","3.74500876","0.0","0.26702207","0.0","1","5","false","寗柳","157.0","1","0","0","0.45099825","false","0","寗柳","0","0.0","PERSON"
"2027","3.84728546","8.0E-8","0.25992353","0.0","3","5","false","寓章","9.0","3","0","0","0.43054291","false","0","寓章","6","1.0","PERSON"
"2028","3.74781086","4.12E-6","0.26682243","0.0","5","5","false","富姆","71.2","5","0","0","0.45043783","false","0","富姆","6936","0.47432432","PERSON"
"2029","3.2441331","6.816E-5","0.30824876","0.0","5","4","false","富久","251.0","5","0","0","0.55117338","false","0","富久","191564","0.28935185","PERSON"
"2030","3.84238179","0.0","0.26025524","0.0","1","5","false","寅初","18.0","1","0","0","0.43152364","false","0","寅初","0","0.0","PERSON"
"2031","3.20210158","2.604E-4","0.3122949","0.0","8","4","false","宣傅","167.75","8","0","0","0.55957968","false","0","宣傅","452700","0.1810532","PERSON"
"2032","3.7267951","2.35E-6","0.26832707","0.0","5","5","false","定蓀","73.2","5","0","0","0.45464098","false","0","定蓀","3284","0.40561798","PERSON"
"2033","3.82486865","7.0E-8","0.26144689","0.0","2","5","false","定潘","32.0","2","0","0","0.43502627","false","0","定潘","42","0.75609756","PERSON"
"2034","3.83397548","3.0E-8","0.26082587","0.0","3","5","false","定字邦","28.0","3","0","0","0.4332049","false","0","定字邦","6","1.0","PERSON"
"2035","3.41926445","4.23E-5","0.29246056","0.0","3","4","false","定侯","227.0","3","0","0","0.51614711","false","0","定侯","32168","0.36688312","PERSON"
"2036","3.74500876","0.0","0.26702207","0.0","1","5","false","宗筠","157.0","1","0","0","0.45099825","false","0","宗筠","0","0.0","PERSON"
"2037","3.44028021","0.0","0.290674","0.0","1","4","false","宗生","589.0","1","0","0","0.51194396","false","0","宗生","0","0.0","PERSON"
"2038","3.4704028","3.888E-5","0.28815099","0.0","9","4","false","宗昌","80.44444444","9","0","0","0.50591944","false","0","宗昌","16646","0.14794124","PERSON"
"2039","3.2028021","1.1485E-4","0.3122266","0.0","4","4","false","宗敬","344.25","4","0","0","0.55943958","false","0","宗敬","311930","0.37148268","PERSON"
"2040","3.81295972","0.0","0.26226346","0.0","1","5","false","宏源","60.0","1","0","0","0.43740806","false","0","宏源","0","0.0","PERSON"
"2041","3.64343257","1.276E-5","0.27446645","0.0","3","4","false","宋雲生","133.0","3","0","0","0.47131349","false","0","宋雲生","18476","0.44594595","PERSON"
"2042","3.81295972","0.0","0.26226346","0.0","1","5","false","宋瑞昌","60.0","1","0","0","0.43740806","false","0","宋瑞昌","0","0.0","PERSON"
"2043","3.40945709","6.895E-5","0.29330183","0.0","7","4","false","宋玉珍","113.57142857","7","0","0","0.51810858","false","0","宋玉珍","48770","0.17982656","PERSON"
"2044","3.41926445","4.23E-5","0.29246056","0.0","3","4","false","宋獻庭","227.0","3","0","0","0.51614711","false","0","宋獻庭","32168","0.36688312","PERSON"
"2045","2.83992995","5.5129E-4","0.35212136","0.0","22","4","false","江海關署","40.72727273","22","0","0","0.63201401","false","0","江海關署","573990","0.09549825","ORG"
"2046","2.83992995","5.5129E-4","0.35212136","0.0","22","4","false","工巡捐局","40.72727273","22","0","0","0.63201401","false","0","工巡捐局","573990","0.09549825","ORG"
"2047","2.83992995","5.5129E-4","0.35212136","0.0","22","4","false","大來集團","40.72727273","22","0","0","0.63201401","false","0","大來集團","573990","0.09549825","ORG"
"2048","2.83992995","5.5129E-4","0.35212136","0.0","22","4","false","南巿保衛","40.72727273","22","0","0","0.63201401","false","0","南巿保衛","573990","0.09549825","ORG"
"2049","2.83992995","5.5129E-4","0.35212136","0.0","22","4","false","上海縣署","40.72727273","22","0","0","0.63201401","false","0","上海縣署","573990","0.09549825","ORG"
"2050","2.83992995","5.5129E-4","0.35212136","0.0","22","4","false","上海救火聯合","40.72727273","22","0","0","0.63201401","false","0","上海救火聯合","573990","0.09549825","ORG"
"2051","2.73274956","0.01044674","0.36593181","0.0","58","4","false","宋漢章","70.10344828","58","0","0","0.65345009","false","0","宋漢章","7425510","0.04484325","PERSON"
"2052","2.84343257","5.0815E-4","0.35168761","0.0","17","4","false","滬海道","49.23529412","17","0","0","0.63131349","false","0","滬海道","386972","0.11595023","ORG"
"2053","2.84343257","5.0815E-4","0.35168761","0.0","17","4","false","江蘇實業廳","49.23529412","17","0","0","0.63131349","false","0","江蘇實業廳","386972","0.11595023","ORG"
"2054","3.36392294","9.461E-5","0.29727197","0.0","4","4","false","宋漢","195.25","4","0","0","0.52721541","false","0","宋漢","108782","0.27989914","PERSON"
"2055","3.43957968","7.32E-6","0.2907332","0.0","2","4","false","宋方","299.5","2","0","0","0.51208406","false","0","宋方","1196","0.50765306","PERSON"
"2056","3.74430823","3.19E-6","0.26707203","0.0","4","4","false","宋慶齡","63.25","4","0","0","0.45113835","false","0","宋慶齡","3288","0.41225166","PERSON"
"2057","3.64343257","1.276E-5","0.27446645","0.0","3","4","false","宋季生","133.0","3","0","0","0.47131349","false","0","宋季生","18476","0.44594595","PERSON"
"2058","3.64343257","1.276E-5","0.27446645","0.0","3","4","false","宋子","133.0","3","0","0","0.47131349","false","0","宋子","18476","0.44594595","PERSON"
"2059","3.74500876","0.0","0.26702207","0.0","1","5","false","宋壽昌","157.0","1","0","0","0.45099825","false","0","宋壽昌","0","0.0","PERSON"
"2060","3.64343257","1.276E-5","0.27446645","0.0","3","4","false","宋伯寅","133.0","3","0","0","0.47131349","false","0","宋伯寅","18476","0.44594595","PERSON"
"2061","3.74500876","0.0","0.26702207","0.0","1","5","false","安項","157.0","1","0","0","0.45099825","false","0","安項","0","0.0","PERSON"
"2062","3.81225919","0.0","0.26231165","0.0","1","5","false","安迪生","61.0","1","0","0","0.43754816","false","0","安迪生","0","0.0","PERSON"
"2063","3.74430823","3.19E-6","0.26707203","0.0","4","4","false","安諾德","63.25","4","0","0","0.45113835","false","0","安諾德","3288","0.41225166","PERSON"
"2064","3.74500876","0.0","0.26702207","0.0","1","5","false","安童","157.0","1","0","0","0.45099825","false","0","安童","0","0.0","PERSON"
"2065","3.79544658","2.46E-6","0.26347361","0.0","13","4","false","安祥","39.15384615","13","0","0","0.44091068","false","0","安祥","1800","0.55295429","PERSON"
"2066","2.84833625","2.1718E-4","0.35108214","0.0","10","4","false","粤僑商業聯合會潮州會館嘉應同鄕會","53.2","10","0","0","0.63033275","false","0","粤僑商業聯合會潮州會館嘉應同鄕會","148904","0.12548077","ORG"
"2067","2.84833625","2.1718E-4","0.35108214","0.0","10","4","false","昌興公司","53.2","10","0","0","0.63033275","false","0","昌興公司","148904","0.12548077","ORG"
"2068","2.84833625","2.1718E-4","0.35108214","0.0","10","4","false","往紗業公所","53.2","10","0","0","0.63033275","false","0","往紗業公所","148904","0.12548077","ORG"
"2069","2.84833625","2.1718E-4","0.35108214","0.0","10","4","false","寧波同鄕會紹興同鄕會","53.2","10","0","0","0.63033275","false","0","寧波同鄕會紹興同鄕會","148904","0.12548077","ORG"
"2070","2.84833625","2.1718E-4","0.35108214","0.0","10","4","false","中國協濟日災義賑會","53.2","10","0","0","0.63033275","false","0","中國協濟日災義賑會","148904","0.12548077","ORG"
"2071","3.13695271","4.2902E-4","0.31878071","0.0","11","4","false","安特生","156.72727273","11","0","0","0.57260946","false","0","安特生","638796","0.15403291","PERSON"
"2072","3.69807356","7.905E-5","0.27041106","0.0","7","4","false","安格聯","67.71428571","7","0","0","0.46038529","false","0","安格聯","43674","0.311749","PERSON"
"2073","3.44448336","2.569E-5","0.2903193","0.0","5","4","false","安惠","141.4","5","0","0","0.51110333","false","0","安惠","50606","0.24290657","PERSON"
"2074","3.80595447","1.0E-8","0.26274618","0.0","3","5","false","安徐","68.0","3","0","0","0.43880911","false","0","安徐","6","1.0","PERSON"
"2075","3.74500876","0.0","0.26702207","0.0","1","5","false","安吉","157.0","1","0","0","0.45099825","false","0","安吉","0","0.0","PERSON"
"2076","3.84308231","1.1E-7","0.2602078","0.0","4","5","false","安原","14.0","4","0","0","0.43138354","false","0","安原","12","1.0","PERSON"
"2077","3.74500876","0.0","0.26702207","0.0","1","5","false","學琦","157.0","1","0","0","0.45099825","false","0","學琦","0","0.0","PERSON"
"2078","3.81366025","0.0","0.26221528","0.0","1","5","false","孫鵬","59.0","1","0","0","0.43726795","false","0","孫鵬","0","0.0","PERSON"
"2079","3.75691769","0.0","0.26617565","0.0","1","4","false","孫馨","137.0","1","0","0","0.44861646","false","0","孫馨","0","0.0","PERSON"
"2080","3.84308231","1.9E-7","0.2602078","0.0","5","5","false","孫陳","13.0","5","0","0","0.43138354","false","0","孫陳","20","1.0","PERSON"
"2081","3.07880911","4.8829E-4","0.32480091","0.0","11","4","false","孫鏡","177.27272727","11","0","0","0.58423818","false","0","孫鏡","976142","0.16112681","PERSON"
"2082","3.80385289","4.11E-6","0.26289134","0.0","10","5","false","孫遵","27.1","10","0","0","0.43922942","false","0","孫遵","1260","0.41428571","PERSON"
"2083","2.8469352","7.8988E-4","0.35125492","0.0","12","4","false","省敎育會長","53.83333333","12","0","0","0.63061296","false","0","省敎育會長","380378","0.12700321","ORG"
"2084","2.8469352","7.8988E-4","0.35125492","0.0","12","4","false","甯波旅滬同鄉","53.83333333","12","0","0","0.63061296","false","0","甯波旅滬同鄉","380378","0.12700321","ORG"
"2085","2.8469352","7.8988E-4","0.35125492","0.0","12","4","false","浙江旅宜同鄉會","53.83333333","12","0","0","0.63061296","false","0","浙江旅宜同鄉會","380378","0.12700321","ORG"
"2086","3.00175131","0.00181911","0.33313886","0.0","23","4","false","孫道","105.65217391","23","0","0","0.59964974","false","0","孫道","1752116","0.08779545","PERSON"
"2087","3.40525394","5.28E-5","0.29366386","0.0","3","4","false","孫遂","265.66666667","3","0","0","0.51894921","false","0","孫遂","56630","0.41614256","PERSON"
"2088","3.67425569","0.0","0.27216397","0.0","1","5","false","孫衡","258.0","1","0","0","0.46514886","false","0","孫衡","0","0.0","PERSON"
"2089","3.36462347","7.851E-5","0.29721008","0.0","5","4","false","孫藹人","183.6","5","0","0","0.52707531","false","0","孫藹人","158692","0.26387283","PERSON"
"2090","3.43957968","1.99E-6","0.2907332","0.0","2","4","false","孫繼堂","315.0","2","0","0","0.51208406","false","0","孫繼堂","1098","0.53401361","PERSON"
"2091","3.11943958","6.2254E-4","0.3205704","0.0","14","4","false","孫緯才","118.42857143","14","0","0","0.57611208","false","0","孫緯才","887272","0.11367722","PERSON"
"2092","3.67425569","0.0","0.27216397","0.0","1","5","false","孫籌成","258.0","1","0","0","0.46514886","false","0","孫籌成","0","0.0","PERSON"
"2093","3.282662","3.0441E-4","0.30463082","0.0","8","4","false","孫籌","144.75","8","0","0","0.5434676","false","0","孫籌","309338","0.17834988","PERSON"
"2094","3.72399299","3.196E-5","0.26852897","0.0","5","5","false","孫祥","59.0","5","0","0","0.4552014","false","0","孫祥","8196","0.31868132","PERSON"
"2095","3.7267951","2.35E-6","0.26832707","0.0","5","5","false","孫知妙四","73.2","5","0","0","0.45464098","false","0","孫知妙四","3284","0.40561798","PERSON"
"2096","3.67425569","0.0","0.27216397","0.0","1","5","false","孫樂","258.0","1","0","0","0.46514886","false","0","孫樂","0","0.0","PERSON"
"2097","2.84623468","2.3975E-4","0.35134137","0.0","13","4","false","龍華分廠","67.76923077","13","0","0","0.63075306","false","0","龍華分廠","247784","0.16050296","ORG"
"2098","2.84623468","2.3975E-4","0.35134137","0.0","13","4","false","高昌廟兵工廠","67.76923077","13","0","0","0.63075306","false","0","高昌廟兵工廠","247784","0.16050296","ORG"
"2099","2.95201401","0.00344236","0.33875178","0.0","41","4","false","孫梅堂","74.58536585","41","0","0","0.6095972","false","0","孫梅堂","3704850","0.05910471","PERSON"
"2100","3.43047285","1.763E-5","0.291505","0.0","5","4","false","孫梅","140.6","5","0","0","0.51390543","false","0","孫梅","10544","0.23344482","PERSON"
"2101","3.80455342","1.4E-7","0.26284294","0.0","2","4","false","孫曹","46.0","2","0","0","0.43908932","false","0","孫曹","90","0.67164179","PERSON"
"2102","3.07880911","0.00135047","0.32480091","0.0","21","4","false","孫景","106.04761905","21","0","0","0.58423818","false","0","孫景","1913682","0.0969074","PERSON"
"2103","3.83257443","3.0E-8","0.26092122","0.0","3","4","false","孫慕韓","27.0","3","0","0","0.43348511","false","0","孫慕韓","6","1.0","PERSON"
"2104","3.83257443","3.0E-8","0.26092122","0.0","3","4","false","孫慕","27.0","3","0","0","0.43348511","false","0","孫慕","6","1.0","PERSON"
"2105","3.44448336","2.569E-5","0.2903193","0.0","5","4","false","孫惠方","141.4","5","0","0","0.51110333","false","0","孫惠方","50606","0.24290657","PERSON"
"2106","3.68896673","1.801E-5","0.27107862","0.0","8","5","false","孫復","46.75","8","0","0","0.46220665","false","0","孫復","18364","0.19978166","PERSON"
"2107","3.82837128","0.0","0.26120769","0.0","1","5","false","孫廷","38.0","1","0","0","0.43432574","false","0","孫廷","0","0.0","PERSON"
"2108","3.81716287","2.34E-6","0.26197467","0.0","13","5","false","孫少","25.38461538","13","0","0","0.43656743","false","0","孫少","588","0.59474672","PERSON"
"2109","3.39124343","1.8946E-4","0.29487709","0.0","12","4","false","孫寳","83.75","12","0","0","0.52175131","false","0","孫寳","188858","0.12789799","PERSON"
"2110","3.40385289","8.251E-5","0.29378473","0.0","5","4","false","孫啓","166.4","5","0","0","0.51922942","false","0","孫啓","98722","0.26006289","PERSON"
"2111","2.84623468","2.0461E-4","0.35134137","0.0","13","4","false","電促總商","46.46153846","13","0","0","0.63075306","false","0","電促總商","158410","0.10928254","ORG"
"2112","2.84623468","2.0461E-4","0.35134137","0.0","13","4","false","蘇浙閩皖聯軍總","46.46153846","13","0","0","0.63075306","false","0","蘇浙閩皖聯軍總","158410","0.10928254","ORG"
"2113","2.84623468","2.0461E-4","0.35134137","0.0","13","4","false","浙江軍務善後事宜","46.46153846","13","0","0","0.63075306","false","0","浙江軍務善後事宜","158410","0.10928254","ORG"
"2114","2.84623468","2.0461E-4","0.35134137","0.0","13","4","false","彈壓軍司令部","46.46153846","13","0","0","0.63075306","false","0","彈壓軍司令部","158410","0.10928254","ORG"
"2115","2.84623468","2.0461E-4","0.35134137","0.0","13","4","false","寰球中國學生會","46.46153846","13","0","0","0.63075306","false","0","寰球中國學生會","158410","0.10928254","ORG"
"2116","3.05709282","0.00101181","0.32710816","0.0","24","4","false","孫傳","91.125","24","0","0","0.58858144","false","0","孫傳","1303380","0.08104766","PERSON"
"2117","3.44868651","2.785E-5","0.28996547","0.0","4","4","false","孫仲立","174.0","4","0","0","0.5102627","false","0","孫仲立","38572","0.30191972","PERSON"
"2118","3.74500876","0.0","0.26702207","0.0","1","5","false","孫乃泰","157.0","1","0","0","0.45099825","false","0","孫乃泰","0","0.0","PERSON"
"2119","3.74500876","0.0","0.26702207","0.0","1","5","false","孫乃","157.0","1","0","0","0.45099825","false","0","孫乃","0","0.0","PERSON"
"2120","3.84168126","1.0E-8","0.2603027","0.0","2","5","false","孫中山","18.0","2","0","0","0.43166375","false","0","孫中山","2","1.0","PERSON"
"2121","3.80595447","1.0E-8","0.26274618","0.0","3","5","false","季璜","68.0","3","0","0","0.43880911","false","0","季璜","6","1.0","PERSON"
"2122","3.44448336","2.569E-5","0.2903193","0.0","5","4","false","季嶼","141.4","5","0","0","0.51110333","false","0","季嶼","50606","0.24290657","PERSON"
"2123","3.82206655","9.0E-8","0.26163856","0.0","6","5","false","孟紹","42.0","6","0","0","0.43558669","false","0","孟紹","30","1.0","PERSON"
"2124","3.64343257","1.276E-5","0.27446645","0.0","3","4","false","孟庚","133.0","3","0","0","0.47131349","false","0","孟庚","18476","0.44594595","PERSON"
"2125","3.69737303","5.66E-6","0.2704623","0.0","4","5","false","存徐","83.25","4","0","0","0.46052539","false","0","存徐","10648","0.37217195","PERSON"
"2126","3.83397548","3.0E-8","0.26082587","0.0","3","5","false","字廷","28.0","3","0","0","0.4332049","false","0","字廷","6","1.0","PERSON"
"2127","3.81295972","0.0","0.26226346","0.0","1","5","false","孔金","60.0","1","0","0","0.43740806","false","0","孔金","0","0.0","PERSON"
"2128","3.42977233","2.871E-5","0.29156454","0.0","5","4","false","孔紹","139.0","5","0","0","0.51404553","false","0","孔紹","16472","0.23038397","PERSON"
"2129","2.84903678","0.00113656","0.35099582","0.0","9","4","false","中華電影股份有限公司","68.33333333","9","0","0","0.63019264","false","0","中華電影股份有限公司","250736","0.16185897","ORG"
"2130","3.39404553","1.6463E-4","0.29463364","0.0","8","4","false","孔子","102.375","8","0","0","0.52119089","false","0","孔子","109254","0.1566847","PERSON"
"2131","3.43957968","2.65E-6","0.2907332","0.0","2","4","false","子章","313.0","2","0","0","0.51208406","false","0","子章","1142","0.53061224","PERSON"
"2132","3.80595447","1.0E-8","0.26274618","0.0","3","5","false","威金","68.0","3","0","0","0.43880911","false","0","威金","6","1.0","PERSON"
"2133","3.40105079","1.9889E-4","0.29402678","0.0","7","4","false","威林","123.0","7","0","0","0.51978984","false","0","威林","203322","0.19122257","PERSON"
"2134","3.34781086","1.3187E-4","0.29870266","0.0","9","4","false","威廉","113.55555556","9","0","0","0.53043783","false","0","威廉","193064","0.15808365","PERSON"
"2135","3.74500876","0.0","0.26702207","0.0","1","5","false","姜紹","157.0","1","0","0","0.45099825","false","0","姜紹","0","0.0","PERSON"
"2136","3.158669","0.0014914","0.31658904","0.0","17","4","false","姜懷素","103.52941176","17","0","0","0.5682662","false","0","姜懷素","749922","0.10526634","PERSON"
"2137","3.64343257","1.276E-5","0.27446645","0.0","3","4","false","姚青甫","133.0","3","0","0","0.47131349","false","0","姚青甫","18476","0.44594595","PERSON"
"2138","3.74500876","0.0","0.26702207","0.0","1","5","false","姚謝金","157.0","1","0","0","0.45099825","false","0","姚謝金","0","0.0","PERSON"
"2139","3.70297723","1.08E-6","0.27005297","0.0","2","4","false","姚紫若","122.5","2","0","0","0.45940455","false","0","姚紫若","376","0.57311321","PERSON"
"2140","3.37302977","4.582E-5","0.29646937","0.0","5","4","false","姚紫石","180.2","5","0","0","0.52539405","false","0","姚紫石","80676","0.26352941","PERSON"
"2141","3.07600701","9.9073E-4","0.32509679","0.0","18","4","false","姚紫","119.61111111","18","0","0","0.5847986","false","0","姚紫","1499926","0.10871779","PERSON"
"2142","3.56917688","2.0909E-4","0.28017664","0.0","9","4","false","姚文","102.66666667","9","0","0","0.48616462","false","0","姚文","285254","0.25673401","PERSON"
"2143","3.38353765","5.1418E-4","0.29554865","0.0","7","4","false","姚子讓","121.85714286","7","0","0","0.52329247","false","0","姚子讓","246092","0.1822883","PERSON"
"2144","3.83117338","1.0E-8","0.26101664","0.0","2","5","false","姚子","33.0","2","0","0","0.43376532","false","0","姚子","2","1.0","PERSON"
"2145","2.84483363","4.8899E-4","0.35151441","0.0","15","4","false","山東京大學","62.66666667","15","0","0","0.63103327","false","0","山東京大學","435674","0.14823718","ORG"
"2146","2.84483363","4.8899E-4","0.35151441","0.0","15","4","false","上海東方鋼琴有限公司","62.66666667","15","0","0","0.63103327","false","0","上海東方鋼琴有限公司","435674","0.14823718","ORG"
"2147","2.84483363","4.8899E-4","0.35151441","0.0","15","4","false","上海小兒專科療養院","62.66666667","15","0","0","0.63103327","false","0","上海小兒專科療養院","435674","0.14823718","ORG"
"2148","2.84483363","0.00110166","0.35151441","0.0","15","4","false","術研究會精武體育會","47.0","15","0","0","0.63103327","false","0","術研究會精武體育會","542524","0.11057692","ORG"
"2149","2.84483363","0.00110166","0.35151441","0.0","15","4","false","滬北九區商業聯","47.0","15","0","0","0.63103327","false","0","滬北九區商業聯","542524","0.11057692","ORG"
"2150","2.84483363","0.00110166","0.35151441","0.0","15","4","false","浙省敎育會","47.0","15","0","0","0.63103327","false","0","浙省敎育會","542524","0.11057692","ORG"
"2151","2.84483363","0.00110166","0.35151441","0.0","15","4","false","朱山旅滬同鄉","47.0","15","0","0","0.63103327","false","0","朱山旅滬同鄉","542524","0.11057692","ORG"
"2152","2.84483363","0.00110166","0.35151441","0.0","15","4","false","上海縣商會","47.0","15","0","0","0.63103327","false","0","上海縣商會","542524","0.11057692","ORG"
"2153","2.87215412","0.00547707","0.34817073","0.0","60","4","false","姚佐頓","57.43333333","60","0","0","0.62556918","false","0","姚佐頓","5099758","0.04211443","PERSON"
"2154","3.83747811","1.2E-7","0.26058781","0.0","5","5","false","姚仲泉","21.0","5","0","0","0.43250438","false","0","姚仲泉","20","1.0","PERSON"
"2155","3.74781086","4.12E-6","0.26682243","0.0","5","5","false","姆敬","71.2","5","0","0","0.45043783","false","0","姆敬","6936","0.47432432","PERSON"
"2156","3.84588441","7.0E-8","0.26001821","0.0","3","5","false","奚雨臣","11.0","3","0","0","0.43082312","false","0","奚雨臣","6","1.0","PERSON"
"2157","3.71208406","6.32E-6","0.26939045","0.0","6","4","false","奚萼","91.83333333","6","0","0","0.45758319","false","0","奚萼","7580","0.46581197","PERSON"
"2158","3.80945709","8.8E-7","0.2625046","0.0","3","5","false","奚少","30.33333333","3","0","0","0.43810858","false","0","奚少","202","0.47311828","PERSON"
"2159","3.74500876","0.0","0.26702207","0.0","1","5","false","奎定","157.0","1","0","0","0.45099825","false","0","奎定","0","0.0","PERSON"
"2160","3.79544658","2.46E-6","0.26347361","0.0","13","4","false","奎侯經","39.15384615","13","0","0","0.44091068","false","0","奎侯經","1800","0.55295429","PERSON"
"2161","3.54185639","5.8051E-4","0.28233782","0.0","13","4","false","奎侯","65.0","13","0","0","0.49162872","false","0","奎侯","390664","0.14849188","PERSON"
"2162","3.43957968","1.99E-6","0.2907332","0.0","2","4","false","奉齊","315.0","2","0","0","0.51208406","false","0","奉齊","1098","0.53401361","PERSON"
"2163","3.17267951","1.7636E-4","0.31519099","0.0","4","4","false","奉張","355.75","4","0","0","0.5654641","false","0","奉張","410018","0.36685626","PERSON"
"2164","3.84098074","1.0E-8","0.26035017","0.0","2","5","false","夫順","19.0","2","0","0","0.43180385","false","0","夫順","2","1.0","PERSON"
"2165","3.82206655","0.0","0.26163856","0.0","1","5","false","夫樓","47.0","1","0","0","0.43558669","false","0","夫樓","0","0.0","PERSON"
"2166","3.80175131","0.0","0.26303667","0.0","1","4","false","天良","73.0","1","0","0","0.43964974","false","0","天良","0","0.0","PERSON"
"2167","3.83187391","1.11E-6","0.26096892","0.0","4","4","false","大鑒","13.0","4","0","0","0.43362522","false","0","大鑒","146","0.46153846","PERSON"
"2168","3.81366025","0.0","0.26221528","0.0","1","5","false","大椿","59.0","1","0","0","0.43726795","false","0","大椿","0","0.0","PERSON"
"2169","3.46900175","1.936E-5","0.28826737","0.0","5","4","false","大昌南","142.4","5","0","0","0.50619965","false","0","大昌南","31204","0.26040516","PERSON"
"2170","3.81295972","0.0","0.26226346","0.0","1","5","false","大元","60.0","1","0","0","0.43740806","false","0","大元","0","0.0","PERSON"
"2171","3.43957968","1.99E-6","0.2907332","0.0","2","4","false","夢蘭","315.0","2","0","0","0.51208406","false","0","夢蘭","1098","0.53401361","PERSON"
"2172","2.8385289","8.0866E-4","0.35229516","0.0","24","4","false","香亞公司","39.16666667","24","0","0","0.63229422","false","0","香亞公司","995958","0.09174679","ORG"
"2173","2.8385289","8.0866E-4","0.35229516","0.0","24","4","false","美記華珍","39.16666667","24","0","0","0.63229422","false","0","美記華珍","995958","0.09174679","ORG"
"2174","2.8385289","8.0866E-4","0.35229516","0.0","24","4","false","精武體育","39.16666667","24","0","0","0.63229422","false","0","精武體育","995958","0.09174679","ORG"
"2175","2.8385289","8.0866E-4","0.35229516","0.0","24","4","false","滬北五區商聯","39.16666667","24","0","0","0.63229422","false","0","滬北五區商聯","995958","0.09174679","ORG"
"2176","2.8385289","8.0866E-4","0.35229516","0.0","24","4","false","泰豐公司","39.16666667","24","0","0","0.63229422","false","0","泰豐公司","995958","0.09174679","ORG"
"2177","2.8385289","8.0866E-4","0.35229516","0.0","24","4","false","模範工廠","39.16666667","24","0","0","0.63229422","false","0","模範工廠","995958","0.09174679","ORG"
"2178","2.8385289","8.0866E-4","0.35229516","0.0","24","4","false","愛國玩具廠","39.16666667","24","0","0","0.63229422","false","0","愛國玩具廠","995958","0.09174679","ORG"
"2179","2.8385289","8.0866E-4","0.35229516","0.0","24","4","false","宏新布廠","39.16666667","24","0","0","0.63229422","false","0","宏新布廠","995958","0.09174679","ORG"
"2180","2.8385289","8.0866E-4","0.35229516","0.0","24","4","false","天廚味精廠","39.16666667","24","0","0","0.63229422","false","0","天廚味精廠","995958","0.09174679","ORG"
"2181","2.8385289","8.0866E-4","0.35229516","0.0","24","4","false","南洋兄弟烟草公司","39.16666667","24","0","0","0.63229422","false","0","南洋兄弟烟草公司","995958","0.09174679","ORG"
"2182","2.8385289","8.0866E-4","0.35229516","0.0","24","4","false","元施公司","39.16666667","24","0","0","0.63229422","false","0","元施公司","995958","0.09174679","ORG"
"2183","2.8385289","8.0866E-4","0.35229516","0.0","24","4","false","中法藥房","39.16666667","24","0","0","0.63229422","false","0","中法藥房","995958","0.09174679","ORG"
"2184","3.81716287","2.34E-6","0.26197467","0.0","13","5","false","夢芸","25.38461538","13","0","0","0.43656743","false","0","夢芸","588","0.59474672","PERSON"
"2185","3.83747811","1.2E-7","0.26058781","0.0","5","5","false","夏蘭","21.0","5","0","0","0.43250438","false","0","夏蘭","20","1.0","PERSON"
"2186","3.48021016","1.632E-5","0.28733897","0.0","5","4","false","夏芷芳","123.2","5","0","0","0.50395797","false","0","夏芷芳","4212","0.23187856","PERSON"
"2187","3.66024518","5.731E-5","0.27320574","0.0","12","5","false","夏良民","56.83333333","12","0","0","0.46795096","false","0","夏良民","77508","0.20989975","PERSON"
"2188","3.2441331","6.816E-5","0.30824876","0.0","5","4","false","夏月","251.0","5","0","0","0.55117338","false","0","夏月","191564","0.28935185","PERSON"
"2189","3.84238179","6.2E-7","0.26025524","0.0","8","5","false","夏晋麟","11.0","8","0","0","0.43152364","false","0","夏晋麟","56","1.0","PERSON"
"2190","3.19509632","3.8133E-4","0.31297961","0.0","10","4","false","夏應堂","144.7","10","0","0","0.56098074","false","0","夏應堂","458164","0.15468245","PERSON"
"2191","3.67425569","0.0","0.27216397","0.0","1","5","false","夏必珪","258.0","1","0","0","0.46514886","false","0","夏必珪","0","0.0","PERSON"
"2192","3.48091068","7.21E-6","0.28728114","0.0","3","4","false","壽秀","196.33333333","3","0","0","0.50381786","false","0","壽秀","4142","0.36994949","PERSON"
"2193","2.8469352","1.8667E-4","0.35125492","0.0","12","4","false","浙江省縣議會聯","70.08333333","12","0","0","0.63061296","false","0","浙江省縣議會聯","230264","0.16606571","ORG"
"2194","2.8469352","1.8667E-4","0.35125492","0.0","12","4","false","江蘇縣議會聯","70.08333333","12","0","0","0.63061296","false","0","江蘇縣議會聯","230264","0.16606571","ORG"
"2195","2.8469352","1.8667E-4","0.35125492","0.0","12","4","false","寧紹台三同","70.08333333","12","0","0","0.63061296","false","0","寧紹台三同","230264","0.16606571","ORG"
"2196","2.8469352","1.8667E-4","0.35125492","0.0","12","4","false","台州同鄉會","70.08333333","12","0","0","0.63061296","false","0","台州同鄉會","230264","0.16606571","ORG"
"2197","2.8469352","1.8667E-4","0.35125492","0.0","12","4","false","丹徒縣議","70.08333333","12","0","0","0.63061296","false","0","丹徒縣議","230264","0.16606571","ORG"
"2198","2.8469352","1.8667E-4","0.35125492","0.0","12","4","false","三同鄉會","70.08333333","12","0","0","0.63061296","false","0","三同鄉會","230264","0.16606571","ORG"
"2199","2.84903678","7.5431E-4","0.35099582","0.0","9","4","false","雅酒菜館","76.88888889","9","0","0","0.63019264","false","0","雅酒菜館","254202","0.18242521","ORG"
"2200","2.84903678","7.5431E-4","0.35099582","0.0","9","4","false","美麗菜館","76.88888889","9","0","0","0.63019264","false","0","美麗菜館","254202","0.18242521","ORG"
"2201","2.84903678","7.5431E-4","0.35099582","0.0","9","4","false","容膝餐社","76.88888889","9","0","0","0.63019264","false","0","容膝餐社","254202","0.18242521","ORG"
"2202","3.14816112","7.3727E-4","0.31764575","0.0","22","4","false","壽孝天","84.54545455","22","0","0","0.57036778","false","0","壽孝天","1018914","0.08490392","PERSON"
"2203","3.81366025","0.0","0.26221528","0.0","1","5","false","增銘","59.0","1","0","0","0.43726795","false","0","增銘","0","0.0","PERSON"
"2204","3.81295972","0.0","0.26226346","0.0","1","5","false","增祥","60.0","1","0","0","0.43740806","false","0","增祥","0","0.0","PERSON"
"2205","2.83432574","0.00320996","0.3528176","0.0","30","4","false","日本商會","37.9","30","0","0","0.63313485","false","0","日本商會","1883604","0.08870192","ORG"
"2206","2.83432574","0.00320996","0.3528176","0.0","30","4","false","日本全國商業會議","37.9","30","0","0","0.63313485","false","0","日本全國商業會議","1883604","0.08870192","ORG"
"2207","2.83432574","0.00320996","0.3528176","0.0","30","4","false","南北商會","37.9","30","0","0","0.63313485","false","0","南北商會","1883604","0.08870192","ORG"
"2208","3.83257443","2.0E-8","0.26092122","0.0","3","5","false","場邢士","30.0","3","0","0","0.43348511","false","0","場邢士","6","1.0","PERSON"
"2209","2.84763573","1.7139E-4","0.35116851","0.0","11","4","false","學生聯合會","52.45454545","11","0","0","0.63047285","false","0","學生聯合會","141810","0.12368881","ORG"
"2210","2.84763573","1.7139E-4","0.35116851","0.0","11","4","false","南京總商會","52.45454545","11","0","0","0.63047285","false","0","南京總商會","141810","0.12368881","ORG"
"2211","2.84763573","1.7139E-4","0.35116851","0.0","11","4","false","五卅委員會","52.45454545","11","0","0","0.63047285","false","0","五卅委員會","141810","0.12368881","ORG"
"2212","2.84763573","1.7139E-4","0.35116851","0.0","11","4","false","上海學生聯合","52.45454545","11","0","0","0.63047285","false","0","上海學生聯合","141810","0.12368881","ORG"
"2213","3.17618214","2.4863E-4","0.31484341","0.0","8","4","false","堅璧","194.5","8","0","0","0.56476357","false","0","堅璧","470258","0.2019833","PERSON"
"2214","3.67425569","0.0","0.27216397","0.0","1","5","false","堃吳","258.0","1","0","0","0.46514886","false","0","堃吳","0","0.0","PERSON"
"2215","3.80595447","1.0E-8","0.26274618","0.0","3","5","false","堂陳","68.0","3","0","0","0.43880911","false","0","堂陳","6","1.0","PERSON"
"2216","3.72399299","3.196E-5","0.26852897","0.0","5","5","false","堂諭","59.0","5","0","0","0.4552014","false","0","堂諭","8196","0.31868132","PERSON"
"2217","3.80595447","1.0E-8","0.26274618","0.0","3","5","false","堂倪","68.0","3","0","0","0.43880911","false","0","堂倪","6","1.0","PERSON"
"2218","3.78563923","1.16E-6","0.26415618","0.0","4","5","false","基潘","44.25","4","0","0","0.44287215","false","0","基潘","426","0.45526316","PERSON"
"2219","3.82206655","0.0","0.26163856","0.0","1","5","false","培聲","47.0","1","0","0","0.43558669","false","0","培聲","0","0.0","PERSON"
"2220","3.80385289","4.11E-6","0.26289134","0.0","10","5","false","培熺","27.1","10","0","0","0.43922942","false","0","培熺","1260","0.41428571","PERSON"
"2221","3.82206655","0.0","0.26163856","0.0","1","5","false","培到","47.0","1","0","0","0.43558669","false","0","培到","0","0.0","PERSON"
"2222","3.80595447","1.0E-8","0.26274618","0.0","3","5","false","坤邱","68.0","3","0","0","0.43880911","false","0","坤邱","6","1.0","PERSON"
"2223","3.45008757","2.273E-5","0.28984772","0.0","4","4","false","坤趙","176.5","4","0","0","0.50998249","false","0","坤趙","34662","0.30735552","PERSON"
"2224","3.7267951","2.35E-6","0.26832707","0.0","5","5","false","坤源","73.2","5","0","0","0.45464098","false","0","坤源","3284","0.40561798","PERSON"
"2225","3.43257443","1.423E-5","0.29132653","0.0","6","4","false","坤泉","131.33333333","6","0","0","0.51348511","false","0","坤泉","11754","0.21941639","PERSON"
"2226","3.17267951","1.7636E-4","0.31519099","0.0","4","4","false","坤將","355.75","4","0","0","0.5654641","false","0","坤將","410018","0.36685626","PERSON"
"2227","3.68966725","2.186E-5","0.27102715","0.0","9","5","false","坤丁","56.22222222","9","0","0","0.46206655","false","0","坤丁","27964","0.2432697","PERSON"
"2228","3.74781086","4.12E-6","0.26682243","0.0","5","5","false","坎拿大","71.2","5","0","0","0.45043783","false","0","坎拿大","6936","0.47432432","PERSON"
"2229","3.82486865","9.4E-7","0.26144689","0.0","4","4","false","圖孔","16.0","4","0","0","0.43502627","false","0","圖孔","198","0.41666667","PERSON"
"2230","2.84763573","2.0229E-4","0.35116851","0.0","11","4","false","雜糧公會","66.27272727","11","0","0","0.63047285","false","0","雜糧公會","205056","0.15690559","ORG"
"2231","2.84763573","2.0229E-4","0.35116851","0.0","11","4","false","嘉榖堂仁榖公所","66.27272727","11","0","0","0.63047285","false","0","嘉榖堂仁榖公所","205056","0.15690559","ORG"
"2232","2.84763573","2.0229E-4","0.35116851","0.0","11","4","false","南北市米行公會","66.27272727","11","0","0","0.63047285","false","0","南北市米行公會","205056","0.15690559","ORG"
"2233","2.84763573","2.0229E-4","0.35116851","0.0","11","4","false","北方軍閥","66.27272727","11","0","0","0.63047285","false","0","北方軍閥","205056","0.15690559","ORG"
"2234","2.84763573","2.0229E-4","0.35116851","0.0","11","4","false","上海各公團聯合","66.27272727","11","0","0","0.63047285","false","0","上海各公團聯合","205056","0.15690559","ORG"
"2235","3.37162872","8.087E-5","0.29659256","0.0","7","4","false","園建","122.42857143","7","0","0","0.52567426","false","0","園建","84178","0.17857143","PERSON"
"2236","3.64343257","1.276E-5","0.27446645","0.0","3","4","false","國恩","133.0","3","0","0","0.47131349","false","0","國恩","18476","0.44594595","PERSON"
"2237","3.44028021","0.0","0.290674","0.0","1","4","false","國徽","589.0","1","0","0","0.51194396","false","0","國徽","0","0.0","PERSON"
"2238","3.76602452","4.899E-5","0.26553199","0.0","11","5","false","嚴馨","30.0","11","0","0","0.4467951","false","0","嚴馨","22398","0.25","PERSON"
"2239","3.71208406","6.32E-6","0.26939045","0.0","6","4","false","嚴頌","91.83333333","6","0","0","0.45758319","false","0","嚴頌","7580","0.46581197","PERSON"
"2240","3.43257443","1.423E-5","0.29132653","0.0","6","4","false","嚴重","131.33333333","6","0","0","0.51348511","false","0","嚴重","11754","0.21941639","PERSON"
"2241","3.44238179","1.843E-5","0.29049654","0.0","3","4","false","嚴處","230.33333333","3","0","0","0.51152364","false","0","嚴處","37238","0.39336764","PERSON"
"2242","3.82486865","7.0E-8","0.26144689","0.0","2","5","false","嚴秋庚","32.0","2","0","0","0.43502627","false","0","嚴秋庚","42","0.75609756","PERSON"
"2243","3.32539405","2.7124E-4","0.30071624","0.0","8","4","false","嚴直","150.0","8","0","0","0.53492119","false","0","嚴直","477160","0.2","PERSON"
"2244","3.81155867","1.5E-7","0.26235986","0.0","2","5","false","嚴曼","46.0","2","0","0","0.43768827","false","0","嚴曼","62","0.75","PERSON"
"2245","3.25043783","2.2867E-4","0.30765086","0.0","5","4","false","嚴春陽","227.0","5","0","0","0.54991243","false","0","嚴春陽","764234","0.26432749","PERSON"
"2246","3.71208406","6.32E-6","0.26939045","0.0","6","4","false","嚴敬","91.83333333","6","0","0","0.45758319","false","0","嚴敬","7580","0.46581197","PERSON"
"2247","3.04938704","0.00103926","0.32793476","0.0","22","4","false","嚴成德","102.95454545","22","0","0","0.59012259","false","0","嚴成德","1677428","0.09062626","PERSON"
"2248","3.80455342","1.4E-7","0.26284294","0.0","2","4","false","嚴成","46.0","2","0","0","0.43908932","false","0","嚴成","90","0.67164179","PERSON"
"2249","2.82591944","0.0056608","0.35386713","0.0","42","4","false","市民大會","26.80952381","42","0","0","0.63481611","false","0","市民大會","2547404","0.06204212","ORG"
"2250","2.83992995","0.00392835","0.35212136","0.0","22","4","false","吉里浚河事務","35.81818182","22","0","0","0.63201401","false","0","吉里浚河事務","1009576","0.08369755","ORG"
"2251","3.82486865","7.0E-8","0.26144689","0.0","2","5","false","嚴守","32.0","2","0","0","0.43502627","false","0","嚴守","42","0.75609756","PERSON"
"2252","3.71208406","6.32E-6","0.26939045","0.0","6","4","false","嚴孟","91.83333333","6","0","0","0.45758319","false","0","嚴孟","7580","0.46581197","PERSON"
"2253","3.25113835","9.465E-5","0.30758457","0.0","4","4","false","嚴俊","281.75","4","0","0","0.54977233","false","0","嚴俊","170298","0.32836257","PERSON"
"2254","3.67425569","0.0","0.27216397","0.0","1","5","false","嘉蓀","258.0","1","0","0","0.46514886","false","0","嘉蓀","0","0.0","PERSON"
"2255","3.84098074","4.0E-8","0.26035017","0.0","3","5","false","嘉理頃","18.0","3","0","0","0.43180385","false","0","嘉理頃","6","1.0","PERSON"
"2256","3.81295972","0.0","0.26226346","0.0","1","5","false","喬薇","60.0","1","0","0","0.43740806","false","0","喬薇","0","0.0","PERSON"
"2257","3.81646235","0.0","0.26202276","0.0","1","5","false","善欽","55.0","1","0","0","0.43670753","false","0","善欽","0","0.0","PERSON"
"2258","3.41926445","4.23E-5","0.29246056","0.0","3","4","false","問章","227.0","3","0","0","0.51614711","false","0","問章","32168","0.36688312","PERSON"
"2259","3.84448336","2.0E-8","0.26011297","0.0","2","5","false","問王","14.0","2","0","0","0.43110333","false","0","問王","2","1.0","PERSON"
"2260","3.48021016","1.632E-5","0.28733897","0.0","5","4","false","商言志","123.2","5","0","0","0.50395797","false","0","商言志","4212","0.23187856","PERSON"
"2261","3.82837128","1.2E-7","0.26120769","0.0","2","5","false","商田","27.5","2","0","0","0.43432574","false","0","商田","40","0.73611111","PERSON"
"2262","3.82837128","0.0","0.26120769","0.0","1","5","false","唐震","38.0","1","0","0","0.43432574","false","0","唐震","0","0.0","PERSON"
"2263","3.20210158","2.604E-4","0.3122949","0.0","8","4","false","唐豪","167.75","8","0","0","0.55957968","false","0","唐豪","452700","0.1810532","PERSON"
"2264","3.40385289","8.251E-5","0.29378473","0.0","5","4","false","唐良","166.4","5","0","0","0.51922942","false","0","唐良","98722","0.26006289","PERSON"
"2265","3.82206655","9.0E-8","0.26163856","0.0","6","5","false","唐禮","42.0","6","0","0","0.43558669","false","0","唐禮","30","1.0","PERSON"
"2266","2.85183888","1.2808E-4","0.35065095","0.0","5","4","false","見總商會關税委員會","87.8","5","0","0","0.62963222","false","0","見總商會關税委員會","50260","0.20865385",""
"2267","2.85183888","1.2808E-4","0.35065095","0.0","5","4","false","總商會關税會議委","87.8","5","0","0","0.62963222","false","0","總商會關税會議委","50260","0.20865385",""
"2268","3.25113835","9.465E-5","0.30758457","0.0","4","4","false","唐曰","281.75","4","0","0","0.54977233","false","0","唐曰","170298","0.32836257","PERSON"
"2269","2.84553415","2.2644E-4","0.35142787","0.0","14","4","false","達電政府","58.28571429","14","0","0","0.63089317","false","0","達電政府","273370","0.13770604","ORG"
"2270","2.84553415","2.2644E-4","0.35142787","0.0","14","4","false","淞滬督辦公署","58.28571429","14","0","0","0.63089317","false","0","淞滬督辦公署","273370","0.13770604","ORG"
"2271","2.84553415","2.2644E-4","0.35142787","0.0","14","4","false","交涉公署","58.28571429","14","0","0","0.63089317","false","0","交涉公署","273370","0.13770604","ORG"
"2272","2.84553415","2.2644E-4","0.35142787","0.0","14","4","false","上海兵","58.28571429","14","0","0","0.63089317","false","0","上海兵","273370","0.13770604","ORG"
"2273","2.841331","4.0039E-4","0.35194773","0.0","20","4","false","三德洋行","50.4","20","0","0","0.6317338","false","0","三德洋行","494660","0.11875","ORG"
"2274","3.04588441","0.00224485","0.32831187","0.0","41","4","false","唐拾義","67.58536585","41","0","0","0.59082312","false","0","唐拾義","2412692","0.05993282","PERSON"
"2275","3.23222417","1.0194E-4","0.30938448","0.0","4","4","false","唐庚","318.25","4","0","0","0.55355517","false","0","唐庚","260394","0.35969388","PERSON"
"2276","3.80525394","0.0","0.26279455","0.0","1","5","false","唐少","71.0","1","0","0","0.43894921","false","0","唐少","0","0.0","PERSON"
"2277","3.42977233","2.871E-5","0.29156454","0.0","5","4","false","唐寶鍔","139.0","5","0","0","0.51404553","false","0","唐寶鍔","16472","0.23038397","PERSON"
"2278","3.71208406","6.32E-6","0.26939045","0.0","6","4","false","唐吉生","91.83333333","6","0","0","0.45758319","false","0","唐吉生","7580","0.46581197","PERSON"
"2279","3.40525394","5.28E-5","0.29366386","0.0","3","4","false","唐世昌","265.66666667","3","0","0","0.51894921","false","0","唐世昌","56630","0.41614256","PERSON"
"2280","3.8206655","6.0E-8","0.26173451","0.0","4","4","false","哈華托","39.0","4","0","0","0.4358669","false","0","哈華托","76","0.9047619","PERSON"
"2281","3.64203152","1.4085E-4","0.27457203","0.0","6","4","false","哈同","73.83333333","6","0","0","0.4715937","false","0","哈同","76202","0.24689266","PERSON"
"2282","3.43957968","1.99E-6","0.2907332","0.0","2","4","false","命吳","315.0","2","0","0","0.51208406","false","0","命吳","1098","0.53401361","PERSON"
"2283","3.40385289","8.251E-5","0.29378473","0.0","5","4","false","周麟峯","166.4","5","0","0","0.51922942","false","0","周麟峯","98722","0.26006289","PERSON"
"2284","3.68756567","9.97E-6","0.27118161","0.0","3","4","false","周頌","124.33333333","3","0","0","0.46248687","false","0","周頌","12266","0.52932761","PERSON"
"2285","2.84553415","5.2414E-4","0.35142787","0.0","14","4","false","南北報關公所","47.64285714","14","0","0","0.63089317","false","0","南北報關公所","339698","0.11212225","ORG"
"2286","3.61471103","2.422E-5","0.27664729","0.0","3","5","false","周靜","135.66666667","3","0","0","0.47705779","false","0","周靜","29634","0.39607843","PERSON"
"2287","3.39544658","4.369E-5","0.29451207","0.0","4","4","false","周錫","216.5","4","0","0","0.52091068","false","0","周錫","86760","0.33204931","PERSON"
"2288","3.74500876","0.0","0.26702207","0.0","1","5","false","周鈞","157.0","1","0","0","0.45099825","false","0","周鈞","0","0.0","PERSON"
"2289","3.73870403","2.34E-6","0.26747236","0.0","6","4","false","周起泰十","67.16666667","6","0","0","0.45225919","false","0","周起泰十","1150","0.42144374","PERSON"
"2290","3.39544658","4.369E-5","0.29451207","0.0","4","4","false","周豹","216.5","4","0","0","0.52091068","false","0","周豹","86760","0.33204931","PERSON"
"2291","3.2497373","7.585E-5","0.30771718","0.0","6","4","false","周諮","196.16666667","6","0","0","0.55005254","false","0","周諮","174728","0.22826511","PERSON"
"2292","2.8441331","5.1111E-4","0.35160099","0.0","13","3","false","福建陸軍第一師","37.76923077","13","0","0","0.63117338","false","0","福建陸軍第一師","220090","0.08775473","ORG"
"2293","2.8441331","5.1111E-4","0.35160099","0.0","13","3","false","三友實業社","37.76923077","13","0","0","0.63117338","false","0","三友實業社","220090","0.08775473","ORG"
"2294","3.39824869","4.464E-5","0.29426922","0.0","4","4","false","周蔭人","184.75","4","0","0","0.52035026","false","0","周蔭人","50380","0.28488372","PERSON"
"2295","3.81155867","1.5E-7","0.26235986","0.0","2","5","false","周芾","46.0","2","0","0","0.43768827","false","0","周芾","62","0.75","PERSON"
"2296","3.64343257","1.276E-5","0.27446645","0.0","3","4","false","周芝生","133.0","3","0","0","0.47131349","false","0","周芝生","18476","0.44594595","PERSON"
"2297","3.82206655","9.0E-8","0.26163856","0.0","6","5","false","周胡","42.0","6","0","0","0.43558669","false","0","周胡","30","1.0","PERSON"
"2298","2.83432574","0.00182847","0.3528176","0.0","30","4","false","愛德華","31.43333333","30","0","0","0.63313485","false","0","愛德華","1049232","0.07315705","ORG"
"2299","2.83362522","0.00196101","0.35290482","0.0","31","4","false","上海華商紗布交易所","33.03225806","31","0","0","0.63327496","false","0","上海華商紗布交易所","1167698","0.07700062","ORG"
"2300","3.48091068","7.21E-6","0.28728114","0.0","3","4","false","周翼","196.33333333","3","0","0","0.50381786","false","0","周翼","4142","0.36994949","PERSON"
"2301","3.82206655","0.0","0.26163856","0.0","1","5","false","周生","47.0","1","0","0","0.43558669","false","0","周生","0","0.0","PERSON"
"2302","3.74500876","0.0","0.26702207","0.0","1","5","false","周熙","157.0","1","0","0","0.45099825","false","0","周熙","0","0.0","PERSON"
"2303","3.7267951","2.35E-6","0.26832707","0.0","5","5","false","周漁卿","73.2","5","0","0","0.45464098","false","0","周漁卿","3284","0.40561798","PERSON"
"2304","3.70297723","1.08E-6","0.27005297","0.0","2","4","false","周湘","122.5","2","0","0","0.45940455","false","0","周湘","376","0.57311321","PERSON"
"2305","3.80035026","5.5E-7","0.26313364","0.0","3","4","false","周浦","45.66666667","3","0","0","0.43992995","false","0","周浦","182","0.62037037","PERSON"
"2306","3.71208406","6.32E-6","0.26939045","0.0","6","4","false","周榮","91.83333333","6","0","0","0.45758319","false","0","周榮","7580","0.46581197","PERSON"
"2307","2.84273205","0.00252204","0.35177427","0.0","18","4","false","紹台工商協助","41.05555556","18","0","0","0.63145359","false","0","紹台工商協助","767852","0.09628739","ORG"
"2308","2.84273205","0.00252204","0.35177427","0.0","18","4","false","盛永泰篾作店於昨晨一時","41.05555556","18","0","0","0.63145359","false","0","盛永泰篾作店於昨晨一時","767852","0.09628739","ORG"
"2309","2.84273205","0.00252204","0.35177427","0.0","18","4","false","合盛押","41.05555556","18","0","0","0.63145359","false","0","合盛押","767852","0.09628739","ORG"
"2310","3.84098074","4.0E-8","0.26035017","0.0","3","5","false","周椒表","18.0","3","0","0","0.43180385","false","0","周椒表","6","1.0","PERSON"
"2311","3.82206655","9.0E-8","0.26163856","0.0","6","5","false","周林","42.0","6","0","0","0.43558669","false","0","周林","30","1.0","PERSON"
"2312","3.64343257","1.276E-5","0.27446645","0.0","3","4","false","周書榮","133.0","3","0","0","0.47131349","false","0","周書榮","18476","0.44594595","PERSON"
"2313","3.83397548","0.0","0.26082587","0.0","1","4","false","周文卿","27.0","1","0","0","0.4332049","false","0","周文卿","0","0.0","PERSON"
"2314","3.83747811","1.2E-7","0.26058781","0.0","5","5","false","周慶生","21.0","5","0","0","0.43250438","false","0","周慶生","20","1.0","PERSON"
"2315","3.82486865","9.4E-7","0.26144689","0.0","4","4","false","周慶","16.0","4","0","0","0.43502627","false","0","周慶","198","0.41666667","PERSON"
"2316","3.84168126","1.0E-8","0.2603027","0.0","2","5","false","周心梅","18.0","2","0","0","0.43166375","false","0","周心梅","2","1.0","PERSON"
"2317","3.80525394","1.0E-8","0.26279455","0.0","3","5","false","周岷","69.0","3","0","0","0.43894921","false","0","周岷","6","1.0","PERSON"
"2318","3.78774081","1.73E-6","0.26400962","0.0","4","5","false","周寳","49.5","4","0","0","0.44245184","false","0","周寳","1660","0.52717391","PERSON"
"2319","3.66164623","5.7166E-4","0.27310121","0.0","3","4","false","周子","101.66666667","3","0","0","0.46767075","false","0","周子","29586","0.37283951","PERSON"
"2320","3.20210158","2.604E-4","0.3122949","0.0","8","4","false","周劍秋","167.75","8","0","0","0.55957968","false","0","周劍秋","452700","0.1810532","PERSON"
"2321","3.67425569","0.0","0.27216397","0.0","1","5","false","周光業","258.0","1","0","0","0.46514886","false","0","周光業","0","0.0","PERSON"
"2322","3.74500876","0.0","0.26702207","0.0","1","5","false","周候","157.0","1","0","0","0.45099825","false","0","周候","0","0.0","PERSON"
"2323","3.67425569","0.0","0.27216397","0.0","1","5","false","周佩箴","258.0","1","0","0","0.46514886","false","0","周佩箴","0","0.0","PERSON"
"2324","3.05569177","0.00174488","0.32725814","0.0","20","4","false","周佩","106.6","20","0","0","0.58886165","false","0","周佩","1733742","0.09445438","PERSON"
"2325","3.74500876","0.0","0.26702207","0.0","1","5","false","周伯雄","157.0","1","0","0","0.45099825","false","0","周伯雄","0","0.0","PERSON"
"2326","3.13555166","3.9553E-4","0.31892315","0.0","9","4","false","周伯堯","195.44444444","9","0","0","0.57288967","false","0","周伯堯","726960","0.19157088","PERSON"
"2327","3.43957968","1.99E-6","0.2907332","0.0","2","4","false","周以森","315.0","2","0","0","0.51208406","false","0","周以森","1098","0.53401361","PERSON"
"2328","3.71208406","6.32E-6","0.26939045","0.0","6","4","false","周介","91.83333333","6","0","0","0.45758319","false","0","周介","7580","0.46581197","PERSON"
"2329","3.7267951","2.35E-6","0.26832707","0.0","5","5","false","呂金","73.2","5","0","0","0.45464098","false","0","呂金","3284","0.40561798","PERSON"
"2330","3.80175131","0.0","0.26303667","0.0","1","4","false","呂葆","73.0","1","0","0","0.43964974","false","0","呂葆","0","0.0","PERSON"
"2331","3.80525394","0.0","0.26279455","0.0","1","5","false","呂夑","71.0","1","0","0","0.43894921","false","0","呂夑","0","0.0","PERSON"
"2332","3.81225919","0.0","0.26231165","0.0","1","5","false","吴貫因","61.0","1","0","0","0.43754816","false","0","吴貫因","0","0.0","PERSON"
"2333","3.74430823","3.19E-6","0.26707203","0.0","4","4","false","吴淑東","63.25","4","0","0","0.45113835","false","0","吴淑東","3288","0.41225166","PERSON"
"2334","3.35761821","5.439E-5","0.29783017","0.0","3","4","false","吴洽卿","280.0","3","0","0","0.52847636","false","0","吴洽卿","121450","0.39630682","PERSON"
"2335","3.68756567","9.97E-6","0.27118161","0.0","3","4","false","吳鼎昌","124.33333333","3","0","0","0.46248687","false","0","吳鼎昌","12266","0.52932761","PERSON"
"2336","3.66935201","4.199E-5","0.27252768","0.0","4","4","false","吳麟","101.75","4","0","0","0.4661296","false","0","吳麟","25826","0.39050388","PERSON"
"2337","2.8441331","9.6951E-4","0.35160099","0.0","16","4","false","聨絡省敎育會","45.0","16","0","0","0.63117338","false","0","聨絡省敎育會","547590","0.10576923","ORG"
"2338","2.8441331","9.6951E-4","0.35160099","0.0","16","4","false","學生會","45.0","16","0","0","0.63117338","false","0","學生會","547590","0.10576923","ORG"
"2339","3.79614711","1.24E-6","0.26342499","0.0","4","5","false","吳馮","32.25","4","0","0","0.44077058","false","0","吳馮","402","0.390625","PERSON"
"2340","2.84343257","0.00136685","0.35168761","0.0","17","4","false","哈爾總隊","35.94117647","17","0","0","0.63131349","false","0","哈爾總隊","518020","0.08399321","ORG"
"2341","3.76882662","6.8E-7","0.26533457","0.0","2","5","false","吳靜","69.5","2","0","0","0.44623468","false","0","吳靜","212","0.5661157","PERSON"
"2342","2.99754816","0.00189877","0.33360598","0.0","25","4","false","吳藴初","107.2","25","0","0","0.60049037","false","0","吳藴初","2709590","0.08879599","PERSON"
"2343","3.71208406","6.32E-6","0.26939045","0.0","6","4","false","吳蔚","91.83333333","6","0","0","0.45758319","false","0","吳蔚","7580","0.46581197","PERSON"
"2344","3.71208406","6.32E-6","0.26939045","0.0","6","4","false","吳萃","91.83333333","6","0","0","0.45758319","false","0","吳萃","7580","0.46581197","PERSON"
"2345","2.84763573","0.00189152","0.35116851","0.0","11","4","false","滬北市政局","42.27272727","11","0","0","0.63047285","false","0","滬北市政局","283946","0.09921329","ORG"
"2346","2.84763573","0.00189152","0.35116851","0.0","11","4","false","市政局","42.27272727","11","0","0","0.63047285","false","0","市政局","283946","0.09921329","ORG"
"2347","2.84763573","0.00189152","0.35116851","0.0","11","4","false","北上巡捐局","42.27272727","11","0","0","0.63047285","false","0","北上巡捐局","283946","0.09921329","ORG"
"2348","3.83397548","8.82E-6","0.26082587","0.0","5","5","false","吳耀庭","14.2","5","0","0","0.4332049","false","0","吳耀庭","1544","0.528","PERSON"
"2349","3.73870403","2.34E-6","0.26747236","0.0","6","4","false","吳玉泉三","67.16666667","6","0","0","0.45225919","false","0","吳玉泉三","1150","0.42144374","PERSON"
"2350","3.82206655","9.0E-8","0.26163856","0.0","6","5","false","吳漢","42.0","6","0","0","0.43558669","false","0","吳漢","30","1.0","PERSON"
"2351","3.78774081","1.73E-6","0.26400962","0.0","4","5","false","吳永廉","49.5","4","0","0","0.44245184","false","0","吳永廉","1660","0.52717391","PERSON"
"2352","3.70297723","1.08E-6","0.27005297","0.0","2","4","false","吳楚臣","122.5","2","0","0","0.45940455","false","0","吳楚臣","376","0.57311321","PERSON"
"2353","3.7793345","6.136E-5","0.26459685","0.0","5","5","false","吳松","56.8","5","0","0","0.4441331","false","0","吳松","24992","0.54174757","PERSON"
"2354","3.74500876","0.0","0.26702207","0.0","1","5","false","吳文","157.0","1","0","0","0.45099825","false","0","吳文","0","0.0","PERSON"
"2355","3.81295972","7.4E-7","0.26226346","0.0","6","5","false","吳成","35.83333333","6","0","0","0.43740806","false","0","吳成","260","0.64506173","PERSON"
"2356","3.68756567","9.97E-6","0.27118161","0.0","3","4","false","吳應","124.33333333","3","0","0","0.46248687","false","0","吳應","12266","0.52932761","PERSON"
"2357","3.80525394","1.0E-8","0.26279455","0.0","3","5","false","吳惠卿","69.0","3","0","0","0.43894921","false","0","吳惠卿","6","1.0","PERSON"
"2358","3.48021016","1.632E-5","0.28733897","0.0","5","4","false","吳弦","123.2","5","0","0","0.50395797","false","0","吳弦","4212","0.23187856","PERSON"
"2359","3.40525394","5.28E-5","0.29366386","0.0","3","4","false","吳山","265.66666667","3","0","0","0.51894921","false","0","吳山","56630","0.41614256","PERSON"
"2360","3.73870403","2.34E-6","0.26747236","0.0","6","4","false","吳少堂五","67.16666667","6","0","0","0.45225919","false","0","吳少堂五","1150","0.42144374","PERSON"
"2361","3.69737303","5.66E-6","0.2704623","0.0","4","5","false","吳子","83.25","4","0","0","0.46052539","false","0","吳子","10648","0.37217195","PERSON"
"2362","3.80525394","1.0E-8","0.26279455","0.0","3","5","false","吳善卿","69.0","3","0","0","0.43894921","false","0","吳善卿","6","1.0","PERSON"
"2363","3.70297723","1.08E-6","0.27005297","0.0","2","4","false","吳冰","122.5","2","0","0","0.45940455","false","0","吳冰","376","0.57311321","PERSON"
"2364","3.92784588","1.16E-5","0.25459247","0.0","6","5","false","總商會鑒","13.16666667","6","0","0","0.41443082","false","0","總商會鑒","12372","0.25347222",""
"2365","3.92784588","1.16E-5","0.25459247","0.0","6","5","false","上海婦女","13.16666667","6","0","0","0.41443082","false","0","上海婦女","12372","0.25347222","ORG"
"2366","3.92784588","1.16E-5","0.25459247","0.0","6","5","false","上海婦","13.16666667","6","0","0","0.41443082","false","0","上海婦","12372","0.25347222","ORG"
"2367","3.10753065","0.0036427","0.32179892","0.0","32","4","false","吳佩孚","73.375","32","0","0","0.57849387","false","0","吳佩孚","4328578","0.07013081","PERSON"
"2368","3.79404553","3.68E-6","0.2635709","0.0","15","4","false","吳位","38.6","15","0","0","0.44119089","false","0","吳位","3374","0.54492754","PERSON"
"2369","3.83397548","0.0","0.26082587","0.0","1","4","false","吳亶","27.0","1","0","0","0.4332049","false","0","吳亶","0","0.0","PERSON"
"2370","3.83117338","0.0","0.26101664","0.0","1","5","false","吟江","34.0","1","0","0","0.43376532","false","0","吟江","0","0.0","PERSON"
"2371","3.81225919","0.0","0.26231165","0.0","1","5","false","吕鵬搏","61.0","1","0","0","0.43754816","false","0","吕鵬搏","0","0.0","PERSON"
"2372","3.48021016","1.632E-5","0.28733897","0.0","5","4","false","吕衡","123.2","5","0","0","0.50395797","false","0","吕衡","4212","0.23187856","PERSON"
"2373","2.83502627","8.9158E-4","0.35273042","0.0","29","4","false","福昌烟草公司","37.27586207","29","0","0","0.63299475","false","0","福昌烟草公司","1239294","0.08720159","ORG"
"2374","2.83502627","8.9158E-4","0.35273042","0.0","29","4","false","全國青年","37.27586207","29","0","0","0.63299475","false","0","全國青年","1239294","0.08720159","ORG"
"2375","2.83502627","8.9158E-4","0.35273042","0.0","29","4","false","中華愛國募金大會","37.27586207","29","0","0","0.63299475","false","0","中華愛國募金大會","1239294","0.08720159","ORG"
"2376","2.83502627","8.9158E-4","0.35273042","0.0","29","4","false","中國濟難會","37.27586207","29","0","0","0.63299475","false","0","中國濟難會","1239294","0.08720159","ORG"
"2377","2.83502627","8.9158E-4","0.35273042","0.0","29","4","false","上海學生聯合會","37.27586207","29","0","0","0.63299475","false","0","上海學生聯合會","1239294","0.08720159","ORG"
"2378","3.68966725","2.186E-5","0.27102715","0.0","9","5","false","同魯","56.22222222","9","0","0","0.46206655","false","0","同魯","27964","0.2432697","PERSON"
"2379","3.84448336","0.0","0.26011297","0.0","1","5","false","同謹","15.0","1","0","0","0.43110333","false","0","同謹","0","0.0","PERSON"
"2380","3.84448336","0.0","0.26011297","0.0","1","5","false","同興恒","15.0","1","0","0","0.43110333","false","0","同興恒","0","0.0","PERSON"
"2381","3.84448336","0.0","0.26011297","0.0","1","5","false","同康恒十元","15.0","1","0","0","0.43110333","false","0","同康恒十元","0","0.0","PERSON"
"2382","2.83362522","0.00187887","0.35290482","0.0","31","4","false","陸軍部滬廠","28.03225806","31","0","0","0.63327496","false","0","陸軍部滬廠","913270","0.06498139","ORG"
"2383","3.43957968","2.89E-6","0.2907332","0.0","2","4","false","同午","310.0","2","0","0","0.51208406","false","0","同午","1154","0.5255102","PERSON"
"2384","3.80595447","1.0E-8","0.26274618","0.0","3","5","false","吉言","68.0","3","0","0","0.43880911","false","0","吉言","6","1.0","PERSON"
"2385","3.80875657","3.878E-5","0.26255288","0.0","7","5","false","吉生","26.42857143","7","0","0","0.43824869","false","0","吉生","13224","0.43099274","PERSON"
"2386","3.80595447","1.0E-8","0.26274618","0.0","3","5","false","吉文","68.0","3","0","0","0.43880911","false","0","吉文","6","1.0","PERSON"
"2387","2.82311734","0.00210906","0.35421836","0.0","46","4","false","青年會","26.56521739","46","0","0","0.63537653","false","0","青年會","2464708","0.06145485","ORG"
"2388","2.84203152","5.9627E-4","0.35186098","0.0","19","4","false","中國婦孺救濟會","30.57894737","19","0","0","0.6315937","false","0","中國婦孺救濟會","335906","0.07110324","ORG"
"2389","3.44448336","2.569E-5","0.2903193","0.0","5","4","false","司花","141.4","5","0","0","0.51110333","false","0","司花","50606","0.24290657","PERSON"
"2390","3.80525394","1.0E-8","0.26279455","0.0","3","5","false","司徒君五","69.0","3","0","0","0.43894921","false","0","司徒君五","6","1.0","PERSON"
"2391","3.71558669","4.863E-5","0.2691365","0.0","7","4","false","司徒博","36.85714286","7","0","0","0.45688266","false","0","司徒博","14560","0.18972033","PERSON"
"2392","3.80525394","1.0E-8","0.26279455","0.0","3","5","false","司徒","69.0","3","0","0","0.43894921","false","0","司徒","6","1.0","PERSON"
"2393","2.84903678","1.1304E-4","0.35099582","0.0","9","4","false","餘姚同鄉會","69.22222222","9","0","0","0.63019264","false","0","餘姚同鄉會","121066","0.16399573","ORG"
"2394","2.84903678","1.1304E-4","0.35099582","0.0","9","4","false","温州同","69.22222222","9","0","0","0.63019264","false","0","温州同","121066","0.16399573","ORG"
"2395","2.83082312","0.00376717","0.35325415","0.0","35","4","false","浙紹公所","30.45714286","35","0","0","0.63383538","false","0","浙紹公所","1526814","0.07081044","ORG"
"2396","2.84903678","1.1304E-4","0.35099582","0.0","9","4","false","永錫堂紹興同鄉會","69.22222222","9","0","0","0.63019264","false","0","永錫堂紹興同鄉會","121066","0.16399573","ORG"
"2397","2.84903678","1.1304E-4","0.35099582","0.0","9","4","false","巽木商公所","69.22222222","9","0","0","0.63019264","false","0","巽木商公所","121066","0.16399573","ORG"
"2398","2.83502627","8.0878E-4","0.35273042","0.0","29","4","false","中央信托公司","36.0","29","0","0","0.63299475","false","0","中央信托公司","956072","0.08413462","ORG"
"2399","3.21821366","5.9776E-4","0.31073139","0.0","12","4","false","司儀","101.66666667","12","0","0","0.55635727","false","0","司儀","413780","0.11260254","PERSON"
"2400","3.82416813","3.0E-8","0.26149478","0.0","2","5","false","史馨生","40.0","2","0","0","0.43516637","false","0","史馨生","14","0.92857143","PERSON"
"2401","3.73870403","2.34E-6","0.26747236","0.0","6","4","false","史門","67.16666667","6","0","0","0.45225919","false","0","史門","1150","0.42144374","PERSON"
"2402","2.84833625","2.6546E-4","0.35108214","0.0","10","4","false","華隊公會","65.6","10","0","0","0.63033275","false","0","華隊公會","157938","0.15528846","ORG"
"2403","2.9323993","0.00507657","0.34101768","0.0","36","4","false","史量才","85.66666667","36","0","0","0.61352014","false","0","史量才","4573520","0.06624935","PERSON"
"2404","3.39684764","1.2371E-4","0.2943906","0.0","3","4","false","史蜜斯","228.0","3","0","0","0.52063047","false","0","史蜜斯","64996","0.35030864","PERSON"
"2405","3.20210158","2.604E-4","0.3122949","0.0","8","4","false","史家麟","167.75","8","0","0","0.55957968","false","0","史家麟","452700","0.1810532","PERSON"
"2406","3.74430823","3.19E-6","0.26707203","0.0","4","4","false","史吟海","63.25","4","0","0","0.45113835","false","0","史吟海","3288","0.41225166","PERSON"
"2407","3.81295972","0.0","0.26226346","0.0","1","5","false","史佩","60.0","1","0","0","0.43740806","false","0","史佩","0","0.0","PERSON"
"2408","3.74220665","0.0","0.26722201","0.0","1","4","false","史久鰲","158.0","1","0","0","0.45155867","false","0","史久鰲","0","0.0","PERSON"
"2409","2.83992995","0.00120834","0.35212136","0.0","19","3","false","財政會","29.31578947","19","0","0","0.63201401","false","0","財政會","512432","0.06757945","ORG"
"2410","2.83992995","0.00120834","0.35212136","0.0","19","3","false","蕭山墾放分局","29.31578947","19","0","0","0.63201401","false","0","蕭山墾放分局","512432","0.06757945","ORG"
"2411","2.83992995","0.00120834","0.35212136","0.0","19","3","false","浙烟酒陳","29.31578947","19","0","0","0.63201401","false","0","浙烟酒陳","512432","0.06757945","ORG"
"2412","2.83992995","0.00120834","0.35212136","0.0","19","3","false","波嘉興兩分局","29.31578947","19","0","0","0.63201401","false","0","波嘉興兩分局","512432","0.06757945","ORG"
"2413","2.83992995","0.00120834","0.35212136","0.0","19","3","false","杭總商會","29.31578947","19","0","0","0.63201401","false","0","杭總商會","512432","0.06757945","ORG"
"2414","2.83992995","0.00120834","0.35212136","0.0","19","3","false","杭屬沙灶地墾放分局","29.31578947","19","0","0","0.63201401","false","0","杭屬沙灶地墾放分局","512432","0.06757945","ORG"
"2415","3.79754816","3.49E-6","0.2633278","0.0","7","4","false","台祉","26.71428571","7","0","0","0.44049037","false","0","台祉","690","0.35714286","PERSON"
"2416","3.82837128","0.0","0.26120769","0.0","1","5","false","台戈","38.0","1","0","0","0.43432574","false","0","台戈","0","0.0","PERSON"
"2417","3.42977233","2.871E-5","0.29156454","0.0","5","4","false","台察","139.0","5","0","0","0.51404553","false","0","台察","16472","0.23038397","PERSON"
"2418","3.81225919","0.0","0.26231165","0.0","1","5","false","叩哿","61.0","1","0","0","0.43754816","false","0","叩哿","0","0.0","PERSON"
"2419","3.36462347","7.851E-5","0.29721008","0.0","5","4","false","古越","183.6","5","0","0","0.52707531","false","0","古越","158692","0.26387283","PERSON"
"2420","3.83747811","1.2E-7","0.26058781","0.0","5","5","false","古沃","21.0","5","0","0","0.43250438","false","0","古沃","20","1.0","PERSON"
"2421","3.79964974","0.0","0.26318215","0.0","1","4","false","叔雍","76.0","1","0","0","0.44007005","false","0","叔雍","0","0.0","PERSON"
"2422","2.83222417","0.0075165","0.3530794","0.0","33","4","false","蘇浙平和協會開","22.90909091","33","0","0","0.63355517","false","0","蘇浙平和協會開","1745596","0.05266608","ORG"
"2423","2.83222417","0.0075165","0.3530794","0.0","33","4","false","浙平和協會於","22.90909091","33","0","0","0.63355517","false","0","浙平和協會於","1745596","0.05266608","ORG"
"2424","3.83117338","1.0E-8","0.26101664","0.0","2","5","false","叔盛","33.0","2","0","0","0.43376532","false","0","叔盛","2","1.0","PERSON"
"2425","3.80595447","1.0E-8","0.26274618","0.0","3","5","false","叔平","68.0","3","0","0","0.43880911","false","0","叔平","6","1.0","PERSON"
"2426","3.82206655","9.0E-8","0.26163856","0.0","6","5","false","友恪","42.0","6","0","0","0.43558669","false","0","友恪","30","1.0","PERSON"
"2427","2.8525394","4.0845E-4","0.35056483","0.0","4","4","false","中易信託公司","107.25","4","0","0","0.62949212","false","0","中易信託公司","67656","0.25540865","ORG"
"2428","3.82206655","9.8E-7","0.26163856","0.0","2","5","false","厲樹雄","25.0","2","0","0","0.43558669","false","0","厲樹雄","86","0.53333333","PERSON"
"2429","2.84483363","0.00362181","0.35151441","0.0","15","4","false","上海科學儀器","42.8","15","0","0","0.63103327","false","0","上海科學儀器","550366","0.10048077","ORG"
"2430","3.82977233","2.75E-6","0.26111213","0.0","4","5","false","原魏","24.75","4","0","0","0.43404553","false","0","原魏","684","0.7421875","PERSON"
"2431","3.74781086","4.12E-6","0.26682243","0.0","5","5","false","卿沈","71.2","5","0","0","0.45043783","false","0","卿沈","6936","0.47432432","PERSON"
"2432","3.67425569","0.0","0.27216397","0.0","1","5","false","卿謝","258.0","1","0","0","0.46514886","false","0","卿謝","0","0.0","PERSON"
"2433","3.79404553","3.68E-6","0.2635709","0.0","15","4","false","卿袁","38.6","15","0","0","0.44119089","false","0","卿袁","3374","0.54492754","PERSON"
"2434","2.84903678","0.00150724","0.35099582","0.0","9","4","false","辭華洋義振","52.66666667","9","0","0","0.63019264","false","0","辭華洋義振","214750","0.12419872","ORG"
"2435","2.84903678","0.00150724","0.35099582","0.0","9","4","false","浙災游藝","52.66666667","9","0","0","0.63019264","false","0","浙災游藝","214750","0.12419872","ORG"
"2436","3.84798599","3.0E-8","0.25987621","0.0","2","5","false","卿致","9.0","2","0","0","0.4304028","false","0","卿致","2","1.0","PERSON"
"2437","3.82276708","0.0","0.26159062","0.0","1","5","false","卿爲","46.0","1","0","0","0.43544658","false","0","卿爲","0","0.0","PERSON"
"2438","3.82206655","9.0E-8","0.26163856","0.0","6","5","false","卿江","42.0","6","0","0","0.43558669","false","0","卿江","30","1.0","PERSON"
"2439","3.74781086","4.12E-6","0.26682243","0.0","5","5","false","卿方","71.2","5","0","0","0.45043783","false","0","卿方","6936","0.47432432","PERSON"
"2440","3.40105079","1.5408E-4","0.29402678","0.0","4","4","false","卿方","181.5","4","0","0","0.51978984","false","0","卿方","99980","0.28159126","PERSON"
"2441","3.81295972","0.0","0.26226346","0.0","1","5","false","印無","60.0","1","0","0","0.43740806","false","0","印無","0","0.0","PERSON"
"2442","3.84028021","4.0E-8","0.26039767","0.0","3","5","false","卡爾甘哲","19.0","3","0","0","0.43194396","false","0","卡爾甘哲","6","1.0","PERSON"
"2443","3.40525394","5.28E-5","0.29366386","0.0","3","4","false","卞毓","265.66666667","3","0","0","0.51894921","false","0","卞毓","56630","0.41614256","PERSON"
"2444","3.3849387","7.707E-5","0.29542632","0.0","4","4","false","博良","187.75","4","0","0","0.52301226","false","0","博良","77082","0.28125","PERSON"
"2445","3.82206655","9.0E-8","0.26163856","0.0","6","5","false","南鮑","42.0","6","0","0","0.43558669","false","0","南鮑","30","1.0","PERSON"
"2446","3.76532399","1.112E-5","0.2655814","0.0","14","4","false","南公","34.07142857","14","0","0","0.4469352","false","0","南公","6532","0.2979408","PERSON"
"2447","3.81295972","0.0","0.26226346","0.0","1","5","false","協盛","60.0","1","0","0","0.43740806","false","0","協盛","0","0.0","PERSON"
"2448","3.81225919","0.0","0.26231165","0.0","1","5","false","卓宏謀","61.0","1","0","0","0.43754816","false","0","卓宏謀","0","0.0","PERSON"
"2449","3.80525394","1.0E-8","0.26279455","0.0","3","5","false","卓安濤五","69.0","3","0","0","0.43894921","false","0","卓安濤五","6","1.0","PERSON"
"2450","3.2441331","6.816E-5","0.30824876","0.0","5","4","false","半澤玉城","251.0","5","0","0","0.55117338","false","0","半澤玉城","191564","0.28935185","PERSON"
"2451","3.84658494","0.0","0.25997086","0.0","1","5","false","匪徐","12.0","1","0","0","0.43068301","false","0","匪徐","0","0.0","PERSON"
"2452","3.3352014","6.277E-5","0.29983197","0.0","2","4","false","匡子","423.5","2","0","0","0.53295972","false","0","匡子","123200","0.57327001","PERSON"
"2453","3.37302977","4.582E-5","0.29646937","0.0","5","4","false","包衛","180.2","5","0","0","0.52539405","false","0","包衛","80676","0.26352941","PERSON"
"2454","3.17267951","1.7636E-4","0.31519099","0.0","4","4","false","勵建","355.75","4","0","0","0.5654641","false","0","勵建","410018","0.36685626","PERSON"
"2455","3.83817863","0.0","0.26054024","0.0","1","5","false","勤王","24.0","1","0","0","0.43236427","false","0","勤王","0","0.0","PERSON"
"2456","3.7267951","2.35E-6","0.26832707","0.0","5","5","false","募莊","73.2","5","0","0","0.45464098","false","0","募莊","3284","0.40561798","PERSON"
"2457","3.70297723","1.08E-6","0.27005297","0.0","2","4","false","募劉","122.5","2","0","0","0.45940455","false","0","募劉","376","0.57311321","PERSON"
"2458","3.74500876","0.0","0.26702207","0.0","1","5","false","勞錦","157.0","1","0","0","0.45099825","false","0","勞錦","0","0.0","PERSON"
"2459","3.44028021","0.0","0.290674","0.0","1","4","false","勞聞","589.0","1","0","0","0.51194396","false","0","勞聞","0","0.0","PERSON"
"2460","3.84658494","0.0","0.25997086","0.0","1","5","false","勞添","12.0","1","0","0","0.43068301","false","0","勞添","0","0.0","PERSON"
"2461","2.84833625","2.5668E-4","0.35108214","0.0","10","4","false","外交委","60.5","10","0","0","0.63033275","false","0","外交委","212068","0.14302885","ORG"
"2462","2.84833625","2.5668E-4","0.35108214","0.0","10","4","false","中華國貨維持會","60.5","10","0","0","0.63033275","false","0","中華國貨維持會","212068","0.14302885","ORG"
"2463","2.83222417","0.00116128","0.3530794","0.0","33","4","false","監督交涉署","34.6969697","33","0","0","0.63355517","false","0","監督交涉署","1103730","0.08100233","ORG"
"2464","2.83222417","0.00116128","0.3530794","0.0","33","4","false","爾懋業銀行","34.6969697","33","0","0","0.63355517","false","0","爾懋業銀行","1103730","0.08100233","ORG"
"2465","2.83222417","0.00116128","0.3530794","0.0","33","4","false","喬勃美商會會","34.6969697","33","0","0","0.63355517","false","0","喬勃美商會會","1103730","0.08100233","ORG"
"2466","2.8525394","9.37E-6","0.35056483","0.0","4","4","false","赴京關會","156.0","4","0","0","0.62949212","false","0","赴京關會","24990","0.37259615","ORG"
"2467","2.79789842","0.00741523","0.35741112","0.0","67","4","false","勞敬","62.8358209","67","0","0","0.64042032","false","0","勞敬","6953812","0.04297138","PERSON"
"2468","3.77232925","1.2561E-4","0.26508821","0.0","2","5","false","勞念","60.0","2","0","0","0.44553415","false","0","勞念","6640","0.50862069","PERSON"
"2469","2.82311734","0.00461525","0.35421836","0.0","43","3","false","總商會民治委","27.09302326","43","0","0","0.63537653","false","0","總商會民治委","2470564","0.06227452",""
"2470","2.84063047","7.7827E-4","0.35203453","0.0","21","4","false","民治委員會","27.19047619","21","0","0","0.63187391","false","0","民治委員會","377476","0.06295788","ORG"
"2471","2.84063047","7.7827E-4","0.35203453","0.0","21","4","false","全浙西式木器工會粤僑工界聯合會船務棧房工會","27.19047619","21","0","0","0.63187391","false","0","全浙西式木器工會粤僑工界聯合會船務棧房工會","377476","0.06295788","ORG"
"2472","2.84063047","7.7827E-4","0.35203453","0.0","21","4","false","中華印刷工界聯合會機器工人俱樂部","27.19047619","21","0","0","0.63187391","false","0","中華印刷工界聯合會機器工人俱樂部","377476","0.06295788","ORG"
"2473","3.42977233","2.871E-5","0.29156454","0.0","5","4","false","務祈","139.0","5","0","0","0.51404553","false","0","務祈","16472","0.23038397","PERSON"
"2474","3.79404553","3.68E-6","0.2635709","0.0","15","4","false","劍塵","38.6","15","0","0","0.44119089","false","0","劍塵","3374","0.54492754","PERSON"
"2475","3.73590193","1.3321E-4","0.26767298","0.0","16","4","false","劉鴻生","34.8125","16","0","0","0.45281961","false","0","劉鴻生","69304","0.22392384","PERSON"
"2476","3.84168126","1.0E-8","0.2603027","0.0","2","5","false","劉雁","18.0","2","0","0","0.43166375","false","0","劉雁","2","1.0","PERSON"
"2477","3.78563923","1.16E-6","0.26415618","0.0","4","5","false","劉錫","44.25","4","0","0","0.44287215","false","0","劉錫","426","0.45526316","PERSON"
"2478","3.82206655","0.0","0.26163856","0.0","1","5","false","劉金生","47.0","1","0","0","0.43558669","false","0","劉金生","0","0.0","PERSON"
"2479","3.45078809","2.018E-5","0.28978888","0.0","3","4","false","劉述","228.0","3","0","0","0.50984238","false","0","劉述","33398","0.39754816","PERSON"
"2480","3.64063047","5.678E-4","0.2746777","0.0","6","4","false","劉石","96.16666667","6","0","0","0.47187391","false","0","劉石","158732","0.32042649","PERSON"
"2481","3.84448336","0.0","0.26011297","0.0","1","5","false","劉王","15.0","1","0","0","0.43110333","false","0","劉王","0","0.0","PERSON"
"2482","2.84063047","0.00242422","0.35203453","0.0","21","4","false","西班牙領事公署","25.80952381","21","0","0","0.63187391","false","0","西班牙領事公署","595216","0.05963828","ORG"
"2483","2.84063047","0.00242422","0.35203453","0.0","21","4","false","聯合交易所股份有限公司","25.80952381","21","0","0","0.63187391","false","0","聯合交易所股份有限公司","595216","0.05963828","ORG"
"2484","2.84063047","0.00242422","0.35203453","0.0","21","4","false","海陸産貨券聯合交易所股份有限公司","25.80952381","21","0","0","0.63187391","false","0","海陸産貨券聯合交易所股份有限公司","595216","0.05963828","ORG"
"2485","2.84063047","0.00242422","0.35203453","0.0","21","4","false","東亞物券交易所股份有限公司籌備","25.80952381","21","0","0","0.63187391","false","0","東亞物券交易所股份有限公司籌備","595216","0.05963828","ORG"
"2486","2.84063047","0.00242422","0.35203453","0.0","21","4","false","上海函授交易所","25.80952381","21","0","0","0.63187391","false","0","上海函授交易所","595216","0.05963828","ORG"
"2487","3.83747811","1.2E-7","0.26058781","0.0","5","5","false","劉玉","21.0","5","0","0","0.43250438","false","0","劉玉","20","1.0","PERSON"
"2488","2.84623468","7.3557E-4","0.35134137","0.0","13","4","false","白十字會","51.84615385","13","0","0","0.63075306","false","0","白十字會","418462","0.12222633","ORG"
"2489","2.84623468","7.3557E-4","0.35134137","0.0","13","4","false","浙紹永錫堂","51.84615385","13","0","0","0.63075306","false","0","浙紹永錫堂","418462","0.12222633","ORG"
"2490","2.84623468","7.3557E-4","0.35134137","0.0","13","4","false","松江分會","51.84615385","13","0","0","0.63075306","false","0","松江分會","418462","0.12222633","ORG"
"2491","2.84623468","7.3557E-4","0.35134137","0.0","13","4","false","中國中國紅十字會會","51.84615385","13","0","0","0.63075306","false","0","中國中國紅十字會會","418462","0.12222633","ORG"
"2492","2.84623468","7.3557E-4","0.35134137","0.0","13","4","false","中國濟生會","51.84615385","13","0","0","0.63075306","false","0","中國濟生會","418462","0.12222633","ORG"
"2493","3.84308231","1.9E-7","0.2602078","0.0","5","5","false","劉汝","13.0","5","0","0","0.43138354","false","0","劉汝","20","1.0","PERSON"
"2494","3.67425569","0.0","0.27216397","0.0","1","5","false","劉景","258.0","1","0","0","0.46514886","false","0","劉景","0","0.0","PERSON"
"2495","2.83992995","9.1036E-4","0.35212136","0.0","22","4","false","浙江省民治促進","25.59090909","22","0","0","0.63201401","false","0","浙江省民治促進","377088","0.05911276","ORG"
"2496","2.83992995","9.1036E-4","0.35212136","0.0","22","4","false","吉林省議會","25.59090909","22","0","0","0.63201401","false","0","吉林省議會","377088","0.05911276","ORG"
"2497","2.83992995","9.1036E-4","0.35212136","0.0","22","4","false","南京學生聯合會","25.59090909","22","0","0","0.63201401","false","0","南京學生聯合會","377088","0.05911276","ORG"
"2498","2.83992995","9.1036E-4","0.35212136","0.0","22","4","false","全國國民外交大會","25.59090909","22","0","0","0.63201401","false","0","全國國民外交大會","377088","0.05911276","ORG"
"2499","3.48021016","1.632E-5","0.28733897","0.0","5","4","false","劉映","123.2","5","0","0","0.50395797","false","0","劉映","4212","0.23187856","PERSON"
"2500","3.80525394","1.0E-8","0.26279455","0.0","3","5","false","劉少","69.0","3","0","0","0.43894921","false","0","劉少","6","1.0","PERSON"
"2501","3.82206655","9.0E-8","0.26163856","0.0","6","5","false","劉守訓","42.0","6","0","0","0.43558669","false","0","劉守訓","30","1.0","PERSON"
"2502","3.70297723","1.08E-6","0.27005297","0.0","2","4","false","劉子","122.5","2","0","0","0.45940455","false","0","劉子","376","0.57311321","PERSON"
"2503","3.81155867","1.5E-7","0.26235986","0.0","2","5","false","劉劼夫","46.0","2","0","0","0.43768827","false","0","劉劼夫","62","0.75","PERSON"
"2504","3.81295972","7.4E-7","0.26226346","0.0","6","5","false","劉元","35.83333333","6","0","0","0.43740806","false","0","劉元","260","0.64506173","PERSON"
"2505","3.84448336","0.0","0.26011297","0.0","1","5","false","劉仲言","15.0","1","0","0","0.43110333","false","0","劉仲言","0","0.0","PERSON"
"2506","3.78774081","1.73E-6","0.26400962","0.0","4","5","false","副項松","49.5","4","0","0","0.44245184","false","0","副項松","1660","0.52717391","PERSON"
"2507","3.42556918","1.958E-5","0.29192229","0.0","5","4","false","副島綱","159.6","5","0","0","0.51488616","false","0","副島綱","20154","0.26214876","PERSON"
"2508","3.42556918","1.958E-5","0.29192229","0.0","5","4","false","副島","159.6","5","0","0","0.51488616","false","0","副島","20154","0.26214876","PERSON"
"2509","3.64343257","1.276E-5","0.27446645","0.0","3","4","false","初陳","133.0","3","0","0","0.47131349","false","0","初陳","18476","0.44594595","PERSON"
"2510","3.79964974","0.0","0.26318215","0.0","1","4","false","初趙","76.0","1","0","0","0.44007005","false","0","初趙","0","0.0","PERSON"
"2511","3.2028021","1.1485E-4","0.3122266","0.0","4","4","false","初徐可陞","344.25","4","0","0","0.55943958","false","0","初徐可陞","311930","0.37148268","PERSON"
"2512","3.80035026","5.5E-7","0.26313364","0.0","3","4","false","凌鴻","45.66666667","3","0","0","0.43992995","false","0","凌鴻","182","0.62037037","PERSON"
"2513","3.80595447","1.0E-8","0.26274618","0.0","3","5","false","凌雲","68.0","3","0","0","0.43880911","false","0","凌雲","6","1.0","PERSON"
"2514","2.82521891","0.00917141","0.35395487","0.0","43","4","false","上海絲繭銀行","18.06976744","43","0","0","0.63495622","false","0","上海絲繭銀行","2340664","0.04103309","ORG"
"2515","2.82942207","0.00746472","0.35342907","0.0","37","4","false","上海日夜銀行","18.75675676","37","0","0","0.63411559","false","0","上海日夜銀行","1815140","0.04268451","ORG"
"2516","3.7793345","6.136E-5","0.26459685","0.0","5","5","false","凌芝","56.8","5","0","0","0.4441331","false","0","凌芝","24992","0.54174757","PERSON"
"2517","2.84903678","6.8544E-4","0.35099582","0.0","9","4","false","浙振籌備會","53.66666667","9","0","0","0.63019264","false","0","浙振籌備會","204182","0.12660256","ORG"
"2518","2.84903678","6.8544E-4","0.35099582","0.0","9","4","false","橫濱三江公所","53.66666667","9","0","0","0.63019264","false","0","橫濱三江公所","204182","0.12660256","ORG"
"2519","2.84903678","6.8544E-4","0.35099582","0.0","9","4","false","大阪川口中華總商會三江公所","53.66666667","9","0","0","0.63019264","false","0","大阪川口中華總商會三江公所","204182","0.12660256","ORG"
"2520","3.45989492","2.5961E-4","0.28902612","0.0","11","4","false","凌希陶","65.45454545","11","0","0","0.50802102","false","0","凌希陶","66428","0.11719008","PERSON"
"2521","3.41646235","1.128E-5","0.29270043","0.0","2","4","false","冰業","324.5","2","0","0","0.51670753","false","0","冰業","29206","0.52093398","PERSON"
"2522","3.41015762","2.4138E-4","0.29324158","0.0","5","4","false","冠南","149.0","5","0","0","0.51796848","false","0","冠南","163012","0.23604466","PERSON"
"2523","3.76042032","0.0","0.26592772","0.0","1","5","false","冕士","135.0","1","0","0","0.44791594","false","0","冕士","0","0.0","PERSON"
"2524","3.74500876","0.0","0.26702207","0.0","1","5","false","冕候","157.0","1","0","0","0.45099825","false","0","冕候","0","0.0","PERSON"
"2525","3.74500876","0.0","0.26702207","0.0","1","5","false","典宗雲","157.0","1","0","0","0.45099825","false","0","典宗雲","0","0.0","PERSON"
"2526","3.81225919","0.0","0.26231165","0.0","1","5","false","公謹","61.0","1","0","0","0.43754816","false","0","公謹","0","0.0","PERSON"
"2527","3.39474606","0.00119489","0.29457284","0.0","6","4","false","公炎","149.16666667","6","0","0","0.52105079","false","0","公炎","314312","0.22865226","PERSON"
"2528","3.79964974","0.0","0.26318215","0.0","1","4","false","公浛","76.0","1","0","0","0.44007005","false","0","公浛","0","0.0","PERSON"
"2529","3.68756567","9.97E-6","0.27118161","0.0","3","4","false","公洽","124.33333333","3","0","0","0.46248687","false","0","公洽","12266","0.52932761","PERSON"
"2530","3.47250438","2.486E-5","0.2879766","0.0","6","4","false","公泉","109.5","6","0","0","0.50549912","false","0","公泉","11594","0.20204842","PERSON"
"2531","2.83712785","7.3635E-4","0.35246914","0.0","23","3","false","馮存仁堂","34.04347826","23","0","0","0.63257443","false","0","馮存仁堂","642820","0.07886272","ORG"
"2532","2.83712785","7.3635E-4","0.35246914","0.0","23","3","false","錢業同業公會","34.04347826","23","0","0","0.63257443","false","0","錢業同業公會","642820","0.07886272","ORG"
"2533","2.82732049","0.00273082","0.35369177","0.0","37","3","false","華洋義振救災會","26.75675676","37","0","0","0.6345359","false","0","華洋義振救災會","1693914","0.06147197","ORG"
"2534","2.83712785","7.3635E-4","0.35246914","0.0","23","3","false","浦東中學","34.04347826","23","0","0","0.63257443","false","0","浦東中學","642820","0.07886272","ORG"
"2535","2.83712785","7.3635E-4","0.35246914","0.0","23","3","false","募浙振大會連","34.04347826","23","0","0","0.63257443","false","0","募浙振大會連","642820","0.07886272","ORG"
"2536","3.47250438","2.486E-5","0.2879766","0.0","6","4","false","公毀","109.5","6","0","0","0.50549912","false","0","公毀","11594","0.20204842","PERSON"
"2537","3.79404553","3.68E-6","0.2635709","0.0","15","4","false","公孟","38.6","15","0","0","0.44119089","false","0","公孟","3374","0.54492754","PERSON"
"2538","3.38073555","1.415E-4","0.29579362","0.0","6","4","false","公子","152.16666667","6","0","0","0.52385289","false","0","公子","142014","0.22629741","PERSON"
"2539","3.81295972","0.0","0.26226346","0.0","1","5","false","公和","60.0","1","0","0","0.43740806","false","0","公和","0","0.0","PERSON"
"2540","3.43957968","2.65E-6","0.2907332","0.0","2","4","false","公俞","313.0","2","0","0","0.51208406","false","0","公俞","1142","0.53061224","PERSON"
"2541","3.2441331","6.816E-5","0.30824876","0.0","5","4","false","兒玉","251.0","5","0","0","0.55117338","false","0","兒玉","191564","0.28935185","PERSON"
"2542","2.82661996","0.00296892","0.35377943","0.0","41","4","false","全國學生總會","26.56097561","41","0","0","0.63467601","false","0","全國學生總會","2074404","0.06144465","ORG"
"2543","3.44238179","1.843E-5","0.29049654","0.0","3","4","false","克遜","230.33333333","3","0","0","0.51152364","false","0","克遜","37238","0.39336764","PERSON"
"2544","3.74500876","0.0","0.26702207","0.0","1","5","false","克晨","157.0","1","0","0","0.45099825","false","0","克晨","0","0.0","PERSON"
"2545","3.70297723","1.08E-6","0.27005297","0.0","2","4","false","兆蘭君五","122.5","2","0","0","0.45940455","false","0","兆蘭君五","376","0.57311321","PERSON"
"2546","3.81225919","0.0","0.26231165","0.0","1","5","false","兆安迪生","61.0","1","0","0","0.43754816","false","0","兆安迪生","0","0.0","PERSON"
"2547","2.83292469","0.0026099","0.35299209","0.0","32","4","false","萬國木植材料物劵交易所","19.09375","32","0","0","0.63341506","false","0","萬國木植材料物劵交易所","813586","0.04349459","ORG"
"2548","2.83292469","0.0026099","0.35299209","0.0","32","4","false","民良公司","19.09375","32","0","0","0.63341506","false","0","民良公司","813586","0.04349459","ORG"
"2549","2.83292469","0.0026099","0.35299209","0.0","32","4","false","延德堂","19.09375","32","0","0","0.63341506","false","0","延德堂","813586","0.04349459","ORG"
"2550","2.83292469","0.0026099","0.35299209","0.0","32","4","false","公共租界會審","19.09375","32","0","0","0.63341506","false","0","公共租界會審","813586","0.04349459","ORG"
"2551","2.83292469","0.0026099","0.35299209","0.0","32","4","false","上海聯益","19.09375","32","0","0","0.63341506","false","0","上海聯益","813586","0.04349459","ORG"
"2552","3.81295972","7.4E-7","0.26226346","0.0","6","5","false","元顧","35.83333333","6","0","0","0.43740806","false","0","元顧","260","0.64506173","PERSON"
"2553","3.43957968","1.99E-6","0.2907332","0.0","2","4","false","元請","315.0","2","0","0","0.51208406","false","0","元請","1098","0.53401361","PERSON"
"2554","3.83397548","3.0E-8","0.26082587","0.0","3","5","false","元珪","28.0","3","0","0","0.4332049","false","0","元珪","6","1.0","PERSON"
"2555","3.73870403","2.34E-6","0.26747236","0.0","6","4","false","元無","67.16666667","6","0","0","0.45225919","false","0","元無","1150","0.42144374","PERSON"
"2556","3.73870403","2.34E-6","0.26747236","0.0","6","4","false","元昌祥五元","67.16666667","6","0","0","0.45225919","false","0","元昌祥五元","1150","0.42144374","PERSON"
"2557","3.70297723","1.08E-6","0.27005297","0.0","2","4","false","元張","122.5","2","0","0","0.45940455","false","0","元張","376","0.57311321","PERSON"
"2558","2.84203152","0.00333256","0.35186098","0.0","19","4","false","禮查飯店","34.26315789","19","0","0","0.6315937","false","0","禮查飯店","717480","0.07995951","ORG"
"2559","2.84203152","0.00333256","0.35186098","0.0","19","4","false","浙災分委辦會","34.26315789","19","0","0","0.6315937","false","0","浙災分委辦會","717480","0.07995951","ORG"
"2560","2.84203152","0.00333256","0.35186098","0.0","19","4","false","昌興輪船公司","34.26315789","19","0","0","0.6315937","false","0","昌興輪船公司","717480","0.07995951","ORG"
"2561","3.43117338","3.298E-4","0.29144549","0.0","6","4","false","元妙觀","114.5","6","0","0","0.51376532","false","0","元妙觀","118116","0.19043624","PERSON"
"2562","3.44028021","0.0","0.290674","0.0","1","4","false","儀遞","589.0","1","0","0","0.51194396","false","0","儀遞","0","0.0","PERSON"
"2563","3.81225919","0.0","0.26231165","0.0","1","5","false","僑林","61.0","1","0","0","0.43754816","false","0","僑林","0","0.0","PERSON"
"2564","3.81225919","0.0","0.26231165","0.0","1","5","false","僑何","61.0","1","0","0","0.43754816","false","0","僑何","0","0.0","PERSON"
"2565","2.8497373","2.8704E-4","0.35090954","0.0","8","4","false","徐浙軍第一師","57.375","8","0","0","0.63005254","false","0","徐浙軍第一師","105454","0.13551683","ORG"
"2566","2.84553415","2.2611E-4","0.35142787","0.0","14","4","false","陸軍部","64.28571429","14","0","0","0.63089317","false","0","陸軍部","287088","0.15212912","ORG"
"2567","2.84553415","2.2611E-4","0.35142787","0.0","14","4","false","總商會保管委","64.28571429","14","0","0","0.63089317","false","0","總商會保管委","287088","0.15212912",""
"2568","2.84553415","2.2611E-4","0.35142787","0.0","14","4","false","東南通信社","64.28571429","14","0","0","0.63089317","false","0","東南通信社","287088","0.15212912","ORG"
"2569","2.84553415","3.6171E-4","0.35142787","0.0","14","4","false","餘姚旅滬同鄉","56.28571429","14","0","0","0.63089317","false","0","餘姚旅滬同鄉","395648","0.13289835","ORG"
"2570","2.84553415","3.6171E-4","0.35142787","0.0","14","4","false","定海旅滬同鄉","56.28571429","14","0","0","0.63089317","false","0","定海旅滬同鄉","395648","0.13289835","ORG"
"2571","2.84553415","3.6171E-4","0.35142787","0.0","14","4","false","奉化旅滬同鄉","56.28571429","14","0","0","0.63089317","false","0","奉化旅滬同鄉","395648","0.13289835","ORG"
"2572","2.84553415","3.6171E-4","0.35142787","0.0","14","4","false","執政陸軍部","56.28571429","14","0","0","0.63089317","false","0","執政陸軍部","395648","0.13289835","ORG"
"2573","2.84553415","3.6171E-4","0.35142787","0.0","14","4","false","台州旅滬同鄉","56.28571429","14","0","0","0.63089317","false","0","台州旅滬同鄉","395648","0.13289835","ORG"
"2574","3.28336252","3.495E-4","0.30456582","0.0","16","4","false","傳芳","77.4375","16","0","0","0.5433275","false","0","傳芳","374640","0.09590652","PERSON"
"2575","3.70297723","1.08E-6","0.27005297","0.0","2","4","false","傳經堂","122.5","2","0","0","0.45940455","false","0","傳經堂","376","0.57311321","PERSON"
"2576","2.83642732","8.9762E-4","0.35255619","0.0","27","4","false","公共公廨","38.62962963","27","0","0","0.63271454","false","0","公共公廨","848716","0.09045584","ORG"
"2577","2.83642732","8.9762E-4","0.35255619","0.0","27","4","false","全國各界公鑒","38.62962963","27","0","0","0.63271454","false","0","全國各界公鑒","848716","0.09045584","ORG"
"2578","3.23152364","1.0573E-4","0.30945155","0.0","5","4","false","傳筱","259.0","5","0","0","0.55369527","false","0","傳筱","262844","0.29251701","PERSON"
"2579","3.70297723","1.08E-6","0.27005297","0.0","2","4","false","傳永瑞","122.5","2","0","0","0.45940455","false","0","傳永瑞","376","0.57311321","PERSON"
"2580","2.81260946","0.03865263","0.35554172","0.0","61","4","false","浙閩蘇皖贛聯軍","9.1147541","61","0","0","0.63747811","false","0","浙閩蘇皖贛聯軍","2201566","0.01950662","ORG"
"2581","3.81225919","0.0","0.26231165","0.0","1","5","false","傳崙","61.0","1","0","0","0.43754816","false","0","傳崙","0","0.0","PERSON"
"2582","3.39544658","4.369E-5","0.29451207","0.0","4","4","false","備良","216.5","4","0","0","0.52091068","false","0","備良","86760","0.33204931","PERSON"
"2583","3.72399299","3.196E-5","0.26852897","0.0","5","5","false","傅達","59.0","5","0","0","0.4552014","false","0","傅達","8196","0.31868132","PERSON"
"2584","2.84343257","4.436E-4","0.35168761","0.0","17","4","false","馳名南肉經售","50.05882353","17","0","0","0.63131349","false","0","馳名南肉經售","385584","0.11792986","ORG"
"2585","2.82942207","0.00129404","0.35342907","0.0","37","4","false","石傳兩會","37.24324324","37","0","0","0.63411559","false","0","石傳兩會","1357442","0.08712318","ORG"
"2586","2.95901926","0.00136399","0.33794981","0.0","13","4","false","傅筱庵","190.61538462","13","0","0","0.60819615","false","0","傅筱庵","2192168","0.15013095","PERSON"
"2587","3.81366025","0.0","0.26221528","0.0","1","5","false","傅宗耀","59.0","1","0","0","0.43726795","false","0","傅宗耀","0","0.0","PERSON"
"2588","3.78563923","1.16E-6","0.26415618","0.0","4","5","false","健盧","44.25","4","0","0","0.44287215","false","0","健盧","426","0.45526316","PERSON"
"2589","2.82101576","0.00289784","0.35448224","0.0","49","4","false","豆業萃秀堂","14.46938776","49","0","0","0.63579685","false","0","豆業萃秀堂","1096628","0.03237834","ORG"
"2590","2.82101576","0.00289784","0.35448224","0.0","49","4","false","智德堂","14.46938776","49","0","0","0.63579685","false","0","智德堂","1096628","0.03237834","ORG"
"2591","2.82101576","0.00289784","0.35448224","0.0","49","4","false","政記公司","14.46938776","49","0","0","0.63579685","false","0","政記公司","1096628","0.03237834","ORG"
"2592","2.82101576","0.00289784","0.35448224","0.0","49","4","false","仁穀堂","14.46938776","49","0","0","0.63579685","false","0","仁穀堂","1096628","0.03237834","ORG"
"2593","2.82101576","0.00289784","0.35448224","0.0","49","4","false","上海雜糧交易所","14.46938776","49","0","0","0.63579685","false","0","上海雜糧交易所","1096628","0.03237834","ORG"
"2594","3.73870403","2.34E-6","0.26747236","0.0","6","4","false","偉臣","67.16666667","6","0","0","0.45225919","false","0","偉臣","1150","0.42144374","PERSON"
"2595","3.80595447","1.0E-8","0.26274618","0.0","3","5","false","偉士","68.0","3","0","0","0.43880911","false","0","偉士","6","1.0","PERSON"
"2596","3.74500876","0.0","0.26702207","0.0","1","5","false","偉候","157.0","1","0","0","0.45099825","false","0","偉候","0","0.0","PERSON"
"2597","3.13555166","4.6464E-4","0.31892315","0.0","6","4","false","倪遠","257.16666667","6","0","0","0.57288967","false","0","倪遠","568566","0.2516372","PERSON"
"2598","3.75691769","0.0","0.26617565","0.0","1","4","false","倪旡","137.0","1","0","0","0.44861646","false","0","倪旡","0","0.0","PERSON"
"2599","2.84483363","0.00909693","0.35151441","0.0","15","4","false","藥業商團","30.06666667","15","0","0","0.63103327","false","0","藥業商團","412920","0.06987179","ORG"
"2600","3.84448336","0.0","0.26011297","0.0","1","5","false","倪文","15.0","1","0","0","0.43110333","false","0","倪文","0","0.0","PERSON"
"2601","3.74500876","0.0","0.26702207","0.0","1","5","false","俶東","157.0","1","0","0","0.45099825","false","0","俶東","0","0.0","PERSON"
"2602","3.2028021","1.1485E-4","0.3122266","0.0","4","4","false","修馮","344.25","4","0","0","0.55943958","false","0","修馮","311930","0.37148268","PERSON"
"2603","2.83222417","9.1742E-4","0.3530794","0.0","33","4","false","總商會會","31.18181818","33","0","0","0.63355517","false","0","總商會會","765466","0.07255245",""
"2604","2.83222417","9.1742E-4","0.3530794","0.0","33","4","false","築公司","31.18181818","33","0","0","0.63355517","false","0","築公司","765466","0.07255245","ORG"
"2605","3.24553415","6.693E-5","0.30811569","0.0","5","4","false","修謝","245.4","5","0","0","0.55089317","false","0","修謝","186596","0.28352668","PERSON"
"2606","3.67425569","0.0","0.27216397","0.0","1","5","false","修虞","258.0","1","0","0","0.46514886","false","0","修虞","0","0.0","PERSON"
"2607","3.39684764","1.2371E-4","0.2943906","0.0","3","4","false","修聞","228.0","3","0","0","0.52063047","false","0","修聞","64996","0.35030864","PERSON"
"2608","3.80525394","1.0E-8","0.26279455","0.0","3","5","false","修相","69.0","3","0","0","0.43894921","false","0","修相","6","1.0","PERSON"
"2609","3.84308231","1.1E-7","0.2602078","0.0","4","5","false","修劉","14.0","4","0","0","0.43138354","false","0","修劉","12","1.0","PERSON"
"2610","3.84448336","2.0E-8","0.26011297","0.0","2","5","false","修何","14.0","2","0","0","0.43110333","false","0","修何","2","1.0","PERSON"
"2611","3.81295972","0.0","0.26226346","0.0","1","5","false","信昌","60.0","1","0","0","0.43740806","false","0","信昌","0","0.0","PERSON"
"2612","2.8469352","7.2491E-4","0.35125492","0.0","12","4","false","蘇浙和平協會","44.41666667","12","0","0","0.63061296","false","0","蘇浙和平協會","311138","0.10436699","ORG"
"2613","2.82451839","0.00243599","0.35404266","0.0","44","4","false","省敎育會","26.02272727","44","0","0","0.63509632","false","0","省敎育會","1928190","0.06015079","ORG"
"2614","3.79824869","7.1E-7","0.26327923","0.0","3","5","false","俞鳳韶","36.66666667","3","0","0","0.44035026","false","0","俞鳳韶","274","0.45726496","PERSON"
"2615","2.83292469","0.00343523","0.35299209","0.0","32","4","false","普益習藝所","15.40625","32","0","0","0.63341506","false","0","普益習藝所","729612","0.03463041","ORG"
"2616","3.70297723","1.08E-6","0.27005297","0.0","2","4","false","俞守","122.5","2","0","0","0.45940455","false","0","俞守","376","0.57311321","PERSON"
"2617","3.79404553","3.68E-6","0.2635709","0.0","15","4","false","俞壽","38.6","15","0","0","0.44119089","false","0","俞壽","3374","0.54492754","PERSON"
"2618","2.83152364","0.00561534","0.35316675","0.0","34","4","false","總商會商事公斷","38.38235294","34","0","0","0.63369527","false","0","總商會商事公斷","2016422","0.08986143",""
"2619","3.83117338","0.0","0.26101664","0.0","1","5","false","俞培笙","34.0","1","0","0","0.43376532","false","0","俞培笙","0","0.0","PERSON"
"2620","3.72539405","3.01E-6","0.26842798","0.0","7","5","false","俞國珍","59.0","7","0","0","0.45492119","false","0","俞國珍","1722","0.3258427","PERSON"
"2621","2.8469352","0.00652448","0.35125492","0.0","12","4","false","浙江杭餘長途汽車公司","36.0","12","0","0","0.63061296","false","0","浙江杭餘長途汽車公司","295222","0.08413462","ORG"
"2622","3.84658494","0.0","0.25997086","0.0","1","5","false","俞化","12.0","1","0","0","0.43068301","false","0","俞化","0","0.0","PERSON"
"2623","3.79404553","3.68E-6","0.2635709","0.0","15","4","false","俞丹屏","38.6","15","0","0","0.44119089","false","0","俞丹屏","3374","0.54492754","PERSON"
"2624","3.82206655","0.0","0.26163856","0.0","1","5","false","保釐","47.0","1","0","0","0.43558669","false","0","保釐","0","0.0","PERSON"
"2625","2.83292469","0.00148386","0.35299209","0.0","32","4","false","民生謂商會聯合","18.59375","32","0","0","0.63341506","false","0","民生謂商會聯合","697370","0.04229267","ORG"
"2626","3.42136602","5.8945E-4","0.29228092","0.0","9","4","false","保卿","104.0","9","0","0","0.5157268","false","0","保卿","341624","0.16968699","PERSON"
"2627","3.80525394","1.0E-8","0.26279455","0.0","3","5","false","俊寶","69.0","3","0","0","0.43894921","false","0","俊寶","6","1.0","PERSON"
"2628","2.85043783","2.9058E-4","0.3508233","0.0","7","4","false","上海飲和室公司","72.71428571","7","0","0","0.62991243","false","0","上海飲和室公司","110950","0.17239011","ORG"
"2629","2.85043783","2.9058E-4","0.3508233","0.0","7","4","false","上海北火","72.71428571","7","0","0","0.62991243","false","0","上海北火","110950","0.17239011","ORG"
"2630","2.8497373","5.2482E-4","0.35090954","0.0","8","4","false","發兌街嬰製藥公司","63.625","8","0","0","0.63005254","false","0","發兌街嬰製藥公司","154958","0.15054087","ORG"
"2631","2.8497373","5.2482E-4","0.35090954","0.0","8","4","false","毛玉書幼科醫室","63.625","8","0","0","0.63005254","false","0","毛玉書幼科醫室","154958","0.15054087","ORG"
"2632","2.85113835","2.1237E-4","0.3507371","0.0","6","4","false","豫章磁業公司","83.5","6","0","0","0.62977233","false","0","豫章磁業公司","89140","0.19831731","ORG"
"2633","2.85113835","2.1237E-4","0.3507371","0.0","6","4","false","豫章公司","83.5","6","0","0","0.62977233","false","0","豫章公司","89140","0.19831731","ORG"
"2634","2.85113835","2.1237E-4","0.3507371","0.0","6","4","false","特羅資基","83.5","6","0","0","0.62977233","false","0","特羅資基","89140","0.19831731","ORG"
"2635","2.85113835","1.1797E-4","0.3507371","0.0","6","4","false","安慶教育會商務總會農會學生聯合會","84.0","6","0","0","0.62977233","false","0","安慶教育會商務總會農會學生聯合會","86174","0.19951923","ORG"
"2636","2.85113835","1.1797E-4","0.3507371","0.0","6","4","false","上海花旗銀行","84.0","6","0","0","0.62977233","false","0","上海花旗銀行","86174","0.19951923","ORG"
"2637","2.85113835","1.1797E-4","0.3507371","0.0","6","4","false","江蘇銀行","84.0","6","0","0","0.62977233","false","0","江蘇銀行","86174","0.19951923","ORG"
"2638","3.36042032","5.7811E-4","0.29758182","0.0","16","4","false","侯秦","53.4375","16","0","0","0.52791594","false","0","侯秦","222260","0.07632824","PERSON"
"2639","3.67425569","0.0","0.27216397","0.0","1","5","false","佳石","258.0","1","0","0","0.46514886","false","0","佳石","0","0.0","PERSON"
"2640","2.83642732","0.00232478","0.35255619","0.0","27","4","false","閘北童子軍","25.88888889","27","0","0","0.63271454","false","0","閘北童子軍","1057670","0.05982906","ORG"
"2641","2.83642732","0.00232478","0.35255619","0.0","27","4","false","甲子社出版部","25.88888889","27","0","0","0.63271454","false","0","甲子社出版部","1057670","0.05982906","ORG"
"2642","2.83642732","0.00232478","0.35255619","0.0","27","4","false","捲烟業公會","25.88888889","27","0","0","0.63271454","false","0","捲烟業公會","1057670","0.05982906","ORG"
"2643","3.78563923","1.16E-6","0.26415618","0.0","4","5","false","佳楊","44.25","4","0","0","0.44287215","false","0","佳楊","426","0.45526316","PERSON"
"2644","3.79404553","3.68E-6","0.2635709","0.0","15","4","false","作士","38.6","15","0","0","0.44119089","false","0","作士","3374","0.54492754","PERSON"
"2645","2.8497373","7.186E-4","0.35090954","0.0","8","4","false","上海東方滙理銀行","63.5","8","0","0","0.63005254","false","0","上海東方滙理銀行","154896","0.15024038","ORG"
"2646","3.83327496","3.3E-7","0.26087354","0.0","2","4","false","佛郎","17.5","2","0","0","0.43334501","false","0","佛郎","46","0.63461538","PERSON"
"2647","3.40105079","9.714E-5","0.29402678","0.0","4","4","false","余鵬","203.0","4","0","0","0.51978984","false","0","余鵬","66310","0.31513261","PERSON"
"2648","3.80945709","8.8E-7","0.2625046","0.0","3","5","false","余錫品","30.33333333","3","0","0","0.43810858","false","0","余錫品","202","0.47311828","PERSON"
"2649","3.80035026","5.5E-7","0.26313364","0.0","3","4","false","余議","45.66666667","3","0","0","0.43992995","false","0","余議","182","0.62037037","PERSON"
"2650","2.8","0.00674932","0.35714286","0.0","76","3","false","天津永利製鹼公司","17.89473684","76","0","0","0.64","false","0","天津永利製鹼公司","5613780","0.04032157","ORG"
"2651","2.8028021","0.00530459","0.3567858","0.0","75","4","false","香港法公司","18.62666667","75","0","0","0.63943958","false","0","香港法公司","5481862","0.04237179","ORG"
"2652","2.8028021","0.00530459","0.3567858","0.0","75","4","false","號姜堰萃豐公司","18.62666667","75","0","0","0.63943958","false","0","號姜堰萃豐公司","5481862","0.04237179","ORG"
"2653","2.8028021","0.00530459","0.3567858","0.0","75","4","false","白華洋德律風有限公司","18.62666667","75","0","0","0.63943958","false","0","白華洋德律風有限公司","5481862","0.04237179","ORG"
"2654","2.8056042","0.01143087","0.35642946","0.0","71","4","false","中興煤礦公司","18.43661972","71","0","0","0.63887916","false","0","中興煤礦公司","5488088","0.04191495","ORG"
"2655","3.71208406","6.32E-6","0.26939045","0.0","6","4","false","余詠","91.83333333","6","0","0","0.45758319","false","0","余詠","7580","0.46581197","PERSON"
"2656","3.74781086","4.12E-6","0.26682243","0.0","5","5","false","余葆三","71.2","5","0","0","0.45043783","false","0","余葆三","6936","0.47432432","PERSON"
"2657","3.82837128","0.0","0.26120769","0.0","1","5","false","余華","38.0","1","0","0","0.43432574","false","0","余華","0","0.0","PERSON"
"2658","3.83397548","0.0","0.26082587","0.0","1","4","false","余景誠","27.0","1","0","0","0.4332049","false","0","余景誠","0","0.0","PERSON"
"2659","2.84483363","0.00297441","0.35151441","0.0","15","4","false","總商會關税自主促成","52.8","15","0","0","0.63103327","false","0","總商會關税自主促成","516618","0.12451923",""
"2660","3.84448336","0.0","0.26011297","0.0","1","5","false","余日章","15.0","1","0","0","0.43110333","false","0","余日章","0","0.0","PERSON"
"2661","2.83432574","0.00629916","0.3528176","0.0","27","3","false","中央六一九八營","24.25925926","27","0","0","0.63313485","false","0","中央六一九八營","1041470","0.05551136","ORG"
"2662","2.84903678","5.8064E-4","0.35099582","0.0","9","4","false","中央三六二八","57.0","9","0","0","0.63019264","false","0","中央三六二八","174754","0.13461538","ORG"
"2663","3.39544658","1.879E-4","0.29451207","0.0","4","4","false","余妻","180.5","4","0","0","0.52091068","false","0","余妻","125086","0.27657935","PERSON"
"2664","2.83362522","0.00509179","0.35290482","0.0","31","4","false","聯席會議","24.48387097","31","0","0","0.63327496","false","0","聯席會議","1472162","0.05645161","ORG"
"2665","3.81155867","1.5E-7","0.26235986","0.0","2","5","false","余化","46.0","2","0","0","0.43768827","false","0","余化","62","0.75","PERSON"
"2666","3.39544658","4.369E-5","0.29451207","0.0","4","4","false","余仰","216.5","4","0","0","0.52091068","false","0","余仰","86760","0.33204931","PERSON"
"2667","3.81085814","0.0","0.26240809","0.0","1","5","false","佘錫品","63.0","1","0","0","0.43782837","false","0","佘錫品","0","0.0","PERSON"
"2668","3.74430823","3.19E-6","0.26707203","0.0","4","4","false","何香凝","63.25","4","0","0","0.45113835","false","0","何香凝","3288","0.41225166","PERSON"
"2669","2.81330998","0.03898695","0.35545319","0.0","60","4","false","崇義堂","8.31666667","60","0","0","0.637338","false","0","崇義堂","1706624","0.01758814","ORG"
"2670","3.81295972","0.0","0.26226346","0.0","1","5","false","何長","60.0","1","0","0","0.43740806","false","0","何長","0","0.0","PERSON"
"2671","2.74255692","0.03443453","0.36462324","0.0","158","3","false","中央銀行","15.51265823","158","0","0","0.65148862","false","0","中央銀行","26084896","0.03463642","ORG"
"2672","2.8","0.01111367","0.35714286","0.0","76","3","false","上海伶界聯合","17.63157895","76","0","0","0.64","false","0","上海伶界聯合會","6932938","0.03969351","ORG"
"2673","3.282662","3.6394E-4","0.30463082","0.0","7","4","false","何豐林","175.85714286","7","0","0","0.5434676","false","0","何豐林","472364","0.21667552","PERSON"
"2674","2.83712785","6.868E-4","0.35246914","0.0","26","4","false","十九師軍隊","32.19230769","26","0","0","0.63257443","false","0","十九師軍隊","640986","0.07498151","ORG"
"2675","3.38844133","5.376E-5","0.29512094","0.0","4","4","false","何護","214.5","4","0","0","0.52231173","false","0","何護","99606","0.32397572","PERSON"
"2676","2.84553415","4.5772E-4","0.35142787","0.0","14","4","false","華商電氣公司","48.78571429","14","0","0","0.63089317","false","0","華商電氣公司","287748","0.11486951","ORG"
"2677","2.81681261","0.00933296","0.35501119","0.0","55","4","false","中國救濟婦孺總會","19.74545455","55","0","0","0.63663748","false","0","中國救濟婦孺總會","3823630","0.04506119","ORG"
"2678","2.82942207","0.00483251","0.35342907","0.0","37","4","false","淞滬警察廳","26.89189189","37","0","0","0.63411559","false","0","淞滬警察廳","2046508","0.06224012","ORG"
"2679","2.84273205","0.00233876","0.35177427","0.0","18","4","false","松滬護軍使署","35.33333333","18","0","0","0.63145359","false","0","松滬護軍使署","634440","0.08253205","ORG"
"2680","3.44378284","1.1865E-4","0.29037836","0.0","5","4","false","何茂如","130.4","5","0","0","0.51124343","false","0","何茂如","65032","0.22348877","PERSON"
"2681","2.81751313","0.00384411","0.35492292","0.0","54","4","false","交通銀行","30.44444444","54","0","0","0.63649737","false","0","交通銀行","3467224","0.07077991","ORG"
"2682","2.83712785","4.2816E-4","0.35246914","0.0","26","4","false","五卅委員聯席會議","54.11538462","26","0","0","0.63257443","false","0","五卅委員聯席會議","681460","0.12768121","ORG"
"2683","3.23502627","9.053E-5","0.3091165","0.0","5","4","false","何積蕃","266.8","5","0","0","0.55299475","false","0","何積蕃","256412","0.30307868","PERSON"
"2684","2.85113835","2.0243E-4","0.3507371","0.0","6","4","false","中華書局總廠","98.16666667","6","0","0","0.62977233","false","0","中華書局總廠","85020","0.23357372","ORG"
"2685","2.84273205","6.7624E-4","0.35177427","0.0","18","4","false","共同研究聞委","48.72222222","18","0","0","0.63145359","false","0","共同研究聞委","429046","0.11471688","ORG"
"2686","2.85113835","3.529E-5","0.3507371","0.0","6","4","false","總稅務","105.5","6","0","0","0.62977233","false","0","總稅務","59266","0.25120192","ORG"
"2687","2.85113835","3.529E-5","0.3507371","0.0","6","4","false","南北市報關公所","105.5","6","0","0","0.62977233","false","0","南北市報關公所","59266","0.25120192","ORG"
"2688","3.16567426","5.0942E-4","0.31588847","0.0","16","4","false","何積璠","105.8125","16","0","0","0.56686515","false","0","何積璠","809210","0.10861399","PERSON"
"2689","2.84273205","0.00271734","0.35177427","0.0","18","4","false","半總商會關稅委員會會","48.33333333","18","0","0","0.63145359","false","0","半總商會關稅委員會會","666468","0.11378205","ORG"
"2690","3.80525394","2.02E-6","0.26279455","0.0","3","5","false","何積","30.66666667","3","0","0","0.43894921","false","0","何積","824","0.43627451","PERSON"
"2691","2.83922942","0.00110073","0.35220824","0.0","23","4","false","裕地產公司","32.0","23","0","0","0.63215412","false","0","裕地產公司","786230","0.07451923","ORG"
"2692","2.83922942","0.00110073","0.35220824","0.0","23","4","false","茂生洋行","32.0","23","0","0","0.63215412","false","0","茂生洋行","786230","0.07451923","ORG"
"2693","2.83432574","0.00168633","0.3528176","0.0","30","4","false","新記營運公司","25.93333333","30","0","0","0.63313485","false","0","新記營運公司","1151804","0.0599359","ORG"
"2694","2.83922942","0.00110073","0.35220824","0.0","23","4","false","恒隆錢莊","32.0","23","0","0","0.63215412","false","0","恒隆錢莊","786230","0.07451923","ORG"
"2695","2.83922942","0.00110073","0.35220824","0.0","23","4","false","怡和洋行","32.0","23","0","0","0.63215412","false","0","怡和洋行","786230","0.07451923","ORG"
"2696","2.83922942","0.00110073","0.35220824","0.0","23","4","false","德大紗廠","32.0","23","0","0","0.63215412","false","0","德大紗廠","786230","0.07451923","ORG"
"2697","2.83922942","0.00110073","0.35220824","0.0","23","4","false","四明銀行","32.0","23","0","0","0.63215412","false","0","四明銀行","786230","0.07451923","ORG"
"2698","2.83922942","0.00110073","0.35220824","0.0","23","4","false","列豐進出口行施","32.0","23","0","0","0.63215412","false","0","列豐進出口行施","786230","0.07451923","ORG"
"2699","2.83922942","0.00110073","0.35220824","0.0","23","4","false","上海華商電氣公司","32.0","23","0","0","0.63215412","false","0","上海華商電氣公司","786230","0.07451923","ORG"
"2700","2.81401051","0.01723291","0.3553647","0.0","59","4","false","童子軍","20.61016949","59","0","0","0.6371979","false","0","童子軍","4910992","0.04713983","ORG"
"2701","3.76602452","4.899E-5","0.26553199","0.0","11","5","false","何文德","30.0","11","0","0","0.4467951","false","0","何文德","22398","0.25","PERSON"
"2702","3.80595447","1.0E-8","0.26274618","0.0","3","5","false","何敬","68.0","3","0","0","0.43880911","false","0","何敬","6","1.0","PERSON"
"2703","2.84763573","1.7708E-4","0.35116851","0.0","11","4","false","總事務","66.27272727","11","0","0","0.63047285","false","0","總事務","167718","0.15690559","ORG"
"2704","2.8357268","0.0017547","0.35264328","0.0","28","4","false","總商會關稅委","39.10714286","28","0","0","0.63285464","false","0","總商會關稅委","1068518","0.09160371",""
"2705","2.82311734","0.00292427","0.35421836","0.0","46","4","false","外交部","25.69565217","46","0","0","0.63537653","false","0","外交部","2349550","0.05936455","ORG"
"2706","3.22311734","2.1128E-4","0.31025864","0.0","10","4","false","何恒昌","151.0","10","0","0","0.55537653","false","0","何恒昌","414818","0.16872891","PERSON"
"2707","3.72399299","3.196E-5","0.26852897","0.0","5","5","false","何伯勤","59.0","5","0","0","0.4552014","false","0","何伯勤","8196","0.31868132","PERSON"
"2708","2.81891419","0.00538134","0.35474652","0.0","49","3","false","國商會聯合會","29.93877551","49","0","0","0.63621716","false","0","國商會聯合會","3442366","0.06906629","ORG"
"2709","3.38914186","4.749E-5","0.29505994","0.0","4","4","false","佐理","214.75","4","0","0","0.52217163","false","0","佐理","88330","0.32484802","PERSON"
"2710","3.2441331","6.816E-5","0.30824876","0.0","5","4","false","佐原","251.0","5","0","0","0.55117338","false","0","佐原","191564","0.28935185","PERSON"
"2711","2.83222417","0.00202042","0.3530794","0.0","33","4","false","敎育局","27.21212121","33","0","0","0.63355517","false","0","敎育局","1471010","0.06300991","ORG"
"2712","2.83222417","0.00202042","0.3530794","0.0","33","4","false","國民大會","27.21212121","33","0","0","0.63355517","false","0","國民大會","1471010","0.06300991","ORG"
"2713","3.69737303","5.66E-6","0.2704623","0.0","4","5","false","伯雨","83.25","4","0","0","0.46052539","false","0","伯雨","10648","0.37217195","PERSON"
"2714","2.8357268","0.00442191","0.35264328","0.0","28","4","false","廣陵軍","25.75","28","0","0","0.63285464","false","0","廣陵軍","1284290","0.05949519","ORG"
"2715","2.8357268","0.00442191","0.35264328","0.0","28","4","false","交通部","25.75","28","0","0","0.63285464","false","0","交通部","1284290","0.05949519","ORG"
"2716","2.8357268","0.00442191","0.35264328","0.0","28","4","false","上海北站材料","25.75","28","0","0","0.63285464","false","0","上海北站材料","1284290","0.05949519","ORG"
"2717","3.83397548","3.0E-8","0.26082587","0.0","3","5","false","伯薰","28.0","3","0","0","0.4332049","false","0","伯薰","6","1.0","PERSON"
"2718","2.84483363","2.0607E-4","0.35151441","0.0","15","4","false","總商會關稅委員會","68.6","15","0","0","0.63103327","false","0","總商會關稅委員會","276222","0.1625",""
"2719","2.84483363","2.0607E-4","0.35151441","0.0","15","4","false","江蘇全省商會預備","68.6","15","0","0","0.63103327","false","0","江蘇全省商會預備","276222","0.1625","ORG"
"2720","2.84483363","2.0607E-4","0.35151441","0.0","15","4","false","江蘇全省商會","68.6","15","0","0","0.63103327","false","0","江蘇全省商會","276222","0.1625","ORG"
"2721","2.84483363","2.0607E-4","0.35151441","0.0","15","4","false","北京全國商會聨合會","68.6","15","0","0","0.63103327","false","0","北京全國商會聨合會","276222","0.1625","ORG"
"2722","3.2497373","7.585E-5","0.30771718","0.0","6","4","false","伯致","196.16666667","6","0","0","0.55005254","false","0","伯致","174728","0.22826511","PERSON"
"2723","3.82837128","0.0","0.26120769","0.0","1","5","false","伯聶","38.0","1","0","0","0.43432574","false","0","伯聶","0","0.0","PERSON"
"2724","2.83922942","0.00170325","0.35220824","0.0","23","4","false","興記烟草公司","43.2173913","23","0","0","0.63215412","false","0","興記烟草公司","1078382","0.10148411","ORG"
"2725","2.83922942","0.00170325","0.35220824","0.0","23","4","false","廣旋公所","43.2173913","23","0","0","0.63215412","false","0","廣旋公所","1078382","0.10148411","ORG"
"2726","2.83922942","0.00170325","0.35220824","0.0","23","4","false","中國興業與","43.2173913","23","0","0","0.63215412","false","0","中國興業與","1078382","0.10148411","ORG"
"2727","3.83747811","3.0E-8","0.26058781","0.0","3","5","false","伯王","23.0","3","0","0","0.43250438","false","0","伯王","6","1.0","PERSON"
"2728","2.8357268","0.0028675","0.35264328","0.0","28","4","false","蘇州銀行","20.5","28","0","0","0.63285464","false","0","蘇州銀行","732704","0.046875","ORG"
"2729","2.8357268","0.0028675","0.35264328","0.0","28","4","false","海龍洋行","20.5","28","0","0","0.63285464","false","0","海龍洋行","732704","0.046875","ORG"
"2730","3.72399299","3.196E-5","0.26852897","0.0","5","5","false","伯勤","59.0","5","0","0","0.4552014","false","0","伯勤","8196","0.31868132","PERSON"
"2731","3.79544658","2.46E-6","0.26347361","0.0","13","4","false","伯傅","39.15384615","13","0","0","0.44091068","false","0","伯傅","1800","0.55295429","PERSON"
"2732","2.83432574","0.00311091","0.3528176","0.0","27","3","false","浙紳耆假銀行公會","31.96296296","27","0","0","0.63313485","false","0","浙紳耆假銀行公會","1559132","0.07389729","ORG"
"2733","2.83432574","0.00311091","0.3528176","0.0","27","3","false","浙江同","31.96296296","27","0","0","0.63313485","false","0","浙江同","1559132","0.07389729","ORG"
"2734","2.83432574","0.00311091","0.3528176","0.0","27","3","false","中國第一毛絨紡織廠啓南區初級中學","31.96296296","27","0","0","0.63313485","false","0","中國第一毛絨紡織廠啓南區初級中學","1559132","0.07389729","ORG"
"2735","3.83257443","3.0E-8","0.26092122","0.0","3","4","false","伍仲文","27.0","3","0","0","0.43348511","false","0","伍仲文","6","1.0","PERSON"
"2736","3.74500876","0.0","0.26702207","0.0","1","5","false","企謙","157.0","1","0","0","0.45099825","false","0","企謙","0","0.0","PERSON"
"2737","3.67425569","0.0","0.27216397","0.0","1","5","false","企成","258.0","1","0","0","0.46514886","false","0","企成","0","0.0","PERSON"
"2738","2.8385289","7.0746E-4","0.35229516","0.0","24","4","false","日棉業會","36.83333333","24","0","0","0.63229422","false","0","日棉業會","629626","0.08613782","ORG"
"2739","2.8385289","7.0746E-4","0.35229516","0.0","24","4","false","日僑棉業會","36.83333333","24","0","0","0.63229422","false","0","日僑棉業會","629626","0.08613782","ORG"
"2740","2.8385289","7.0746E-4","0.35229516","0.0","24","4","false","上海日僑商會","36.83333333","24","0","0","0.63229422","false","0","上海日僑商會","629626","0.08613782","ORG"
"2741","2.8441331","6.2804E-4","0.35160099","0.0","16","4","false","上海市民大會","49.375","16","0","0","0.63117338","false","0","上海市民大會","359578","0.11628606","ORG"
"2742","3.16707531","5.2094E-4","0.31574873","0.0","14","4","false","任矜","117.0","14","0","0","0.56658494","false","0","任矜","707846","0.12020725","PERSON"
"2743","2.81260946","0.01093554","0.35554172","0.0","61","4","false","浙公會","20.63934426","61","0","0","0.63747811","false","0","浙公會","4666196","0.04720996","ORG"
"2744","2.84763573","4.3655E-4","0.35116851","0.0","11","4","false","江淮旅滬同鄕會","52.09090909","11","0","0","0.63047285","false","0","江淮旅滬同鄕會","254634","0.12281469","ORG"
"2745","2.84763573","4.3655E-4","0.35116851","0.0","11","4","false","江江淮同鄉會","52.09090909","11","0","0","0.63047285","false","0","江江淮同鄉會","254634","0.12281469","ORG"
"2746","2.75726795","0.0167866","0.36267785","0.0","137","3","false","永安公司","19.67153285","137","0","0","0.64854641","false","0","永安公司","16465526","0.04456213","ORG"
"2747","2.84763573","4.3655E-4","0.35116851","0.0","11","4","false","壬戍友誼社","52.09090909","11","0","0","0.63047285","false","0","壬戍友誼社","254634","0.12281469","ORG"
"2748","3.72539405","1.246E-5","0.26842798","0.0","5","4","false","任瑞康","46.2","5","0","0","0.45492119","false","0","任瑞康","6664","0.25536723","PERSON"
"2749","2.82241681","0.01562923","0.35430628","0.0","47","4","false","華豐銀行","13.08510638","47","0","0","0.63551664","false","0","華豐銀行","1491710","0.02905074","ORG"
"2750","3.82206655","0.0","0.26163856","0.0","1","5","false","任本","47.0","1","0","0","0.43558669","false","0","任本","0","0.0","PERSON"
"2751","2.82802102","0.0010105","0.35360416","0.0","39","4","false","寧波旅滬同鄉會","23.33333333","39","0","0","0.6343958","false","0","寧波旅滬同鄉會","998056","0.0536859","ORG"
"2752","2.83432574","6.3293E-4","0.3528176","0.0","30","4","false","外交市民大會","26.5","30","0","0","0.63313485","false","0","外交市民大會","497556","0.06129808","ORG"
"2753","2.83432574","6.3293E-4","0.3528176","0.0","30","4","false","全國各界聯合","26.5","30","0","0","0.63313485","false","0","全國各界聯合","497556","0.06129808","ORG"
"2754","3.19089317","7.431E-4","0.31339188","0.0","10","4","false","仲輝","137.8","10","0","0","0.56182137","false","0","仲輝","528162","0.14631016","PERSON"
"2755","2.83502627","0.00167703","0.35273042","0.0","29","4","false","克利斯浦","35.06896552","29","0","0","0.63299475","false","0","克利斯浦","1021726","0.08189655","ORG"
"2756","3.48231173","2.3E-6","0.28716556","0.0","2","4","false","仲範","278.5","2","0","0","0.50353765","false","0","仲範","1036","0.52656546","PERSON"
"2757","3.74781086","4.12E-6","0.26682243","0.0","5","5","false","仲笙","71.2","5","0","0","0.45043783","false","0","仲笙","6936","0.47432432","PERSON"
"2758","2.82591944","0.00419286","0.35386713","0.0","42","4","false","鎭江商會","16.80952381","42","0","0","0.63481611","false","0","鎭江商會","1324848","0.03800366","ORG"
"2759","2.82591944","0.00419286","0.35386713","0.0","42","4","false","漢口總商","16.80952381","42","0","0","0.63481611","false","0","漢口總商","1324848","0.03800366","ORG"
"2760","2.82591944","0.00419286","0.35386713","0.0","42","4","false","太倉縣商會","16.80952381","42","0","0","0.63481611","false","0","太倉縣商會","1324848","0.03800366","ORG"
"2761","2.82591944","0.00419286","0.35386713","0.0","42","4","false","商敎聯席會","16.80952381","42","0","0","0.63481611","false","0","商敎聯席會","1324848","0.03800366","ORG"
"2762","2.82591944","0.00419286","0.35386713","0.0","42","4","false","北京總商會","16.80952381","42","0","0","0.63481611","false","0","北京總商會","1324848","0.03800366","ORG"
"2763","2.82591944","0.00419286","0.35386713","0.0","42","4","false","全國敎育會聯","16.80952381","42","0","0","0.63481611","false","0","全國敎育會聯","1324848","0.03800366","ORG"
"2764","3.82206655","9.0E-8","0.26163856","0.0","6","5","false","仲王","42.0","6","0","0","0.43558669","false","0","仲王","30","1.0","PERSON"
"2765","2.80770578","0.01362591","0.35616267","0.0","68","4","false","華洋互市商塲","9.70588235","68","0","0","0.63845884","false","0","華洋互市商塲","2155146","0.0209276","ORG"
"2766","2.80770578","0.01362591","0.35616267","0.0","68","4","false","股份有限公司條例","9.70588235","68","0","0","0.63845884","false","0","股份有限公司條例","2155146","0.0209276","ORG"
"2767","2.80770578","0.01362591","0.35616267","0.0","68","4","false","總務科","9.70588235","68","0","0","0.63845884","false","0","總務科","2155146","0.0209276","ORG"
"2768","3.80595447","1.0E-8","0.26274618","0.0","3","5","false","仲泩","68.0","3","0","0","0.43880911","false","0","仲泩","6","1.0","PERSON"
"2769","3.79404553","3.68E-6","0.2635709","0.0","15","4","false","仲廉","38.6","15","0","0","0.44119089","false","0","仲廉","3374","0.54492754","PERSON"
"2770","2.82031524","0.00163813","0.35457029","0.0","47","3","false","中國紅十字會會","28.61702128","47","0","0","0.63593695","false","0","中國紅十字會會","1660514","0.06591175","ORG"
"2771","2.85183888","7.2278E-4","0.35065095","0.0","5","4","false","柏林大學","86.6","5","0","0","0.62963222","false","0","柏林大學","100858","0.20576923","ORG"
"2772","2.85183888","7.2278E-4","0.35065095","0.0","5","4","false","寳隆醫院","86.6","5","0","0","0.62963222","false","0","寳隆醫院","100858","0.20576923","ORG"
"2773","2.85183888","7.2278E-4","0.35065095","0.0","5","4","false","同濟大學","86.6","5","0","0","0.62963222","false","0","同濟大學","100858","0.20576923","ORG"
"2774","3.19859895","4.2812E-4","0.31263688","0.0","7","4","false","仲卿","198.85714286","7","0","0","0.56028021","false","0","仲卿","346040","0.21343813","PERSON"
"2775","2.80700525","0.01332502","0.35625156","0.0","69","4","false","地方審","13.92753623","69","0","0","0.63859895","false","0","地方審","4646148","0.03107581","ORG"
"2776","2.80700525","0.01332502","0.35625156","0.0","69","4","false","上海檢察","13.92753623","69","0","0","0.63859895","false","0","上海檢察","4646148","0.03107581","ORG"
"2777","2.80700525","0.01332502","0.35625156","0.0","69","4","false","上海審判","13.92753623","69","0","0","0.63859895","false","0","上海審判","4646148","0.03107581","ORG"
"2778","3.80525394","1.0E-8","0.26279455","0.0","3","5","false","仲侯","69.0","3","0","0","0.43894921","false","0","仲侯","6","1.0","PERSON"
"2779","2.84763573","8.0935E-4","0.35116851","0.0","11","4","false","聨益善會","45.81818182","11","0","0","0.63047285","false","0","聨益善會","268152","0.10773601","ORG"
"2780","2.84763573","8.0935E-4","0.35116851","0.0","11","4","false","精審云","45.81818182","11","0","0","0.63047285","false","0","精審云","268152","0.10773601","ORG"
"2781","2.84763573","8.0935E-4","0.35116851","0.0","11","4","false","精勤小學","45.81818182","11","0","0","0.63047285","false","0","精勤小學","268152","0.10773601","ORG"
"2782","2.84763573","8.0935E-4","0.35116851","0.0","11","4","false","精勤初高級小學","45.81818182","11","0","0","0.63047285","false","0","精勤初高級小學","268152","0.10773601","ORG"
"2783","2.84763573","8.0935E-4","0.35116851","0.0","11","4","false","福社會","45.81818182","11","0","0","0.63047285","false","0","福社會","268152","0.10773601","ORG"
"2784","2.84763573","8.0935E-4","0.35116851","0.0","11","4","false","澄衷中學","45.81818182","11","0","0","0.63047285","false","0","澄衷中學","268152","0.10773601","ORG"
"2785","2.84763573","8.0935E-4","0.35116851","0.0","11","4","false","格拉斯哥大學專","45.81818182","11","0","0","0.63047285","false","0","格拉斯哥大學專","268152","0.10773601","ORG"
"2786","2.84763573","8.0935E-4","0.35116851","0.0","11","4","false","南主大學","45.81818182","11","0","0","0.63047285","false","0","南主大學","268152","0.10773601","ORG"
"2787","3.84238179","6.2E-7","0.26025524","0.0","8","5","false","以張","11.0","8","0","0","0.43152364","false","0","以張","56","1.0","PERSON"
"2788","2.74535902","0.08878697","0.36425108","0.0","157","4","false","新昌公司","4.65605096","157","0","0","0.6509282","false","0","新昌公司","5541318","0.00878858","ORG"
"2789","3.74500876","0.0","0.26702207","0.0","1","5","false","仙居","157.0","1","0","0","0.45099825","false","0","仙居","0","0.0","PERSON"
"2790","3.67425569","0.0","0.27216397","0.0","1","5","false","仙吕","258.0","1","0","0","0.46514886","false","0","仙吕","0","0.0","PERSON"
"2791","2.84553415","0.00197285","0.35142787","0.0","14","4","false","財政部","43.78571429","14","0","0","0.63089317","false","0","財政部","416588","0.10285027","ORG"
"2792","2.84553415","0.00197285","0.35142787","0.0","14","4","false","上海總商會關稅委員會","43.78571429","14","0","0","0.63089317","false","0","上海總商會關稅委員會","416588","0.10285027","ORG"
"2793","3.84448336","2.0E-8","0.26011297","0.0","2","5","false","介安","14.0","2","0","0","0.43110333","false","0","介安","2","1.0","PERSON"
"2794","2.82942207","0.00260858","0.35342907","0.0","37","4","false","滬商正誼社","18.56756757","37","0","0","0.63411559","false","0","滬商正誼社","972598","0.04222973","ORG"
"2795","3.43957968","2.65E-6","0.2907332","0.0","2","4","false","亮臣","313.0","2","0","0","0.51208406","false","0","亮臣","1142","0.53061224","PERSON"
"2796","2.85113835","9.981E-5","0.3507371","0.0","6","4","false","陸隊司令部","106.0","6","0","0","0.62977233","false","0","陸隊司令部","74676","0.25240385","ORG"
"2797","2.85113835","9.981E-5","0.3507371","0.0","6","4","false","陸戰隊","106.0","6","0","0","0.62977233","false","0","陸戰隊","74676","0.25240385","ORG"
"2798","2.85113835","9.981E-5","0.3507371","0.0","6","4","false","海軍飛機","106.0","6","0","0","0.62977233","false","0","海軍飛機","74676","0.25240385","ORG"
"2799","2.85113835","9.981E-5","0.3507371","0.0","6","4","false","海軍大","106.0","6","0","0","0.62977233","false","0","海軍大","74676","0.25240385","ORG"
"2800","2.83082312","0.00520752","0.35325415","0.0","35","4","false","和洋行","20.88571429","35","0","0","0.63383538","false","0","和洋行","1519584","0.0478022","ORG"
"2801","3.39404553","1.7249E-4","0.29463364","0.0","7","4","false","亭陸","101.14285714","7","0","0","0.52119089","false","0","亭陸","71240","0.15454145","PERSON"
"2802","2.84553415","9.4738E-4","0.35142787","0.0","14","4","false","駐滬日僑商會","57.0","14","0","0","0.63089317","false","0","駐滬日僑商會","503666","0.13461538","ORG"
"2803","2.84553415","9.4738E-4","0.35142787","0.0","14","4","false","泰興酒業公所","57.0","14","0","0","0.63089317","false","0","泰興酒業公所","503666","0.13461538","ORG"
"2804","2.84553415","9.4738E-4","0.35142787","0.0","14","4","false","上海鐵業公會","57.0","14","0","0","0.63089317","false","0","上海鐵業公會","503666","0.13461538","ORG"
"2805","2.84553415","9.4738E-4","0.35142787","0.0","14","4","false","上海機器麵粉公司公會","57.0","14","0","0","0.63089317","false","0","上海機器麵粉公司公會","503666","0.13461538","ORG"
"2806","3.84308231","1.1E-7","0.2602078","0.0","4","5","false","亭陳","14.0","4","0","0","0.43138354","false","0","亭陳","12","1.0","PERSON"
"2807","2.79369527","0.00873327","0.35794885","0.0","88","4","false","聖約翰大學","19.5","88","0","0","0.64126095","false","0","聖約翰大學","9359444","0.04447115","ORG"
"2808","2.82451839","0.00262823","0.35404266","0.0","44","4","false","比利士商會書","25.45454545","44","0","0","0.63509632","false","0","比利士商會書","2629946","0.05878497","ORG"
"2809","2.78809107","0.01254055","0.35866834","0.0","96","4","false","愛普廬","21.25","96","0","0","0.64238179","false","0","愛普廬","11302498","0.04867788","ORG"
"2810","2.82451839","0.00262823","0.35404266","0.0","44","4","false","太古怡和","25.45454545","44","0","0","0.63509632","false","0","太古怡和","2629946","0.05878497","ORG"
"2811","2.79649737","0.00721063","0.35759018","0.0","84","4","false","卡爾登","23.63095238","84","0","0","0.64070053","false","0","卡爾登","8913396","0.05440133","ORG"
"2812","3.74781086","4.12E-6","0.26682243","0.0","5","5","false","亭謝","71.2","5","0","0","0.45043783","false","0","亭謝","6936","0.47432432","PERSON"
"2813","2.8385289","0.01267828","0.35229516","0.0","24","4","false","内虹橋頭華興公司","26.5","24","0","0","0.63229422","false","0","内虹橋頭華興公司","975252","0.06129808","ORG"
"2814","3.83817863","0.0","0.26054024","0.0","1","5","false","亞漁","24.0","1","0","0","0.43236427","false","0","亞漁","0","0.0","PERSON"
"2815","2.84273205","0.00398752","0.35177427","0.0","18","4","false","礦學校","28.38888889","18","0","0","0.63145359","false","0","礦學校","533044","0.06583868","ORG"
"2816","2.84273205","0.00398752","0.35177427","0.0","18","4","false","募浙振籌備會","28.38888889","18","0","0","0.63145359","false","0","募浙振籌備會","533044","0.06583868","ORG"
"2817","3.84168126","1.0E-8","0.2603027","0.0","2","5","false","于右任","18.0","2","0","0","0.43166375","false","0","于右任","2","1.0","PERSON"
"2818","2.81611208","0.00368959","0.3550995","0.0","56","4","false","銀行公會","22.46428571","56","0","0","0.63677758","false","0","銀行公會","2893344","0.05159684","ORG"
"2819","2.82661996","0.00137962","0.35377943","0.0","41","4","false","日災義振會","23.29268293","41","0","0","0.63467601","false","0","日災義振會","950398","0.05358818","ORG"
"2820","2.82661996","0.00137962","0.35377943","0.0","41","4","false","埠總商會銀行公會","23.29268293","41","0","0","0.63467601","false","0","埠總商會銀行公會","950398","0.05358818","ORG"
"2821","3.2441331","6.816E-5","0.30824876","0.0","5","4","false","予倩","251.0","5","0","0","0.55117338","false","0","予倩","191564","0.28935185","PERSON"
"2822","2.82451839","0.0027938","0.35404266","0.0","41","3","false","江浙聯軍","29.92682927","41","0","0","0.63509632","false","0","江浙聯軍","1784506","0.06903778","ORG"
"2823","3.23432574","4.3625E-4","0.30918345","0.0","6","4","false","乾麟","214.5","6","0","0","0.55313485","false","0","乾麟","468232","0.24344356","PERSON"
"2824","2.82872154","0.01770027","0.35351659","0.0","38","4","false","經濟部","20.89473684","38","0","0","0.63425569","false","0","經濟部","2267646","0.04782389","ORG"
"2825","3.82837128","0.0","0.26120769","0.0","1","5","false","乾洪","38.0","1","0","0","0.43432574","false","0","乾洪","0","0.0","PERSON"
"2826","3.67425569","0.0","0.27216397","0.0","1","5","false","乾張","258.0","1","0","0","0.46514886","false","0","乾張","0","0.0","PERSON"
"2827","3.35761821","5.439E-5","0.29783017","0.0","3","4","false","乾代","280.0","3","0","0","0.52847636","false","0","乾代","121450","0.39630682","PERSON"
"2828","3.67425569","0.0","0.27216397","0.0","1","5","false","九成余","258.0","1","0","0","0.46514886","false","0","九成余","0","0.0","PERSON"
"2829","2.83222417","6.5558E-4","0.3530794","0.0","33","4","false","處洋布公所","35.09090909","33","0","0","0.63355517","false","0","處洋布公所","967394","0.0819493","ORG"
"2830","2.83222417","6.5558E-4","0.3530794","0.0","33","4","false","老匯路商聯會","35.09090909","33","0","0","0.63355517","false","0","老匯路商聯會","967394","0.0819493","ORG"
"2831","2.83222417","6.5558E-4","0.3530794","0.0","33","4","false","淞滬警察","35.09090909","33","0","0","0.63355517","false","0","淞滬警察","967394","0.0819493","ORG"
"2832","2.83222417","6.5558E-4","0.3530794","0.0","33","4","false","法租界商聯","35.09090909","33","0","0","0.63355517","false","0","法租界商聯","967394","0.0819493","ORG"
"2833","2.76987741","0.0122526","0.36102681","0.0","122","4","false","寧波旅滬同鄕會","20.2295082","122","0","0","0.64602452","false","0","寧波旅滬同鄕會","13359756","0.04622478","ORG"
"2834","2.83222417","6.5558E-4","0.3530794","0.0","33","4","false","孤兒院","35.09090909","33","0","0","0.63355517","false","0","孤兒院","967394","0.0819493","ORG"
"2835","2.83012259","0.00109821","0.35334158","0.0","36","4","false","任蚌埠商埠督","32.97222222","36","0","0","0.63397548","false","0","任蚌埠商埠督","1287632","0.0768563","ORG"
"2836","2.83012259","0.00109821","0.35334158","0.0","36","4","false","上海綢緞","32.97222222","36","0","0","0.63397548","false","0","上海綢緞","1287632","0.0768563","ORG"
"2837","2.83362522","8.4753E-4","0.35290482","0.0","31","4","false","華英藥","41.41935484","31","0","0","0.63327496","false","0","華英藥","1116428","0.09716191","ORG"
"2838","2.83362522","8.4753E-4","0.35290482","0.0","31","4","false","勞合路","41.41935484","31","0","0","0.63327496","false","0","勞合路","1116428","0.09716191","ORG"
"2839","3.35201401","2.0501E-4","0.29832811","0.0","15","4","false","九成","92.13333333","15","0","0","0.5295972","false","0","九成","277122","0.13019048","PERSON"
"2840","3.74430823","3.19E-6","0.26707203","0.0","4","4","false","乘根蘭特","63.25","4","0","0","0.45113835","false","0","乘根蘭特","3288","0.41225166","PERSON"
"2841","2.84553415","0.00134961","0.35142787","0.0","14","4","false","北商會籌備處","35.85714286","14","0","0","0.63089317","false","0","北商會籌備處","374638","0.08379121","ORG"
"2842","2.84553415","0.00134961","0.35142787","0.0","14","4","false","中華國民拒毒會","35.85714286","14","0","0","0.63089317","false","0","中華國民拒毒會","374638","0.08379121","ORG"
"2843","2.84203152","0.00393358","0.35186098","0.0","19","4","false","閘北市議事會議","27.68421053","19","0","0","0.6315937","false","0","閘北市議事會議","634082","0.06414474","ORG"
"2844","2.84203152","0.00393358","0.35186098","0.0","19","4","false","閘北市公所","27.68421053","19","0","0","0.6315937","false","0","閘北市公所","634082","0.06414474","ORG"
"2845","3.79754816","2.331E-5","0.2633278","0.0","5","5","false","尹邨夫","25.8","5","0","0","0.44049037","false","0","尹邨夫","4984","0.32207792","PERSON"
"2846","2.81120841","0.01009389","0.35571891","0.0","63","4","false","閘北商會","20.84126984","63","0","0","0.63775832","false","0","閘北商會","4533098","0.04769536","ORG"
"2847","2.84553415","4.1996E-4","0.35142787","0.0","14","4","false","華洋德律風公司","44.0","14","0","0","0.63089317","false","0","華洋德律風公司","262960","0.10336538","ORG"
"2848","2.84553415","4.1996E-4","0.35142787","0.0","14","4","false","仁濟醫院","44.0","14","0","0","0.63089317","false","0","仁濟醫院","262960","0.10336538","ORG"
"2849","3.40385289","8.251E-5","0.29378473","0.0","5","4","false","尹村夫","166.4","5","0","0","0.51922942","false","0","尹村夫","98722","0.26006289","PERSON"
"2850","2.80490368","0.00367565","0.35651848","0.0","72","4","false","復旦大學","28.08333333","72","0","0","0.63901926","false","0","復旦大學","4603418","0.06510417","ORG"
"2851","3.35761821","5.439E-5","0.29783017","0.0","3","4","false","尹復","280.0","3","0","0","0.52847636","false","0","尹復","121450","0.39630682","PERSON"
"2852","3.76532399","1.112E-5","0.2655814","0.0","14","4","false","丹庭","34.07142857","14","0","0","0.4469352","false","0","丹庭","6532","0.2979408","PERSON"
"2853","2.82872154","0.00151386","0.35351659","0.0","38","4","false","虬江路洋務職工","27.71052632","38","0","0","0.63425569","false","0","虬江路洋務職工","1232456","0.064208","ORG"
"2854","2.82872154","0.00151386","0.35351659","0.0","38","4","false","總工會","27.71052632","38","0","0","0.63425569","false","0","總工會","1232456","0.064208","ORG"
"2855","2.82241681","0.00214243","0.35430628","0.0","47","4","false","浙屬旅滬同鄕會聯合會","24.78723404","47","0","0","0.63551664","false","0","浙屬旅滬同鄕會聯合會","2036340","0.05718085","ORG"
"2856","2.82872154","0.00151386","0.35351659","0.0","38","4","false","洋務職工","27.71052632","38","0","0","0.63425569","false","0","洋務職工","1232456","0.064208","ORG"
"2857","2.82872154","0.00151386","0.35351659","0.0","38","4","false","新新公司","27.71052632","38","0","0","0.63425569","false","0","新新公司","1232456","0.064208","ORG"
"2858","2.44063047","0.17171911","0.4097302","0.0","589","3","false","上海總商會","9.70118846","589","0","0","0.71187391","false","0","上海總商會","157648452","0.02076656","ORG"
"2859","3.43257443","1.423E-5","0.29132653","0.0","6","4","false","丞爲","131.33333333","6","0","0","0.51348511","false","0","丞爲","11754","0.21941639","PERSON"
"2860","2.82872154","0.00194291","0.35351659","0.0","35","3","false","中國皮件公司","26.4","35","0","0","0.63425569","false","0","中國皮件公司","1210114","0.06062053","ORG"
"2861","2.82872154","0.00194291","0.35351659","0.0","35","3","false","上海崇文書局","26.4","35","0","0","0.63425569","false","0","上海崇文書局","1210114","0.06062053","ORG"
"2862","2.82802102","0.00138673","0.35360416","0.0","36","3","false","章福記書局","27.63888889","36","0","0","0.6343958","false","0","章福記書局","1181718","0.0635773","ORG"
"2863","2.82802102","0.00138673","0.35360416","0.0","36","3","false","鑄記書局","27.63888889","36","0","0","0.6343958","false","0","鑄記書局","1181718","0.0635773","ORG"
"2864","2.82802102","0.00138673","0.35360416","0.0","36","3","false","蘇州振新書社","27.63888889","36","0","0","0.6343958","false","0","蘇州振新書社","1181718","0.0635773","ORG"
"2865","2.82802102","0.00138673","0.35360416","0.0","36","3","false","華祥洋行","27.63888889","36","0","0","0.6343958","false","0","華祥洋行","1181718","0.0635773","ORG"
"2866","2.82802102","0.00138673","0.35360416","0.0","36","3","false","華圖書館","27.63888889","36","0","0","0.6343958","false","0","華圖書館","1181718","0.0635773","ORG"
"2867","2.82311734","0.00234919","0.35421836","0.0","43","3","false","浙江絲綢商業銀行","24.09302326","43","0","0","0.63537653","false","0","浙江絲綢商業銀行","1531134","0.05511461","ORG"
"2868","2.82311734","0.00234919","0.35421836","0.0","43","3","false","浙江𢇁綢商業銀行","24.09302326","43","0","0","0.63537653","false","0","浙江𢇁綢商業銀行","1531134","0.05511461","ORG"
"2869","2.82802102","0.00138673","0.35360416","0.0","36","3","false","文瑞樓書局","27.63888889","36","0","0","0.6343958","false","0","文瑞樓書局","1181718","0.0635773","ORG"
"2870","2.82802102","0.00138673","0.35360416","0.0","36","3","false","廣益書局","27.63888889","36","0","0","0.6343958","false","0","廣益書局","1181718","0.0635773","ORG"
"2871","2.82802102","0.00138673","0.35360416","0.0","36","3","false","大東書局","27.63888889","36","0","0","0.6343958","false","0","大東書局","1181718","0.0635773","ORG"
"2872","2.82802102","0.00138673","0.35360416","0.0","36","3","false","商安和洋行洋","27.63888889","36","0","0","0.6343958","false","0","商安和洋行洋","1181718","0.0635773","ORG"
"2873","2.82802102","0.00138673","0.35360416","0.0","36","3","false","商安和洋行","27.63888889","36","0","0","0.6343958","false","0","商安和洋行","1181718","0.0635773","ORG"
"2874","3.79404553","3.68E-6","0.2635709","0.0","15","4","false","丞奚","38.6","15","0","0","0.44119089","false","0","丞奚","3374","0.54492754","PERSON"
"2875","3.7267951","2.35E-6","0.26832707","0.0","5","5","false","世昌","73.2","5","0","0","0.45464098","false","0","世昌","3284","0.40561798","PERSON"
"2876","2.84343257","0.00114324","0.35168761","0.0","17","4","false","大英公司","28.29411765","17","0","0","0.63131349","false","0","大英公司","359600","0.06561086","ORG"
"2877","2.81891419","0.00357407","0.35474652","0.0","52","4","false","大綸公司","24.05769231","52","0","0","0.63621716","false","0","大綸公司","3130912","0.05542714","ORG"
"2878","2.81330998","0.00453822","0.35545319","0.0","60","4","false","大盛貿易公司","25.41666667","60","0","0","0.637338","false","0","大盛貿易公司","4276580","0.05869391","ORG"
"2879","2.76637478","0.01917613","0.36148392","0.0","124","3","false","全國商會聯合會","15.46774194","124","0","0","0.64672504","false","0","全國商會聯合會","13869984","0.03452922","ORG"
"2880","3.74430823","3.19E-6","0.26707203","0.0","4","4","false","丁郁","63.25","4","0","0","0.45113835","false","0","丁郁","3288","0.41225166","PERSON"
"2881","2.82802102","0.00199858","0.35360416","0.0","39","4","false","託清華","26.61538462","39","0","0","0.6343958","false","0","託清華","1957468","0.06157544","ORG"
"2882","2.82802102","0.00199858","0.35360416","0.0","39","4","false","蘇浙軍政","26.61538462","39","0","0","0.6343958","false","0","蘇浙軍政","1957468","0.06157544","ORG"
"2883","2.82802102","0.00199858","0.35360416","0.0","39","4","false","蘇浙平和協會","26.61538462","39","0","0","0.6343958","false","0","蘇浙平和協會","1957468","0.06157544","ORG"
"2884","2.82802102","0.00199858","0.35360416","0.0","39","4","false","科北洋","26.61538462","39","0","0","0.6343958","false","0","科北洋","1957468","0.06157544","ORG"
"2885","2.82802102","0.00199858","0.35360416","0.0","39","4","false","滬江上海商","26.61538462","39","0","0","0.6343958","false","0","滬江上海商","1957468","0.06157544","ORG"
"2886","2.82802102","0.00199858","0.35360416","0.0","39","4","false","清華大學","26.61538462","39","0","0","0.6343958","false","0","清華大學","1957468","0.06157544","ORG"
"2887","2.72994746","0.02945912","0.36630742","0.0","179","4","false","淸華大學","16.3575419","179","0","0","0.65401051","false","0","淸華大學","32554626","0.03691717","ORG"
"2888","3.72539405","3.01E-6","0.26842798","0.0","7","5","false","丁芾莊","59.0","7","0","0","0.45492119","false","0","丁芾莊","1722","0.3258427","PERSON"
"2889","2.83292469","0.00350699","0.35299209","0.0","32","4","false","北京政府","33.53125","32","0","0","0.63341506","false","0","北京政府","1984062","0.07820012","ORG"
"2890","2.83292469","0.00350699","0.35299209","0.0","32","4","false","公平通信社","33.53125","32","0","0","0.63341506","false","0","公平通信社","1984062","0.07820012","ORG"
"2891","2.80210158","0.01986234","0.356875","0.0","73","3","false","上海總商會民治委員會","17.67123288","73","0","0","0.63957968","false","0","上海總商會民治委員會","6672008","0.03978815","ORG"
"2892","3.80035026","5.5E-7","0.26313364","0.0","3","4","false","丁艱","45.66666667","3","0","0","0.43992995","false","0","丁艱","182","0.62037037","PERSON"
"2893","2.82241681","0.00574932","0.35430628","0.0","47","4","false","高德洋","12.44680851","47","0","0","0.63551664","false","0","高德洋","1279024","0.02751637","ORG"
"2894","2.7558669","0.02003093","0.36286223","0.0","139","3","false","申新公司","13.35251799","139","0","0","0.64882662","false","0","申新公司","18587506","0.02948095","ORG"
"2895","2.70402802","0.04319687","0.36981865","0.0","213","3","false","江海關","13.87793427","213","0","0","0.6591944","false","0","江海關","38999802","0.03073493","ORG"
"2896","3.58598949","2.3418E-4","0.27886306","0.0","7","4","false","丁甘仁","85.28571429","7","0","0","0.4828021","false","0","丁甘仁","142208","0.22536287","PERSON"
"2897","2.8357268","7.9037E-4","0.35264328","0.0","28","4","false","阜豐麵粉公司","40.17857143","28","0","0","0.63285464","false","0","阜豐麵粉公司","1315556","0.09417926","ORG"
"2898","2.8357268","7.9037E-4","0.35264328","0.0","28","4","false","華艷紡織公司","40.17857143","28","0","0","0.63285464","false","0","華艷紡織公司","1315556","0.09417926","ORG"
"2899","2.8357268","7.9037E-4","0.35264328","0.0","28","4","false","華商紗廠聯合會","40.17857143","28","0","0","0.63285464","false","0","華商紗廠聯合會","1315556","0.09417926","ORG"
"2900","2.8357268","7.9037E-4","0.35264328","0.0","28","4","false","淅江北方實業銀行","40.17857143","28","0","0","0.63285464","false","0","淅江北方實業銀行","1315556","0.09417926","ORG"
"2901","2.8357268","7.9037E-4","0.35264328","0.0","28","4","false","泰東書局","40.17857143","28","0","0","0.63285464","false","0","泰東書局","1315556","0.09417926","ORG"
"2902","2.8357268","7.9037E-4","0.35264328","0.0","28","4","false","昶潤顏料","40.17857143","28","0","0","0.63285464","false","0","昶潤顏料","1315556","0.09417926","ORG"
"2903","2.81330998","0.00335661","0.35545319","0.0","60","4","false","招商局","24.36666667","60","0","0","0.637338","false","0","招商局","4123560","0.05616987","ORG"
"2904","2.8357268","7.9037E-4","0.35264328","0.0","28","4","false","天利洋行","40.17857143","28","0","0","0.63285464","false","0","天利洋行","1315556","0.09417926","ORG"
"2905","2.80910683","0.00424691","0.35598504","0.0","63","3","false","中華書局","27.03174603","63","0","0","0.63817863","false","0","中華書局","4508176","0.06212827","ORG"
"2906","2.8357268","7.9037E-4","0.35264328","0.0","28","4","false","中孚銀行","40.17857143","28","0","0","0.63285464","false","0","中孚銀行","1315556","0.09417926","ORG"
"2907","2.82311734","0.00848488","0.35421836","0.0","46","4","false","中央信託公司","29.86956522","46","0","0","0.63537653","false","0","中央信託公司","3235102","0.06939799","ORG"
"2908","2.8357268","7.9037E-4","0.35264328","0.0","28","4","false","中國書業聯合會","40.17857143","28","0","0","0.63285464","false","0","中國書業聯合會","1315556","0.09417926","ORG"
"2909","2.8357268","7.9037E-4","0.35264328","0.0","28","4","false","上海錢業同業公會","40.17857143","28","0","0","0.63285464","false","0","上海錢業同業公會","1315556","0.09417926","ORG"
"2910","2.8357268","7.9037E-4","0.35264328","0.0","28","4","false","上海水泥公司","40.17857143","28","0","0","0.63285464","false","0","上海水泥公司","1315556","0.09417926","ORG"
"2911","3.76532399","1.112E-5","0.2655814","0.0","14","4","false","丁汝霖","34.07142857","14","0","0","0.4469352","false","0","丁汝霖","6532","0.2979408","PERSON"
"2912","2.82732049","0.00168246","0.35369177","0.0","40","4","false","衆議院","22.025","40","0","0","0.6345359","false","0","衆議院","1149578","0.05054087","ORG"
"2913","2.82732049","0.00168246","0.35369177","0.0","40","4","false","愛克司光","22.025","40","0","0","0.6345359","false","0","愛克司光","1149578","0.05054087","ORG"
"2914","2.67460595","0.06978173","0.37388685","0.0","258","4","false","廣肇公所","12.9496124","258","0","0","0.66507881","false","0","廣肇公所","53887202","0.02872503","ORG"
"2915","2.48336252","0.13754056","0.40267983","0.0","528","3","false","工部局","10.97916667","528","0","0","0.7033275","false","0","工部局","141698812","0.02381663","ORG"
"2916","3.39544658","4.369E-5","0.29451207","0.0","4","4","false","丁朝奎","216.5","4","0","0","0.52091068","false","0","丁朝奎","86760","0.33204931","PERSON"
"2917","2.8056042","0.00979232","0.35642946","0.0","71","4","false","福和公司","15.43661972","71","0","0","0.63887916","false","0","福和公司","5305514","0.03470341","ORG"
"2918","2.83082312","0.00339362","0.35325415","0.0","35","4","false","江蘇銀行洋","17.74285714","35","0","0","0.63383538","false","0","江蘇銀行洋","1162228","0.04024725","ORG"
"2919","2.83082312","0.00339362","0.35325415","0.0","35","4","false","中華銀行洋","17.74285714","35","0","0","0.63383538","false","0","中華銀行洋","1162228","0.04024725","ORG"
"2920","2.81541156","0.00592136","0.35518786","0.0","57","4","false","中國銀行","16.49122807","57","0","0","0.63691769","false","0","中國銀行","2734212","0.03723853","ORG"
"2921","3.78774081","1.73E-6","0.26400962","0.0","4","5","false","丁少","49.5","4","0","0","0.44245184","false","0","丁少","1660","0.52717391","PERSON"
"2922","2.76077058","0.01894601","0.36221771","0.0","135","4","false","紹興七縣同鄉會","16.65185185","135","0","0","0.64784588","false","0","紹興七縣同鄉會","17639488","0.03762464","ORG"
"2923","2.82311734","0.00286208","0.35421836","0.0","46","4","false","津裕和","14.91304348","46","0","0","0.63537653","false","0","津裕和","1200222","0.03344482","ORG"
"2924","2.79019264","0.0115121","0.35839819","0.0","93","4","false","安利洋行","17.53763441","93","0","0","0.64196147","false","0","安利洋行","10081376","0.03975393","ORG"
"2925","2.82311734","0.00286208","0.35421836","0.0","46","4","false","天津滙豐","14.91304348","46","0","0","0.63537653","false","0","天津滙豐","1200222","0.03344482","ORG"
"2926","2.82311734","0.00286208","0.35421836","0.0","46","4","false","中國銀行中央信託公司","14.91304348","46","0","0","0.63537653","false","0","中國銀行中央信託公司","1200222","0.03344482","ORG"
"2927","3.7267951","2.35E-6","0.26832707","0.0","5","5","false","丁厚卿","73.2","5","0","0","0.45464098","false","0","丁厚卿","3284","0.40561798","PERSON"
