id,Type,mc2Degree,mc2Degree_norm,mc2Eig,mc2Betw,mc2Close
華商體操會,ORG,106,0.04455653635981505,0.09128025393573105,62147.91463390505,1.5878056525881233e-4
華商體操,ORG,2,8.406893652795292e-4,0.03310959610774936,114.2218872474378,1.5328019619865113e-4
憲瑞,PERSON,13,0.00546448087431694,0.024516479997169886,2190.58025705585,1.2363996043521266e-4
鄭麒剛,PERSON,3,0.0012610340479192938,0.00654376280713237,91.87779643092281,1.160092807424594e-4
劉雲輝,PERSON,1,4.203446826397646e-4,0.0010614015401736773,0,1.1243534967393749e-4
湖府,ORG,6,0.0025220680958385876,0.032843148139393825,8103.418645134043,1.534683855125844e-4
爲麒剛,PERSON,1,4.203446826397646e-4,0.001061401540173677,0,1.1243534967393749e-4
夏守,PERSON,3,0.0012610340479192938,0.006543762807132369,91.87779643092281,1.160092807424594e-4
夏太尊,PERSON,1,4.203446826397646e-4,0.0010614015401736786,0,1.1243534967393749e-4
君鑒,PERSON,5,0.002101723413198823,0.0063952216556381015,59.19626739048837,1.1510128913443831e-4
俞宗周,PERSON,8,0.003362757461118117,0.012884966709439002,22.363394428142154,1.1325028312570782e-4
王清夫,PERSON,15,0.006305170239596469,0.02274446399849811,470.04533487890393,1.152073732718894e-4
浙路保存會,ORG,15,0.006305170239596469,0.06645492075675101,12982.19769105353,1.5432098765432098e-4
景本白,PERSON,1,4.203446826397646e-4,0.002147642940438203,0,1.1289230074508918e-4
周金箴,PERSON,143,0.060109289617486336,0.3320403378122331,84385.49253796632,1.482799525504152e-4
嚴子均,PERSON,40,0.016813787305590584,0.07812462233777298,7449.527314132917,1.2330456226880394e-4
方樵苓,PERSON,13,0.00546448087431694,0.023281769778278397,650.5003679525994,1.1625203441060219e-4
李覲丹,PERSON,1,4.203446826397646e-4,0.0021476429404382043,0,1.1289230074508918e-4
李雲書,PERSON,79,0.0332072299285414,0.20783531448352635,31383.7346982137,1.3469827586206896e-4
李詠棠,PERSON,1,4.203446826397646e-4,0.002147642940438204,0,1.1289230074508918e-4
方樵譽,PERSON,1,4.203446826397646e-4,0.0021476429404382025,0,1.1289230074508918e-4
樊時勛,PERSON,29,0.012189995796553174,0.06625483672937692,6011.580221716306,1.2655024044545685e-4
陳子琴,PERSON,46,0.019335855401429174,0.09841199411662978,6481.308805933225,1.2376237623762376e-4
葉叉新,PERSON,1,4.203446826397646e-4,0.002147642940438204,0,1.1289230074508918e-4
朱葆三,PERSON,93,0.03909205548549811,0.20401063205930292,54506.12944937681,1.4021312394840157e-4
滬軍,ORG,78,0.03278688524590164,0.05777341729121461,61776.437238486724,1.5762925598991173e-4
製造局,ORG,96,0.0403530895334174,0.07153924703573532,70502.62929056742,1.590836780146357e-4
上海商會,ORG,24,0.01008827238335435,0.0511038710811266,12381.375743923061,1.5475085112968121e-4
云寗波,PERSON,1,4.203446826397646e-4,0.0016515386175567114,0,1.1312217194570136e-4
旅滬寗波同鄉會,ORG,6,0.0025220680958385876,0.03325878422960663,7614.211495967142,1.534683855125844e-4
沈仲翁,PERSON,1,4.203446826397646e-4,0.001074833772200621,0,1.1243534967393749e-4
朱葆翁,PERSON,1,4.203446826397646e-4,0.0010748337722006204,0,1.1243534967393749e-4
畢速,PERSON,1,4.203446826397646e-4,0.0010748337722006215,0,1.1243534967393749e-4
工部局,ORG,115,0.04833963850357293,0.12749038736696228,77377.20134737644,1.593879502709595e-4
雷福森,PERSON,1,4.203446826397646e-4,0.004120143810036414,0,1.155802126675913e-4
卜羅斯,PERSON,8,0.003362757461118117,0.017004156793028087,505.7998716852926,1.1938872970391595e-4
祝蘭舫,PERSON,22,0.009247583018074821,0.04929196237712909,3246.5719615484336,1.21153380179307e-4
沈仲禮,PERSON,47,0.019756200084068937,0.1053771426023289,15579.664828783245,1.3368983957219252e-4
松鹽局,ORG,5,0.002101723413198823,0.033143994845250324,1601.0909656914057,1.5342129487572875e-4
南洋勸業會,ORG,22,0.009247583018074821,0.0605180579604026,12016.485438332493,1.54273372415921e-4
喇伯第,PERSON,1,4.203446826397646e-4,0.0019557796242573185,0,1.128668171557562e-4
具柬,PERSON,1,4.203446826397646e-4,0.001955779624257319,0,1.128668171557562e-4
顧寳,PERSON,1,4.203446826397646e-4,0.0019557796242573194,0,1.128668171557562e-4
王栢年,PERSON,2,8.406893652795292e-4,0.002323487758167612,0.2,1.1243534967393749e-4
宋渭臣,PERSON,2,8.406893652795292e-4,0.002323487758167612,0.2,1.1243534967393749e-4
寗波會館,ORG,5,0.002101723413198823,0.03594806006644773,3590.164329415015,1.5342129487572875e-4
紅十字會,ORG,5,0.002101723413198823,0.03594806006644773,3590.164329415015,1.5342129487572875e-4
朱葆三艷,PERSON,2,8.406893652795292e-4,0.0023234877581676124,0.2,1.1243534967393749e-4
立生錢莊,ORG,2,8.406893652795292e-4,0.03235107761524114,2378.000000000001,1.5328019619865113e-4
蕭邦泰,PERSON,1,4.203446826397646e-4,0.0010454991543855348,0,1.1233430689732644e-4
上海製造局,ORG,15,0.006305170239596469,0.04145940057878065,2580.642670550567,1.538935056940597e-4
陸軍部,ORG,48,0.0201765447667087,0.07960553370834546,24021.146239414884,1.561524047470331e-4
季中,PERSON,4,0.0016813787305590584,0.004616766878976938,9.458798974135112,1.1307100859339665e-4
都督府,ORG,28,0.011769651113913409,0.04456280640857,14430.839915902594,1.5451174289245981e-4
軍政司,ORG,4,0.0016813787305590584,0.032764894097068856,1638.102609742106,1.5337423312883436e-4
黄炎培,PERSON,4,0.0016813787305590584,0.00461676687897694,9.458798974135112,1.1307100859339665e-4
民政司長,ORG,4,0.0016813787305590584,0.03276489409706887,1638.102609742106,1.5337423312883436e-4
沈信卿,PERSON,4,0.0016813787305590584,0.00461676687897694,9.458798974135112,1.1307100859339665e-4
財政司,ORG,4,0.0016813787305590584,0.03276489409706886,1638.102609742106,1.5337423312883436e-4
德全,PERSON,1,4.203446826397646e-4,0.0011072101957525012,0,1.1238480557428635e-4
聨合會,ORG,4,0.0016813787305590584,0.0342606140128611,3251.195273210489,1.5337423312883436e-4
葉惠鈞,PERSON,27,0.011349306431273645,0.055822719504126865,590.7040708039949,1.1598237067965669e-4
金琴,PERSON,10,0.004203446826397646,0.016226963068401365,147.11406023922066,1.142334932602239e-4
上海萬國體育會,ORG,3,0.0012610340479192938,0.033422887431250554,610.6358016710809,1.5332720024532353e-4
楊杏城,PERSON,17,0.007145859604875998,0.029014521483870424,1874.5793695046875,1.2153621779290228e-4
體育會,ORG,3,0.0012610340479192938,0.03342288743125054,610.6358016710809,1.5332720024532353e-4
壳件洋行,ORG,3,0.0012610340479192938,0.033422887431250534,610.6358016710809,1.5332720024532353e-4
克老克,PERSON,4,0.0016813787305590584,0.005196191053090169,8.899401660060999,1.1294330246216399e-4
陳潤夫,PERSON,26,0.01092896174863388,0.06193604517368334,6994.925745398613,1.3051422605063953e-4
李平書,PERSON,46,0.019335855401429174,0.08620420444127928,13882.991285037258,1.3034410844629823e-4
沈縵雲,PERSON,44,0.018495166036149643,0.09312885092550408,3946.055502954118,1.2091898428053205e-4
潘月樵,PERSON,14,0.0058848255569567045,0.05227507979652439,86.13235193981184,1.1386927806877705e-4
洋貨商業公會,ORG,4,0.0016813787305590584,0.03444980906617656,1401.81041013235,1.5337423312883436e-4
朱葆珊,PERSON,12,0.005044136191677175,0.020291102347206026,401.4888746427049,1.1851149561507466e-4
武聖,PERSON,2,8.406893652795292e-4,0.002226648934282325,0.25,1.1241007194244605e-4
法捕房,ORG,4,0.0016813787305590584,0.034449809066176555,1401.81041013235,1.5337423312883436e-4
馬澈,PERSON,2,8.406893652795292e-4,0.005482361266958687,13.58057803197791,1.159017153453871e-4
商務總會,ORG,121,0.05086170659941152,0.13654714578845048,107364.83584385873,1.599488163787588e-4
虞道鑒,PERSON,2,8.406893652795292e-4,0.005482361266958689,13.58057803197791,1.159017153453871e-4
知照院,ORG,5,0.002101723413198823,0.033094593392497436,2295.3664878561162,1.5342129487572875e-4
南北市烟紙業衆和社,ORG,7,0.0029424127784783522,0.0340229110790989,1776.375000000001,1.5351550506601167e-4
英界,ORG,7,0.0029424127784783522,0.03402291107909892,1776.375000000001,1.5351550506601167e-4
永其祥,PERSON,8,0.003362757461118117,0.008796226249025879,3.9999999999999996,1.1263798152737103e-4
美界,ORG,7,0.0029424127784783522,0.03402291107909892,1776.375000000001,1.5351550506601167e-4
盈豐協,ORG,7,0.0029424127784783522,0.03402291107909892,1776.375000000001,1.5351550506601167e-4
德大,PERSON,8,0.003362757461118117,0.008796226249025877,3.9999999999999996,1.1263798152737103e-4
法界,ORG,7,0.0029424127784783522,0.03402291107909892,1776.375000000001,1.5351550506601167e-4
高生大協,ORG,7,0.0029424127784783522,0.03402291107909892,1776.375000000001,1.5351550506601167e-4
陳萬康,PERSON,8,0.003362757461118117,0.00879622624902587,3.9999999999999996,1.1263798152737103e-4
阜生協,ORG,7,0.0029424127784783522,0.034022911079098904,1776.375000000001,1.5351550506601167e-4
萬茂森,PERSON,8,0.003362757461118117,0.008796226249025875,3.9999999999999996,1.1263798152737103e-4
中興公司,ORG,7,0.0029424127784783522,0.034022911079098925,1776.375000000001,1.5351550506601167e-4
德生昌,PERSON,8,0.003362757461118117,0.008796226249025875,3.9999999999999996,1.1263798152737103e-4
張菊軒,PERSON,8,0.003362757461118117,0.008796226249025874,3.9999999999999996,1.1263798152737103e-4
徐少庭,PERSON,2,8.406893652795292e-4,0.008532977507678882,145.58521447632526,1.1862396204033214e-4
虞觀察,PERSON,1,4.203446826397646e-4,0.002346758306268178,0,1.1289230074508918e-4
勸業會,ORG,3,0.0012610340479192938,0.0325304812778765,1746.9641631095128,1.5332720024532353e-4
張制軍,PERSON,2,8.406893652795292e-4,0.0021025939891258162,0.3333333333333333,1.1238480557428635e-4
陳蘭薰,PERSON,4,0.0016813787305590584,0.004494226550868045,15.319428553267228,1.1273957158962796e-4
上海董事會,ORG,3,0.0012610340479192938,0.03253048127787651,1746.9641631095128,1.5332720024532353e-4
席子佩,PERSON,13,0.00546448087431694,0.028924238335403987,1000.050496333884,1.188495364868077e-4
業廣公司,ORG,3,0.0012610340479192938,0.03304527949557627,2539.026358208853,1.5332720024532353e-4
蘇葆生,PERSON,9,0.0037831021437578815,0.021458385052624682,378.67417086923507,1.1767474699929395e-4
蘇子耕,PERSON,1,4.203446826397646e-4,0.0010679338778125328,0,1.1235955056179776e-4
吕鏡宇,PERSON,8,0.003362757461118117,0.015948455015939486,249.87195210208407,1.1961722488038278e-4
沈敦和,PERSON,3,0.0012610340479192938,0.00479083112638656,106.59007836126403,1.1399908800729594e-4
賽珍會,ORG,6,0.0025220680958385876,0.03248693787956779,11880.000000000005,1.534683855125844e-4
端方銑,PERSON,1,4.203446826397646e-4,0.0010498897899358375,0,1.1243534967393749e-4
憲鈞鑒銑,PERSON,1,4.203446826397646e-4,0.0010498897899358383,0,1.1243534967393749e-4
霍治,PERSON,1,4.203446826397646e-4,0.001049889789935838,0,1.1243534967393749e-4
陳介眉,PERSON,1,4.203446826397646e-4,0.0010498897899358383,0,1.1243534967393749e-4
沈葆初,PERSON,1,4.203446826397646e-4,0.0010498897899358373,0,1.1243534967393749e-4
永花行,ORG,6,0.0025220680958385876,0.03477378371511744,7372.614110339928,1.534683855125844e-4
吳祥麟,PERSON,1,4.203446826397646e-4,0.0011237944497964065,0,1.1243534967393749e-4
林世傑,PERSON,1,4.203446826397646e-4,0.001123794449796407,0,1.1243534967393749e-4
邵琴濤,PERSON,25,0.010508617065994116,0.056413404739047275,2831.967522343834,1.23334977799704e-4
孫三,PERSON,1,4.203446826397646e-4,0.001123794449796407,0,1.1243534967393749e-4
滬寗工程處,ORG,2,8.406893652795292e-4,0.03235107761524113,2378.000000000001,1.5328019619865113e-4
曾子安,PERSON,1,4.203446826397646e-4,0.0010454991543855353,0,1.1233430689732644e-4
孫問清,PERSON,1,4.203446826397646e-4,0.0023351033934310016,0,1.1373976342129209e-4
龐清臣,PERSON,14,0.0058848255569567045,0.05277629572668218,395.5198504067884,1.1499540018399264e-4
湯蟄仙,PERSON,15,0.006305170239596469,0.029515627910929862,189.76797337244864,1.1439029970258523e-4
陶惺存,PERSON,1,4.203446826397646e-4,0.0023351033934310025,0,1.1373976342129209e-4
姚慕蓮,PERSON,1,4.203446826397646e-4,0.002335103393431001,0,1.1373976342129209e-4
徐冠南,PERSON,3,0.0012610340479192938,0.004840783993342877,645.2937219401681,1.147842056932966e-4
王一亭,PERSON,62,0.026061370323665407,0.15405635746683938,8300.162143455236,1.2294074256208508e-4
王亦梅,PERSON,8,0.003362757461118117,0.013072427162431796,90.6836381700353,1.1407711613050422e-4
姚雨人,PERSON,1,4.203446826397646e-4,0.002335103393431001,0,1.1373976342129209e-4
杜亞泉,PERSON,1,4.203446826397646e-4,0.0023351033934310038,0,1.1373976342129209e-4
沈迪民,PERSON,1,4.203446826397646e-4,0.002335103393431003,0,1.1373976342129209e-4
壽孝天,PERSON,1,4.203446826397646e-4,0.0023351033934310007,0,1.1373976342129209e-4
宋伯寅,PERSON,1,4.203446826397646e-4,0.002335103393431001,0,1.1373976342129209e-4
顧麟如,PERSON,1,4.203446826397646e-4,0.0023351033934310007,0,1.1373976342129209e-4
楊振驤,PERSON,8,0.003362757461118117,0.0130724271624318,90.6836381700353,1.1407711613050422e-4
陳伯剛,PERSON,4,0.0016813787305590584,0.009476391683746647,417.15637837361993,1.1582117211026175e-4
毛安甫,PERSON,1,4.203446826397646e-4,0.0023351033934310033,0,1.1373976342129209e-4
李韻標,PERSON,3,0.0012610340479192938,0.003202714527176857,2.571428571428571,1.1243534967393749e-4
李裕妙,PERSON,4,0.0016813787305590584,0.004325860462794851,22.262581699346402,1.126887536623845e-4
蔡前道,PERSON,1,4.203446826397646e-4,0.0010511207837319244,0,1.1238480557428635e-4
程品山,PERSON,1,4.203446826397646e-4,0.001051120783731924,0,1.1238480557428635e-4
道署,ORG,4,0.0016813787305590584,0.032525028752883156,5327.202485913478,1.5337423312883436e-4
胡寄梅,PERSON,22,0.009247583018074821,0.036479051289151854,482.55712856052105,1.1528706479133042e-4
李友妙,PERSON,2,8.406893652795292e-4,0.0021532358167935793,0.16666666666666666,1.1246063877642825e-4
英督,ORG,6,0.0025220680958385876,0.033313991092583324,4284.38337037717,1.534683855125844e-4
蔡觀察,PERSON,12,0.005044136191677175,0.02005554466814525,1183.7465161039581,1.2103606874848704e-4
安得臣,PERSON,2,8.406893652795292e-4,0.0021532358167935775,0.16666666666666666,1.1246063877642825e-4
季阿來,PERSON,2,8.406893652795292e-4,0.0021532358167935793,0.16666666666666666,1.1246063877642825e-4
泥城外洋務局,ORG,6,0.0025220680958385876,0.03331399109258331,4284.38337037717,1.534683855125844e-4
上海縣,ORG,2,8.406893652795292e-4,0.032841701385899064,177.05277307409273,1.5328019619865113e-4
閘北巡警總局,ORG,2,8.406893652795292e-4,0.03284170138589906,177.05277307409273,1.5328019619865113e-4
南市工程局,ORG,25,0.010508617065994116,0.045024515966109895,7407.127805005311,1.5518311607697082e-4
陳漢卿,PERSON,1,4.203446826397646e-4,0.0023782143749756304,0,1.1412919424788861e-4
民軍,ORG,66,0.027742749054224466,0.07358953616345779,39653.921570665385,1.5664160401002505e-4
信義銀行,ORG,23,0.009667927700714587,0.07261618509382135,10443.164704074066,1.5432098765432098e-4
造紙,ORG,2,8.406893652795292e-4,0.03254513843409092,385.8247454771028,1.5328019619865113e-4
朱培初,PERSON,5,0.002101723413198823,0.0070503596904769395,46.61665656934394,1.1368804001819008e-4
李平,PERSON,25,0.010508617065994116,0.041914378931953156,4812.551404409142,1.2406947890818859e-4
顧忠深,PERSON,2,8.406893652795292e-4,0.002967660970105527,7.92603900191134,1.1467889908256881e-4
聯軍總司令部,ORG,6,0.0025220680958385876,0.034055476091326115,4027.096016657769,1.534683855125844e-4
孫毓筠,PERSON,2,8.406893652795292e-4,0.0029676609701055254,7.92603900191134,1.1467889908256881e-4
尊處諒,PERSON,2,8.406893652795292e-4,0.002967660970105526,7.92603900191134,1.1467889908256881e-4
沈翔雲,PERSON,2,8.406893652795292e-4,0.0029676609701055267,7.92603900191134,1.1467889908256881e-4
謝綸輝,PERSON,33,0.013871374527112233,0.07277305227374771,6372.017198185857,1.2635835228708617e-4
袁聯清,PERSON,7,0.0029424127784783522,0.01950746286250405,434.0949962885472,1.1856770215793219e-4
丁价侯,PERSON,20,0.008406893652795292,0.03902794501354634,904.018391261044,1.188212927756654e-4
周舜卿,PERSON,40,0.016813787305590584,0.08818366347376895,8737.280427399679,1.282051282051282e-4
孫蔭庭,PERSON,5,0.002101723413198823,0.016622644583023097,288.22917615598163,1.1851149561507466e-4
劉栢生,PERSON,2,8.406893652795292e-4,0.0082328333137229575,66.20536585963454,1.1720581340834506e-4
蘇寳森,PERSON,13,0.00546448087431694,0.031752619423144085,928.1928155157942,1.2042389210019268e-4
袁恒之,PERSON,34,0.014291719209751997,0.060666975031377676,4621.738422778717,1.2447099825740602e-4
王子展,PERSON,7,0.0029424127784783522,0.022180917773892486,433.7243253200666,1.1987532965715655e-4
京江公所,ORG,5,0.002101723413198823,0.04649252902507685,545.3600182315959,1.534683855125844e-4
總工程局,ORG,75,0.031525851197982346,0.07951417272007846,40187.011737208086,1.5723270440251572e-4
四明會館,ORG,5,0.002101723413198823,0.04649252902507686,545.3600182315959,1.534683855125844e-4
紹興會館,ORG,5,0.002101723413198823,0.04649252902507685,545.3600182315959,1.534683855125844e-4
胡陸薌,PERSON,6,0.0025220680958385876,0.010467729244959883,69.9664891529083,1.152604887044721e-4
工程局,ORG,43,0.01807482135350988,0.05842063242085118,22344.525468040058,1.5566625155666251e-4
莫子經,PERSON,14,0.0058848255569567045,0.02334597922764156,690.3646179145428,1.1633317822242904e-4
景明府,ORG,5,0.002101723413198823,0.046492529025076876,545.3600182315959,1.534683855125844e-4
鄉會,ORG,18,0.007566204287515763,0.06115133983219714,9089.75606419593,1.5441630636195183e-4
南北商會,ORG,65,0.0273224043715847,0.11758324482922324,26285.377886856455,1.5669069257286117e-4
李徴五,PERSON,12,0.005044136191677175,0.02287636001331382,709.6313330588515,1.188212927756654e-4
陳良,PERSON,3,0.0012610340479192938,0.0077524629686188005,2.4493257620775535,1.1420740063956144e-4
黄鍾瑛,PERSON,3,0.0012610340479192938,0.007752462968618799,2.4493257620775535,1.1420740063956144e-4
黄裳治,PERSON,3,0.0012610340479192938,0.007752462968618802,2.4493257620775535,1.1420740063956144e-4
毛仲芳,PERSON,3,0.0012610340479192938,0.007752462968618804,2.4493257620775535,1.1420740063956144e-4
謝剛哲,PERSON,3,0.0012610340479192938,0.007752462968618802,2.4493257620775535,1.1420740063956144e-4
沈鴻烈,PERSON,3,0.0012610340479192938,0.007752462968618799,2.4493257620775535,1.1420740063956144e-4
光亭,ORG,18,0.007566204287515763,0.06115133983219715,9089.75606419593,1.5441630636195183e-4
饒懷文,PERSON,3,0.0012610340479192938,0.007752462968618797,2.4493257620775535,1.1420740063956144e-4
孫鵬,PERSON,3,0.0012610340479192938,0.007752462968618799,2.4493257620775535,1.1420740063956144e-4
朱聲崗,PERSON,3,0.0012610340479192938,0.0077524629686188005,2.4493257620775535,1.1420740063956144e-4
鄧家驊,PERSON,3,0.0012610340479192938,0.007752462968618804,2.4493257620775535,1.1420740063956144e-4
魏文浩,PERSON,3,0.0012610340479192938,0.007752462968618799,2.4493257620775535,1.1420740063956144e-4
吕德元,PERSON,3,0.0012610340479192938,0.007752462968618795,2.4493257620775535,1.1420740063956144e-4
寗波旅滬同鄉會,ORG,14,0.0058848255569567045,0.0449504262503335,9043.954195698529,1.5422578655151142e-4
吳錦堂,PERSON,10,0.004203446826397646,0.014674541908775006,334.2577060921831,1.1512779184895233e-4
夏祥甫,PERSON,2,8.406893652795292e-4,0.003729790809144566,0.95724871270412,1.1353315168029064e-4
徐棣蓀,PERSON,3,0.0012610340479192938,0.006133489562848239,64.53539921836403,1.1483693155718879e-4
樊時勋,PERSON,2,8.406893652795292e-4,0.0037297908091445697,0.95724871270412,1.1353315168029064e-4
陳配懷,PERSON,2,8.406893652795292e-4,0.0037297908091445727,0.95724871270412,1.1353315168029064e-4
劉東峯,PERSON,3,0.0012610340479192938,0.0061334895628482435,64.53539921836403,1.1483693155718879e-4
張詠霓,PERSON,3,0.0012610340479192938,0.003980531535367818,355.04853212525774,1.1384335154826958e-4
吳蔭亭,PERSON,2,8.406893652795292e-4,0.003729790809144572,0.95724871270412,1.1353315168029064e-4
李如山,PERSON,3,0.0012610340479192938,0.006133489562848238,64.53539921836403,1.1483693155718879e-4
陳良玉,PERSON,13,0.00546448087431694,0.02331156997173701,702.4918397946531,1.1649580615097856e-4
四明公所,ORG,40,0.016813787305590584,0.0704611945521391,16793.52953276353,1.554726368159204e-4
兪宗,PERSON,4,0.0016813787305590584,0.006235471409056452,267.10831613533196,1.1457378551787351e-4
劍門山銻礦,ORG,1,4.203446826397646e-4,0.03231728991596193,0,1.5323322096230462e-4
政事部,ORG,1,4.203446826397646e-4,0.03231728991596193,0,1.5323322096230462e-4
民政司,ORG,1,4.203446826397646e-4,0.03231728991596195,0,1.5323322096230462e-4
鑫泰銻礦公司,ORG,1,4.203446826397646e-4,0.03231728991596192,0,1.5323322096230462e-4
洋務局,ORG,152,0.06389239176124423,0.14600639617998168,103247.3058481617,1.6139444803098772e-4
商樞府,ORG,17,0.007145859604875998,0.059222843953727324,3792.323048228424,1.5403573629081948e-4
上海商務總會勸業會,ORG,17,0.007145859604875998,0.059222843953727324,3792.323048228424,1.5403573629081948e-4
譚己紀,PERSON,6,0.0025220680958385876,0.011525388712759231,2.1366571018651364,1.1299435028248587e-4
董事會,ORG,17,0.007145859604875998,0.059222843953727324,3792.323048228424,1.5403573629081948e-4
鄭蘇戡,PERSON,6,0.0025220680958385876,0.011525388712759231,2.1366571018651364,1.1299435028248587e-4
丁价侯祝蘭舫,PERSON,6,0.0025220680958385876,0.011525388712759231,2.1366571018651364,1.1299435028248587e-4
張叔禾,PERSON,8,0.003362757461118117,0.013926098296663574,169.53332668935138,1.1350737797956867e-4
湯仲盤,PERSON,6,0.0025220680958385876,0.011525388712759235,2.1366571018651364,1.1299435028248587e-4
王少卿,PERSON,6,0.0025220680958385876,0.011525388712759238,2.1366571018651364,1.1299435028248587e-4
新嘉坡,ORG,17,0.007145859604875998,0.059222843953727296,3792.323048228424,1.5403573629081948e-4
王逸梅,PERSON,6,0.0025220680958385876,0.011525388712759238,2.1366571018651364,1.1299435028248587e-4
口大清銀行,ORG,17,0.007145859604875998,0.059222843953727296,3792.323048228424,1.5403573629081948e-4
羅煥章,PERSON,6,0.0025220680958385876,0.011525388712759231,2.1366571018651364,1.1299435028248587e-4
英國愛字隊,ORG,2,8.406893652795292e-4,0.032384936038484184,1188.5000000000005,1.5328019619865113e-4
辟爾,PERSON,2,8.406893652795292e-4,0.002093186733731155,0.5,1.1235955056179776e-4
北華商圑練會,ORG,2,8.406893652795292e-4,0.032384936038484184,1188.5000000000005,1.5328019619865113e-4
岡本,PERSON,3,0.0012610340479192938,0.0032118655009299615,1.4619047619047618,1.124859392575928e-4
三井洋行,ORG,6,0.0025220680958385876,0.03336821151875295,3755.7497053385964,1.534683855125844e-4
倫章造紙廠,ORG,4,0.0016813787305590584,0.03271795809583958,2356.3860742965535,1.5337423312883436e-4
吳育滋堂,PERSON,2,8.406893652795292e-4,0.002135725902870224,0.4642857142857143,1.1246063877642825e-4
同濟醫院,ORG,15,0.006305170239596469,0.06687630751532492,3004.01179435381,1.5432098765432098e-4
内德文學堂,ORG,15,0.006305170239596469,0.06687630751532493,3004.01179435381,1.5432098765432098e-4
瑞心如,PERSON,5,0.002101723413198823,0.014037642210958986,33.846892907601195,1.1652295502213937e-4
張效,PERSON,5,0.002101723413198823,0.01403764221095898,33.846892907601195,1.1652295502213937e-4
吳少卿,PERSON,31,0.013030685161832704,0.07201595165404769,1433.524178112496,1.1978917105893628e-4
葉洪濤,PERSON,5,0.002101723413198823,0.014037642210958979,33.846892907601195,1.1652295502213937e-4
袁聯青,PERSON,5,0.002101723413198823,0.01403764221095898,33.846892907601195,1.1652295502213937e-4
謝小雲,PERSON,12,0.005044136191677175,0.03859882189090918,810.7402774173828,1.1865211200759374e-4
電報總局,ORG,19,0.007986548970155528,0.06992115827739045,3964.6877050641224,1.5451174289245981e-4
楊彝卿,PERSON,5,0.002101723413198823,0.014037642210958982,33.846892907601195,1.1652295502213937e-4
周翼雲,PERSON,8,0.003362757461118117,0.02242745348025912,249.93401991327917,1.1786892975011787e-4
匯豐銀行,ORG,31,0.013030685161832704,0.09414849267852295,5619.461956245674,1.5508684863523573e-4
席裕成,PERSON,7,0.0029424127784783522,0.01667464582508805,1042.5701892017983,1.1811953697141507e-4
曾少卿,PERSON,17,0.007145859604875998,0.032801782177717585,1660.2161745919107,1.2025012025012025e-4
貴局,ORG,1,4.203446826397646e-4,0.03231728991596192,0,1.5323322096230462e-4
吳震元,PERSON,2,8.406893652795292e-4,0.00215450976368842,0.325,1.1246063877642825e-4
倫章紙廠,ORG,5,0.002101723413198823,0.0332991906455689,2561.633868257753,1.5342129487572875e-4
劉觀察,PERSON,9,0.0037831021437578815,0.01796640460147923,73.8238515047437,1.1425959780621572e-4
陳富英,PERSON,1,4.203446826397646e-4,0.0011215038622693484,0,1.124859392575928e-4
田大令,PERSON,16,0.006725514922236234,0.02996111852260322,887.506375983151,1.181753722524226e-4
趙麗卿,PERSON,1,4.203446826397646e-4,0.001121503862269348,0,1.124859392575928e-4
撫順輪船,ORG,8,0.003362757461118117,0.03470290563304385,8201.06873763946,1.5356265356265356e-4
李有品,PERSON,1,4.203446826397646e-4,0.0011215038622693478,0,1.124859392575928e-4
道憲,PERSON,7,0.0029424127784783522,0.016111522048501952,602.8686273361996,1.207437816952427e-4
信成銀行,ORG,23,0.009667927700714587,0.07951474556025934,4141.110066444596,1.5432098765432098e-4
大淸銀行,ORG,17,0.007145859604875998,0.07181605120224384,2755.2215863506367,1.5403573629081948e-4
席德輝,PERSON,8,0.003362757461118117,0.019919767527503206,22.030414008728055,1.142334932602239e-4
交通銀行,ORG,17,0.007145859604875998,0.07181605120224385,2755.2215863506367,1.5403573629081948e-4
王麗薇,PERSON,28,0.011769651113913409,0.09492213954070457,1080.5837421656477,1.1753643629525152e-4
通商銀行,ORG,23,0.009667927700714587,0.07699035931658572,4976.573727014164,1.5432098765432098e-4
顧永詮,PERSON,8,0.003362757461118117,0.019919767527503202,22.030414008728055,1.142334932602239e-4
四明銀行,ORG,48,0.0201765447667087,0.09999563059636195,36319.607064381344,1.5590894917368256e-4
王玉山,PERSON,8,0.003362757461118117,0.019919767527503216,22.030414008728055,1.142334932602239e-4
浙江銀行,ORG,17,0.007145859604875998,0.07181605120224385,2755.2215863506367,1.5403573629081948e-4
孫恒甫,PERSON,8,0.003362757461118117,0.019919767527503216,22.030414008728055,1.142334932602239e-4
裕商銀行,ORG,17,0.007145859604875998,0.07181605120224381,2755.2215863506367,1.5403573629081948e-4
蔡吉安,PERSON,8,0.003362757461118117,0.019919767527503213,22.030414008728055,1.142334932602239e-4
朱淸齋,PERSON,8,0.003362757461118117,0.019919767527503192,22.030414008728055,1.142334932602239e-4
陳巨川,PERSON,8,0.003362757461118117,0.01991976752750321,22.030414008728055,1.142334932602239e-4
史潤甫,PERSON,8,0.003362757461118117,0.019919767527503213,22.030414008728055,1.142334932602239e-4
劉葆良,PERSON,8,0.003362757461118117,0.019919767527503216,22.030414008728055,1.142334932602239e-4
張菊生,PERSON,1,4.203446826397646e-4,0.0023351033934310016,0,1.1373976342129209e-4
盧鴻滄,PERSON,1,4.203446826397646e-4,0.002335103393431002,0,1.1373976342129209e-4
徐仲可,PERSON,1,4.203446826397646e-4,0.0023351033934310016,0,1.1373976342129209e-4
屠康侯,PERSON,6,0.0025220680958385876,0.014175517119595516,225.11725359913245,1.1536686663590217e-4
石積夫,PERSON,1,4.203446826397646e-4,0.0023351033934310033,0,1.1373976342129209e-4
虞含章,PERSON,1,4.203446826397646e-4,0.0023351033934310025,0,1.1373976342129209e-4
嚴漁三,PERSON,1,4.203446826397646e-4,0.0032315877843120634,0,1.1373976342129209e-4
余民進,PERSON,7,0.0029424127784783522,0.009859497289059096,144.2142023895958,1.1465260261407934e-4
史量才,PERSON,5,0.002101723413198823,0.0063952216556381085,59.19626739048837,1.1510128913443831e-4
和蘭銀行,ORG,5,0.002101723413198823,0.0331439948452503,1601.0909656914057,1.5342129487572875e-4
蘇行,ORG,5,0.002101723413198823,0.03314399484525031,1601.0909656914057,1.5342129487572875e-4
江蘇銀行,ORG,11,0.004623791509037411,0.04068314861362752,6648.787340651008,1.5408320493066256e-4
上海醫院,ORG,27,0.011349306431273645,0.06345465548172564,19362.142733510616,1.5451174289245981e-4
陳衡哲,PERSON,1,4.203446826397646e-4,0.0020506824977204086,0,1.1299435028248587e-4
張竹,PERSON,4,0.0016813787305590584,0.00682465739554017,1.069333523360369,1.1307100859339665e-4
育賢,PERSON,1,4.203446826397646e-4,0.002050682497720408,0,1.1299435028248587e-4
顧馨一,PERSON,27,0.011349306431273645,0.05762103177462931,713.1254013203758,1.1641443538998836e-4
上海靑年會,ORG,8,0.003362757461118117,0.039865875832155166,10323.045903885244,1.539408866995074e-4
朱椿年,PERSON,1,4.203446826397646e-4,0.0012883570670214983,0,1.126887536623845e-4
玉英,PERSON,1,4.203446826397646e-4,0.0012883570670214988,0,1.126887536623845e-4
香蘭,PERSON,1,4.203446826397646e-4,0.001288357067021499,0,1.126887536623845e-4
王長庚,PERSON,7,0.0029424127784783522,0.0157511736693695,209.04051885315292,1.157943492357573e-4
沈敦,PERSON,5,0.002101723413198823,0.008662084392951016,127.66549045664799,1.1542012927054478e-4
陳滬道,PERSON,1,4.203446826397646e-4,0.0012883570670214986,0,1.126887536623845e-4
軍政府,ORG,12,0.005044136191677175,0.05646461285800235,3612.128622822126,1.5375153751537516e-4
公共公,ORG,3,0.0012610340479192938,0.03257130484023571,1367.0985024795236,1.5332720024532353e-4
張这,PERSON,3,0.0012610340479192938,0.0039300158666507575,2.215852366648843,1.1263798152737103e-4
房己照,PERSON,3,0.0012610340479192938,0.0039300158666507636,2.215852366648843,1.1263798152737103e-4
西官堂,ORG,3,0.0012610340479192938,0.03257130484023571,1367.0985024795236,1.5332720024532353e-4
軍政分府,ORG,5,0.002101723413198823,0.03324630411283164,3062.954738739766,1.5342129487572875e-4
湯壽老,PERSON,2,8.406893652795292e-4,0.002941510724684649,8.41267254389482,1.1467889908256881e-4
張季老,PERSON,2,8.406893652795292e-4,0.0029415107246846474,8.41267254389482,1.1467889908256881e-4
伍廷芳,PERSON,11,0.004623791509037411,0.01992212942057547,656.7913001871269,1.1745360582569885e-4
于右任,PERSON,2,8.406893652795292e-4,0.0029415107246846483,8.41267254389482,1.1467889908256881e-4
浙軍,ORG,48,0.0201765447667087,0.04783082303576307,23866.139715321806,1.561524047470331e-4
傅其永,PERSON,5,0.002101723413198823,0.00608668912765872,17.31567249546936,1.1397310234784591e-4
朱練,PERSON,5,0.002101723413198823,0.006086689127658725,17.31567249546936,1.1397310234784591e-4
白釗,PERSON,5,0.002101723413198823,0.006086689127658723,17.31567249546936,1.1397310234784591e-4
劉其英,PERSON,5,0.002101723413198823,0.006086689127658723,17.31567249546936,1.1397310234784591e-4
砲兵第六團,ORG,6,0.0025220680958385876,0.03330081640179634,2173.5706826773844,1.534683855125844e-4
張國威,PERSON,5,0.002101723413198823,0.006086689127658723,17.31567249546936,1.1397310234784591e-4
浙江旅滬學會,ORG,25,0.010508617065994116,0.0406082979674446,7543.561518385829,1.5436863229391788e-4
嘉紹,ORG,6,0.0025220680958385876,0.033300816401796336,2173.5706826773844,1.534683855125844e-4
同鄕會,ORG,6,0.0025220680958385876,0.03330081640179635,2173.5706826773844,1.534683855125844e-4
張益林,PERSON,1,4.203446826397646e-4,0.004412833697642476,0,1.1587485515643106e-4
孫靜軒,PERSON,1,4.203446826397646e-4,0.004412833697642475,0,1.1587485515643106e-4
陳錦章,PERSON,5,0.002101723413198823,0.009174415066429907,307.45391170750213,1.1726078799249531e-4
王錫五,PERSON,1,4.203446826397646e-4,0.004412833697642473,0,1.1587485515643106e-4
王西星,PERSON,19,0.007986548970155528,0.04482816477699814,3269.6946899056443,1.2419274714356682e-4
金千葉三,PERSON,1,4.203446826397646e-4,0.004412833697642472,0,1.1587485515643106e-4
伊復信,PERSON,1,4.203446826397646e-4,0.004412833697642471,0,1.1587485515643106e-4
四明商業兼儲蓄銀行,ORG,8,0.003362757461118117,0.05385811144434295,2608.2185824614976,1.5356265356265356e-4
上海大清銀行,ORG,8,0.003362757461118117,0.05385811144434296,2608.2185824614976,1.5356265356265356e-4
蔡伯浩,PERSON,4,0.0016813787305590584,0.008116006234357763,237.69309587155377,1.1483693155718879e-4
黎玉平,PERSON,3,0.0012610340479192938,0.006712684188058107,4.662612708976885,1.137915339098771e-4
黎京卿,PERSON,3,0.0012610340479192938,0.006712684188058103,4.662612708976885,1.137915339098771e-4
黎京堂,PERSON,3,0.0012610340479192938,0.006712684188058106,4.662612708976885,1.137915339098771e-4
陳其美,PERSON,3,0.0012610340479192938,0.0046906625150723354,21.57463875678801,1.1534025374855825e-4
沈恩孚,PERSON,1,4.203446826397646e-4,0.0018670802760360299,0,1.1465260261407934e-4
曹雪庚,PERSON,1,4.203446826397646e-4,0.0018670802760360294,0,1.1465260261407934e-4
温朝詒,PERSON,1,4.203446826397646e-4,0.0018670802760360288,0,1.1465260261407934e-4
許葆英,PERSON,1,4.203446826397646e-4,0.0018670802760360308,0,1.1465260261407934e-4
許繼祥,PERSON,1,4.203446826397646e-4,0.001867080276036028,0,1.1465260261407934e-4
姜國梁,PERSON,1,4.203446826397646e-4,0.0018670802760360288,0,1.1465260261407934e-4
梁敦焯,PERSON,1,4.203446826397646e-4,0.0018670802760360294,0,1.1465260261407934e-4
大通,ORG,9,0.0037831021437578815,0.05359648515318278,996.437780993683,1.5360983102918587e-4
善源,ORG,8,0.003362757461118117,0.05318709737412459,646.833442568212,1.5356265356265356e-4
四明銀,ORG,8,0.003362757461118117,0.05318709737412456,646.833442568212,1.5356265356265356e-4
川源,ORG,8,0.003362757461118117,0.0531870973741246,646.833442568212,1.5356265356265356e-4
鴻安輪船公司,ORG,8,0.003362757461118117,0.05318709737412458,646.833442568212,1.5356265356265356e-4
寗波路事,ORG,8,0.003362757461118117,0.05318709737412458,646.833442568212,1.5356265356265356e-4
馬聘三,PERSON,10,0.004203446826397646,0.019755438671635078,55.37489497026713,1.1439029970258523e-4
董蘭舫,PERSON,13,0.00546448087431694,0.024889819950356946,72.97732450650696,1.1446886446886447e-4
李徵五,PERSON,4,0.0016813787305590584,0.007312915073018499,771.5723851154539,1.1512779184895233e-4
李薇莊,PERSON,9,0.0037831021437578815,0.013256372324472602,1325.65212753958,1.1539349180706209e-4
王海帆,PERSON,1,4.203446826397646e-4,2.5074072622324745e-4,0,8.461668641056016e-5
趙林士厦,PERSON,1,4.203446826397646e-4,2.507407262232476e-4,0,8.461668641056016e-5
謝蘅牕,PERSON,4,0.0016813787305590584,0.007392029016538886,638.165427607571,1.1496895838123707e-4
王淸夫,PERSON,1,4.203446826397646e-4,2.5074072622324734e-4,0,8.461668641056016e-5
陳蓉琯,PERSON,1,4.203446826397646e-4,2.5074072622324734e-4,0,8.461668641056016e-5
莊崧甫,PERSON,1,4.203446826397646e-4,2.50740726223248e-4,0,8.461668641056016e-5
張申之,PERSON,1,4.203446826397646e-4,2.5074072622324745e-4,0,8.461668641056016e-5
榮淸,PERSON,3,0.0012610340479192938,0.002371797801234088,242.88804642956478,1.1301989150090416e-4
盧志學,PERSON,1,4.203446826397646e-4,2.5074072622324756e-4,0,8.461668641056016e-5
六邑聯合會,ORG,13,0.00546448087431694,0.00775871760519758,17072.15251160517,1.059322033898305e-4
江蘇發審局,ORG,2,8.406893652795292e-4,0.03263123699927442,363.29926131082965,1.5342129487572875e-4
劉羲年,PERSON,8,0.003362757461118117,0.009714523839370348,621.6235172306723,1.1726078799249531e-4
清理,ORG,2,8.406893652795292e-4,0.03263123699927439,363.29926131082965,1.5342129487572875e-4
商團,ORG,11,0.004623791509037411,0.04062634001187223,1836.9086343219528,1.5384615384615385e-4
尤力,PERSON,5,0.002101723413198823,0.011771818365891843,2.890624900775918,1.1397310234784591e-4
王金镕,PERSON,5,0.002101723413198823,0.011771818365891844,2.890624900775918,1.1397310234784591e-4
王金鎔,PERSON,5,0.002101723413198823,0.011771818365891846,2.890624900775918,1.1397310234784591e-4
袁尙書,PERSON,5,0.002101723413198823,0.01177181836589184,2.890624900775918,1.1397310234784591e-4
俞道明,PERSON,5,0.002101723413198823,0.011771818365891846,2.890624900775918,1.1397310234784591e-4
旅浙院學堂,ORG,27,0.011349306431273645,0.07116301581944193,9232.83407259036,1.548467017652524e-4
倪啟驥,PERSON,5,0.002101723413198823,0.01177181836589184,2.890624900775918,1.1397310234784591e-4
李詠裳,PERSON,33,0.013871374527112233,0.09382312259732853,1584.9939371999624,1.1723329425556858e-4
葉𣗳德堂,ORG,27,0.011349306431273645,0.0711630158194419,9232.83407259036,1.548467017652524e-4
樊時勉,PERSON,5,0.002101723413198823,0.011771818365891844,2.890624900775918,1.1397310234784591e-4
蘇資森,PERSON,5,0.002101723413198823,0.011771818365891844,2.890624900775918,1.1397310234784591e-4
周湘雲,PERSON,5,0.002101723413198823,0.011771818365891846,2.890624900775918,1.1397310234784591e-4
湯子壯,PERSON,5,0.002101723413198823,0.011771818365891844,2.890624900775918,1.1397310234784591e-4
繼述堂,ORG,27,0.011349306431273645,0.07116301581944194,9232.83407259036,1.548467017652524e-4
陳慶才,PERSON,5,0.002101723413198823,0.011771818365891846,2.890624900775918,1.1397310234784591e-4
徐文明,PERSON,5,0.002101723413198823,0.011771818365891846,2.890624900775918,1.1397310234784591e-4
陳瑞海,PERSON,5,0.002101723413198823,0.011771818365891846,2.890624900775918,1.1397310234784591e-4
胡仲彰,PERSON,5,0.002101723413198823,0.011771818365891846,2.890624900775918,1.1397310234784591e-4
朱衡齋,PERSON,7,0.0029424127784783522,0.01650940790250382,99.82933522967349,1.1457378551787351e-4
陳利華,PERSON,5,0.002101723413198823,0.011771818365891844,2.890624900775918,1.1397310234784591e-4
吳竹崖,PERSON,5,0.002101723413198823,0.011771818365891844,2.890624900775918,1.1397310234784591e-4
葉又新,PERSON,7,0.0029424127784783522,0.01172049475525976,27.855847576812415,1.1327594019030358e-4
鄭良裕,PERSON,3,0.0012610340479192938,0.0036774529907907267,0.2727272727272727,1.1284134506883322e-4
筱安,PERSON,3,0.0012610340479192938,0.0036774529907907276,0.2727272727272727,1.1284134506883322e-4
方耕硯,PERSON,3,0.0012610340479192938,0.0036774529907907276,0.2727272727272727,1.1284134506883322e-4
董杏蓀,PERSON,3,0.0012610340479192938,0.003677452990790729,0.2727272727272727,1.1284134506883322e-4
兆豐會,ORG,11,0.004623791509037411,0.03793070727107786,4402.776825503334,1.5413070283600493e-4
康宏,ORG,11,0.004623791509037411,0.03793070727107787,4402.776825503334,1.5413070283600493e-4
大瑞豐,ORG,11,0.004623791509037411,0.037930707271077856,4402.776825503334,1.5413070283600493e-4
浙江旅滬公學,ORG,48,0.0201765447667087,0.07225554492666976,81534.00895610261,1.5590894917368256e-4
劉澄如,PERSON,1,4.203446826397646e-4,0.0023351033934310016,0,1.1373976342129209e-4
孫采丞,PERSON,1,4.203446826397646e-4,0.002335103393431001,0,1.1373976342129209e-4
朱桂卿,PERSON,1,4.203446826397646e-4,0.0023351033934310007,0,1.1373976342129209e-4
方樵荃,PERSON,1,4.203446826397646e-4,0.002335103393431002,0,1.1373976342129209e-4
姚頌南,PERSON,1,4.203446826397646e-4,0.002335103393431003,0,1.1373976342129209e-4
劉楚薌,PERSON,1,4.203446826397646e-4,0.002335103393431003,0,1.1373976342129209e-4
陳海石,PERSON,1,4.203446826397646e-4,0.002335103393431002,0,1.1373976342129209e-4
田時霖,PERSON,1,4.203446826397646e-4,0.0023351033934310038,0,1.1373976342129209e-4
孫靄人,PERSON,1,4.203446826397646e-4,0.0023351033934310025,0,1.1373976342129209e-4
嚴濬,PERSON,1,4.203446826397646e-4,0.0023351033934310033,0,1.1373976342129209e-4
陳承哉,PERSON,1,4.203446826397646e-4,0.0023351033934310025,0,1.1373976342129209e-4
顧企,PERSON,1,4.203446826397646e-4,0.002335103393431001,0,1.1373976342129209e-4
陸吟生,PERSON,1,4.203446826397646e-4,0.002335103393431001,0,1.1373976342129209e-4
洪宋齋,PERSON,1,4.203446826397646e-4,0.0023351033934310038,0,1.1373976342129209e-4
鍾憲鬯,PERSON,1,4.203446826397646e-4,0.0023351033934310016,0,1.1373976342129209e-4
劉綬蓀,PERSON,1,4.203446826397646e-4,0.0023351033934310016,0,1.1373976342129209e-4
費杏生,PERSON,1,4.203446826397646e-4,0.002335103393431003,0,1.1373976342129209e-4
徐乾麟,PERSON,8,0.003362757461118117,0.01486966953522898,1320.5275831330323,1.17813383600377e-4
赤十字會,ORG,20,0.008406893652795292,0.04924066869709711,7567.496309612182,1.5413070283600493e-4
陳繼武,PERSON,4,0.0016813787305590584,0.00682465739554017,1.069333523360369,1.1307100859339665e-4
伍秩庸,PERSON,9,0.0037831021437578815,0.018185623429946562,909.1347312129125,1.1918951132300358e-4
宋躍如,PERSON,4,0.0016813787305590584,0.006824657395540167,1.069333523360369,1.1307100859339665e-4
李登輝,PERSON,4,0.0016813787305590584,0.00682465739554017,1.069333523360369,1.1307100859339665e-4
曹錫根,PERSON,4,0.0016813787305590584,0.00682465739554017,1.069333523360369,1.1307100859339665e-4
吳懷久,PERSON,4,0.0016813787305590584,0.00682465739554017,1.069333523360369,1.1307100859339665e-4
王培生,PERSON,4,0.0016813787305590584,0.006824657395540167,1.069333523360369,1.1307100859339665e-4
漢口事務所長,ORG,20,0.008406893652795292,0.04924066869709712,7567.496309612182,1.5413070283600493e-4
何乃全,PERSON,4,0.0016813787305590584,0.0068246573955401705,1.069333523360369,1.1307100859339665e-4
上海事務所長,ORG,20,0.008406893652795292,0.049240668697097124,7567.496309612182,1.5413070283600493e-4
王維廉,PERSON,4,0.0016813787305590584,0.006824657395540171,1.069333523360369,1.1307100859339665e-4
田北湖,PERSON,4,0.0016813787305590584,0.00682465739554017,1.069333523360369,1.1307100859339665e-4
朱少屏,PERSON,4,0.0016813787305590584,0.006824657395540169,1.069333523360369,1.1307100859339665e-4
楊千里,PERSON,6,0.0025220680958385876,0.009225366979444514,188.22908152593087,1.1358473421172194e-4
王寶崙,PERSON,4,0.0016813787305590584,0.00682465739554017,1.069333523360369,1.1307100859339665e-4
寗波同鄕會,ORG,3,0.0012610340479192938,0.03258958429499648,1187.2500000000005,1.5332720024532353e-4
利局,ORG,3,0.0012610340479192938,0.03258958429499649,1187.2500000000005,1.5332720024532353e-4
因利局,ORG,3,0.0012610340479192938,0.03258958429499648,1187.2500000000005,1.5332720024532353e-4
香港保良局,ORG,3,0.0012610340479192938,0.0325895842949965,1187.2500000000005,1.5332720024532353e-4
馬玉連,PERSON,4,0.0016813787305590584,0.004212828175608323,2,1.1243534967393749e-4
黄森,PERSON,4,0.0016813787305590584,0.004212828175608327,2,1.1243534967393749e-4
海運滬局,ORG,5,0.002101723413198823,0.03272745945831855,3165.999999999767,1.5342129487572875e-4
屠善生,PERSON,3,0.0012610340479192938,0.0031729883865821164,0.6000000000000001,1.1246063877642825e-4
滬錫海運局,ORG,5,0.002101723413198823,0.03272745945831855,3165.999999999767,1.5342129487572875e-4
張雨田,PERSON,3,0.0012610340479192938,0.0031729883865821164,0.6000000000000001,1.1246063877642825e-4
上海房捐局,ORG,5,0.002101723413198823,0.03272745945831854,3165.999999999767,1.5342129487572875e-4
陳廷楨,PERSON,3,0.0012610340479192938,0.0031729883865821147,0.6000000000000001,1.1246063877642825e-4
富光祖,PERSON,3,0.0012610340479192938,0.003172988386582115,0.6000000000000001,1.1246063877642825e-4
淞驗補局,ORG,4,0.0016813787305590584,0.03262394406268317,2375.0000000000014,1.5337423312883436e-4
楊逢辰,PERSON,3,0.0012610340479192938,0.0031629523754275707,0.75,1.1243534967393749e-4
一路巡警分局,ORG,4,0.0016813787305590584,0.03262394406268317,2375.0000000000014,1.5337423312883436e-4
德清,PERSON,3,0.0012610340479192938,0.0031629523754275724,0.75,1.1243534967393749e-4
一區巡警分悞,ORG,4,0.0016813787305590584,0.0326239440626832,2375.0000000000014,1.5337423312883436e-4
游澤寰,PERSON,3,0.0012610340479192938,0.003162952375427571,0.75,1.1243534967393749e-4
商船公會,ORG,4,0.0016813787305590584,0.033112466562526505,2261.418153287326,1.5356265356265356e-4
上海商船公會,ORG,4,0.0016813787305590584,0.03311246656252652,2261.418153287326,1.5356265356265356e-4
馬廷樹,PERSON,10,0.004203446826397646,0.01868538246971503,434.20446078826257,1.201634222542658e-4
田寳榮,PERSON,7,0.0029424127784783522,0.0037797081877988877,667.7393517903594,1.1386927806877705e-4
南巿,PERSON,2,8.406893652795292e-4,0.002140210363467533,0.25,1.125112511251125e-4
龍官誥,PERSON,1,4.203446826397646e-4,0.0010698227055788963,0,1.1243534967393749e-4
寶子觀,PERSON,1,4.203446826397646e-4,0.0010698227055788965,0,1.1243534967393749e-4
田春亨,PERSON,1,4.203446826397646e-4,0.0010698227055788963,0,1.1243534967393749e-4
王渡巡局,ORG,6,0.0025220680958385876,0.033103725849564426,9638.999871721673,1.534683855125844e-4
周宗戟,PERSON,1,4.203446826397646e-4,0.0010698227055788963,0,1.1243534967393749e-4
廣益,ORG,7,0.0029424127784783522,0.05780780991381607,925.0391011786439,1.5356265356265356e-4
李葉嚴,PERSON,3,0.0012610340479192938,0.006090864763008909,0.6472441538684937,1.1289230074508918e-4
甬屬集股,ORG,7,0.0029424127784783522,0.05780780991381602,925.0391011786439,1.5356265356265356e-4
甬屬,ORG,13,0.00546448087431694,0.07285515785352938,2164.684431583413,1.5422578655151142e-4
明銀行,ORG,2,8.406893652795292e-4,0.03270917817419889,213.90572550478623,1.5328019619865113e-4
麥加利,ORG,2,8.406893652795292e-4,0.03270917817419891,213.90572550478623,1.5328019619865113e-4
匯豐,ORG,2,8.406893652795292e-4,0.03270917817419888,213.90572550478623,1.5328019619865113e-4
花旗,ORG,2,8.406893652795292e-4,0.03270917817419891,213.90572550478623,1.5328019619865113e-4
德華,ORG,2,8.406893652795292e-4,0.03270917817419891,213.90572550478623,1.5328019619865113e-4
義豐,ORG,2,8.406893652795292e-4,0.0327091781741989,213.90572550478623,1.5328019619865113e-4
明府,ORG,33,0.013871374527112233,0.04626565482479574,13045.658080538178,1.5556938394523958e-4
李二,PERSON,9,0.0037831021437578815,0.012126272322215893,179.95526828335986,1.152073732718894e-4
滙豐銀行,ORG,2,8.406893652795292e-4,0.03270917817419892,213.90572550478623,1.5328019619865113e-4
孫衡甫,PERSON,3,0.0012610340479192938,0.007890063377403644,81.21946464298742,1.1460004584001834e-4
經鈞,PERSON,1,4.203446826397646e-4,0.0024141753522627387,0,1.1332728921124207e-4
熊財政,PERSON,1,4.203446826397646e-4,0.00241417535226274,0,1.1332728921124207e-4
同鄉會,ORG,27,0.011349306431273645,0.07470228346933092,20250.2839272598,1.5513496742165683e-4
朱佩珍,PERSON,31,0.013030685161832704,0.05137457044054978,13898.430541470576,1.2626262626262626e-4
商團公會,ORG,6,0.0025220680958385876,0.03645357746000538,2059.6662334499674,1.534683855125844e-4
台鑒商團會,ORG,2,8.406893652795292e-4,0.032466352620550296,543.8380537856351,1.5328019619865113e-4
黄勳伯,PERSON,4,0.0016813787305590584,0.004612475395553306,6.801938839388381,1.127141568981064e-4
工部,ORG,11,0.004623791509037411,0.041338413817309086,2409.5062876895554,1.537042729787888e-4
商團會,ORG,2,8.406893652795292e-4,0.032466352620550275,543.8380537856351,1.5328019619865113e-4
江海關,ORG,20,0.008406893652795292,0.04285146350222048,8568.80010235087,1.5441630636195183e-4
鄭孝胥,PERSON,3,0.0012610340479192938,0.004075303878246402,0.4148997607458129,1.1299435028248587e-4
寗商所,ORG,17,0.007145859604875998,0.041625716697132865,7351.661555591391,1.54273372415921e-4
蘇錫岱,PERSON,3,0.0012610340479192938,0.0040753038782464016,0.4148997607458129,1.1299435028248587e-4
宋恩銓,PERSON,3,0.0012610340479192938,0.004075303878246405,0.4148997607458129,1.1299435028248587e-4
張子林,PERSON,3,0.0012610340479192938,0.004075303878246403,0.4148997607458129,1.1299435028248587e-4
秦寅,PERSON,3,0.0012610340479192938,0.004075303878246404,0.4148997607458129,1.1299435028248587e-4
桂月華,PERSON,3,0.0012610340479192938,0.004075303878246405,0.4148997607458129,1.1299435028248587e-4
滬商所,ORG,17,0.007145859604875998,0.04162571669713284,7351.661555591391,1.54273372415921e-4
周晋鑣,PERSON,7,0.0029424127784783522,0.010088031605616556,122.27883632576354,1.1470520761642578e-4
朱偑珍,PERSON,5,0.002101723413198823,0.006458719147922949,26.807563388151802,1.1327594019030358e-4
陳薰,PERSON,19,0.007986548970155528,0.044479689717031035,2755.9705238474276,1.2416190712689348e-4
席裕福,PERSON,10,0.004203446826397646,0.022950954178236886,729.5217259584463,1.1893434823977165e-4
丁維藩,PERSON,13,0.00546448087431694,0.02446457935244089,1086.992984586729,1.1809163911195088e-4
嚴義彬,PERSON,44,0.018495166036149643,0.07822656921928255,17844.153765211664,1.2990387113535984e-4
祝大椿,PERSON,19,0.007986548970155528,0.041470178065688215,2633.0073902974145,1.221001221001221e-4
蘇德鑣,PERSON,12,0.005044136191677175,0.023061257306141218,564.8997596487376,1.1737089201877934e-4
鈕安廷,PERSON,3,0.0012610340479192938,0.004075303878246406,0.4148997607458129,1.1299435028248587e-4
陳琪,PERSON,7,0.0029424127784783522,0.008305300608857178,37.7736654656438,1.1312217194570136e-4
王清,PERSON,1,4.203446826397646e-4,0.0012078277287138452,0,1.1238480557428635e-4
大達,ORG,4,0.0016813787305590584,0.03737404132136964,4780.1339841802355,1.5337423312883436e-4
蔡道台,PERSON,1,4.203446826397646e-4,0.001207827728713844,0,1.1238480557428635e-4
李大令,PERSON,18,0.007566204287515763,0.04648818124852439,4319.655623400698,1.2281994595922377e-4
左道憲,PERSON,7,0.0029424127784783522,0.024561179679950185,4.701566467441587,1.1470520761642578e-4
蔡洋,PERSON,7,0.0029424127784783522,0.024561179679950192,4.701566467441587,1.1470520761642578e-4
李洋,PERSON,7,0.0029424127784783522,0.024561179679950168,4.701566467441587,1.1470520761642578e-4
任逢辛,PERSON,10,0.004203446826397646,0.03295099094925031,301.98492458502443,1.1614401858304297e-4
滬南商會,ORG,65,0.0273224043715847,0.12012535888642924,19601.234528068708,1.5629884338855892e-4
干蘭屏,PERSON,7,0.0029424127784783522,0.02456117967995017,4.701566467441587,1.1470520761642578e-4
張樂,PERSON,7,0.0029424127784783522,0.02456117967995019,4.701566467441587,1.1470520761642578e-4
林蓮蓀,PERSON,9,0.0037831021437578815,0.029219655273041763,310.0247325720885,1.155802126675913e-4
李泳裳,PERSON,7,0.0029424127784783522,0.024561179679950203,4.701566467441587,1.1470520761642578e-4
朱子謙,PERSON,26,0.01092896174863388,0.08693214080160047,658.8416868236181,1.1606313834726091e-4
郁屏翰,PERSON,31,0.013030685161832704,0.09966349155410265,4596.140178634809,1.2382367508667657e-4
梅伯,PERSON,7,0.0029424127784783522,0.024561179679950185,4.701566467441587,1.1470520761642578e-4
萬厚愚,PERSON,7,0.0029424127784783522,0.024561179679950185,4.701566467441587,1.1470520761642578e-4
汪寛也,PERSON,7,0.0029424127784783522,0.024561179679950192,4.701566467441587,1.1470520761642578e-4
林景周,PERSON,7,0.0029424127784783522,0.02456117967995018,4.701566467441587,1.1470520761642578e-4
鍾祿卿,PERSON,7,0.0029424127784783522,0.02456117967995018,4.701566467441587,1.1470520761642578e-4
干湘春,PERSON,7,0.0029424127784783522,0.02456117967995018,4.701566467441587,1.1470520761642578e-4
北巿商會,ORG,50,0.021017234131988232,0.10445852274151302,12432.735511468769,1.5556938394523958e-4
袁子壯,PERSON,7,0.0029424127784783522,0.024561179679950175,4.701566467441587,1.1470520761642578e-4
何錦豐,PERSON,7,0.0029424127784783522,0.02456117967995018,4.701566467441587,1.1470520761642578e-4
陳聯卿,PERSON,7,0.0029424127784783522,0.024561179679950192,4.701566467441587,1.1470520761642578e-4
馬補之,PERSON,7,0.0029424127784783522,0.02456117967995018,4.701566467441587,1.1470520761642578e-4
沈季芳,PERSON,7,0.0029424127784783522,0.02456117967995018,4.701566467441587,1.1470520761642578e-4
壽昌,ORG,50,0.021017234131988232,0.1044585227415131,12432.735511468769,1.5556938394523958e-4
施子英,PERSON,15,0.006305170239596469,0.04218670138548692,2649.4428699718605,1.1910433539780847e-4
施省三,PERSON,7,0.0029424127784783522,0.024561179679950192,4.701566467441587,1.1470520761642578e-4
趙馥濤,PERSON,7,0.0029424127784783522,0.02456117967995019,4.701566467441587,1.1470520761642578e-4
蔡伯華,PERSON,7,0.0029424127784783522,0.02456117967995018,4.701566467441587,1.1470520761642578e-4
邱毓庭,PERSON,7,0.0029424127784783522,0.024561179679950182,4.701566467441587,1.1470520761642578e-4
穎川,PERSON,7,0.0029424127784783522,0.024561179679950182,4.701566467441587,1.1470520761642578e-4
麗辛堂,ORG,50,0.021017234131988232,0.10445852274151304,12432.735511468769,1.5556938394523958e-4
泰昌公司,ORG,50,0.021017234131988232,0.10445852274151304,12432.735511468769,1.5556938394523958e-4
黃廉叔,PERSON,7,0.0029424127784783522,0.024561179679950182,4.701566467441587,1.1470520761642578e-4
程松卿,PERSON,7,0.0029424127784783522,0.024561179679950175,4.701566467441587,1.1470520761642578e-4
濟陽,PERSON,7,0.0029424127784783522,0.02456117967995018,4.701566467441587,1.1470520761642578e-4
徐會生,PERSON,7,0.0029424127784783522,0.02456117967995018,4.701566467441587,1.1470520761642578e-4
楊綬卿,PERSON,7,0.0029424127784783522,0.024561179679950168,4.701566467441587,1.1470520761642578e-4
震昌絲棧,ORG,50,0.021017234131988232,0.10445852274151306,12432.735511468769,1.5556938394523958e-4
張益齋,PERSON,7,0.0029424127784783522,0.024561179679950185,4.701566467441587,1.1470520761642578e-4
葉潤生,PERSON,7,0.0029424127784783522,0.024561179679950192,4.701566467441587,1.1470520761642578e-4
柯錫堃,PERSON,7,0.0029424127784783522,0.024561179679950168,4.701566467441587,1.1470520761642578e-4
翁研蓀,PERSON,7,0.0029424127784783522,0.024561179679950165,4.701566467441587,1.1470520761642578e-4
宋季生,PERSON,8,0.003362757461118117,0.0257329363254055,201.81675135026512,1.1499540018399264e-4
湯少岩,PERSON,7,0.0029424127784783522,0.024561179679950196,4.701566467441587,1.1470520761642578e-4
解鴻圖,PERSON,7,0.0029424127784783522,0.02456117967995018,4.701566467441587,1.1470520761642578e-4
紀春溪,PERSON,7,0.0029424127784783522,0.024561179679950192,4.701566467441587,1.1470520761642578e-4
洪念祖,PERSON,8,0.003362757461118117,0.011772640130238819,109.65872435825915,1.1465260261407934e-4
兪宗周,PERSON,7,0.0029424127784783522,0.008541052345926753,9.89417042699651,1.1322463768115942e-4
航業維持會,ORG,6,0.0025220680958385876,0.034034281547077834,1396.040637464386,1.534683855125844e-4
滬甬航業,ORG,6,0.0025220680958385876,0.03403428154707784,1396.040637464386,1.534683855125844e-4
維持會,ORG,7,0.0029424127784783522,0.03478764831225066,1563.2072801311504,1.5351550506601167e-4
甬興船,ORG,6,0.0025220680958385876,0.03403428154707784,1396.040637464386,1.534683855125844e-4
寗波同鄉會,ORG,30,0.012610340479192938,0.059328338351363245,4817.658297753915,1.5460729746444033e-4
浙撫,ORG,6,0.0025220680958385876,0.03403428154707781,1396.040637464386,1.534683855125844e-4
紹台三府自治會,ORG,6,0.0025220680958385876,0.034034281547077834,1396.040637464386,1.534683855125844e-4
袁恒,PERSON,8,0.003362757461118117,0.009599909299515885,43.72659462474579,1.1335298118340512e-4
李珪有,PERSON,7,0.0029424127784783522,0.008541052345926753,9.89417042699651,1.1322463768115942e-4
瑞莘,PERSON,1,4.203446826397646e-4,0.004412833697642472,0,1.1587485515643106e-4
蘇葆笙,PERSON,8,0.003362757461118117,0.013141022522704462,130.37414031160927,1.143379830779785e-4
楊信之,PERSON,23,0.009667927700714587,0.07328850172617324,1206.8479863872196,1.1848341232227489e-4
盛振棠,PERSON,3,0.0012610340479192938,0.0048045018750497584,68.26732736779446,1.155001155001155e-4
银爐廠,ORG,2,8.406893652795292e-4,0.03247255839595972,582.8010478273551,1.5328019619865113e-4
寗紹商輪公司,ORG,11,0.004623791509037411,0.03896383307118833,5004.4798505137105,1.5475085112968121e-4
郵傳部,ORG,5,0.002101723413198823,0.04853362445440289,365.4456154723546,1.5342129487572875e-4
農工商部,ORG,25,0.010508617065994116,0.05848062700772304,11295.967171273987,1.5475085112968121e-4
寗紹商輪股分有限公司,ORG,1,4.203446826397646e-4,0.03231728991596194,0,1.5323322096230462e-4
上海四明商業銀行,ORG,9,0.0037831021437578815,0.03687523421478704,4901.820742306982,1.539882968894364e-4
吳倩基,PERSON,2,8.406893652795292e-4,0.0023834152696765453,0.1111111111111111,1.1273957158962796e-4
方舜年,PERSON,16,0.006725514922236234,0.023679664846501965,643.253190783338,1.1674060238150829e-4
李厚垣,PERSON,2,8.406893652795292e-4,0.002383415269676546,0.1111111111111111,1.1273957158962796e-4
李翼燕,PERSON,2,8.406893652795292e-4,0.002383415269676545,0.1111111111111111,1.1273957158962796e-4
葉璋,PERSON,8,0.003362757461118117,0.016846231872024532,152.94352619881752,1.1560693641618497e-4
周晋,PERSON,7,0.0029424127784783522,0.008675899607814746,579.7955052253202,1.1723329425556858e-4
度支,ORG,9,0.0037831021437578815,0.036875234214787035,4901.820742306982,1.539882968894364e-4
參議院,ORG,34,0.014291719209751997,0.04019989921622877,14707.84871763659,1.550387596899225e-4
張振武,PERSON,3,0.0012610340479192938,0.006183741496154275,299.6346237497663,1.177301624676242e-4
王國棟,PERSON,3,0.0012610340479192938,0.006183741496154278,299.6346237497663,1.177301624676242e-4
程德,PERSON,6,0.0025220680958385876,0.010332685302065426,511.1249290275866,1.180080245456691e-4
管理處,ORG,6,0.0025220680958385876,0.04027811315522646,1374.217846679101,1.534683855125844e-4
總工程司,ORG,6,0.0025220680958385876,0.040278113155226454,1374.217846679101,1.534683855125844e-4
商會,ORG,61,0.02564102564102564,0.07378445675669333,33667.69362215239,1.5654351909830932e-4
外務部,ORG,38,0.015973097940311057,0.049092559809875425,44524.10937481642,1.558117793705204e-4
海寰,PERSON,5,0.002101723413198823,0.007876090548706392,138.11866385585623,1.1547344110854503e-4
盛宫,PERSON,5,0.002101723413198823,0.007876090548706392,138.11866385585623,1.1547344110854503e-4
商義勇隊,ORG,6,0.0025220680958385876,0.04027811315522645,1374.217846679101,1.534683855125844e-4
愷培,PERSON,5,0.002101723413198823,0.00787609054870639,138.11866385585623,1.1547344110854503e-4
甬屬集股處,ORG,12,0.005044136191677175,0.07265831761114433,1286.7955796444141,1.541782300339192e-4
葉樹德堂,ORG,12,0.005044136191677175,0.07265831761114434,1286.7955796444141,1.541782300339192e-4
方餘慶堂,ORG,12,0.005044136191677175,0.07265831761114433,1286.7955796444141,1.541782300339192e-4
九業洋貨公會,ORG,12,0.005044136191677175,0.07265831761114433,1286.7955796444141,1.541782300339192e-4
滬北商圑公會,ORG,12,0.005044136191677175,0.07265831761114432,1286.7955796444141,1.541782300339192e-4
甬屬集股處幹事,ORG,12,0.005044136191677175,0.0726583176111443,1286.7955796444141,1.541782300339192e-4
上海商務總會,ORG,72,0.03026481715006305,0.11820296893749525,43304.29071806517,1.5733165512901197e-4
新嘉坡中華商務總會,ORG,2,8.406893652795292e-4,0.0342778821363754,44.905442267308004,1.5328019619865113e-4
滬北華商商團體操會,ORG,2,8.406893652795292e-4,0.03427788213637541,44.905442267308004,1.5328019619865113e-4
岑制台,PERSON,5,0.002101723413198823,0.011812914777869691,68.27547174862974,1.1641443538998836e-4
劉道台,PERSON,5,0.002101723413198823,0.01181291477786969,68.27547174862974,1.1641443538998836e-4
紅十字會南市分會,ORG,7,0.0029424127784783522,0.053572174960823574,1249.0895924440563,1.538935056940597e-4
商團敎育總會,ORG,7,0.0029424127784783522,0.05357217496082357,1249.0895924440563,1.538935056940597e-4
本督院,ORG,7,0.0029424127784783522,0.05357217496082359,1249.0895924440563,1.538935056940597e-4
彌滋,PERSON,5,0.002101723413198823,0.011812914777869695,68.27547174862974,1.1641443538998836e-4
資政院,ORG,27,0.011349306431273645,0.06826558034573457,9844.539232687192,1.548467017652524e-4
滬北體操隊,ORG,8,0.003362757461118117,0.05940252939403786,889.524723332676,1.539408866995074e-4
振華軍樂隊義,ORG,8,0.003362757461118117,0.059402529394037874,889.524723332676,1.539408866995074e-4
南市體操會,ORG,8,0.003362757461118117,0.05940252939403788,889.524723332676,1.539408866995074e-4
馬德安,PERSON,10,0.004203446826397646,0.0218572784726,100.33436493419241,1.1636025133814289e-4
西樂隊,ORG,8,0.003362757461118117,0.05940252939403788,889.524723332676,1.539408866995074e-4
體操會,ORG,18,0.007566204287515763,0.06310464074730443,6080.130329043682,1.5441630636195183e-4
英公堂,ORG,8,0.003362757461118117,0.059402529394037874,889.524723332676,1.539408866995074e-4
王明府,PERSON,10,0.004203446826397646,0.021857278472599995,100.33436493419241,1.1636025133814289e-4
法分堂,ORG,8,0.003362757461118117,0.05940252939403786,889.524723332676,1.539408866995074e-4
陳明府,PERSON,14,0.0058848255569567045,0.028645556262735846,691.3764297693668,1.1944577161968466e-4
蘇松太,PERSON,9,0.0037831021437578815,0.01284595118832461,1563.2744258695568,1.2045290291496025e-4
吕尙,PERSON,2,8.406893652795292e-4,0.005706682298128862,122.32608539955197,1.1682242990654206e-4
金琴生,PERSON,1,4.203446826397646e-4,0.0038199996160804767,0,1.144950767117014e-4
葉鴻英,PERSON,1,4.203446826397646e-4,0.0038199996160804776,0,1.144950767117014e-4
焦樂山,PERSON,4,0.0016813787305590584,0.01220981088538063,55.36987533717275,1.1576753878212549e-4
印錫璋,PERSON,1,4.203446826397646e-4,0.0038199996160804784,0,1.144950767117014e-4
席立功,PERSON,1,4.203446826397646e-4,0.0038199996160804815,0,1.144950767117014e-4
丁欽齋,PERSON,2,8.406893652795292e-4,0.006223698369784148,113.06375792655135,1.1584800741427248e-4
施善畦,PERSON,1,4.203446826397646e-4,0.0038199996160804823,0,1.144950767117014e-4
陳輝庭,PERSON,30,0.012610340479192938,0.0694107448454315,938.2712469791412,1.1839924224484963e-4
唐露園,PERSON,2,8.406893652795292e-4,0.0055437094002684624,13.157824322937424,1.1457378551787351e-4
好白遜,PERSON,21,0.008827238335435058,0.05002512221652847,52.47062041313036,1.1528706479133042e-4
荷蘭銀行,ORG,28,0.011769651113913409,0.07489088718267946,3968.089660553522,1.5489467162329616e-4
賴格羅,PERSON,21,0.008827238335435058,0.050025122216528446,52.47062041313036,1.1528706479133042e-4
瑞記洋行,ORG,19,0.007986548970155528,0.06850990620953688,1674.0776555230414,1.5446400988569664e-4
盎霍而特,PERSON,21,0.008827238335435058,0.05002512221652847,52.47062041313036,1.1528706479133042e-4
德文報館,ORG,19,0.007986548970155528,0.06850990620953684,1674.0776555230414,1.5446400988569664e-4
芬裕,ORG,19,0.007986548970155528,0.06850990620953686,1674.0776555230414,1.5446400988569664e-4
東方銀行,ORG,28,0.011769651113913409,0.07489088718267949,3968.089660553522,1.5489467162329616e-4
亨利亞脱,PERSON,21,0.008827238335435058,0.05002512221652846,52.47062041313036,1.1528706479133042e-4
泰來洋行,ORG,19,0.007986548970155528,0.06850990620953686,1674.0776555230414,1.5446400988569664e-4
佩克順,PERSON,21,0.008827238335435058,0.05002512221652846,52.47062041313036,1.1528706479133042e-4
全隆,ORG,19,0.007986548970155528,0.06850990620953687,1674.0776555230414,1.5446400988569664e-4
齊克,PERSON,21,0.008827238335435058,0.05002512221652847,52.47062041313036,1.1528706479133042e-4
瑞生洋行,ORG,27,0.011349306431273645,0.0843909581576249,3614.086023005226,1.548467017652524e-4
史諦法,PERSON,21,0.008827238335435058,0.05002512221652845,52.47062041313036,1.1528706479133042e-4
怡和洋行,ORG,19,0.007986548970155528,0.06850990620953686,1674.0776555230414,1.5446400988569664e-4
蘭特而禮和洋行,ORG,19,0.007986548970155528,0.06850990620953686,1674.0776555230414,1.5446400988569664e-4
連納,ORG,19,0.007986548970155528,0.0685099062095369,1674.0776555230414,1.5446400988569664e-4
臣洋行,ORG,19,0.007986548970155528,0.06850990620953684,1674.0776555230414,1.5446400988569664e-4
施妥克馬,PERSON,21,0.008827238335435058,0.05002512221652846,52.47062041313036,1.1528706479133042e-4
盛宮保,PERSON,32,0.013451029844472467,0.07412591576933204,3207.0768986971448,1.2363996043521266e-4
哈卜們,PERSON,21,0.008827238335435058,0.050025122216528474,52.47062041313036,1.1528706479133042e-4
德華銀行,ORG,19,0.007986548970155528,0.06850990620953686,1674.0776555230414,1.5446400988569664e-4
費格,ORG,19,0.007986548970155528,0.0685099062095369,1674.0776555230414,1.5446400988569664e-4
勝銀行,ORG,19,0.007986548970155528,0.06850990620953686,1674.0776555230414,1.5446400988569664e-4
白根,PERSON,21,0.008827238335435058,0.050025122216528474,52.47062041313036,1.1528706479133042e-4
大而,ORG,19,0.007986548970155528,0.06850990620953687,1674.0776555230414,1.5446400988569664e-4
蒲立,PERSON,21,0.008827238335435058,0.05002512221652844,52.47062041313036,1.1528706479133042e-4
仁濟醫院,ORG,19,0.007986548970155528,0.06850990620953688,1674.0776555230414,1.5446400988569664e-4
麥格遼,PERSON,21,0.008827238335435058,0.050025122216528446,52.47062041313036,1.1528706479133042e-4
招商局,ORG,63,0.02648171500630517,0.12345707171235919,18880.605374948485,1.5688735487919673e-4
亨寳輪船公司,ORG,19,0.007986548970155528,0.0685099062095369,1674.0776555230414,1.5446400988569664e-4
伍而澤,PERSON,21,0.008827238335435058,0.050025122216528446,52.47062041313036,1.1528706479133042e-4
奥蘭荷蘭銀行,ORG,19,0.007986548970155528,0.06850990620953687,1674.0776555230414,1.5446400988569664e-4
仝啟,PERSON,21,0.008827238335435058,0.050025122216528474,52.47062041313036,1.1528706479133042e-4
台爾,PERSON,7,0.0029424127784783522,0.015811894837790812,8.054030497038603,1.1410314924691921e-4
制軍,ORG,18,0.007566204287515763,0.06152418111905077,3414.675445062965,1.5403573629081948e-4
查正元,PERSON,7,0.0029424127784783522,0.015811894837790823,8.054030497038603,1.1410314924691921e-4
戴嘉寶,PERSON,7,0.0029424127784783522,0.015811894837790802,8.054030497038603,1.1410314924691921e-4
亨蘭,PERSON,7,0.0029424127784783522,0.01581189483779081,8.054030497038603,1.1410314924691921e-4
聶司馬,PERSON,16,0.006725514922236234,0.03734063037658492,620.5740104284935,1.1964584828906437e-4
北巡警,ORG,18,0.007566204287515763,0.061524181119050725,3414.675445062965,1.5403573629081948e-4
滬北商會,ORG,18,0.007566204287515763,0.061524181119050725,3414.675445062965,1.5403573629081948e-4
沈蓮舫,PERSON,7,0.0029424127784783522,0.015811894837790823,8.054030497038603,1.1410314924691921e-4
南市錢業,ORG,18,0.007566204287515763,0.061524181119050746,3414.675445062965,1.5403573629081948e-4
鍾鹿卿,PERSON,7,0.0029424127784783522,0.015811894837790805,8.054030497038603,1.1410314924691921e-4
北市錢業,ORG,18,0.007566204287515763,0.06152418111905074,3414.675445062965,1.5403573629081948e-4
丁价,PERSON,7,0.0029424127784783522,0.015811894837790826,8.054030497038603,1.1410314924691921e-4
侯裕源,ORG,18,0.007566204287515763,0.06152418111905074,3414.675445062965,1.5403573629081948e-4
朱錕,PERSON,7,0.0029424127784783522,0.015811894837790816,8.054030497038603,1.1410314924691921e-4
商學補習會商團聨合會書業商團,ORG,2,8.406893652795292e-4,0.03242079296985476,784.3557493470425,1.5328019619865113e-4
是日會,ORG,2,8.406893652795292e-4,0.03242079296985477,784.3557493470425,1.5328019619865113e-4
周廷弼,PERSON,20,0.008406893652795292,0.026938576575947292,6257.202979721693,1.239771881973717e-4
梁榮翰,PERSON,16,0.006725514922236234,0.019988995887476296,4987.910508327039,1.2147716229348882e-4
李兆麟,PERSON,5,0.002101723413198823,0.006292484338138189,289.20215272493533,1.1701380762930026e-4
嚴家灼,PERSON,5,0.002101723413198823,0.0062924843381381886,289.20215272493533,1.1701380762930026e-4
李澔,PERSON,5,0.002101723413198823,0.0062924843381381886,289.20215272493533,1.1701380762930026e-4
川沙廳,ORG,39,0.01639344262295082,0.04366837581265339,21496.810262931664,1.5629884338855892e-4
陳綸提,PERSON,5,0.002101723413198823,0.006292484338138192,289.20215272493533,1.1701380762930026e-4
徐靑雲,PERSON,5,0.002101723413198823,0.00629248433813819,289.20215272493533,1.1701380762930026e-4
公共,ORG,17,0.007145859604875998,0.004831336212669956,307.51645305344056,9.858044164037855e-5
楊繩武,PERSON,7,0.0029424127784783522,0.008669140112262016,852.004130634875,1.1761938367442955e-4
清道局,ORG,17,0.007145859604875998,0.004831336212669955,307.51645305344056,9.858044164037855e-5
李壽曾,PERSON,5,0.002101723413198823,0.006292484338138188,289.20215272493533,1.1701380762930026e-4
上海鐵路釐局,ORG,17,0.007145859604875998,0.004831336212669954,307.51645305344056,9.858044164037855e-5
何聨芳,PERSON,5,0.002101723413198823,0.006292484338138188,289.20215272493533,1.1701380762930026e-4
陳文斌,PERSON,5,0.002101723413198823,0.0062924843381381886,289.20215272493533,1.1701380762930026e-4
彭忠樸,PERSON,5,0.002101723413198823,0.006292484338138193,289.20215272493533,1.1701380762930026e-4
傅子灶,PERSON,5,0.002101723413198823,0.006292484338138189,289.20215272493533,1.1701380762930026e-4
王佶,PERSON,5,0.002101723413198823,0.00629248433813819,289.20215272493533,1.1701380762930026e-4
馮元璋,PERSON,5,0.002101723413198823,0.006292484338138189,289.20215272493533,1.1701380762930026e-4
浙路公司,ORG,11,0.004623791509037411,0.04746386220999079,2414.123012902629,1.537042729787888e-4
浙路,ORG,11,0.004623791509037411,0.04746386220999076,2414.123012902629,1.537042729787888e-4
浙江,ORG,11,0.004623791509037411,0.04746386220999081,2414.123012902629,1.537042729787888e-4
鐵路,ORG,11,0.004623791509037411,0.04746386220999078,2414.123012902629,1.537042729787888e-4
俞寰澄,PERSON,7,0.0029424127784783522,0.010737323769000787,1.9090909090909092,1.127141568981064e-4
沈新三,PERSON,7,0.0029424127784783522,0.0107373237690008,1.9090909090909092,1.127141568981064e-4
云匯豐,PERSON,7,0.0029424127784783522,0.010737323769000806,1.9090909090909092,1.127141568981064e-4
滬杭甬,ORG,11,0.004623791509037411,0.04746386220999078,2414.123012902629,1.537042729787888e-4
蘇浙公司,ORG,11,0.004623791509037411,0.04746386220999076,2414.123012902629,1.537042729787888e-4
郵傅部,ORG,11,0.004623791509037411,0.04746386220999076,2414.123012902629,1.537042729787888e-4
陳智春,PERSON,4,0.0016813787305590584,0.005221674645263347,4.378911019979988,1.1301989150090416e-4
陳益泰鞋子店,ORG,4,0.0016813787305590584,0.03282354103603535,1523.2439555900316,1.5337423312883436e-4
楊掌生,PERSON,4,0.0016813787305590584,0.00522167464526335,4.378911019979988,1.1301989150090416e-4
體操會長,ORG,4,0.0016813787305590584,0.03282354103603536,1523.2439555900316,1.5337423312883436e-4
警局,ORG,4,0.0016813787305590584,0.03282354103603535,1523.2439555900316,1.5337423312883436e-4
商之英,PERSON,4,0.0016813787305590584,0.005221674645263349,4.378911019979988,1.1301989150090416e-4
福開森,PERSON,13,0.00546448087431694,0.02530299966915293,976.2233770697565,1.228803145736053e-4
方樵艌,PERSON,2,8.406893652795292e-4,0.00473758953661197,0.2811811851252758,1.1335298118340512e-4
樓心如,PERSON,18,0.007566204287515763,0.06081651726063002,954.740761664669,1.166044776119403e-4
莊菱晨,PERSON,3,0.0012610340479192938,0.0071412882903156396,74.61828469501624,1.1467889908256881e-4
周仰山,PERSON,2,8.406893652795292e-4,0.00473758953661197,0.2811811851252758,1.1335298118340512e-4
趙匊俶,PERSON,2,8.406893652795292e-4,0.004737589536611967,0.2811811851252758,1.1335298118340512e-4
仝啓敬,PERSON,2,8.406893652795292e-4,0.004737589536611969,0.2811811851252758,1.1335298118340512e-4
洪禧,PERSON,2,8.406893652795292e-4,0.004737589536611968,0.2811811851252758,1.1335298118340512e-4
洪玉露,PERSON,2,8.406893652795292e-4,0.0047375895366119705,0.2811811851252758,1.1335298118340512e-4
倪福,PERSON,2,8.406893652795292e-4,0.004737589536611975,0.2811811851252758,1.1335298118340512e-4
宋友亷,PERSON,2,8.406893652795292e-4,0.00473758953661197,0.2811811851252758,1.1335298118340512e-4
吳淞軍政府,ORG,21,0.008827238335435058,0.0718938435243502,12175.250791216748,1.545595054095827e-4
康和,PERSON,1,4.203446826397646e-4,0.0018879965150184928,0,1.1361054305839582e-4
紹商輪股份有限公司,ORG,1,4.203446826397646e-4,0.03231728991596195,0,1.5323322096230462e-4
寗湖義振會,ORG,5,0.002101723413198823,0.03517689103753883,3356.5562489010035,1.537042729787888e-4
哈同,PERSON,1,4.203446826397646e-4,0.0011368217860023462,0,1.1256190904997749e-4
王震,PERSON,23,0.009667927700714587,0.03223414173253995,4315.845020396392,1.2100677637947725e-4
陸伯鴻,PERSON,3,0.0012610340479192938,0.003739643140009108,7.637225046050372,1.1304544426859598e-4
黄勳,PERSON,1,4.203446826397646e-4,0.0010588569535891332,0,1.1243534967393749e-4
泰和洋行,ORG,6,0.0025220680958385876,0.032764410516555986,9790.974059382606,1.534683855125844e-4
鎭奇,PERSON,1,4.203446826397646e-4,0.001058856953589134,0,1.1243534967393749e-4
汪觀察,PERSON,5,0.002101723413198823,0.003658659098697108,1698.9848081598823,1.1366219595362583e-4
紹商輪公司,ORG,11,0.004623791509037411,0.039050178345411635,4408.717306070028,1.5413070283600493e-4
福州船政局,ORG,2,8.406893652795292e-4,0.03243552786275823,1112.30442117528,1.5365703749231714e-4
航業,ORG,2,8.406893652795292e-4,0.03307065668113479,133.46386769558603,1.5328019619865113e-4
亨寳公司,ORG,2,8.406893652795292e-4,0.03307065668113479,133.46386769558603,1.5328019619865113e-4
寗紹公司,ORG,2,8.406893652795292e-4,0.03307065668113478,133.46386769558603,1.5328019619865113e-4
寗紹公,ORG,4,0.0016813787305590584,0.0332873681786549,2173.7175798684398,1.5337423312883436e-4
時疫醫院,ORG,2,8.406893652795292e-4,0.03572279358395705,26.16432941501555,1.5328019619865113e-4
金子才,PERSON,8,0.003362757461118117,0.010630482085243724,32.05757222381395,1.1462631820265933e-4
王耀寰,PERSON,8,0.003362757461118117,0.010630482085243717,32.05757222381395,1.1462631820265933e-4
户部,ORG,16,0.006725514922236234,0.038624781917021254,3680.295880456719,1.539408866995074e-4
廣漢,PERSON,8,0.003362757461118117,0.010630482085243717,32.05757222381395,1.1462631820265933e-4
閔行釐局,ORG,16,0.006725514922236234,0.03862478191702122,3680.295880456719,1.539408866995074e-4
金籛蓀,PERSON,8,0.003362757461118117,0.010630482085243724,32.05757222381395,1.1462631820265933e-4
陳楚生,PERSON,10,0.004203446826397646,0.014520126818837482,346.1313032471677,1.1684973124561814e-4
貨捐局,ORG,47,0.019756200084068937,0.05364295949859174,17037.213393997783,1.5625e-4
總局,ORG,37,0.015552753257671291,0.04354936208816544,35098.903528478404,1.5576323987538941e-4
鳳韶,PERSON,8,0.003362757461118117,0.010630482085243722,32.05757222381395,1.1462631820265933e-4
金陵商礦,ORG,16,0.006725514922236234,0.03862478191702121,3680.295880456719,1.539408866995074e-4
滬局,ORG,16,0.006725514922236234,0.038624781917021234,3680.295880456719,1.539408866995074e-4
丁又雲,PERSON,8,0.003362757461118117,0.010630482085243717,32.05757222381395,1.1462631820265933e-4
水利局,ORG,16,0.006725514922236234,0.038624781917021206,3680.295880456719,1.539408866995074e-4
崔儀臣,PERSON,8,0.003362757461118117,0.01063048208524372,32.05757222381395,1.1462631820265933e-4
直剌鴻翥,PERSON,8,0.003362757461118117,0.010630482085243729,32.05757222381395,1.1462631820265933e-4
福建銅元局,ORG,16,0.006725514922236234,0.03862478191702122,3680.295880456719,1.539408866995074e-4
景融,PERSON,8,0.003362757461118117,0.01063048208524372,32.05757222381395,1.1462631820265933e-4
裴浩庭,PERSON,8,0.003362757461118117,0.010630482085243722,32.05757222381395,1.1462631820265933e-4
陳筱帥,PERSON,19,0.007986548970155528,0.03335817705855207,2680.5299213079184,1.2370113805047008e-4
帨辰准,PERSON,8,0.003362757461118117,0.010630482085243724,32.05757222381395,1.1462631820265933e-4
陸申甫,PERSON,15,0.006305170239596469,0.019729826284447156,719.9475138724121,1.1671335200746966e-4
童米蓀,PERSON,8,0.003362757461118117,0.010630482085243725,32.05757222381395,1.1462631820265933e-4
江南造幣廠,ORG,8,0.003362757461118117,0.03686511105100462,2433.826278987817,1.5384615384615385e-4
劉道通商銀行,ORG,8,0.003362757461118117,0.036865111051004595,2433.826278987817,1.5384615384615385e-4
王道准,PERSON,4,0.0016813787305590584,0.004765521926477797,0.75,1.127141568981064e-4
華商銀行,ORG,8,0.003362757461118117,0.03686511105100462,2433.826278987817,1.5384615384615385e-4
蘇撫憲,PERSON,7,0.0029424127784783522,0.008115734200391193,54.88996666278389,1.1307100859339665e-4
上海商務總分會,ORG,8,0.003362757461118117,0.036865111051004616,2433.826278987817,1.5384615384615385e-4
陳作霖,PERSON,19,0.007986548970155528,0.03470307538254536,1788.8033198175876,1.2068549360366884e-4
貝仁元,PERSON,4,0.0016813787305590584,0.004765521926477794,0.75,1.127141568981064e-4
朱方幹,PERSON,4,0.0016813787305590584,0.004765521926477796,0.75,1.127141568981064e-4
潘錫卜,PERSON,3,0.0012610340479192938,0.004507540715830261,0.30000000000000004,1.1261261261261261e-4
沈硯畦,PERSON,3,0.0012610340479192938,0.004507540715830263,0.30000000000000004,1.1261261261261261e-4
朱仲賓,PERSON,3,0.0012610340479192938,0.004507540715830263,0.30000000000000004,1.1261261261261261e-4
敦義洋行,ORG,10,0.004203446826397646,0.04649256097434422,3486.832886223973,1.537042729787888e-4
比京賽會華人部,ORG,10,0.004203446826397646,0.046492560974344205,3486.832886223973,1.537042729787888e-4
杜孟涑,PERSON,3,0.0012610340479192938,0.00450754071583026,0.30000000000000004,1.1261261261261261e-4
比京商會,ORG,10,0.004203446826397646,0.04649256097434422,3486.832886223973,1.537042729787888e-4
圑聨合會,ORG,8,0.003362757461118117,0.040423510546795764,3308.5111778905166,1.5356265356265356e-4
福州商務總會,ORG,8,0.003362757461118117,0.04042351054679576,3308.5111778905166,1.5356265356265356e-4
鄭仲義,PERSON,3,0.0012610340479192938,0.003919134929285234,0.375,1.1253657438667567e-4
李倬雲,PERSON,3,0.0012610340479192938,0.003919134929285232,0.375,1.1253657438667567e-4
全國商圑公會,ORG,8,0.003362757461118117,0.04042351054679578,3308.5111778905166,1.5356265356265356e-4
周葆元,PERSON,3,0.0012610340479192938,0.003919134929285233,0.375,1.1253657438667567e-4
朱少圻,PERSON,3,0.0012610340479192938,0.003919134929285234,0.375,1.1253657438667567e-4
李厚祐,PERSON,33,0.013871374527112233,0.061107814835160125,7741.228856822313,1.2537612838515547e-4
丁駿,PERSON,3,0.0012610340479192938,0.004523136825546806,14.221733535001471,1.1420740063956144e-4
盛省傳,PERSON,18,0.007566204287515763,0.03535367266332035,386.3795439479104,1.1523392486748098e-4
周熊甫,PERSON,18,0.007566204287515763,0.03452578363271203,686.1527962848227,1.1534025374855825e-4
厪建,PERSON,17,0.007145859604875998,0.03212208487900831,17.649921204608543,1.1402508551881414e-4
張讓,PERSON,17,0.007145859604875998,0.03212208487900833,17.649921204608543,1.1402508551881414e-4
三九業洋貨公會,ORG,25,0.010508617065994116,0.05761134672024734,3138.5219134737376,1.5436863229391788e-4
具潤生,PERSON,17,0.007145859604875998,0.03212208487900832,17.649921204608543,1.1402508551881414e-4
鄥微卿,PERSON,17,0.007145859604875998,0.03212208487900832,17.649921204608543,1.1402508551881414e-4
周昭桂,PERSON,17,0.007145859604875998,0.032122084879008334,17.649921204608543,1.1402508551881414e-4
欽齋,ORG,25,0.010508617065994116,0.05761134672024735,3138.5219134737376,1.5436863229391788e-4
徐炳輝,PERSON,17,0.007145859604875998,0.03212208487900834,17.649921204608543,1.1402508551881414e-4
張翰,PERSON,17,0.007145859604875998,0.03212208487900834,17.649921204608543,1.1402508551881414e-4
洋布業,ORG,25,0.010508617065994116,0.05761134672024735,3138.5219134737376,1.5436863229391788e-4
蘇寗森,PERSON,17,0.007145859604875998,0.03212208487900832,17.649921204608543,1.1402508551881414e-4
忠愛公義會,ORG,25,0.010508617065994116,0.05761134672024734,3138.5219134737376,1.5436863229391788e-4
尹則卿,PERSON,17,0.007145859604875998,0.032122084879008334,17.649921204608543,1.1402508551881414e-4
北市商團公會,ORG,25,0.010508617065994116,0.057611346720247335,3138.5219134737376,1.5436863229391788e-4
南北市銀樓,ORG,25,0.010508617065994116,0.05761134672024736,3138.5219134737376,1.5436863229391788e-4
桂增元,PERSON,17,0.007145859604875998,0.03212208487900835,17.649921204608543,1.1402508551881414e-4
南市,ORG,25,0.010508617065994116,0.057611346720247335,3138.5219134737376,1.5436863229391788e-4
荳米業,ORG,25,0.010508617065994116,0.05761134672024736,3138.5219134737376,1.5436863229391788e-4
趙仁賢,PERSON,17,0.007145859604875998,0.03212208487900832,17.649921204608543,1.1402508551881414e-4
科學儀器館,ORG,25,0.010508617065994116,0.05761134672024735,3138.5219134737376,1.5436863229391788e-4
虞合章,PERSON,17,0.007145859604875998,0.03212208487900836,17.649921204608543,1.1402508551881414e-4
同義善會,ORG,25,0.010508617065994116,0.057611346720247356,3138.5219134737376,1.5436863229391788e-4
柴麗淵,PERSON,17,0.007145859604875998,0.03212208487900835,17.649921204608543,1.1402508551881414e-4
屠康候,PERSON,17,0.007145859604875998,0.032122084879008334,17.649921204608543,1.1402508551881414e-4
同義會,ORG,25,0.010508617065994116,0.05761134672024736,3138.5219134737376,1.5436863229391788e-4
柴麗生,PERSON,17,0.007145859604875998,0.03212208487900834,17.649921204608543,1.1402508551881414e-4
張茂章,PERSON,17,0.007145859604875998,0.03212208487900832,17.649921204608543,1.1402508551881414e-4
費信之,PERSON,20,0.008406893652795292,0.035900430423573035,209.2776369194028,1.1457378551787351e-4
葛吉卿,PERSON,17,0.007145859604875998,0.03212208487900833,17.649921204608543,1.1402508551881414e-4
糖業集益堂,ORG,25,0.010508617065994116,0.057611346720247335,3138.5219134737376,1.5436863229391788e-4
鲍珪綬,PERSON,17,0.007145859604875998,0.03212208487900832,17.649921204608543,1.1402508551881414e-4
瑞鎔錢廠,ORG,25,0.010508617065994116,0.0576113467202473,3138.5219134737376,1.5436863229391788e-4
史惟懹,PERSON,17,0.007145859604875998,0.032122084879008334,17.649921204608543,1.1402508551881414e-4
鈞康莊,ORG,25,0.010508617065994116,0.05761134672024733,3138.5219134737376,1.5436863229391788e-4
周棫庭,PERSON,17,0.007145859604875998,0.03212208487900835,17.649921204608543,1.1402508551881414e-4
信義堂藥,ORG,25,0.010508617065994116,0.057611346720247335,3138.5219134737376,1.5436863229391788e-4
川督,ORG,7,0.0029424127784783522,0.035806843779339494,2187.257847952482,1.5351550506601167e-4
南巿總工程局,ORG,7,0.0029424127784783522,0.03580684377933953,2187.257847952482,1.5351550506601167e-4
筱帥,PERSON,3,0.0012610340479192938,0.007032891337718216,20.728741672911433,1.1668611435239207e-4
王紹延,PERSON,3,0.0012610340479192938,0.007032891337718216,20.728741672911433,1.1668611435239207e-4
道毓珂,PERSON,3,0.0012610340479192938,0.007032891337718219,20.728741672911433,1.1668611435239207e-4
劉光才,PERSON,3,0.0012610340479192938,0.007032891337718216,20.728741672911433,1.1668611435239207e-4
蘇省督銷局,ORG,9,0.0037831021437578815,0.036545851615090004,2125.064974464379,1.5360983102918587e-4
姚鍚康,PERSON,6,0.0025220680958385876,0.01002545821938937,36.86230585561226,1.1571395510298542e-4
江蘇海運滬局,ORG,9,0.0037831021437578815,0.03654585161509002,2125.064974464379,1.5360983102918587e-4
梁濬年,PERSON,6,0.0025220680958385876,0.010025458219389365,36.86230585561226,1.1571395510298542e-4
林開武,PERSON,6,0.0025220680958385876,0.010025458219389365,36.86230585561226,1.1571395510298542e-4
黃渡來,PERSON,6,0.0025220680958385876,0.010025458219389372,36.86230585561226,1.1571395510298542e-4
道轅,PERSON,6,0.0025220680958385876,0.010025458219389369,36.86230585561226,1.1571395510298542e-4
毛昌嗣,PERSON,6,0.0025220680958385876,0.010025458219389369,36.86230585561226,1.1571395510298542e-4
太陽廟,ORG,9,0.0037831021437578815,0.036545851615089976,2125.064974464379,1.5360983102918587e-4
沈祺年,PERSON,6,0.0025220680958385876,0.010025458219389364,36.86230585561226,1.1571395510298542e-4
上海華商體操會,ORG,9,0.0037831021437578815,0.03654585161509001,2125.064974464379,1.5360983102918587e-4
西商團,ORG,9,0.0037831021437578815,0.03654585161508999,2125.064974464379,1.5360983102918587e-4
紹商輪公,ORG,10,0.004203446826397646,0.03893194039861538,2985.5325326081115,1.537042729787888e-4
董杏生,PERSON,12,0.005044136191677175,0.021028858825603167,793.0876889378826,1.1750881316098707e-4
趙伯漁三,PERSON,3,0.0012610340479192938,0.0037783455445646943,0.8990990990990988,1.1284134506883322e-4
傅筱安,PERSON,4,0.0016813787305590584,0.006182044298268366,50.1329064716162,1.1441647597254005e-4
瑞豐,PERSON,3,0.0012610340479192938,0.003778345544564697,0.8990990990990988,1.1284134506883322e-4
董事局,ORG,10,0.004203446826397646,0.03893194039861538,2985.5325326081115,1.537042729787888e-4
沈鴻來,PERSON,2,8.406893652795292e-4,0.0033528723801354355,2.9860230526790614,1.1353315168029064e-4
嚴忱熱,PERSON,2,8.406893652795292e-4,0.003352872380135433,2.9860230526790614,1.1353315168029064e-4
幼安,PERSON,5,0.002101723413198823,0.009135438221636724,26.2854940035976,1.1598237067965669e-4
勸學所,ORG,13,0.00546448087431694,0.03653311073016134,3729.5412124948257,1.5379883112888343e-4
城自治公所,ORG,13,0.00546448087431694,0.03653311073016133,3729.5412124948257,1.5379883112888343e-4
混也,ORG,13,0.00546448087431694,0.036533110730161335,3729.5412124948257,1.5379883112888343e-4
劉觀,PERSON,5,0.002101723413198823,0.009135438221636726,26.2854940035976,1.1598237067965669e-4
甘三保,PERSON,5,0.002101723413198823,0.009135438221636729,26.2854940035976,1.1598237067965669e-4
田福元,PERSON,5,0.002101723413198823,0.009135438221636727,26.2854940035976,1.1598237067965669e-4
祥生煙紙店,ORG,13,0.00546448087431694,0.03653311073016133,3729.5412124948257,1.5379883112888343e-4
俞勝祥,PERSON,5,0.002101723413198823,0.009135438221636726,26.2854940035976,1.1598237067965669e-4
瞿慶祥,PERSON,5,0.002101723413198823,0.009135438221636726,26.2854940035976,1.1598237067965669e-4
甘善餘,PERSON,5,0.002101723413198823,0.009135438221636729,26.2854940035976,1.1598237067965669e-4
陳鳳祥,PERSON,5,0.002101723413198823,0.009135438221636727,26.2854940035976,1.1598237067965669e-4
羅某,PERSON,5,0.002101723413198823,0.009135438221636729,26.2854940035976,1.1598237067965669e-4
孟爾卿,PERSON,5,0.002101723413198823,0.009135438221636729,26.2854940035976,1.1598237067965669e-4
米占元,PERSON,13,0.00546448087431694,0.017919583236845213,477.5100843676575,1.1560693641618497e-4
朱四貞勇,PERSON,6,0.0025220680958385876,0.007778718429450748,22.34474748993095,1.1460004584001834e-4
丁楊三,PERSON,6,0.0025220680958385876,0.007778718429450752,22.34474748993095,1.1460004584001834e-4
王家彥,PERSON,6,0.0025220680958385876,0.007778718429450756,22.34474748993095,1.1460004584001834e-4
陶蘭廷,PERSON,6,0.0025220680958385876,0.007778718429450756,22.34474748993095,1.1460004584001834e-4
奉憲,ORG,22,0.009247583018074821,0.03883703959998343,8093.392434957612,1.550387596899225e-4
唐史,PERSON,6,0.0025220680958385876,0.007778718429450756,22.34474748993095,1.1460004584001834e-4
黃永璣,PERSON,6,0.0025220680958385876,0.007778718429450756,22.34474748993095,1.1460004584001834e-4
唐聞,PERSON,6,0.0025220680958385876,0.007778718429450756,22.34474748993095,1.1460004584001834e-4
政治編譯所,ORG,22,0.009247583018074821,0.03883703959998344,8093.392434957612,1.550387596899225e-4
王式如,PERSON,6,0.0025220680958385876,0.007778718429450752,22.34474748993095,1.1460004584001834e-4
羅小荷,PERSON,8,0.003362757461118117,0.010061572155043991,376.65444607616405,1.1502185415228893e-4
長發棧,ORG,22,0.009247583018074821,0.03883703959998343,8093.392434957612,1.550387596899225e-4
陳仁齋,PERSON,6,0.0025220680958385876,0.007778718429450756,22.34474748993095,1.1460004584001834e-4
元珖,PERSON,6,0.0025220680958385876,0.007778718429450754,22.34474748993095,1.1460004584001834e-4
昌成,PERSON,6,0.0025220680958385876,0.007778718429450756,22.34474748993095,1.1460004584001834e-4
項蟄修,PERSON,6,0.0025220680958385876,0.0077787184294507575,22.34474748993095,1.1460004584001834e-4
府澤蟠,PERSON,6,0.0025220680958385876,0.007778718429450756,22.34474748993095,1.1460004584001834e-4
鄭堯耀,PERSON,6,0.0025220680958385876,0.007778718429450751,22.34474748993095,1.1460004584001834e-4
思賢,PERSON,6,0.0025220680958385876,0.007778718429450754,22.34474748993095,1.1460004584001834e-4
王幼明,PERSON,6,0.0025220680958385876,0.00777871842945076,22.34474748993095,1.1460004584001834e-4
其光,PERSON,6,0.0025220680958385876,0.007778718429450756,22.34474748993095,1.1460004584001834e-4
奉委,ORG,22,0.009247583018074821,0.03883703959998344,8093.392434957612,1.550387596899225e-4
籌防局,ORG,42,0.017654476670870115,0.04168181795984367,24784.956810182186,1.5600624024960998e-4
楊若秋,PERSON,6,0.0025220680958385876,0.007778718429450752,22.34474748993095,1.1460004584001834e-4
貝子爺,PERSON,1,4.203446826397646e-4,0.0012375122073794442,0,1.1263798152737103e-4
中國實業協會,ORG,14,0.0058848255569567045,0.03829257374604976,10992.66764490347,1.5384615384615385e-4
李鍾玨,PERSON,11,0.004623791509037411,0.017941596115810417,315.5869889387331,1.172882946281961e-4
瑞琨,PERSON,11,0.004623791509037411,0.017941596115810438,315.5869889387331,1.172882946281961e-4
薩森羅夫,PERSON,1,4.203446826397646e-4,0.002403698753703671,0,1.1397310234784591e-4
木商會館,ORG,58,0.02437999159310635,0.07437810410322958,85917.7099279214,1.5634771732332708e-4
撫憲鈞鑒,PERSON,1,4.203446826397646e-4,0.0024036987537036703,0,1.1397310234784591e-4
長裕,PERSON,1,4.203446826397646e-4,0.0024036987537036686,0,1.1397310234784591e-4
憲鑒,PERSON,1,4.203446826397646e-4,0.00240369875370367,0,1.1397310234784591e-4
裕生,PERSON,1,4.203446826397646e-4,0.002403698753703669,0,1.1397310234784591e-4
毛義虎,PERSON,1,4.203446826397646e-4,0.0024036987537036686,0,1.1397310234784591e-4
林小魯,PERSON,1,4.203446826397646e-4,0.0024036987537036708,0,1.1397310234784591e-4
董干城,PERSON,1,4.203446826397646e-4,0.0024036987537036686,0,1.1397310234784591e-4
嚴子鈞,PERSON,1,4.203446826397646e-4,0.0024036987537036703,0,1.1397310234784591e-4
施嵋青,PERSON,1,4.203446826397646e-4,0.002403698753703668,0,1.1397310234784591e-4
錢逹三,PERSON,1,4.203446826397646e-4,0.00240369875370367,0,1.1397310234784591e-4
孫梅塘,PERSON,1,4.203446826397646e-4,0.002403698753703668,0,1.1397310234784591e-4
李薇,PERSON,3,0.0012610340479192938,0.004712232960976914,80.7107631640289,1.1483693155718879e-4
周維翹,PERSON,1,4.203446826397646e-4,0.002403698753703671,0,1.1397310234784591e-4
朱子奎,PERSON,1,4.203446826397646e-4,0.0024036987537036686,0,1.1397310234784591e-4
謝蓮卿,PERSON,1,4.203446826397646e-4,0.00240369875370367,0,1.1397310234784591e-4
李子川,PERSON,1,4.203446826397646e-4,0.002403698753703668,0,1.1397310234784591e-4
韓山曦,PERSON,1,4.203446826397646e-4,0.00240369875370367,0,1.1397310234784591e-4
嚴蕉銘,PERSON,1,4.203446826397646e-4,0.0024036987537036686,0,1.1397310234784591e-4
王松堂,PERSON,1,4.203446826397646e-4,0.002403698753703669,0,1.1397310234784591e-4
袁子峯,PERSON,1,4.203446826397646e-4,0.0024036987537036695,0,1.1397310234784591e-4
趙滄蓉,PERSON,1,4.203446826397646e-4,0.00240369875370367,0,1.1397310234784591e-4
何立卿,PERSON,1,4.203446826397646e-4,0.0024036987537036708,0,1.1397310234784591e-4
華永祺,PERSON,1,4.203446826397646e-4,0.002403698753703669,0,1.1397310234784591e-4
王引貫,PERSON,1,4.203446826397646e-4,0.002403698753703668,0,1.1397310234784591e-4
孫楚琴,PERSON,3,0.0012610340479192938,0.007062174346795248,179.77644011175593,1.1483693155718879e-4
朱舜田,PERSON,1,4.203446826397646e-4,0.002403698753703669,0,1.1397310234784591e-4
張寶康,PERSON,1,4.203446826397646e-4,0.002403698753703672,0,1.1397310234784591e-4
李志芳,PERSON,1,4.203446826397646e-4,0.0024036987537036703,0,1.1397310234784591e-4
陳鏡如,PERSON,1,4.203446826397646e-4,0.00240369875370367,0,1.1397310234784591e-4
方莪田,PERSON,1,4.203446826397646e-4,0.0024036987537036695,0,1.1397310234784591e-4
陳文鑑,PERSON,1,4.203446826397646e-4,0.00240369875370367,0,1.1397310234784591e-4
陳屺,PERSON,1,4.203446826397646e-4,0.0024036987537036677,0,1.1397310234784591e-4
備軍,ORG,16,0.006725514922236234,0.035319386797741874,14741.384383302115,1.539408866995074e-4
張統制,PERSON,2,8.406893652795292e-4,0.0022828537255932474,0.0625,1.127141568981064e-4
金陵自來水局,ORG,16,0.006725514922236234,0.03531938679774187,14741.384383302115,1.539408866995074e-4
嚴煥之,PERSON,2,8.406893652795292e-4,0.0022828537255932474,0.0625,1.127141568981064e-4
陳亦漁,PERSON,2,8.406893652795292e-4,0.002282853725593249,0.0625,1.127141568981064e-4
兆璜,PERSON,13,0.00546448087431694,0.021979959245068476,532.7382878822492,1.177301624676242e-4
魏純塢,PERSON,2,8.406893652795292e-4,0.0022828537255932466,0.0625,1.127141568981064e-4
詩銓,PERSON,2,8.406893652795292e-4,0.002282853725593247,0.0625,1.127141568981064e-4
徐二尹福謀,PERSON,2,8.406893652795292e-4,0.0022828537255932474,0.0625,1.127141568981064e-4
沈霞標,PERSON,2,8.406893652795292e-4,0.002282853725593248,0.0625,1.127141568981064e-4
尹賦城,PERSON,2,8.406893652795292e-4,0.0022828537255932453,0.0625,1.127141568981064e-4
王大令,PERSON,19,0.007986548970155528,0.033458674188155665,3367.0951497455267,1.234567901234568e-4
夏二尹寳楨,PERSON,2,8.406893652795292e-4,0.002282853725593248,0.0625,1.127141568981064e-4
王筱航,PERSON,2,8.406893652795292e-4,0.0022828537255932466,0.0625,1.127141568981064e-4
忠彤,PERSON,2,8.406893652795292e-4,0.0022828537255932487,0.0625,1.127141568981064e-4
徐鳳石,PERSON,2,8.406893652795292e-4,0.0022828537255932457,0.0625,1.127141568981064e-4
上海道,ORG,7,0.0029424127784783522,0.04675704514693196,3713.7634472798213,1.5351550506601167e-4
王錫日,PERSON,2,8.406893652795292e-4,0.0030221219672542463,0.14285714285714285,1.124859392575928e-4
江寗商會,ORG,7,0.0029424127784783522,0.046757045146931964,3713.7634472798213,1.5351550506601167e-4
鄭蘇龕,PERSON,2,8.406893652795292e-4,0.0030221219672542463,0.14285714285714285,1.124859392575928e-4
嚴又陵,PERSON,2,8.406893652795292e-4,0.0030221219672542437,0.14285714285714285,1.124859392575928e-4
項安閣,PERSON,5,0.002101723413198823,0.0071758117435224665,1.25,1.1279043537108053e-4
中堂,PERSON,5,0.002101723413198823,0.007175811743522466,1.25,1.1279043537108053e-4
實隆醫院,ORG,8,0.003362757461118117,0.04440849936478261,2118.8542410271803,1.539408866995074e-4
招商總局,ORG,8,0.003362757461118117,0.04440849936478265,2118.8542410271803,1.539408866995074e-4
利康,ORG,8,0.003362757461118117,0.04440849936478262,2118.8542410271803,1.539408866995074e-4
震泰絲棧,ORG,8,0.003362757461118117,0.04440849936478261,2118.8542410271803,1.539408866995074e-4
和成,PERSON,5,0.002101723413198823,0.007175811743522466,1.25,1.1279043537108053e-4
寳隆,PERSON,5,0.002101723413198823,0.007175811743522463,1.25,1.1279043537108053e-4
洵貝勒,PERSON,11,0.004623791509037411,0.02388007989865223,193.27591006551233,1.180080245456691e-4
鈞鑒,PERSON,2,8.406893652795292e-4,0.0023513443598580995,0.3111111111111111,1.1246063877642825e-4
英政府,ORG,5,0.002101723413198823,0.036304514755417065,1469.7314502271406,1.5342129487572875e-4
憲政編查館,ORG,9,0.0037831021437578815,0.04014653467775162,3496.20439131956,1.5365703749231714e-4
陳伏乞,PERSON,15,0.006305170239596469,0.02478380814676044,1305.5251155663566,1.2042389210019268e-4
寗紹輪船公司,ORG,9,0.0037831021437578815,0.04014653467775159,3496.20439131956,1.5365703749231714e-4
樵苓,PERSON,3,0.0012610340479192938,0.0038922816009063547,0.3333333333333333,1.1258725512272011e-4
淞滬巡防第五營,ORG,9,0.0037831021437578815,0.040146534677751616,3496.20439131956,1.5365703749231714e-4
何善發,PERSON,3,0.0012610340479192938,0.0038922816009063555,0.3333333333333333,1.1258725512272011e-4
老楊,PERSON,3,0.0012610340479192938,0.0038922816009063542,0.3333333333333333,1.1258725512272011e-4
王瑞喜,PERSON,3,0.0012610340479192938,0.0038922816009063542,0.3333333333333333,1.1258725512272011e-4
陳芝生,PERSON,3,0.0012610340479192938,0.0031529796509509205,1,1.1241007194244605e-4
恒德瑞康,ORG,3,0.0012610340479192938,0.03252108143091976,1583.66666666656,1.5332720024532353e-4
全泰美,ORG,3,0.0012610340479192938,0.03252108143091976,1583.66666666656,1.5332720024532353e-4
戚桐芬,PERSON,3,0.0012610340479192938,0.003152979650950922,1,1.1241007194244605e-4
美昌洋行,ORG,3,0.0012610340479192938,0.032521081430919765,1583.66666666656,1.5332720024532353e-4
李德立,PERSON,8,0.003362757461118117,0.019798087838395904,169.7287859718056,1.1695906432748539e-4
盛宮,ORG,41,0.017234131988230348,0.08737513858450383,26962.554939724087,1.5639662183296842e-4
張季直,PERSON,3,0.0012610340479192938,0.008389811269300157,0.9777258893964392,1.1407711613050422e-4
李伯行,PERSON,3,0.0012610340479192938,0.008389811269300159,0.9777258893964392,1.1407711613050422e-4
竇价人,PERSON,3,0.0012610340479192938,0.008389811269300154,0.9777258893964392,1.1407711613050422e-4
伍子安,PERSON,3,0.0012610340479192938,0.008389811269300156,0.9777258893964392,1.1407711613050422e-4
許久香,PERSON,3,0.0012610340479192938,0.008389811269300152,0.9777258893964392,1.1407711613050422e-4
鍾紫垣,PERSON,22,0.009247583018074821,0.053989680420982455,2025.1809782295134,1.23334977799704e-4
唐鳳墀,PERSON,3,0.0012610340479192938,0.008389811269300152,0.9777258893964392,1.1407711613050422e-4
顧緝庭,PERSON,3,0.0012610340479192938,0.00838981126930015,0.9777258893964392,1.1407711613050422e-4
徐雨之,PERSON,3,0.0012610340479192938,0.008389811269300156,0.9777258893964392,1.1407711613050422e-4
沈子枚,PERSON,3,0.0012610340479192938,0.008389811269300154,0.9777258893964392,1.1407711613050422e-4
唐桐卿,PERSON,3,0.0012610340479192938,0.00838981126930015,0.9777258893964392,1.1407711613050422e-4
徐星槎,PERSON,3,0.0012610340479192938,0.008389811269300156,0.9777258893964392,1.1407711613050422e-4
蘇賓森,PERSON,3,0.0012610340479192938,0.008389811269300156,0.9777258893964392,1.1407711613050422e-4
顧詠銓,PERSON,3,0.0012610340479192938,0.008389811269300149,0.9777258893964392,1.1407711613050422e-4
陳彦卿,PERSON,3,0.0012610340479192938,0.008389811269300152,0.9777258893964392,1.1407711613050422e-4
王少谷,PERSON,3,0.0012610340479192938,0.008389811269300163,0.9777258893964392,1.1407711613050422e-4
李佳白,PERSON,8,0.003362757461118117,0.019798087838395897,169.7287859718056,1.1695906432748539e-4
伊德,PERSON,8,0.003362757461118117,0.019798087838395907,169.7287859718056,1.1695906432748539e-4
好博生稅務司,ORG,37,0.015552753257671291,0.08600226306189372,15860.78836168647,1.5537600994406463e-4
曁大英,PERSON,3,0.0012610340479192938,0.008389811269300156,0.9777258893964392,1.1407711613050422e-4
工黨,ORG,2,8.406893652795292e-4,0.0324695765147134,578.1868348019382,1.5328019619865113e-4
樊棻周,PERSON,6,0.0025220680958385876,0.008652235764079105,0.576923076923077,1.1322463768115942e-4
晋鑣,PERSON,6,0.0025220680958385876,0.008652235764079107,0.576923076923077,1.1322463768115942e-4
孫廷翰,PERSON,7,0.0029424127784783522,0.010055557810378753,203.8156700484899,1.1410314924691921e-4
湯壽潛,PERSON,6,0.0025220680958385876,0.008652235764079102,0.576923076923077,1.1322463768115942e-4
張元濟,PERSON,8,0.003362757461118117,0.011028891538202931,278.2185146668227,1.1389521640091117e-4
徐棠,PERSON,6,0.0025220680958385876,0.008652235764079105,0.576923076923077,1.1322463768115942e-4
陶葆霖,PERSON,6,0.0025220680958385876,0.008652235764079103,0.576923076923077,1.1322463768115942e-4
盧洪昶,PERSON,6,0.0025220680958385876,0.008652235764079098,0.576923076923077,1.1322463768115942e-4
沈毓麟,PERSON,6,0.0025220680958385876,0.008652235764079103,0.576923076923077,1.1322463768115942e-4
徐珂,PERSON,6,0.0025220680958385876,0.0086522357640791,0.576923076923077,1.1322463768115942e-4
虞輝祖,PERSON,6,0.0025220680958385876,0.008652235764079098,0.576923076923077,1.1322463768115942e-4
郭鳳鳴,PERSON,6,0.0025220680958385876,0.0086522357640791,0.576923076923077,1.1322463768115942e-4
湯振常,PERSON,6,0.0025220680958385876,0.008652235764079103,0.576923076923077,1.1322463768115942e-4
鍾枚,PERSON,6,0.0025220680958385876,0.008652235764079105,0.576923076923077,1.1322463768115942e-4
沈祖緜,PERSON,6,0.0025220680958385876,0.008652235764079102,0.576923076923077,1.1322463768115942e-4
屠用錫,PERSON,6,0.0025220680958385876,0.0086522357640791,0.576923076923077,1.1322463768115942e-4
林亮功,PERSON,6,0.0025220680958385876,0.0086522357640791,0.576923076923077,1.1322463768115942e-4
葉景萊,PERSON,6,0.0025220680958385876,0.008652235764079098,0.576923076923077,1.1322463768115942e-4
兩淮運司,ORG,26,0.01092896174863388,0.044621293981118755,8502.534180827004,1.547029702970297e-4
朱昌琳,PERSON,6,0.0025220680958385876,0.008652235764079102,0.576923076923077,1.1322463768115942e-4
小小慈善會,ORG,26,0.01092896174863388,0.044621293981118755,8502.534180827004,1.547029702970297e-4
淮北六岸局,ORG,26,0.01092896174863388,0.044621293981118755,8502.534180827004,1.547029702970297e-4
袁州府,ORG,26,0.01092896174863388,0.044621293981118755,8502.534180827004,1.547029702970297e-4
揚州隄工局,ORG,26,0.01092896174863388,0.04462129398111874,8502.534180827004,1.547029702970297e-4
何道經,PERSON,6,0.0025220680958385876,0.008652235764079103,0.576923076923077,1.1322463768115942e-4
扶九,PERSON,6,0.0025220680958385876,0.008652235764079096,0.576923076923077,1.1322463768115942e-4
江寕,ORG,26,0.01092896174863388,0.044621293981118755,8502.534180827004,1.547029702970297e-4
袁有道,PERSON,16,0.006725514922236234,0.027401872029699896,853.8906692461294,1.16795141322121e-4
邵廷松,PERSON,10,0.004203446826397646,0.020219634995724236,1034.0711765459325,1.1775788977861517e-4
蘇德,PERSON,8,0.003362757461118117,0.01184304473926299,156.06161675550075,1.1676786548341896e-4
程賢,PERSON,2,8.406893652795292e-4,0.003617868327564479,11.305008719108073,1.1446886446886447e-4
巡防,ORG,2,8.406893652795292e-4,0.03243420961558163,823.8516914545571,1.5328019619865113e-4
端午帥,PERSON,5,0.002101723413198823,0.010608277406216327,266.32967484351684,1.1753643629525152e-4
和德帮,ORG,6,0.0025220680958385876,0.03424400366307614,1662.4666855519113,1.534683855125844e-4
滬道,ORG,18,0.007566204287515763,0.03787215177431369,5477.1596214652245,1.5403573629081948e-4
移復謂,PERSON,4,0.0016813787305590584,0.006788277790135847,77.34915968282021,1.155268022181146e-4
翁守以,PERSON,4,0.0016813787305590584,0.006788277790135845,77.34915968282021,1.155268022181146e-4
奉道憲,PERSON,4,0.0016813787305590584,0.006788277790135845,77.34915968282021,1.155268022181146e-4
鄭錦峰,PERSON,5,0.002101723413198823,0.00967393600463994,250.22511905724002,1.17813383600377e-4
王雨亭,PERSON,1,4.203446826397646e-4,0.0010587826305242282,0,1.1263798152737103e-4
楊毓,PERSON,1,4.203446826397646e-4,0.0010587826305242282,0,1.1263798152737103e-4
徐锦,PERSON,1,4.203446826397646e-4,0.001058782630524228,0,1.1263798152737103e-4
張友,PERSON,1,4.203446826397646e-4,0.001058782630524228,0,1.1263798152737103e-4
徐夢,PERSON,1,4.203446826397646e-4,0.0010587826305242286,0,1.1263798152737103e-4
朱灝,PERSON,1,4.203446826397646e-4,0.0010587826305242282,0,1.1263798152737103e-4
陳小雲,PERSON,1,4.203446826397646e-4,0.0010587826305242286,0,1.1263798152737103e-4
潘福翁,PERSON,1,4.203446826397646e-4,0.0010587826305242284,0,1.1263798152737103e-4
李萬翁,PERSON,1,4.203446826397646e-4,0.0010587826305242282,0,1.1263798152737103e-4
葉蔭翁,PERSON,1,4.203446826397646e-4,0.0010587826305242277,0,1.1263798152737103e-4
潘保翁,PERSON,1,4.203446826397646e-4,0.0010587826305242277,0,1.1263798152737103e-4
劉念翁,PERSON,1,4.203446826397646e-4,0.0010587826305242277,0,1.1263798152737103e-4
李蓮翁,PERSON,1,4.203446826397646e-4,0.0010587826305242286,0,1.1263798152737103e-4
瑞盛祥,ORG,14,0.0058848255569567045,0.03276211072393425,30836.000000000015,1.5384615384615385e-4
孫葉,PERSON,2,8.406893652795292e-4,0.002121057075010842,0.14285714285714285,1.126887536623845e-4
黃丁戎,PERSON,2,8.406893652795292e-4,0.0021210570750108417,0.14285714285714285,1.126887536623845e-4
孫大令,PERSON,4,0.0016813787305590584,0.0045798207297377234,49.71429931863371,1.1309658448314861e-4
省台,ORG,7,0.0029424127784783522,0.032816134653098246,6473.205464515,1.538935056940597e-4
電道府,ORG,7,0.0029424127784783522,0.03281613465309826,6473.205464515,1.538935056940597e-4
光侯,PERSON,2,8.406893652795292e-4,0.0021210570750108417,0.14285714285714285,1.126887536623845e-4
興奎,PERSON,2,8.406893652795292e-4,0.0021210570750108434,0.14285714285714285,1.126887536623845e-4
彭司,PERSON,5,0.002101723413198823,0.011360966034406396,176.03026454774354,1.1845534233593936e-4
董地格來,PERSON,5,0.002101723413198823,0.011360966034406398,176.03026454774354,1.1845534233593936e-4
陳何二,PERSON,5,0.002101723413198823,0.0113609660344064,176.03026454774354,1.1845534233593936e-4
萬國團練會,ORG,10,0.004203446826397646,0.041189351112720735,1707.820236537755,1.5365703749231714e-4
葛來雷,PERSON,5,0.002101723413198823,0.011360966034406398,176.03026454774354,1.1845534233593936e-4
中國隊,ORG,10,0.004203446826397646,0.04118935111272073,1707.820236537755,1.5365703749231714e-4
周晉鑣,PERSON,2,8.406893652795292e-4,0.0026370036141290724,156.87183733217466,1.1412919424788861e-4
周萬鵬,PERSON,9,0.0037831021437578815,0.021528735538794138,73.72226393622341,1.1784115012962527e-4
羅加,PERSON,2,8.406893652795292e-4,0.005342828835816629,8.034812507769159,1.1560693641618497e-4
雪蘭方,PERSON,2,8.406893652795292e-4,0.005342828835816627,8.034812507769159,1.1560693641618497e-4
羅加喀勒,PERSON,2,8.406893652795292e-4,0.005342828835816629,8.034812507769159,1.1560693641618497e-4
西藏,ORG,6,0.0025220680958385876,0.03783377346800079,2317.0946670039543,1.534683855125844e-4
法界電車公司,ORG,6,0.0025220680958385876,0.03304158293899307,3281.6809720869196,1.534683855125844e-4
楊師橋,PERSON,3,0.0012610340479192938,0.004482387136511663,2.4943457127569784,1.1294330246216399e-4
陳蘭生,PERSON,3,0.0012610340479192938,0.004482387136511661,2.4943457127569784,1.1294330246216399e-4
陳端岩,PERSON,3,0.0012610340479192938,0.004482387136511662,2.4943457127569784,1.1294330246216399e-4
伊子蘭生,PERSON,3,0.0012610340479192938,0.00448238713651166,2.4943457127569784,1.1294330246216399e-4
二十四保七圖,ORG,6,0.0025220680958385876,0.03304158293899305,3281.6809720869196,1.534683855125844e-4
陳鶴梅,PERSON,3,0.0012610340479192938,0.00448238713651166,2.4943457127569784,1.1294330246216399e-4
民國軍,ORG,12,0.005044136191677175,0.0362229651948253,4855.673325638072,1.5375153751537516e-4
李爕和,PERSON,7,0.0029424127784783522,0.00931254058125065,53.32854321962638,1.1563367252543941e-4
北軍,ORG,10,0.004203446826397646,0.03607949764210085,2370.7252496284414,1.5365703749231714e-4
民政總局,ORG,10,0.004203446826397646,0.03607949764210085,2370.7252496284414,1.5365703749231714e-4
奉總,ORG,10,0.004203446826397646,0.03607949764210086,2370.7252496284414,1.5365703749231714e-4
戰鬭部,ORG,10,0.004203446826397646,0.036079497642100854,2370.7252496284414,1.5365703749231714e-4
體操學校,ORG,10,0.004203446826397646,0.036079497642100854,2370.7252496284414,1.5365703749231714e-4
伏維,PERSON,7,0.0029424127784783522,0.009312540581250644,53.32854321962638,1.1563367252543941e-4
張昭漢,PERSON,7,0.0029424127784783522,0.00931254058125065,53.32854321962638,1.1563367252543941e-4
曾肅,PERSON,7,0.0029424127784783522,0.009312540581250642,53.32854321962638,1.1563367252543941e-4
葛敬誠,PERSON,7,0.0029424127784783522,0.009312540581250644,53.32854321962638,1.1563367252543941e-4
鄭璧,PERSON,7,0.0029424127784783522,0.009312540581250642,53.32854321962638,1.1563367252543941e-4
徐新,PERSON,7,0.0029424127784783522,0.009312540581250636,53.32854321962638,1.1563367252543941e-4
粤帮,ORG,26,0.01092896174863388,0.06630780787626231,5129.470537865516,1.5441630636195183e-4
温欽甫,PERSON,7,0.0029424127784783522,0.01833976867709175,62.57851561673285,1.1695906432748539e-4
山東帮,ORG,21,0.008827238335435058,0.0632373354563457,3768.9858477807193,1.541782300339192e-4
王瑞定,PERSON,7,0.0029424127784783522,0.018339768677091757,62.57851561673285,1.1695906432748539e-4
田資民,PERSON,7,0.0029424127784783522,0.018339768677091767,62.57851561673285,1.1695906432748539e-4
陳紫照,PERSON,7,0.0029424127784783522,0.01833976867709177,62.57851561673285,1.1695906432748539e-4
錫金公,ORG,21,0.008827238335435058,0.06323733545634566,3768.9858477807193,1.541782300339192e-4
繭業絲廠,ORG,21,0.008827238335435058,0.06323733545634565,3768.9858477807193,1.541782300339192e-4
許公若,PERSON,7,0.0029424127784783522,0.018339768677091764,62.57851561673285,1.1695906432748539e-4
藍台爾,PERSON,7,0.0029424127784783522,0.018339768677091754,62.57851561673285,1.1695906432748539e-4
葛雷,PERSON,7,0.0029424127784783522,0.018339768677091767,62.57851561673285,1.1695906432748539e-4
哈華,PERSON,7,0.0029424127784783522,0.01833976867709176,62.57851561673285,1.1695906432748539e-4
裴來德,PERSON,7,0.0029424127784783522,0.01833976867709175,62.57851561673285,1.1695906432748539e-4
衛生處,ORG,25,0.010508617065994116,0.06577775225913535,4761.6910861057395,1.5436863229391788e-4
馬爾,PERSON,7,0.0029424127784783522,0.018339768677091767,62.57851561673285,1.1695906432748539e-4
雷復森,PERSON,7,0.0029424127784783522,0.018339768677091767,62.57851561673285,1.1695906432748539e-4
麻經醲,PERSON,7,0.0029424127784783522,0.018339768677091754,62.57851561673285,1.1695906432748539e-4
吳樾,PERSON,12,0.005044136191677175,0.018834988275605757,7.333333333333337,1.1279043537108053e-4
周豹元,PERSON,16,0.006725514922236234,0.02623519469913897,26.332958393712147,1.1358473421172194e-4
鄉約局,ORG,9,0.0037831021437578815,0.048567883024289125,698.5353525483526,1.5360983102918587e-4
放生局,ORG,9,0.0037831021437578815,0.04856788302428913,698.5353525483526,1.5360983102918587e-4
保嬰局,ORG,9,0.0037831021437578815,0.04856788302428913,698.5353525483526,1.5360983102918587e-4
滬城體操會,ORG,9,0.0037831021437578815,0.04856788302428912,698.5353525483526,1.5360983102918587e-4
衆安社,ORG,9,0.0037831021437578815,0.04856788302428914,698.5353525483526,1.5360983102918587e-4
利濟社,ORG,9,0.0037831021437578815,0.04856788302428914,698.5353525483526,1.5360983102918587e-4
同善學堂,ORG,9,0.0037831021437578815,0.048567883024289125,698.5353525483526,1.5360983102918587e-4
東華學堂,ORG,9,0.0037831021437578815,0.04856788302428913,698.5353525483526,1.5360983102918587e-4
中城兩等小學堂,ORG,9,0.0037831021437578815,0.048567883024289105,698.5353525483526,1.5360983102918587e-4
公益會,ORG,9,0.0037831021437578815,0.04856788302428913,698.5353525483526,1.5360983102918587e-4
義務小學堂,ORG,9,0.0037831021437578815,0.048567883024289146,698.5353525483526,1.5360983102918587e-4
地方公益研究會,ORG,9,0.0037831021437578815,0.048567883024289125,698.5353525483526,1.5360983102918587e-4
任振,PERSON,4,0.0016813787305590584,0.010870037413838352,13.342814280265479,1.1671335200746966e-4
大德,ORG,20,0.008406893652795292,0.06344907421488087,6088.7889186642615,1.5451174289245981e-4
胡銘業,PERSON,4,0.0016813787305590584,0.010870037413838346,13.342814280265479,1.1671335200746966e-4
袁大京,PERSON,9,0.0037831021437578815,0.019493312573202533,231.53359886004833,1.1837121212121212e-4
放振,PERSON,4,0.0016813787305590584,0.010870037413838345,13.342814280265479,1.1671335200746966e-4
後瑞道台,ORG,20,0.008406893652795292,0.06344907421488087,6088.7889186642615,1.5451174289245981e-4
孫直齋,PERSON,4,0.0016813787305590584,0.01087003741383835,13.342814280265479,1.1671335200746966e-4
黄公,PERSON,4,0.0016813787305590584,0.010870037413838346,13.342814280265479,1.1671335200746966e-4
王瑞芝,PERSON,4,0.0016813787305590584,0.01087003741383835,13.342814280265479,1.1671335200746966e-4
祝籣舫,PERSON,4,0.0016813787305590584,0.010870037413838353,13.342814280265479,1.1671335200746966e-4
李雲,PERSON,4,0.0016813787305590584,0.010870037413838352,13.342814280265479,1.1671335200746966e-4
仁濟堂,ORG,20,0.008406893652795292,0.06344907421488089,6088.7889186642615,1.5451174289245981e-4
張雪堂,PERSON,4,0.0016813787305590584,0.010870037413838348,13.342814280265479,1.1671335200746966e-4
曾少,PERSON,9,0.0037831021437578815,0.018433229606069076,164.3365852132234,1.1862396204033214e-4
季直,PERSON,4,0.0016813787305590584,0.010870037413838352,13.342814280265479,1.1671335200746966e-4
陸公,PERSON,4,0.0016813787305590584,0.010870037413838353,13.342814280265479,1.1671335200746966e-4
朱衡齊,PERSON,15,0.006305170239596469,0.05509966792634274,179.36600063431146,1.1462631820265933e-4
胡稑薌,PERSON,13,0.00546448087431694,0.0504411923332512,1.9999999999999996,1.1358473421172194e-4
宋漢章,PERSON,13,0.00546448087431694,0.0504411923332512,1.9999999999999996,1.1358473421172194e-4
倪錫疇,PERSON,13,0.00546448087431694,0.05044119233325119,1.9999999999999996,1.1358473421172194e-4
徐通浩,PERSON,19,0.007986548970155528,0.06490400893559918,1697.4934747921413,1.1674060238150829e-4
沈志賢,PERSON,13,0.00546448087431694,0.0504411923332512,1.9999999999999996,1.1358473421172194e-4
朱志堯,PERSON,22,0.009247583018074821,0.06677527077566545,544.4859445086904,1.1576753878212549e-4
黄楚九,PERSON,13,0.00546448087431694,0.0504411923332512,1.9999999999999996,1.1358473421172194e-4
震巽公所,ORG,39,0.01639344262295082,0.1200624101845238,5558.298414917387,1.550387596899225e-4
朱吟江,PERSON,13,0.00546448087431694,0.050441192333251214,1.9999999999999996,1.1358473421172194e-4
江安山,PERSON,13,0.00546448087431694,0.0504411923332512,1.9999999999999996,1.1358473421172194e-4
葉正之,PERSON,13,0.00546448087431694,0.0504411923332512,1.9999999999999996,1.1358473421172194e-4
黄少巖,PERSON,13,0.00546448087431694,0.05044119233325117,1.9999999999999996,1.1358473421172194e-4
瞿曉滄,PERSON,13,0.00546448087431694,0.0504411923332512,1.9999999999999996,1.1358473421172194e-4
二公所,ORG,39,0.01639344262295082,0.12006241018452385,5558.298414917387,1.550387596899225e-4
胡季梅,PERSON,13,0.00546448087431694,0.0504411923332512,1.9999999999999996,1.1358473421172194e-4
王憲臣,PERSON,15,0.006305170239596469,0.05509966792634278,179.36600063431146,1.1462631820265933e-4
陸朝綱,PERSON,13,0.00546448087431694,0.0504411923332512,1.9999999999999996,1.1358473421172194e-4
布業公所,ORG,39,0.01639344262295082,0.12006241018452375,5558.298414917387,1.550387596899225e-4
胡仿鶴,PERSON,13,0.00546448087431694,0.0504411923332512,1.9999999999999996,1.1358473421172194e-4
祥大源,ORG,39,0.01639344262295082,0.12006241018452375,5558.298414917387,1.550387596899225e-4
茶業公所,ORG,39,0.01639344262295082,0.12006241018452377,5558.298414917387,1.550387596899225e-4
程伯壎,PERSON,13,0.00546448087431694,0.0504411923332512,1.9999999999999996,1.1358473421172194e-4
卓鏡澄,PERSON,13,0.00546448087431694,0.0504411923332512,1.9999999999999996,1.1358473421172194e-4
謝蓉齊,PERSON,13,0.00546448087431694,0.0504411923332512,1.9999999999999996,1.1358473421172194e-4
明慶,PERSON,13,0.00546448087431694,0.05044119233325119,1.9999999999999996,1.1358473421172194e-4
許翥屏,PERSON,13,0.00546448087431694,0.050441192333251186,1.9999999999999996,1.1358473421172194e-4
張靜江,PERSON,15,0.006305170239596469,0.05509966792634278,179.36600063431146,1.1462631820265933e-4
振華堂,ORG,39,0.01639344262295082,0.12006241018452382,5558.298414917387,1.550387596899225e-4
洋布公所,ORG,39,0.01639344262295082,0.12006241018452375,5558.298414917387,1.550387596899225e-4
豫興竹行,ORG,39,0.01639344262295082,0.12006241018452377,5558.298414917387,1.550387596899225e-4
徐杏書,PERSON,13,0.00546448087431694,0.0504411923332512,1.9999999999999996,1.1358473421172194e-4
錢德潤,PERSON,13,0.00546448087431694,0.050441192333251186,1.9999999999999996,1.1358473421172194e-4
大享莊,ORG,39,0.01639344262295082,0.12006241018452377,5558.298414917387,1.550387596899225e-4
森和莊,ORG,39,0.01639344262295082,0.12006241018452375,5558.298414917387,1.550387596899225e-4
宏大莊,ORG,39,0.01639344262295082,0.12006241018452375,5558.298414917387,1.550387596899225e-4
福康莊,ORG,39,0.01639344262295082,0.12006241018452377,5558.298414917387,1.550387596899225e-4
任炳榮,PERSON,13,0.00546448087431694,0.0504411923332512,1.9999999999999996,1.1358473421172194e-4
伍嵩如,PERSON,13,0.00546448087431694,0.0504411923332512,1.9999999999999996,1.1358473421172194e-4
藥業公所,ORG,39,0.01639344262295082,0.12006241018452375,5558.298414917387,1.550387596899225e-4
易宗夔,PERSON,6,0.0025220680958385876,0.015814397012742377,107.7581274473411,1.1734334663224596e-4
余鏡清,PERSON,6,0.0025220680958385876,0.015814397012742388,107.7581274473411,1.1734334663224596e-4
汪榮寳,PERSON,6,0.0025220680958385876,0.015814397012742402,107.7581274473411,1.1734334663224596e-4
甬帮,ORG,11,0.004623791509037411,0.05454056317297766,1516.4683210035241,1.537042729787888e-4
唐露垣,PERSON,6,0.0025220680958385876,0.0158143970127424,107.7581274473411,1.1734334663224596e-4
洋貨帮,ORG,11,0.004623791509037411,0.05454056317297765,1516.4683210035241,1.537042729787888e-4
馮吕卜,PERSON,1,4.203446826397646e-4,0.0032315877843120656,0,1.1373976342129209e-4
李嚴孫,PERSON,1,4.203446826397646e-4,0.0032315877843120647,0,1.1373976342129209e-4
傅筱,PERSON,1,4.203446826397646e-4,0.0032315877843120647,0,1.1373976342129209e-4
葵賚民,PERSON,1,4.203446826397646e-4,0.0032315877843120634,0,1.1373976342129209e-4
倪寳田,PERSON,1,4.203446826397646e-4,0.0032315877843120634,0,1.1373976342129209e-4
蘇寳善,PERSON,1,4.203446826397646e-4,0.0032315877843120647,0,1.1373976342129209e-4
沈洪來,PERSON,1,4.203446826397646e-4,0.003231587784312065,0,1.1373976342129209e-4
劉梯青,PERSON,1,4.203446826397646e-4,0.003231587784312065,0,1.1373976342129209e-4
朱説記,PERSON,1,4.203446826397646e-4,0.0032315877843120634,0,1.1373976342129209e-4
胡阿二,PERSON,3,0.0012610340479192938,0.003294576310878172,0.23076923076923078,1.1266336187471834e-4
仰巡警局,ORG,13,0.00546448087431694,0.03398156548651827,8578.364617292598,1.5379883112888343e-4
夏叅,PERSON,3,0.0012610340479192938,0.0032945763108781735,0.23076923076923078,1.1266336187471834e-4
陳阿蠶,PERSON,3,0.0012610340479192938,0.003294576310878173,0.23076923076923078,1.1266336187471834e-4
陳炳坤,PERSON,3,0.0012610340479192938,0.0032945763108781743,0.23076923076923078,1.1266336187471834e-4
劉學詢,PERSON,3,0.0012610340479192938,0.003294576310878173,0.23076923076923078,1.1266336187471834e-4
滬厘局,ORG,13,0.00546448087431694,0.03398156548651825,8578.364617292598,1.5379883112888343e-4
張壽鏞,PERSON,5,0.002101723413198823,0.005425887839151536,60.91880341880341,1.1289230074508918e-4
李超瓊,PERSON,10,0.004203446826397646,0.013126342073267773,328.34851180166976,1.1566042100393245e-4
公共公廨,ORG,13,0.00546448087431694,0.03398156548651826,8578.364617292598,1.5379883112888343e-4
寳頤,PERSON,3,0.0012610340479192938,0.003294576310878173,0.23076923076923078,1.1266336187471834e-4
李修梅,PERSON,3,0.0012610340479192938,0.003294576310878171,0.23076923076923078,1.1266336187471834e-4
聶宗羲,PERSON,3,0.0012610340479192938,0.0032945763108781748,0.23076923076923078,1.1266336187471834e-4
王基恒,PERSON,3,0.0012610340479192938,0.003294576310878175,0.23076923076923078,1.1266336187471834e-4
王錫鈞,PERSON,3,0.0012610340479192938,0.0032945763108781713,0.23076923076923078,1.1266336187471834e-4
周祖柱,PERSON,3,0.0012610340479192938,0.004572081355883196,6.2793220096445355,1.1418131993605846e-4
朱子昂,PERSON,3,0.0012610340479192938,0.004572081355883198,6.2793220096445355,1.1418131993605846e-4
龔肇煊,PERSON,3,0.0012610340479192938,0.004572081355883201,6.2793220096445355,1.1418131993605846e-4
蔡小香,PERSON,3,0.0012610340479192938,0.0045720813558832,6.2793220096445355,1.1418131993605846e-4
黃維中,PERSON,3,0.0012610340479192938,0.0045720813558831975,6.2793220096445355,1.1418131993605846e-4
張玉輝,PERSON,3,0.0012610340479192938,0.004572081355883199,6.2793220096445355,1.1418131993605846e-4
蕭鳳祥,PERSON,3,0.0012610340479192938,0.004572081355883198,6.2793220096445355,1.1418131993605846e-4
敏森工程處,ORG,12,0.005044136191677175,0.03394261998163378,6986.653657536452,1.5375153751537516e-4
楊憲邦,PERSON,3,0.0012610340479192938,0.004572081355883198,6.2793220096445355,1.1418131993605846e-4
生處,ORG,12,0.005044136191677175,0.03394261998163378,6986.653657536452,1.5375153751537516e-4
徐溥,PERSON,3,0.0012610340479192938,0.004572081355883197,6.2793220096445355,1.1418131993605846e-4
汪禺臣,PERSON,3,0.0012610340479192938,0.0045720813558831975,6.2793220096445355,1.1418131993605846e-4
茅得林,PERSON,3,0.0012610340479192938,0.004572081355883199,6.2793220096445355,1.1418131993605846e-4
張香濤宫,ORG,16,0.006725514922236234,0.03590657931580572,5698.440653666193,1.539408866995074e-4
周嵩甫,PERSON,6,0.0025220680958385876,0.0074042706121654174,4.67686547323644,1.1332728921124207e-4
李少東,PERSON,6,0.0025220680958385876,0.007404270612165418,4.67686547323644,1.1332728921124207e-4
郭寶珩,PERSON,6,0.0025220680958385876,0.007404270612165412,4.67686547323644,1.1332728921124207e-4
太湖廳,ORG,16,0.006725514922236234,0.03590657931580574,5698.440653666193,1.539408866995074e-4
湯維淵,PERSON,6,0.0025220680958385876,0.007404270612165418,4.67686547323644,1.1332728921124207e-4
汪懷,PERSON,6,0.0025220680958385876,0.007404270612165412,4.67686547323644,1.1332728921124207e-4
湖西鹽捕營,ORG,16,0.006725514922236234,0.03590657931580573,5698.440653666193,1.539408866995074e-4
劉體乾,PERSON,6,0.0025220680958385876,0.007404270612165416,4.67686547323644,1.1332728921124207e-4
蘇捕,ORG,16,0.006725514922236234,0.03590657931580574,5698.440653666193,1.539408866995074e-4
徐輔臣,PERSON,6,0.0025220680958385876,0.007404270612165414,4.67686547323644,1.1332728921124207e-4
蔣昺隆,PERSON,6,0.0025220680958385876,0.007404270612165416,4.67686547323644,1.1332728921124207e-4
銅元分銷局,ORG,16,0.006725514922236234,0.03590657931580575,5698.440653666193,1.539408866995074e-4
高仰雲,PERSON,6,0.0025220680958385876,0.007404270612165418,4.67686547323644,1.1332728921124207e-4
飛鴻,PERSON,6,0.0025220680958385876,0.007404270612165418,4.67686547323644,1.1332728921124207e-4
萊衣詎,PERSON,6,0.0025220680958385876,0.0074042706121654174,4.67686547323644,1.1332728921124207e-4
福防廳,ORG,36,0.015132408575031526,0.04957884612648651,10239.612108580426,1.5489467162329616e-4
吕文起,PERSON,6,0.0025220680958385876,0.007404270612165414,4.67686547323644,1.1332728921124207e-4
張仲華,PERSON,6,0.0025220680958385876,0.007404270612165414,4.67686547323644,1.1332728921124207e-4
艱上峯,PERSON,6,0.0025220680958385876,0.007404270612165416,4.67686547323644,1.1332728921124207e-4
朱雲訪,PERSON,6,0.0025220680958385876,0.007404270612165409,4.67686547323644,1.1332728921124207e-4
瑞觀察,PERSON,1,4.203446826397646e-4,0.002949930430043645,0,1.152604887044721e-4
徐觀察,PERSON,1,4.203446826397646e-4,0.0029499304300436447,0,1.152604887044721e-4
劉軍門,PERSON,1,4.203446826397646e-4,0.0029499304300436456,0,1.152604887044721e-4
鳳五,PERSON,1,4.203446826397646e-4,0.0029499304300436477,0,1.152604887044721e-4
趙托,PERSON,1,4.203446826397646e-4,0.002949930430043645,0,1.152604887044721e-4
撫署,ORG,13,0.00546448087431694,0.03455541685400508,7835.646982778857,1.5379883112888343e-4
楊輔卿,PERSON,3,0.0012610340479192938,0.0033502122739134006,0.23076923076923078,1.1266336187471834e-4
端戴,PERSON,3,0.0012610340479192938,0.003350212273913403,0.23076923076923078,1.1266336187471834e-4
澤公,PERSON,12,0.005044136191677175,0.019251664405339205,1682.3800794668769,1.2010569300984866e-4
北洋,ORG,13,0.00546448087431694,0.03455541685400512,7835.646982778857,1.5379883112888343e-4
二欽憲,PERSON,3,0.0012610340479192938,0.0033502122739134015,0.23076923076923078,1.1266336187471834e-4
蘇松鎭,PERSON,6,0.0025220680958385876,0.011735475097622182,539.9451730917788,1.1947431302270011e-4
陳鎭軍,PERSON,3,0.0012610340479192938,0.0033502122739134024,0.23076923076923078,1.1266336187471834e-4
何觀察,PERSON,3,0.0012610340479192938,0.0033502122739134024,0.23076923076923078,1.1266336187471834e-4
何副戎,PERSON,3,0.0012610340479192938,0.003350212273913403,0.23076923076923078,1.1266336187471834e-4
奎芳,PERSON,3,0.0012610340479192938,0.0033502122739134,0.23076923076923078,1.1266336187471834e-4
金和,PERSON,3,0.0012610340479192938,0.003350212273913402,0.23076923076923078,1.1266336187471834e-4
南北洋海軍,ORG,13,0.00546448087431694,0.03455541685400511,7835.646982778857,1.5379883112888343e-4
薩鎭泳,PERSON,3,0.0012610340479192938,0.0033502122739134,0.23076923076923078,1.1266336187471834e-4
林紹年,PERSON,1,4.203446826397646e-4,0.0011717566454553176,0,1.1261261261261261e-4
鄭蘇庵,PERSON,1,4.203446826397646e-4,0.0011717566454553182,0,1.1261261261261261e-4
孝胥,PERSON,1,4.203446826397646e-4,0.0011717566454553185,0,1.1261261261261261e-4
朱鑑塘,PERSON,1,4.203446826397646e-4,0.0011717566454553182,0,1.1261261261261261e-4
虞仁甫,PERSON,1,4.203446826397646e-4,0.001171756645455318,0,1.1261261261261261e-4
董曾,PERSON,1,4.203446826397646e-4,0.0011717566454553176,0,1.1261261261261261e-4
臬憲,PERSON,1,4.203446826397646e-4,0.0011717566454553185,0,1.1261261261261261e-4
朱金殿,PERSON,1,4.203446826397646e-4,0.0011717566454553185,0,1.1261261261261261e-4
中街路總事務所,ORG,13,0.00546448087431694,0.0362578869856464,21753.63606856977,1.5379883112888343e-4
姚淸溪,PERSON,1,4.203446826397646e-4,0.0011717566454553176,0,1.1261261261261261e-4
恨介,PERSON,1,4.203446826397646e-4,0.0016133121252595282,0,1.1243534967393749e-4
陸春江,PERSON,1,4.203446826397646e-4,0.0016133121252595282,0,1.1243534967393749e-4
選舉局,ORG,6,0.0025220680958385876,0.04992102151680396,7156.800304444631,1.534683855125844e-4
秦錫田,PERSON,1,4.203446826397646e-4,0.001613312125259528,0,1.1243534967393749e-4
四明,ORG,2,8.406893652795292e-4,0.035497698861037014,32.501328908612486,1.5328019619865113e-4
周尙,PERSON,6,0.0025220680958385876,0.0123231489935813,64.76977465149928,1.1512779184895233e-4
政府,ORG,20,0.008406893652795292,0.058722722369759894,8020.72221986354,1.5436863229391788e-4
温宗堯,PERSON,9,0.0037831021437578815,0.01701381150865364,392.97442017375346,1.1720581340834506e-4
上海民政部長,ORG,18,0.007566204287515763,0.05933969599083676,4555.5786480763645,1.5403573629081948e-4
民軍司令部,ORG,10,0.004203446826397646,0.05621059793372858,1592.893923047936,1.5365703749231714e-4
徐彦刻,PERSON,8,0.003362757461118117,0.012103033953516258,277.7033407900994,1.1748120300751879e-4
陳智華,PERSON,8,0.003362757461118117,0.012103033953516263,277.7033407900994,1.1748120300751879e-4
北馬隊,ORG,9,0.0037831021437578815,0.0354463879730701,1756.6157713014793,1.5360983102918587e-4
沈某,PERSON,8,0.003362757461118117,0.012103033953516258,277.7033407900994,1.1748120300751879e-4
周洪勝,PERSON,8,0.003362757461118117,0.01210303395351626,277.7033407900994,1.1748120300751879e-4
奉滬軍都,ORG,9,0.0037831021437578815,0.03544638797307009,1756.6157713014793,1.5360983102918587e-4
馬隊,ORG,9,0.0037831021437578815,0.03544638797307007,1756.6157713014793,1.5360983102918587e-4
李華田,PERSON,8,0.003362757461118117,0.012103033953516262,277.7033407900994,1.1748120300751879e-4
黄蟄民,PERSON,8,0.003362757461118117,0.012103033953516258,277.7033407900994,1.1748120300751879e-4
沈聨芳,PERSON,8,0.003362757461118117,0.01210303395351626,277.7033407900994,1.1748120300751879e-4
海防廳,ORG,28,0.011769651113913409,0.049176187970381424,7650.498289597409,1.5451174289245981e-4
袁世凱,PERSON,5,0.002101723413198823,0.008747148468520906,107.33365238980997,1.1665888940737284e-4
清政府,ORG,12,0.005044136191677175,0.035518065904729106,3592.0581204801456,1.5375153751537516e-4
倪嗣冲,PERSON,5,0.002101723413198823,0.008747148468520913,107.33365238980997,1.1665888940737284e-4
王天縱,PERSON,5,0.002101723413198823,0.008747148468520908,107.33365238980997,1.1665888940737284e-4
趙爾巽,PERSON,5,0.002101723413198823,0.00874714846852091,107.33365238980997,1.1665888940737284e-4
程德全,PERSON,7,0.0029424127784783522,0.011570730707557219,194.77957215981553,1.1684973124561814e-4
揚軍政府,ORG,12,0.005044136191677175,0.03551806590472915,3592.0581204801456,1.5375153751537516e-4
張賊勳,PERSON,5,0.002101723413198823,0.008747148468520911,107.33365238980997,1.1665888940737284e-4
徐寒,PERSON,5,0.002101723413198823,0.008747148468520916,107.33365238980997,1.1665888940737284e-4
鮑蘭芬,PERSON,5,0.002101723413198823,0.008747148468520915,107.33365238980997,1.1665888940737284e-4
張長林,PERSON,5,0.002101723413198823,0.008747148468520915,107.33365238980997,1.1665888940737284e-4
夏綺卿,PERSON,5,0.002101723413198823,0.008747148468520908,107.33365238980997,1.1665888940737284e-4
何豐裕,PERSON,5,0.002101723413198823,0.00874714846852091,107.33365238980997,1.1665888940737284e-4
華通公司,ORG,9,0.0037831021437578815,0.04819834186404993,1053.8454563779014,1.5360983102918587e-4
隆泰帽店,ORG,9,0.0037831021437578815,0.04819834186404992,1053.8454563779014,1.5360983102918587e-4
萬昇絲線店,ORG,9,0.0037831021437578815,0.048198341864049914,1053.8454563779014,1.5360983102918587e-4
徐公仁,PERSON,4,0.0016813787305590584,0.007400206423533214,2.532862179221411,1.1325028312570782e-4
華洋公司,ORG,12,0.005044136191677175,0.03731999829720898,3066.2762591930086,1.5413070283600493e-4
陳紹曾,PERSON,5,0.002101723413198823,0.009328178607458635,18.432179153705356,1.147842056932966e-4
紹祖,PERSON,5,0.002101723413198823,0.009328178607458631,18.432179153705356,1.147842056932966e-4
大部,ORG,12,0.005044136191677175,0.037319998297209,3066.2762591930086,1.5413070283600493e-4
國潤璋,PERSON,7,0.0029424127784783522,0.011615226743022742,33.40349705639129,1.1483693155718879e-4
關絅,PERSON,7,0.0029424127784783522,0.011615226743022743,33.40349705639129,1.1483693155718879e-4
徐生棠,PERSON,7,0.0029424127784783522,0.011615226743022745,33.40349705639129,1.1483693155718879e-4
郭季居,PERSON,5,0.002101723413198823,0.009328178607458633,18.432179153705356,1.147842056932966e-4
郭鏡淸,PERSON,5,0.002101723413198823,0.009328178607458628,18.432179153705356,1.147842056932966e-4
郭維賢,PERSON,5,0.002101723413198823,0.009328178607458633,18.432179153705356,1.147842056932966e-4
醉和邨,ORG,12,0.005044136191677175,0.03731999829720897,3066.2762591930086,1.5413070283600493e-4
上海寗紹商輪股份有限公司,ORG,5,0.002101723413198823,0.0370690561748993,1587.4418398661887,1.5446400988569664e-4
金清鑣,PERSON,6,0.0025220680958385876,0.014462816602348012,3.428705487086159,1.1539349180706209e-4
席裕康,PERSON,1,4.203446826397646e-4,0.0012336815678294158,0,1.1327594019030358e-4
滬會,ORG,19,0.007986548970155528,0.015071948451089003,1414.7248309948407,1.1098779134295228e-4
陳天聽,PERSON,3,0.0012610340479192938,0.004523136825546802,14.221733535001471,1.1420740063956144e-4
奉公,PERSON,3,0.0012610340479192938,0.004523136825546807,14.221733535001471,1.1420740063956144e-4
九原,PERSON,3,0.0012610340479192938,0.004523136825546803,14.221733535001471,1.1420740063956144e-4
孫多森,PERSON,10,0.004203446826397646,0.013981667884511986,266.6001504865412,1.1690437222352116e-4
周晉鏞,PERSON,3,0.0012610340479192938,0.004523136825546806,14.221733535001471,1.1420740063956144e-4
徐潤,PERSON,10,0.004203446826397646,0.013981667884511984,266.6001504865412,1.1690437222352116e-4
劉樹森,PERSON,10,0.004203446826397646,0.013981667884511984,266.6001504865412,1.1690437222352116e-4
袁鑾,PERSON,3,0.0012610340479192938,0.004523136825546803,14.221733535001471,1.1420740063956144e-4
樊芬,PERSON,3,0.0012610340479192938,0.004523136825546804,14.221733535001471,1.1420740063956144e-4
楊學沂,PERSON,1,4.203446826397646e-4,0.0012336815678294151,0,1.1327594019030358e-4
王爾銳,PERSON,1,4.203446826397646e-4,0.0012336815678294156,0,1.1327594019030358e-4
王榮,PERSON,7,0.0029424127784783522,0.01569649817017743,461.2155606232508,1.1617100371747211e-4
盧金鑑,PERSON,7,0.0029424127784783522,0.015696498170177417,461.2155606232508,1.1617100371747211e-4
唐壽江,PERSON,1,4.203446826397646e-4,0.0012336815678294164,0,1.1327594019030358e-4
邵恒,PERSON,1,4.203446826397646e-4,0.0012336815678294162,0,1.1327594019030358e-4
張鴻祿,PERSON,1,4.203446826397646e-4,0.0012336815678294156,0,1.1327594019030358e-4
應林羲,PERSON,1,4.203446826397646e-4,0.0012336815678294154,0,1.1327594019030358e-4
招文鴻,PERSON,1,4.203446826397646e-4,0.0012336815678294147,0,1.1327594019030358e-4
潘飛聲,PERSON,1,4.203446826397646e-4,0.0012336815678294154,0,1.1327594019030358e-4
徐恩成,PERSON,1,4.203446826397646e-4,0.001233681567829416,0,1.1327594019030358e-4
葉舜琴,PERSON,1,4.203446826397646e-4,0.001233681567829416,0,1.1327594019030358e-4
蕭登,PERSON,1,4.203446826397646e-4,0.0012336815678294167,0,1.1327594019030358e-4
葉成珍,PERSON,1,4.203446826397646e-4,0.001233681567829416,0,1.1327594019030358e-4
葉芝蓀,PERSON,1,4.203446826397646e-4,0.0012336815678294156,0,1.1327594019030358e-4
葉輝石,PERSON,1,4.203446826397646e-4,0.0012336815678294151,0,1.1327594019030358e-4
許國榮,PERSON,1,4.203446826397646e-4,0.001233681567829415,0,1.1327594019030358e-4
許明軒,PERSON,1,4.203446826397646e-4,0.0012336815678294162,0,1.1327594019030358e-4
許喬松,PERSON,1,4.203446826397646e-4,0.001233681567829415,0,1.1327594019030358e-4
許義,PERSON,1,4.203446826397646e-4,0.0012336815678294154,0,1.1327594019030358e-4
鄭炳劭,PERSON,1,4.203446826397646e-4,0.0012336815678294156,0,1.1327594019030358e-4
鄭秉峻,PERSON,1,4.203446826397646e-4,0.0012336815678294154,0,1.1327594019030358e-4
左方,PERSON,1,4.203446826397646e-4,0.001233681567829416,0,1.1327594019030358e-4
樊文宗,PERSON,1,4.203446826397646e-4,0.001233681567829416,0,1.1327594019030358e-4
趙廉,PERSON,1,4.203446826397646e-4,0.0012336815678294151,0,1.1327594019030358e-4
蘇糧道,PERSON,1,4.203446826397646e-4,0.0012336815678294156,0,1.1327594019030358e-4
工商局,ORG,33,0.013871374527112233,0.038174041543628426,63619.70920619269,1.550387596899225e-4
希齡,PERSON,1,4.203446826397646e-4,0.0012336815678294162,0,1.1327594019030358e-4
虞浚奎,PERSON,6,0.0025220680958385876,0.014462816602348015,3.428705487086159,1.1539349180706209e-4
顧瀛,PERSON,6,0.0025220680958385876,0.014462816602348008,3.428705487086159,1.1539349180706209e-4
胡受福,PERSON,6,0.0025220680958385876,0.014462816602348012,3.428705487086159,1.1539349180706209e-4
敬山,PERSON,6,0.0025220680958385876,0.014310548420582775,177.13149808340745,1.1999040076793856e-4
浙江粮道,ORG,15,0.006305170239596469,0.041459400578780635,2580.642670550567,1.538935056940597e-4
崔磐石,PERSON,16,0.006725514922236234,0.029289122905124712,757.5658390765083,1.2071463061323032e-4
執齋,ORG,15,0.006305170239596469,0.04145940057878065,2580.642670550567,1.538935056940597e-4
羅伯蘇,PERSON,6,0.0025220680958385876,0.014310548420582771,177.13149808340745,1.1999040076793856e-4
汪瑶庭,PERSON,6,0.0025220680958385876,0.014310548420582775,177.13149808340745,1.1999040076793856e-4
謝岳松,PERSON,6,0.0025220680958385876,0.014310548420582775,177.13149808340745,1.1999040076793856e-4
潘二尹,PERSON,6,0.0025220680958385876,0.014310548420582778,177.13149808340745,1.1999040076793856e-4
蕭二尹樳,PERSON,6,0.0025220680958385876,0.014310548420582776,177.13149808340745,1.1999040076793856e-4
得庚,PERSON,8,0.003362757461118117,0.01810138008369994,388.90089400152317,1.2127091923356779e-4
糖捐局,ORG,24,0.01008827238335435,0.044939014832317596,7911.718547448879,1.5513496742165683e-4
王得庚,PERSON,6,0.0025220680958385876,0.01431054842058277,177.13149808340745,1.1999040076793856e-4
曹二尹昌熾,PERSON,5,0.002101723413198823,0.0061859887301289294,0.43478260869565216,1.1296882060551288e-4
呂尚書,PERSON,5,0.002101723413198823,0.0061859887301289294,0.43478260869565216,1.1296882060551288e-4
上海民立中小學堂,ORG,23,0.009667927700714587,0.03828284330904609,9649.085078819839,1.54273372415921e-4
民立南洋中學堂,ORG,23,0.009667927700714587,0.03828284330904605,9649.085078819839,1.54273372415921e-4
王維泰,PERSON,5,0.002101723413198823,0.0061859887301289294,0.43478260869565216,1.1296882060551288e-4
王植善,PERSON,5,0.002101723413198823,0.006185988730128929,0.43478260869565216,1.1296882060551288e-4
民立上海中學堂,ORG,23,0.009667927700714587,0.03828284330904607,9649.085078819839,1.54273372415921e-4
蘇本立,PERSON,5,0.002101723413198823,0.0061859887301289294,0.43478260869565216,1.1296882060551288e-4
蘇本災,PERSON,5,0.002101723413198823,0.0061859887301289294,0.43478260869565216,1.1296882060551288e-4
蘇本銚,PERSON,5,0.002101723413198823,0.006185988730128929,0.43478260869565216,1.1296882060551288e-4
蘇本浩,PERSON,5,0.002101723413198823,0.006185988730128927,0.43478260869565216,1.1296882060551288e-4
三林學堂,ORG,23,0.009667927700714587,0.038282843309046063,9649.085078819839,1.54273372415921e-4
秦榮光,PERSON,5,0.002101723413198823,0.0061859887301289294,0.43478260869565216,1.1296882060551288e-4
周希濓,PERSON,5,0.002101723413198823,0.0061859887301289294,0.43478260869565216,1.1296882060551288e-4
湯學釗,PERSON,5,0.002101723413198823,0.006185988730128926,0.43478260869565216,1.1296882060551288e-4
楊履福,PERSON,5,0.002101723413198823,0.0061859887301289294,0.43478260869565216,1.1296882060551288e-4
文明小學堂,ORG,23,0.009667927700714587,0.03828284330904607,9649.085078819839,1.54273372415921e-4
董瑞椿,PERSON,5,0.002101723413198823,0.00618598873012893,0.43478260869565216,1.1296882060551288e-4
俞復,PERSON,5,0.002101723413198823,0.006185988730128929,0.43478260869565216,1.1296882060551288e-4
杜嗣程,PERSON,5,0.002101723413198823,0.006185988730128927,0.43478260869565216,1.1296882060551288e-4
許士,PERSON,5,0.002101723413198823,0.00618598873012893,0.43478260869565216,1.1296882060551288e-4
蔡和甫,PERSON,5,0.002101723413198823,0.006185988730128927,0.43478260869565216,1.1296882060551288e-4
國棟,PERSON,5,0.002101723413198823,0.0061859887301289294,0.43478260869565216,1.1296882060551288e-4
字柱臣,PERSON,5,0.002101723413198823,0.006185988730128929,0.43478260869565216,1.1296882060551288e-4
萬翰,PERSON,5,0.002101723413198823,0.006185988730128927,0.43478260869565216,1.1296882060551288e-4
汪大令,PERSON,21,0.008827238335435058,0.03635698971612733,3342.2970618111513,1.2309207287050715e-4
羅誠伯,PERSON,3,0.0012610340479192938,0.008635250690531482,57.83922757772711,1.1798017932987259e-4
張誦先,PERSON,3,0.0012610340479192938,0.008635250690531487,57.83922757772711,1.1798017932987259e-4
明府芬,PERSON,3,0.0012610340479192938,0.008635250690531482,57.83922757772711,1.1798017932987259e-4
寗紹台,PERSON,3,0.0012610340479192938,0.008635250690531483,57.83922757772711,1.1798017932987259e-4
道世伯,PERSON,3,0.0012610340479192938,0.00863525069053148,57.83922757772711,1.1798017932987259e-4
孫耳山,PERSON,3,0.0012610340479192938,0.00863525069053148,57.83922757772711,1.1798017932987259e-4
乃洛,PERSON,3,0.0012610340479192938,0.008635250690531485,57.83922757772711,1.1798017932987259e-4
魏明府元濟,PERSON,3,0.0012610340479192938,0.008635250690531488,57.83922757772711,1.1798017932987259e-4
道憲瑞,PERSON,11,0.004623791509037411,0.023359334182897422,2130.3952123549566,1.246261216350947e-4
王清之,PERSON,3,0.0012610340479192938,0.008635250690531482,57.83922757772711,1.1798017932987259e-4
關道瑞,PERSON,13,0.00546448087431694,0.02274068850059274,1685.1947388664491,1.2227928588897041e-4
關司馬,PERSON,17,0.007145859604875998,0.028206345830071262,2248.79465138066,1.2162490878131841e-4
楊誠之,PERSON,3,0.0012610340479192938,0.008635250690531482,57.83922757772711,1.1798017932987259e-4
陸誠伯,PERSON,3,0.0012610340479192938,0.00863525069053148,57.83922757772711,1.1798017932987259e-4
徐傳隆,PERSON,3,0.0012610340479192938,0.008635250690531482,57.83922757772711,1.1798017932987259e-4
張大令,PERSON,3,0.0012610340479192938,0.008635250690531492,57.83922757772711,1.1798017932987259e-4
鎔萬,PERSON,3,0.0012610340479192938,0.008635250690531487,57.83922757772711,1.1798017932987259e-4
錦田,PERSON,3,0.0012610340479192938,0.008635250690531485,57.83922757772711,1.1798017932987259e-4
領事公會,ORG,22,0.009247583018074821,0.041681622650859666,7771.789203484688,1.5422578655151142e-4
楊星使,PERSON,5,0.002101723413198823,0.007869875414840764,8.016789033294646,1.1371389583807141e-4
滬北商團公會,ORG,12,0.005044136191677175,0.04627460188785618,4100.587938389327,1.5375153751537516e-4
楊星侃,PERSON,5,0.002101723413198823,0.007869875414840764,8.016789033294646,1.1371389583807141e-4
淅江陸軍步隊一,ORG,12,0.005044136191677175,0.04627460188785617,4100.587938389327,1.5375153751537516e-4
徐迪亭,PERSON,5,0.002101723413198823,0.007869875414840764,8.016789033294646,1.1371389583807141e-4
吳保恕,PERSON,5,0.002101723413198823,0.007869875414840763,8.016789033294646,1.1371389583807141e-4
呂祖,PERSON,5,0.002101723413198823,0.007869875414840768,8.016789033294646,1.1371389583807141e-4
滬道梁觀察委,ORG,12,0.005044136191677175,0.04627460188785617,4100.587938389327,1.5375153751537516e-4
李令,PERSON,5,0.002101723413198823,0.007869875414840776,8.016789033294646,1.1371389583807141e-4
廣發彩票,ORG,12,0.005044136191677175,0.046274601887856155,4100.587938389327,1.5375153751537516e-4
周世章,PERSON,5,0.002101723413198823,0.007869875414840775,8.016789033294646,1.1371389583807141e-4
李禹門,PERSON,5,0.002101723413198823,0.007869875414840764,8.016789033294646,1.1371389583807141e-4
貝新甫,PERSON,5,0.002101723413198823,0.00786987541484076,8.016789033294646,1.1371389583807141e-4
席子偑,PERSON,1,4.203446826397646e-4,0.0038199996160804806,0,1.144950767117014e-4
興化,ORG,8,0.003362757461118117,0.052958042914214534,781.6130205206773,1.5356265356265356e-4
裕𡩋官銀錢局,ORG,8,0.003362757461118117,0.052958042914214555,781.6130205206773,1.5356265356265356e-4
張禾芬,PERSON,6,0.0025220680958385876,0.012667763297070754,12.782119827702129,1.1386927806877705e-4
上海醫學研究會,ORG,8,0.003362757461118117,0.05295804291421453,781.6130205206773,1.5356265356265356e-4
絲業會館,ORG,6,0.0025220680958385876,0.03877539497409332,1159.6023266635464,1.5351550506601167e-4
洋貨公所,ORG,6,0.0025220680958385876,0.03877539497409331,1159.6023266635464,1.5351550506601167e-4
錢業會,ORG,6,0.0025220680958385876,0.03877539497409334,1159.6023266635464,1.5351550506601167e-4
濮潤德,PERSON,5,0.002101723413198823,0.009132606533971249,38.076931204160246,1.1568718186024989e-4
濮濡德,PERSON,5,0.002101723413198823,0.009132606533971254,38.076931204160246,1.1568718186024989e-4
華商公議會,ORG,6,0.0025220680958385876,0.03877539497409331,1159.6023266635464,1.5351550506601167e-4
濮瀾德,PERSON,5,0.002101723413198823,0.009132606533971252,38.076931204160246,1.1568718186024989e-4
周玉帥,PERSON,9,0.0037831021437578815,0.016681432426691702,1051.8163547296797,1.2144765606023804e-4
安瀾道院,ORG,8,0.003362757461118117,0.03778624674500855,1224.9393639787465,1.5356265356265356e-4
余愛棠,PERSON,3,0.0012610340479192938,0.007910975473153586,99.55012465370959,1.1753643629525152e-4
尚志學校,ORG,4,0.0016813787305590584,0.03241886540798151,7131.000000000003,1.5337423312883436e-4
李珊記,PERSON,1,4.203446826397646e-4,0.0010476898721362873,0,1.1238480557428635e-4
馮宗記,PERSON,1,4.203446826397646e-4,0.001047689872136287,0,1.1238480557428635e-4
周照桂,PERSON,1,4.203446826397646e-4,0.0010476898721362875,0,1.1238480557428635e-4
劉有光,PERSON,5,0.002101723413198823,0.009673936004639942,250.22511905724002,1.17813383600377e-4
曾紀峻,PERSON,5,0.002101723413198823,0.009673936004639934,250.22511905724002,1.17813383600377e-4
趙錄策,PERSON,5,0.002101723413198823,0.009673936004639944,250.22511905724002,1.17813383600377e-4
杜子撝,PERSON,5,0.002101723413198823,0.009673936004639937,250.22511905724002,1.17813383600377e-4
蘇會,ORG,8,0.003362757461118117,0.035063684072032635,2132.8154279344158,1.539882968894364e-4
西區工程局,ORG,8,0.003362757461118117,0.035063684072032635,2132.8154279344158,1.539882968894364e-4
商埠局,ORG,1,4.203446826397646e-4,0.03231728991596195,0,1.5323322096230462e-4
來旅,ORG,1,4.203446826397646e-4,0.03231728991596192,0,1.5323322096230462e-4
程云云,PERSON,2,8.406893652795292e-4,8.922931672166527e-5,0.1111111111111111,7.912644405760406e-5
湖南商會,ORG,9,0.0037831021437578815,0.001380519792248977,7220.409240784755,9.744689144416293e-5
秦晋華,PERSON,2,8.406893652795292e-4,8.92293167216664e-5,0.1111111111111111,7.912644405760406e-5
孟庸生,PERSON,2,8.406893652795292e-4,8.922931672166536e-5,0.1111111111111111,7.912644405760406e-5
李鍾珏,PERSON,5,0.002101723413198823,0.004779891831794005,2696.103234991679,1.1584800741427248e-4
文云,PERSON,2,8.406893652795292e-4,8.922931672166636e-5,0.1111111111111111,7.912644405760406e-5
陳至希,PERSON,2,8.406893652795292e-4,8.922931672166542e-5,0.1111111111111111,7.912644405760406e-5
閩海關部,ORG,9,0.0037831021437578815,0.0013805197922489717,7220.409240784755,9.744689144416293e-5
蔡乃煌,PERSON,2,8.406893652795292e-4,8.922931672166549e-5,0.1111111111111111,7.912644405760406e-5
蘇軍,ORG,24,0.01008827238335435,0.03953981498428037,13381.849508231042,1.5499070055796651e-4
章炳麟,PERSON,3,0.0012610340479192938,0.004690662515072339,21.57463875678801,1.1534025374855825e-4
宋敎仁,PERSON,7,0.0029424127784783522,0.010138758118546809,426.5503820404555,1.1646866992778943e-4
黄興,PERSON,3,0.0012610340479192938,0.004690662515072339,21.57463875678801,1.1534025374855825e-4
其美,PERSON,3,0.0012610340479192938,0.004690662515072336,21.57463875678801,1.1534025374855825e-4
湯壽濳,PERSON,4,0.0016813787305590584,0.0060939845613719994,442.7558564230814,1.1625203441060219e-4
張謇,PERSON,3,0.0012610340479192938,0.0046906625150723346,21.57463875678801,1.1534025374855825e-4
唐文治,PERSON,3,0.0012610340479192938,0.004690662515072334,21.57463875678801,1.1534025374855825e-4
趙鳳昌,PERSON,3,0.0012610340479192938,0.004690662515072338,21.57463875678801,1.1534025374855825e-4
于佑任,PERSON,3,0.0012610340479192938,0.004690662515072341,21.57463875678801,1.1534025374855825e-4
范鴻仙,PERSON,3,0.0012610340479192938,0.004690662515072338,21.57463875678801,1.1534025374855825e-4
鄭贊成,PERSON,3,0.0012610340479192938,0.004690662515072338,21.57463875678801,1.1534025374855825e-4
朱鑒江,PERSON,3,0.0012610340479192938,0.004690662515072337,21.57463875678801,1.1534025374855825e-4
黄郛,PERSON,3,0.0012610340479192938,0.004690662515072337,21.57463875678801,1.1534025374855825e-4
咸推公,PERSON,3,0.0012610340479192938,0.004690662515072339,21.57463875678801,1.1534025374855825e-4
黄黄興,PERSON,3,0.0012610340479192938,0.004690662515072337,21.57463875678801,1.1534025374855825e-4
賴偉,PERSON,3,0.0012610340479192938,0.004690662515072338,21.57463875678801,1.1534025374855825e-4
蔡奇鳳,PERSON,3,0.0012610340479192938,0.003152979650950923,1,1.1241007194244605e-4
胡體敬,PERSON,3,0.0012610340479192938,0.0031529796509509205,1,1.1241007194244605e-4
浙省礦務,ORG,3,0.0012610340479192938,0.032521081430919765,1583.6666666665894,1.5332720024532353e-4
淳邑鑫泰公司,ORG,3,0.0012610340479192938,0.03252108143091977,1583.6666666665894,1.5332720024532353e-4
鑫泰公司,ORG,3,0.0012610340479192938,0.032521081430919765,1583.6666666665894,1.5332720024532353e-4
卡釐局,ORG,21,0.008827238335435058,0.045989556726642726,3185.7248948126708,1.541782300339192e-4
趙銀辛明經,PERSON,11,0.004623791509037411,0.019697105519475216,88.22331554149349,1.1731581417175035e-4
明經,PERSON,16,0.006725514922236234,0.02832038067883939,512.763113298621,1.1899095668729176e-4
李遵義孝廉,PERSON,11,0.004623791509037411,0.019697105519475205,88.22331554149349,1.1731581417175035e-4
洋務總局,ORG,21,0.008827238335435058,0.045989556726642726,3185.7248948126708,1.541782300339192e-4
孫萼齋,PERSON,11,0.004623791509037411,0.019697105519475216,88.22331554149349,1.1731581417175035e-4
呂文起,PERSON,11,0.004623791509037411,0.019697105519475223,88.22331554149349,1.1731581417175035e-4
顔小夏,PERSON,11,0.004623791509037411,0.019697105519475205,88.22331554149349,1.1731581417175035e-4
鍾驥,PERSON,11,0.004623791509037411,0.019697105519475216,88.22331554149349,1.1731581417175035e-4
方克,PERSON,11,0.004623791509037411,0.01969710551947522,88.22331554149349,1.1731581417175035e-4
銅元駐滬分銷局,ORG,21,0.008827238335435058,0.045989556726642726,3185.7248948126708,1.541782300339192e-4
松滬釐捐總局,ORG,21,0.008827238335435058,0.04598955672664273,3185.7248948126708,1.541782300339192e-4
陳笠漁,PERSON,11,0.004623791509037411,0.019697105519475223,88.22331554149349,1.1731581417175035e-4
賀峒,PERSON,11,0.004623791509037411,0.01969710551947522,88.22331554149349,1.1731581417175035e-4
施觀察,PERSON,11,0.004623791509037411,0.019697105519475216,88.22331554149349,1.1731581417175035e-4
秦司馬,PERSON,16,0.006725514922236234,0.02832038067883937,512.763113298621,1.1899095668729176e-4
上海公共租界,ORG,21,0.008827238335435058,0.04598955672664272,3185.7248948126708,1.541782300339192e-4
關司馬炯,PERSON,11,0.004623791509037411,0.019697105519475216,88.22331554149349,1.1731581417175035e-4
法租界,ORG,21,0.008827238335435058,0.045989556726642705,3185.7248948126708,1.541782300339192e-4
陳大令,PERSON,11,0.004623791509037411,0.019697105519475212,88.22331554149349,1.1731581417175035e-4
曾培均,PERSON,11,0.004623791509037411,0.019697105519475216,88.22331554149349,1.1731581417175035e-4
蘇省學務處,ORG,21,0.008827238335435058,0.04598955672664274,3185.7248948126708,1.541782300339192e-4
高司馬繼昌,PERSON,11,0.004623791509037411,0.019697105519475216,88.22331554149349,1.1731581417175035e-4
司馬奉,PERSON,11,0.004623791509037411,0.019697105519475212,88.22331554149349,1.1731581417175035e-4
金陵厘捐局,ORG,21,0.008827238335435058,0.045989556726642726,3185.7248948126708,1.541782300339192e-4
陳觀察,PERSON,11,0.004623791509037411,0.019697105519475216,88.22331554149349,1.1731581417175035e-4
孫明府,PERSON,2,8.406893652795292e-4,0.006432098396859894,103.69363080501101,1.1834319526627219e-4
陳參軍,PERSON,2,8.406893652795292e-4,0.006432098396859892,103.69363080501101,1.1834319526627219e-4
鳳翥,PERSON,2,8.406893652795292e-4,0.0064320983968598954,103.69363080501101,1.1834319526627219e-4
莊柳汀,PERSON,2,8.406893652795292e-4,0.0064320983968598954,103.69363080501101,1.1834319526627219e-4
學忠,PERSON,2,8.406893652795292e-4,0.006432098396859897,103.69363080501101,1.1834319526627219e-4
陳别駕,PERSON,2,8.406893652795292e-4,0.006432098396859897,103.69363080501101,1.1834319526627219e-4
宗雍,PERSON,2,8.406893652795292e-4,0.006432098396859891,103.69363080501101,1.1834319526627219e-4
王緯辰,PERSON,2,8.406893652795292e-4,0.006432098396859897,103.69363080501101,1.1834319526627219e-4
南林,PERSON,2,8.406893652795292e-4,0.006432098396859896,103.69363080501101,1.1834319526627219e-4
王叅軍,PERSON,2,8.406893652795292e-4,0.006432098396859899,103.69363080501101,1.1834319526627219e-4
李明府,PERSON,4,0.0016813787305590584,0.008808754170983715,611.7031784112087,1.1893434823977165e-4
魏觀,PERSON,2,8.406893652795292e-4,0.006432098396859895,103.69363080501101,1.1834319526627219e-4
唐相卿,PERSON,5,0.002101723413198823,0.009441178253559543,29.819654907626088,1.1674060238150829e-4
廣文錫,PERSON,5,0.002101723413198823,0.009441178253559534,29.819654907626088,1.1674060238150829e-4
王明府鳴銓,PERSON,5,0.002101723413198823,0.00944117825355954,29.819654907626088,1.1674060238150829e-4
上海機器局,ORG,12,0.005044136191677175,0.03653344100717496,3172.9703546776072,1.5375153751537516e-4
羅伯芳,PERSON,5,0.002101723413198823,0.009441178253559541,29.819654907626088,1.1674060238150829e-4
明府之彥,PERSON,5,0.002101723413198823,0.00944117825355953,29.819654907626088,1.1674060238150829e-4
金陸自來水廠,ORG,12,0.005044136191677175,0.03653344100717495,3172.9703546776072,1.5375153751537516e-4
奉户部,ORG,12,0.005044136191677175,0.03653344100717496,3172.9703546776072,1.5375153751537516e-4
李京卿,PERSON,5,0.002101723413198823,0.00944117825355954,29.819654907626088,1.1674060238150829e-4
樊樹勳,PERSON,5,0.002101723413198823,0.009441178253559538,29.819654907626088,1.1674060238150829e-4
王載裕,PERSON,5,0.002101723413198823,0.00944117825355954,29.819654907626088,1.1674060238150829e-4
稅務司,ORG,12,0.005044136191677175,0.036533441007174955,3172.9703546776072,1.5375153751537516e-4
應桂馨,PERSON,7,0.0029424127784783522,0.011899941908286419,283.18303400779473,1.1712344811431249e-4
督院,ORG,1,4.203446826397646e-4,0.032317289915961944,0,1.5323322096230462e-4
周撫院,ORG,1,4.203446826397646e-4,0.03231728991596193,0,1.5323322096230462e-4
趙香圃,PERSON,1,4.203446826397646e-4,0.001109177887636418,0,1.126887536623845e-4
夏彝恂,PERSON,1,4.203446826397646e-4,0.001109177887636419,0,1.126887536623845e-4
曾敬貽,PERSON,1,4.203446826397646e-4,0.0011091778876364186,0,1.126887536623845e-4
李小庭,PERSON,1,4.203446826397646e-4,0.001109177887636418,0,1.126887536623845e-4
逢復齋,PERSON,1,4.203446826397646e-4,0.0011091778876364182,0,1.126887536623845e-4
恩承,PERSON,1,4.203446826397646e-4,0.001109177887636419,0,1.126887536623845e-4
孫仲山,PERSON,1,4.203446826397646e-4,0.0011091778876364182,0,1.126887536623845e-4
日本警視廳,ORG,16,0.006725514922236234,0.03432150067411998,33278.411950494614,1.539408866995074e-4
杜觀亭,PERSON,1,4.203446826397646e-4,0.001109177887636418,0,1.126887536623845e-4
尹鴻賓,PERSON,1,4.203446826397646e-4,0.0011091778876364186,0,1.126887536623845e-4
周二,PERSON,1,4.203446826397646e-4,0.0011091778876364184,0,1.126887536623845e-4
尹名章,PERSON,1,4.203446826397646e-4,0.0011091778876364182,0,1.126887536623845e-4
楊黼卿,PERSON,1,4.203446826397646e-4,0.0011091778876364175,0,1.126887536623845e-4
王聲閣,PERSON,1,4.203446826397646e-4,0.0011091778876364184,0,1.126887536623845e-4
尹襄,PERSON,1,4.203446826397646e-4,0.0011091778876364188,0,1.126887536623845e-4
梅斐猗,PERSON,5,0.002101723413198823,0.007796252103342538,18.442589771382774,1.1536686663590217e-4
光遠,PERSON,5,0.002101723413198823,0.007796252103342545,18.442589771382774,1.1536686663590217e-4
沈果齋,PERSON,5,0.002101723413198823,0.007796252103342547,18.442589771382774,1.1536686663590217e-4
紹祺,PERSON,5,0.002101723413198823,0.007796252103342546,18.442589771382774,1.1536686663590217e-4
羅季新,PERSON,5,0.002101723413198823,0.007796252103342541,18.442589771382774,1.1536686663590217e-4
史忠銘,PERSON,5,0.002101723413198823,0.007796252103342541,18.442589771382774,1.1536686663590217e-4
毛二尹,PERSON,5,0.002101723413198823,0.007796252103342541,18.442589771382774,1.1536686663590217e-4
公興洋行,ORG,15,0.006305170239596469,0.03749016150411514,4760.1102641223615,1.538935056940597e-4
法公司,ORG,15,0.006305170239596469,0.03749016150411515,4760.1102641223615,1.538935056940597e-4
天通庵巡防局,ORG,15,0.006305170239596469,0.03749016150411515,4760.1102641223615,1.538935056940597e-4
美界工部,ORG,15,0.006305170239596469,0.03749016150411516,4760.1102641223615,1.538935056940597e-4
丁成友,PERSON,5,0.002101723413198823,0.007796252103342535,18.442589771382774,1.1536686663590217e-4
鵝生,PERSON,5,0.002101723413198823,0.007796252103342538,18.442589771382774,1.1536686663590217e-4
經成友,PERSON,5,0.002101723413198823,0.007796252103342543,18.442589771382774,1.1536686663590217e-4
邱舌,PERSON,5,0.002101723413198823,0.007796252103342541,18.442589771382774,1.1536686663590217e-4
王篤基,PERSON,7,0.0029424127784783522,0.009099344199203453,128.9140429384119,1.1499540018399264e-4
虹鎭巡局,ORG,4,0.0016813787305590584,0.03354303672104953,681.6391346878015,1.5337423312883436e-4
陳祖武,PERSON,7,0.0029424127784783522,0.009099344199203446,128.9140429384119,1.1499540018399264e-4
江蘇粮道,ORG,4,0.0016813787305590584,0.03354303672104954,681.6391346878015,1.5337423312883436e-4
海運局,ORG,4,0.0016813787305590584,0.033543036721049545,681.6391346878015,1.5337423312883436e-4
華商,ORG,27,0.011349306431273645,0.05544655436586505,9862.835405712587,1.5446400988569664e-4
英工部局,ORG,4,0.0016813787305590584,0.033543036721049524,681.6391346878015,1.5337423312883436e-4
烟局,ORG,7,0.0029424127784783522,0.053337077108579566,5795.072885785722,1.538935056940597e-4
克利,PERSON,1,4.203446826397646e-4,0.0017237097841879849,0,1.1266336187471834e-4
沈觀察,PERSON,1,4.203446826397646e-4,0.001723709784187985,0,1.1266336187471834e-4
北市信成銀行,ORG,6,0.0025220680958385876,0.03538428100733951,1001.3883260845485,1.534683855125844e-4
昇昌鐵行,ORG,6,0.0025220680958385876,0.03538428100733949,1001.3883260845485,1.534683855125844e-4
周文錦,PERSON,3,0.0012610340479192938,0.0033024718987616345,0.375,1.1253657438667567e-4
吳寅寅,PERSON,3,0.0012610340479192938,0.003302471898761634,0.375,1.1253657438667567e-4
陳英士,PERSON,17,0.007145859604875998,0.03169679101312786,2694.077669497821,1.2385434728758978e-4
張之紀,PERSON,5,0.002101723413198823,0.005808800781969351,40.99056174458874,1.1322463768115942e-4
公堂,ORG,8,0.003362757461118117,0.034063003708431766,4488.8958910431365,1.5356265356265356e-4
湖北財政司,ORG,8,0.003362757461118117,0.034063003708431766,4488.8958910431365,1.5356265356265356e-4
高元藩,PERSON,3,0.0012610340479192938,0.0033024718987616332,0.375,1.1253657438667567e-4
參議部,ORG,8,0.003362757461118117,0.03406300370843177,4488.8958910431365,1.5356265356265356e-4
張漢,PERSON,3,0.0012610340479192938,0.003302471898761634,0.375,1.1253657438667567e-4
周錦文,PERSON,3,0.0012610340479192938,0.0033024718987616332,0.375,1.1253657438667567e-4
端午橋制軍,ORG,33,0.013871374527112233,0.04342325887934486,50331.25431177501,1.5518311607697082e-4
陳筱石,PERSON,1,4.203446826397646e-4,0.0014033220462996568,0,1.1335298118340512e-4
盛杏生,PERSON,1,4.203446826397646e-4,0.0014033220462996562,0,1.1335298118340512e-4
唐蔚芝,PERSON,1,4.203446826397646e-4,0.001403322046299657,0,1.1335298118340512e-4
王清穆,PERSON,1,4.203446826397646e-4,0.0014033220462996577,0,1.1335298118340512e-4
龎元濟,PERSON,1,4.203446826397646e-4,0.0014033220462996564,0,1.1335298118340512e-4
劉錦藻,PERSON,1,4.203446826397646e-4,0.0014033220462996564,0,1.1335298118340512e-4
王存善,PERSON,2,8.406893652795292e-4,0.0029898605343921026,237.76102102232196,1.1475786091347258e-4
金文翰,PERSON,1,4.203446826397646e-4,0.0014033220462996568,0,1.1335298118340512e-4
王鈺孫,PERSON,1,4.203446826397646e-4,0.0014033220462996568,0,1.1335298118340512e-4
盛昌頤,PERSON,1,4.203446826397646e-4,0.0014033220462996568,0,1.1335298118340512e-4
應德閑,PERSON,1,4.203446826397646e-4,0.001403322046299657,0,1.1335298118340512e-4
張繼曾,PERSON,1,4.203446826397646e-4,0.001403322046299657,0,1.1335298118340512e-4
徐文淵,PERSON,9,0.0037831021437578815,0.013246366785562647,531.235550881167,1.1748120300751879e-4
黄繼曾,PERSON,1,4.203446826397646e-4,0.0014033220462996568,0,1.1335298118340512e-4
曾樸,PERSON,1,4.203446826397646e-4,0.0014033220462996573,0,1.1335298118340512e-4
李克脩,PERSON,1,4.203446826397646e-4,0.001403322046299657,0,1.1335298118340512e-4
何鏞,PERSON,1,4.203446826397646e-4,0.0014033220462996575,0,1.1335298118340512e-4
席裕光,PERSON,1,4.203446826397646e-4,0.001403322046299657,0,1.1335298118340512e-4
夏曰琦,PERSON,1,4.203446826397646e-4,0.001403322046299657,0,1.1335298118340512e-4
蔡爾康,PERSON,1,4.203446826397646e-4,0.001403322046299657,0,1.1335298118340512e-4
夏清貽,PERSON,1,4.203446826397646e-4,0.0014033220462996568,0,1.1335298118340512e-4
經商會,ORG,7,0.0029424127784783522,0.03840605217643688,1818.6765086631535,1.5379883112888343e-4
順康會餘,ORG,7,0.0029424127784783522,0.03840605217643688,1818.6765086631535,1.5379883112888343e-4
憲恩,PERSON,3,0.0012610340479192938,0.004866872725724761,6.454400869306022,1.1412919424788861e-4
撫憲復,PERSON,3,0.0012610340479192938,0.004866872725724761,6.454400869306022,1.1412919424788861e-4
所呈肇,PERSON,8,0.003362757461118117,0.009355539301800565,4.147341628959275,1.1291779584462511e-4
索銅元,PERSON,8,0.003362757461118117,0.009355539301800565,4.147341628959275,1.1291779584462511e-4
龍佐才,PERSON,8,0.003362757461118117,0.009355539301800565,4.147341628959275,1.1291779584462511e-4
云巡警局,ORG,13,0.00546448087431694,0.0359454380271995,3513.604144255428,1.5379883112888343e-4
德國巴東,ORG,13,0.00546448087431694,0.03594543802719951,3513.604144255428,1.5379883112888343e-4
領事官外務部,ORG,13,0.00546448087431694,0.03594543802719952,3513.604144255428,1.5379883112888343e-4
徐善慶,PERSON,8,0.003362757461118117,0.009355539301800565,4.147341628959275,1.1291779584462511e-4
商務總會議,ORG,13,0.00546448087431694,0.0359454380271995,3513.604144255428,1.5379883112888343e-4
官立國文專修學堂,ORG,13,0.00546448087431694,0.0359454380271995,3513.604144255428,1.5379883112888343e-4
馮琳,PERSON,8,0.003362757461118117,0.009355539301800565,4.147341628959275,1.1291779584462511e-4
費席珍,PERSON,8,0.003362757461118117,0.009355539301800561,4.147341628959275,1.1291779584462511e-4
李錫年,PERSON,8,0.003362757461118117,0.009355539301800563,4.147341628959275,1.1291779584462511e-4
二路一區分局,ORG,13,0.00546448087431694,0.035945438027199496,3513.604144255428,1.5379883112888343e-4
孫濤淸,PERSON,8,0.003362757461118117,0.009355539301800561,4.147341628959275,1.1291779584462511e-4
單毓元,PERSON,8,0.003362757461118117,0.009355539301800568,4.147341628959275,1.1291779584462511e-4
棉花驗水局,ORG,13,0.00546448087431694,0.0359454380271995,3513.604144255428,1.5379883112888343e-4
吳汝繹,PERSON,8,0.003362757461118117,0.009355539301800565,4.147341628959275,1.1291779584462511e-4
朱顯揚,PERSON,8,0.003362757461118117,0.00935553930180057,4.147341628959275,1.1291779584462511e-4
陶鳳威,PERSON,8,0.003362757461118117,0.009355539301800556,4.147341628959275,1.1291779584462511e-4
毛大,PERSON,4,0.0016813787305590584,0.004761581368787431,6.121486842285053,1.1363636363636364e-4
趙大鵬,PERSON,4,0.0016813787305590584,0.004761581368787429,6.121486842285053,1.1363636363636364e-4
巡警學堂,ORG,9,0.0037831021437578815,0.03369095198634798,4152.461503974584,1.5360983102918587e-4
邵光義,PERSON,4,0.0016813787305590584,0.004761581368787433,6.121486842285053,1.1363636363636364e-4
連錦堂,PERSON,4,0.0016813787305590584,0.00476158136878743,6.121486842285053,1.1363636363636364e-4
潘滎貞,PERSON,4,0.0016813787305590584,0.004761581368787429,6.121486842285053,1.1363636363636364e-4
協吉絲線店,ORG,9,0.0037831021437578815,0.03369095198634796,4152.461503974584,1.5360983102918587e-4
朱王,PERSON,4,0.0016813787305590584,0.004761581368787427,6.121486842285053,1.1363636363636364e-4
王學謙,PERSON,4,0.0016813787305590584,0.0047615813687874285,6.121486842285053,1.1363636363636364e-4
童家渡協太分店,ORG,9,0.0037831021437578815,0.033690951986347986,4152.461503974584,1.5360983102918587e-4
吕明府賢萃,PERSON,3,0.0012610340479192938,0.008385262823708783,92.46321365320493,1.1910433539780847e-4
徐吉雲,PERSON,8,0.003362757461118117,0.015948455015939507,249.87195210208407,1.1961722488038278e-4
戎傳隆,PERSON,3,0.0012610340479192938,0.008385262823708776,92.46321365320493,1.1910433539780847e-4
道瑞觀察,ORG,19,0.007986548970155528,0.041921126600497696,6640.264693575415,1.5408320493066256e-4
徐孝餘,PERSON,10,0.004203446826397646,0.018526127631103242,756.7839398853758,1.2010569300984866e-4
袁海觀,PERSON,3,0.0012610340479192938,0.008385262823708783,92.46321365320493,1.1910433539780847e-4
高壽農,PERSON,3,0.0012610340479192938,0.008385262823708774,92.46321365320493,1.1910433539780847e-4
蔚光近,PERSON,3,0.0012610340479192938,0.00838526282370878,92.46321365320493,1.1910433539780847e-4
薩鎭冰,PERSON,3,0.0012610340479192938,0.008385262823708769,92.46321365320493,1.1910433539780847e-4
吳盈三,PERSON,3,0.0012610340479192938,0.008385262823708774,92.46321365320493,1.1910433539780847e-4
張楚寳,PERSON,3,0.0012610340479192938,0.0083852628237087775,92.46321365320493,1.1910433539780847e-4
樊寶深,PERSON,3,0.0012610340479192938,0.00838526282370878,92.46321365320493,1.1910433539780847e-4
陳履昌,PERSON,3,0.0012610340479192938,0.00838526282370877,92.46321365320493,1.1910433539780847e-4
韓茂春,PERSON,3,0.0012610340479192938,0.008385262823708774,92.46321365320493,1.1910433539780847e-4
查照,PERSON,3,0.0012610340479192938,0.008385262823708765,92.46321365320493,1.1910433539780847e-4
德皇,PERSON,9,0.0037831021437578815,0.018782003895025254,605.8966251274766,1.1837121212121212e-4
華洋義振會,ORG,18,0.007566204287515763,0.05637951680053793,4639.723615789562,1.5441630636195183e-4
吕尚書,PERSON,5,0.002101723413198823,0.011408276569095743,14.453882227934518,1.1568718186024989e-4
宫保,PERSON,5,0.002101723413198823,0.011408276569095746,14.453882227934518,1.1568718186024989e-4
大令商會,ORG,18,0.007566204287515763,0.05637951680053791,4639.723615789562,1.5441630636195183e-4
霍必蘭,PERSON,5,0.002101723413198823,0.011408276569095746,14.453882227934518,1.1568718186024989e-4
卜内門,PERSON,5,0.002101723413198823,0.011408276569095743,14.453882227934518,1.1568718186024989e-4
麥克魯,PERSON,5,0.002101723413198823,0.011408276569095741,14.453882227934518,1.1568718186024989e-4
時適,PERSON,5,0.002101723413198823,0.011408276569095741,14.453882227934518,1.1568718186024989e-4
華洋義振善會,ORG,18,0.007566204287515763,0.05637951680053793,4639.723615789562,1.5441630636195183e-4
義振會,ORG,18,0.007566204287515763,0.056379516800537925,4639.723615789562,1.5441630636195183e-4
渡巡局,ORG,8,0.003362757461118117,0.03457319118458954,2754.9554264526846,1.5356265356265356e-4
嚴曾鋐,PERSON,3,0.0012610340479192938,0.006354767495701135,15.213419057158607,1.1563367252543941e-4
華團,ORG,8,0.003362757461118117,0.03457319118458954,2754.9554264526846,1.5356265356265356e-4
袁恆之,PERSON,5,0.002101723413198823,0.00958880413276436,96.43187448282735,1.1627906976744187e-4
董怡,PERSON,3,0.0012610340479192938,0.006354767495701137,15.213419057158607,1.1563367252543941e-4
洋東克實克,PERSON,3,0.0012610340479192938,0.006354767495701141,15.213419057158607,1.1563367252543941e-4
克實克,PERSON,3,0.0012610340479192938,0.006354767495701139,15.213419057158607,1.1563367252543941e-4
交通實業,ORG,10,0.004203446826397646,0.04031239292855976,1365.824966688391,1.5365703749231714e-4
共和黨本部,ORG,10,0.004203446826397646,0.040312392928559766,1365.824966688391,1.5365703749231714e-4
上海交通事務所,ORG,10,0.004203446826397646,0.04031239292855976,1365.824966688391,1.5365703749231714e-4
陳貽範,PERSON,9,0.0037831021437578815,0.015123897044695012,192.19419733605338,1.17096018735363e-4
吳紹璘,PERSON,9,0.0037831021437578815,0.01512389704469502,192.19419733605338,1.17096018735363e-4
李英石,PERSON,9,0.0037831021437578815,0.01512389704469501,192.19419733605338,1.17096018735363e-4
光復軍,ORG,10,0.004203446826397646,0.04031239292855975,1365.824966688391,1.5365703749231714e-4
福字營,ORG,10,0.004203446826397646,0.04031239292855972,1365.824966688391,1.5365703749231714e-4
劉福彪,PERSON,14,0.0058848255569567045,0.028394319114366216,1994.7081699850307,1.2360939431396787e-4
張篷仙,PERSON,6,0.0025220680958385876,0.006597169686769402,1.6666666666666665,1.1263798152737103e-4
光祿寺,ORG,9,0.0037831021437578815,0.03402291107909892,3159.3333333332207,1.5360983102918587e-4
羅振玉,PERSON,6,0.0025220680958385876,0.0065971696867694034,1.6666666666666665,1.1263798152737103e-4
上海貨捐總局,ORG,9,0.0037831021437578815,0.03402291107909894,3159.3333333332207,1.5360983102918587e-4
袁世輔,PERSON,6,0.0025220680958385876,0.006597169686769402,1.6666666666666665,1.1263798152737103e-4
商務工程局,ORG,9,0.0037831021437578815,0.034022911079098925,3159.3333333332207,1.5360983102918587e-4
川府,ORG,9,0.0037831021437578815,0.03402291107909892,3159.3333333332207,1.5360983102918587e-4
汪然,PERSON,6,0.0025220680958385876,0.006597169686769404,1.6666666666666665,1.1263798152737103e-4
湯東暉,PERSON,6,0.0025220680958385876,0.006597169686769403,1.6666666666666665,1.1263798152737103e-4
魯坦,PERSON,6,0.0025220680958385876,0.006597169686769404,1.6666666666666665,1.1263798152737103e-4
武備學堂,ORG,9,0.0037831021437578815,0.03402291107909892,3159.3333333332207,1.5360983102918587e-4
揚之棫,PERSON,6,0.0025220680958385876,0.006597169686769404,1.6666666666666665,1.1263798152737103e-4
黎汝謙,PERSON,6,0.0025220680958385876,0.006597169686769403,1.6666666666666665,1.1263798152737103e-4
上海瑞道台,ORG,9,0.0037831021437578815,0.03402291107909892,3159.3333333332207,1.5360983102918587e-4
錫金商會,ORG,32,0.013451029844472467,0.019568763308668895,1274.509184185369,1.0775862068965517e-4
商學公會,ORG,41,0.017234131988230348,0.058286149008951585,15959.490717207487,1.5556938394523958e-4
上海商學公會,ORG,32,0.013451029844472467,0.01956876330866891,1274.509184185369,1.0775862068965517e-4
北京政務處商部,ORG,32,0.013451029844472467,0.01956876330866891,1274.509184185369,1.0775862068965517e-4
貝子,PERSON,8,0.003362757461118117,0.011843044739262986,156.06161675550075,1.1676786548341896e-4
劉坦,PERSON,8,0.003362757461118117,0.01184304473926298,156.06161675550075,1.1676786548341896e-4
陳祖烈,PERSON,8,0.003362757461118117,0.011843044739262988,156.06161675550075,1.1676786548341896e-4
周晉鎭,PERSON,8,0.003362757461118117,0.011843044739262993,156.06161675550075,1.1676786548341896e-4
張麟魁,PERSON,8,0.003362757461118117,0.01184304473926299,156.06161675550075,1.1676786548341896e-4
虞和,PERSON,12,0.005044136191677175,0.01729114034273744,1254.6124069013906,1.1795234725171031e-4
丁維蕃,PERSON,8,0.003362757461118117,0.011843044739262985,156.06161675550075,1.1676786548341896e-4
許炳,PERSON,8,0.003362757461118117,0.011843044739262985,156.06161675550075,1.1676786548341896e-4
李鳴,PERSON,8,0.003362757461118117,0.011843044739262986,156.06161675550075,1.1676786548341896e-4
胡文逹,PERSON,8,0.003362757461118117,0.01184304473926299,156.06161675550075,1.1676786548341896e-4
夏瑞芳,PERSON,8,0.003362757461118117,0.011843044739262976,156.06161675550075,1.1676786548341896e-4
劉世珩,PERSON,8,0.003362757461118117,0.011843044739262983,156.06161675550075,1.1676786548341896e-4
劉桂聲,PERSON,8,0.003362757461118117,0.011843044739262981,156.06161675550075,1.1676786548341896e-4
陶秉鈞,PERSON,14,0.0058848255569567045,0.026305861341611007,1290.049688234165,1.1933174224343676e-4
劉兆安,PERSON,8,0.003362757461118117,0.011843044739262995,156.06161675550075,1.1676786548341896e-4
惲毓,PERSON,8,0.003362757461118117,0.011843044739262985,156.06161675550075,1.1676786548341896e-4
葉詔,PERSON,8,0.003362757461118117,0.011843044739262981,156.06161675550075,1.1676786548341896e-4
張恩錦,PERSON,8,0.003362757461118117,0.011843044739262985,156.06161675550075,1.1676786548341896e-4
胡謨,PERSON,8,0.003362757461118117,0.011843044739262986,156.06161675550075,1.1676786548341896e-4
吳祖濬,PERSON,8,0.003362757461118117,0.011843044739262985,156.06161675550075,1.1676786548341896e-4
朱大經,PERSON,8,0.003362757461118117,0.011843044739262993,156.06161675550075,1.1676786548341896e-4
總商會,ORG,32,0.013451029844472467,0.01956876330866888,1274.509184185369,1.0775862068965517e-4
立憲敝會,ORG,32,0.013451029844472467,0.019568763308668902,1274.509184185369,1.0775862068965517e-4
丁雲城,PERSON,7,0.0029424127784783522,0.009831765762389592,32.150797162975515,1.1528706479133042e-4
王如貴,PERSON,7,0.0029424127784783522,0.00983176576238959,32.150797162975515,1.1528706479133042e-4
王開彈,PERSON,7,0.0029424127784783522,0.009831765762389595,32.150797162975515,1.1528706479133042e-4
姜紀生,PERSON,7,0.0029424127784783522,0.009831765762389595,32.150797162975515,1.1528706479133042e-4
姜子頭,PERSON,7,0.0029424127784783522,0.009831765762389592,32.150797162975515,1.1528706479133042e-4
地保,ORG,15,0.006305170239596469,0.03687206603715648,3807.071169850956,1.538935056940597e-4
李鎔,PERSON,7,0.0029424127784783522,0.009831765762389595,32.150797162975515,1.1528706479133042e-4
汪錦堂,PERSON,7,0.0029424127784783522,0.009831765762389593,32.150797162975515,1.1528706479133042e-4
河南陸軍小學堂,ORG,15,0.006305170239596469,0.036872066037156474,3807.071169850956,1.538935056940597e-4
李翊煌,PERSON,7,0.0029424127784783522,0.009831765762389595,32.150797162975515,1.1528706479133042e-4
海防,ORG,24,0.01008827238335435,0.04035168029069339,9210.971239728417,1.5513496742165683e-4
查燕緒,PERSON,7,0.0029424127784783522,0.009831765762389592,32.150797162975515,1.1528706479133042e-4
嘗育堂,ORG,15,0.006305170239596469,0.036872066037156474,3807.071169850956,1.538935056940597e-4
房捐局,ORG,15,0.006305170239596469,0.03687206603715646,3807.071169850956,1.538935056940597e-4
陳廷植,PERSON,7,0.0029424127784783522,0.00983176576238959,32.150797162975515,1.1528706479133042e-4
王壽康,PERSON,7,0.0029424127784783522,0.009831765762389592,32.150797162975515,1.1528706479133042e-4
戴才寶,PERSON,7,0.0029424127784783522,0.00983176576238959,32.150797162975515,1.1528706479133042e-4
王錦山,PERSON,7,0.0029424127784783522,0.009831765762389592,32.150797162975515,1.1528706479133042e-4
本局,ORG,15,0.006305170239596469,0.036872066037156453,3807.071169850956,1.538935056940597e-4
熊希齡,PERSON,5,0.002101723413198823,0.007281983066747669,63.36002055363855,1.137915339098771e-4
南京政府,ORG,11,0.004623791509037411,0.03482941435199328,4305.633322340062,1.539408866995074e-4
陳錦濤,PERSON,4,0.0016813787305590584,0.005448095603474461,8.175938511492653,1.1358473421172194e-4
黃興,PERSON,4,0.0016813787305590584,0.005448095603474458,8.175938511492653,1.1358473421172194e-4
溫宗堯,PERSON,4,0.0016813787305590584,0.005448095603474457,8.175938511492653,1.1358473421172194e-4
陳振先,PERSON,4,0.0016813787305590584,0.005448095603474464,8.175938511492653,1.1358473421172194e-4
孫中山,PERSON,4,0.0016813787305590584,0.0054480956034744605,8.175938511492653,1.1358473421172194e-4
叅議院,ORG,11,0.004623791509037411,0.034829414351993285,4305.633322340062,1.539408866995074e-4
蔡元培,PERSON,4,0.0016813787305590584,0.005448095603474459,8.175938511492653,1.1358473421172194e-4
土地祠,ORG,20,0.008406893652795292,0.04604708991327332,4797.041859799409,1.5413070283600493e-4
袁升道,PERSON,5,0.002101723413198823,0.008623275159364169,13.794286391923,1.1475786091347258e-4
袁大京兆,PERSON,5,0.002101723413198823,0.008623275159364174,13.794286391923,1.1475786091347258e-4
嚴小舫,PERSON,5,0.002101723413198823,0.008623275159364162,13.794286391923,1.1475786091347258e-4
樊樹勛,PERSON,5,0.002101723413198823,0.008623275159364176,13.794286391923,1.1475786091347258e-4
汪瑤庭,PERSON,5,0.002101723413198823,0.00862327515936417,13.794286391923,1.1475786091347258e-4
滬南製造局,ORG,20,0.008406893652795292,0.04604708991327331,4797.041859799409,1.5413070283600493e-4
劉明府,PERSON,5,0.002101723413198823,0.008623275159364174,13.794286391923,1.1475786091347258e-4
浦東總巡局,ORG,20,0.008406893652795292,0.04604708991327331,4797.041859799409,1.5413070283600493e-4
謝明府,PERSON,5,0.002101723413198823,0.00862327515936418,13.794286391923,1.1475786091347258e-4
劉三,PERSON,5,0.002101723413198823,0.008623275159364174,13.794286391923,1.1475786091347258e-4
徐家延,PERSON,5,0.002101723413198823,0.008623275159364166,13.794286391923,1.1475786091347258e-4
桂馨,PERSON,2,8.406893652795292e-4,0.0024587636547268813,0.0625,1.127141568981064e-4
愛理思,PERSON,2,8.406893652795292e-4,0.0024587636547268804,0.0625,1.127141568981064e-4
范高,PERSON,2,8.406893652795292e-4,0.0024587636547268817,0.0625,1.127141568981064e-4
房述明,PERSON,2,8.406893652795292e-4,0.002458763654726881,0.0625,1.127141568981064e-4
朱葆山,PERSON,2,8.406893652795292e-4,0.0024587636547268817,0.0625,1.127141568981064e-4
陸頌和,PERSON,2,8.406893652795292e-4,0.002458763654726881,0.0625,1.127141568981064e-4
王毛毛,PERSON,2,8.406893652795292e-4,0.0024587636547268804,0.0625,1.127141568981064e-4
朱海郞,PERSON,2,8.406893652795292e-4,0.0024587636547268804,0.0625,1.127141568981064e-4
阿文弗列愛,PERSON,2,8.406893652795292e-4,0.0024587636547268817,0.0625,1.127141568981064e-4
招商内河小輪局,ORG,16,0.006725514922236234,0.03804099386304765,14069.567941745054,1.539408866995074e-4
南市總工程局,ORG,16,0.006725514922236234,0.038040993863047656,14069.567941745054,1.539408866995074e-4
侯魯公,PERSON,2,8.406893652795292e-4,0.0024587636547268817,0.0625,1.127141568981064e-4
杜少林,PERSON,2,8.406893652795292e-4,0.0024587636547268817,0.0625,1.127141568981064e-4
滬商公共公,ORG,6,0.0025220680958385876,0.03365058149793956,3260.9097605780785,1.534683855125844e-4
滬商體操會,ORG,6,0.0025220680958385876,0.03365058149793953,3260.9097605780785,1.534683855125844e-4
司馬,PERSON,3,0.0012610340479192938,0.0032624867943288525,0.5,1.124859392575928e-4
曹木華,PERSON,3,0.0012610340479192938,0.003262486794328852,0.5,1.124859392575928e-4
屈吉士,PERSON,3,0.0012610340479192938,0.0032624867943288516,0.5,1.124859392575928e-4
文總工程局,ORG,6,0.0025220680958385876,0.03365058149793952,3260.9097605780785,1.534683855125844e-4
曹開之,PERSON,3,0.0012610340479192938,0.0032624867943288507,0.5,1.124859392575928e-4
新關稅司,ORG,6,0.0025220680958385876,0.033978444566549915,1741.1974681499557,1.534683855125844e-4
紀製造局,ORG,6,0.0025220680958385876,0.03397844456654992,1741.1974681499557,1.534683855125844e-4
石籐豐太郎,PERSON,4,0.0016813787305590584,0.005606228318675388,28.525104035088376,1.155001155001155e-4
金陵華嚴崗火藥局,ORG,6,0.0025220680958385876,0.03397844456654992,1741.1974681499557,1.534683855125844e-4
張明府鈺,PERSON,4,0.0016813787305590584,0.005606228318675388,28.525104035088376,1.155001155001155e-4
魏觀察,PERSON,13,0.00546448087431694,0.01790130442299775,480.3290479913099,1.1717834544176236e-4
石籐,PERSON,4,0.0016813787305590584,0.005606228318675386,28.525104035088376,1.155001155001155e-4
恒隆裕,PERSON,7,0.0029424127784783522,0.010140864807394463,3.133727678828988,1.1373976342129209e-4
沈朝榮,PERSON,7,0.0029424127784783522,0.010140864807394467,3.133727678828988,1.1373976342129209e-4
許德昭,PERSON,7,0.0029424127784783522,0.010140864807394456,3.133727678828988,1.1373976342129209e-4
金峙生,PERSON,7,0.0029424127784783522,0.010140864807394467,3.133727678828988,1.1373976342129209e-4
彭峨士,PERSON,7,0.0029424127784783522,0.010140864807394467,3.133727678828988,1.1373976342129209e-4
許觀察,PERSON,7,0.0029424127784783522,0.010140864807394463,3.133727678828988,1.1373976342129209e-4
炳榛,PERSON,7,0.0029424127784783522,0.010140864807394461,3.133727678828988,1.1373976342129209e-4
周秋江,PERSON,7,0.0029424127784783522,0.010140864807394467,3.133727678828988,1.1373976342129209e-4
馬煦,PERSON,7,0.0029424127784783522,0.010140864807394467,3.133727678828988,1.1373976342129209e-4
龍葆珊,PERSON,7,0.0029424127784783522,0.010140864807394458,3.133727678828988,1.1373976342129209e-4
南市製造局,ORG,24,0.01008827238335435,0.04450010449617277,7067.048446558343,1.5513496742165683e-4
李叔倫,PERSON,7,0.0029424127784783522,0.01014086480739447,3.133727678828988,1.1373976342129209e-4
經叙製造司,ORG,24,0.01008827238335435,0.044500104496172775,7067.048446558343,1.5513496742165683e-4
魏蕃實,PERSON,7,0.0029424127784783522,0.010140864807394463,3.133727678828988,1.1373976342129209e-4
閘北工程局,ORG,24,0.01008827238335435,0.04450010449617279,7067.048446558343,1.5513496742165683e-4
鍾珏,PERSON,7,0.0029424127784783522,0.010140864807394465,3.133727678828988,1.1373976342129209e-4
宏文學院,ORG,24,0.01008827238335435,0.04450010449617276,7067.048446558343,1.5513496742165683e-4
陳音廉,PERSON,7,0.0029424127784783522,0.010140864807394467,3.133727678828988,1.1373976342129209e-4
明治大學校,ORG,24,0.01008827238335435,0.044500104496172775,7067.048446558343,1.5513496742165683e-4
曾廣澤,PERSON,7,0.0029424127784783522,0.010140864807394467,3.133727678828988,1.1373976342129209e-4
徐少,PERSON,7,0.0029424127784783522,0.010140864807394465,3.133727678828988,1.1373976342129209e-4
海靜學堂,ORG,21,0.008827238335435058,0.0351620682758222,14492.543024818111,1.541782300339192e-4
南瑞,PERSON,3,0.0012610340479192938,0.0036197289042618026,2.325074189895495,1.1384335154826958e-4
磁器公司,ORG,21,0.008827238335435058,0.03516206827582222,14492.543024818111,1.541782300339192e-4
蔣星階,PERSON,3,0.0012610340479192938,0.003619728904261805,2.325074189895495,1.1384335154826958e-4
張部郎,PERSON,3,0.0012610340479192938,0.0036197289042618035,2.325074189895495,1.1384335154826958e-4
元濟,PERSON,3,0.0012610340479192938,0.0036197289042618026,2.325074189895495,1.1384335154826958e-4
周藴華,PERSON,3,0.0012610340479192938,0.003619728904261802,2.325074189895495,1.1384335154826958e-4
趙從蕃,PERSON,3,0.0012610340479192938,0.0036197289042618035,2.325074189895495,1.1384335154826958e-4
楊壽枏,PERSON,3,0.0012610340479192938,0.003619728904261802,2.325074189895495,1.1384335154826958e-4
李茹,PERSON,3,0.0012610340479192938,0.0036197289042618035,2.325074189895495,1.1384335154826958e-4
張鶴齡,PERSON,3,0.0012610340479192938,0.0036197289042618026,2.325074189895495,1.1384335154826958e-4
心銘,PERSON,3,0.0012610340479192938,0.003619728904261802,2.325074189895495,1.1384335154826958e-4
令上松,PERSON,3,0.0012610340479192938,0.003619728904261802,2.325074189895495,1.1384335154826958e-4
安直剌,PERSON,3,0.0012610340479192938,0.0036197289042618035,2.325074189895495,1.1384335154826958e-4
鍾愷,PERSON,3,0.0012610340479192938,0.0036197289042618043,2.325074189895495,1.1384335154826958e-4
商大令,PERSON,3,0.0012610340479192938,0.0036197289042618026,2.325074189895495,1.1384335154826958e-4
楊大令,PERSON,3,0.0012610340479192938,0.003619728904261802,2.325074189895495,1.1384335154826958e-4
程大令,PERSON,3,0.0012610340479192938,0.0036197289042618035,2.325074189895495,1.1384335154826958e-4
方叅軍,PERSON,3,0.0012610340479192938,0.0036197289042618043,2.325074189895495,1.1384335154826958e-4
劉少尹,PERSON,3,0.0012610340479192938,0.0036197289042618043,2.325074189895495,1.1384335154826958e-4
文蕃,PERSON,3,0.0012610340479192938,0.003619728904261805,2.325074189895495,1.1384335154826958e-4
浙江鐵路公司,ORG,4,0.0016813787305590584,0.0412237549756461,747.1824208152202,1.5375153751537516e-4
浙江興業銀行,ORG,4,0.0016813787305590584,0.0412237549756461,747.1824208152202,1.5375153751537516e-4
鐵路公司董事,ORG,4,0.0016813787305590584,0.0412237549756461,747.1824208152202,1.5375153751537516e-4
新建洋貨公所,ORG,4,0.0016813787305590584,0.04122375497564611,747.1824208152202,1.5375153751537516e-4
秦本幹,PERSON,4,0.0016813787305590584,0.005328960163890139,1.5,1.1266336187471834e-4
商律股份有限公司,ORG,13,0.00546448087431694,0.05377329139259392,6416.485066747418,1.5379883112888343e-4
王席二,PERSON,2,8.406893652795292e-4,0.0036277424251457777,0.5485537451054693,1.1314777098891151e-4
奕劻世續,PERSON,2,8.406893652795292e-4,0.003627742425145781,0.5485537451054693,1.1314777098891151e-4
鹿傳霖,PERSON,2,8.406893652795292e-4,0.0036277424251457786,0.5485537451054693,1.1314777098891151e-4
那桐,PERSON,2,8.406893652795292e-4,0.003627742425145782,0.5485537451054693,1.1314777098891151e-4
吳郁生,PERSON,2,8.406893652795292e-4,0.0036277424251457795,0.5485537451054693,1.1314777098891151e-4
李囗囗,PERSON,2,8.406893652795292e-4,0.0022196717778242346,1.2592592592592593,1.1261261261261261e-4
民政部長,ORG,3,0.0012610340479192938,0.03246075746868636,2269.90377584224,1.5332720024532353e-4
虞向,PERSON,2,8.406893652795292e-4,0.002219671777824237,1.2592592592592593,1.1261261261261261e-4
協會,ORG,9,0.0037831021437578815,0.035712163902479714,7570.371286887743,1.5360983102918587e-4
向淑予,PERSON,2,8.406893652795292e-4,0.002391632561742232,0.4235952199338927,1.1266336187471834e-4
錢幼琴,PERSON,2,8.406893652795292e-4,0.0023916325617422316,0.4235952199338927,1.1266336187471834e-4
淑予,PERSON,2,8.406893652795292e-4,0.0023916325617422325,0.4235952199338927,1.1266336187471834e-4
張右企,PERSON,2,8.406893652795292e-4,0.002391632561742232,0.4235952199338927,1.1266336187471834e-4
劉芋珊,PERSON,2,8.406893652795292e-4,0.0023916325617422338,0.4235952199338927,1.1266336187471834e-4
陶賓南,PERSON,2,8.406893652795292e-4,0.0023916325617422338,0.4235952199338927,1.1266336187471834e-4
閘北巡警局,ORG,23,0.009667927700714587,0.05667203689460303,3360.6308617434165,1.545595054095827e-4
蔡觀察製造局,ORG,23,0.009667927700714587,0.05667203689460301,3360.6308617434165,1.545595054095827e-4
觀察電報局,ORG,23,0.009667927700714587,0.056672036894603074,3360.6308617434165,1.545595054095827e-4
江南船塢,ORG,23,0.009667927700714587,0.056672036894603026,3360.6308617434165,1.545595054095827e-4
鄺國華,PERSON,9,0.0037831021437578815,0.02152873553879415,73.72226393622341,1.1784115012962527e-4
姚慕連,PERSON,9,0.0037831021437578815,0.021528735538794155,73.72226393622341,1.1784115012962527e-4
楊慎之,PERSON,9,0.0037831021437578815,0.021528735538794135,73.72226393622341,1.1784115012962527e-4
徐傅隆,PERSON,9,0.0037831021437578815,0.02152873553879415,73.72226393622341,1.1784115012962527e-4
裕成,ORG,23,0.009667927700714587,0.056672036894603026,3360.6308617434165,1.545595054095827e-4
楊子川,PERSON,9,0.0037831021437578815,0.021528735538794145,73.72226393622341,1.1784115012962527e-4
陳豹臣,PERSON,9,0.0037831021437578815,0.021528735538794152,73.72226393622341,1.1784115012962527e-4
瑞興,PERSON,9,0.0037831021437578815,0.02152873553879416,73.72226393622341,1.1784115012962527e-4
德濟,ORG,23,0.009667927700714587,0.05667203689460303,3360.6308617434165,1.545595054095827e-4
盛宣懷,PERSON,16,0.006725514922236234,0.03188732353844304,1589.9876868010874,1.2071463061323032e-4
翼甫,PERSON,9,0.0037831021437578815,0.021528735538794152,73.72226393622341,1.1784115012962527e-4
何心川,PERSON,9,0.0037831021437578815,0.02152873553879415,73.72226393622341,1.1784115012962527e-4
浙江撫院,ORG,23,0.009667927700714587,0.05667203689460301,3360.6308617434165,1.545595054095827e-4
張筱雲,PERSON,9,0.0037831021437578815,0.02152873553879415,73.72226393622341,1.1784115012962527e-4
王覲庭,PERSON,9,0.0037831021437578815,0.021528735538794138,73.72226393622341,1.1784115012962527e-4
奉鈞,PERSON,7,0.0029424127784783522,0.011384808323147602,82.77972394251078,1.1568718186024989e-4
上海,ORG,4,0.0016813787305590584,0.035978549377726605,434.1697994168873,1.5360983102918587e-4
寗紹商輪股份有限公司,ORG,6,0.0025220680958385876,0.03694445402543571,886.4655694235244,1.537042729787888e-4
福建船政局,ORG,7,0.0029424127784783522,0.03700482323197559,1293.1587740176708,1.5375153751537516e-4
甬興業,ORG,4,0.0016813787305590584,0.03597854937772662,434.1697994168873,1.5360983102918587e-4
安裕,PERSON,5,0.002101723413198823,0.0016394978243313542,212.16580830384444,1.1376564277588168e-4
陳寳全,PERSON,5,0.002101723413198823,0.001639497824331354,212.16580830384444,1.1376564277588168e-4
陳昌年,PERSON,5,0.002101723413198823,0.0016394978243313544,212.16580830384444,1.1376564277588168e-4
四川鐵路,ORG,13,0.00546448087431694,0.001795482114036081,403.7046873538524,9.551098376313276e-5
張從文,PERSON,5,0.002101723413198823,0.0016394978243313549,212.16580830384444,1.1376564277588168e-4
林毓蕃,PERSON,5,0.002101723413198823,0.001639497824331354,212.16580830384444,1.1376564277588168e-4
姚捷,PERSON,5,0.002101723413198823,0.0016394978243313534,212.16580830384444,1.1376564277588168e-4
馬貞幹,PERSON,5,0.002101723413198823,0.0016394978243313534,212.16580830384444,1.1376564277588168e-4
本邑城自治公所,ORG,13,0.00546448087431694,0.001795482114036085,403.7046873538524,9.551098376313276e-5
祁冕庭,PERSON,5,0.002101723413198823,0.0016394978243313534,212.16580830384444,1.1376564277588168e-4
化學堂,ORG,13,0.00546448087431694,0.00179548211403608,403.7046873538524,9.551098376313276e-5
吳王,PERSON,5,0.002101723413198823,0.0016394978243313516,212.16580830384444,1.1376564277588168e-4
湯王,PERSON,5,0.002101723413198823,0.0016394978243313536,212.16580830384444,1.1376564277588168e-4
裁判所,ORG,13,0.00546448087431694,0.0017954821140360822,403.7046873538524,9.551098376313276e-5
壬慶由松,PERSON,5,0.002101723413198823,0.0016394978243313525,212.16580830384444,1.1376564277588168e-4
操會社,ORG,9,0.0037831021437578815,0.04462485154326348,3885.2279466925957,1.5360983102918587e-4
盧虞,PERSON,2,8.406893652795292e-4,0.0032340366370632156,1.0837388591800354,1.1299435028248587e-4
管振興,PERSON,2,8.406893652795292e-4,0.0032340366370632177,1.0837388591800354,1.1299435028248587e-4
葉子衡,PERSON,2,8.406893652795292e-4,0.0032340366370632147,1.0837388591800354,1.1299435028248587e-4
憲給,PERSON,6,0.0025220680958385876,0.012281723227164,84.41580877276986,1.1853959222380275e-4
陸軍學堂,ORG,23,0.009667927700714587,0.043855853243995505,5371.662251394412,1.54273372415921e-4
上海中國公學,ORG,23,0.009667927700714587,0.0438558532439955,5371.662251394412,1.54273372415921e-4
王敬芳,PERSON,6,0.0025220680958385876,0.012281723227164008,84.41580877276986,1.1853959222380275e-4
字博沙,PERSON,6,0.0025220680958385876,0.012281723227164004,84.41580877276986,1.1853959222380275e-4
黄兆祥,PERSON,6,0.0025220680958385876,0.012281723227164002,84.41580877276986,1.1853959222380275e-4
字楨呈,PERSON,6,0.0025220680958385876,0.012281723227163994,84.41580877276986,1.1853959222380275e-4
張邦傑,PERSON,6,0.0025220680958385876,0.01228172322716399,84.41580877276986,1.1853959222380275e-4
字俊生,PERSON,6,0.0025220680958385876,0.012281723227163999,84.41580877276986,1.1853959222380275e-4
澤公尚,PERSON,6,0.0025220680958385876,0.012281723227164008,84.41580877276986,1.1853959222380275e-4
周子安,PERSON,6,0.0025220680958385876,0.012281723227164002,84.41580877276986,1.1853959222380275e-4
商務局,ORG,45,0.018915510718789406,0.04881876391470084,24264.445779696,1.5571473061351605e-4
許苓西,PERSON,6,0.0025220680958385876,0.01228172322716399,84.41580877276986,1.1853959222380275e-4
商務總局,ORG,23,0.009667927700714587,0.04385585324399551,5371.662251394412,1.54273372415921e-4
施予英,PERSON,6,0.0025220680958385876,0.012281723227163996,84.41580877276986,1.1853959222380275e-4
朱寳珊,PERSON,6,0.0025220680958385876,0.012281723227163999,84.41580877276986,1.1853959222380275e-4
周舜事,PERSON,6,0.0025220680958385876,0.012281723227163994,84.41580877276986,1.1853959222380275e-4
徐台雲,PERSON,6,0.0025220680958385876,0.012281723227164002,84.41580877276986,1.1853959222380275e-4
尚欽憲,PERSON,6,0.0025220680958385876,0.012281723227163997,84.41580877276986,1.1853959222380275e-4
澤公爺,PERSON,6,0.0025220680958385876,0.012281723227163997,84.41580877276986,1.1853959222380275e-4
丁大令,PERSON,3,0.0012610340479192938,0.00517159989984347,11.80548362738426,1.1531365313653136e-4
陶榘林,PERSON,3,0.0012610340479192938,0.00517159989984347,11.80548362738426,1.1531365313653136e-4
趙竹芳,PERSON,3,0.0012610340479192938,0.005171599899843471,11.80548362738426,1.1531365313653136e-4
陸如仙,PERSON,3,0.0012610340479192938,0.005171599899843469,11.80548362738426,1.1531365313653136e-4
周錦堂,PERSON,3,0.0012610340479192938,0.005171599899843469,11.80548362738426,1.1531365313653136e-4
嚴拿務,PERSON,3,0.0012610340479192938,0.0051715998998434695,11.80548362738426,1.1531365313653136e-4
滬南商團,ORG,9,0.0037831021437578815,0.03437276881163404,4442.066189271003,1.5360983102918587e-4
謝悃肅,PERSON,3,0.0012610340479192938,0.005171599899843467,11.80548362738426,1.1531365313653136e-4
華商體商會,ORG,9,0.0037831021437578815,0.03437276881163404,4442.066189271003,1.5360983102918587e-4
龍華巡局,ORG,15,0.006305170239596469,0.03612933388679506,4505.769386309034,1.538935056940597e-4
湯如山,PERSON,6,0.0025220680958385876,0.008425485421815109,66.02477960560061,1.155802126675913e-4
陳念曾,PERSON,6,0.0025220680958385876,0.008425485421815112,66.02477960560061,1.155802126675913e-4
嚴幼山,PERSON,6,0.0025220680958385876,0.008425485421815098,66.02477960560061,1.155802126675913e-4
劉鶴梅,PERSON,6,0.0025220680958385876,0.008425485421815105,66.02477960560061,1.155802126675913e-4
萬隆酒坊,ORG,15,0.006305170239596469,0.03612933388679506,4505.769386309034,1.538935056940597e-4
劉堅求,PERSON,6,0.0025220680958385876,0.008425485421815102,66.02477960560061,1.155802126675913e-4
周豫仁,PERSON,6,0.0025220680958385876,0.008425485421815104,66.02477960560061,1.155802126675913e-4
杜文銓,PERSON,6,0.0025220680958385876,0.008425485421815104,66.02477960560061,1.155802126675913e-4
旱烟業公所,ORG,15,0.006305170239596469,0.03612933388679507,4505.769386309034,1.538935056940597e-4
劉聖和,PERSON,6,0.0025220680958385876,0.008425485421815098,66.02477960560061,1.155802126675913e-4
戎開標,PERSON,6,0.0025220680958385876,0.008425485421815102,66.02477960560061,1.155802126675913e-4
殷鴻泉,PERSON,6,0.0025220680958385876,0.008425485421815109,66.02477960560061,1.155802126675913e-4
泰隆烟膏店,ORG,15,0.006305170239596469,0.036129333886795095,4505.769386309034,1.538935056940597e-4
崇明,PERSON,6,0.0025220680958385876,0.008425485421815102,66.02477960560061,1.155802126675913e-4
朱久,PERSON,6,0.0025220680958385876,0.008425485421815102,66.02477960560061,1.155802126675913e-4
季福海,PERSON,6,0.0025220680958385876,0.008425485421815104,66.02477960560061,1.155802126675913e-4
拐若殷,PERSON,6,0.0025220680958385876,0.008425485421815097,66.02477960560061,1.155802126675913e-4
朱廉,PERSON,1,4.203446826397646e-4,0.001586538488092447,0,1.1368804001819008e-4
宋敦甫,PERSON,1,4.203446826397646e-4,0.0015865384880924456,0,1.1368804001819008e-4
文卓峰,PERSON,1,4.203446826397646e-4,0.0015865384880924462,0,1.1368804001819008e-4
劉照,PERSON,1,4.203446826397646e-4,0.0015865384880924464,0,1.1368804001819008e-4
王叅軍震,PERSON,1,4.203446826397646e-4,0.0015865384880924464,0,1.1368804001819008e-4
汪大讼,PERSON,1,4.203446826397646e-4,0.0015865384880924462,0,1.1368804001819008e-4
安瑞,PERSON,1,4.203446826397646e-4,0.0015865384880924464,0,1.1368804001819008e-4
楊京卿,PERSON,1,4.203446826397646e-4,0.0015865384880924466,0,1.1368804001819008e-4
王仁東,PERSON,1,4.203446826397646e-4,0.0015865384880924466,0,1.1368804001819008e-4
林賀峒,PERSON,1,4.203446826397646e-4,0.0015865384880924466,0,1.1368804001819008e-4
梁榮輔,PERSON,1,4.203446826397646e-4,0.0015865384880924462,0,1.1368804001819008e-4
爾資,PERSON,1,4.203446826397646e-4,0.0015865384880924475,0,1.1368804001819008e-4
憲咨,PERSON,1,4.203446826397646e-4,0.001586538488092447,0,1.1368804001819008e-4
奈格,PERSON,1,4.203446826397646e-4,0.0015865384880924456,0,1.1368804001819008e-4
口府,ORG,9,0.0037831021437578815,0.003479614253536936,84.21675575843416,9.671179883945841e-5
程德淸,PERSON,8,0.003362757461118117,0.008725807378288186,731.903147618643,1.1786892975011787e-4
魏允恭,PERSON,8,0.003362757461118117,0.008725807378288182,731.903147618643,1.1786892975011787e-4
梁偉年,PERSON,8,0.003362757461118117,0.008725807378288179,731.903147618643,1.1786892975011787e-4
秦錫鎭,PERSON,8,0.003362757461118117,0.008725807378288196,731.903147618643,1.1786892975011787e-4
巡洋會,ORG,9,0.0037831021437578815,0.0034796142535369365,84.21675575843416,9.671179883945841e-5
府志元,PERSON,8,0.003362757461118117,0.00872580737828819,731.903147618643,1.1786892975011787e-4
林建樞,PERSON,8,0.003362757461118117,0.008725807378288184,731.903147618643,1.1786892975011787e-4
警察南,ORG,9,0.0037831021437578815,0.003479614253536934,84.21675575843416,9.671179883945841e-5
黃蓉繁,PERSON,8,0.003362757461118117,0.00872580737828818,731.903147618643,1.1786892975011787e-4
法政學堂,ORG,4,0.0016813787305590584,0.033343563770210936,760.3505104540789,1.5337423312883436e-4
陳太史國祥,PERSON,7,0.0029424127784783522,0.010585395175128987,56.27239009411253,1.151808339092375e-4
陳太史,PERSON,7,0.0029424127784783522,0.010585395175128989,56.27239009411253,1.151808339092375e-4
諮議局,ORG,4,0.0016813787305590584,0.03334356377021094,760.3505104540789,1.5337423312883436e-4
許樹榮,PERSON,7,0.0029424127784783522,0.010585395175128997,56.27239009411253,1.151808339092375e-4
紹臺道,ORG,4,0.0016813787305590584,0.03334356377021093,760.3505104540789,1.5337423312883436e-4
松太道,ORG,4,0.0016813787305590584,0.03334356377021095,760.3505104540789,1.5337423312883436e-4
京平,ORG,10,0.004203446826397646,0.03869827088910452,1763.0840572027844,1.5365703749231714e-4
上海三馬路户部銀行,ORG,10,0.004203446826397646,0.03869827088910449,1763.0840572027844,1.5365703749231714e-4
譚學,PERSON,9,0.0037831021437578815,0.016334078442414253,22.034057736426266,1.1446886446886447e-4
裴衡,PERSON,9,0.0037831021437578815,0.016334078442414243,22.034057736426266,1.1446886446886447e-4
譚幹臣,PERSON,9,0.0037831021437578815,0.01633407844241424,22.034057736426266,1.1446886446886447e-4
譚同興,PERSON,9,0.0037831021437578815,0.01633407844241426,22.034057736426266,1.1446886446886447e-4
陳輝廷,PERSON,9,0.0037831021437578815,0.01633407844241425,22.034057736426266,1.1446886446886447e-4
李雪巖,PERSON,9,0.0037831021437578815,0.01633407844241425,22.034057736426266,1.1446886446886447e-4
南順泰,ORG,10,0.004203446826397646,0.038698270889104505,1763.0840572027844,1.5365703749231714e-4
耀徐玻璃公司,ORG,10,0.004203446826397646,0.03869827088910451,1763.0840572027844,1.5365703749231714e-4
聶管臣,PERSON,9,0.0037831021437578815,0.01633407844241426,22.034057736426266,1.1446886446886447e-4
復泰紡紗公司,ORG,10,0.004203446826397646,0.03869827088910451,1763.0840572027844,1.5365703749231714e-4
愛而勤,ORG,10,0.004203446826397646,0.03869827088910451,1763.0840572027844,1.5365703749231714e-4
劣子桂發,PERSON,9,0.0037831021437578815,0.016334078442414263,22.034057736426266,1.1446886446886447e-4
清銳,PERSON,8,0.003362757461118117,0.015710982283503427,372.09268486807304,1.2056908608632747e-4
長江水師,ORG,9,0.0037831021437578815,0.038717385700282686,1256.8654091411022,1.5360983102918587e-4
軍門製造局,ORG,9,0.0037831021437578815,0.03871738570028271,1256.8654091411022,1.5360983102918587e-4
張觀察,PERSON,8,0.003362757461118117,0.01571098228350341,372.09268486807304,1.2056908608632747e-4
鄺觀察,PERSON,8,0.003362757461118117,0.015710982283503414,372.09268486807304,1.2056908608632747e-4
查司馬,PERSON,8,0.003362757461118117,0.015710982283503407,372.09268486807304,1.2056908608632747e-4
淞滬釐捐局,ORG,9,0.0037831021437578815,0.03871738570028268,1256.8654091411022,1.5360983102918587e-4
朱觀察,PERSON,8,0.003362757461118117,0.015710982283503414,372.09268486807304,1.2056908608632747e-4
滬嘉鐵路公司,ORG,9,0.0037831021437578815,0.0387173857002827,1256.8654091411022,1.5360983102918587e-4
合宜誠,ORG,3,0.0012610340479192938,0.0327223967542643,900.1554782887399,1.5332720024532353e-4
天津廣興永酒店,ORG,3,0.0012610340479192938,0.03272239675426432,900.1554782887399,1.5332720024532353e-4
慶永酒行,ORG,3,0.0012610340479192938,0.0327223967542643,900.1554782887399,1.5332720024532353e-4
行云,PERSON,4,0.0016813787305590584,0.004229996730610772,2,1.1243534967393749e-4
業道,ORG,3,0.0012610340479192938,0.03272239675426434,900.1554782887399,1.5332720024532353e-4
省議會,ORG,3,0.0012610340479192938,0.03527507280508621,593.0465842453095,1.5332720024532353e-4
鍾珏卽,PERSON,3,0.0012610340479192938,0.005319029617508149,379.9292032017649,1.1750881316098707e-4
龍華火藥局,ORG,8,0.003362757461118117,0.03551315014915506,1543.7851673055318,1.5356265356265356e-4
日本陸軍,ORG,8,0.003362757461118117,0.035513150149155084,1543.7851673055318,1.5356265356265356e-4
日本洋工程司,ORG,8,0.003362757461118117,0.03551315014915508,1543.7851673055318,1.5356265356265356e-4
安部正吉,PERSON,8,0.003362757461118117,0.01071738595755207,17.226480411315084,1.1358473421172194e-4
承惠,PERSON,8,0.003362757461118117,0.010717385957552067,17.226480411315084,1.1358473421172194e-4
海軍社,ORG,8,0.003362757461118117,0.03551315014915507,1543.7851673055318,1.5356265356265356e-4
操會,ORG,8,0.003362757461118117,0.035513150149155084,1543.7851673055318,1.5356265356265356e-4
張順祥,PERSON,8,0.003362757461118117,0.010717385957552067,17.226480411315084,1.1358473421172194e-4
官塾,ORG,8,0.003362757461118117,0.035513150149155064,1543.7851673055318,1.5356265356265356e-4
沈希椿,PERSON,8,0.003362757461118117,0.010717385957552072,17.226480411315084,1.1358473421172194e-4
飭遵,PERSON,8,0.003362757461118117,0.01071738595755207,17.226480411315084,1.1358473421172194e-4
美白副領事會,ORG,23,0.009667927700714587,0.036770654041599515,21061.71246161439,1.546551190844417e-4
寶子規,PERSON,2,8.406893652795292e-4,0.0023766557741238216,0.043478260869565216,1.1309658448314861e-4
施則敬,PERSON,2,8.406893652795292e-4,0.00237665577412382,0.043478260869565216,1.1309658448314861e-4
何亮標,PERSON,2,8.406893652795292e-4,0.002376655774123818,0.043478260869565216,1.1309658448314861e-4
胡駕林,PERSON,2,8.406893652795292e-4,0.0023766557741238185,0.043478260869565216,1.1309658448314861e-4
裕源銀號,ORG,23,0.009667927700714587,0.0367706540415995,21061.71246161439,1.546551190844417e-4
陳毓棻,PERSON,2,8.406893652795292e-4,0.002376655774123819,0.043478260869565216,1.1309658448314861e-4
謝上松,PERSON,2,8.406893652795292e-4,0.0023766557741238203,0.043478260869565216,1.1309658448314861e-4
李朝瑞,PERSON,2,8.406893652795292e-4,0.0023766557741238194,0.043478260869565216,1.1309658448314861e-4
劉宇泰,PERSON,2,8.406893652795292e-4,0.0023766557741238177,0.043478260869565216,1.1309658448314861e-4
何紹先,PERSON,2,8.406893652795292e-4,0.0023766557741238203,0.043478260869565216,1.1309658448314861e-4
朱大昌,PERSON,2,8.406893652795292e-4,0.00237665577412382,0.043478260869565216,1.1309658448314861e-4
楊思橋,PERSON,2,8.406893652795292e-4,0.0023766557741238203,0.043478260869565216,1.1309658448314861e-4
黃少華,PERSON,2,8.406893652795292e-4,0.002376655774123819,0.043478260869565216,1.1309658448314861e-4
謝阿德,PERSON,2,8.406893652795292e-4,0.0023766557741238172,0.043478260869565216,1.1309658448314861e-4
張老尙,PERSON,2,8.406893652795292e-4,0.0023766557741238185,0.043478260869565216,1.1309658448314861e-4
張月林,PERSON,2,8.406893652795292e-4,0.002376655774123818,0.043478260869565216,1.1309658448314861e-4
朱阿三,PERSON,2,8.406893652795292e-4,0.0023766557741238203,0.043478260869565216,1.1309658448314861e-4
姜喬喬,PERSON,2,8.406893652795292e-4,0.0025063288832077187,1.3927717497479164,1.1301989150090416e-4
南市市政廳,ORG,8,0.003362757461118117,0.03299100115775714,6750.013873992109,1.5356265356265356e-4
英康,PERSON,2,8.406893652795292e-4,0.0025063288832077204,1.3927717497479164,1.1301989150090416e-4
張聞之,PERSON,2,8.406893652795292e-4,0.0025063288832077196,1.3927717497479164,1.1301989150090416e-4
周綸,PERSON,2,8.406893652795292e-4,0.0025063288832077183,1.3927717497479164,1.1301989150090416e-4
吳寅賓,PERSON,2,8.406893652795292e-4,0.00250632888320772,1.3927717497479164,1.1301989150090416e-4
張之,PERSON,2,8.406893652795292e-4,0.0025063288832077196,1.3927717497479164,1.1301989150090416e-4
陳鳳來,PERSON,1,4.203446826397646e-4,0.0018338874632732136,0,1.1263798152737103e-4
張昌士,PERSON,1,4.203446826397646e-4,0.0018338874632732145,0,1.1263798152737103e-4
救國社,ORG,14,0.0058848255569567045,0.05674632582255703,15280.422707663984,1.5384615384615385e-4
龐靑城,PERSON,1,4.203446826397646e-4,0.0018338874632732162,0,1.1263798152737103e-4
温佐才,PERSON,1,4.203446826397646e-4,0.0018338874632732153,0,1.1263798152737103e-4
藍天蔚,PERSON,1,4.203446826397646e-4,0.0018338874632732158,0,1.1263798152737103e-4
夏月珊,PERSON,1,4.203446826397646e-4,0.0018338874632732169,0,1.1263798152737103e-4
溪北商會,ORG,8,0.003362757461118117,0.03640359212998788,1494.9098267747795,1.5356265356265356e-4
字全,ORG,8,0.003362757461118117,0.0364035921299879,1494.9098267747795,1.5356265356265356e-4
陳潤墻,PERSON,5,0.002101723413198823,0.013270422069671215,290.13204999378144,1.1921793037672866e-4
德雷司,PERSON,5,0.002101723413198823,0.01327042206967121,290.13204999378144,1.1921793037672866e-4
佩克,PERSON,5,0.002101723413198823,0.013270422069671205,290.13204999378144,1.1921793037672866e-4
德雷,PERSON,5,0.002101723413198823,0.013270422069671214,290.13204999378144,1.1921793037672866e-4
沃沛,PERSON,5,0.002101723413198823,0.013270422069671203,290.13204999378144,1.1921793037672866e-4
姚紳文,PERSON,2,8.406893652795292e-4,0.00388964473359377,7.328821420909588,1.1595547309833024e-4
潘鐘鏞,PERSON,2,8.406893652795292e-4,0.003889644733593769,7.328821420909588,1.1595547309833024e-4
龔慶餘,PERSON,2,8.406893652795292e-4,0.00388964473359377,7.328821420909588,1.1595547309833024e-4
黄松甫,PERSON,2,8.406893652795292e-4,0.003889644733593767,7.328821420909588,1.1595547309833024e-4
秉公,PERSON,2,8.406893652795292e-4,0.003889644733593772,7.328821420909588,1.1595547309833024e-4
唐子中,PERSON,2,8.406893652795292e-4,0.0038896447335937654,7.328821420909588,1.1595547309833024e-4
厲玉書,PERSON,2,8.406893652795292e-4,0.003889644733593768,7.328821420909588,1.1595547309833024e-4
鄭蕙辰,PERSON,2,8.406893652795292e-4,0.003889644733593769,7.328821420909588,1.1595547309833024e-4
迨玉帥,PERSON,2,8.406893652795292e-4,0.003889644733593764,7.328821420909588,1.1595547309833024e-4
玉帥,PERSON,2,8.406893652795292e-4,0.00388964473359377,7.328821420909588,1.1595547309833024e-4
曾鑄,PERSON,8,0.003362757461118117,0.018352461335941782,1502.1876684303077,1.1899095668729176e-4
周晉,PERSON,2,8.406893652795292e-4,0.003889644733593767,7.328821420909588,1.1595547309833024e-4
袁觀察,PERSON,2,8.406893652795292e-4,0.003889644733593768,7.328821420909588,1.1595547309833024e-4
賀松,PERSON,2,8.406893652795292e-4,0.00388964473359377,7.328821420909588,1.1595547309833024e-4
秦錦泉,PERSON,2,8.406893652795292e-4,0.00388964473359377,7.328821420909588,1.1595547309833024e-4
汪瑶,PERSON,2,8.406893652795292e-4,0.003889644733593769,7.328821420909588,1.1595547309833024e-4
關絧,PERSON,2,8.406893652795292e-4,0.003889644733593769,7.328821420909588,1.1595547309833024e-4
萬毛二,PERSON,2,8.406893652795292e-4,0.003889644733593772,7.328821420909588,1.1595547309833024e-4
政務,ORG,62,0.026061370323665407,0.07124908185211411,19121.35535627708,1.5644555694618273e-4
政務處,ORG,62,0.026061370323665407,0.07124908185211407,19121.35535627708,1.5644555694618273e-4
鈞鑒謹,PERSON,6,0.0025220680958385876,0.014462816602348012,3.428705487086159,1.1539349180706209e-4
上海華商體操會社,ORG,62,0.026061370323665407,0.07124908185211407,19121.35535627708,1.5644555694618273e-4
樓丕詔,PERSON,6,0.0025220680958385876,0.014462816602348012,3.428705487086159,1.1539349180706209e-4
葉貽銓,PERSON,6,0.0025220680958385876,0.014462816602347993,3.428705487086159,1.1539349180706209e-4
鄭伯蕃,PERSON,6,0.0025220680958385876,0.014462816602348012,3.428705487086159,1.1539349180706209e-4
朱禮琦,PERSON,6,0.0025220680958385876,0.014462816602348005,3.428705487086159,1.1539349180706209e-4
陳士達,PERSON,6,0.0025220680958385876,0.014462816602348015,3.428705487086159,1.1539349180706209e-4
李厚礽,PERSON,6,0.0025220680958385876,0.014462816602348022,3.428705487086159,1.1539349180706209e-4
朱鍾驥,PERSON,6,0.0025220680958385876,0.014462816602348019,3.428705487086159,1.1539349180706209e-4
方啟新,PERSON,6,0.0025220680958385876,0.014462816602348008,3.428705487086159,1.1539349180706209e-4
鮑傳桂,PERSON,6,0.0025220680958385876,0.014462816602348019,3.428705487086159,1.1539349180706209e-4
虞成愷,PERSON,6,0.0025220680958385876,0.014462816602348008,3.428705487086159,1.1539349180706209e-4
盧錫榮,PERSON,6,0.0025220680958385876,0.014462816602348012,3.428705487086159,1.1539349180706209e-4
方積鎔,PERSON,6,0.0025220680958385876,0.014462816602348001,3.428705487086159,1.1539349180706209e-4
周緯蓀,PERSON,6,0.0025220680958385876,0.014462816602348008,3.428705487086159,1.1539349180706209e-4
王德基,PERSON,6,0.0025220680958385876,0.014462816602348005,3.428705487086159,1.1539349180706209e-4
葉貽錡,PERSON,6,0.0025220680958385876,0.014462816602348008,3.428705487086159,1.1539349180706209e-4
陳維楷,PERSON,6,0.0025220680958385876,0.014462816602348008,3.428705487086159,1.1539349180706209e-4
徐懋,PERSON,6,0.0025220680958385876,0.014462816602348008,3.428705487086159,1.1539349180706209e-4
徐廷康,PERSON,6,0.0025220680958385876,0.014462816602348008,3.428705487086159,1.1539349180706209e-4
楊炳煥,PERSON,6,0.0025220680958385876,0.014462816602348005,3.428705487086159,1.1539349180706209e-4
蕭爾昌,PERSON,6,0.0025220680958385876,0.014462816602348019,3.428705487086159,1.1539349180706209e-4
何恭壽,PERSON,6,0.0025220680958385876,0.014462816602348019,3.428705487086159,1.1539349180706209e-4
魏國安,PERSON,6,0.0025220680958385876,0.014462816602348,3.428705487086159,1.1539349180706209e-4
顧壽嶽,PERSON,6,0.0025220680958385876,0.014462816602348024,3.428705487086159,1.1539349180706209e-4
葉韶熙,PERSON,6,0.0025220680958385876,0.014462816602348012,3.428705487086159,1.1539349180706209e-4
黄耀祺,PERSON,6,0.0025220680958385876,0.014462816602348015,3.428705487086159,1.1539349180706209e-4
周椿田,PERSON,6,0.0025220680958385876,0.014462816602348,3.428705487086159,1.1539349180706209e-4
孔廣鏞,PERSON,6,0.0025220680958385876,0.014462816602348005,3.428705487086159,1.1539349180706209e-4
陳乃魁,PERSON,6,0.0025220680958385876,0.014462816602348015,3.428705487086159,1.1539349180706209e-4
程源銓,PERSON,6,0.0025220680958385876,0.014462816602348008,3.428705487086159,1.1539349180706209e-4
黄其恕,PERSON,6,0.0025220680958385876,0.014462816602348012,3.428705487086159,1.1539349180706209e-4
盧受祺,PERSON,6,0.0025220680958385876,0.014462816602347993,3.428705487086159,1.1539349180706209e-4
潘寳書,PERSON,6,0.0025220680958385876,0.014462816602348012,3.428705487086159,1.1539349180706209e-4
黄祥麟,PERSON,6,0.0025220680958385876,0.014462816602348005,3.428705487086159,1.1539349180706209e-4
朱鈞,PERSON,6,0.0025220680958385876,0.014462816602348022,3.428705487086159,1.1539349180706209e-4
鄭志賢,PERSON,6,0.0025220680958385876,0.014462816602348008,3.428705487086159,1.1539349180706209e-4
石運乾,PERSON,6,0.0025220680958385876,0.014462816602348015,3.428705487086159,1.1539349180706209e-4
鄭誠瑞,PERSON,6,0.0025220680958385876,0.014462816602348015,3.428705487086159,1.1539349180706209e-4
何積藩,PERSON,6,0.0025220680958385876,0.014462816602348012,3.428705487086159,1.1539349180706209e-4
方承貴,PERSON,6,0.0025220680958385876,0.014462816602348001,3.428705487086159,1.1539349180706209e-4
紀南市商業體操會,ORG,62,0.026061370323665407,0.0712490818521141,19121.35535627708,1.5644555694618273e-4
南市商業體操,ORG,62,0.026061370323665407,0.07124908185211405,19121.35535627708,1.5644555694618273e-4
京師陸軍測繪學堂,ORG,5,0.002101723413198823,0.034857706718751616,576.3860535702421,1.5342129487572875e-4
謹春實業協會,ORG,5,0.002101723413198823,0.03485770671875163,576.3860535702421,1.5342129487572875e-4
上農工商部,ORG,5,0.002101723413198823,0.03485770671875162,576.3860535702421,1.5342129487572875e-4
北京農工商部,ORG,5,0.002101723413198823,0.03485770671875164,576.3860535702421,1.5342129487572875e-4
溥尙,PERSON,11,0.004623791509037411,0.017941596115810438,315.5869889387331,1.172882946281961e-4
衞生處,ORG,5,0.002101723413198823,0.03485770671875163,576.3860535702421,1.5342129487572875e-4
衞生局,ORG,5,0.002101723413198823,0.03485770671875162,576.3860535702421,1.5342129487572875e-4
啟秀學堂,ORG,5,0.002101723413198823,0.03485770671875161,576.3860535702421,1.5342129487572875e-4
穌州,ORG,17,0.007145859604875998,0.06221933975113786,5831.521655899814,1.5441630636195183e-4
和豐莊,ORG,17,0.007145859604875998,0.06221933975113786,5831.521655899814,1.5441630636195183e-4
吳葭窗,PERSON,4,0.0016813787305590584,0.008043041764469024,0.3529411764705882,1.1301989150090416e-4
太古晋信局,ORG,17,0.007145859604875998,0.062219339751137845,5831.521655899814,1.5441630636195183e-4
元昌,PERSON,4,0.0016813787305590584,0.008043041764469032,0.3529411764705882,1.1301989150090416e-4
王數翁,PERSON,4,0.0016813787305590584,0.008043041764469027,0.3529411764705882,1.1301989150090416e-4
王廣翁,PERSON,4,0.0016813787305590584,0.008043041764469027,0.3529411764705882,1.1301989150090416e-4
黃裕泰,PERSON,4,0.0016813787305590584,0.008043041764469036,0.3529411764705882,1.1301989150090416e-4
春和生,PERSON,4,0.0016813787305590584,0.00804304176446903,0.3529411764705882,1.1301989150090416e-4
廣信府,ORG,17,0.007145859604875998,0.06221933975113786,5831.521655899814,1.5441630636195183e-4
楊義成,PERSON,4,0.0016813787305590584,0.008043041764469025,0.3529411764705882,1.1301989150090416e-4
鎭江民生國計,ORG,1,4.203446826397646e-4,0.03231728991596194,0,1.5323322096230462e-4
日牘公司,ORG,5,0.002101723413198823,0.03268674880315099,3761.45422683001,1.5342129487572875e-4
大同醫院,ORG,20,0.008406893652795292,0.03721581156831653,18935.115397379686,1.5413070283600493e-4
徐因卿,PERSON,3,0.0012610340479192938,0.0034570567213859974,4.132367149758454,1.1284134506883322e-4
周金,PERSON,3,0.0012610340479192938,0.0034570567213859987,4.132367149758454,1.1284134506883322e-4
孟河,PERSON,2,8.406893652795292e-4,0.00225906130939275,1.8765010351966873,1.128158844765343e-4
馬培之,PERSON,2,8.406893652795292e-4,0.0022590613093927516,1.8765010351966873,1.128158844765343e-4
沈阿岳,PERSON,3,0.0012610340479192938,0.002912462917648199,275.2564458823249,1.1405109489051095e-4
張拘人,PERSON,3,0.0012610340479192938,0.002912462917648199,275.2564458823249,1.1405109489051095e-4
華洋義賑會,ORG,4,0.0016813787305590584,0.0013728755226100776,139.79697682373398,9.52925481227368e-5
和囒銀行,ORG,4,0.0016813787305590584,0.001372875522610076,139.79697682373398,9.52925481227368e-5
子英,PERSON,3,0.0012610340479192938,0.0029124629176481972,275.2564458823249,1.1405109489051095e-4
閘北市民公會,ORG,40,0.016813787305590584,0.038766873806987914,41236.232445731344,1.5508684863523573e-4
黃贊熙,PERSON,2,8.406893652795292e-4,0.002505680599911878,0.025,1.1332728921124207e-4
楊耀南,PERSON,2,8.406893652795292e-4,0.002505680599911878,0.025,1.1332728921124207e-4
楊兪二,PERSON,2,8.406893652795292e-4,0.0025056805999118764,0.025,1.1332728921124207e-4
龐萊臣,PERSON,2,8.406893652795292e-4,0.0025056805999118773,0.025,1.1332728921124207e-4
夏粹芳,PERSON,2,8.406893652795292e-4,0.0025056805999118773,0.025,1.1332728921124207e-4
朱幼鴻,PERSON,2,8.406893652795292e-4,0.0025056805999118773,0.025,1.1332728921124207e-4
朱曉南,PERSON,4,0.0016813787305590584,0.007164156193003457,304.88288135019104,1.1444266422522316e-4
姚滌源,PERSON,2,8.406893652795292e-4,0.0025056805999118773,0.025,1.1332728921124207e-4
洪少圃,PERSON,2,8.406893652795292e-4,0.002505680599911878,0.025,1.1332728921124207e-4
羅新泉,PERSON,2,8.406893652795292e-4,0.0025056805999118755,0.025,1.1332728921124207e-4
王福卿,PERSON,2,8.406893652795292e-4,0.0025056805999118777,0.025,1.1332728921124207e-4
孫嘉祿,PERSON,2,8.406893652795292e-4,0.002505680599911878,0.025,1.1332728921124207e-4
陸肇綱,PERSON,2,8.406893652795292e-4,0.002505680599911876,0.025,1.1332728921124207e-4
趙紀生,PERSON,2,8.406893652795292e-4,0.0025056805999118794,0.025,1.1332728921124207e-4
潘菊軒,PERSON,2,8.406893652795292e-4,0.0025056805999118777,0.025,1.1332728921124207e-4
鮑咸昌,PERSON,2,8.406893652795292e-4,0.0025056805999118773,0.025,1.1332728921124207e-4
張廷桂,PERSON,2,8.406893652795292e-4,0.0025056805999118794,0.025,1.1332728921124207e-4
王文孝,PERSON,2,8.406893652795292e-4,0.0025056805999118755,0.025,1.1332728921124207e-4
尤昌貴,PERSON,2,8.406893652795292e-4,0.0025056805999118777,0.025,1.1332728921124207e-4
吳孟覃,PERSON,2,8.406893652795292e-4,0.0025056805999118773,0.025,1.1332728921124207e-4
嚴穗秋,PERSON,2,8.406893652795292e-4,0.002505680599911878,0.025,1.1332728921124207e-4
沈祥鈞,PERSON,2,8.406893652795292e-4,0.002505680599911877,0.025,1.1332728921124207e-4
倪欽璋,PERSON,2,8.406893652795292e-4,0.0025056805999118786,0.025,1.1332728921124207e-4
顧維章,PERSON,2,8.406893652795292e-4,0.002505680599911878,0.025,1.1332728921124207e-4
沈肇綱,PERSON,2,8.406893652795292e-4,0.0025056805999118777,0.025,1.1332728921124207e-4
錢達三,PERSON,4,0.0016813787305590584,0.007164156193003454,304.88288135019104,1.1444266422522316e-4
朱榜生,PERSON,2,8.406893652795292e-4,0.0025056805999118786,0.025,1.1332728921124207e-4
倫卿,PERSON,2,8.406893652795292e-4,0.0025056805999118786,0.025,1.1332728921124207e-4
嚴逸士,PERSON,2,8.406893652795292e-4,0.002505680599911878,0.025,1.1332728921124207e-4
姚連生,PERSON,2,8.406893652795292e-4,0.002505680599911876,0.025,1.1332728921124207e-4
董鯉庭,PERSON,2,8.406893652795292e-4,0.0025056805999118764,0.025,1.1332728921124207e-4
陸春如,PERSON,2,8.406893652795292e-4,0.002505680599911878,0.025,1.1332728921124207e-4
吳子敬,PERSON,2,8.406893652795292e-4,0.0025056805999118777,0.025,1.1332728921124207e-4
劉仲言,PERSON,2,8.406893652795292e-4,0.0025056805999118777,0.025,1.1332728921124207e-4
潘曼聲,PERSON,2,8.406893652795292e-4,0.002505680599911879,0.025,1.1332728921124207e-4
閘北初級審檢,ORG,40,0.016813787305590584,0.03876687380698792,41236.232445731344,1.5508684863523573e-4
財政研究會,ORG,36,0.015132408575031526,0.07207404465543835,25693.78118285911,1.5527950310559007e-4
共濟生會,ORG,36,0.015132408575031526,0.0720740446554383,25693.78118285911,1.5527950310559007e-4
林依中,PERSON,2,8.406893652795292e-4,0.004658475593091578,0.027777777777777776,1.1343012704174228e-4
張春苞,PERSON,2,8.406893652795292e-4,0.0046584755930915754,0.027777777777777776,1.1343012704174228e-4
張去私,PERSON,2,8.406893652795292e-4,0.004658475593091575,0.027777777777777776,1.1343012704174228e-4
傅筱庵,PERSON,2,8.406893652795292e-4,0.004658475593091578,0.027777777777777776,1.1343012704174228e-4
鄭贊臣,PERSON,2,8.406893652795292e-4,0.004658475593091577,0.027777777777777776,1.1343012704174228e-4
徐久成,PERSON,2,8.406893652795292e-4,0.004658475593091579,0.027777777777777776,1.1343012704174228e-4
席錫藩,PERSON,2,8.406893652795292e-4,0.004658475593091576,0.027777777777777776,1.1343012704174228e-4
邵琴,PERSON,2,8.406893652795292e-4,0.004658475593091578,0.027777777777777776,1.1343012704174228e-4
周辛伯,PERSON,2,8.406893652795292e-4,0.004658475593091579,0.027777777777777776,1.1343012704174228e-4
張善甫,PERSON,2,8.406893652795292e-4,0.004658475593091578,0.027777777777777776,1.1343012704174228e-4
吳禮門,PERSON,2,8.406893652795292e-4,0.004658475593091577,0.027777777777777776,1.1343012704174228e-4
張青士,PERSON,2,8.406893652795292e-4,0.00465847559309158,0.027777777777777776,1.1343012704174228e-4
蔣懷清,PERSON,2,8.406893652795292e-4,0.004658475593091576,0.027777777777777776,1.1343012704174228e-4
胡訪鶴,PERSON,2,8.406893652795292e-4,0.004658475593091576,0.027777777777777776,1.1343012704174228e-4
張伯賢,PERSON,2,8.406893652795292e-4,0.004658475593091578,0.027777777777777776,1.1343012704174228e-4
王步瀛,PERSON,2,8.406893652795292e-4,0.004658475593091577,0.027777777777777776,1.1343012704174228e-4
陳劍虹,PERSON,2,8.406893652795292e-4,0.004658475593091581,0.027777777777777776,1.1343012704174228e-4
靖航保商會,ORG,9,0.0037831021437578815,0.03297478739423438,8777.1960644618,1.5360983102918587e-4
金順源,PERSON,2,8.406893652795292e-4,0.002131311528273361,0.1111111111111111,1.1253657438667567e-4
金聚源,PERSON,2,8.406893652795292e-4,0.002131311528273361,0.1111111111111111,1.1253657438667567e-4
金德源,PERSON,2,8.406893652795292e-4,0.0021313115282733616,0.1111111111111111,1.1253657438667567e-4
金和源,PERSON,2,8.406893652795292e-4,0.002131311528273361,0.1111111111111111,1.1253657438667567e-4
謝志謙,PERSON,2,8.406893652795292e-4,0.002131311528273361,0.1111111111111111,1.1253657438667567e-4
蔣長生,PERSON,2,8.406893652795292e-4,0.002131311528273361,0.1111111111111111,1.1253657438667567e-4
上海稅務總公所,ORG,9,0.0037831021437578815,0.03297478739423438,8777.1960644618,1.5360983102918587e-4
朱介人,PERSON,2,8.406893652795292e-4,0.002131311528273361,0.1111111111111111,1.1253657438667567e-4
江北議會,ORG,15,0.006305170239596469,0.035425145245267825,5521.83333333336,1.538935056940597e-4
毋任,PERSON,6,0.0025220680958385876,0.0068690681352382875,0.9999999999999999,1.1279043537108053e-4
江北聯合分會,ORG,15,0.006305170239596469,0.035425145245267804,5521.83333333336,1.538935056940597e-4
胡敦復,PERSON,6,0.0025220680958385876,0.006869068135238287,0.9999999999999999,1.1279043537108053e-4
南京陸軍部,ORG,15,0.006305170239596469,0.03542514524526782,5521.83333333336,1.538935056940597e-4
黄鈞鋻,PERSON,6,0.0025220680958385876,0.006869068135238285,0.9999999999999999,1.1279043537108053e-4
常州中學,ORG,15,0.006305170239596469,0.03542514524526781,5521.83333333336,1.538935056940597e-4
陳大復,PERSON,6,0.0025220680958385876,0.006869068135238284,0.9999999999999999,1.1279043537108053e-4
趙樂羣,PERSON,6,0.0025220680958385876,0.0068690681352382875,0.9999999999999999,1.1279043537108053e-4
諒鈞處,ORG,15,0.006305170239596469,0.035425145245267804,5521.83333333336,1.538935056940597e-4
吳在淵,PERSON,6,0.0025220680958385876,0.006869068135238283,0.9999999999999999,1.1279043537108053e-4
朱湘帆,PERSON,6,0.0025220680958385876,0.0068690681352382805,0.9999999999999999,1.1279043537108053e-4
吳步雲,PERSON,6,0.0025220680958385876,0.006869068135238283,0.9999999999999999,1.1279043537108053e-4
郁少華,PERSON,6,0.0025220680958385876,0.006869068135238286,0.9999999999999999,1.1279043537108053e-4
張季源,PERSON,6,0.0025220680958385876,0.006869068135238284,0.9999999999999999,1.1279043537108053e-4
平海瀾,PERSON,6,0.0025220680958385876,0.006869068135238282,0.9999999999999999,1.1279043537108053e-4
顧養吾,PERSON,6,0.0025220680958385876,0.006869068135238283,0.9999999999999999,1.1279043537108053e-4
錢伯圭,PERSON,6,0.0025220680958385876,0.006869068135238282,0.9999999999999999,1.1279043537108053e-4
上海華僑聯合會,ORG,15,0.006305170239596469,0.035425145245267804,5521.83333333336,1.538935056940597e-4
楊雨侯,PERSON,6,0.0025220680958385876,0.006869068135238285,0.9999999999999999,1.1279043537108053e-4
英美捕房,ORG,3,0.0012610340479192938,0.03328319456367103,394.3737793731788,1.5332720024532353e-4
秦福升,PERSON,7,0.0029424127784783522,0.012884012982991678,229.64076786591664,1.172882946281961e-4
同仁輔元堂,ORG,3,0.0012610340479192938,0.03328319456367106,394.3737793731788,1.5332720024532353e-4
江蘇財政司,ORG,7,0.0029424127784783522,0.03985644368433915,4601.420565377891,1.538935056940597e-4
王丹揆,PERSON,2,8.406893652795292e-4,0.0026028213540067635,0.4761904761904763,1.1279043537108053e-4
史良才,PERSON,2,8.406893652795292e-4,0.002602821354006765,0.4761904761904763,1.1279043537108053e-4
高爾熙,PERSON,2,8.406893652795292e-4,0.002602821354006766,0.4761904761904763,1.1279043537108053e-4
北警局,ORG,20,0.008406893652795292,0.0396247714816102,5187.114292639761,1.5413070283600493e-4
蔣尊簋,PERSON,7,0.0029424127784783522,0.01035858799964889,33.99014618720314,1.1512779184895233e-4
世凱,PERSON,7,0.0029424127784783522,0.01035858799964889,33.99014618720314,1.1512779184895233e-4
江蘇臨時省議會,ORG,20,0.008406893652795292,0.03962477148161021,5187.114292639761,1.5413070283600493e-4
神州天鐸,ORG,20,0.008406893652795292,0.03962477148161021,5187.114292639761,1.5413070283600493e-4
蘇謙,PERSON,7,0.0029424127784783522,0.010358587999648889,33.99014618720314,1.1512779184895233e-4
朱綬光章,PERSON,7,0.0029424127784783522,0.010358587999648883,33.99014618720314,1.1512779184895233e-4
盧世儀,PERSON,7,0.0029424127784783522,0.010358587999648889,33.99014618720314,1.1512779184895233e-4
朱廷燎,PERSON,7,0.0029424127784783522,0.010358587999648889,33.99014618720314,1.1512779184895233e-4
鍾鴻鈞,PERSON,7,0.0029424127784783522,0.010358587999648883,33.99014618720314,1.1512779184895233e-4
劉榮盛,PERSON,7,0.0029424127784783522,0.010358587999648885,33.99014618720314,1.1512779184895233e-4
仇志鵬,PERSON,7,0.0029424127784783522,0.01035858799964889,33.99014618720314,1.1512779184895233e-4
陳有珍,PERSON,7,0.0029424127784783522,0.010358587999648885,33.99014618720314,1.1512779184895233e-4
張連勝,PERSON,7,0.0029424127784783522,0.0103585879996489,33.99014618720314,1.1512779184895233e-4
洪承點,PERSON,7,0.0029424127784783522,0.010358587999648883,33.99014618720314,1.1512779184895233e-4
朱先志,PERSON,7,0.0029424127784783522,0.01035858799964889,33.99014618720314,1.1512779184895233e-4
陳懋修,PERSON,7,0.0029424127784783522,0.010358587999648889,33.99014618720314,1.1512779184895233e-4
趙光,PERSON,7,0.0029424127784783522,0.010358587999648897,33.99014618720314,1.1512779184895233e-4
徐寳山,PERSON,13,0.00546448087431694,0.018133461442994023,492.6810190477614,1.1614401858304297e-4
中國工黨蘇州部,ORG,20,0.008406893652795292,0.039624771481610206,5187.114292639761,1.5413070283600493e-4
銀行,ORG,2,8.406893652795292e-4,0.032351077615241135,2378.000000000001,1.5328019619865113e-4
南中,PERSON,1,4.203446826397646e-4,0.0010454991543855344,0,1.1233430689732644e-4
祝蘭,PERSON,2,8.406893652795292e-4,0.0024007095839043424,0.1507936507936508,1.128158844765343e-4
葛民,PERSON,2,8.406893652795292e-4,0.0024007095839043433,0.1507936507936508,1.128158844765343e-4
榮瑞韾,PERSON,2,8.406893652795292e-4,0.002400709583904345,0.1507936507936508,1.128158844765343e-4
吳稚暉,PERSON,2,8.406893652795292e-4,0.0024007095839043446,0.1507936507936508,1.128158844765343e-4
汪頌閣,PERSON,2,8.406893652795292e-4,0.0024007095839043455,0.1507936507936508,1.128158844765343e-4
秦平甫,PERSON,2,8.406893652795292e-4,0.0024007095839043446,0.1507936507936508,1.128158844765343e-4
蔡松如,PERSON,2,8.406893652795292e-4,0.0024007095839043437,0.1507936507936508,1.128158844765343e-4
諸青來,PERSON,2,8.406893652795292e-4,0.0024007095839043437,0.1507936507936508,1.128158844765343e-4
楊景斌,PERSON,2,8.406893652795292e-4,0.0024007095839043433,0.1507936507936508,1.128158844765343e-4
凌植支,PERSON,2,8.406893652795292e-4,0.0024007095839043437,0.1507936507936508,1.128158844765343e-4
高彤墀,PERSON,2,8.406893652795292e-4,0.002400709583904344,0.1507936507936508,1.128158844765343e-4
莊叔秋,PERSON,2,8.406893652795292e-4,0.0024007095839043437,0.1507936507936508,1.128158844765343e-4
日勝公司,ORG,18,0.007566204287515763,0.03706979808976934,16445.3397791745,1.5403573629081948e-4
鑒頃,PERSON,4,0.0016813787305590584,0.007373727325929519,36.92962561453097,1.152604887044721e-4
鑒泗,PERSON,4,0.0016813787305590584,0.007373727325929522,36.92962561453097,1.152604887044721e-4
華僑聯合會,ORG,15,0.006305170239596469,0.0374857830821654,5583.763945669419,1.541782300339192e-4
奥谷斯特韋廉,PERSON,4,0.0016813787305590584,0.007373727325929524,36.92962561453097,1.152604887044721e-4
維多利亞魯易,PERSON,4,0.0016813787305590584,0.007373727325929525,36.92962561453097,1.152604887044721e-4
土政府,ORG,15,0.006305170239596469,0.03748578308216543,5583.763945669419,1.541782300339192e-4
趙秉鈞,PERSON,4,0.0016813787305590584,0.007373727325929522,36.92962561453097,1.152604887044721e-4
梁士詒,PERSON,4,0.0016813787305590584,0.007373727325929525,36.92962561453097,1.152604887044721e-4
周自齊,PERSON,4,0.0016813787305590584,0.007373727325929524,36.92962561453097,1.152604887044721e-4
祺瑞,PERSON,4,0.0016813787305590584,0.007373727325929522,36.92962561453097,1.152604887044721e-4
胡惟德,PERSON,4,0.0016813787305590584,0.007373727325929522,36.92962561453097,1.152604887044721e-4
烏珍,PERSON,4,0.0016813787305590584,0.007373727325929525,36.92962561453097,1.152604887044721e-4
曹汝霖,PERSON,4,0.0016813787305590584,0.007373727325929525,36.92962561453097,1.152604887044721e-4
曹窑,ORG,8,0.003362757461118117,0.0330419849619805,5536.999999999997,1.5356265356265356e-4
李官儉,PERSON,3,0.0012610340479192938,0.0032034822222455376,0.375,1.1253657438667567e-4
韓三,PERSON,3,0.0012610340479192938,0.003203482222245538,0.375,1.1253657438667567e-4
黃玉標,PERSON,3,0.0012610340479192938,0.0032034822222455376,0.375,1.1253657438667567e-4
車慶雲,PERSON,3,0.0012610340479192938,0.0032034822222455385,0.375,1.1253657438667567e-4
沈如舉,PERSON,3,0.0012610340479192938,0.0032034822222455407,0.375,1.1253657438667567e-4
霰電司,ORG,8,0.003362757461118117,0.03304198496198051,5536.999999999997,1.5356265356265356e-4
史悠鳳,PERSON,3,0.0012610340479192938,0.00320348222224554,0.375,1.1253657438667567e-4
江關稅務司,ORG,8,0.003362757461118117,0.033041984961980485,5536.999999999997,1.5356265356265356e-4
俞惠民,PERSON,3,0.0012610340479192938,0.003203482222245538,0.375,1.1253657438667567e-4
凌菊齡,PERSON,1,4.203446826397646e-4,0.0011458550016453866,0,1.1261261261261261e-4
成春,PERSON,1,4.203446826397646e-4,0.0011458550016453868,0,1.1261261261261261e-4
應德閎,PERSON,1,4.203446826397646e-4,0.0011458550016453875,0,1.1261261261261261e-4
惠羅公司,ORG,7,0.0029424127784783522,0.03545640753370948,7623.767240664928,1.5379883112888343e-4
財政部,ORG,22,0.009247583018074821,0.037288091246804246,8075.806904152822,1.5422578655151142e-4
参議院,ORG,22,0.009247583018074821,0.03728809124680425,8075.806904152822,1.5422578655151142e-4
審計院,ORG,22,0.009247583018074821,0.03728809124680426,8075.806904152822,1.5422578655151142e-4
國民公黨,ORG,22,0.009247583018074821,0.03728809124680425,8075.806904152822,1.5422578655151142e-4
路益利公司,ORG,22,0.009247583018074821,0.037288091246804246,8075.806904152822,1.5422578655151142e-4
歐陽振聲,PERSON,6,0.0025220680958385876,0.0073244020737423966,3.1368550229546077,1.1340440009072352e-4
覃振,PERSON,6,0.0025220680958385876,0.007324402073742398,3.1368550229546077,1.1340440009072352e-4
田桐,PERSON,6,0.0025220680958385876,0.007324402073742393,3.1368550229546077,1.1340440009072352e-4
劉道仁,PERSON,6,0.0025220680958385876,0.007324402073742395,3.1368550229546077,1.1340440009072352e-4
胡秉柯,PERSON,6,0.0025220680958385876,0.007324402073742391,3.1368550229546077,1.1340440009072352e-4
歐陽啟勳,PERSON,6,0.0025220680958385876,0.007324402073742393,3.1368550229546077,1.1340440009072352e-4
胡紹斌,PERSON,6,0.0025220680958385876,0.007324402073742388,3.1368550229546077,1.1340440009072352e-4
常恒芳,PERSON,6,0.0025220680958385876,0.007324402073742398,3.1368550229546077,1.1340440009072352e-4
凌毅,PERSON,6,0.0025220680958385876,0.007324402073742399,3.1368550229546077,1.1340440009072352e-4
文羣,PERSON,6,0.0025220680958385876,0.007324402073742398,3.1368550229546077,1.1340440009072352e-4
湯漪,PERSON,6,0.0025220680958385876,0.007324402073742401,3.1368550229546077,1.1340440009072352e-4
王有蘭,PERSON,6,0.0025220680958385876,0.007324402073742398,3.1368550229546077,1.1340440009072352e-4
王正渤,PERSON,6,0.0025220680958385876,0.007324402073742395,3.1368550229546077,1.1340440009072352e-4
殷江驥,PERSON,6,0.0025220680958385876,0.007324402073742393,3.1368550229546077,1.1340440009072352e-4
黄耦,PERSON,6,0.0025220680958385876,0.007324402073742395,3.1368550229546077,1.1340440009072352e-4
林森,PERSON,6,0.0025220680958385876,0.007324402073742395,3.1368550229546077,1.1340440009072352e-4
潘祖蔭,PERSON,6,0.0025220680958385876,0.007324402073742393,3.1368550229546077,1.1340440009072352e-4
錢樹芬,PERSON,6,0.0025220680958385876,0.0073244020737423966,3.1368550229546077,1.1340440009072352e-4
金章,PERSON,6,0.0025220680958385876,0.007324402073742393,3.1368550229546077,1.1340440009072352e-4
趙士北,PERSON,6,0.0025220680958385876,0.0073244020737423966,3.1368550229546077,1.1340440009072352e-4
鄧家彥,PERSON,6,0.0025220680958385876,0.007324402073742393,3.1368550229546077,1.1340440009072352e-4
云厦民政長,ORG,3,0.0012610340479192938,0.033154577085723586,483.2114959670735,1.5332720024532353e-4
同華,ORG,3,0.0012610340479192938,0.03315457708572358,483.2114959670735,1.5332720024532353e-4
民政署,ORG,3,0.0012610340479192938,0.03315457708572357,483.2114959670735,1.5332720024532353e-4
寧波會館,ORG,3,0.0012610340479192938,0.03315457708572358,483.2114959670735,1.5332720024532353e-4
原鴻,PERSON,6,0.0025220680958385876,0.007774873443345123,41.57164283948627,1.1353315168029064e-4
鎭君中學堂,ORG,21,0.008827238335435058,0.04598955672664272,3185.7248948126708,1.541782300339192e-4
梅問羹,PERSON,1,4.203446826397646e-4,0.0020506824977204094,0,1.1299435028248587e-4
王世龍,PERSON,6,0.0025220680958385876,0.0123231489935813,64.76977465149928,1.1512779184895233e-4
龔蕭,PERSON,6,0.0025220680958385876,0.0123231489935813,64.76977465149928,1.1512779184895233e-4
伊君卽,PERSON,5,0.002101723413198823,0.011408276569095736,14.453882227934518,1.1568718186024989e-4
勞君敬,PERSON,1,4.203446826397646e-4,0.001058856953589133,0,1.1243534967393749e-4
史君文,PERSON,5,0.002101723413198823,0.006395221655638102,59.19626739048837,1.1510128913443831e-4
周君亮,PERSON,8,0.003362757461118117,0.012103033953516262,277.7033407900994,1.1748120300751879e-4
周君葆,PERSON,5,0.002101723413198823,0.009673936004639935,250.22511905724002,1.17813383600377e-4
嚴君子,PERSON,7,0.0029424127784783522,0.01644320074849805,1.9999999999999996,1.1299435028248587e-4
張君讓,PERSON,7,0.0029424127784783522,0.01644320074849805,1.9999999999999996,1.1299435028248587e-4
朱君桂,PERSON,7,0.0029424127784783522,0.01035858799964889,33.99014618720314,1.1512779184895233e-4
朱君葆,PERSON,5,0.002101723413198823,0.011408276569095743,14.453882227934518,1.1568718186024989e-4
李君平,PERSON,1,4.203446826397646e-4,0.0020506824977204086,0,1.1299435028248587e-4
盧君鐘,PERSON,7,0.0029424127784783522,0.009312540581250651,53.32854321962638,1.1563367252543941e-4
程君旋,PERSON,9,0.0037831021437578815,0.015123897044695,192.19419733605338,1.17096018735363e-4
范君合,PERSON,4,0.0016813787305590584,0.008043041764469027,0.3529411764705882,1.1301989150090416e-4
莊君蘊,PERSON,7,0.0029424127784783522,0.0103585879996489,33.99014618720314,1.1512779184895233e-4
虞君眞,PERSON,5,0.002101723413198823,0.006395221655638104,59.19626739048837,1.1510128913443831e-4
郭君聘,PERSON,5,0.002101723413198823,0.009135438221636727,26.2854940035976,1.1598237067965669e-4
黄君勳,PERSON,10,0.004203446826397646,0.02185727847259998,100.33436493419241,1.1636025133814289e-4
黄君承,PERSON,1,4.203446826397646e-4,0.0010588569535891345,0,1.1243534967393749e-4
傳筱庵,PERSON,5,0.002101723413198823,0.011771818365891843,2.890624900775918,1.1397310234784591e-4
字林西報,ORG,8,0.003362757461118117,0.04440849936478263,2118.8542410271803,1.539408866995074e-4
孫梅堂,PERSON,18,0.007566204287515763,0.034457188272439314,797.0813034610325,1.152604887044721e-4
屠景三,PERSON,5,0.002101723413198823,0.011771818365891841,2.890624900775918,1.1397310234784591e-4
愛德華,PERSON,5,0.002101723413198823,0.011408276569095752,14.453882227934518,1.1568718186024989e-4
方椒,PERSON,1,4.203446826397646e-4,0.0023351033934310025,0,1.1373976342129209e-4
程雪樓,PERSON,11,0.004623791509037411,0.01772671839870177,338.72539570368656,1.1726078799249531e-4
華比,ORG,1,4.203446826397646e-4,0.032317289915961916,0,1.5323322096230462e-4
華洋,ORG,38,0.015973097940311057,0.08623011158002272,16721.85284883546,1.5542430836182778e-4
華生,ORG,8,0.003362757461118117,0.059402529394037895,889.524723332676,1.539408866995074e-4
虞和德,PERSON,33,0.013871374527112233,0.03374375759874865,33719.16215893899,1.2312238364934746e-4
虞洽卿,PERSON,657,0.27616645649432536,1,2261836.610191173,2.4108003857280618e-4
貝潤生,PERSON,22,0.009247583018074821,0.04346919118058148,2650.531911392218,1.2186205215695832e-4
餘慶堂,ORG,27,0.011349306431273645,0.07116301581944189,9232.83407259036,1.548467017652524e-4
