id,Type,mc6Degree,mc6Degree_norm,mc6Eig,mc6Betw,mc6Close
沈聯芳,PERSON,10,0.0073475385745775165,0.014510367497423826,15,2.046245140167792e-4
江浙皖,ORG,3,0.002204261572373255,0.03869494414714629,247.4333333333364,2.8208744710860365e-4
省絲繭公所,ORG,3,0.002204261572373255,0.03869494414714629,247.4333333333364,2.8208744710860365e-4
上海總商會,ORG,3,0.002204261572373255,0.03869494414714629,247.4333333333364,2.8208744710860365e-4
閘北慈善團,ORG,3,0.002204261572373255,0.03869494414714627,247.4333333333364,2.8208744710860365e-4
華安水火保險公司,ORG,3,0.002204261572373255,0.03869494414714628,247.4333333333364,2.8208744710860365e-4
恒豐絲號,ORG,3,0.002204261572373255,0.03869494414714628,247.4333333333364,2.8208744710860365e-4
江陰利用紗廠,ORG,3,0.002204261572373255,0.03869494414714629,247.4333333333364,2.8208744710860365e-4
上海豐業保險公司,ORG,3,0.002204261572373255,0.03869494414714628,247.4333333333364,2.8208744710860365e-4
中國絲業銀行,ORG,3,0.002204261572373255,0.03869494414714627,247.4333333333364,2.8208744710860365e-4
蘇州太和麵粉廠,ORG,3,0.002204261572373255,0.038694944147146276,247.4333333333364,2.8208744710860365e-4
洽老,PERSON,12,0.00881704628949302,0.01737163191892694,26.5,2.0479213598197828e-4
中國救濟婦孺總會,ORG,26,0.019103600293901544,0.0795252881655501,12467.347333289763,2.857959416976279e-4
徐乾麟,PERSON,6,0.00440852314474651,0.017058893981366053,174.98898369884543,2.0977554017201594e-4
袁履登,PERSON,147,0.1080088170462895,0.3765298901332754,57522.270318360184,2.701972439881113e-4
許曉初,PERSON,30,0.02204261572373255,0.07088350918866626,1956.4488171857902,2.1838829438742082e-4
謝葆生,PERSON,32,0.02351212343864805,0.08659920394496469,2256.26173035326,2.2109219544550078e-4
鄭煒顯,PERSON,1,7.347538574577516e-4,0.002982149689201097,0,2.0580366330520683e-4
盧文英,PERSON,8,0.005878030859662013,0.018903496216800642,136.12204534619642,2.113718030014796e-4
高懷良,PERSON,1,7.347538574577516e-4,0.002982149689201097,0,2.0580366330520683e-4
郁克飛,PERSON,1,7.347538574577516e-4,0.002982149689201097,0,2.0580366330520683e-4
徐瑞裕,PERSON,1,7.347538574577516e-4,0.0029821496892010984,0,2.0580366330520683e-4
張松濤,PERSON,1,7.347538574577516e-4,0.002982149689201097,0,2.0580366330520683e-4
顧福康,PERSON,1,7.347538574577516e-4,0.002982149689201098,0,2.0580366330520683e-4
孫克仁,PERSON,1,7.347538574577516e-4,0.002982149689201097,0,2.0580366330520683e-4
虞順慰,PERSON,2,0.0014695077149155032,0.006074006948801325,2.718624657639779,2.0863759649488838e-4
王曉籟,PERSON,27,0.019838354151359296,0.06530128925012393,1215.6576153039614,2.188662727073758e-4
公共租界工部局,ORG,20,0.014695077149155033,0.080461091786166,4169.594482270021,2.848191398461977e-4
楊管北,PERSON,1,7.347538574577516e-4,0.003017241752879805,0,2.0529665366454526e-4
郭順,PERSON,36,0.02645113886847906,0.0968171163175605,440.9118598674524,2.1417862497322766e-4
阿樂滿,PERSON,4,0.0029390154298310064,0.012351146975696961,8.811527155275247,2.1048200378867606e-4
米契爾,PERSON,1,7.347538574577516e-4,0.004625561667922059,0,2.1021652301870928e-4
赫萊,PERSON,1,7.347538574577516e-4,0.004625561667922057,0,2.1021652301870928e-4
鮑惠爾,PERSON,1,7.347538574577516e-4,0.00462556166792206,0,2.1021652301870928e-4
何德奎,PERSON,7,0.005143277002204262,0.015381172261259643,184.22448003414456,2.1226915729144556e-4
中國救濟婦孺總會籌募捐款委員會,ORG,3,0.002204261572373255,0.05169171846092719,1364.8231292413643,2.8208744710860365e-4
慮文英,PERSON,1,7.347538574577516e-4,0.0019384078410583196,0,2.0387359836901122e-4
中央,ORG,55,0.04041146216017634,0.09296610444245036,24467.525360429634,2.906131938390003e-4
三民公司,ORG,5,0.0036737692872887582,0.04011738679272491,4111.013360744794,2.824060999717594e-4
魏伯禎,PERSON,1,7.347538574577516e-4,0.0015043774793551837,0,2.0403999183840033e-4
鄔志豪,PERSON,1,7.347538574577516e-4,0.001504377479355184,0,2.0403999183840033e-4
江偉雲,PERSON,1,7.347538574577516e-4,0.0015043774793551837,0,2.0403999183840033e-4
三北公司,ORG,19,0.013960323291697281,0.0512369261936236,6463.4002164856975,2.846569883290635e-4
市商會,ORG,2,0.0014695077149155032,0.03762434574914912,626.0730239710348,2.81928390188892e-4
寄廣,PERSON,2,0.0014695077149155032,0.0033322433733845923,3.034601903308997,2.0529665366454526e-4
遺產整理委員會,ORG,1,7.347538574577516e-4,0.03749938865978158,0,2.817695125387433e-4
大通社,ORG,16,0.011756061719324026,0.04739981086160324,2344.90925441853,2.841716396703609e-4
日軍,ORG,9,0.006612784717119765,0.06095893054553489,818.8122851855397,2.830455703368242e-4
本埠銀行公會,ORG,6,0.00440852314474651,0.06162864069604228,645.015861618649,2.8256569652444194e-4
銀錢業公會,ORG,6,0.00440852314474651,0.061628640696042264,645.015861618649,2.8256569652444194e-4
市民聯合會,ORG,6,0.00440852314474651,0.0616286406960423,645.015861618649,2.8256569652444194e-4
工部局,ORG,77,0.05657604702424688,0.12335032205159666,27600.585173389354,2.9437739181630853e-4
卡納,PERSON,4,0.0029390154298310064,0.011558670718026843,13.818644318079276,2.1048200378867606e-4
奚玉書,PERSON,60,0.0440852314474651,0.14699286298064315,3523.679170167226,2.2148394241417498e-4
陳銳銳,PERSON,4,0.0029390154298310064,0.011558670718026843,13.818644318079276,2.1048200378867606e-4
工部局情報處,ORG,12,0.00881704628949302,0.07657040691032528,707.1174745891051,2.835270768358378e-4
華人會,ORG,14,0.010286554004408524,0.07797030579028368,1122.4679988016132,2.838489923360772e-4
陳霆銳,PERSON,34,0.024981631153563555,0.09212573096185246,399.29272421491333,2.1399529210357372e-4
許冠羣,PERSON,15,0.011021307861866276,0.04551701096826786,243.56036101527144,2.1362956633198035e-4
劉世芳,PERSON,10,0.0073475385745775165,0.03131711417693348,34.38382492097718,2.113718030014796e-4
李文杰,PERSON,21,0.015429831006612785,0.0646711990981237,1719.6355521532334,2.203128442388191e-4
金通尹,PERSON,10,0.0073475385745775165,0.031317114176933496,34.38382492097718,2.113718030014796e-4
趙傳鼎,PERSON,10,0.0073475385745775165,0.03131711417693348,34.38382492097718,2.113718030014796e-4
金宗城,PERSON,23,0.01689933872152829,0.05442214348809389,1277.2756184442862,2.1734405564007825e-4
工部局地產委員會,ORG,12,0.00881704628949302,0.07657040691032528,707.1174745891051,2.835270768358378e-4
上海平糶委員會,ORG,1,7.347538574577516e-4,0.037499388659781585,0,2.817695125387433e-4
上海中學,ORG,3,0.002204261572373255,0.04337751702561838,241.44281865236422,2.8208744710860365e-4
陳濟成,PERSON,6,0.00440852314474651,0.009759782220239765,4.999999999999999,2.0429009193054137e-4
偽府,ORG,3,0.002204261572373255,0.04337751702561837,241.44281865236422,2.8208744710860365e-4
偽僑務委員會,ORG,3,0.002204261572373255,0.04337751702561837,241.44281865236422,2.8208744710860365e-4
偽社會部,ORG,3,0.002204261572373255,0.04337751702561837,241.44281865236422,2.8208744710860365e-4
偽邊疆委員會,ORG,3,0.002204261572373255,0.04337751702561837,241.44281865236422,2.8208744710860365e-4
市臨參會,ORG,3,0.002204261572373255,0.04337751702561838,241.44281865236422,2.8208744710860365e-4
最高當局,ORG,3,0.002204261572373255,0.03864114334816947,278.16454179344163,2.8208744710860365e-4
萬國商團俱樂部,ORG,8,0.005878030859662013,0.0382524593998868,4746.00000000001,2.828854314002829e-4
曼恩,PERSON,2,0.0014695077149155032,0.0028688876844577492,0.125,2.0437359493153485e-4
恩都思,PERSON,2,0.0014695077149155032,0.0028688876844577484,0.125,2.0437359493153485e-4
徐通浩,PERSON,2,0.0014695077149155032,0.0028688876844577497,0.125,2.0437359493153485e-4
白脫萊,PERSON,2,0.0014695077149155032,0.00286888768445775,0.125,2.0437359493153485e-4
胡筠秋,PERSON,2,0.0014695077149155032,0.0028688876844577497,0.125,2.0437359493153485e-4
毛飛,PERSON,2,0.0014695077149155032,0.0028688876844577492,0.125,2.0437359493153485e-4
華隊,ORG,8,0.005878030859662013,0.03825245939988679,4746.00000000001,2.828854314002829e-4
陳時俠,PERSON,2,0.0014695077149155032,0.0028688876844577484,0.125,2.0437359493153485e-4
上海食米公倉管理委員會,ORG,20,0.014695077149155033,0.05205906149607312,5741.1932706461075,2.848191398461977e-4
徐寄廎,PERSON,22,0.016164584864070537,0.051723698312676675,395.17637938943466,2.099517111064455e-4
葉扶霄,PERSON,5,0.0036737692872887582,0.008983623687754974,3.5581825714898625,2.0563438206868187e-4
王禹卿,PERSON,10,0.0073475385745775165,0.024226858320202774,330.31895311440707,2.0933640360058616e-4
陸書臣,PERSON,5,0.0036737692872887582,0.00898362368775498,3.5581825714898625,2.0563438206868187e-4
則民民,PERSON,3,0.002204261572373255,0.005311854771655263,0.47026415386658404,2.054653790836244e-4
陳子彝,PERSON,5,0.0036737692872887582,0.008983623687754974,3.5581825714898625,2.0563438206868187e-4
朱子香,PERSON,5,0.0036737692872887582,0.008983623687754972,3.5581825714898625,2.0563438206868187e-4
工部局糧食委員會,ORG,15,0.011021307861866276,0.04479635417301892,4011.7703256715627,2.8401022436807724e-4
馬歇爾,PERSON,16,0.011756061719324026,0.03545156701210263,505.8316207183146,2.106593638087213e-4
阿康納,PERSON,3,0.002204261572373255,0.005311854771655262,0.47026415386658404,2.054653790836244e-4
曁法公董局糧食委員會,ORG,15,0.011021307861866276,0.044796354173018936,4011.7703256715627,2.8401022436807724e-4
杜培,PERSON,3,0.002204261572373255,0.005311854771655261,0.47026415386658404,2.054653790836244e-4
齊白,PERSON,3,0.002204261572373255,0.005311854771655259,0.47026415386658404,2.054653790836244e-4
德奎,PERSON,3,0.002204261572373255,0.005311854771655261,0.47026415386658404,2.054653790836244e-4
寄廁,PERSON,3,0.002204261572373255,0.005311854771655262,0.47026415386658404,2.054653790836244e-4
杜月笙,PERSON,20,0.014695077149155033,0.042263608868729416,1043.9824063896908,2.1915406530791147e-4
紅十字會,ORG,4,0.0029390154298310064,0.037980058097559104,1357.0000000000027,2.822466836014677e-4
中國紗廠,ORG,4,0.0029390154298310064,0.0379800580975591,1357.0000000000027,2.822466836014677e-4
李百强,PERSON,3,0.002204261572373255,0.004272686879764369,0.75,2.0412329046744235e-4
黃蘭玉,PERSON,3,0.002204261572373255,0.004272686879764371,0.75,2.0412329046744235e-4
許紹棣,PERSON,3,0.002204261572373255,0.004272686879764372,0.75,2.0412329046744235e-4
工部局兒童保障科,ORG,4,0.0029390154298310064,0.03798005809755908,1357.0000000000027,2.822466836014677e-4
鄭雪珠,PERSON,1,7.347538574577516e-4,0.0014101701240181585,0,2.0387359836901122e-4
蔣經國,PERSON,1,7.347538574577516e-4,0.0014101701240181593,0,2.0387359836901122e-4
督導員,ORG,3,0.002204261572373255,0.037605149694895534,2719.000000000006,2.8208744710860365e-4
鎭海旅滬同鄕,ORG,6,0.00440852314474651,0.0401391075472456,2247.721049739324,2.8256569652444194e-4
災款委員會,ORG,6,0.00440852314474651,0.0401391075472456,2247.721049739324,2.8256569652444194e-4
方椒伯,PERSON,18,0.01322556943423953,0.04839571263073041,1005.1393684983697,2.1668472372697725e-4
烏崖,PERSON,2,0.0014695077149155032,0.003010383988741874,0.16666666666666666,2.0420665713702266e-4
延芳,PERSON,8,0.005878030859662013,0.012966786654619549,45.03065959616932,2.0631318341242006e-4
盛安蓀,PERSON,2,0.0014695077149155032,0.003010383988741876,0.16666666666666666,2.0420665713702266e-4
劉聘三,PERSON,2,0.0014695077149155032,0.003010383988741874,0.16666666666666666,2.0420665713702266e-4
黃金榮,PERSON,22,0.016164584864070537,0.05404045523921604,2775.705078900965,2.1925016443762334e-4
南洋中學童軍樂隊,ORG,1,7.347538574577516e-4,0.0374993886597816,0,2.817695125387433e-4
三北同人樂隊,ORG,1,7.347538574577516e-4,0.0374993886597816,0,2.817695125387433e-4
碼頭裝卸部樂隊,ORG,1,7.347538574577516e-4,0.03749938865978158,0,2.817695125387433e-4
長興輪樂隊,ORG,1,7.347538574577516e-4,0.03749938865978159,0,2.817695125387433e-4
上海貧兒院樂隊,ORG,1,7.347538574577516e-4,0.037499388659781606,0,2.817695125387433e-4
趙晋卿,PERSON,3,0.002204261572373255,0.0071399423815921995,0.13043478260869565,2.057189878625797e-4
張壽鏞,PERSON,1,7.347538574577516e-4,0.0016687188560456174,0,2.0412329046744235e-4
李登輝,PERSON,7,0.005143277002204262,0.023187606394310556,0.8400000000000001,2.0622808826562179e-4
馮炳南,PERSON,3,0.002204261572373255,0.0075010512094311164,6.781982485787163,2.0682523267838676e-4
吳維德,PERSON,3,0.002204261572373255,0.007139942381592205,0.13043478260869565,2.057189878625797e-4
富文壽,PERSON,3,0.002204261572373255,0.007139942381592204,0.13043478260869565,2.057189878625797e-4
胡祖蔭,PERSON,3,0.002204261572373255,0.007139942381592204,0.13043478260869565,2.057189878625797e-4
陳靑士,PERSON,3,0.002204261572373255,0.007139942381592204,0.13043478260869565,2.057189878625797e-4
黃警頑,PERSON,3,0.002204261572373255,0.007139942381592202,0.13043478260869565,2.057189878625797e-4
趙傳家,PERSON,3,0.002204261572373255,0.007139942381592204,0.13043478260869565,2.057189878625797e-4
朱梅先,PERSON,3,0.002204261572373255,0.007139942381592202,0.13043478260869565,2.057189878625797e-4
朱雨陶,PERSON,5,0.0036737692872887582,0.014199896791334368,2.400950683303625,2.0614306328592042e-4
波同鄉會,ORG,1,7.347538574577516e-4,0.037499388659781585,0,2.817695125387433e-4
市農會,ORG,5,0.0036737692872887582,0.04262594372674756,358.67652335541993,2.824060999717594e-4
總工會,ORG,5,0.0036737692872887582,0.042625943726747585,358.67652335541993,2.824060999717594e-4
航運俱藥部,ORG,5,0.0036737692872887582,0.04262594372674758,358.67652335541993,2.824060999717594e-4
徐寄,PERSON,11,0.008082292432035268,0.024156299457212045,151.57477974369883,2.0828993959591752e-4
黄金榮,PERSON,22,0.016164584864070537,0.05732366884636311,1844.6471174498113,2.1944261575597982e-4
航運俱樂部,ORG,5,0.0036737692872887582,0.042625943726747585,358.67652335541993,2.824060999717594e-4
政府,ORG,7,0.005143277002204262,0.043767698415135434,688.6334715172708,2.827254735651682e-4
葛延韶,PERSON,3,0.002204261572373255,0.004236484535977976,1.5,2.0395676116663266e-4
重慶直接稅局,ORG,2,0.0014695077149155032,0.03765825423994739,452.66666666668976,2.81928390188892e-4
滬局,ORG,2,0.0014695077149155032,0.03765825423994739,452.66666666668976,2.81928390188892e-4
浙江省直接稅局,ORG,2,0.0014695077149155032,0.03765825423994738,452.66666666668976,2.81928390188892e-4
胡適之,PERSON,1,7.347538574577516e-4,0.0016687188560456168,0,2.0412329046744235e-4
袁禮敦,PERSON,4,0.0029390154298310064,0.008519822834622581,42.98151276393635,2.072538860103627e-4
靑年文會社,ORG,6,0.00440852314474651,0.0444998949498963,4375.304716289011,2.8256569652444194e-4
哈同,PERSON,1,7.347538574577516e-4,0.0014121615119926589,0,2.0395676116663266e-4
羅迦陵,PERSON,1,7.347538574577516e-4,0.0014121615119926584,0,2.0395676116663266e-4
穆藕初,PERSON,1,7.347538574577516e-4,0.0014121615119926589,0,2.0395676116663266e-4
立法院,ORG,4,0.0029390154298310064,0.03765825423994741,4077.000000000009,2.822466836014677e-4
上海公共租界納稅華人會,ORG,24,0.01763409257898604,0.08681707352660505,3778.8587379493206,2.8546959748786756e-4
柯幹臣,PERSON,4,0.0029390154298310064,0.01386723486794051,10.585610470215334,2.108370229812355e-4
劉仲英,PERSON,4,0.0029390154298310064,0.013867234867940522,10.585610470215334,2.108370229812355e-4
金月章,PERSON,4,0.0029390154298310064,0.013867234867940517,10.585610470215334,2.108370229812355e-4
蔡曉和,PERSON,4,0.0029390154298310064,0.013867234867940517,10.585610470215334,2.108370229812355e-4
宋士驤,PERSON,4,0.0029390154298310064,0.013867234867940522,10.585610470215334,2.108370229812355e-4
公共租界工部局地皮委員會,ORG,17,0.012490815576781777,0.0791704710600722,2214.832875700005,2.843332385555871e-4
江亞輪,ORG,2,0.0014695077149155032,0.037980058097559145,150.22222222221873,2.81928390188892e-4
江靜輪,ORG,2,0.0014695077149155032,0.03798005809755913,150.22222222221873,2.81928390188892e-4
平安公司,ORG,2,0.0014695077149155032,0.03798005809755913,150.22222222221873,2.81928390188892e-4
大華輪,ORG,2,0.0014695077149155032,0.037980058097559145,150.22222222221873,2.81928390188892e-4
泰昌祥,ORG,2,0.0014695077149155032,0.03798005809755913,150.22222222221873,2.81928390188892e-4
江蘇輪,ORG,2,0.0014695077149155032,0.03798005809755914,150.22222222221873,2.81928390188892e-4
三北輪埠公司,ORG,2,0.0014695077149155032,0.03798005809755915,150.22222222221873,2.81928390188892e-4
寗興輪,ORG,2,0.0014695077149155032,0.03798005809755913,150.22222222221873,2.81928390188892e-4
明興輪,ORG,2,0.0014695077149155032,0.03798005809755913,150.22222222221873,2.81928390188892e-4
虞洽老,PERSON,9,0.006612784717119765,0.01281806063929312,18,2.0445716622367614e-4
高檢處,ORG,5,0.0036737692872887582,0.039455060489791735,624.7767149339462,2.824060999717594e-4
江新田,PERSON,8,0.005878030859662013,0.01303802475123825,9.328956960184355,2.054653790836244e-4
財政部,ORG,14,0.010286554004408524,0.07099168474983114,1870.4762571878377,2.838489923360772e-4
吳縣,ORG,5,0.0036737692872887582,0.03945506048979176,624.7767149339462,2.824060999717594e-4
貨物稅局,ORG,5,0.0036737692872887582,0.03945506048979174,624.7767149339462,2.824060999717594e-4
吳縣縣政府,ORG,5,0.0036737692872887582,0.03945506048979174,624.7767149339462,2.824060999717594e-4
洪楨良,PERSON,8,0.005878030859662013,0.013038024751238253,9.328956960184355,2.054653790836244e-4
財部,ORG,5,0.0036737692872887582,0.03945506048979175,624.7767149339462,2.824060999717594e-4
四明銀行,ORG,6,0.00440852314474651,0.03996428046805873,788.2358862616394,2.8256569652444194e-4
何某,PERSON,8,0.005878030859662013,0.013038024751238253,9.328956960184355,2.054653790836244e-4
中國菸業銀行,ORG,5,0.0036737692872887582,0.039455060489791735,624.7767149339462,2.824060999717594e-4
洪作法,PERSON,8,0.005878030859662013,0.013038024751238253,9.328956960184355,2.054653790836244e-4
工部局董事,ORG,2,0.0014695077149155032,0.038611532582728744,72.48452076835464,2.81928390188892e-4
工部,ORG,3,0.002204261572373255,0.039163735919321506,229.56601520189085,2.8208744710860365e-4
大中社,ORG,2,0.0014695077149155032,0.03861153258272876,72.48452076835464,2.81928390188892e-4
工部局董事會,ORG,2,0.0014695077149155032,0.038611532582728744,72.48452076835464,2.81928390188892e-4
寇爾,PERSON,18,0.01322556943423953,0.029657654769714558,98.70866748276603,2.072538860103627e-4
會上海辦事處工部局兒童保障科,ORG,23,0.01689933872152829,0.06346718917091608,9009.029943197695,2.853067047075606e-4
上海兒童保育會,ORG,23,0.01689933872152829,0.06346718917091608,9009.029943197695,2.853067047075606e-4
丁秉南,PERSON,3,0.002204261572373255,0.007139942381592202,0.13043478260869565,2.057189878625797e-4
李卓,PERSON,3,0.002204261572373255,0.0071399423815921995,0.13043478260869565,2.057189878625797e-4
李瑞華,PERSON,3,0.002204261572373255,0.007139942381592205,0.13043478260869565,2.057189878625797e-4
上海第十屆慶祝兒童節籌備委員會,ORG,23,0.01689933872152829,0.06346718917091608,9009.029943197695,2.853067047075606e-4
羅運炎,PERSON,3,0.002204261572373255,0.007139942381592204,0.13043478260869565,2.057189878625797e-4
李澤,PERSON,3,0.002204261572373255,0.007139942381592205,0.13043478260869565,2.057189878625797e-4
邢德,PERSON,3,0.002204261572373255,0.0071399423815922064,0.13043478260869565,2.057189878625797e-4
朱艾仁,PERSON,3,0.002204261572373255,0.007139942381592205,0.13043478260869565,2.057189878625797e-4
朱時雋,PERSON,3,0.002204261572373255,0.007139942381592202,0.13043478260869565,2.057189878625797e-4
湯抱登,PERSON,3,0.002204261572373255,0.007139942381592205,0.13043478260869565,2.057189878625797e-4
張惠元,PERSON,3,0.002204261572373255,0.007139942381592204,0.13043478260869565,2.057189878625797e-4
陸幹臣,PERSON,3,0.002204261572373255,0.007139942381592202,0.13043478260869565,2.057189878625797e-4
陶漱石,PERSON,3,0.002204261572373255,0.0071399423815922064,0.13043478260869565,2.057189878625797e-4
中央宜傳委員會,ORG,4,0.0029390154298310064,0.05392679822094044,463.4363807021579,2.822466836014677e-4
三北輪埠,ORG,3,0.002204261572373255,0.03781847161009791,905.0000000000457,2.8208744710860365e-4
鴻安輪船,ORG,3,0.002204261572373255,0.03781847161009791,905.0000000000457,2.8208744710860365e-4
鴻安,ORG,3,0.002204261572373255,0.037818471610097895,905.0000000000457,2.8208744710860365e-4
順憼,PERSON,3,0.002204261572373255,0.004254508696277944,1,2.0403999183840033e-4
順慰,PERSON,3,0.002204261572373255,0.004254508696277942,1,2.0403999183840033e-4
遠東國際法庭,ORG,21,0.015429831006612785,0.057744616997784666,2148.897456680834,2.8498147620404675e-4
日本,ORG,21,0.015429831006612785,0.05774461699778468,2148.897456680834,2.8498147620404675e-4
外務省,ORG,21,0.015429831006612785,0.05774461699778468,2148.897456680834,2.8498147620404675e-4
王克敏,PERSON,12,0.00881704628949302,0.025984654029721947,3.1428571428571423,2.0631318341242006e-4
駐平,ORG,21,0.015429831006612785,0.057744616997784666,2148.897456680834,2.8498147620404675e-4
熹多,PERSON,12,0.00881704628949302,0.02598465402972195,3.1428571428571423,2.0631318341242006e-4
山本榮治,PERSON,12,0.00881704628949302,0.025984654029721957,3.1428571428571423,2.0631318341242006e-4
王卒,PERSON,12,0.00881704628949302,0.025984654029721953,3.1428571428571423,2.0631318341242006e-4
臨時政府,ORG,21,0.015429831006612785,0.05774461699778471,2148.897456680834,2.8498147620404675e-4
僞大道政府,ORG,21,0.015429831006612785,0.057744616997784694,2148.897456680834,2.8498147620404675e-4
蘇錫文,PERSON,12,0.00881704628949302,0.025984654029721947,3.1428571428571423,2.0631318341242006e-4
楠本,PERSON,12,0.00881704628949302,0.025984654029721953,3.1428571428571423,2.0631318341242006e-4
本部,ORG,21,0.015429831006612785,0.057744616997784694,2148.897456680834,2.8498147620404675e-4
上海市戰區善後整理會,ORG,21,0.015429831006612785,0.05774461699778471,2148.897456680834,2.8498147620404675e-4
張嘯林,PERSON,13,0.009551800146950772,0.02756136454131841,99.12033640777726,2.0699648105982198e-4
青帮,ORG,21,0.015429831006612785,0.057744616997784666,2148.897456680834,2.8498147620404675e-4
長知,PERSON,12,0.00881704628949302,0.02598465402972195,3.1428571428571423,2.0631318341242006e-4
山田純三郎,PERSON,12,0.00881704628949302,0.02598465402972194,3.1428571428571423,2.0631318341242006e-4
唐紹儀,PERSON,12,0.00881704628949302,0.025984654029721947,3.1428571428571423,2.0631318341242006e-4
居正,PERSON,12,0.00881704628949302,0.025984654029721964,3.1428571428571423,2.0631318341242006e-4
西山派,ORG,21,0.015429831006612785,0.057744616997784645,2148.897456680834,2.8498147620404675e-4
周作民,PERSON,12,0.00881704628949302,0.025984654029721953,3.1428571428571423,2.0631318341242006e-4
蔣主席,PERSON,16,0.011756061719324026,0.035876006715181256,423.59554340455276,2.098635886673662e-4
熊斌,PERSON,12,0.00881704628949302,0.025984654029721957,3.1428571428571423,2.0631318341242006e-4
江蘇治安維持會,ORG,21,0.015429831006612785,0.057744616997784666,2148.897456680834,2.8498147620404675e-4
何應欽,PERSON,12,0.00881704628949302,0.02598465402972194,3.1428571428571423,2.0631318341242006e-4
汪精衛,PERSON,12,0.00881704628949302,0.025984654029721947,3.1428571428571423,2.0631318341242006e-4
梁鴻志,PERSON,16,0.011756061719324026,0.03470506728654779,289.8164865448049,2.0802995631370917e-4
任援,PERSON,12,0.00881704628949302,0.02598465402972195,3.1428571428571423,2.0631318341242006e-4
陳羣,PERSON,12,0.00881704628949302,0.02598465402972195,3.1428571428571423,2.0631318341242006e-4
溫宗堯,PERSON,12,0.00881704628949302,0.025984654029721957,3.1428571428571423,2.0631318341242006e-4
維新政府,ORG,21,0.015429831006612785,0.057744616997784645,2148.897456680834,2.8498147620404675e-4
民政局,ORG,2,0.0014695077149155032,0.03815081423676412,112.3333333333386,2.81928390188892e-4
上海直接稅局,ORG,2,0.0014695077149155032,0.03815081423676413,112.3333333333386,2.81928390188892e-4
鎮海,ORG,1,7.347538574577516e-4,0.03749938865978159,0,2.817695125387433e-4
滬南慈善會,ORG,1,7.347538574577516e-4,0.0374993886597816,0,2.817695125387433e-4
上海平,ORG,1,7.347538574577516e-4,0.037499388659781585,0,2.817695125387433e-4
協會,ORG,1,7.347538574577516e-4,0.03749938865978158,0,2.817695125387433e-4
開平煤礦公司,ORG,1,7.347538574577516e-4,0.03749938865978158,0,2.817695125387433e-4
王如心,PERSON,6,0.00440852314474651,0.0116345115176945,109.65316172273015,2.0863759649488838e-4
朱嘯秋,PERSON,2,0.0014695077149155032,0.004749935346650554,0.5002727329673611,2.0785699438786114e-4
趙培鑫,PERSON,2,0.0014695077149155032,0.004749935346650556,0.5002727329673611,2.0785699438786114e-4
程仲藩,PERSON,2,0.0014695077149155032,0.004749935346650552,0.5002727329673611,2.0785699438786114e-4
程蕚,PERSON,2,0.0014695077149155032,0.004749935346650555,0.5002727329673611,2.0785699438786114e-4
貴陽,ORG,6,0.00440852314474651,0.038584543565422576,1693.7500000000036,2.8256569652444194e-4
經濟部,ORG,6,0.00440852314474651,0.03858454356542258,1693.7500000000036,2.8256569652444194e-4
內政部地價中報處,ORG,6,0.00440852314474651,0.03858454356542258,1693.7500000000036,2.8256569652444194e-4
李適牛,PERSON,4,0.0029390154298310064,0.005787587181680242,1,2.0437359493153485e-4
閩教廳,ORG,6,0.00440852314474651,0.03858454356542259,1693.7500000000036,2.8256569652444194e-4
王文正,PERSON,4,0.0029390154298310064,0.005787587181680241,1,2.0437359493153485e-4
許承位,PERSON,4,0.0029390154298310064,0.005787587181680242,1,2.0437359493153485e-4
李國璠,PERSON,4,0.0029390154298310064,0.005787587181680242,1,2.0437359493153485e-4
唐賢嘉,PERSON,4,0.0029390154298310064,0.005787587181680245,1,2.0437359493153485e-4
徐莘園,PERSON,5,0.0036737692872887582,0.008609095386237003,9.10391831693198,2.067397146991937e-4
常少白,PERSON,5,0.0036737692872887582,0.008609095386237003,9.10391831693198,2.067397146991937e-4
姜明,PERSON,5,0.0036737692872887582,0.008609095386237003,9.10391831693198,2.067397146991937e-4
藝聯劇團,ORG,6,0.00440852314474651,0.03946384849396391,1136.3816317352987,2.8256569652444194e-4
未名劇團,ORG,6,0.00440852314474651,0.03946384849396391,1136.3816317352987,2.8256569652444194e-4
幸工部局,ORG,21,0.015429831006612785,0.0495229919899829,4234.894402760633,2.8498147620404675e-4
粤方便醫院,ORG,17,0.012490815576781777,0.047855728682302215,3246.9916300223927,2.843332385555871e-4
大同醫大學,ORG,33,0.024246877296105803,0.053273202006235476,9207.984405975974,2.8694404591104734e-4
李炳崧,PERSON,11,0.008082292432035268,0.017950068058407823,53.7247247693849,2.072538860103627e-4
閻惜姣,PERSON,5,0.0036737692872887582,0.008609095386237001,9.10391831693198,2.067397146991937e-4
成豐,ORG,5,0.0036737692872887582,0.042411786128797556,535.8761201741964,2.824060999717594e-4
普濟醫院,ORG,5,0.0036737692872887582,0.042411786128797556,535.8761201741964,2.824060999717594e-4
朱燁,PERSON,4,0.0029390154298310064,0.007035626535009143,6.678929874455701,2.0665426741062204e-4
蒙惠臣,PERSON,43,0.03159441587068332,0.0739905211737376,1763.993661587861,2.2021581149526536e-4
何炳敬,PERSON,18,0.01322556943423953,0.03154506808589782,268.71566645767683,2.113718030014796e-4
陳澤祺,PERSON,11,0.008082292432035268,0.018428185651185716,45.03121412408225,2.0751193193608634e-4
華委,ORG,15,0.011021307861866276,0.07969955716031613,1421.7387728725218,2.8401022436807724e-4
諸祈亮,PERSON,3,0.002204261572373255,0.008485995546842947,1.3698438623938873,2.0580366330520683e-4
華人會代表大會,ORG,6,0.00440852314474651,0.059780273079518984,551.2971837807885,2.8256569652444194e-4
美陸戰隊第四聯隊,ORG,10,0.0073475385745775165,0.045330643987310695,879.7572979162511,2.832058906825262e-4
卡杜那,PERSON,13,0.009551800146950772,0.0223974031468286,22.02537064332099,2.067397146991937e-4
茄斐爾,PERSON,13,0.009551800146950772,0.0223974031468286,22.02537064332099,2.067397146991937e-4
歐局,ORG,10,0.0073475385745775165,0.045330643987310695,879.7572979162511,2.832058906825262e-4
蒙鐵尼格魯,PERSON,13,0.009551800146950772,0.02239740314682859,22.02537064332099,2.067397146991937e-4
會衆通訊社,ORG,10,0.0073475385745775165,0.045330643987310695,879.7572979162511,2.832058906825262e-4
杜女,PERSON,13,0.009551800146950772,0.022397403146828594,22.02537064332099,2.067397146991937e-4
上海美孚油公司,ORG,10,0.0073475385745775165,0.0453306439873107,879.7572979162511,2.832058906825262e-4
屠戈特,PERSON,13,0.009551800146950772,0.022397403146828594,22.02537064332099,2.067397146991937e-4
合衆社,ORG,10,0.0073475385745775165,0.04533064398731071,879.7572979162511,2.832058906825262e-4
紅會,ORG,10,0.0073475385745775165,0.0453306439873107,879.7572979162511,2.832058906825262e-4
高斯,PERSON,13,0.009551800146950772,0.0223974031468286,22.02537064332099,2.067397146991937e-4
布立克,PERSON,13,0.009551800146950772,0.022397403146828598,22.02537064332099,2.067397146991937e-4
第四海軍聯隊,ORG,10,0.0073475385745775165,0.04533064398731069,879.7572979162511,2.832058906825262e-4
霍華德,PERSON,13,0.009551800146950772,0.02239740314682859,22.02537064332099,2.067397146991937e-4
美國,ORG,10,0.0073475385745775165,0.04533064398731069,879.7572979162511,2.832058906825262e-4
公司,ORG,10,0.0073475385745775165,0.0453306439873107,879.7572979162511,2.832058906825262e-4
平明社,ORG,10,0.0073475385745775165,0.04533064398731069,879.7572979162511,2.832058906825262e-4
英國大使館,ORG,10,0.0073475385745775165,0.04533064398731069,879.7572979162511,2.832058906825262e-4
日居留民團,ORG,9,0.006612784717119765,0.06859739160455978,561.2099471477854,2.830455703368242e-4
日納稅人協會,ORG,9,0.006612784717119765,0.0685973916045598,561.2099471477854,2.830455703368242e-4
日各馬路聯合會,ORG,9,0.006612784717119765,0.0685973916045598,561.2099471477854,2.830455703368242e-4
改變選舉制度委員會,ORG,9,0.006612784717119765,0.06859739160455981,561.2099471477854,2.830455703368242e-4
居留民團,ORG,13,0.009551800146950772,0.07045003344790281,1751.5954328145058,0.00028368794326241134
渡邊之,PERSON,10,0.0073475385745775165,0.027936061373112626,43.72582113926891,2.1146119687037428e-4
岡本,PERSON,12,0.00881704628949302,0.033019813495530015,57.98615925267687,2.1164021164021165e-4
嵩雄西,PERSON,10,0.0073475385745775165,0.02793606137311262,43.72582113926891,2.1146119687037428e-4
華納稅人,ORG,9,0.006612784717119765,0.06859739160455981,561.2099471477854,2.830455703368242e-4
康祖藝,PERSON,10,0.0073475385745775165,0.027936061373112636,43.72582113926891,2.1146119687037428e-4
中交,ORG,9,0.006612784717119765,0.06859739160455977,561.2099471477854,2.830455703368242e-4
中央中農,ORG,9,0.006612784717119765,0.06859739160455981,561.2099471477854,2.830455703368242e-4
上海正德藥廠,ORG,3,0.002204261572373255,0.04145690873886777,91.1063177598765,2.8208744710860365e-4
張蔭槐,PERSON,3,0.002204261572373255,0.005702972705551777,0.23076923076923078,2.048760499897562e-4
徐永祚,PERSON,14,0.010286554004408524,0.025513917720540357,755.0984969658823,2.1164021164021165e-4
汪伯奇,PERSON,3,0.002204261572373255,0.005702972705551778,0.23076923076923078,2.048760499897562e-4
王一亭,PERSON,3,0.002204261572373255,0.005702972705551778,0.23076923076923078,2.048760499897562e-4
浙江興業銀行,ORG,13,0.009551800146950772,0.05069391714882588,3820.565862421494,0.00028368794326241134
徐新六,PERSON,3,0.002204261572373255,0.005702972705551778,0.23076923076923078,2.048760499897562e-4
滬江大學,ORG,13,0.009551800146950772,0.050693917148825866,3820.565862421494,0.00028368794326241134
劉湛恩,PERSON,3,0.002204261572373255,0.005702972705551777,0.23076923076923078,2.048760499897562e-4
吳蘊齊,PERSON,3,0.002204261572373255,0.005702972705551777,0.23076923076923078,2.048760499897562e-4
國軍,ORG,13,0.009551800146950772,0.05069391714882587,3820.565862421494,0.00028368794326241134
許建屏,PERSON,3,0.002204261572373255,0.0057029727055517765,0.23076923076923078,2.048760499897562e-4
翦建午,PERSON,3,0.002204261572373255,0.0057029727055517765,0.23076923076923078,2.048760499897562e-4
麥道南,PERSON,1,7.347538574577516e-4,0.00462556166792206,0,2.1021652301870928e-4
美董明思德,PERSON,1,7.347538574577516e-4,0.00462556166792206,0,2.1021652301870928e-4
盛炳記百貨商店,ORG,4,0.0029390154298310064,0.04151424356525656,296.8830112075895,2.822466836014677e-4
新中光滙,ORG,4,0.0029390154298310064,0.04151424356525658,296.8830112075895,2.822466836014677e-4
羅錦豪,PERSON,12,0.00881704628949302,0.019640872942505373,58.848293315260115,2.0733982998133942e-4
宏興,PERSON,8,0.005878030859662013,0.013433148772717205,28.24462027775031,2.0699648105982198e-4
宏興櫟房,ORG,4,0.0029390154298310064,0.041514243565256556,296.8830112075895,2.822466836014677e-4
怡紅,ORG,4,0.0029390154298310064,0.041514243565256556,296.8830112075895,2.822466836014677e-4
高沿酒,ORG,4,0.0029390154298310064,0.04151424356525656,296.8830112075895,2.822466836014677e-4
謙泰錢莊,ORG,8,0.005878030859662013,0.06812157240228758,401.1426474179969,2.828854314002829e-4
謙泰商業銀行,ORG,8,0.005878030859662013,0.0681215724022876,401.1426474179969,2.828854314002829e-4
銀行,ORG,8,0.005878030859662013,0.0681215724022876,401.1426474179969,2.828854314002829e-4
錢業公會,ORG,8,0.005878030859662013,0.0681215724022876,401.1426474179969,2.828854314002829e-4
錢兌業公會,ORG,8,0.005878030859662013,0.06812157240228758,401.1426474179969,2.828854314002829e-4
錢兌莊,ORG,8,0.005878030859662013,0.06812157240228758,401.1426474179969,2.828854314002829e-4
匯劃莊,ORG,8,0.005878030859662013,0.06812157240228757,401.1426474179969,2.828854314002829e-4
謙泰,ORG,8,0.005878030859662013,0.06812157240228756,401.1426474179969,2.828854314002829e-4
財經二部,ORG,8,0.005878030859662013,0.06812157240228757,401.1426474179969,2.828854314002829e-4
唐壽民,PERSON,16,0.011756061719324026,0.041331753317451515,116.29212989554489,2.1181952976064393e-4
兪佐庭,PERSON,9,0.006612784717119765,0.02299065587665956,4.5,2.0496003279360525e-4
馬廸汽車公司,ORG,9,0.006612784717119765,0.05298354920238279,736.6092304625007,2.830455703368242e-4
美商,ORG,9,0.006612784717119765,0.05298354920238282,736.6092304625007,2.830455703368242e-4
馬迪汽車公司,ORG,9,0.006612784717119765,0.05298354920238286,736.6092304625007,2.830455703368242e-4
抱璞,PERSON,9,0.006612784717119765,0.01755634257387527,5.296155892524607,2.0512820512820512e-4
張申之,PERSON,24,0.01763409257898604,0.062006886329362264,2272.7335094256223,2.2187708009762592e-4
黄涵之,PERSON,22,0.016164584864070537,0.05438254303293344,515.5589285211429,2.1317416329140907e-4
馮仰山,PERSON,11,0.008082292432035268,0.022306277920525825,272.0019189689785,2.0933640360058616e-4
陳希夷,PERSON,9,0.006612784717119765,0.01755634257387527,5.296155892524607,2.0512820512820512e-4
飛波無線電公司,ORG,9,0.006612784717119765,0.05298354920238284,736.6092304625007,2.830455703368242e-4
陳秋記,PERSON,9,0.006612784717119765,0.01755634257387527,5.296155892524607,2.0512820512820512e-4
警務處,ORG,1,7.347538574577516e-4,0.03749938865978159,0,2.817695125387433e-4
日本憲兵司令部,ORG,1,7.347538574577516e-4,0.03749938865978159,0,2.817695125387433e-4
中國公共汽車公司,ORG,1,7.347538574577516e-4,0.03749938865978159,0,2.817695125387433e-4
上海電車公司,ORG,1,7.347538574577516e-4,0.0374993886597816,0,2.817695125387433e-4
日本憲兵,ORG,1,7.347538574577516e-4,0.0374993886597816,0,2.817695125387433e-4
西安,ORG,5,0.0036737692872887582,0.03903639666331781,772.8571428571889,2.824060999717594e-4
西京市總工會,ORG,5,0.0036737692872887582,0.03903639666331782,772.8571428571889,2.824060999717594e-4
哈瓦斯世界電訊社,ORG,5,0.0036737692872887582,0.039036396663317804,772.8571428571889,2.824060999717594e-4
吳涵眞,PERSON,7,0.005143277002204262,0.010246887072486116,4.2,2.0454080589077522e-4
紐約,ORG,5,0.0036737692872887582,0.03903639666331783,772.8571428571889,2.824060999717594e-4
聯合中國救濟會,ORG,5,0.0036737692872887582,0.0390363966633178,772.8571428571889,2.824060999717594e-4
龐莉莉,PERSON,7,0.005143277002204262,0.010246887072486114,4.2,2.0454080589077522e-4
林語堂,PERSON,7,0.005143277002204262,0.01024688707248611,4.2,2.0454080589077522e-4
馬夏爾菲而德,PERSON,7,0.005143277002204262,0.010246887072486117,4.2,2.0454080589077522e-4
馬尼刺,ORG,5,0.0036737692872887582,0.039036396663317825,772.8571428571889,2.824060999717594e-4
大隊,ORG,5,0.0036737692872887582,0.03903639666331781,772.8571428571889,2.824060999717594e-4
集成,ORG,1,7.347538574577516e-4,0.03749938865978159,0,2.817695125387433e-4
殷兹適,PERSON,2,0.0014695077149155032,0.00547882924376645,0.6457393483709271,2.0665426741062204e-4
孫祥夫,PERSON,2,0.0014695077149155032,0.005478829243766451,0.6457393483709271,2.0665426741062204e-4
盛丕華,PERSON,11,0.008082292432035268,0.031627338711822925,220.7321675128659,2.0951183741881415e-4
秦伯未,PERSON,2,0.0014695077149155032,0.005478829243766451,0.6457393483709271,2.0665426741062204e-4
黄警頑,PERSON,2,0.0014695077149155032,0.005478829243766449,0.6457393483709271,2.0665426741062204e-4
楊順銓,PERSON,7,0.005143277002204262,0.020722063876214246,120.90676967413918,2.1003990758244065e-4
方公溥,PERSON,2,0.0014695077149155032,0.005478829243766451,0.6457393483709271,2.0665426741062204e-4
楊草仙,PERSON,2,0.0014695077149155032,0.005478829243766452,0.6457393483709271,2.0665426741062204e-4
魏伯楨,PERSON,13,0.009551800146950772,0.039262905805484326,728.0848751688978,2.1630975556997622e-4
黄振世,PERSON,2,0.0014695077149155032,0.005478829243766449,0.6457393483709271,2.0665426741062204e-4
錢天任,PERSON,2,0.0014695077149155032,0.00547882924376645,0.6457393483709271,2.0665426741062204e-4
黄少岩,PERSON,2,0.0014695077149155032,0.005478829243766451,0.6457393483709271,2.0665426741062204e-4
姚佐頓,PERSON,1,7.347538574577516e-4,0.003022104078985634,0,2.065688907250568e-4
上海市衛生局,ORG,35,0.025716385011021307,0.08059075592949226,12409.731325767123,2.872737719046251e-4
張恂子,PERSON,2,0.0014695077149155032,0.0029262619576764137,3.412121212121214,2.0588840848260242e-4
施家劇團,ORG,5,0.0036737692872887582,0.03794019399714503,2678.848808122968,2.8256569652444194e-4
范幻九,PERSON,2,0.0014695077149155032,0.0029262619576764133,3.412121212121214,2.0588840848260242e-4
上海滬劇社,ORG,24,0.01763409257898604,0.04009473036456455,25831.18664647536,2.857959416976279e-4
俞喬儂,PERSON,2,0.0014695077149155032,0.0029262619576764137,3.412121212121214,2.0588840848260242e-4
顧瑞,PERSON,3,0.002204261572373255,0.0029762147581192445,121.07635983221489,2.0597322348094748e-4
廣慈醫院,ORG,4,0.0029390154298310064,0.05402633926204403,325.64261853952866,2.822466836014677e-4
金廷蓀,PERSON,5,0.0036737692872887582,0.010155522246456347,2.85,2.0437359493153485e-4
伶聯會,ORG,5,0.0036737692872887582,0.05425522101286315,778.30928520618,2.824060999717594e-4
梨園坊,ORG,4,0.0029390154298310064,0.054026339262044004,325.64261853952866,2.822466836014677e-4
上海市伶界聯合會,ORG,5,0.0036737692872887582,0.054255221012863175,778.30928520618,2.824060999717594e-4
西法洗染,ORG,2,0.0014695077149155032,0.03782916912133802,234.1008045159089,2.81928390188892e-4
西法洗染業,ORG,2,0.0014695077149155032,0.03782916912133804,234.1008045159089,2.81928390188892e-4
西法洗染業公會,ORG,2,0.0014695077149155032,0.03782916912133804,234.1008045159089,2.81928390188892e-4
國府,ORG,8,0.005878030859662013,0.04056959764925251,1254.7505884823922,2.828854314002829e-4
劉鴻生,PERSON,5,0.0036737692872887582,0.008794289009573087,18.406059859503348,2.0614306328592042e-4
美僑協會,ORG,12,0.00881704628949302,0.06826165558549065,1929.8052762634748,2.835270768358378e-4
明思德,PERSON,4,0.0029390154298310064,0.012351146975696961,8.811527155275247,2.1048200378867606e-4
嵩雄,PERSON,4,0.0029390154298310064,0.012351146975696958,8.811527155275247,2.1048200378867606e-4
日民團,ORG,10,0.0073475385745775165,0.06730727777874118,1374.2687671500746,2.832058906825262e-4
度邊,PERSON,4,0.0029390154298310064,0.012351146975696958,8.811527155275247,2.1048200378867606e-4
亞洲股票公司,ORG,3,0.002204261572373255,0.041456908738867766,91.1063177598765,2.8208744710860365e-4
防空司令部,ORG,9,0.006612784717119765,0.042046299098403725,7034.317499892154,2.830455703368242e-4
范回春,PERSON,11,0.008082292432035268,0.03176754940574352,576.5854424342583,2.1353833013025838e-4
盧少堂,PERSON,1,7.347538574577516e-4,0.0015767105115964699,0,2.0437359493153485e-4
富振遠,PERSON,1,7.347538574577516e-4,0.0015767105115964688,0,2.0437359493153485e-4
張法堯,PERSON,1,7.347538574577516e-4,0.0015767105115964699,0,2.0437359493153485e-4
金素琴,PERSON,1,7.347538574577516e-4,0.0024807692812305027,0,2.0777062123415748e-4
義濟善會,ORG,47,0.034533431300514325,0.06615492598393061,33758.61863467641,2.896032435563278e-4
范開泰,PERSON,10,0.0073475385745775165,0.03019083889414704,387.7595465682204,2.1290185224611454e-4
張白雲,PERSON,1,7.347538574577516e-4,0.002480769281230503,0,2.0777062123415748e-4
林樹森,PERSON,1,7.347538574577516e-4,0.0024807692812305023,0,2.0777062123415748e-4
筱文濱,PERSON,4,0.0029390154298310064,0.004084037198599482,566.3530520772399,2.0977554017201594e-4
王筱新,PERSON,3,0.002204261572373255,0.004034249958823291,336.74346775434793,2.0968756552736424e-4
沈筱英,PERSON,3,0.002204261572373255,0.004034249958823292,336.74346775434793,2.0968756552736424e-4
王開,PERSON,1,7.347538574577516e-4,0.0014440778203331415,0,2.0412329046744235e-4
史舘茲,PERSON,3,0.002204261572373255,0.00637229705511591,17.6488973797376,2.0855057351407716e-4
瑞泰,ORG,6,0.00440852314474651,0.03850936967092276,2807.4413776003676,2.8256569652444194e-4
倪文鼎,PERSON,11,0.008082292432035268,0.019963647202460275,107.65549087076258,2.0951183741881415e-4
惠臣氏醫師,ORG,5,0.0036737692872887582,0.042085117273043274,468.9194761263391,2.824060999717594e-4
民生藥廠,ORG,5,0.0036737692872887582,0.04208511727304327,468.9194761263391,2.824060999717594e-4
張克倫,PERSON,6,0.00440852314474651,0.010383853509108247,13.933349910690483,2.0682523267838676e-4
克倫醫院,ORG,5,0.0036737692872887582,0.04208511727304325,468.9194761263391,2.824060999717594e-4
中法,ORG,7,0.005143277002204262,0.042552204688564174,2154.5495637603567,2.827254735651682e-4
白濁聖,PERSON,2,0.0014695077149155032,0.0035933941691299346,1.5408172199347336,2.0648358455502787e-4
嚴再生,PERSON,2,0.0014695077149155032,0.003593394169129934,1.5408172199347336,2.0648358455502787e-4
張愼夫,PERSON,2,0.0014695077149155032,0.0035933941691299364,1.5408172199347336,2.0648358455502787e-4
正泰信記標,ORG,3,0.002204261572373255,0.04094710454900716,144.51397509678685,2.8208744710860365e-4
拜羅德,ORG,3,0.002204261572373255,0.04094710454900715,144.51397509678685,2.8208744710860365e-4
拜羅德公司,ORG,3,0.002204261572373255,0.04094710454900717,144.51397509678685,2.8208744710860365e-4
漢陽院,ORG,5,0.0036737692872887582,0.05425522101286313,778.30928520618,2.824060999717594e-4
鄭子明,PERSON,3,0.002204261572373255,0.006103612858751128,0.6000000000000001,2.0420665713702266e-4
永寗,PERSON,7,0.005143277002204262,0.015921346527599547,25.067468927865914,2.0933640360058616e-4
保裕,PERSON,7,0.005143277002204262,0.015921346527599547,25.067468927865914,2.0933640360058616e-4
蘇讀梅,PERSON,7,0.005143277002204262,0.01592134652759954,25.067468927865914,2.0933640360058616e-4
王志强,PERSON,7,0.005143277002204262,0.01592134652759955,25.067468927865914,2.0933640360058616e-4
錢國强,PERSON,7,0.005143277002204262,0.01592134652759955,25.067468927865914,2.0933640360058616e-4
朱錦輝,PERSON,7,0.005143277002204262,0.01592134652759955,25.067468927865914,2.0933640360058616e-4
朱强沂,PERSON,7,0.005143277002204262,0.01592134652759955,25.067468927865914,2.0933640360058616e-4
楊存心,PERSON,7,0.005143277002204262,0.01592134652759955,25.067468927865914,2.0933640360058616e-4
孫佩勝,PERSON,7,0.005143277002204262,0.015921346527599554,25.067468927865914,2.0933640360058616e-4
韋鎭興,PERSON,7,0.005143277002204262,0.015921346527599557,25.067468927865914,2.0933640360058616e-4
曹新浩,PERSON,7,0.005143277002204262,0.015921346527599557,25.067468927865914,2.0933640360058616e-4
塲存心,PERSON,7,0.005143277002204262,0.01592134652759955,25.067468927865914,2.0933640360058616e-4
復旦大學體育會,ORG,16,0.011756061719324026,0.052463078441462356,2299.3577103159732,2.841716396703609e-4
復旦,ORG,39,0.028655400440852314,0.07716619360915236,10708.196983274298,2.8793550244745177e-4
袁屨登,PERSON,7,0.005143277002204262,0.01592134652759955,25.067468927865914,2.0933640360058616e-4
江灣婦孺救濟協會,ORG,16,0.011756061719324026,0.05246307844146231,2299.3577103159732,2.841716396703609e-4
中國化學工業社,ORG,16,0.011756061719324026,0.05246307844146232,2299.3577103159732,2.841716396703609e-4
中國瘋病醫院,ORG,20,0.014695077149155033,0.05696689904439489,3455.9122755159615,2.848191398461977e-4
張怡祖,PERSON,2,0.0014695077149155032,0.004749935346650554,0.5002727329673611,2.0785699438786114e-4
王鴻福,PERSON,4,0.0029390154298310064,0.008157041585686132,446.319110252167,2.1048200378867606e-4
劉全魁,PERSON,2,0.0014695077149155032,0.004749935346650556,0.5002727329673611,2.0785699438786114e-4
黃涵之,PERSON,2,0.0014695077149155032,0.004749935346650556,0.5002727329673611,2.0785699438786114e-4
屈文六,PERSON,6,0.00440852314474651,0.011634511517694499,109.65316172273015,2.0863759649488838e-4
林文伯,PERSON,2,0.0014695077149155032,0.004749935346650553,0.5002727329673611,2.0785699438786114e-4
張孟定,PERSON,2,0.0014695077149155032,0.004749935346650555,0.5002727329673611,2.0785699438786114e-4
林達蓀,PERSON,2,0.0014695077149155032,0.0047499353466505575,0.5002727329673611,2.0785699438786114e-4
嚴蒼山,PERSON,2,0.0014695077149155032,0.004749935346650554,0.5002727329673611,2.0785699438786114e-4
李惠人,PERSON,2,0.0014695077149155032,0.004749935346650555,0.5002727329673611,2.0785699438786114e-4
羅廉臣,PERSON,2,0.0014695077149155032,0.004749935346650554,0.5002727329673611,2.0785699438786114e-4
王靖東,PERSON,2,0.0014695077149155032,0.004749935346650556,0.5002727329673611,2.0785699438786114e-4
徐長川,PERSON,2,0.0014695077149155032,0.004749935346650555,0.5002727329673611,2.0785699438786114e-4
許柳春,PERSON,2,0.0014695077149155032,0.004749935346650557,0.5002727329673611,2.0785699438786114e-4
葉信誠,PERSON,2,0.0014695077149155032,0.004749935346650554,0.5002727329673611,2.0785699438786114e-4
丁子書,PERSON,2,0.0014695077149155032,0.004749935346650558,0.5002727329673611,2.0785699438786114e-4
張子泰,PERSON,2,0.0014695077149155032,0.004749935346650553,0.5002727329673611,2.0785699438786114e-4
徐賢昌,PERSON,2,0.0014695077149155032,0.004749935346650555,0.5002727329673611,2.0785699438786114e-4
張兼庵,PERSON,2,0.0014695077149155032,0.004749935346650557,0.5002727329673611,2.0785699438786114e-4
徐雲騰,PERSON,2,0.0014695077149155032,0.004749935346650556,0.5002727329673611,2.0785699438786114e-4
姚式訓,PERSON,2,0.0014695077149155032,0.004749935346650556,0.5002727329673611,2.0785699438786114e-4
源源公司,ORG,17,0.012490815576781777,0.07478619987586863,2574.227235912412,2.843332385555871e-4
萬國體育會慈善委員會,ORG,17,0.012490815576781777,0.07478619987586867,2574.227235912412,2.843332385555871e-4
趙晉卿,PERSON,12,0.00881704628949302,0.037387503185644926,87.805422492305,2.0837674515524068e-4
朱子奎,PERSON,5,0.0036737692872887582,0.014199896791334377,2.400950683303625,2.0614306328592042e-4
黄雨齋,PERSON,5,0.0036737692872887582,0.014199896791334377,2.400950683303625,2.0614306328592042e-4
葛福田,PERSON,5,0.0036737692872887582,0.01419989679133438,2.400950683303625,2.0614306328592042e-4
上海救濟難民兒童教養院,ORG,17,0.012490815576781777,0.07478619987586863,2574.227235912412,2.843332385555871e-4
衡康祥,PERSON,5,0.0036737692872887582,0.014199896791334377,2.400950683303625,2.0614306328592042e-4
蒲振宇,PERSON,5,0.0036737692872887582,0.014199896791334377,2.400950683303625,2.0614306328592042e-4
馮泉航,PERSON,5,0.0036737692872887582,0.014199896791334377,2.400950683303625,2.0614306328592042e-4
河山重光,PERSON,2,0.0014695077149155032,0.0028283170644875,0.3333333333333333,2.0395676116663266e-4
成肅凡,PERSON,2,0.0014695077149155032,0.0028283170644875,0.3333333333333333,2.0395676116663266e-4
寗波文物社,ORG,3,0.002204261572373255,0.037711508981490206,1358.500000000003,2.8208744710860365e-4
上海雜誌公司,ORG,3,0.002204261572373255,0.037711508981490206,1358.500000000003,2.8208744710860365e-4
彭公保,PERSON,2,0.0014695077149155032,0.0015534806775927875,57.278146006220815,2.0588840848260242e-4
丁是娥,PERSON,3,0.002204261572373255,0.0016032679173689805,120.35578687121861,2.0597322348094748e-4
筱月珍,PERSON,3,0.002204261572373255,0.001603267917368981,120.35578687121861,2.0597322348094748e-4
邵濱,PERSON,3,0.002204261572373255,0.0016032679173689818,120.35578687121861,2.0597322348094748e-4
王雅琴,PERSON,2,0.0014695077149155032,0.0015534806775927882,57.278146006220815,2.0588840848260242e-4
徐寳奎,PERSON,2,0.0014695077149155032,0.0015534806775927897,57.278146006220815,2.0588840848260242e-4
陳松齡,PERSON,2,0.0014695077149155032,0.0015534806775927897,57.278146006220815,2.0588840848260242e-4
方桂棠,PERSON,2,0.0014695077149155032,0.0015534806775927888,57.278146006220815,2.0588840848260242e-4
沈桂林,PERSON,2,0.0014695077149155032,0.0015534806775927884,57.278146006220815,2.0588840848260242e-4
楊月英,PERSON,2,0.0014695077149155032,0.0015534806775927877,57.278146006220815,2.0588840848260242e-4
徐醉梅,PERSON,2,0.0014695077149155032,0.0015534806775927886,57.278146006220815,2.0588840848260242e-4
呂靜佛,PERSON,2,0.0014695077149155032,0.0015534806775927886,57.278146006220815,2.0588840848260242e-4
中央運動塲,ORG,17,0.012490815576781777,0.0013320963948515515,276.70251366624063,1.6412276382734285e-4
拉飛爾,PERSON,3,0.002204261572373255,0.0016032679173689816,120.35578687121861,2.0597322348094748e-4
大上海,ORG,8,0.005878030859662013,0.039479351258351635,3796.1457366823474,2.828854314002829e-4
張善琨,PERSON,4,0.0029390154298310064,0.0063680093127815186,104.4411979915782,2.0699648105982198e-4
任矜蘋,PERSON,2,0.0014695077149155032,0.002960903073745935,0.125,2.0437359493153485e-4
伍德公司,ORG,8,0.005878030859662013,0.03947935125835163,3796.1457366823474,2.828854314002829e-4
許靖,PERSON,2,0.0014695077149155032,0.0029609030737459342,0.125,2.0437359493153485e-4
柳隱英,PERSON,2,0.0014695077149155032,0.002960903073745935,0.125,2.0437359493153485e-4
張蒼虬,PERSON,2,0.0014695077149155032,0.0029609030737459347,0.125,2.0437359493153485e-4
吳三桂,PERSON,2,0.0014695077149155032,0.0029609030737459347,0.125,2.0437359493153485e-4
海通社,ORG,6,0.00440852314474651,0.038584543565422576,1693.7500000000034,2.8256569652444194e-4
維戈維志,PERSON,4,0.0029390154298310064,0.0057875871816802415,1,2.0437359493153485e-4
南相,PERSON,4,0.0029390154298310064,0.005787587181680242,1,2.0437359493153485e-4
仁德藥厰,ORG,6,0.00440852314474651,0.03858454356542259,1693.7500000000034,2.8256569652444194e-4
許郎天,PERSON,4,0.0029390154298310064,0.005787587181680241,1,2.0437359493153485e-4
筱笑靈,PERSON,4,0.0029390154298310064,0.005787587181680242,1,2.0437359493153485e-4
笑嘻嘻,PERSON,4,0.0029390154298310064,0.005787587181680241,1,2.0437359493153485e-4
大華電台,ORG,6,0.00440852314474651,0.03858454356542259,1693.7500000000034,2.8256569652444194e-4
大美電台,ORG,6,0.00440852314474651,0.03858454356542258,1693.7500000000034,2.8256569652444194e-4
琪兒,PERSON,2,0.0014695077149155032,0.0034071062390355835,0.03225806451612903,2.0631318341242006e-4
中國廣生行,ORG,31,0.022777369581190303,0.04542882378626253,18222.06486730211,2.8661507595299513e-4
黃振世,PERSON,2,0.0014695077149155032,0.003407106239035583,0.03225806451612903,2.0631318341242006e-4
王叔賢,PERSON,2,0.0014695077149155032,0.0034071062390355874,0.03225806451612903,2.0631318341242006e-4
丁永昌,PERSON,2,0.0014695077149155032,0.0034071062390355843,0.03225806451612903,2.0631318341242006e-4
黃源燾,PERSON,2,0.0014695077149155032,0.0034071062390355843,0.03225806451612903,2.0631318341242006e-4
陳福康,PERSON,18,0.01322556943423953,0.05430478224626269,1189.629368391495,2.13903743315508e-4
上海殘疾院,ORG,31,0.022777369581190303,0.045428823786262514,18222.06486730211,2.8661507595299513e-4
張桂芬,PERSON,2,0.0014695077149155032,0.003407106239035582,0.03225806451612903,2.0631318341242006e-4
張彦堃,PERSON,2,0.0014695077149155032,0.0034071062390355835,0.03225806451612903,2.0631318341242006e-4
傅春奎,PERSON,2,0.0014695077149155032,0.003407106239035585,0.03225806451612903,2.0631318341242006e-4
穆春華,PERSON,2,0.0014695077149155032,0.003407106239035585,0.03225806451612903,2.0631318341242006e-4
錢麟童,PERSON,2,0.0014695077149155032,0.0034071062390355835,0.03225806451612903,2.0631318341242006e-4
李雪舫,PERSON,2,0.0014695077149155032,0.0034071062390355835,0.03225806451612903,2.0631318341242006e-4
于宗瑛,PERSON,2,0.0014695077149155032,0.003407106239035583,0.03225806451612903,2.0631318341242006e-4
金素雯,PERSON,2,0.0014695077149155032,0.003407106239035585,0.03225806451612903,2.0631318341242006e-4
趙如泉,PERSON,2,0.0014695077149155032,0.0034071062390355843,0.03225806451612903,2.0631318341242006e-4
王少樓,PERSON,2,0.0014695077149155032,0.0034071062390355835,0.03225806451612903,2.0631318341242006e-4
劉備,PERSON,2,0.0014695077149155032,0.0034071062390355856,0.03225806451612903,2.0631318341242006e-4
黃忠,PERSON,2,0.0014695077149155032,0.003407106239035583,0.03225806451612903,2.0631318341242006e-4
關公,PERSON,2,0.0014695077149155032,0.003407106239035585,0.03225806451612903,2.0631318341242006e-4
李如春,PERSON,2,0.0014695077149155032,0.0034071062390355843,0.03225806451612903,2.0631318341242006e-4
潘璋,PERSON,2,0.0014695077149155032,0.003407106239035583,0.03225806451612903,2.0631318341242006e-4
郭少亭,PERSON,2,0.0014695077149155032,0.003407106239035585,0.03225806451612903,2.0631318341242006e-4
胡少奎,PERSON,2,0.0014695077149155032,0.0034071062390355843,0.03225806451612903,2.0631318341242006e-4
周泰,PERSON,2,0.0014695077149155032,0.0034071062390355843,0.03225806451612903,2.0631318341242006e-4
崔廣通,PERSON,2,0.0014695077149155032,0.003407106239035582,0.03225806451612903,2.0631318341242006e-4
韓當,PERSON,2,0.0014695077149155032,0.003407106239035585,0.03225806451612903,2.0631318341242006e-4
高百歳,PERSON,2,0.0014695077149155032,0.0034071062390355865,0.03225806451612903,2.0631318341242006e-4
明星香水廠,ORG,14,0.010286554004408524,0.05429256691954324,9052.975706699528,2.853067047075606e-4
鍾爻吉,PERSON,8,0.005878030859662013,0.004880615769679952,12172.283246832993,2.0733982998133942e-4
江長川,PERSON,3,0.002204261572373255,0.00685110397857697,7.807210333233179,2.069108214359611e-4
江一平,PERSON,6,0.00440852314474651,0.01130531507491055,179.24853556602903,2.0802995631370917e-4
沈衛,PERSON,3,0.002204261572373255,0.00685110397857697,7.807210333233179,2.069108214359611e-4
周宗良,PERSON,3,0.002204261572373255,0.006851103978576966,7.807210333233179,2.069108214359611e-4
潘忠甲,PERSON,3,0.002204261572373255,0.006851103978576967,7.807210333233179,2.069108214359611e-4
爻吉,PERSON,2,0.0014695077149155032,0.004838367543425353,0.5332468329953315,2.065688907250568e-4
黃寗彬,PERSON,4,0.0029390154298310064,0.005821278337567742,0.8571428571428571,2.0445716622367614e-4
劉榮基,PERSON,4,0.0029390154298310064,0.005821278337567741,0.8571428571428571,2.0445716622367614e-4
何伯平,PERSON,4,0.0029390154298310064,0.005821278337567742,0.8571428571428571,2.0445716622367614e-4
農林部,ORG,7,0.005143277002204262,0.038809154933044904,2031.750000000004,2.827254735651682e-4
農局,ORG,7,0.005143277002204262,0.03880915493304492,2031.750000000004,2.827254735651682e-4
榆林,ORG,7,0.005143277002204262,0.03880915493304492,2031.750000000004,2.827254735651682e-4
綏蒙政會,ORG,7,0.005143277002204262,0.03880915493304491,2031.750000000004,2.827254735651682e-4
朱綬光,PERSON,4,0.0029390154298310064,0.005821278337567742,0.8571428571428571,2.0445716622367614e-4
榮祥,PERSON,4,0.0029390154298310064,0.005821278337567745,0.8571428571428571,2.0445716622367614e-4
白韜倉,PERSON,4,0.0029390154298310064,0.005821278337567741,0.8571428571428571,2.0445716622367614e-4
僑民委員會,ORG,3,0.002204261572373255,0.038453766466531016,398.0923122263758,2.8208744710860365e-4
喬治,PERSON,4,0.0029390154298310064,0.010069317489604388,23.70951520148574,2.1048200378867606e-4
美孚煤油公司,ORG,3,0.002204261572373255,0.03845376646653102,398.0923122263758,2.8208744710860365e-4
震旦攝影社,ORG,12,0.00881704628949302,0.07499297202361623,810.7570985844889,2.835270768358378e-4
李文傑,PERSON,7,0.005143277002204262,0.022605583015137997,22.666817937200825,2.1110407430863416e-4
納稅華人會,ORG,16,0.011756061719324026,0.07953405223565888,1513.728542539414,2.841716396703609e-4
上海理療器械行,ORG,4,0.0029390154298310064,0.04138550248184424,351.1388175222389,2.822466836014677e-4
部局,ORG,4,0.0029390154298310064,0.04138550248184426,351.1388175222389,2.822466836014677e-4
梧州市衛生局,ORG,4,0.0029390154298310064,0.041385502481844236,351.1388175222389,2.822466836014677e-4
梧州市立醫院,ORG,4,0.0029390154298310064,0.04138550248184424,351.1388175222389,2.822466836014677e-4
郭太華,PERSON,6,0.00440852314474651,0.009999997246425744,16.691580270135713,2.0682523267838676e-4
重慶政府,ORG,4,0.0029390154298310064,0.038193656117322415,1111.7119889309909,2.822466836014677e-4
重慶國際貿易委員會,ORG,1,7.347538574577516e-4,0.03749938865978159,0,2.817695125387433e-4
中國毛織公司,ORG,1,7.347538574577516e-4,0.03749938865978159,0,2.817695125387433e-4
農業貸款委員會,ORG,1,7.347538574577516e-4,0.03749938865978157,0,2.817695125387433e-4
陝西墾業公司,ORG,1,7.347538574577516e-4,0.03749938865978157,0,2.817695125387433e-4
貴州礦產,ORG,1,7.347538574577516e-4,0.03749938865978159,0,2.817695125387433e-4
貴州省墾業公司,ORG,1,7.347538574577516e-4,0.03749938865978158,0,2.817695125387433e-4
趙慶記,PERSON,6,0.00440852314474651,0.009196447143291408,4.4564536340852126,2.0538098172109262e-4
愼記,PERSON,6,0.00440852314474651,0.00919644714329141,4.4564536340852126,2.0538098172109262e-4
張玉記,PERSON,6,0.00440852314474651,0.009196447143291408,4.4564536340852126,2.0538098172109262e-4
米業掮客聯誼會,ORG,7,0.005143277002204262,0.03956855553407415,1332.7459244890194,2.827254735651682e-4
趙慶瀾,PERSON,6,0.00440852314474651,0.009196447143291413,4.4564536340852126,2.0538098172109262e-4
米行,ORG,7,0.005143277002204262,0.03956855553407415,1332.7459244890194,2.827254735651682e-4
張王記,PERSON,6,0.00440852314474651,0.009196447143291412,4.4564536340852126,2.0538098172109262e-4
同茂新記米行,ORG,7,0.005143277002204262,0.039568555534074144,1332.7459244890194,2.827254735651682e-4
張玉書,PERSON,6,0.00440852314474651,0.00919644714329141,4.4564536340852126,2.0538098172109262e-4
食糧協會,ORG,7,0.005143277002204262,0.03956855553407416,1332.7459244890194,2.827254735651682e-4
上海食糧合作協會,ORG,7,0.005143277002204262,0.03956855553407415,1332.7459244890194,2.827254735651682e-4
中政府,ORG,5,0.0036737692872887582,0.04021868497176397,559.3464038199321,2.824060999717594e-4
交通部,ORG,5,0.0036737692872887582,0.04021868497176397,559.3464038199321,2.824060999717594e-4
美晚報,ORG,5,0.0036737692872887582,0.04021868497176397,559.3464038199321,2.824060999717594e-4
滙豐銀行,ORG,5,0.0036737692872887582,0.040218684971763966,559.3464038199321,2.824060999717594e-4
上海錢業同業公會,ORG,5,0.0036737692872887582,0.040218684971763966,559.3464038199321,2.824060999717594e-4
東吳大學,ORG,28,0.020573108008817047,0.047328860443960806,10492.484053459355,2.861230329041488e-4
永淸,PERSON,8,0.005878030859662013,0.012332036026603146,27.58366013071895,2.065688907250568e-4
袁履敦,PERSON,8,0.005878030859662013,0.012332036026603146,27.58366013071895,2.065688907250568e-4
貝克,PERSON,15,0.011021307861866276,0.03551964242091371,284.41252119198566,2.0916126333403055e-4
美紅會,ORG,5,0.0036737692872887582,0.04021868497176398,559.3464038199321,2.824060999717594e-4
國部,ORG,5,0.0036737692872887582,0.040218684971763966,559.3464038199321,2.824060999717594e-4
勃薩德,PERSON,8,0.005878030859662013,0.012332036026603146,27.58366013071895,2.065688907250568e-4
華成煙公司,ORG,25,0.018368846436443792,0.07473267099358936,15265.61071330711,2.871088142405972e-4
吳良材,PERSON,7,0.005143277002204262,0.012818703044735449,81.31670179246932,2.0742584526031943e-4
九二四,ORG,2,0.0014695077149155032,0.03798008218737047,155.7812664861952,2.81928390188892e-4
集成大藥房,ORG,8,0.005878030859662013,0.03944687260756484,3814.6001097726185,2.828854314002829e-4
中西大藥房,ORG,3,0.002204261572373255,0.03824753366329619,435.1440400040122,2.8208744710860365e-4
功德製藥社,ORG,2,0.0014695077149155032,0.03798008218737048,155.7812664861952,2.81928390188892e-4
高院,ORG,9,0.006612784717119765,0.06095893054553487,818.8122851855397,2.830455703368242e-4
最高法院,ORG,9,0.006612784717119765,0.06095893054553488,818.8122851855397,2.830455703368242e-4
邱煥瀛,PERSON,7,0.005143277002204262,0.01834109744079196,25.8478884219025,2.1074815595363542e-4
上海難民協會,ORG,9,0.006612784717119765,0.06095893054553489,818.8122851855397,2.830455703368242e-4
李士羣,PERSON,11,0.008082292432035268,0.02487907724877271,376.80055426366835,2.1272069772388852e-4
丁默邨,PERSON,7,0.005143277002204262,0.01834109744079196,25.8478884219025,2.1074815595363542e-4
米糧統制會,ORG,9,0.006612784717119765,0.06095893054553488,818.8122851855397,2.830455703368242e-4
陳國權,PERSON,7,0.005143277002204262,0.01834109744079196,25.8478884219025,2.1074815595363542e-4
僞市商會,ORG,9,0.006612784717119765,0.060958930545534855,818.8122851855397,2.830455703368242e-4
陽明,PERSON,4,0.0029390154298310064,0.0105716277269674,5.813207547169812,2.06058108386565e-4
翁方綱,PERSON,4,0.0029390154298310064,0.010571627726967403,5.813207547169812,2.06058108386565e-4
劉墉,PERSON,4,0.0029390154298310064,0.010571627726967403,5.813207547169812,2.06058108386565e-4
何紹基,PERSON,4,0.0029390154298310064,0.010571627726967403,5.813207547169812,2.06058108386565e-4
張燕昌,PERSON,7,0.005143277002204262,0.01853778194614734,275.4640588933632,2.1021652301870928e-4
沈淇泉,PERSON,6,0.00440852314474651,0.015678784756115664,19.131157454405432,2.0648358455502787e-4
關絅,PERSON,3,0.002204261572373255,0.007874144488316467,0.2,2.050440844781628e-4
趙叔孺,PERSON,6,0.00440852314474651,0.01567878475611566,19.131157454405432,2.0648358455502787e-4
中西廣播電臺,ORG,2,0.0014695077149155032,0.037766840135707344,278.50776098649345,2.81928390188892e-4
朱堯坤,PERSON,4,0.0029390154298310064,0.007132155629314925,33.4609514933214,2.0716801325875285e-4
其昌銀號,ORG,1,7.347538574577516e-4,0.03749938865978157,0,2.817695125387433e-4
海王,ORG,1,7.347538574577516e-4,0.0374993886597816,0,2.817695125387433e-4
久大精塩公司,ORG,1,7.347538574577516e-4,0.037499388659781564,0,2.817695125387433e-4
吉福德祿,PERSON,7,0.005143277002204262,0.010636788781073927,28.778275040910536,2.0563438206868187e-4
北平同仁製藥社,ORG,2,0.0014695077149155032,0.03789826173637508,179.61983627022445,2.81928390188892e-4
先施,ORG,9,0.006612784717119765,0.05156761264156943,919.0397415838638,2.830455703368242e-4
大新,ORG,2,0.0014695077149155032,0.037898261736375075,179.61983627022445,2.81928390188892e-4
信誼藥廠,ORG,5,0.0036737692872887582,0.038596034423743375,1286.508691601762,2.824060999717594e-4
恩施,ORG,1,7.347538574577516e-4,0.037499388659781585,0,2.817695125387433e-4
湖北省建設計劃委員會,ORG,1,7.347538574577516e-4,0.03749938865978159,0,2.817695125387433e-4
省黨部,ORG,1,7.347538574577516e-4,0.037499388659781585,0,2.817695125387433e-4
興華冶金公司,ORG,1,7.347538574577516e-4,0.037499388659781585,0,2.817695125387433e-4
運輸統制局,ORG,1,7.347538574577516e-4,0.03749938865978159,0,2.817695125387433e-4
西南運輸處,ORG,1,7.347538574577516e-4,0.037499388659781585,0,2.817695125387433e-4
中國運輸公司,ORG,1,7.347538574577516e-4,0.03749938865978159,0,2.817695125387433e-4
崇陽,ORG,1,7.347538574577516e-4,0.0374993886597816,0,2.817695125387433e-4
中央研,ORG,1,7.347538574577516e-4,0.03749938865978158,0,2.817695125387433e-4
諸祈亮鑒,PERSON,4,0.0029390154298310064,0.009914394273323107,78.54433145957488,2.1290185224611454e-4
胡起鵬,PERSON,4,0.0029390154298310064,0.009914394273323109,78.54433145957488,2.1290185224611454e-4
廣州方便醫院,ORG,14,0.010286554004408524,0.04619056919001373,2364.6335716113153,2.838489923360772e-4
何炳,PERSON,7,0.005143277002204262,0.01484047620290977,138.0566099734979,2.1317416329140907e-4
上海靑春病院,ORG,5,0.0036737692872887582,0.04157406420380786,698.6496944964042,2.824060999717594e-4
拜耳,ORG,7,0.005143277002204262,0.043012751066025534,792.8399881549255,2.827254735651682e-4
馮媛媛,PERSON,8,0.005878030859662013,0.013651671885640008,21.186851541531837,2.072538860103627e-4
艶若桃,PERSON,8,0.005878030859662013,0.013651671885640012,21.186851541531837,2.072538860103627e-4
天仙,PERSON,8,0.005878030859662013,0.013651671885640015,21.186851541531837,2.072538860103627e-4
成龍照相公司,ORG,7,0.005143277002204262,0.04301275106602554,792.8399881549255,2.827254735651682e-4
成龍禮服公司,ORG,7,0.005143277002204262,0.043012751066025534,792.8399881549255,2.827254735651682e-4
華新邨,ORG,7,0.005143277002204262,0.043012751066025534,792.8399881549255,2.827254735651682e-4
花柳科風濕痛,ORG,7,0.005143277002204262,0.043012751066025534,792.8399881549255,2.827254735651682e-4
任國楨,PERSON,8,0.005878030859662013,0.013651671885640015,21.186851541531837,2.072538860103627e-4
關正明,PERSON,3,0.002204261572373255,0.005120466099269682,0.3711799660441426,2.0614306328592042e-4
顧正秋,PERSON,3,0.002204261572373255,0.005120466099269681,0.3711799660441426,2.0614306328592042e-4
張正鵬,PERSON,3,0.002204261572373255,0.00512046609926968,0.3711799660441426,2.0614306328592042e-4
徐正鈞,PERSON,3,0.002204261572373255,0.005120466099269681,0.3711799660441426,2.0614306328592042e-4
薜正康,PERSON,3,0.002204261572373255,0.005120466099269682,0.3711799660441426,2.0614306328592042e-4
朱正琴,PERSON,3,0.002204261572373255,0.005120466099269684,0.3711799660441426,2.0614306328592042e-4
馬正鳳,PERSON,3,0.002204261572373255,0.005120466099269683,0.3711799660441426,2.0614306328592042e-4
張正芳,PERSON,3,0.002204261572373255,0.005120466099269682,0.3711799660441426,2.0614306328592042e-4
王正堃,PERSON,3,0.002204261572373255,0.005120466099269683,0.3711799660441426,2.0614306328592042e-4
孫正陽,PERSON,3,0.002204261572373255,0.005120466099269683,0.3711799660441426,2.0614306328592042e-4
景正飛,PERSON,3,0.002204261572373255,0.0051204660992696825,0.3711799660441426,2.0614306328592042e-4
鍾馗,PERSON,3,0.002204261572373255,0.005120466099269683,0.3711799660441426,2.0614306328592042e-4
林冲,PERSON,3,0.002204261572373255,0.0051204660992696825,0.3711799660441426,2.0614306328592042e-4
魏廷榮,PERSON,3,0.002204261572373255,0.005120466099269683,0.3711799660441426,2.0614306328592042e-4
鮑和卿,PERSON,5,0.0036737692872887582,0.01119447304807101,402.03552215645254,2.1119324181626187e-4
陳承蔭,PERSON,3,0.002204261572373255,0.005120466099269683,0.3711799660441426,2.0614306328592042e-4
兪雲谷,PERSON,3,0.002204261572373255,0.005120466099269683,0.3711799660441426,2.0614306328592042e-4
震旦大學,ORG,24,0.01763409257898604,0.04460956413197841,9584.163569101092,2.8546959748786756e-4
關鴻賓,PERSON,3,0.002204261572373255,0.005120466099269683,0.3711799660441426,2.0614306328592042e-4
中國文化劇團,ORG,24,0.01763409257898604,0.04460956413197841,9584.163569101092,2.8546959748786756e-4
瑞德寳,PERSON,3,0.002204261572373255,0.00512046609926968,0.3711799660441426,2.0614306328592042e-4
王益芳,PERSON,3,0.002204261572373255,0.0051204660992696825,0.3711799660441426,2.0614306328592042e-4
穆盛樓,PERSON,3,0.002204261572373255,0.005120466099269682,0.3711799660441426,2.0614306328592042e-4
關盛明,PERSON,3,0.002204261572373255,0.005120466099269681,0.3711799660441426,2.0614306328592042e-4
愛爾康藥行,ORG,1,7.347538574577516e-4,0.03749938865978159,0,2.817695125387433e-4
胡文虎,PERSON,1,7.347538574577516e-4,0.002012736435151614,0,2.0479213598197828e-4
華成公司,ORG,14,0.010286554004408524,0.053673846616872606,6376.676536906241,2.838489923360772e-4
鍾艾吉,PERSON,1,7.347538574577516e-4,0.0020127364351516124,0,2.0479213598197828e-4
艾吉,PERSON,1,7.347538574577516e-4,0.002012736435151613,0,2.0479213598197828e-4
匡仲謀,PERSON,2,0.0014695077149155032,0.005020812512490975,2.1574886606838852,2.065688907250568e-4
袁美雲,PERSON,2,0.0014695077149155032,0.005020812512490975,2.1574886606838852,2.065688907250568e-4
陸露明,PERSON,2,0.0014695077149155032,0.005020812512490975,2.1574886606838852,2.065688907250568e-4
力中西大藥房,ORG,7,0.005143277002204262,0.05915784541037084,2124.287749103865,2.827254735651682e-4
上海萬國商團,ORG,7,0.005143277002204262,0.05972858129408123,1213.0133425091717,2.827254735651682e-4
項培,PERSON,3,0.002204261572373255,0.009105132236010295,8.110229548781064,2.1039343572480537e-4
奚玉畫,PERSON,3,0.002204261572373255,0.009105132236010295,8.110229548781064,2.1039343572480537e-4
救世軍,ORG,7,0.005143277002204262,0.05972858129408119,1213.0133425091717,2.827254735651682e-4
馬立師,PERSON,3,0.002204261572373255,0.009105132236010295,8.110229548781064,2.1039343572480537e-4
北京清和堂藥店,ORG,1,7.347538574577516e-4,0.0374993886597816,0,2.817695125387433e-4
新先施,ORG,1,7.347538574577516e-4,0.03749938865978159,0,2.817695125387433e-4
節約服務社,ORG,1,7.347538574577516e-4,0.037499388659781606,0,2.817695125387433e-4
上海宇宙藥廠,ORG,1,7.347538574577516e-4,0.0374993886597816,0,2.817695125387433e-4
華美大藥房,ORG,1,7.347538574577516e-4,0.0374993886597816,0,2.817695125387433e-4
公倉委會,ORG,12,0.00881704628949302,0.04895771700990024,2483.2361809901504,2.835270768358378e-4
上海公倉委員會,ORG,12,0.00881704628949302,0.04895771700990024,2483.2361809901504,2.835270768358378e-4
張則民,PERSON,3,0.002204261572373255,0.005623951896404426,0.8253205128205128,2.054653790836244e-4
處洽卿,PERSON,6,0.00440852314474651,0.009920668161648992,32.868732492997204,2.0588840848260242e-4
湯姆生,PERSON,3,0.002204261572373255,0.0056239518964044275,0.8253205128205128,2.054653790836244e-4
凱自威,PERSON,6,0.00440852314474651,0.018598719083576548,17.30904488076037,2.108370229812355e-4
工部局建,ORG,9,0.006612784717119765,0.06875749332769844,732.0944715299144,2.830455703368242e-4
徐寄顧,PERSON,6,0.00440852314474651,0.018598719083576555,17.30904488076037,2.108370229812355e-4
電文云,PERSON,6,0.00440852314474651,0.018598719083576548,17.30904488076037,2.108370229812355e-4
上海公共租界工部局,ORG,9,0.006612784717119765,0.06875749332769845,732.0944715299144,2.830455703368242e-4
納稅華人代表大會,ORG,9,0.006612784717119765,0.06875749332769845,732.0944715299144,2.830455703368242e-4
福克斯,PERSON,5,0.0036737692872887582,0.00717187389591939,21.076923076923077,2.050440844781628e-4
席德懋,PERSON,2,0.0014695077149155032,0.00292300608984322,0.07692307692307693,2.0479213598197828e-4
陳光甫,PERSON,2,0.0014695077149155032,0.0029230060898432185,0.07692307692307693,2.0479213598197828e-4
歐亞公司,ORG,13,0.009551800146950772,0.03897404990202095,7716.000000000214,0.00028368794326241134
江東楊雲史,PERSON,2,0.0014695077149155032,0.0029230060898432202,0.07692307692307693,2.0479213598197828e-4
許世英,PERSON,2,0.0014695077149155032,0.0029230060898432194,0.07692307692307693,2.0479213598197828e-4
社月笙,PERSON,2,0.0014695077149155032,0.0029230060898432202,0.07692307692307693,2.0479213598197828e-4
錢新之,PERSON,2,0.0014695077149155032,0.0029230060898432202,0.07692307692307693,2.0479213598197828e-4
王曉籍,PERSON,2,0.0014695077149155032,0.00292300608984322,0.07692307692307693,2.0479213598197828e-4
楊千里,PERSON,2,0.0014695077149155032,0.002923006089843219,0.07692307692307693,2.0479213598197828e-4
秦待時,PERSON,2,0.0014695077149155032,0.0029230060898432207,0.07692307692307693,2.0479213598197828e-4
黃定,PERSON,2,0.0014695077149155032,0.00292300608984322,0.07692307692307693,2.0479213598197828e-4
徐慕邢,PERSON,2,0.0014695077149155032,0.0029230060898432207,0.07692307692307693,2.0479213598197828e-4
港廣播電台,ORG,13,0.009551800146950772,0.038974049902020975,7716.000000000214,0.00028368794326241134
張裕,PERSON,7,0.005143277002204262,0.010039911484775793,23.989337474120084,2.0496003279360525e-4
好力,ORG,2,0.0014695077149155032,0.037875879202659016,190.95013414606436,2.81928390188892e-4
美國國際維他命公司,ORG,2,0.0014695077149155032,0.037875879202659016,190.95013414606436,2.81928390188892e-4
木局,ORG,1,7.347538574577516e-4,0.037499388659781585,0,2.817695125387433e-4
上海電力公司,ORG,1,7.347538574577516e-4,0.0374993886597816,0,2.817695125387433e-4
上海食米公倉,ORG,1,7.347538574577516e-4,0.03749938865978159,0,2.817695125387433e-4
公倉管理委員會,ORG,1,7.347538574577516e-4,0.037499388659781585,0,2.817695125387433e-4
上海工部局,ORG,1,7.347538574577516e-4,0.0374993886597816,0,2.817695125387433e-4
第一醫院,ORG,7,0.005143277002204262,0.059999378652759595,1253.6430567508223,2.827254735651682e-4
上海災童教養所,ORG,7,0.005143277002204262,0.05999937865275958,1253.6430567508223,2.827254735651682e-4
俾克,PERSON,3,0.002204261572373255,0.006749820058335717,0.42857142857142855,2.0437359493153485e-4
麥克諾登,PERSON,5,0.0036737692872887582,0.011263423201419195,9.828571428571427,2.050440844781628e-4
襲懋德,PERSON,3,0.002204261572373255,0.006749820058335712,0.42857142857142855,2.0437359493153485e-4
四五事務,ORG,7,0.005143277002204262,0.059999378652759595,1253.6430567508223,2.827254735651682e-4
基督教,ORG,23,0.01689933872152829,0.07193405906224816,15747.362624395793,2.853067047075606e-4
關絅之,PERSON,1,7.347538574577516e-4,0.002697483238650934,0,2.0554984583761563e-4
錢名山,PERSON,1,7.347538574577516e-4,0.0026974832386509337,0,2.0554984583761563e-4
鄧春澍,PERSON,1,7.347538574577516e-4,0.002697483238650934,0,2.0554984583761563e-4
許仲奇,PERSON,1,7.347538574577516e-4,0.002697483238650934,0,2.0554984583761563e-4
李瑞來,PERSON,1,7.347538574577516e-4,0.002697483238650934,0,2.0554984583761563e-4
楊瑞亭,PERSON,1,7.347538574577516e-4,0.0026974832386509337,0,2.0554984583761563e-4
李仲林,PERSON,1,7.347538574577516e-4,0.002697483238650934,0,2.0554984583761563e-4
王筱芳,PERSON,1,7.347538574577516e-4,0.002697483238650935,0,2.0554984583761563e-4
張德祿,PERSON,1,7.347538574577516e-4,0.0026974832386509337,0,2.0554984583761563e-4
張質彬,PERSON,1,7.347538574577516e-4,0.0026974832386509333,0,2.0554984583761563e-4
中國茶葉公司,ORG,7,0.005143277002204262,0.04298756836638814,568.2020041866515,2.827254735651682e-4
復興公司,ORG,7,0.005143277002204262,0.04298756836638813,568.2020041866515,2.827254735651682e-4
富華公司,ORG,7,0.005143277002204262,0.04298756836638814,568.2020041866515,2.827254735651682e-4
農本局,ORG,7,0.005143277002204262,0.04298756836638814,568.2020041866515,2.827254735651682e-4
全國糧食管理局,ORG,7,0.005143277002204262,0.04298756836638814,568.2020041866515,2.827254735651682e-4
伍澤民,PERSON,15,0.011021307861866276,0.028698122420030267,227.7287494792733,2.13903743315508e-4
胡桂冬,PERSON,9,0.006612784717119765,0.015780677541245045,29.0982837213101,2.0751193193608634e-4
金素生,PERSON,9,0.006612784717119765,0.01578067754124504,29.0982837213101,2.0751193193608634e-4
王天申,PERSON,15,0.011021307861866276,0.028698122420030288,227.7287494792733,2.13903743315508e-4
林振彬,PERSON,15,0.011021307861866276,0.028698122420030284,227.7287494792733,2.13903743315508e-4
醫院,ORG,7,0.005143277002204262,0.04298756836638814,568.2020041866515,2.827254735651682e-4
日帝國大學,ORG,7,0.005143277002204262,0.042987568366388125,568.2020041866515,2.827254735651682e-4
林伯輝,PERSON,15,0.011021307861866276,0.028698122420030277,227.7287494792733,2.13903743315508e-4
帝國大學研究院,ORG,11,0.008082292432035268,0.04517927866698794,1236.0877421147418,2.8336639274582036e-4
中華民國政府特派水災賑濟會,ORG,3,0.002204261572373255,0.04219827403077506,75.51367438015848,2.8208744710860365e-4
國民政府,ORG,7,0.005143277002204262,0.044174035276989425,907.9864535899653,2.827254735651682e-4
上海美童學校,ORG,3,0.002204261572373255,0.04219827403077506,75.51367438015848,2.8208744710860365e-4
南京金陵神學院,ORG,3,0.002204261572373255,0.04219827403077505,75.51367438015848,2.8208744710860365e-4
上海美僑協會,ORG,3,0.002204261572373255,0.04219827403077506,75.51367438015848,2.8208744710860365e-4
中華基督敎敎育協會,ORG,3,0.002204261572373255,0.04219827403077505,75.51367438015848,2.8208744710860365e-4
美國民中黨,ORG,3,0.002204261572373255,0.04219827403077506,75.51367438015848,2.8208744710860365e-4
規矩會,ORG,3,0.002204261572373255,0.04219827403077506,75.51367438015848,2.8208744710860365e-4
杭州扶輪社,ORG,3,0.002204261572373255,0.04219827403077506,75.51367438015848,2.8208744710860365e-4
上海,ORG,6,0.00440852314474651,0.04237934771372446,8206.26367438014,2.830455703368242e-4
國同學會,ORG,3,0.002204261572373255,0.04219827403077506,75.51367438015848,2.8208744710860365e-4
新聲社,ORG,14,0.010286554004408524,0.07356514234675024,1681.442666794795,2.838489923360772e-4
西藏,ORG,2,0.0014695077149155032,0.03776832954642362,269.00000000000085,2.81928390188892e-4
韶關,ORG,2,0.0014695077149155032,0.03776832954642362,269.00000000000085,2.81928390188892e-4
粵戰時公債勸募總隊部,ORG,2,0.0014695077149155032,0.03776832954642362,269.00000000000085,2.81928390188892e-4
香港惠民藥行,ORG,1,7.347538574577516e-4,0.03749938865978158,0,2.817695125387433e-4
鼎豐,ORG,1,7.347538574577516e-4,0.03749938865978157,0,2.817695125387433e-4
中國地理硏究所海洋組,ORG,2,0.0014695077149155032,0.039948147085356836,34.01336074472322,2.81928390188892e-4
新新公司,ORG,4,0.0029390154298310064,0.04220553330437957,198.5400420906636,2.822466836014677e-4
南洋藥房,ORG,4,0.0029390154298310064,0.04220553330437955,198.5400420906636,2.822466836014677e-4
綢業,ORG,4,0.0029390154298310064,0.04220553330437955,198.5400420906636,2.822466836014677e-4
大綸,ORG,4,0.0029390154298310064,0.04220553330437956,198.5400420906636,2.822466836014677e-4
復旦大學,ORG,12,0.00881704628949302,0.03959363299443821,4694.293675725699,2.835270768358378e-4
伍蠡甫,PERSON,3,0.002204261572373255,0.004454211096333582,0.25,2.0479213598197828e-4
吳南軒,PERSON,3,0.002204261572373255,0.004454211096333583,0.25,2.0479213598197828e-4
馬克頓,PERSON,3,0.002204261572373255,0.004454211096333585,0.25,2.0479213598197828e-4
中國滑翔總會滇分會,ORG,12,0.00881704628949302,0.03959363299443822,4694.293675725699,2.835270768358378e-4
宋如海,PERSON,3,0.002204261572373255,0.004454211096333586,0.25,2.0479213598197828e-4
滇分會,ORG,12,0.00881704628949302,0.03959363299443823,4694.293675725699,2.835270768358378e-4
龍雲,PERSON,3,0.002204261572373255,0.004454211096333586,0.25,2.0479213598197828e-4
盧漢,PERSON,3,0.002204261572373255,0.004454211096333582,0.25,2.0479213598197828e-4
李鴻祥,PERSON,3,0.002204261572373255,0.004454211096333584,0.25,2.0479213598197828e-4
張西林,PERSON,3,0.002204261572373255,0.004454211096333582,0.25,2.0479213598197828e-4
龔自知,PERSON,3,0.002204261572373255,0.004454211096333583,0.25,2.0479213598197828e-4
裴有藩,PERSON,3,0.002204261572373255,0.004454211096333585,0.25,2.0479213598197828e-4
法當局,ORG,1,7.347538574577516e-4,0.037499388659781585,0,2.817695125387433e-4
華董處,ORG,7,0.005143277002204262,0.0649285356904948,863.7474852916912,2.827254735651682e-4
葛樂泰,PERSON,3,0.002204261572373255,0.009495122457858796,7.8303678805951815,2.1039343572480537e-4
德商雅利洋行,ORG,7,0.005143277002204262,0.06492853569049477,863.7474852916912,2.827254735651682e-4
高來德,PERSON,3,0.002204261572373255,0.009495122457858796,7.8303678805951815,2.1039343572480537e-4
鄭午昌,PERSON,1,7.347538574577516e-4,0.0014792336073239697,0,2.0429009193054137e-4
俞化行,PERSON,1,7.347538574577516e-4,0.0014792336073239701,0,2.0429009193054137e-4
自當樂,ORG,32,0.02351212343864805,0.06051208157037896,16996.29090014613,2.8677946659019213e-4
徐定瀾,PERSON,2,0.0014695077149155032,0.004749935346650555,0.5002727329673611,2.0785699438786114e-4
仝啓金,PERSON,2,0.0014695077149155032,0.004749935346650555,0.5002727329673611,2.0785699438786114e-4
食米公倉管理委員會,ORG,2,0.0014695077149155032,0.03765825423994739,452.66666666667885,2.81928390188892e-4
民食調節協會,ORG,2,0.0014695077149155032,0.03765825423994739,452.66666666667885,2.81928390188892e-4
食糧合作協會,ORG,2,0.0014695077149155032,0.037658254239947384,452.66666666667885,2.81928390188892e-4
金華亭,PERSON,3,0.002204261572373255,0.004236484535977975,1.5,2.0395676116663266e-4
德國澳都烏爾夫公司,ORG,1,7.347538574577516e-4,0.03749938865978158,0,2.817695125387433e-4
中國汽車製造公司,ORG,1,7.347538574577516e-4,0.03749938865978158,0,2.817695125387433e-4
澳都烏爾夫公司,ORG,1,7.347538574577516e-4,0.0374993886597816,0,2.817695125387433e-4
一三北公司辦事處,ORG,1,7.347538574577516e-4,0.03749938865978159,0,2.817695125387433e-4
卜居春申,PERSON,3,0.002204261572373255,0.004283831763308409,1.4444444444444444,2.0420665713702266e-4
陳安,PERSON,3,0.002204261572373255,0.004283831763308406,1.4444444444444444,2.0420665713702266e-4
信誼,ORG,3,0.002204261572373255,0.03782067080427239,900.8142254862624,2.8208744710860365e-4
震旦大學攝影社,ORG,3,0.002204261572373255,0.03782067080427241,900.8142254862624,2.8208744710860365e-4
白克路新劑藥房,ORG,1,7.347538574577516e-4,0.03749938865978159,0,2.817695125387433e-4
寳隆醫院,ORG,1,7.347538574577516e-4,0.0374993886597816,0,2.817695125387433e-4
九星,ORG,1,7.347538574577516e-4,0.03749938865978161,0,2.817695125387433e-4
九星生物製藥廠,ORG,1,7.347538574577516e-4,0.03749938865978159,0,2.817695125387433e-4
奐玉書,PERSON,1,7.347538574577516e-4,0.0016174550678373567,0,2.0395676116663266e-4
劉榮生,PERSON,1,7.347538574577516e-4,0.0016174550678373558,0,2.0395676116663266e-4
大使館,ORG,4,0.0029390154298310064,0.043132838311363886,2734.6094853190284,2.822466836014677e-4
唐太平,PERSON,3,0.002204261572373255,0.005436431235783046,3.039436392179304,2.065688907250568e-4
唐拾義,PERSON,5,0.0036737692872887582,0.008347725764770761,48.541856523948866,2.072538860103627e-4
載先公,PERSON,3,0.002204261572373255,0.005436431235783045,3.039436392179304,2.065688907250568e-4
武田牌,ORG,6,0.00440852314474651,0.042177669047411805,1218.627077679388,2.8256569652444194e-4
爵祿,ORG,16,0.011756061719324026,0.07193281624500343,1426.1132915690705,2.841716396703609e-4
勝利,ORG,19,0.013960323291697281,0.07531128196965807,1782.711381735383,2.846569883290635e-4
大美,ORG,19,0.013960323291697281,0.07531128196965807,1782.711381735383,2.846569883290635e-4
大路,ORG,19,0.013960323291697281,0.0753112819696581,1782.711381735383,2.846569883290635e-4
小都會,ORG,19,0.013960323291697281,0.07531128196965813,1782.711381735383,2.846569883290635e-4
小舞塲,ORG,19,0.013960323291697281,0.07531128196965807,1782.711381735383,2.846569883290635e-4
新都會,ORG,19,0.013960323291697281,0.07531128196965808,1782.711381735383,2.846569883290635e-4
大亞,ORG,19,0.013960323291697281,0.07531128196965808,1782.711381735383,2.846569883290635e-4
魏梅章,PERSON,21,0.015429831006612785,0.053047987452815366,135.181500819085,2.1003990758244065e-4
上海同仁輔元分堂,ORG,16,0.011756061719324026,0.07193281624500346,1426.1132915690705,2.841716396703609e-4
裴雲卿,PERSON,12,0.00881704628949302,0.03420636840532343,376.4431035816812,2.1290185224611454e-4
斐雲卿,PERSON,11,0.008082292432035268,0.03134737121529174,19.869542750224436,2.0916126333403055e-4
何佰齡,PERSON,11,0.008082292432035268,0.031347371215291735,19.869542750224436,2.0916126333403055e-4
徐濟華,PERSON,11,0.008082292432035268,0.03134737121529175,19.869542750224436,2.0916126333403055e-4
黄榮慶,PERSON,11,0.008082292432035268,0.03134737121529175,19.869542750224436,2.0916126333403055e-4
陸紀林,PERSON,11,0.008082292432035268,0.03134737121529174,19.869542750224436,2.0916126333403055e-4
徐崇修,PERSON,11,0.008082292432035268,0.031347371215291735,19.869542750224436,2.0916126333403055e-4
陶方,PERSON,11,0.008082292432035268,0.031347371215291735,19.869542750224436,2.0916126333403055e-4
砂記紗布交易所,ORG,16,0.011756061719324026,0.07193281624500342,1426.1132915690705,2.841716396703609e-4
朱文龍,PERSON,11,0.008082292432035268,0.031347371215291735,19.869542750224436,2.0916126333403055e-4
吳廷楨,PERSON,11,0.008082292432035268,0.03134737121529173,19.869542750224436,2.0916126333403055e-4
韓顯文,PERSON,11,0.008082292432035268,0.03134737121529175,19.869542750224436,2.0916126333403055e-4
刻振委會,ORG,2,0.0014695077149155032,0.03800860863804857,146.69014408225158,2.81928390188892e-4
湘振會,ORG,2,0.0014695077149155032,0.03800860863804859,146.69014408225158,2.81928390188892e-4
苗培,PERSON,8,0.005878030859662013,0.013579420797681856,106.29727438676267,2.094240837696335e-4
中央社,ORG,4,0.0029390154298310064,0.03915036332643646,435.92925037341837,2.822466836014677e-4
鄂西華軍,ORG,2,0.0014695077149155032,0.03800860863804857,146.69014408225158,2.81928390188892e-4
重慶三北輪埠公司,ORG,2,0.0014695077149155032,0.03800860863804859,146.69014408225158,2.81928390188892e-4
社會部,ORG,2,0.0014695077149155032,0.03800860863804858,146.69014408225158,2.81928390188892e-4
正德藥廠,ORG,4,0.0029390154298310064,0.04165769588570058,521.8732429966599,2.822466836014677e-4
花柳皮,PERSON,3,0.002204261572373255,0.005354411205326475,4.026603212623334,2.065688907250568e-4
法公董局,ORG,2,0.0014695077149155032,0.03760514969489556,679.5000000000015,2.81928390188892e-4
達孚洋行,ORG,2,0.0014695077149155032,0.037605149694895555,679.5000000000015,2.81928390188892e-4
郭峻峰,PERSON,4,0.0029390154298310064,0.012466834980468742,0.4122234910967305,2.063983488132095e-4
泰康公司,ORG,27,0.019838354151359296,0.08193705199341894,5229.477505975772,2.8595939376608524e-4
上海義濟善會,ORG,27,0.019838354151359296,0.08193705199341893,5229.477505975772,2.8595939376608524e-4
金榮,PERSON,6,0.00440852314474651,0.018719340239116786,19.51229484647399,2.0820320632937748e-4
周邦俊,PERSON,6,0.00440852314474651,0.018719340239116786,19.51229484647399,2.0820320632937748e-4
姚禮笙,PERSON,9,0.006612784717119765,0.027710069612916558,40.22957625904501,2.0889910173386254e-4
蕢延芳,PERSON,16,0.011756061719324026,0.050897676007227124,274.6741190480406,2.1119324181626187e-4
陳世昌,PERSON,10,0.0073475385745775165,0.030569066802948224,401.48511605041494,2.1253985122210415e-4
張繼光,PERSON,9,0.006612784717119765,0.027710069612916537,40.22957625904501,2.0889910173386254e-4
謝克明,PERSON,9,0.006612784717119765,0.027710069612916537,40.22957625904501,2.0889910173386254e-4
國華電臺,ORG,27,0.019838354151359296,0.08193705199341893,5229.477505975772,2.8595939376608524e-4
周雲瑞,PERSON,4,0.0029390154298310064,0.012466834980468744,0.4122234910967305,2.063983488132095e-4
呂逸安,PERSON,4,0.0029390154298310064,0.012466834980468735,0.4122234910967305,2.063983488132095e-4
顧玉笙,PERSON,4,0.0029390154298310064,0.012466834980468746,0.4122234910967305,2.063983488132095e-4
王柏蔭,PERSON,4,0.0029390154298310064,0.012466834980468742,0.4122234910967305,2.063983488132095e-4
朱小祥,PERSON,4,0.0029390154298310064,0.012466834980468742,0.4122234910967305,2.063983488132095e-4
徐似祥,PERSON,4,0.0029390154298310064,0.012466834980468739,0.4122234910967305,2.063983488132095e-4
馮小慶,PERSON,4,0.0029390154298310064,0.012466834980468737,0.4122234910967305,2.063983488132095e-4
鍾月樵,PERSON,4,0.0029390154298310064,0.012466834980468742,0.4122234910967305,2.063983488132095e-4
唐鳳春,PERSON,4,0.0029390154298310064,0.012466834980468739,0.4122234910967305,2.063983488132095e-4
朱介人,PERSON,4,0.0029390154298310064,0.012466834980468744,0.4122234910967305,2.063983488132095e-4
三友實業社股份有限公司,ORG,3,0.002204261572373255,0.03781847161009791,905.0000000000199,2.8208744710860365e-4
百代公司,ORG,3,0.002204261572373255,0.03781847161009791,905.0000000000199,2.8208744710860365e-4
上海英商電氣音樂實業有限公司,ORG,3,0.002204261572373255,0.03781847161009789,905.0000000000199,2.8208744710860365e-4
范小舲,PERSON,3,0.002204261572373255,0.004254508696277943,1,2.0403999183840033e-4
嚴湘舲,PERSON,3,0.002204261572373255,0.004254508696277942,1,2.0403999183840033e-4
王桂武,PERSON,1,7.347538574577516e-4,0.0024807692812305027,0,2.0777062123415748e-4
李瑞亭,PERSON,1,7.347538574577516e-4,0.0024807692812305027,0,2.0777062123415748e-4
劉俊鵬,PERSON,1,7.347538574577516e-4,0.0024807692812305023,0,2.0777062123415748e-4
毛韻珂,PERSON,1,7.347538574577516e-4,0.002480769281230502,0,2.0777062123415748e-4
葛次江,PERSON,1,7.347538574577516e-4,0.0024807692812305014,0,2.0777062123415748e-4
曹新玉,PERSON,1,7.347538574577516e-4,0.002480769281230504,0,2.0777062123415748e-4
新疆省參議會,ORG,5,0.0036737692872887582,0.03845521763548312,1447.4413776003796,2.824060999717594e-4
盛世才,PERSON,3,0.002204261572373255,0.0063722970551159126,17.6488973797376,2.0855057351407716e-4
莫洛托夫,PERSON,3,0.002204261572373255,0.00637229705511591,17.6488973797376,2.0855057351407716e-4
毛樹清,PERSON,3,0.002204261572373255,0.006372297055115912,17.6488973797376,2.0855057351407716e-4
氏有限公司,ORG,2,0.0014695077149155032,0.037875879202658995,190.95013414606436,2.81928390188892e-4
英商德康有限公司,ORG,2,0.0014695077149155032,0.037875879202658995,190.95013414606436,2.81928390188892e-4
省府,ORG,2,0.0014695077149155032,0.03861153258272877,72.48452076835464,2.81928390188892e-4
西青,PERSON,5,0.0036737692872887582,0.010787534742841613,33.123836918296846,2.1101498206372652e-4
紅隊,ORG,5,0.0036737692872887582,0.03937713055037732,766.0281468965586,2.824060999717594e-4
德國柏林大學,ORG,5,0.0036737692872887582,0.03937713055037734,766.0281468965586,2.824060999717594e-4
大同醫科大學,ORG,5,0.0036737692872887582,0.03937713055037731,766.0281468965586,2.824060999717594e-4
李永安,PERSON,5,0.0036737692872887582,0.010787534742841618,33.123836918296846,2.1101498206372652e-4
李永明,PERSON,5,0.0036737692872887582,0.010787534742841613,33.123836918296846,2.1101498206372652e-4
黃益壽,PERSON,9,0.006612784717119765,0.01771132917961115,182.3977771988719,2.133560913164071e-4
白玉薇,PERSON,4,0.0029390154298310064,0.006537979807980753,0.30000000000000004,2.0554984583761563e-4
袁紹蘭,PERSON,4,0.0029390154298310064,0.006537979807980755,0.30000000000000004,2.0554984583761563e-4
中紡,ORG,20,0.014695077149155033,0.04358724263012307,5764.637599422132,2.848191398461977e-4
雪竇,ORG,20,0.014695077149155033,0.04358724263012307,5764.637599422132,2.848191398461977e-4
大楚報,ORG,20,0.014695077149155033,0.04358724263012304,5764.637599422132,2.848191398461977e-4
吉田東祐,PERSON,4,0.0029390154298310064,0.0065379798079807545,0.30000000000000004,2.0554984583761563e-4
白崇禧,PERSON,4,0.0029390154298310064,0.0065379798079807545,0.30000000000000004,2.0554984583761563e-4
貝祖貽,PERSON,4,0.0029390154298310064,0.006537979807980757,0.30000000000000004,2.0554984583761563e-4
黃炎培,PERSON,4,0.0029390154298310064,0.006537979807980753,0.30000000000000004,2.0554984583761563e-4
太虚,PERSON,4,0.0029390154298310064,0.006537979807980755,0.30000000000000004,2.0554984583761563e-4
黃柳霜,PERSON,4,0.0029390154298310064,0.006537979807980755,0.30000000000000004,2.0554984583761563e-4
馬陋芬,PERSON,4,0.0029390154298310064,0.006537979807980751,0.30000000000000004,2.0554984583761563e-4
田心,PERSON,4,0.0029390154298310064,0.0065379798079807545,0.30000000000000004,2.0554984583761563e-4
黎烈文,PERSON,4,0.0029390154298310064,0.006537979807980753,0.30000000000000004,2.0554984583761563e-4
蘇青,PERSON,4,0.0029390154298310064,0.0065379798079807545,0.30000000000000004,2.0554984583761563e-4
張宛青,PERSON,4,0.0029390154298310064,0.006537979807980755,0.30000000000000004,2.0554984583761563e-4
柳黛,PERSON,4,0.0029390154298310064,0.006537979807980755,0.30000000000000004,2.0554984583761563e-4
蘭兒,PERSON,4,0.0029390154298310064,0.0065379798079807545,0.30000000000000004,2.0554984583761563e-4
丁芝,PERSON,8,0.005878030859662013,0.016429332493440075,190.97813568128808,2.089864158829676e-4
王淵,PERSON,4,0.0029390154298310064,0.006537979807980757,0.30000000000000004,2.0554984583761563e-4
馮蘅,PERSON,8,0.005878030859662013,0.01642933249344008,190.97813568128808,2.089864158829676e-4
大光通訊社,ORG,20,0.014695077149155033,0.04358724263012307,5764.637599422132,2.848191398461977e-4
聞庭,PERSON,3,0.002204261572373255,0.004296716265244565,0.75,2.0412329046744235e-4
蔣介石,PERSON,3,0.002204261572373255,0.004296716265244567,0.75,2.0412329046744235e-4
自由,ORG,4,0.0029390154298310064,0.038193656117322415,1111.7119889309909,2.822466836014677e-4
自由中國政府,ORG,4,0.0029390154298310064,0.03819365611732242,1111.7119889309909,2.822466836014677e-4
蒙藏委員會,ORG,6,0.00440852314474651,0.04246259423208523,942.6123639209688,2.8256569652444194e-4
公理報,ORG,6,0.00440852314474651,0.042462594232085246,942.6123639209688,2.8256569652444194e-4
戴金華,PERSON,4,0.0029390154298310064,0.008263136056508009,15.90562609197849,2.0855057351407716e-4
中央振務委員會第,ORG,6,0.00440852314474651,0.04246259423208524,942.6123639209688,2.8256569652444194e-4
李思浩,PERSON,4,0.0029390154298310064,0.008263136056508009,15.90562609197849,2.0855057351407716e-4
宋漢卿,PERSON,3,0.002204261572373255,0.007874144488316465,0.2,2.050440844781628e-4
秦玉琴,PERSON,3,0.002204261572373255,0.00787414448831647,0.2,2.050440844781628e-4
大羙電台,ORG,15,0.011021307861866276,0.06999353651473904,3416.411500691339,2.8401022436807724e-4
國信公司,ORG,15,0.011021307861866276,0.06999353651473905,3416.411500691339,2.8401022436807724e-4
三友實業,ORG,15,0.011021307861866276,0.0699935365147391,3416.411500691339,2.8401022436807724e-4
唐斐禮,PERSON,4,0.0029390154298310064,0.006923794436769544,6.951526707699758,2.0665426741062204e-4
唐斐禮藥廠,ORG,5,0.0036737692872887582,0.04175429883061697,634.106959308638,2.824060999717594e-4
金發藥房,ORG,5,0.0036737692872887582,0.041754298830616966,634.106959308638,2.824060999717594e-4
項蓮蓀,PERSON,2,0.0014695077149155032,0.006074006948801327,2.718624657639779,2.0863759649488838e-4
烏崖琴,PERSON,2,0.0014695077149155032,0.006074006948801322,2.718624657639779,2.0863759649488838e-4
陸明伯,PERSON,2,0.0014695077149155032,0.006074006948801324,2.718624657639779,2.0863759649488838e-4
包逹三,PERSON,2,0.0014695077149155032,0.006074006948801322,2.718624657639779,2.0863759649488838e-4
李正卿,PERSON,1,7.347538574577516e-4,0.0034861720826733014,0,2.0828993959591752e-4
徐貴生,PERSON,7,0.005143277002204262,0.021317241581249126,223.97648200488166,2.1208907741251324e-4
汪少鶴,PERSON,2,0.0014695077149155032,0.006074006948801324,2.718624657639779,2.0863759649488838e-4
虞順恩,PERSON,2,0.0014695077149155032,0.006074006948801324,2.718624657639779,2.0863759649488838e-4
鮑國昌,PERSON,2,0.0014695077149155032,0.006074006948801321,2.718624657639779,2.0863759649488838e-4
兪鈞孚,PERSON,2,0.0014695077149155032,0.006074006948801327,2.718624657639779,2.0863759649488838e-4
韋志遠,PERSON,2,0.0014695077149155032,0.006074006948801324,2.718624657639779,2.0863759649488838e-4
王準臣,PERSON,2,0.0014695077149155032,0.006074006948801322,2.718624657639779,2.0863759649488838e-4
李志一,PERSON,2,0.0014695077149155032,0.006074006948801324,2.718624657639779,2.0863759649488838e-4
伍德鄰,PERSON,2,0.0014695077149155032,0.006074006948801325,2.718624657639779,2.0863759649488838e-4
陸允升,PERSON,2,0.0014695077149155032,0.006074006948801324,2.718624657639779,2.0863759649488838e-4
李耀庭,PERSON,2,0.0014695077149155032,0.0060740069488013256,2.718624657639779,2.0863759649488838e-4
楊猶龍,PERSON,2,0.0014695077149155032,0.006074006948801324,2.718624657639779,2.0863759649488838e-4
銘山,PERSON,1,7.347538574577516e-4,0.0034861720826733014,0,2.0828993959591752e-4
錫山鐵山,PERSON,1,7.347538574577516e-4,0.0034861720826733,0,2.0828993959591752e-4
謝啓,PERSON,1,7.347538574577516e-4,0.003486172082673299,0,2.0828993959591752e-4
聶中丞,PERSON,3,0.002204261572373255,0.004291021069187483,0.6000000000000001,2.0420665713702266e-4
合羣,ORG,5,0.0036737692872887582,0.0381430313270647,1808.6666666666972,2.824060999717594e-4
捕聯隊,ORG,5,0.0036737692872887582,0.0381430313270647,1808.6666666666972,2.824060999717594e-4
阿戴,PERSON,3,0.002204261572373255,0.004291021069187482,0.6000000000000001,2.0420665713702266e-4
徐匯公學,ORG,5,0.0036737692872887582,0.03814303132706471,1808.6666666666972,2.824060999717594e-4
康脫萊拉斯,PERSON,3,0.002204261572373255,0.004291021069187483,0.6000000000000001,2.0420665713702266e-4
雷門諾伐羅,PERSON,3,0.002204261572373255,0.004291021069187484,0.6000000000000001,2.0420665713702266e-4
李正,PERSON,1,7.347538574577516e-4,0.0025878348661280263,0,2.0588840848260242e-4
中國藥物股份有限公司,ORG,27,0.019838354151359296,0.06901005479333305,14531.128551122554,2.8595939376608524e-4
竊蘭亭,PERSON,1,7.347538574577516e-4,0.0025878348661280254,0,2.0588840848260242e-4
江知勉,PERSON,4,0.0029390154298310064,0.007284125733392517,20.23191866374009,2.079434393844874e-4
普安醫院,ORG,5,0.0036737692872887582,0.04200320926271416,697.7097233488362,2.824060999717594e-4
陳澄,PERSON,4,0.0029390154298310064,0.007284125733392517,20.23191866374009,2.079434393844874e-4
上海瘋人院,ORG,5,0.0036737692872887582,0.042003209262714156,697.7097233488362,2.824060999717594e-4
王世文,PERSON,1,7.347538574577516e-4,0.0028589971900316847,0,2.0751193193608634e-4
吴國璋,PERSON,1,7.347538574577516e-4,0.002858997190031684,0,2.0751193193608634e-4
胡漱芳,PERSON,1,7.347538574577516e-4,0.0028589971900316855,0,2.0751193193608634e-4
唐叔明,PERSON,1,7.347538574577516e-4,0.0028589971900316847,0,2.0751193193608634e-4
張伯初,PERSON,1,7.347538574577516e-4,0.002858997190031683,0,2.0751193193608634e-4
陳子馨,PERSON,1,7.347538574577516e-4,0.002858997190031683,0,2.0751193193608634e-4
陸家駿,PERSON,1,7.347538574577516e-4,0.0028589971900316825,0,2.0751193193608634e-4
蔣大豐,PERSON,1,7.347538574577516e-4,0.002858997190031685,0,2.0751193193608634e-4
蔡曉堤,PERSON,1,7.347538574577516e-4,0.002858997190031685,0,2.0751193193608634e-4
關烱之,PERSON,1,7.347538574577516e-4,0.0028589971900316842,0,2.0751193193608634e-4
邱孝培,PERSON,1,7.347538574577516e-4,0.002858997190031684,0,2.0751193193608634e-4
徐子星,PERSON,1,7.347538574577516e-4,0.0028589971900316842,0,2.0751193193608634e-4
馬祥生,PERSON,1,7.347538574577516e-4,0.0028589971900316842,0,2.0751193193608634e-4
張一渠,PERSON,1,7.347538574577516e-4,0.002858997190031684,0,2.0751193193608634e-4
張良瑜,PERSON,1,7.347538574577516e-4,0.002858997190031684,0,2.0751193193608634e-4
彭祖榮,PERSON,1,7.347538574577516e-4,0.0028589971900316842,0,2.0751193193608634e-4
裴正庸,PERSON,1,7.347538574577516e-4,0.002858997190031684,0,2.0751193193608634e-4
蔣伯賢,PERSON,1,7.347538574577516e-4,0.0028589971900316834,0,2.0751193193608634e-4
譚澤闓,PERSON,1,7.347538574577516e-4,0.0028589971900316834,0,2.0751193193608634e-4
田夏霖,PERSON,1,7.347538574577516e-4,0.0028589971900316834,0,2.0751193193608634e-4
桑海定,PERSON,1,7.347538574577516e-4,0.002858997190031685,0,2.0751193193608634e-4
張錦湖,PERSON,1,7.347538574577516e-4,0.002858997190031683,0,2.0751193193608634e-4
陳聯陞,PERSON,1,7.347538574577516e-4,0.002858997190031684,0,2.0751193193608634e-4
潘志文,PERSON,1,7.347538574577516e-4,0.0028589971900316842,0,2.0751193193608634e-4
顧子言,PERSON,1,7.347538574577516e-4,0.0028589971900316834,0,2.0751193193608634e-4
吕岳泉,PERSON,1,7.347538574577516e-4,0.002858997190031685,0,2.0751193193608634e-4
邵覺民,PERSON,1,7.347538574577516e-4,0.0028589971900316842,0,2.0751193193608634e-4
秦潤卿,PERSON,1,7.347538574577516e-4,0.0028589971900316842,0,2.0751193193608634e-4
張竹溪,PERSON,1,7.347538574577516e-4,0.002858997190031684,0,2.0751193193608634e-4
陸問梅,PERSON,1,7.347538574577516e-4,0.002858997190031684,0,2.0751193193608634e-4
樂畊,PERSON,1,7.347538574577516e-4,0.0028589971900316842,0,2.0751193193608634e-4
蔡洪生,PERSON,1,7.347538574577516e-4,0.0028589971900316855,0,2.0751193193608634e-4
韓雲甫,PERSON,1,7.347538574577516e-4,0.0028589971900316842,0,2.0751193193608634e-4
中央信託股份有限公司儲蓄部,ORG,46,0.03379867744305658,0.0762411679819724,46771.14426455431,2.891008962127783e-4
院部,ORG,2,0.0014695077149155032,0.03793800997504276,170.6232744988405,2.81928390188892e-4
市政府,ORG,2,0.0014695077149155032,0.037938009975042764,170.6232744988405,2.81928390188892e-4
國防最高委員會,ORG,2,0.0014695077149155032,0.03793800997504275,170.6232744988405,2.81928390188892e-4
商聯會,ORG,2,0.0014695077149155032,0.03793800997504276,170.6232744988405,2.81928390188892e-4
財政局,ORG,2,0.0014695077149155032,0.03793800997504276,170.6232744988405,2.81928390188892e-4
王惠珍,PERSON,7,0.005143277002204262,0.011696759092277872,35.95354136266324,2.067397146991937e-4
五洲藥廠,ORG,8,0.005878030859662013,0.05116873956497594,664.0534152465677,2.828854314002829e-4
五洲大藥房,ORG,8,0.005878030859662013,0.05116873956497595,664.0534152465677,2.828854314002829e-4
兜安氏西藥公司,ORG,8,0.005878030859662013,0.05116873956497594,664.0534152465677,2.828854314002829e-4
抱璞軒,ORG,8,0.005878030859662013,0.05116873956497593,664.0534152465677,2.828854314002829e-4
梅樂,PERSON,6,0.00440852314474651,0.017713979676108237,14.264209738110031,2.106593638087213e-4
泰弗拉斯,PERSON,6,0.00440852314474651,0.017713979676108244,14.264209738110031,2.106593638087213e-4
羅立嗣,PERSON,6,0.00440852314474651,0.017713979676108233,14.264209738110031,2.106593638087213e-4
怡和洋行,ORG,12,0.00881704628949302,0.06886625697575678,1491.8274923707468,2.835270768358378e-4
蘇石,PERSON,6,0.00440852314474651,0.017713979676108233,14.264209738110031,2.106593638087213e-4
俄僑協會,ORG,12,0.00881704628949302,0.0688662569757568,1491.8274923707468,2.835270768358378e-4
伊凡諾夫,PERSON,6,0.00440852314474651,0.01771397967610823,14.264209738110031,2.106593638087213e-4
惠特勒,PERSON,6,0.00440852314474651,0.017713979676108233,14.264209738110031,2.106593638087213e-4
梅拉滋,PERSON,6,0.00440852314474651,0.01771397967610823,14.264209738110031,2.106593638087213e-4
白俄協會,ORG,12,0.00881704628949302,0.06886625697575682,1491.8274923707468,2.835270768358378e-4
人會,ORG,12,0.00881704628949302,0.06886625697575685,1491.8274923707468,2.835270768358378e-4
上海台災籌振會,ORG,8,0.005878030859662013,0.0458979227201889,1770.2973986578263,2.828854314002829e-4
陳秦鶴,PERSON,4,0.0029390154298310064,0.006884576171043949,0.75,2.0454080589077522e-4
姚式,PERSON,4,0.0029390154298310064,0.006884576171043951,0.75,2.0454080589077522e-4
鴻大福記錢莊,ORG,8,0.005878030859662013,0.04589792272018889,1770.2973986578263,2.828854314002829e-4
吳福鈞,PERSON,4,0.0029390154298310064,0.006884576171043949,0.75,2.0454080589077522e-4
黃涵,PERSON,4,0.0029390154298310064,0.0068845761710439445,0.75,2.0454080589077522e-4
鴻大福記莊,ORG,8,0.005878030859662013,0.045897922720188895,1770.2973986578263,2.828854314002829e-4
台災籌賑會,ORG,8,0.005878030859662013,0.045897922720188875,1770.2973986578263,2.828854314002829e-4
合衆冷氣工程公司,ORG,19,0.013960323291697281,0.06551373909238342,6796.380506731599,2.846569883290635e-4
高峯,ORG,7,0.005143277002204262,0.060234179382041106,442.3875049818958,2.827254735651682e-4
華麗,ORG,7,0.005143277002204262,0.060234179382041085,442.3875049818958,2.827254735651682e-4
上海市民營廣播電台公會慈善救濟委員會,ORG,7,0.005143277002204262,0.0602341793820411,442.3875049818958,2.827254735651682e-4
馬襄卿,PERSON,11,0.008082292432035268,0.03003129602375014,30.89773858478438,2.0916126333403055e-4
陳顯宗,PERSON,11,0.008082292432035268,0.03003129602375012,30.89773858478438,2.0916126333403055e-4
劉重恒,PERSON,11,0.008082292432035268,0.03003129602375013,30.89773858478438,2.0916126333403055e-4
義軍,ORG,11,0.008082292432035268,0.045137501834508126,1252.9326781368,2.8336639274582036e-4
美軍第二大隊,ORG,9,0.006612784717119765,0.04399574714612028,945.8269442571218,2.830455703368242e-4
靑春,ORG,9,0.006612784717119765,0.04399574714612026,945.8269442571218,2.830455703368242e-4
天平藥廠,ORG,9,0.006612784717119765,0.04399574714612027,945.8269442571218,2.830455703368242e-4
林氏醫院,ORG,9,0.006612784717119765,0.043995747146120256,945.8269442571218,2.830455703368242e-4
胡桂庚,PERSON,7,0.005143277002204262,0.014611640208887226,30.749747879887654,2.109259649862898e-4
金采生,PERSON,7,0.005143277002204262,0.014611640208887224,30.749747879887654,2.109259649862898e-4
江一南,PERSON,7,0.005143277002204262,0.01461164020888722,30.749747879887654,2.109259649862898e-4
林朝聘,PERSON,7,0.005143277002204262,0.014611640208887226,30.749747879887654,2.109259649862898e-4
李麗華,PERSON,11,0.008082292432035268,0.02180167467191418,994.4551877903785,2.0751193193608634e-4
孫敏,PERSON,2,0.0014695077149155032,0.0015533151169261502,61.42799408564476,2.0588840848260242e-4
楊柳嚴,PERSON,2,0.0014695077149155032,0.0015533151169261502,61.42799408564476,2.0588840848260242e-4
魯吉,ORG,8,0.005878030859662013,0.001327681371765687,86.94437632639998,1.645548790521639e-4
仰荷,PERSON,3,0.002204261572373255,0.008990729373799742,0.13636363636363635,2.0563438206868187e-4
鴻施,PERSON,3,0.002204261572373255,0.008990729373799742,0.13636363636363635,2.0563438206868187e-4
即洽卿,PERSON,3,0.002204261572373255,0.00899072937379974,0.13636363636363635,2.0563438206868187e-4
嘉定銀,ORG,22,0.016164584864070537,0.07991889730407215,3776.679658823282,2.8514399771884804e-4
談熹,PERSON,3,0.002204261572373255,0.008990729373799744,0.13636363636363635,2.0563438206868187e-4
程錫文,PERSON,5,0.0036737692872887582,0.015243234632447806,8.076866547169276,2.0733982998133942e-4
浙江興業銀行上海總行,ORG,22,0.016164584864070537,0.07991889730407215,3776.679658823282,2.8514399771884804e-4
信託部,ORG,22,0.016164584864070537,0.07991889730407216,3776.679658823282,2.8514399771884804e-4
余道臺,PERSON,7,0.005143277002204262,0.014725662372863539,73.70528770041285,2.108370229812355e-4
華商,ORG,2,0.0014695077149155032,0.03805159199637433,151.22048879445452,2.81928390188892e-4
工部局董,ORG,2,0.0014695077149155032,0.03805159199637435,151.22048879445452,2.81928390188892e-4
華人納稅會,ORG,2,0.0014695077149155032,0.038051591996374354,151.22048879445452,2.81928390188892e-4
華人顧問委員會,ORG,2,0.0014695077149155032,0.03805159199637435,151.22048879445452,2.81928390188892e-4
台維斯,PERSON,8,0.005878030859662013,0.015223644027194243,76.28019995418224,2.1119324181626187e-4
納粹,ORG,3,0.002204261572373255,0.038641143348169454,278.16454179344163,2.8208744710860365e-4
三北輸船公司,ORG,3,0.002204261572373255,0.03864114334816947,278.16454179344163,2.8208744710860365e-4
中樞,ORG,3,0.002204261572373255,0.03864114334816946,278.16454179344163,2.8208744710860365e-4
處洽鄉,PERSON,8,0.005878030859662013,0.015223644027194243,76.28019995418224,2.1119324181626187e-4
趙慶,PERSON,2,0.0014695077149155032,0.0028569958217561668,2,2.0437359493153485e-4
三北平糶會,ORG,8,0.005878030859662013,0.03858127303472022,3393.250000000007,2.828854314002829e-4
波平糶會,ORG,2,0.0014695077149155032,0.03760652425650101,675.7500000000014,2.81928390188892e-4
會德豐,ORG,1,7.347538574577516e-4,0.0374993886597816,0,2.817695125387433e-4
國際,ORG,1,7.347538574577516e-4,0.03749938865978157,0,2.817695125387433e-4
萬國牙科醫院長,ORG,2,0.0014695077149155032,0.037552194711821626,1360.000000000003,2.81928390188892e-4
陳思明,PERSON,1,7.347538574577516e-4,0.001408184344526397,0,2.037905033625433e-4
保衛團,ORG,5,0.0036737692872887582,0.03947514990599601,741.5385833979592,2.824060999717594e-4
保甲總事務所,ORG,5,0.0036737692872887582,0.039475149905996015,741.5385833979592,2.824060999717594e-4
國史館,ORG,5,0.0036737692872887582,0.03947514990599601,741.5385833979592,2.824060999717594e-4
上海市參議會社會委員會,ORG,5,0.0036737692872887582,0.039475149905996,741.5385833979592,2.824060999717594e-4
莊平,PERSON,6,0.00440852314474651,0.009057969261163168,3.32563025210084,2.046245140167792e-4
楊撫生,PERSON,6,0.00440852314474651,0.00905796926116317,3.32563025210084,2.046245140167792e-4
社會局,ORG,5,0.0036737692872887582,0.039475149905996,741.5385833979592,2.824060999717594e-4
邵永生,PERSON,6,0.00440852314474651,0.009057969261163168,3.32563025210084,2.046245140167792e-4
張輔華,PERSON,2,0.0014695077149155032,0.0051071570291482595,0.09090909090909091,2.046245140167792e-4
張菊英,PERSON,2,0.0014695077149155032,0.005107157029148261,0.09090909090909091,2.046245140167792e-4
同鄕會,ORG,11,0.008082292432035268,0.0680965371926945,2762.893644326619,2.8336639274582036e-4
關絧之,PERSON,2,0.0014695077149155032,0.0051071570291482595,0.09090909090909091,2.046245140167792e-4
中英大藥房,ORG,11,0.008082292432035268,0.06809653719269454,2762.893644326619,2.8336639274582036e-4
雲棠和記,ORG,4,0.0029390154298310064,0.05685571365738647,98.72526237156458,2.822466836014677e-4
國泰,ORG,4,0.0029390154298310064,0.05685571365738647,98.72526237156458,2.822466836014677e-4
高峰,ORG,4,0.0029390154298310064,0.05685571365738645,98.72526237156458,2.822466836014677e-4
爵禄,ORG,4,0.0029390154298310064,0.05685571365738645,98.72526237156458,2.822466836014677e-4
中美,ORG,4,0.0029390154298310064,0.056855713657386474,98.72526237156458,2.822466836014677e-4
同啓之江大學,ORG,4,0.0029390154298310064,0.056855713657386474,98.72526237156458,2.822466836014677e-4
江英專,ORG,4,0.0029390154298310064,0.05685571365738647,98.72526237156458,2.822466836014677e-4
夏光勝,PERSON,2,0.0014695077149155032,0.006252505258648056,0.02857142857142857,2.0665426741062204e-4
民國,ORG,35,0.025716385011021307,0.08336809588250574,12557.063813351237,2.872737719046251e-4
滬光勝肇光,PERSON,2,0.0014695077149155032,0.006252505258648057,0.02857142857142857,2.0665426741062204e-4
夏勝聯靑,PERSON,2,0.0014695077149155032,0.006252505258648057,0.02857142857142857,2.0665426741062204e-4
友誼,ORG,35,0.025716385011021307,0.0833680958825058,12557.063813351237,2.872737719046251e-4
夏勝聯青,PERSON,2,0.0014695077149155032,0.006252505258648056,0.02857142857142857,2.0665426741062204e-4
王佩岩,PERSON,2,0.0014695077149155032,0.006252505258648058,0.02857142857142857,2.0665426741062204e-4
王佩華,PERSON,2,0.0014695077149155032,0.006252505258648055,0.02857142857142857,2.0665426741062204e-4
朱鈞良,PERSON,2,0.0014695077149155032,0.006252505258648058,0.02857142857142857,2.0665426741062204e-4
朱鈞美,PERSON,2,0.0014695077149155032,0.006252505258648058,0.02857142857142857,2.0665426741062204e-4
沈慧英,PERSON,2,0.0014695077149155032,0.006252505258648057,0.02857142857142857,2.0665426741062204e-4
沈素文,PERSON,2,0.0014695077149155032,0.006252505258648056,0.02857142857142857,2.0665426741062204e-4
林雪芳,PERSON,2,0.0014695077149155032,0.006252505258648058,0.02857142857142857,2.0665426741062204e-4
周碧雲,PERSON,2,0.0014695077149155032,0.0062525052586480554,0.02857142857142857,2.0665426741062204e-4
周美雲,PERSON,2,0.0014695077149155032,0.006252505258648058,0.02857142857142857,2.0665426741062204e-4
周雪琴,PERSON,2,0.0014695077149155032,0.0062525052586480554,0.02857142857142857,2.0665426741062204e-4
周金玉,PERSON,2,0.0014695077149155032,0.006252505258648058,0.02857142857142857,2.0665426741062204e-4
沈伯鴻,PERSON,5,0.0036737692872887582,0.00915525727741032,0.29411764705882354,2.0682523267838676e-4
周一如,PERSON,5,0.0036737692872887582,0.009155257277410322,0.29411764705882354,2.0682523267838676e-4
唐惠芳,PERSON,5,0.0036737692872887582,0.009155257277410319,0.29411764705882354,2.0682523267838676e-4
陶天伶,PERSON,5,0.0036737692872887582,0.009155257277410324,0.29411764705882354,2.0682523267838676e-4
吳永長,PERSON,5,0.0036737692872887582,0.009155257277410326,0.29411764705882354,2.0682523267838676e-4
謝惠璋,PERSON,5,0.0036737692872887582,0.009155257277410322,0.29411764705882354,2.0682523267838676e-4
魏曉天,PERSON,5,0.0036737692872887582,0.009155257277410319,0.29411764705882354,2.0682523267838676e-4
孫梅卿,PERSON,5,0.0036737692872887582,0.009155257277410329,0.29411764705882354,2.0682523267838676e-4
紹興票房,ORG,34,0.024981631153563555,0.04882883484033645,8843.999999999949,2.871088142405972e-4
易方朔,PERSON,5,0.0036737692872887582,0.009155257277410322,0.29411764705882354,2.0682523267838676e-4
劉志方,PERSON,5,0.0036737692872887582,0.009155257277410324,0.29411764705882354,2.0682523267838676e-4
傅金堂,PERSON,5,0.0036737692872887582,0.009155257277410324,0.29411764705882354,2.0682523267838676e-4
徐祝三,PERSON,5,0.0036737692872887582,0.009155257277410327,0.29411764705882354,2.0682523267838676e-4
趙步雲,PERSON,5,0.0036737692872887582,0.009155257277410324,0.29411764705882354,2.0682523267838676e-4
朱卓賢,PERSON,5,0.0036737692872887582,0.009155257277410324,0.29411764705882354,2.0682523267838676e-4
李杏勝,PERSON,5,0.0036737692872887582,0.009155257277410326,0.29411764705882354,2.0682523267838676e-4
李茂樑,PERSON,5,0.0036737692872887582,0.009155257277410324,0.29411764705882354,2.0682523267838676e-4
羅立燦,PERSON,5,0.0036737692872887582,0.009155257277410327,0.29411764705882354,2.0682523267838676e-4
周水霖,PERSON,5,0.0036737692872887582,0.009155257277410324,0.29411764705882354,2.0682523267838676e-4
周書玉,PERSON,5,0.0036737692872887582,0.00915525727741032,0.29411764705882354,2.0682523267838676e-4
黄燕堂,PERSON,5,0.0036737692872887582,0.009155257277410324,0.29411764705882354,2.0682523267838676e-4
單麗蓮,PERSON,5,0.0036737692872887582,0.009155257277410324,0.29411764705882354,2.0682523267838676e-4
張愛仙,PERSON,5,0.0036737692872887582,0.009155257277410322,0.29411764705882354,2.0682523267838676e-4
蔣涉文,PERSON,5,0.0036737692872887582,0.009155257277410322,0.29411764705882354,2.0682523267838676e-4
楊笑雲,PERSON,5,0.0036737692872887582,0.009155257277410322,0.29411764705882354,2.0682523267838676e-4
湯筆花,PERSON,5,0.0036737692872887582,0.009155257277410319,0.29411764705882354,2.0682523267838676e-4
顧沉香,PERSON,5,0.0036737692872887582,0.009155257277410322,0.29411764705882354,2.0682523267838676e-4
新新玻璃電台,ORG,34,0.024981631153563555,0.04882883484033646,8843.999999999949,2.871088142405972e-4
週波,PERSON,5,0.0036737692872887582,0.00915525727741032,0.29411764705882354,2.0682523267838676e-4
樂畊葆,PERSON,5,0.0036737692872887582,0.009155257277410329,0.29411764705882354,2.0682523267838676e-4
鵬飛,ORG,34,0.024981631153563555,0.04882883484033647,8843.999999999949,2.871088142405972e-4
琴艷劇團,ORG,34,0.024981631153563555,0.04882883484033646,8843.999999999949,2.871088142405972e-4
南方歌劇,ORG,34,0.024981631153563555,0.04882883484033645,8843.999999999949,2.871088142405972e-4
莊海泉,PERSON,5,0.0036737692872887582,0.009155257277410326,0.29411764705882354,2.0682523267838676e-4
朱國樑,PERSON,5,0.0036737692872887582,0.009155257277410326,0.29411764705882354,2.0682523267838676e-4
筱桂,PERSON,5,0.0036737692872887582,0.009155257277410322,0.29411764705882354,2.0682523267838676e-4
玉田,PERSON,5,0.0036737692872887582,0.009155257277410322,0.29411764705882354,2.0682523267838676e-4
李湘,PERSON,5,0.0036737692872887582,0.009155257277410324,0.29411764705882354,2.0682523267838676e-4
中央黨,ORG,6,0.00440852314474651,0.0385845435654226,1693.7500000000034,2.8256569652444194e-4
吳鐵城,PERSON,4,0.0029390154298310064,0.005787587181680242,1,2.0437359493153485e-4
渝市參議會,ORG,6,0.00440852314474651,0.0385845435654226,1693.7500000000034,2.8256569652444194e-4
康心如,PERSON,4,0.0029390154298310064,0.0057875871816802415,1,2.0437359493153485e-4
劉峙,PERSON,4,0.0029390154298310064,0.005787587181680242,1,2.0437359493153485e-4
吳國楨,PERSON,4,0.0029390154298310064,0.005787587181680243,1,2.0437359493153485e-4
胡伯南,PERSON,4,0.0029390154298310064,0.005787587181680242,1,2.0437359493153485e-4
中央日報,ORG,6,0.00440852314474651,0.038584543565422576,1693.7500000000034,2.8256569652444194e-4
匯豐,ORG,6,0.00440852314474651,0.03858454356542257,1693.7500000000034,2.8256569652444194e-4
極星藥廠,ORG,18,0.01322556943423953,0.05813703615239573,4941.021351930261,2.844950213371266e-4
海光,ORG,18,0.01322556943423953,0.05813703615239571,4941.021351930261,2.844950213371266e-4
陳公博,PERSON,4,0.0029390154298310064,0.008720413256825859,0.3333333333333333,2.0538098172109262e-4
雪寳寺,ORG,18,0.01322556943423953,0.05813703615239571,4941.021351930261,2.844950213371266e-4
郭雲觀,PERSON,4,0.0029390154298310064,0.008720413256825857,0.3333333333333333,2.0538098172109262e-4
王文源,PERSON,4,0.0029390154298310064,0.008720413256825859,0.3333333333333333,2.0538098172109262e-4
飛平,PERSON,4,0.0029390154298310064,0.008720413256825859,0.3333333333333333,2.0538098172109262e-4
張學良,PERSON,4,0.0029390154298310064,0.008720413256825857,0.3333333333333333,2.0538098172109262e-4
吳一舸,PERSON,6,0.00440852314474651,0.012872954339435567,63.23374747552213,2.0665426741062204e-4
盧一,PERSON,4,0.0029390154298310064,0.008720413256825859,0.3333333333333333,2.0538098172109262e-4
俞振飛,PERSON,4,0.0029390154298310064,0.008720413256825859,0.3333333333333333,2.0538098172109262e-4
何家,PERSON,4,0.0029390154298310064,0.008720413256825859,0.3333333333333333,2.0538098172109262e-4
秋翁,PERSON,6,0.00440852314474651,0.012872954339435567,63.23374747552213,2.0665426741062204e-4
慶端陽,PERSON,4,0.0029390154298310064,0.00872041325682586,0.3333333333333333,2.0538098172109262e-4
秋水軒,PERSON,4,0.0029390154298310064,0.008720413256825859,0.3333333333333333,2.0538098172109262e-4
重慶人連陞店,ORG,18,0.01322556943423953,0.05813703615239568,4941.021351930261,2.844950213371266e-4
李阿毛,PERSON,4,0.0029390154298310064,0.008720413256825855,0.3333333333333333,2.0538098172109262e-4
唐若靑,PERSON,4,0.0029390154298310064,0.008720413256825857,0.3333333333333333,2.0538098172109262e-4
李麗,PERSON,4,0.0029390154298310064,0.00872041325682586,0.3333333333333333,2.0538098172109262e-4
之浩,PERSON,6,0.00440852314474651,4.2248226254600104e-5,3.75,1.328550551348479e-4
趙芳英,PERSON,6,0.00440852314474651,4.224822625460305e-5,3.75,1.328550551348479e-4
諸祈,PERSON,6,0.00440852314474651,4.224822625460207e-5,3.75,1.328550551348479e-4
上海百合製藥廠出品,ORG,4,0.0029390154298310064,1.8777295561581126e-4,676.9999999999998,1.6189088554314392e-4
民華煙廠,ORG,4,0.0029390154298310064,1.877729556158106e-4,676.9999999999998,1.6189088554314392e-4
新煙行,ORG,4,0.0029390154298310064,1.8777295561581118e-4,676.9999999999998,1.6189088554314392e-4
富麗茲,ORG,4,0.0029390154298310064,1.8777295561581185e-4,676.9999999999998,1.6189088554314392e-4
新行本,ORG,4,0.0029390154298310064,1.8777295561581196e-4,676.9999999999998,1.6189088554314392e-4
協新煙行,ORG,4,0.0029390154298310064,1.877729556158119e-4,676.9999999999998,1.6189088554314392e-4
陳布雷,PERSON,1,7.347538574577516e-4,0.0019213534090672395,0,2.0521239482864764e-4
陳訓慈,PERSON,1,7.347538574577516e-4,0.0019213534090672401,0,2.0521239482864764e-4
陳訓悆,PERSON,1,7.347538574577516e-4,0.001921353409067239,0,2.0521239482864764e-4
愛國女中,ORG,3,0.002204261572373255,0.0571311718510393,23.87972716626675,2.8208744710860365e-4
坤範女中,ORG,3,0.002204261572373255,0.0571311718510393,23.87972716626675,2.8208744710860365e-4
道中女中,ORG,3,0.002204261572373255,0.05713117185103929,23.87972716626675,2.8208744710860365e-4
滬東中學,ORG,3,0.002204261572373255,0.057131171851039275,23.87972716626675,2.8208744710860365e-4
中華中學,ORG,3,0.002204261572373255,0.05713117185103927,23.87972716626675,2.8208744710860365e-4
河漢,PERSON,3,0.002204261572373255,0.004332287418793025,0.6785714285714286,2.0445716622367614e-4
查洽卿,PERSON,3,0.002204261572373255,0.004332287418793025,0.6785714285714286,2.0445716622367614e-4
寧波平糶會,ORG,7,0.005143277002204262,0.03847413743800082,2708.500000000005,2.827254735651682e-4
王桴敬,PERSON,3,0.002204261572373255,0.004332287418793028,0.6785714285714286,2.0445716622367614e-4
利令智,PERSON,3,0.002204261572373255,0.004332287418793027,0.6785714285714286,2.0445716622367614e-4
馬蔭蓀,PERSON,3,0.002204261572373255,0.004332287418793025,0.6785714285714286,2.0445716622367614e-4
史久茂,PERSON,3,0.002204261572373255,0.0043322874187930235,0.6785714285714286,2.0445716622367614e-4
可大棉,ORG,7,0.005143277002204262,0.03847413743800081,2708.500000000005,2.827254735651682e-4
老九綸,ORG,3,0.002204261572373255,0.03818891381553743,446.19758526491046,2.8208744710860365e-4
鴻章紡織染廠,ORG,4,0.0029390154298310064,0.03847321003679907,677.0000000000013,2.822466836014677e-4
傅謝瑕,PERSON,6,0.00440852314474651,0.008656331136956045,3.75,2.0437359493153485e-4
聚興誠銀行,ORG,4,0.0029390154298310064,0.038473210036799065,677.0000000000013,2.822466836014677e-4
何基棠,PERSON,6,0.00440852314474651,0.008656331136956049,3.75,2.0437359493153485e-4
煤行,ORG,4,0.0029390154298310064,0.038473210036799065,677.0000000000013,2.822466836014677e-4
耶穌教,ORG,4,0.0029390154298310064,0.038473210036799065,677.0000000000013,2.822466836014677e-4
同鄉會,ORG,4,0.0029390154298310064,0.03847321003679905,677.0000000000013,2.822466836014677e-4
被提眞理,PERSON,6,0.00440852314474651,0.00865633113695605,3.75,2.0437359493153485e-4
永安人壽保險公司,ORG,4,0.0029390154298310064,0.038473210036799065,677.0000000000013,2.822466836014677e-4
曹裕司庫,ORG,9,0.006612784717119765,0.05982968138625726,5782.643056750831,2.830455703368242e-4
龔懋德,PERSON,1,7.347538574577516e-4,0.002243576475694168,0,2.0437359493153485e-4
光生,PERSON,1,7.347538574577516e-4,0.002243576475694169,0,2.0437359493153485e-4
陳其煒,PERSON,1,7.347538574577516e-4,0.002243576475694168,0,2.0437359493153485e-4
謝啓日,PERSON,1,7.347538574577516e-4,0.0022435764756941687,0,2.0437359493153485e-4
中國通商銀行,ORG,6,0.00440852314474651,0.04005318995656064,745.0457516339864,2.8256569652444194e-4
招商局,ORG,12,0.00881704628949302,0.042793618484475084,1813.5662532017104,2.835270768358378e-4
張騫,PERSON,9,0.006612784717119765,0.013620495629668803,9.692307692307697,2.0529665366454526e-4
大達輪船公司,ORG,6,0.00440852314474651,0.04005318995656063,745.0457516339864,2.8256569652444194e-4
寗紹輪船公司,ORG,6,0.00440852314474651,0.040053189956560625,745.0457516339864,2.8256569652444194e-4
三北輪船公司,ORG,6,0.00440852314474651,0.04005318995656063,745.0457516339864,2.8256569652444194e-4
鴻安輪船公司,ORG,6,0.00440852314474651,0.04005318995656064,745.0457516339864,2.8256569652444194e-4
張本政,PERSON,9,0.006612784717119765,0.013620495629668807,9.692307692307697,2.0529665366454526e-4
張本才,PERSON,9,0.006612784717119765,0.0136204956296688,9.692307692307697,2.0529665366454526e-4
政記輪船公司,ORG,6,0.00440852314474651,0.040053189956560646,745.0457516339864,2.8256569652444194e-4
李序園,PERSON,9,0.006612784717119765,0.013620495629668798,9.692307692307697,2.0529665366454526e-4
直東輪船公司,ORG,6,0.00440852314474651,0.04005318995656064,745.0457516339864,2.8256569652444194e-4
東北航務局,ORG,6,0.00440852314474651,0.04005318995656063,745.0457516339864,2.8256569652444194e-4
鄭効三,PERSON,9,0.006612784717119765,0.013620495629668803,9.692307692307697,2.0529665366454526e-4
微勞,ORG,24,0.01763409257898604,0.062202503827471646,6332.273150805349,2.8546959748786756e-4
派克鋼筆公司,ORG,24,0.01763409257898604,0.062202503827471646,6332.273150805349,2.8546959748786756e-4
蔣主,PERSON,4,0.0029390154298310064,0.009891352685459313,1.6210324305675348,2.0716801325875285e-4
徐樹强,PERSON,4,0.0029390154298310064,0.009891352685459312,1.6210324305675348,2.0716801325875285e-4
王揖害,PERSON,4,0.0029390154298310064,0.009891352685459312,1.6210324305675348,2.0716801325875285e-4
周信芳,PERSON,4,0.0029390154298310064,0.009891352685459315,1.6210324305675348,2.0716801325875285e-4
劉攻芸,PERSON,4,0.0029390154298310064,0.00989135268545931,1.6210324305675348,2.0716801325875285e-4
吳仭之,PERSON,4,0.0029390154298310064,0.009891352685459312,1.6210324305675348,2.0716801325875285e-4
桃花,PERSON,4,0.0029390154298310064,0.009891352685459313,1.6210324305675348,2.0716801325875285e-4
梅再春,PERSON,4,0.0029390154298310064,0.00989135268545931,1.6210324305675348,2.0716801325875285e-4
馬思聰,PERSON,4,0.0029390154298310064,0.009891352685459313,1.6210324305675348,2.0716801325875285e-4
潘三省,PERSON,4,0.0029390154298310064,0.009891352685459308,1.6210324305675348,2.0716801325875285e-4
金都大戲院,ORG,24,0.01763409257898604,0.06220250382747162,6332.273150805349,2.8546959748786756e-4
賈士毅,PERSON,4,0.0029390154298310064,0.009891352685459315,1.6210324305675348,2.0716801325875285e-4
張東蓀,PERSON,4,0.0029390154298310064,0.009891352685459313,1.6210324305675348,2.0716801325875285e-4
叔範,PERSON,4,0.0029390154298310064,0.009891352685459313,1.6210324305675348,2.0716801325875285e-4
長虹,PERSON,4,0.0029390154298310064,0.009891352685459312,1.6210324305675348,2.0716801325875285e-4
賀坡光,PERSON,4,0.0029390154298310064,0.009891352685459312,1.6210324305675348,2.0716801325875285e-4
夏荷,PERSON,4,0.0029390154298310064,0.00989135268545931,1.6210324305675348,2.0716801325875285e-4
李萬春,PERSON,4,0.0029390154298310064,0.009891352685459313,1.6210324305675348,2.0716801325875285e-4
李國杰,PERSON,8,0.005878030859662013,0.012179880907647902,7.067736185383243,2.0529665366454526e-4
施省之,PERSON,8,0.005878030859662013,0.012179880907647904,7.067736185383243,2.0529665366454526e-4
股東協濟會,ORG,7,0.005143277002204262,0.04023981718769606,1005.470727812042,2.827254735651682e-4
股東維持會,ORG,7,0.005143277002204262,0.04023981718769605,1005.470727812042,2.827254735651682e-4
董康,PERSON,8,0.005878030859662013,0.012179880907647902,7.067736185383243,2.0529665366454526e-4
蔣尊,PERSON,8,0.005878030859662013,0.012179880907647904,7.067736185383243,2.0529665366454526e-4
汪有齡,PERSON,8,0.005878030859662013,0.012179880907647902,7.067736185383243,2.0529665366454526e-4
匯豐花旗,ORG,7,0.005143277002204262,0.040239817187696085,1005.470727812042,2.827254735651682e-4
新華,ORG,7,0.005143277002204262,0.04023981718769606,1005.470727812042,2.827254735651682e-4
新濟,ORG,7,0.005143277002204262,0.040239817187696064,1005.470727812042,2.827254735651682e-4
新康,ORG,7,0.005143277002204262,0.04023981718769607,1005.470727812042,2.827254735651682e-4
趙鐵橋,PERSON,8,0.005878030859662013,0.012179880907647905,7.067736185383243,2.0529665366454526e-4
上海難民救濟協會,ORG,7,0.005143277002204262,0.06053503133036201,1829.0765807417426,2.827254735651682e-4
潘序倫,PERSON,1,7.347538574577516e-4,0.002270026667389307,0,2.0420665713702266e-4
交大難民醫院,ORG,25,0.018368846436443792,0.08833517872092449,3131.2553856371114,2.8563267637817766e-4
上海國際救濟會第一第二維民醫院,ORG,25,0.018368846436443792,0.08833517872092447,3131.2553856371114,2.8563267637817766e-4
上海難民救濟協會第一第二維民醫院,ORG,25,0.018368846436443792,0.08833517872092449,3131.2553856371114,2.8563267637817766e-4
上海濟民醫院,ORG,25,0.018368846436443792,0.08833517872092446,3131.2553856371114,2.8563267637817766e-4
上海平民肺病醫院,ORG,25,0.018368846436443792,0.08833517872092446,3131.2553856371114,2.8563267637817766e-4
黎照寰,PERSON,7,0.005143277002204262,0.02318760639431055,0.8400000000000001,2.0622808826562179e-4
屆映光,PERSON,7,0.005143277002204262,0.023187606394310552,0.8400000000000001,2.0622808826562179e-4
王涵之,PERSON,7,0.005143277002204262,0.023187606394310552,0.8400000000000001,2.0622808826562179e-4
李規庸,PERSON,7,0.005143277002204262,0.023187606394310552,0.8400000000000001,2.0622808826562179e-4
魏柏楨,PERSON,7,0.005143277002204262,0.023187606394310552,0.8400000000000001,2.0622808826562179e-4
刁信德,PERSON,7,0.005143277002204262,0.023187606394310556,0.8400000000000001,2.0622808826562179e-4
英約西,PERSON,7,0.005143277002204262,0.023187606394310552,0.8400000000000001,2.0622808826562179e-4
吳福德,PERSON,7,0.005143277002204262,0.023187606394310552,0.8400000000000001,2.0622808826562179e-4
朱爾典,PERSON,7,0.005143277002204262,0.023187606394310552,0.8400000000000001,2.0622808826562179e-4
施默德,PERSON,7,0.005143277002204262,0.023187606394310552,0.8400000000000001,2.0622808826562179e-4
逹吕克,PERSON,7,0.005143277002204262,0.023187606394310552,0.8400000000000001,2.0622808826562179e-4
德濟醫院,ORG,25,0.018368846436443792,0.08833517872092446,3131.2553856371114,2.8563267637817766e-4
殷秀岑,PERSON,2,0.0014695077149155032,0.004152541082609722,0.058823529411764705,2.0512820512820512e-4
三鼎甲,PERSON,2,0.0014695077149155032,0.00415254108260972,0.058823529411764705,2.0512820512820512e-4
童芷苓,PERSON,2,0.0014695077149155032,0.00415254108260972,0.058823529411764705,2.0512820512820512e-4
馬連良,PERSON,2,0.0014695077149155032,0.004152541082609722,0.058823529411764705,2.0512820512820512e-4
海光社會局,ORG,17,0.012490815576781777,0.05536811706831029,8686.337522590946,2.843332385555871e-4
何家支,PERSON,2,0.0014695077149155032,0.0041525410826097195,0.058823529411764705,2.0512820512820512e-4
兪振飛,PERSON,2,0.0014695077149155032,0.004152541082609722,0.058823529411764705,2.0512820512820512e-4
盧一方,PERSON,2,0.0014695077149155032,0.004152541082609721,0.058823529411764705,2.0512820512820512e-4
吳稚老,PERSON,2,0.0014695077149155032,0.004152541082609723,0.058823529411764705,2.0512820512820512e-4
馮玉祥,PERSON,11,0.008082292432035268,0.024400900637597745,94.17188930642071,2.067397146991937e-4
李及蘭,PERSON,2,0.0014695077149155032,0.00415254108260972,0.058823529411764705,2.0512820512820512e-4
郭沬若,PERSON,2,0.0014695077149155032,0.00415254108260972,0.058823529411764705,2.0512820512820512e-4
譚澤,PERSON,2,0.0014695077149155032,0.00415254108260972,0.058823529411764705,2.0512820512820512e-4
蔡荑白,PERSON,2,0.0014695077149155032,0.004152541082609721,0.058823529411764705,2.0512820512820512e-4
二四八中央航空公司,ORG,17,0.012490815576781777,0.0553681170683103,8686.337522590946,2.843332385555871e-4
中國飛禽研究社,ORG,12,0.00881704628949302,0.059996117503242075,1468.9115583130433,0.00028368794326241134
甯波同鄉會,ORG,12,0.00881704628949302,0.059996117503242054,1468.9115583130433,0.00028368794326241134
中宣部,ORG,12,0.00881704628949302,0.05999611750324204,1468.9115583130433,0.00028368794326241134
内政部,ORG,12,0.00881704628949302,0.05999611750324202,1468.9115583130433,0.00028368794326241134
大同出版公司,ORG,12,0.00881704628949302,0.059996117503242005,1468.9115583130433,0.00028368794326241134
王韻梅,PERSON,9,0.006612784717119765,0.020248359554988046,3,2.0538098172109262e-4
婚姻介紹所正興館,ORG,12,0.00881704628949302,0.05999611750324204,1468.9115583130433,0.00028368794326241134
褚民誼,PERSON,9,0.006612784717119765,0.02024835955498803,3,2.0538098172109262e-4
顧蘭,PERSON,9,0.006612784717119765,0.02024835955498803,3,2.0538098172109262e-4
路明,PERSON,9,0.006612784717119765,0.020248359554988035,3,2.0538098172109262e-4
黄宗江,PERSON,9,0.006612784717119765,0.020248359554988046,3,2.0538098172109262e-4
海軍,ORG,12,0.00881704628949302,0.059996117503242026,1468.9115583130433,0.00028368794326241134
霞芳,PERSON,9,0.006612784717119765,0.02024835955498803,3,2.0538098172109262e-4
可口可樂,ORG,12,0.00881704628949302,0.05999611750324204,1468.9115583130433,0.00028368794326241134
百老匯,ORG,12,0.00881704628949302,0.05999611750324202,1468.9115583130433,0.00028368794326241134
李却狄克斯,PERSON,9,0.006612784717119765,0.020248359554988035,3,2.0538098172109262e-4
朱洽召,PERSON,4,0.0029390154298310064,0.0016095700883039198,1357.0000000000005,2.046245140167792e-4
陳洽頂,PERSON,4,0.0029390154298310064,0.0016095700883039183,1357.0000000000005,2.046245140167792e-4
徐豐潤,PERSON,4,0.0029390154298310064,0.00160957008830392,1357.0000000000005,2.046245140167792e-4
教中大學,ORG,3,0.002204261572373255,1.810736829494037e-4,0.75,1.6017940092904052e-4
南洋無線電工專,ORG,3,0.002204261572373255,1.8107368294940348e-4,0.75,1.6017940092904052e-4
江蘇上海第一特區地方法院,ORG,3,0.002204261572373255,1.810736829494047e-4,0.75,1.6017940092904052e-4
張君之,PERSON,1,7.347538574577516e-4,0.001576710511596469,0,2.0437359493153485e-4
張君所,PERSON,1,7.347538574577516e-4,0.0015767105115964694,0,2.0437359493153485e-4
丁福保,PERSON,1,7.347538574577516e-4,0.0016687188560456172,0,2.0412329046744235e-4
上峰,ORG,25,0.018368846436443792,0.08833517872092442,3131.2553856371114,2.8563267637817766e-4
伊盟,PERSON,4,0.0029390154298310064,0.008263136056508006,15.90562609197849,2.0855057351407716e-4
天喜堂,ORG,30,0.02204261572373255,0.08664319663801687,6091.502734640054,2.864508736751647e-4
怡和,ORG,16,0.011756061719324026,0.052463078441462335,2299.3577103159732,2.841716396703609e-4
新新,ORG,2,0.0014695077149155032,0.037898261736375075,179.61983627022445,2.81928390188892e-4
方椒,PERSON,1,7.347538574577516e-4,0.002858997190031685,0,2.0751193193608634e-4
林康侯,PERSON,31,0.022777369581190303,0.08557036048167338,1429.8650662099137,2.1925016443762334e-4
格蘭,PERSON,2,0.0014695077149155032,0.0028203402480363174,0.5,2.0387359836901122e-4
梅蘭芳,PERSON,4,0.0029390154298310064,0.009891352685459313,1.6210324305675348,2.0716801325875285e-4
永安,ORG,3,0.002204261572373255,0.040347020161950325,224.73433649905257,2.8208744710860365e-4
浦緝庭,ORG,17,0.012490815576781777,0.07478619987586865,2574.227235912412,2.843332385555871e-4
聞蘭亭,PERSON,69,0.050698016164584865,0.17315723171910044,15497.200901464827,2.3952095808383233e-4
虞洽卿,PERSON,550,0.4041146216017634,1,790358.1143951907,4.5682960255824577e-4
虞順懋,PERSON,2,0.0014695077149155032,0.0060740069488013256,2.718624657639779,2.0863759649488838e-4
